8404994.575600909,1.245113121657903e-07,337078897029.864
8505429.420193929,1.238595514956007e-07,342302372847.4971
8225276.303242858,1.25484630760574e-07,328163396200.9218
7390868.612019275,1.274546860458932e-07,291826645826.9855
7697907.35195436,1.262109281659736e-07,305943600082.701
7467343.14875631,1.27359397335264e-07,294993272780.6575
8024365.712657736,1.245907876888432e-07,321677061253.8758
8187021.365792631,1.22640591815339e-07,331667638611.5207
8300542.952256413,1.240870608993116e-07,333648238126.4702
6629718.919293873,1.311161755639844e-07,256876436117.7667
6766877.439158848,1.297941080639574e-07,263968228850.407
6964718.991496289,1.297714339232428e-07,271717449557.022
7021398.941709371,1.24857394940094e-07,281069768848.5376
7318865.923930383,1.228821256834101e-07,296108800030.2832
7307800.289520071,1.249947566246569e-07,292320186275.0586
6221090.92844993,1.312476353652751e-07,240882670549.4153
6160357.272986026,1.312962776329656e-07,238472126425.1161
6412513.648145417,1.321970484316017e-07,247104391276.5358
5915076.114967138,1.283117472395908e-07,232514152085.5172
6114099.841414286,1.302092482164341e-07,237996902818.0062
6123167.194231627,1.299928842071257e-07,238614262180.2524
6308767.34183362,1.293805260359254e-07,246622049858.8943
6134858.535106298,1.305919118338691e-07,238338224331.4432
6195466.675508152,1.305434898736689e-07,240752356204.5625
11576456.95999919,1.196180261398105e-07,476845739851.3091
11674650.75688638,1.218555442494794e-07,474985518040.6539
11232027.75212451,1.209193890316503e-07,459332884416.7039
10256320.77732653,1.125105780652334e-07,440077695819.36
10517934.51081625,1.134925384071452e-07,448696059917.022
10176424.97956694,1.130712749646192e-07,435204832595.4575
9885879.622322218,1.093933320522019e-07,432203305403.6484
10345002.1997689,1.093471886698754e-07,452403031253.4827
9866105.467379384,1.101926266707278e-07,429250421251.2122
11412677.33976038,1.119356419363694e-07,491369968219.8356
10825351.2087177,1.132119857973138e-07,462573117056.5833
10559917.90505179,1.122245274625496e-07,453874048677.6263
10883856.02767201,1.012454460232626e-07,501032375277.8333
10696705.22984368,1.010947948572175e-07,492906067868.0922
10549170.15690848,1.0133148348666e-07,485350368478.9468
10992082.86620472,1.015539670559563e-07,504989170756.0648
11082884.26871506,1.016292455021404e-07,508909233458.0123
11050760.47615469,1.013965131608898e-07,508210326390.9475
11011291.99859794,1.036273102458428e-07,499101408676.6965
11335619.90058721,1.030778394965975e-07,515626311083.2781
11143514.55785591,1.023805828560362e-07,509186780111.9235
11466448.57641929,1.026381196834451e-07,523065973921.3756
10985594.27071158,1.039317795795412e-07,496963675643.4564
11075168.7263417,1.02922474275682e-07,504285954770.575
11095436.18459784,1.056007165520276e-07,496630212714.8934
11577587.23468587,1.043723755645834e-07,522269121851.7872
11439622.93019269,1.038700644409431e-07,517707880183.3654
11133527.75350143,1.007738955576727e-07,514123471429.311
10842322.21911689,1.009586198253624e-07,500065285107.0916
11030737.07168634,1.011055771719801e-07,508262175529.5037
11136828.24741174,1.014677375520174e-07,511928770165.6688
11207759.89587717,1.009014223272605e-07,517115187471.8205
11104626.31464805,1.012361224899868e-07,511226800873.4144
11197983.73954105,1.194100292131198e-07,461791529791.7472
10948971.61782499,1.18433686960497e-07,454000673339.7317
12144532.07406406,1.155292466278417e-07,511979798790.0288
11928648.46250667,1.266294040543472e-07,473043992481.489
10900340.47128078,1.253347304401248e-07,435236967556.4006
11676718.55438054,1.241441147511584e-07,469213020535.4606
10212158.75876816,1.237211938598808e-07,411296319289.2219
9815202.452537665,1.221109056792562e-07,398776564052.9107
10293759.85432306,1.20609645651314e-07,421682914216.6376
8558426.052949863,1.269701259522892e-07,338786582799.2538
8982414.425055996,1.257178847723018e-07,357927481714.7144
9683883.402465086,1.257206370856376e-07,385873691370.1782
7677344.410203518,1.30445938203566e-07,298486011841.0063
8062281.257430375,1.287511468536433e-07,316196608360.7816
8455555.445795415,1.299027587774595e-07,329657700891.3712
7399810.78963411,1.303141610922288e-07,287889752768.7518
7320664.107216399,1.293761913486399e-07,286185464967.8694
7777811.796987179,1.28619983518025e-07,305247276027.8806
10454062.89831816,1.23550331703263e-07,421427137527.6159
10536622.90295433,1.204360392978972e-07,432046469694.8064
10780927.6226152,1.214221229368684e-07,439667383844.8986
8630365.101126516,1.239996633252165e-07,347068739048.0756
9220670.065253025,1.229591234940307e-07,372896788611.6964
8906965.062235193,1.245714109571466e-07,357095321073.483
9513142.600102695,1.207643980117185e-07,389372007469.5784
9879709.995173141,1.197318476617974e-07,406697098208.8052
9595267.999951759,1.213439898227039e-07,391481817184.9113
10045002.7726651,1.155975682036424e-07,423302593116.4934
9926701.697082484,1.179318992067706e-07,412778855818.2949
9923258.218184493,1.163341944470171e-07,416405094797.865
8483115.98350413,1.209913257764359e-07,346778833286.5925
8827930.165463267,1.194501763034761e-07,363971762939.2874
8994139.02879109,1.209741913023465e-07,367703512153.5437
8522913.795805512,1.234310135558449e-07,343799493359.3834
8407876.442212349,1.219904088370563e-07,341823982486.4646
8916661.436732704,1.219744936500946e-07,362540275940.4454
7885011.92803401,1.223733971954478e-07,319897620913.5076
7673850.790756989,1.209780015124304e-07,313720149499.9172
8032560.704132312,1.215810740693087e-07,327298010810.2995
8935076.126362912,1.221928225192029e-07,362856125754.7261
9232875.127731251,1.213877699111343e-07,376605802164.8578
9562385.04512395,1.202921333359224e-07,392411213547.6737
15726017.70784939,1.152687084836156e-07,663963912743.8552
15567012.86877023,1.175311176420506e-07,648788844342.1318
15124064.77176751,1.198232116360705e-07,622263830516.9058
15950429.67739102,1.117086919589021e-07,687671579120.6053
17769416.98487182,1.081670485327343e-07,782726178334.2247
16326006.68883616,1.117741516678835e-07,703589012118.5548
14731407.08020725,1.175680086638114e-07,613834728955.2946
15355770.28465034,1.121206145368133e-07,660411499696.5276
15163027.27230744,1.136577364031927e-07,646229204964.8497
14759463.20857845,1.108581262430676e-07,639576071301.0687
15695319.60770221,1.084515814734268e-07,690154362459.1731
15467909.32974948,1.097374679271608e-07,674830952607.5317
18403594.93553166,1.074091013879278e-07,814470346612.0769
18421683.97048906,1.086771569372152e-07,808916725682.8962
16934112.62422352,1.110163093943261e-07,733113561541.4385
19235776.5184793,1.047960582639363e-07,865392428242.4498
20122666.53897154,1.032581720205302e-07,914258995431.2352
19368153.77497981,1.033681377093131e-07,879354039992.7059
12841855.98883164,1.374720175886565e-07,482116051386.5522
12394924.47543557,1.414495815807077e-07,456572174468.9083
12688001.71302918,1.397802371736419e-07,471081497112.9025
11833983.80740684,1.410951760689686e-07,436639338258.7716
12226328.63602814,1.456056471218279e-07,441750706357.1713
12092342.54745641,1.413353602899947e-07,445666394844.5305
12111312.64107391,1.438913099084336e-07,441063890913.9679
12231095.95704605,1.462446305077541e-07,440634759648.9591
11838674.02018737,1.417343475542685e-07,435498158678.0455
12340152.38270243,1.449011240012194e-07,447307334902.424
12197577.22794251,1.43457457448027e-07,445100576609.1454
12159447.23666014,1.409126064145879e-07,449035421000.7645
12393207.41321428,1.465335956979252e-07,445887790408.5724
12370792.30437597,1.47444013508412e-07,443247287020.8728
12250325.20516299,1.450904238680783e-07,443664947888.3077
13007623.47499602,1.40419423883538e-07,481481752442.8811
12541383.84336963,1.441421460101265e-07,456195997962.5549
12359205.8598879,1.401519392239317e-07,458062239324.4921
11739173.63924148,1.53103832991996e-07,410185355289.2685
11316651.00774164,1.559385129070637e-07,390615072694.4944
11714239.04770408,1.53639528300126e-07,408362109706.1437
13193574.91183985,1.409688071972533e-07,487095148470.6206
13092220.5986416,1.423454334198601e-07,480231844428.6837
12723984.22219081,1.446895882028413e-07,461669943799.6685
13008055.74411913,1.400347156184686e-07,482379208053.7988
12659348.64971574,1.433761371424311e-07,462125688507.6342
13042047.33455646,1.418967990181828e-07,479399275182.9818
13831528.02702651,1.311148181118422e-07,535922893864.2212
13372849.73668929,1.358217756548875e-07,506109351705.931
13700447.29557274,1.330925659208199e-07,525571993145.6297
13340233.97325205,1.360071986241661e-07,504415995207.5939
12932447.50703317,1.387851246006468e-07,482449778313.0175
13122601.26247606,1.379389746257948e-07,491543477007.3588
12233534.68972585,1.489890912128681e-07,435293628580.3817
12044850.05531237,1.505734711878486e-07,425568122799.494
12324241.81834462,1.479388893791654e-07,440594064116.119
12518651.41623654,1.451281401329457e-07,453304252759.994
12442264.24501573,1.470432381010846e-07,446617821217.9855
12899233.36218855,1.436493541893405e-07,470285347506.8267
11682919.41707738,1.516229163903082e-07,410873517997.9017
11336169.8038398,1.53886035635978e-07,394760358590.3973
11960568.62401285,1.5038885568838e-07,422936068595.8154
10905764.83496793,1.930320219990096e-07,326515063580.3797
10421134.29147982,1.919755764006201e-07,313148983025.9816
10699774.82138591,1.966938591720327e-07,316359419821.702
11691062.1998736,1.858783471784349e-07,358950671149.4861
11701685.58676647,1.871129048364475e-07,357694776007.4491
12282956.58291198,1.843898011245411e-07,379150517243.4164
11313176.85585203,1.804328243101744e-07,354302495779.8505
11476590.6262528,1.837712958909141e-07,355054023605.4385
11590156.17049378,1.805310835048352e-07,362845127424.7725
11613965.71708906,1.906343499226252e-07,350627870871.1935
11428215.08848084,1.924000052902337e-07,342905948590.2913
11504458.22064266,1.881900357751356e-07,350322814543.39
11630920.44065775,1.983909520799449e-07,341926565455.012
11462545.42844153,1.955464311870775e-07,340236686610.7772
11660207.56300739,1.961527026714834e-07,345390257974.9153
11608330.02657104,2.158880757817169e-07,322565049996.3318
11537559.46523731,2.141878548124237e-07,322292890120.1699
11627271.45980735,2.072800367303679e-07,331975597084.3013
11111255.00132085,1.981160645961835e-07,326951489088.0323
11325248.73095145,1.960390271490117e-07,335598020023.1262
11492616.00690777,1.988828026953114e-07,337303417877.3581
11086093.33259124,1.967420135860394e-07,327728182321.7224
11390426.86386145,1.933850894049388e-07,340610482469.2551
11299845.78442591,1.946638650082053e-07,336420373380.696
10780740.05388979,1.872483731892839e-07,329384535703.1102
10441082.19127882,1.896173092974646e-07,316344431981.7639
10926171.07920542,1.906694169633233e-07,329822771894.5954
10219890.14117333,1.630820246098903e-07,342380349623.9358
10381414.69315561,1.634576580647603e-07,347258611769.7277
10145233.94691706,1.659251719901951e-07,335985510410.2338
10706559.70297017,1.602025707664433e-07,362969630344.5546
10937278.82311975,1.570895089372061e-07,375674020111.8193
10926397.1780774,1.578286358378999e-07,374127628739.8765
10069701.73664232,1.666707842946757e-07,332488749287.2106
10378149.9983301,1.633227990018799e-07,347340480381.5601
10153876.05807352,1.638461016381875e-07,339110405448.752
10967352.70046292,1.603935767960036e-07,371515691908.9831
10947515.61363863,1.577308824536696e-07,375005598343.0658
10716687.97213463,1.608437243413281e-07,362346862771.7841
10594935.12177982,1.656038921877808e-07,351332189145.2277
10799186.6282283,1.631987612973308e-07,361615031282.9674
10239444.6426387,1.669967742468337e-07,337653312167.7951
10781242.20377318,1.637560087811288e-07,360194690049.1052
10981861.87425623,1.596083369754642e-07,373226319399.8951
10987273.18341922,1.613502021372743e-07,370717920424.5005
10224861.03955006,1.663458053677738e-07,338051482709.3702
10784209.58022498,1.625472079298606e-07,362077865726.1293
10535658.72837298,1.629980502112671e-07,353080246866.8699
9750060.790028628,1.740808936848773e-07,312732669300.5497
9913229.280584376,1.693597957432924e-07,323848286482.6903
9996748.418136476,1.66534938310899e-07,330259401064.5832
12000082.79667263,1.549618961552016e-07,415943454708.8043
11702866.34087097,1.565789080599446e-07,402843850318.478
12886564.31867636,1.543017252809785e-07,447943553639.1724
11928012.13074286,1.525618480943064e-07,417770187238.5233
11913133.64255981,1.533580855773375e-07,415803583746.177
12209237.33023767,1.503015037045066e-07,431896467737.7473
11701019.28036696,1.540828396091666e-07,407118507693.3516
11303657.58414226,1.563807927339031e-07,389430581338.304
11686283.0871356,1.54877362073662e-07,405213998835.9977
11168031.52936542,1.560540203471317e-07,385294956005.953
11188067.31945295,1.587150375246022e-07,381659742963.3262
11602642.59636721,1.541384800060414e-07,403598490505.8879
10577049.20118192,1.618200621340255e-07,356185538078.3063
10414003.87412255,1.614450922366373e-07,351237736654.0826
10929818.06061258,1.593783760074147e-07,371814795784.9413
10690927.82032276,1.640277424218069e-07,356782758564.6979
10624852.16555368,1.624386976259703e-07,356886316439.8391
10890709.31017676,1.598819722899595e-07,369706002273.6102
10565047.4335026,1.669065172054789e-07,348515893313.1113
10386963.92604956,1.714016922073299e-07,336624111239.2943
10499362.53939619,1.653180500404057e-07,348564175408.3678
10229272.54709977,1.743664412649658e-07,327745054725.1568
10452380.46065281,1.683941399892241e-07,342765597625.8183
10099310.11347922,1.697848075354875e-07,329376408900.8419
10288125.91108688,1.754051902665436e-07,328328042453.3123
10334238.39592323,1.739241795462426e-07,331669218132.7338
10511871.26456442,1.69427091446279e-07,343313960045.5197
6897635.88530511,1.228728486618493e-07,279080599327.395
7339246.097031546,1.211927976000374e-07,299686313917.5645
7032636.302284852,1.215314023027094e-07,286632755527.0374
5906353.800974958,1.277863028806781e-07,232807296843.2452
6114292.725716291,1.294664837771909e-07,238913848997.4767
6078666.883728089,1.281042008349943e-07,239202710578.3553
8699350.573774418,1.355458878245343e-07,329682530562.9374
8948397.844164491,1.358733228262642e-07,338575727475.7514
9382988.203854427,1.350640115029735e-07,356435873684.6494
7517866.632875533,1.332086516393887e-07,288230318850.4343
8197433.459117109,1.346880160656338e-07,311978928984.7568
8299759.167085158,1.334400903364774e-07,317839551458.8094
7195283.672160379,1.334374978822723e-07,275547194769.4137
6985709.608778688,1.343559649113181e-07,266300854603.7944
7860429.773195411,1.3491715557029e-07,298814389789.9108
7783801.324774749,1.190706478841515e-07,321604362510.5814
8128963.004551634,1.174418502797175e-07,338963725125.3441
8016396.329945656,1.163616125709107e-07,336335487480.7437
6145620.385645753,1.250715060848687e-07,245731110920.0819
6201597.055333728,1.26599400103227e-07,245970172844.317
6492299.91718995,1.246621255735299e-07,260161017497.719
8635178.667667504,1.208532042915654e-07,353263863789.8081
8837911.66237928,1.245053262361445e-07,354452221510.3688
8870063.687391194,1.221622592583814e-07,360276029179.3709
7895094.923257781,1.277416410954117e-07,311268874330.4905
8415469.357198067,1.310399170051982e-07,326193976219.9658
8382360.29308938,1.28153754795814e-07,329770726048.5364
7169078.754127428,1.256453365170634e-07,285780397091.5856
7470431.770486673,1.255406564983807e-07,297958724605.165
7483504.298904906,1.225489695520126e-07,303318269732.3064
7079527.583643283,1.276650072864142e-07,279226325981.1066
7120881.273313239,1.306281947019071e-07,276593813139.1158
7379011.973565368,1.275614048841438e-07,291195964866.7506
10063635.5402456,1.316649209923078e-07,388843501217.1237
10739285.9348787,1.322658139935976e-07,413691882930.2252
10752021.91061539,1.322737253880849e-07,414165974800.6395
8964885.645223469,1.279796798397817e-07,353007615453.1979
9190144.307715153,1.310081406031259e-07,356278932527.1461
8950294.873405006,1.29379695451279e-07,349886023045.066
9935401.964557022,1.337674934864604e-07,379855468320.6555
10531516.78014177,1.326824263137558e-07,404838668301.8948
9859776.225684309,1.322542686834092e-07,379834077969.3815
12287102.64237414,1.02323808625325e-07,561649041061.8236
11988846.02217818,1.020818026151405e-07,548881376478.8422
12379684.85373223,1.018579515082659e-07,567605110854.0592
10416664.83345782,1.03096899039129e-07,473767162003.1571
10541698.7960068,1.046204601947197e-07,474787765206.5117
10561491.32842744,1.03677681891552e-07,478558529540.6841
11161603.10190519,1.015482860448712e-07,512796253416.2965
10915806.60932037,1.02647807548068e-07,497915960582.5311
10789090.59293744,1.023579117513042e-07,493064681678.6375
11372868.7168408,9.977417694268729e-08,528678022199.7874
11283903.01892344,1.006318493390479e-07,521557716983.3453
10939439.70545277,1.006654358065684e-07,505523668038.9141
12298697.91088631,1.000644270374114e-07,570609930505.1388
11286082.26372597,1.020748297833246e-07,516730506415.2693
11535989.81473755,1.00973376470768e-07,532006507504.1841
17768156.43647818,1.014616237309304e-07,816785144695.4305
16300390.01081449,1.021947849178735e-07,745725235032.928
17584657.30154745,1.017276967369281e-07,806939734897.026
10418450.58250648,1.017739864414637e-07,477945758800.1027
10535490.05944559,1.023162244075748e-07,481605832502.3848
10386943.34182944,1.022580799358538e-07,474995330301.0853
12067952.88344604,9.89825689890711e-08,563976651996.9938
13790768.65614407,9.750979020918568e-08,650963030907.8556
11976303.55241086,9.984529986609156e-08,556464817653.1362
10925772.30437214,1.027537690472768e-07,498027860043.203
11768734.08957413,1.031823798874032e-07,534965846488.8998
11527725.73200034,1.029560795488287e-07,524778020895.303
14060387.07479581,1.067443047739325e-07,624838049557.6144
13437170.41951267,1.082125636402212e-07,591728791758.9954
13678281.54924305,1.068249058111821e-07,607551633890.713
13973080.85034585,1.047891264117983e-07,628658355409.6055
14026757.18092287,1.04776827668312e-07,631122672596.5901
13778910.20393777,1.057459814284752e-07,616177196244.4131
18835263.64407432,1.030179881372542e-07,857096379866.83
19612164.67629567,1.033497762390652e-07,890538098797.1355
17309680.54812967,1.056052842926305e-07,774756603062.4135
18620975.36059014,1.059399853728443e-07,831691927811.209
16960344.05202049,1.07943975700362e-07,748116186818.1818
19493738.19372347,1.044021051891259e-07,879202589272.1095
13938022.63912264,1.048131182342387e-07,626985366163.108
13931563.03351189,1.057965412485911e-07,622805153784.6543
13699357.17465389,1.048458275292264e-07,616121107871.7581
16736812.42074867,1.068972480056399e-07,743067726220.6707
19002074.50557471,1.046412912857221e-07,855721196522.5405
16501951.11322133,1.081832842372827e-07,726822765430.4678
13800914.87414712,1.093190069932599e-07,603639186336.5673
15266523.50688773,1.083470029088669e-07,671731244341.7374
14343737.25799285,1.107535589057953e-07,621952466403.1302
15419882.34258144,1.056960448044875e-07,689776777812.2753
17762217.66146424,1.036045162280152e-07,805214146498.6631
16281659.00152828,1.061918742653392e-07,726057691870.8495
15987479.01088204,1.02876015696037e-07,728177457166.4017
17647167.71188417,1.025539363087967e-07,805452851630.1528
15171632.92957653,1.037553713752047e-07,687108414621.7699
14315547.33968359,1.041733023183441e-07,646601939640.0885
15164159.44053641,1.032809395168079e-07,688871507363.6235
14369876.83894325,1.04160158753475e-07,649110484280.8724
15493786.59064565,1.025006339681079e-07,707413269702.7673
15785334.76555092,1.023874505085392e-07,721255786703.5455
17230229.78551473,1.016553479344034e-07,791050571349.8005
21056724.34059383,1.010568311645568e-07,970540570340.1499
20571938.85651296,1.022119447543477e-07,941038641701.4264
19776065.21270332,1.018813752301105e-07,906588111784.2909
14663950.83872613,1.132741063611756e-07,626369447905.972
13923900.76912415,1.166285859884974e-07,583298571340.0386
14902430.90255306,1.135616898369263e-07,635480974122.3777
16543170.34003203,1.070600459549564e-07,733725801379.7247
15568300.91135,1.065689738545265e-07,692607773008.6642
15019280.28745697,1.084043492168049e-07,660619391657.1261
15490298.01063056,1.111303365466988e-07,670148968287.1429
16523049.20727577,1.082007199330152e-07,727673840619.1888
15000108.56756146,1.095448700990132e-07,655188660821.9553
18363012.32658741,1.087115218892374e-07,806170450362.1954
19239486.06377611,1.062533954587285e-07,857626624876.3689
17955559.30555277,1.070586025983208e-07,796375500042.5353
13277848.38254968,1.138031331534769e-07,565403152856.1576
13284959.03581701,1.150983782714293e-07,561453874626.9442
13331821.06188645,1.170411954487793e-07,557181870090.9591
14244597.46326619,1.103680018958661e-07,619091337992.6025
13695069.68331542,1.117816882680265e-07,590179069475.8385
14485354.01839001,1.116658536977218e-07,624667416836.3956
13190346.38434935,1.106390323405659e-07,572335416670.7554
13249581.99902079,1.134980833452008e-07,565209985040.0906
13242480.82095113,1.122029083429958e-07,569245941814.0219
15518420.55602321,1.03917762860322e-07,702081708073.1891
13385246.90688466,1.038616773518326e-07,605791020972.2401
14162072.05589639,1.035942718065406e-07,642051165103.5338
18814960.73269994,1.062547363794192e-07,838695766544.6029
17643120.47021528,1.047416067713346e-07,794015983807.7737
19266487.67811028,1.052978337085802e-07,864018267608.1902
15691331.60875395,1.061394526094625e-07,699963248789.9308
14738892.1219093,1.055636233316048e-07,659865335875.0594
16120594.50770584,1.04772397000452e-07,725353649968.1166
10591760.72318449,1.014362497576374e-07,486974295781.7708
10868768.27952845,1.015058879822492e-07,499481614178.3876
10927116.26334284,1.013482383370022e-07,502683651610.0794
10595119.2488059,1.020815758511732e-07,485073562442.3777
10477748.10312846,1.015325470467756e-07,481427727202.0001
10624784.62950114,1.013066030988908e-07,488909301581.9692
10831349.65387293,1.014232940128289e-07,498032213909.9181
10949426.4980625,1.012311892543931e-07,504098199923.5458
10588757.62687379,1.013907583493427e-07,486981832950.3273
7536605.52070386,2.512431018824704e-07,189283614148.4485
7608212.675724453,2.516977277385767e-07,190851882280.8558
7408369.93452647,2.505216854233569e-07,186419974408.7658
7595438.082269195,2.514303149938538e-07,190666503064.7947
7552527.053565741,2.513068663216593e-07,189651400051.8457
7500149.295755393,2.511083823079454e-07,188435374412.1694
7730337.68591072,2.51853988877873e-07,193835168723.7292
8043491.765602726,2.528122746691488e-07,201177396765.04
7687046.73396803,2.517304669986661e-07,192812713707.9965
8059605.396533042,2.177835565004334e-07,222653941970.7138
7720749.478903024,2.16593593198715e-07,214073243886.4087
8160649.017038459,2.157783231208427e-07,226839922606.5092
9165297.368886802,2.180647739294755e-07,252981958196.2632
8416639.715724399,2.181511395667317e-07,232256073577.0573
8519890.265997995,2.161459021240867e-07,236557105229.1996
8604941.029475233,2.217881616459817e-07,234849149086.0468
7925281.785687776,2.228929571967257e-07,215584309174.5103
8188776.446103599,2.202451483376086e-07,224533656126.3963
9887820.43270554,2.217156086572615e-07,269920824582.7677
9286120.113776326,2.214725348787993e-07,253680866577.8199
9621033.568667945,2.198433224246998e-07,264127047935.0629
7935415.270530196,2.253760073253543e-07,214271563369.2397
7659336.573755778,2.264855242662243e-07,206140909484.963
7690032.869872019,2.248594254742792e-07,207963666191.0664
8600013.471454209,2.228429432205653e-07,233973429584.9586
8169557.284639721,2.244653316653535e-07,221190093796.3723
7920552.85942791,2.239482755286155e-07,214778274144.5727
8399843.18938672,2.261915441699697e-07,226266504835.5097
8209941.465273789,2.268968450159007e-07,220692592292.4012
8188572.459511142,2.257248038980383e-07,220879464192.7182
8188599.96312929,2.49647151085179e-07,206534169283.4408
8677403.89499047,2.438435346689341e-07,222321936018.4786
8530286.063651443,2.481521133446858e-07,216015514287.3912
7573888.112887514,2.537889895462742e-07,188945709259.9735
7812355.641692011,2.527423138171538e-07,195432460900.4881
7738242.740765608,2.536744189297397e-07,193103983486.8837
7880470.693184747,2.499588366121606e-07,198597218611.632
8100937.486736857,2.463395167335751e-07,206148046689.2652
7946635.200850989,2.505092715393101e-07,199971179079.9206
8328113.966172008,2.369225481373257e-07,217508247747.8559
8195876.28460961,2.426446015725598e-07,210675955295.585
7972127.496510938,2.450893458717474e-07,203559455503.7496
8927309.432852132,2.310886548764917e-07,237065399501.6635
8817047.301360371,2.385354115195733e-07,229238696390.6886
8482177.815915449,2.401689274979976e-07,219531153870.0426
9378103.833692728,2.102057312728655e-07,265268288263.0743
9135131.293574361,2.219777906262574e-07,249177281792.0548
8953789.519546594,2.229443703823048e-07,243524432966.6325
9145745.410018308,2.139866677725616e-07,255639502576.8542
9089129.909308255,2.196076966623895e-07,249703103134.3431
9116225.947585704,2.220662731559711e-07,248595546811.6838
8725114.675801935,2.298967335421781e-07,232496245073.5817
8904137.470964601,2.289277548827955e-07,237935671691.6128
8459591.318512971,2.380101198883878e-07,220268520185.9593
7858164.10962267,2.486921477065405e-07,198706944707.5054
8183604.753378087,2.449810436987862e-07,209020873774.0314
8332275.646905204,2.452053898001753e-07,212688310153.84
7515365.700688999,2.513824824168538e-07,188680395527.223
7549580.427678362,2.514859363426706e-07,189487404563.7679
7441399.120587955,2.527541893308175e-07,186146849468.3098
7670839.601556986,2.488786764342148e-07,193873198819.484
7746646.362754883,2.464572406992264e-07,197069467371.7185
8027700.204409479,2.452695144290773e-07,204878049627.5482
10090489.9459569,2.240197190695943e-07,273561360642.1995
10718006.62551058,2.171006253160603e-07,296715320834.9626
9681891.732991999,2.268080849188109e-07,260328191183.4659
8689261.532895157,2.385001056840271e-07,225938626913.5665
9579228.14896198,2.293645715249892e-07,255650291910.3103
9181224.207944097,2.321607479239752e-07,243056961068.9523
11503294.36786833,2.113180453206213e-07,324238446736.2753
11674221.29558533,2.052204152682769e-07,335542508354.2744
11410158.51066913,2.102479439056376e-07,322703621664.9022
9736915.925024187,2.288391494521523e-07,260256271350.166
10845440.26511762,2.189431884340574e-07,298556291659.879
10126396.87548249,2.247940100994486e-07,273904050390.2911
10674611.11897932,2.215666523643542e-07,291529471349.2318
11854640.74357218,2.143781875548447e-07,330954278996.1808
11389091.55571571,2.154127196791725e-07,316938395467.1968
9924842.884487545,1.894330440337822e-07,300898356052.1481
10183823.43434067,1.908162270432436e-07,307256202074.7801
10610522.52167341,1.845712730978661e-07,327311074371.9697
11650295.4479006,2.024441139010297e-07,337909319457.6028
11408441.79311518,2.002036199145428e-07,333358638534.8412
11386504.94330985,2.074668633294602e-07,324906159785.713
11910071.28740821,1.986924785352448e-07,349778740364.7274
12105326.26275839,1.964856014018434e-07,358170114196.4808
11985292.53289358,1.924347030944884e-07,359577942058.809
10547896.28975085,1.971480714337075e-07,311389642107.4695
11199247.57856006,1.940069052924335e-07,334177639392.3187
10897496.2180395,1.973630693331436e-07,321476674098.2062
10684029.19634702,1.956206483256852e-07,317048184181.4219
11456186.70185678,1.91253072921866e-07,345118151414.7031
11339507.47629948,1.924792441976189e-07,340150871945.9348
10021208.65567126,2.065404039726249e-07,286802824093.2861
10256184.90232838,2.002812519857371e-07,299611843514.0273
10600956.37159032,2.004965802673956e-07,309461814364.6107
9751455.772443024,2.072028623546719e-07,278487445589.6211
9513044.200654462,2.031464057519293e-07,275283439622.7174
9983266.326146008,2.009437832643117e-07,290997734084.2943
13538561.10940645,1.793451014444977e-07,425708998478.1614
14067544.79191121,1.752988839251809e-07,449123251307.6473
13441467.868703,1.762881262632258e-07,427528092436.5522
11917021.90244797,1.866916628989489e-07,364824885492.1417
12811134.75632142,1.839164716408844e-07,396132536697.5872
11997635.04937598,1.877549543558933e-07,365904746683.6666
12033789.64579654,1.856480638219127e-07,369778905642.1991
12469694.97266259,1.835806208248824e-07,386045007772.0577
12932193.23311523,1.828729861190908e-07,401395482932.3748
9727394.200911075,1.986607194988185e-07,285707635219.6984
9784139.239115605,1.94552811444912e-07,291405414627.1024
10044499.59736322,1.926460285826293e-07,301130629542.2042
12941026.21005658,1.813057136996748e-07,403981108292.6877
13938636.49455263,1.765524252299661e-07,442898796840.2185
13412105.34420701,1.805992402139209e-07,419778002496.8097
10500204.42330788,1.856533775420361e-07,322648153838.7784
10946697.37984776,1.812617975864687e-07,341779169778.8375
11751317.98074049,1.832590329192298e-07,364230506527.98
11690892.16687878,1.678202548805484e-07,384253711028.2029
11458480.85262929,1.62149269147485e-07,385345578038.1625
12419828.78458909,1.643342250424779e-07,413964972273.7416
9869663.984808968,1.757706256557217e-07,314536827105.8179
9972960.206224162,1.71569888807793e-07,322995674417.6589
10335407.5923893,1.70754164421861e-07,335799520922.0264
9744012.696633603,1.879062651797361e-07,297014054813.4572
9836334.931997115,1.866874327447088e-07,301131776288.4575
9636515.166453408,1.858481258172816e-07,295901989652.3621
9604584.302984349,1.781092354055829e-07,303403751677.5842
9791033.851917844,1.734029813575669e-07,314864848481.6016
9688686.593355039,1.776117811976232e-07,306631707398.5212
10543870.32800477,1.542331411986194e-07,366618959360.8038
11092544.6999906,1.485197258958828e-07,395526052427.8831
10878517.11282226,1.519355688593405e-07,382058671991.1697
10907512.11932989,1.578915872761273e-07,373381712921.8181
10498629.70561939,1.565763783779512e-07,361394708223.7708
10832563.3975173,1.542777495226073e-07,376584443876.1403
9880482.983320225,1.667083485472431e-07,326191977035.1451
9732324.123636741,1.619915889736225e-07,327507754384.7601
10007279.79909845,1.602233583141691e-07,339233569677.5361
11063932.588698,1.737675584498331e-07,355301511451.024
10720398.44361008,1.77898848375976e-07,338918677098.4818
10050709.42088049,1.783272325514042e-07,317237805708.0241
9198101.459223678,1.736842932140507e-07,295477556303.9267
9098977.414977577,1.770421909760881e-07,288585653192.5627
9075148.133523688,1.73385269036698e-07,291862921228.6883
9734715.001145488,1.692350587498496e-07,318172775962.5567
9426964.274607267,1.703481466081272e-07,306770494247.5545
9587657.248752939,1.645216456725133e-07,319323197923.3329
9400277.780456403,1.785751503592178e-07,296433083096.097
9179829.089897323,1.78336990657132e-07,289739010757.64
9279391.367964515,1.749861157107411e-07,296608617518.8795
9905242.596311407,1.930772244035621e-07,296513464120.7529
9864859.111479647,1.883918763194442e-07,300180704637.2032
9914625.266198471,1.882252184890737e-07,301873111330.0465
9288984.449345624,1.708727278520974e-07,301661394297.432
9165423.150307246,1.705666138603934e-07,298004737616.5455
9463230.797282247,1.657846466483703e-07,313576296705.7232
11128639.08059681,1.451961495575012e-07,402845631168.2837
10904070.55429377,1.419602938704696e-07,400692050576.8943
10991520.32823923,1.422884805569773e-07,403284260865.6898
11912050.37222825,1.5324227661544e-07,415975217656.7545
11222734.79294476,1.524126695074102e-07,393324790713.6125
11375441.13519912,1.494768540707554e-07,403879938474.5041
13583549.85134815,1.594507977658927e-07,461950544461.207
12662199.32357152,1.554733849935269e-07,437930415895.1848
12761120.05523248,1.53596777743633e-07,444939256304.2045
12534275.21033442,1.605823068400915e-07,424261963727.5477
11505270.90474154,1.551897471159614e-07,398401989773.2624
12203080.93391145,1.560186318780308e-07,421067622479.5087
11024955.2545416,1.572608006058774e-07,378410501844.6428
10949603.4262311,1.536456290603285e-07,381696563771.1469
10963310.23218885,1.540521549522111e-07,381501735928.5076
9997633.384281872,2.346533890563193e-07,262792310324.2357
10105839.96746531,2.303471245015754e-07,268936998245.7529
9737972.505982047,2.342763893759716e-07,256241536175.1116
9616442.87354291,2.445793287962019e-07,245886465076.5497
9867859.482563589,2.390160389172659e-07,256215221199.4955
9582487.224042015,2.418625329119443e-07,246849651118.1292
10283282.58673478,2.315595215242939e-07,272703058083.8439
11159361.79537938,2.232574770934561e-07,303227568074.1457
10674182.97133888,2.267528151381551e-07,287055706378.424
9734171.504743151,2.421566560256844e-07,250554026586.6058
9859639.623794621,2.375214400218387e-07,257074596662.9178
9947647.952089684,2.376646064594436e-07,259265104228.6407
9226211.992487179,2.066986608062816e-07,263915554612.0609
9116523.819819562,2.157663021209279e-07,253419594705.7424
9173224.441289762,2.10144946091521e-07,259523119572.8735
11516524.96690335,2.024698770564536e-07,334001056594.6545
11420335.07030144,2.103878741309211e-07,322848204916.1177
11134764.13546599,2.017022257090237e-07,323748099945.2616
9382895.127785353,2.260756323203902e-07,252833350246.2651
9226801.936517429,2.207631081212569e-07,252600107780.2576
9573360.454612607,2.157519237989209e-07,266130485726.2963
9297910.726206871,2.382241004118489e-07,241951456920.2841
9477840.670668043,2.318986026977335e-07,251098421403.7773
9983687.419166485,2.274050355134162e-07,267972929296.9112
8842745.813302943,2.470685309274212e-07,224582296962.1397
8638287.132830279,2.497247580121855e-07,217831108605.4635
8905094.014762782,2.457221139090436e-07,226991196261.8991
9483935.114396375,2.41669343886839e-07,244441082716.1033
9158333.451638073,2.441053641125116e-07,234475913589.9542
9651142.603011085,2.389610977918009e-07,250626657913.7123
9357849.997123044,2.438382236958825e-07,239758983517.8543
9147423.296582451,2.476369196258431e-07,231964672240.1205
9034438.913923176,2.462742587689496e-07,229943871241.5834
8793227.42730308,2.452634009865026e-07,224419095887.0984
9181022.769848926,2.363620094482776e-07,240162916433.8808
9003946.280225666,2.426888095918543e-07,231419381004.6167
8772991.802064793,2.446858912040907e-07,224254812283.8729
8922178.986167654,2.403778750797919e-07,230785190570.8398
9160345.492793124,2.357837686500684e-07,240013636589.0781
8279345.463576521,2.523381564433738e-07,207335683982.4175
8502576.980346898,2.502591783970853e-07,214103563824.8832
8445962.072034361,2.51686882281006e-07,211872897611.6407
8186573.350541088,2.543019099229135e-07,203955650976.9013
8180312.27230907,2.53601094982656e-07,204174953961.9955
8263264.558777259,2.539583657299591e-07,206051908634.9166
7856543.981998514,2.535199123044455e-07,196135780845.8153
7931219.903412851,2.525877189393569e-07,198486894779.9247
8047444.646489114,2.531706454711394e-07,201086276417.8431
8184915.306470624,2.523607292970529e-07,204958691934.1414
8067698.46600597,2.517773155282831e-07,202335424737.5904
8406878.629394831,2.502811441503882e-07,211681395415.9759
11606239.21085586,2.151879265551048e-07,323206125762.1347
11625178.93890776,2.065806302996098e-07,332664594213.41
11529222.86580616,2.113881028022643e-07,324897478173.0051
10942633.77728573,2.2271825303731e-07,297818261253.5254
11433808.35439592,2.192229801626863e-07,314485184397.3146
11357367.21183634,2.154223413859004e-07,316046151727.8965
10220888.49091711,2.305999315718983e-07,271799842542.8162
10481873.8088485,2.23578285496421e-07,284546018167.1377
11023857.89696763,2.203901016427683e-07,302138138760.685
8895849.455553176,2.480285260932289e-07,225347634232.2304
9007966.594547901,2.493918858886775e-07,227355372242.8853
8800046.396219287,2.508577830771089e-07,221241490302.6089
11491351.45929652,1.916978672691728e-07,345641796298.8734
11487044.99605836,1.899953743959468e-07,347573217115.5338
11400369.16991922,1.929774702520146e-07,341387678548.0359
9928303.568438584,2.371180729766978e-07,259158391910.396
10099366.53848194,2.344100333903104e-07,265650111954.1444
10966421.69769321,2.259005757355824e-07,295656013554.1685
9812381.14441889,1.974830529632047e-07,289348468206.7443
9385580.74067018,2.055120577461168e-07,269506728107.7957
9601545.318068312,2.018188981728934e-07,279061494358.6587
11434677.73226138,1.896969722011386e-07,346351439132.6113
10564474.12960653,1.916850787827108e-07,317776915673.9418
11355981.81281459,1.886338160573714e-07,345258983773.5076
9385362.216690071,2.02149384517543e-07,272480915272.7482
9331918.952186801,2.055946908927457e-07,267894025304.6727
9757511.080999408,1.975679400788019e-07,287648030848.8864
10029107.93071425,1.980647394849943e-07,295160017257.9795
9557794.442246368,2.002671911926742e-07,279222973814.7162
9933313.310520645,1.956861074999503e-07,294704977410.456
9557945.333922977,2.109591891569259e-07,269711156084.471
9211668.517149553,2.159695666870926e-07,255903718627.1058
9321925.878062028,2.069026787465633e-07,266478128581.3967
10481695.18261303,2.281796462615738e-07,280702915988.9185
10292620.51873343,2.288228302486035e-07,275122679343.5753
10183415.87425036,2.331295659401203e-07,268840839754.1783
10028712.80809294,2.343745308551331e-07,263818299972.1544
10414789.77709437,2.295677954023605e-07,277785687581.8196
10117470.84343285,2.345175559827735e-07,266044971734.3694
11245308.58569519,2.147447616566695e-07,313585754217.6395
10987397.59643602,2.165138259188459e-07,304722426230.9704
10832645.30243913,2.220394141434961e-07,295425383470.7406
9927886.445960643,2.370490107997028e-07,259197834911.24
10965983.30958769,2.258314529289159e-07,295704518941.1744
10097683.78848476,2.341335169498938e-07,265814932297.0052
11523750.57173926,2.028440488879408e-07,333799490182.6199
11203523.59336936,2.002411510121563e-07,327329950193.6847
11428214.88792095,2.076503417097481e-07,325904205389.8184
12318419.39310919,1.828870618599634e-07,382325264286.6896
11840448.8756,1.811367104727305e-07,369854166893.9756
11725660.63853439,1.843850564715025e-07,361954105491.3553
10776736.85502836,1.691201204742459e-07,352390148669.1831
11331007.23721163,1.757377107434408e-07,361153538032.6865
10739029.32972312,1.711309136792253e-07,348400991630.5419
11070135.05159286,1.584155864059188e-07,378112451845.6976
10710261.95623775,1.638722444977396e-07,357654059147.3271
10662306.21253476,1.6215162752777e-07,358566965809.1301
10777118.2479132,1.670738611151899e-07,355274176756.2677
10998848.68800585,1.746083873329093e-07,352076598675.2068
10719169.90684975,1.680964301161546e-07,351929355862.2195
11994293.49291748,1.764018004878645e-07,381334409924.1241
12572485.47805973,1.804216661109313e-07,393757358853.1518
12831011.59415342,1.767212822116311e-07,407444376523.3611
12907108.08089294,1.685233765523856e-07,423047219853.0833
11739472.00700252,1.682552331230969e-07,385185128125.0936
12845185.69003773,1.727129128342432e-07,414181326174.481
10891699.76091784,1.725843030493965e-07,351367400592.6329
11487814.47386632,1.771866111796795e-07,364152653148.8903
11394951.39071409,1.749183800529759e-07,364324892811.5149
13028820.32958614,1.545573957430314e-07,452388858854.4087
12032122.63204869,1.574270935022535e-07,412688719580.0378
12356081.63892122,1.553899759573023e-07,427496046563.6734
11362267.56946759,1.596828348971377e-07,386034562262.8489
10652469.80745435,1.611549577378458e-07,359711673174.1197
11364731.39923066,1.600695777391437e-07,385496088962.9077
11583219.60641,1.556816443293097e-07,400255845761.0969
11202299.13468041,1.571849899185812e-07,384621110749.7325
11291243.83971261,1.57299847110639e-07,387486211195.1083
12338562.61046547,1.480717342910717e-07,440842165582.1203
12033735.4774014,1.512402945052353e-07,423924761449.6161
12316196.99556735,1.489798792700969e-07,438252983598.9799
12252453.08090921,1.486469334218831e-07,436635536394.8617
11973880.90683974,1.512803888994509e-07,421741669387.2739
11948698.15208968,1.518168520012628e-07,419862675468.6569
11187467.31150024,1.572823255993222e-07,383953382546.3984
11607593.55920477,1.544467267629985e-07,403233297289.749
11192929.03555739,1.59020533575575e-07,381336415007.0204
10848660.7255581,1.63836756104409e-07,362328003137.2924
10790520.10261669,1.648555421275969e-07,358899905169.0361
11289362.68873429,1.61640959556394e-07,380453700286.4744
10179134.06622879,1.661705546940391e-07,336776248348.3689
10518922.43173563,1.644380970464141e-07,350458252458.3785
10253914.65920145,1.633274356352801e-07,343176022503.3755
10338670.77438872,1.690410340592981e-07,338171194876.3799
10901835.16831702,1.748387831715698e-07,348664524216.4117
10681089.751997,1.673109857672025e-07,351775772755.4567
10392483.69327273,1.744439212635737e-07,332875724554.8054
10828566.24662471,1.766205874977151e-07,343988091296.2955
10267322.63203392,1.708244302918879e-07,333495943068.1583
10286540.34399074,1.872363490521824e-07,314298680408.3676
10623695.33474372,1.848632932838585e-07,327372215230.8132
10300667.40406213,1.811466740357867e-07,321744986387.7956
11332782.6686983,1.925201784766256e-07,339900958972.1021
11631829.7188874,1.942450979794931e-07,346801784938.6461
11620210.0462912,1.918713900002987e-07,349306899493.0168
11164236.54238799,1.771527596089514e-07,353940626173.2156
11439397.63291755,1.772412167071264e-07,362543403788.0374
10882449.37608007,1.706329358451866e-07,353740468590.3686
8225975.280844359,2.54797145552425e-07,204671651795.9417
8226047.441391037,2.546229453160514e-07,204766788123.1133
8416189.857830044,2.543676774798561e-07,209640043388.5348
7775340.976467507,2.54587205445515e-07,193565696319.0394
8079492.590193582,2.548584755670623e-07,200994743456.0715
8136696.128543542,2.547106395985267e-07,202496120055.0947
7768799.688426003,2.547075609711371e-07,193341922308.0193
7775987.524570721,2.547912367766853e-07,193478434134.0275
8005625.754392245,2.54898980802021e-07,199136048283.29
7189618.173508568,2.540707497844887e-07,179226702148.0608
7185032.957969476,2.540469644595067e-07,179123578915.7738
7408252.321815739,2.542973784226833e-07,184567194353.088
7854594.205372625,2.547975006282529e-07,195431085284.9512
8085453.328929382,2.547304502880027e-07,201210419141.9668
8085381.787701656,2.549045187835519e-07,201117027841.4357
7440104.941862849,2.543533694005437e-07,185333558521.8475
7634745.391086167,2.546543193553235e-07,190032198974.1778
7627623.148768673,2.545712723462629e-07,189896210990.2137
7538639.889923366,2.542393216572942e-07,187844226265.1018
7702613.68062277,2.541245210604475e-07,191987845326.0367
7669651.043453,2.545432827610924e-07,190956528530.1921
7444154.41382307,2.539163311417669e-07,185647148769.2627
7474308.94325861,2.541870965212015e-07,186266767619.9311
7604762.320522855,2.544910731047912e-07,189366844825.1124
7404422.910111222,2.534603615040985e-07,184877694181.6699
7444766.632971623,2.526660708337188e-07,186274384707.51
7434496.941804503,2.537306886530828e-07,185496728671.6692
7511764.727089363,2.522238566397032e-07,188170354218.9442
7673490.519012958,2.516918395932705e-07,192492377927.7415
7501448.913215539,2.53288871167834e-07,187384824784.3914
7697203.844103439,2.496092152244854e-07,194159768203.127
7537156.86388818,2.513180767815603e-07,189259811061.6509
7605143.343266122,2.508439245171813e-07,191207539499.7531
7855849.981499936,2.482037895390457e-07,198908912402.9113
8077972.364046768,2.457617610472011e-07,205885687120.9076
7857820.44699333,2.493820095810573e-07,198331648044.34
11203182.31608945,2.140901101965204e-07,313047567207.7956
10656752.46748946,2.172794263185208e-07,294857700470.579
10920356.68634296,2.054047751782877e-07,313686960873.6431
11635912.19485198,2.040727098182396e-07,335694182010.3892
11546166.80747854,2.109810883216685e-07,325793294927.9579
11642884.06485899,2.030615920825474e-07,337009426226.3963
11300606.7150089,2.215947714301237e-07,308599644579.4625
10420169.65002997,2.301042747220152e-07,277497025258.9459
11230781.920197,2.19894535378323e-07,308271732356.0751
8790152.937037122,2.484597223788431e-07,222412453455.8251
8694922.268278146,2.512891309322643e-07,218348343202.4704
8586306.740896393,2.511170495245409e-07,215719265384.4477
10369695.72245163,2.163991853177589e-07,287692759631.0665
10049201.73566643,2.10569636675532e-07,283923320953.1722
10629747.23958457,2.045259475788754e-07,306213261655.1626
9380478.606944546,2.390670624332994e-07,243525905724.2574
10069239.46191706,2.282474417634633e-07,269603829545.8004
9813475.461973069,2.352691597593993e-07,257501347823.3771
9601996.947442096,2.263486749842877e-07,258529194195.0121
9794662.130395334,2.160248213615318e-07,272053106711.0005
10111103.1947072,2.218552019238565e-07,275900274155.4553
9000203.145807153,2.35638845284977e-07,235914366087.4352
9084511.925179444,2.257339775913211e-07,245039995902.109
9239401.921315752,2.310469525111296e-07,245382562038.9621
8127941.572499616,2.487565907558056e-07,205493225456.4074
8283985.757117717,2.445869873182614e-07,211811943461.883
8614957.980765982,2.429514166655071e-07,221262020025.3622
7576694.299033032,2.532949872149342e-07,189261394131.0475
7749591.728464589,2.516978693115385e-07,194398300457.3993
7815205.658476545,2.522480515461249e-07,195759056954.7273
7568289.735340809,2.512989234107442e-07,190051221111.5365
7728665.184249538,2.495892557646839e-07,194963764896.2097
7730619.634918408,2.507663534187732e-07,194402328460.9619
9318208.109274263,2.117888802689145e-07,262258940735.5859
8809857.768565197,2.241271793969607e-07,238766034475.9565
9273438.283795707,2.119586798770666e-07,260859494704.3694
9431103.920687944,2.06401818448568e-07,270035078505.0331
9005578.437187575,2.191419392881357e-07,247758148085.8264
9345267.264223991,2.067638529284543e-07,267264934164.9925
8358215.575556254,2.391272298476403e-07,216950612086.3075
8491751.265281083,2.334018325036041e-07,224006742341.6844
8622155.513375103,2.310143159300268e-07,229011129712.5234
11646888.23936296,1.850707572943351e-07,358633928398.1799
10546361.72338507,1.885123026528165e-07,320781660134.9942
10401502.94152227,1.874675512937335e-07,317549932764.8954
14034765.71594375,1.752137404479598e-07,448221887344.066
13033657.53259539,1.79966036324742e-07,408889480602.6694
13791284.43106792,1.752434395905658e-07,440396172963.5599
14191324.88871529,1.66369497728534e-07,469145050676.9067
14330242.78655052,1.718156127417089e-07,463672990224.6749
14084200.6632569,1.718452518875455e-07,455659587505.2467
12997146.29980357,1.832048698696931e-07,402924180897.9109
12642773.7029762,1.838466655289159e-07,391025601584.4021
12177665.55766833,1.870436250019224e-07,372336348603.7991
9880683.237472264,1.890805626012968e-07,299931711681.3264
9761816.365432972,1.920317257583459e-07,293279682245.4572
9777978.495693585,1.896220921466955e-07,296248701312.9694
10464091.76967085,1.815539455243903e-07,326360616960.0607
10027655.60537098,1.859470813856868e-07,307803225026.111
9815698.26092702,1.844310709784266e-07,302945942895.9694
10103850.18583789,1.902947408831029e-07,305400005678.5537
9842716.713605901,1.921992152279388e-07,295538396294.5688
9962073.632391008,1.892494401412505e-07,302222419766.1494
11507468.69403763,1.870299528630452e-07,351861993696.9783
10819486.03008,1.884021293783843e-07,329217383630.348
11933820.61135306,1.849620992862526e-07,367613124356.0792
11099931.12553323,1.887362132677433e-07,337352132009.2419
10317559.70975656,1.917886677229186e-07,310238026701.6682
10424430.17763115,1.901097315478464e-07,315294280339.4353
8958060.960579289,2.346885081448164e-07,235443188557.4814
9069198.593424175,2.272422990267992e-07,243543267834.7157
9042172.586983563,2.247820338915474e-07,244586075008.7195
9991692.257153904,1.942482846442302e-07,297898000200.7885
9778928.335415686,1.985824928765448e-07,287296691431.3203
10096865.88093097,1.925705047958175e-07,302779691095.0526
9205859.985807568,2.18962919102642e-07,253406246340.4959
9449765.158156499,2.071910680707807e-07,269881840310.2411
9235524.099280655,2.108820520075954e-07,260676451213.4395
9507300.906823009,2.011469266304399e-07,276937417967.9921
9650231.636565601,1.966775777874243e-07,285343403604.0358
9593876.814492824,2.007869769266904e-07,279793171112.5298
11870709.7879648,1.887319215094715e-07,360783316554.7863
12329973.93533438,1.855356283958829e-07,379033223407.9473
11751933.04325277,1.89957938733508e-07,355634874812.8745
9033057.650109299,2.491419557712229e-07,228141102379.3855
8824600.977381404,2.499620426731302e-07,222388521199.6107
9295728.213229306,2.482238995745963e-07,235353695189.4705
8949157.288981078,2.482305516101479e-07,226574998784.8769
9027444.242599471,2.486535282264087e-07,228297802275.2102
9140514.931967549,2.475101620204889e-07,231868617627.8814
8821343.543318756,2.488490681860352e-07,222968779488.0183
8629319.135576125,2.499816752978082e-07,217455842802.7698
8899070.652761914,2.492707361605948e-07,224679676871.7595
8333561.892867504,2.535039094566278e-07,208053115911.889
8297314.853487591,2.525286001220084e-07,207681202379.1143
8175148.481229687,2.529916756026932e-07,204373615671.4109
7856127.134938755,2.536348592474156e-07,196066114113.2738
7720274.671396422,2.542816417140229e-07,192348770272.5315
8080362.517252767,2.544045238670656e-07,201255438721.3485
8251656.95521453,2.544504830253654e-07,205497075218.6588
8328651.699912549,2.541064723274892e-07,207601688963.2998
8442093.429892289,2.541947553534776e-07,210380636019.8734
8855715.36910555,2.461316998936564e-07,225482036552.2635
8589654.869164655,2.501347345088541e-07,216368007301.7684
8646748.545579588,2.487076143782251e-07,218638568404.6372
8844576.330289004,2.504137017439052e-07,222623825965.4597
8656570.050206779,2.514118881929837e-07,217314468113.1028
8968524.314302953,2.499787141520783e-07,226005480165.8182
8542388.94880558,2.532336280262019e-07,213418349521.8118
8420384.342356749,2.535714848807659e-07,210183348090.0356
8611928.740134696,2.527351229629884e-07,215438521757.0152
7758722.296218093,2.508233675075865e-07,195079460025.2059
7762988.418986864,2.50310163669486e-07,195453423656.163
7712200.230756599,2.505342402920683e-07,194058902381.0066
7903594.241078506,2.497078007364014e-07,199313429985.4924
8115778.244562568,2.492535147703792e-07,204912905418.0855
8061673.207687109,2.490933982266056e-07,203634040084.3668
7925722.656352716,2.504738993779605e-07,199463707172.422
8013501.986758551,2.510743775478228e-07,201351136753.6164
8064143.242427547,2.502523179206872e-07,203067066156.6965
7428803.606651823,2.51508975492236e-07,186444632487.5395
7739536.080483636,2.518282316947517e-07,194079047413.7986
7503892.897733016,2.512293594979936e-07,188468901543.6684
7911804.061980492,2.522302070629615e-07,198188047454.5348
7817207.87982922,2.523952028652308e-07,195733095112.5283
7968952.865128201,2.523516624791038e-07,199555550215.382
7491347.809178307,2.527617203160661e-07,187392595285.4084
7608284.822381271,2.527854259458906e-07,190305821947.7986
7773444.583853553,2.523902644514167e-07,194639855905.935
7221745.810203199,2.52402199392594e-07,180820129036.4937
7318012.785488695,2.525858208947933e-07,183141676573.8842
7289031.727066473,2.518953673466702e-07,182749579781.0327
7191273.769325262,2.528193692921486e-07,179859035488.1761
7166963.002302512,2.535659119890433e-07,178899001475.2434
7287338.10450432,2.530035372018024e-07,182173215587.7033
7772748.570021036,2.530071603834881e-07,194305940278.9799
7726956.990107639,2.526578685929927e-07,193339211374.5443
7655340.197284213,2.528880648752765e-07,191431002216.6592
8207740.462456825,2.543507929307912e-07,204456796208.2059
8267682.656280369,2.539991031055101e-07,206140033876.9406
7939133.005240691,2.536475111443625e-07,198131110761.8888
7744403.792646078,2.54653463706847e-07,192762077017.4193
7980860.514549442,2.548441652310905e-07,198548491002.5578
7678588.961810056,2.545729262274701e-07,191164220594.8609
8475318.621671,2.542094763023656e-07,211200468272.7125
8402787.302273292,2.54139930203834e-07,209431224976.3573
8342356.43922192,2.54491099885664e-07,207733725248.6627
8628986.246995695,2.517556830870141e-07,216424748473.618
8733312.558735635,2.517898321281263e-07,219021565070.1022
8940447.502131086,2.503229859634544e-07,225091331547.6991
8413451.216919489,2.535556406070969e-07,210019037295.015
8493947.856816839,2.531994326205674e-07,212227229743.0517
8377030.662738432,2.525804846602442e-07,209647768254.5519
8508697.538433691,2.539676678201855e-07,212166819122.3261
8394807.676389653,2.538793123409848e-07,209375506717.7411
8516627.516118338,2.535420147845255e-07,212602171092.921
7565896.845119034,2.521014985443656e-07,189587688216.8052
7607887.114911548,2.523421653064861e-07,190518656251.7549
7680455.869787619,2.528668272390596e-07,192069803405.9904
8537749.639609309,2.524117647657569e-07,213765207118.6019
8571865.190457217,2.529438369968317e-07,214318304138.7244
8641524.61198717,2.524448699243073e-07,216344572708.8221
8627319.061385216,2.509515183180057e-07,216844947725.0508
8572159.561675163,2.516559124266782e-07,215056292401.8669
8759251.90433133,2.506569503044833e-07,220333490890.7521
8392495.05392045,2.522843638485467e-07,210199109078.0721
8509519.741779648,2.529037839817767e-07,212781973194.9972
8475528.606986441,2.523718161643501e-07,212229731852.468
7645332.187945331,2.515965997286948e-07,191834411981.4095
7654828.506018225,2.51228648744521e-07,192260185576.6773
7568264.827426765,2.516247337000436e-07,189886505222.4661
7782819.953440648,2.519976772236621e-07,195076950755.1351
7790602.625340736,2.516274961349031e-07,195463492996.3671
7889155.598359152,2.519302169918481e-07,197777559978.2739
7750259.795416795,2.51279638138359e-07,194630722743.5656
7713483.461253908,2.510651100138527e-07,193817495226.269
7756433.804084647,2.511234105169408e-07,194866547102.6272
7893843.476868965,2.517546785573322e-07,197987061817.1033
7795261.135214237,2.514520183601764e-07,195671354336.2736
7801453.038848997,2.512957667475839e-07,195907945489.0774
7722904.054185037,2.520374877578787e-07,193554769741.2443
7649246.293898528,2.52089466285813e-07,191682373728.8064
7730656.718325718,2.51667286963148e-07,193939026158.7754
7897689.818732427,2.501015777379449e-07,198955424766.7115
8074486.385006339,2.495055017596119e-07,203733050942.6226
7862846.429543825,2.499600254485239e-07,198152437949.2995
7828967.762282657,2.521600817736244e-07,196149383280.1296
7935617.129028948,2.52092609066253e-07,198856884396.3018
7976104.463186393,2.52277103015713e-07,199773989768.165
7787357.147311922,2.523966750587957e-07,194984911938.7264
7792022.784715151,2.522360980104068e-07,195184527424.0574
7938813.523217698,2.523531324131464e-07,198800040039.8608
7610746.926173201,2.520265553982831e-07,190749355165.5122
7568748.75411423,2.517858460996459e-07,189817630154.8018
7691952.761961058,2.51604338579626e-07,193000243985.1624
7764180.693215715,2.503870011296141e-07,195443447587.2762
7759914.242809464,2.509002578303687e-07,195069565533.2496
7716954.251423297,2.508418785694278e-07,194019730011.2059
7811790.216652131,2.504048562511388e-07,196632548105.871
7777137.043457914,2.502631200059443e-07,195834189756.1471
7729871.153834392,2.507180498986024e-07,194408472274.2089
7501705.915672265,2.57788999392344e-07,185204036392.143
7355306.568722033,2.621726432193171e-07,179559834751.5395
7317430.322573895,2.625999071166e-07,178441370566.0183
15781626.31003414,1.124638203920003e-07,677344903365.423
16015554.24204395,1.10773057330883e-07,694361891823.7087
17762733.2537642,1.088956684612874e-07,778937699949.8955
14004251.63041314,1.176960907192667e-07,583111867548.25
14817726.70420663,1.151712008161593e-07,625968266450.2957
14885373.54212814,1.154998312173327e-07,627632616208.1711
16151664.74993021,1.095353996095288e-07,705528064260.7701
16325541.61394169,1.075129894351095e-07,722038418774.9579
17906060.6476863,1.076591126490593e-07,791224124523.2737
13623976.13270504,1.162933694292291e-07,571830397940.4082
14985137.51661197,1.126214619262404e-07,642559416452.5682
14758888.11169831,1.143150716428509e-07,626591710520.8481
13206182.40589574,1.169211487869452e-07,552308731397.5092
13058004.84532477,1.168303033036979e-07,546394714148.4923
14546811.19345934,1.132515619235326e-07,621448296422.8152
13088047.13796601,1.278504815261035e-07,515711249612.1409
12256035.94958125,1.296817077638867e-07,478370304223.1475
12487534.37072545,1.28242991597984e-07,491044596349.0005
12304750.22433825,1.243205109931538e-07,493981795829.8958
12063231.55368332,1.261379855205321e-07,479622708148.6302
13010592.38953599,1.263555904704319e-07,516694806881.9019
13217140.30999365,1.202506161265481e-07,542516094786.4443
12565214.69953038,1.221349340839763e-07,510438368801.1856
13172234.15272181,1.213152615173718e-07,537504968491.2718
13185134.45897881,1.201592087625577e-07,541476803404.0034
13374163.22987891,1.207172601232446e-07,547545700171.5011
12215089.72801599,1.222789743251931e-07,495825437047.9384
11476608.86285199,1.289614707089276e-07,449614452048.0667
11469071.52492224,1.297103117056971e-07,447588162917.5796
12714054.60311545,1.279995168523649e-07,500585791671.1535
10762694.02663352,1.054428685224594e-07,482217372576.2087
10766298.3050548,1.063019547419079e-07,479776429764.9724
10653429.67575065,1.068286642816414e-07,473184937035.6754
12126123.4067043,1.026874342594208e-07,552981304322.1641
11739707.54167148,1.033156384354051e-07,533187429795.8999
11829839.07216877,1.024476039532608e-07,540311610111.7546
13597875.86641452,1.031449827645359e-07,618261685901.5
12783431.92417454,1.027398192332055e-07,582758027775.0499
13278153.5720558,1.028283733175955e-07,604963320225.0986
12299513.4931753,1.03952739577402e-07,556327643763.13
11870803.84655423,1.046909562220248e-07,534409312814.5396
12247175.56508155,1.032794448752542e-07,556365271805.156
13448188.48011955,1.033435448240411e-07,610672295428.653
12691475.32969869,1.036178432929853e-07,575292983846.1603
12638309.10528575,1.02935515520747e-07,575411861883.3168
14875655.86228457,1.034568129613238e-07,674999408554.2942
14121857.01428744,1.033311275702366e-07,641314457958.2744
13795996.5544627,1.030059397618091e-07,627834097033.7213
15445924.53371021,1.036766149763914e-07,699885027013.61
16057883.45155858,1.038755918236648e-07,726684606754.4929
14677626.80122465,1.035485553064095e-07,665620176964.4468
13383106.08746211,1.060195564227385e-07,597447294394.7787
12818648.2027934,1.073056789065347e-07,567667143143.9683
12192612.09274495,1.059058087778249e-07,544691046099.0595
15518867.70878884,1.042918993421938e-07,700421786768.7666
14163780.75473589,1.050910472068086e-07,636016987955.6652
13385662.19126426,1.04235885983529e-07,604359035233.4644
15365345.36323493,1.074639584898259e-07,679777997490.6353
14819371.92298573,1.100738521611951e-07,645218811383.1895
14423006.90928684,1.068900689435282e-07,640369895068.2264
11276181.20548565,1.158586067067296e-07,474471188023.4836
12164864.00427931,1.14648992288638e-07,515458568815.4748
10968277.27283549,1.175449558138107e-07,457090739412.8887
10325475.42840906,1.183637667974565e-07,428315909007.6323
10820023.28259975,1.167859218813172e-07,452864071110.8346
10518455.04463924,1.184751828942492e-07,436047395292.002
10976050.69637458,1.138310104557036e-07,467310683986.2732
11567396.96779236,1.125477183572096e-07,496224089035.4335
11161555.7321122,1.146894940583282e-07,472834300989.1567
10364681.92155748,1.175023753387778e-07,432040919131.9525
10677184.12571299,1.150618003423002e-07,451338750316.0044
10860156.83043237,1.159328337307041e-07,456770936378.3381
9707715.698707286,1.12053248264868e-07,417670769049.5748
9965414.82106589,1.130305866997344e-07,426283045782.413
10009205.5151554,1.137647219188792e-07,426312303619.0197
10673204.61185711,1.083483086329149e-07,469620173243.9478
10631136.38828826,1.075520455481964e-07,470075092308.7155
10743887.17302728,1.070327313942398e-07,476595971021.7502
11141459.87514735,1.076245843807855e-07,492418592367.0162
10799913.16985223,1.083660964652104e-07,475143337665.2222
10871013.36219314,1.070509043614913e-07,482180677152.7017
10190094.89631204,1.112976558390274e-07,440407003768.2246
9941651.564533072,1.106679896700297e-07,431297748138.5644
10422356.60521389,1.098258807534999e-07,454460489709.5496
9588230.922425281,1.112991271119663e-07,414391316387.3108
9734826.269299647,1.11036535932297e-07,421390042642.3029
9980687.751966607,1.116636215314947e-07,430413610536.7474
9589336.752462164,1.115138289101232e-07,413906981254.0341
9532727.903141782,1.115558105007338e-07,411360322406.3434
9845470.146012465,1.124736674173167e-07,422541356340.8051
11683822.99549673,1.083170866601727e-07,514186087909.6037
12430890.71975692,1.086291162186944e-07,546015223013.7952
11965292.39762772,1.102381958372729e-07,520437503237.5141
11764468.82640206,1.062338291913084e-07,524481812453.7155
12379553.90253812,1.076292309464271e-07,547122829972.1826
11634054.31143402,1.073146485743776e-07,515179312350.8849
11547154.91119848,1.047092340686316e-07,519778530471.9525
11558980.11086718,1.055009690930397e-07,517704433082.1306
11429712.76964516,1.065883831917601e-07,508427149745.1799
12563494.79524206,1.044634233852391e-07,566414411577.5858
13317680.98222572,1.053120137476854e-07,597186519737.5117
12130168.34279073,1.051929118233218e-07,544347012133.2521
14121764.47515337,1.115720074000032e-07,609329399226.1158
13184479.28902814,1.122155773214814e-07,566710009699.2931
13162997.09549689,1.096701678182891e-07,574507602499.7793
15459053.44900866,1.103490694258069e-07,671950243006.3369
15078488.54222574,1.109342776846493e-07,653101433546.0591
15629171.48478283,1.083313105270885e-07,687754264000.0079
10807442.57829052,1.051590674166892e-07,485093124765.8126
10666909.32735998,1.067763944038331e-07,473938259196.6284
10789333.92132483,1.063428867169166e-07,480679577635.2939
11295273.9839068,1.067562546917934e-07,501920056730.4866
11022955.60792146,1.061775701379846e-07,491597354226.8046
11412025.16271743,1.048798240340435e-07,513138681435.3378
11323978.34057623,1.08457693045841e-07,497919102707.1155
11601105.41887576,1.103730751282377e-07,504185801728.3488
10979623.7180633,1.091897374387714e-07,480617495032.7036
12099700.21747731,1.032607695128711e-07,549732026412.1049
11725619.15321063,1.046709497757834e-07,527940534307.414
11713708.99833522,1.038749890992661e-07,530095075736.3904
12692085.26922212,1.095787067684465e-07,554262548163.6559
12713179.85380533,1.121107235890631e-07,546792758021.4844
12221574.42319047,1.111787900844067e-07,528582192193.7454
11743009.67105945,1.180024478203198e-07,488111164131.8746
11396092.98485692,1.193042634525892e-07,470239032187.7554
12350808.4575571,1.15415391996208e-07,521018206062.0635
12742393.64005654,1.170620421348591e-07,532484478804.5675
12298906.59380056,1.172886121822842e-07,513289765393.9178
13848770.97545776,1.140668282277825e-07,588805226165.0533
12270851.11207484,1.18887706962695e-07,507516367433.5836
11935005.5329257,1.213494949695134e-07,486927133538.3709
11835720.57081548,1.191093443096686e-07,488912132008.8666
10104683.12051626,1.172587455127076e-07,421786365054.3624
9612812.523086788,1.197893887662676e-07,395583564836.3595
9876021.199157218,1.189865148337458e-07,408241217752.9534
10554281.55926365,1.150900126810445e-07,446070583054.0645
10243596.52577138,1.175253163644753e-07,426938033014.1083
10368608.7175052,1.160369237628348e-07,435835914173.9219
9643336.857384654,1.116898573176875e-07,415800346474.9266
10036908.55066646,1.120620302670639e-07,431811604652.2632
9957873.653469518,1.126196847397947e-07,426995934532.5243
11927711.95753707,1.124230052803944e-07,512059407118.6367
12413429.82963778,1.133622288478158e-07,529963804975.9534
11515542.37701718,1.14574955634548e-07,488155214350.4374
10257116.66421819,1.19540359707781e-07,422683786856.237
9779421.939460495,1.210374786831154e-07,399668516853.8036
10066560.6515267,1.194264880608058e-07,415094845320.8614
11740066.86069326,1.278643615709018e-07,462563003098.9006
10939447.48500331,1.290810933349201e-07,428305479873.6643
10720103.46949813,1.265664361107278e-07,425258767614.2438
12653367.86253882,1.241702677028047e-07,508386944467.2923
12374109.72748859,1.263409656732199e-07,491455841424.3675
12117494.04968191,1.238529522152086e-07,487687816838.532
12941066.21468394,1.248693370616697e-07,518003692222.9507
13263198.20172305,1.266472451440674e-07,525917668479.681
12658633.578253,1.270401172220008e-07,500909849706.7267
7960497.528580891,1.268202643338735e-07,315365689779.3948
7954954.295991729,1.27546866335176e-07,313948076676.6043
7630834.592355267,1.274996518589853e-07,301230799072.1913
11881563.5174519,1.271375650684623e-07,469920438367.2709
11579082.2580324,1.283186264525933e-07,455142793842.2917
12821899.15215842,1.273550139559869e-07,506533677054.359
11669924.81175496,1.244127348786574e-07,468264786360.9411
12019618.98546314,1.255530322736842e-07,479371889950.9388
11743380.87287679,1.259942039588289e-07,467260893668.704
12904073.31067569,1.206031045577965e-07,528633275261.1042
11944621.82134049,1.227207062277313e-07,483682647334.554
12260013.08332642,1.224856908393663e-07,497088858996.797
13166958.54278391,1.218066986600348e-07,535843565180.9662
12371922.65362927,1.245091585585523e-07,496176659394.2932
12017103.044756,1.233654872994227e-07,484920636067.4274
11456413.76985278,1.287435675825611e-07,449329567370.1653
11247948.82590847,1.286650901774562e-07,441332773333.6494
11546101.68664582,1.27485517447214e-07,455821504935.9363
7122887.565012859,1.290557882927588e-07,278914502879.6323
6922796.042819014,1.29078401459374e-07,271047757087.4518
7257731.856739624,1.282529798924167e-07,285379392484.8896
7797452.654456323,1.280406187762492e-07,306940528750.4874
7339719.389622165,1.287960793674108e-07,287791322131.7273
7476591.179558082,1.279936568652749e-07,294382057145.6956
7134822.129670958,1.310153357581273e-07,276589100044.33
6719867.328340195,1.314216945652104e-07,259965663823.3876
7057109.34002593,1.300766072738223e-07,274891121003.0966
8136835.931946838,1.361049780455248e-07,307519660063.4113
8688788.449386518,1.362536820470584e-07,328140920354.8811
8113604.595772658,1.361733681263316e-07,306538988174.4828
9562124.192828434,1.346786064939128e-07,363933446743.1306
9295177.650008574,1.353955506547399e-07,352523521001.9656
8535189.829173621,1.356344923543451e-07,323320384861.338
10219331.23330331,1.314619405856197e-07,395265688623.6224
9854125.263217047,1.333579929767872e-07,377518910885.5294
9047062.252080545,1.329669205433316e-07,347278986035.3096
11350136.48267183,1.317590070460562e-07,438343133973.4034
10672065.05683587,1.330460146710342e-07,409493693190.1935
10403008.03654762,1.334335535230177e-07,398396547297.128
12144437.1528141,1.222029272087733e-07,493162053664.8297
12483196.21840702,1.197389026727354e-07,513849116951.0666
12680899.94815969,1.225180666765317e-07,514063362487.5369
10676852.23158304,1.241954554710012e-07,428916508849.6089
11007154.87897245,1.220632700807446e-07,447320096935.1209
11445367.70284783,1.230012249754807e-07,462761043776.3915
9400972.669068467,1.293401874827987e-07,367578808772.8309
10138413.37705923,1.269368255169869e-07,401400805330.3306
10351753.97130011,1.294496426194091e-07,404526246176.7598
9231253.73623009,1.24762234286749e-07,369719133050.1143
9550569.46377323,1.231488077504336e-07,385841668179.2233
9942191.329399807,1.247635875187841e-07,398189875869.7887
12357179.4939863,1.164952793695594e-07,518060487938.2143
12980471.97831383,1.13916351852471e-07,552373843248.2815
13910602.42492589,1.132842060435004e-07,594154916071.3386
10838644.18422974,1.318058713388896e-07,418490035512.7499
10832840.2104545,1.315048108090172e-07,418904066810.129
10746612.41327059,1.320682110882083e-07,414386936416.4494
11533764.43311584,1.311606412747073e-07,446788572014.0876
11115172.88681016,1.31039943991308e-07,430837757069.3311
10850145.80740025,1.324474574508552e-07,417580128818.1419
10954093.40136539,1.296548598766999e-07,427612678072.1115
10843976.57726345,1.307461426011984e-07,420955299197.5229
10687485.97474416,1.304262169628951e-07,415558617432.0146
10327231.87686744,1.34193942958909e-07,393999181081.1575
10808892.15690989,1.334366338216181e-07,413934030338.267
10314869.02572935,1.345605471829034e-07,392812429581.2437
10296131.62852288,1.338773125588331e-07,393431771971.6771
10113984.06732218,1.343671059468896e-07,385531874271.2124
9758415.526119828,1.349817908979979e-07,370847921888.8284
10596273.44343237,1.326287165286539e-07,407437919692.4238
10600013.43871643,1.312452367054857e-07,410440979671.5764
10761647.97190857,1.318663675151975e-07,415390046911.7803
9460736.434683081,1.327472427612358e-07,363558752198.5602
9670218.895332357,1.337837126433345e-07,369686968802.5024
9595611.176062256,1.322704616078003e-07,369627318901.9253
8163144.113052608,1.245239421467053e-07,327357445427.1729
7833650.086943767,1.26112551965928e-07,311500412380.7565
8319044.084722067,1.265248502686074e-07,330082782070.4363
8453457.447179103,1.212416906288411e-07,345090535483.8588
8319047.676098808,1.233059958896612e-07,335802673754.8795
8476422.324661307,1.253069922887342e-07,338502891451.4615
8411193.1246826,1.195629125043027e-07,346571847002.3585
8307770.780236793,1.185922865743961e-07,344175704641.0843
8277121.123498251,1.21625846562653e-07,337180196752.9033
8009627.124215504,1.355054520756407e-07,303604207323.8765
7126400.913546676,1.349442273641242e-07,270874034902.4948
7774802.309235795,1.357911770814326e-07,294289648564.3303
7647286.474922049,1.286267044674679e-07,300114236665.5792
7384463.913413803,1.316934634009799e-07,285283175256.3789
8159560.48273702,1.319249308944799e-07,314858567872.988
6836720.657581423,1.278735512747405e-07,269356432292.8534
6412697.325054017,1.283947773073543e-07,251966325792.6961
6877360.046979122,1.30835736614181e-07,266852231444.8721
7197276.139103836,1.347970269558426e-07,273767121665.3587
7633079.7316983,1.347342069776684e-07,290434286869.9484
7741786.050337988,1.355256480456659e-07,293422561037.1205
6884052.018888284,1.347737619588188e-07,261882961010.4926
7006563.592154704,1.348241570191278e-07,266477119806.9846
7521574.95673319,1.356210901498358e-07,284942546036.16
6600158.699517285,1.329725278727751e-07,253345441808.1876
6556104.339376468,1.325682777390172e-07,252165758703.0764
6758156.106362359,1.338528031868485e-07,258271551905.3444
8652013.475823972,1.350207366971001e-07,328738224357.7355
9333823.798899189,1.345393629049476e-07,355489425784.3125
8757129.406464221,1.337727586430968e-07,334798352352.5438
8845997.748105574,1.362903329372706e-07,334018193482.6508
8753920.091709647,1.362519788727966e-07,330603438016.2606
8265545.028935916,1.3621020106799e-07,312223130235.787
9430162.841056218,1.357836320378529e-07,356961116537.1079
9981766.276996555,1.347814065087953e-07,379711782793.641
9969612.027623812,1.351473200568246e-07,378564570007.9724
8594856.958402809,1.339177745887049e-07,328357170103.4482
9381927.78066705,1.343091133545733e-07,357729781673.5146
8364991.696076762,1.3526499935878e-07,317449921715.0402
7556118.006540206,1.320906318172495e-07,291329224979.9591
8112580.847674432,1.331643564081739e-07,311100260608.1512
7779561.392089483,1.337199712393136e-07,297502712204.57
9085588.416509096,1.306802491196652e-07,352814498192.5461
10020672.5714364,1.307924522106152e-07,388903409018.2887
8860202.333687784,1.322964873232926e-07,341254272584.5227
9869254.626258973,1.351858207472063e-07,374682658036.6668
9679466.363863993,1.349737335625326e-07,367862265231.9755
9237982.669195527,1.357834538347174e-07,349686802754.3277
9218338.32325826,1.361048300925637e-07,348393693276.3446
9751779.156679424,1.354687587717111e-07,369707070543.1263
9124337.783892229,1.36066618487364e-07,344905637723.4729
10942796.68708916,1.331266511707528e-07,419712263229.126
10855763.17057081,1.329521923595112e-07,416738244623.6024
10445687.22708748,1.342492875684937e-07,398408893664.5099
10634685.30431487,1.322079932780537e-07,409781958848.6669
10274080.91109359,1.320024216536572e-07,396297849657.9277
9950127.708436871,1.315989567925557e-07,384586194684.6391
10986498.33601621,1.325964184930755e-07,422511076149.8733
11008389.07340531,1.325502100542926e-07,423451319395.1285
11083092.88415166,1.327159382073657e-07,425969906486.8392
10446987.89798764,1.336540517301931e-07,399640664395.8755
10797749.26909734,1.324019777162499e-07,415658746694.1033
10931401.09528684,1.328971622725734e-07,419757719110.4037
10390823.15065446,1.330644966163196e-07,398665349193.9566
10471555.29872325,1.335978549277505e-07,400692795454.3211
10399959.6150608,1.330535236956294e-07,399037826069.4732
10855545.90348716,1.326097116915363e-07,417447099232.9093
10561689.34668698,1.327690685617606e-07,405821872444.4823
10877305.85270916,1.325635179658473e-07,418381038070.5607
10452066.135431,1.329820335454853e-07,401180826878.5181
10484614.4281527,1.33579813867463e-07,401228623561.044
10403831.85766166,1.330467245159026e-07,399200000625.4832
10691869.33121293,1.324513999516581e-07,411480514157.7593
10576494.84856051,1.326602482901408e-07,406612967664.4365
10821364.35500123,1.325654929530844e-07,416225189040.9371
11063048.71674076,1.326059519511401e-07,425434605427.5558
10928592.04232934,1.321103494384848e-07,421314416586.1943
10966541.74670959,1.324863499944192e-07,421977154509.2772
10779596.91920939,1.315514677650493e-07,416746591276.1917
10626400.90952421,1.319904347143343e-07,409912558482.625
10693581.71127451,1.321141220262034e-07,412246550464.7827
11108988.5273272,1.309236705551918e-07,430852948997.7067
11472596.83620332,1.296430854549595e-07,447880505561.3964
11769603.24807882,1.297355537042044e-07,459257033892.9385
11443004.49974786,1.373311264859324e-07,429893369788.0369
11101705.11693749,1.328470278157819e-07,426404512959.3627
11762106.36977586,1.316599768177374e-07,454481196616.7102
10690792.91395148,1.337132074629825e-07,408846589548.04
10561016.21902405,1.324251632018317e-07,406498266936.2789
10455097.03131071,1.321264028509005e-07,403027790320.205
11507381.74194984,1.363440697799299e-07,434395867399.4072
11159832.06193498,1.364912793737963e-07,420973142649.8569
11320996.18561686,1.380595445981414e-07,423812426501.1961
10723830.33074397,1.348046151815775e-07,407893476925.6686
10927176.63693943,1.34759146015126e-07,415721478694.7648
11236078.40926078,1.356967724439508e-07,425502140500.6036
10936448.19183722,1.343861759204539e-07,416843694145.675
10677447.79463473,1.335969501257784e-07,408573091608.8521
11330804.55373474,1.350292620307778e-07,430502309523.1245
10781908.22937495,1.32612753700384e-07,414609041662.9533
10467689.01325919,1.328183109059927e-07,402110588935.1938
10476859.20137473,1.328071290601345e-07,402485446957.1985
11840395.57924388,1.473910050510334e-07,424344807117.6436
11570518.854431,1.474228291137343e-07,414613087626.4526
11739788.71370536,1.499951451767519e-07,415855208853.4169
11212178.21802671,1.362597275312809e-07,423426773107.6412
11331656.81152216,1.356880078130908e-07,429140104198.8291
11763509.94333406,1.375508240351771e-07,441463490640.4806
11148540.33028911,1.400983199103572e-07,413297448812.2849
11504514.6420058,1.372464005109821e-07,432382052719.6865
11318152.40118577,1.389599933203672e-07,421873598866.9713
10716642.49833959,1.344537486866564e-07,408328913351.775
11070328.9159122,1.349139451784013e-07,420845443873.1316
10952239.72348471,1.354850998516195e-07,415185250994.3627
10616383.25587985,1.310660620445622e-07,411449388322.3997
10877003.32843103,1.309248566566632e-07,421853046729.4233
11193333.73113761,1.299129370950127e-07,436372980075.3103
11666414.69833917,1.36609569029856e-07,439828461287.8745
11165318.36375081,1.344739519972289e-07,425381892093.7617
11051969.04216074,1.35018794757608e-07,419929941809.6255
10898089.55323654,1.331268522768747e-07,417997094852.8455
10723026.04678672,1.325080514882607e-07,412561960701.3376
10655752.67321319,1.323841589559626e-07,410229402594.6267
10919267.13826372,1.335145501466361e-07,417998214363.0891
10676693.59029275,1.327726037590447e-07,410233508217.5653
10807176.92317573,1.340602559812017e-07,412583857248.488
10680389.06118594,1.332506210580564e-07,409393470798.0297
10971985.71965574,1.336602498010268e-07,419711035254.6428
11066922.21457549,1.343087190561542e-07,421978884143.95
10591417.62846164,1.328284019582929e-07,406842949792.6497
10706873.2548623,1.326195291205847e-07,411709612821.8995
10881805.39085926,1.332381026300847e-07,417140152025.7158
11062965.21641005,1.403675213869381e-07,409600482392.5009
10975231.12437851,1.400344548886384e-07,406996247068.7727
11417581.43994741,1.375106064578708e-07,428564953480.1143
9671254.878329696,1.311471366089319e-07,374665427674.3868
9990672.710102139,1.3155081298121e-07,386247523317.3511
9504974.182080142,1.304016319895284e-07,369625782639.5516
8946203.75566751,1.284122245037248e-07,351480475853.359
9409056.990628898,1.303625276851027e-07,365968958932.0895
9245055.644383425,1.296169630952045e-07,360967666212.584
9835552.148368642,1.316925810796021e-07,379977492341.0571
10506480.61343798,1.321205822800172e-07,405020442802.9491
9838313.298609221,1.315195422433961e-07,380417472710.022
11086106.8950063,1.326975016859768e-07,426125212593.1455
11011392.91004856,1.325319040758684e-07,423605868262.3981
10998504.18951476,1.325237024694917e-07,423127498744.9709
9166146.167509198,1.219971160693068e-07,372637938707.913
9718464.971253695,1.191456647227988e-07,401370556498.9487
9235856.825856354,1.189420515077807e-07,381874133305.9416
8749574.550770303,1.262727036707016e-07,347627359507.2681
8882400.334358728,1.245743831677982e-07,356104815213.4844
8775746.224051856,1.247126530592726e-07,351568840828.9332
9439607.477738772,1.264614750439645e-07,374669585814.6826
9887997.818157151,1.242311483053663e-07,397150117656.7612
9239453.368760586,1.245162481390818e-07,370534735720.6765
8903815.566751545,1.278396819458659e-07,350858795256.7714
9201964.439649988,1.290453900154066e-07,360345321324.1522
9235772.246609405,1.280847694969447e-07,363475286333.051
8818317.634555146,1.281353387599958e-07,346954978588.1533
8733652.579567151,1.27163883312203e-07,345371680676.4144
8759800.446943354,1.256051086120856e-07,349265758838.4294
8961387.811692465,1.293052032829796e-07,350454201729.1669
9337094.533773528,1.302846871012446e-07,363314590874.6915
8876037.058723802,1.283337939693555e-07,348865816809.0674
10151844.7828305,1.307638056706973e-07,394051756695.3628
10126652.20952104,1.321193025094772e-07,390380737274.3354
10473437.06761789,1.310044778752107e-07,406036554442.8838
10485626.79097844,1.246400375260643e-07,420232221100.474
10380026.53157659,1.280570637809514e-07,408566515288.6783
11278862.55517937,1.249495087478327e-07,451276033013.6435
9903347.904413518,1.32030335088563e-07,381943877195.9519
9985047.023418881,1.323729392372849e-07,384430030766.2881
10010062.94731435,1.310181736096866e-07,388045318004.3779
9393008.523502115,1.298598552067913e-07,366286945148.2358
9667351.203248462,1.31109374921441e-07,374586106333.0423
9427165.153311685,1.289053541859761e-07,369431404616.665
11126409.78246805,1.349604869178691e-07,422880143541.0095
11524146.10388141,1.356035122111796e-07,436611124394.9937
11438095.37115593,1.358933918626955e-07,432734466788.4435
10330567.72150117,1.336504322929969e-07,395194244027.1609
10700432.35961196,1.342501942619187e-07,408123288643.1972
10499216.84059136,1.342887683877726e-07,400372074329.9074
10312380.25291299,1.333785120230568e-07,395034482248.9755
10425971.42414545,1.331868407926603e-07,399768881650.5526
10681922.02965727,1.339727216278259e-07,407979633577.214
10322097.3411063,1.327961719129191e-07,396561832754.6857
10209074.99505415,1.329834403419859e-07,391851353625.5754
10264464.11191312,1.32395655271812e-07,395142544067.2747
12189043.08148695,1.337256689733996e-07,466115014435.4171
12363184.07197205,1.357516305399621e-07,468058675057.111
11989921.62357661,1.371739475157223e-07,450784097011.7831
11703744.20879708,1.323773913663651e-07,450590753875.7647
12023669.99295687,1.328822397479137e-07,461734602076.6813
11825909.50499821,1.36330761000226e-07,446449127650.6459
10874828.16681262,1.393213527780558e-07,404647891345.4712
11144850.85650438,1.360327189324383e-07,421352273872.6714
11481133.95600794,1.38348444131332e-07,429208780394.663
12234663.07509625,1.209125926932237e-07,500354325087.1161
12587493.75071512,1.19197292466932e-07,519710718974.1383
12090371.53807173,1.237033217749103e-07,486988537486.917
11611650.49404122,1.294492406626961e-07,453761471044.9824
11063959.13016398,1.307039261185527e-07,429587339860.7127
11633344.92917649,1.319268464725743e-07,448899530209.0975
9553150.568578869,1.289808826808749e-07,374222353988.545
9794926.164097212,1.311859353861415e-07,379381645357.4013
9901057.011365131,1.301666146406514e-07,385491809096.9105
12011760.83611577,1.33412292612237e-07,460054671414.7902
12368726.30797102,1.348105793135372e-07,470445150839.3721
12194546.15101149,1.327833370077945e-07,468529120867.265
10414194.52932855,1.326051794694479e-07,400484175786.4644
11327586.08945379,1.327143125513929e-07,435370364681.0309
10765827.18191653,1.314929479102751e-07,416337723138.2741
10876688.34113771,1.345901433819565e-07,414146994486.9597
11392531.87127005,1.3548567535681e-07,431874934199.4698
11550848.41822914,1.339071096370581e-07,441311041977.739
6896071.687980901,1.237911057610496e-07,277635804345.486
7026319.641614117,1.252074290870887e-07,280742289543.1716
7337632.601066213,1.221123137284824e-07,298114423799.8112
8565282.533842087,1.217714283576675e-07,348640706495.4622
8588398.703051651,1.258362843789696e-07,342012206864.3253
8767198.135603495,1.254236980605077e-07,349897699551.8073
7692763.830068936,1.2198447832536e-07,312761065639.1492
7679509.710387033,1.249766545705167e-07,307218641078.89
8005779.508506481,1.233884245338365e-07,323013503859.0446
11402741.23600336,1.111090388926726e-07,493374093731.0049
10550360.30451389,1.11408399751923e-07,455675138243.1776
10786669.1651817,1.099295631872255e-07,470050325003.8037
10259268.4550873,1.151784759971034e-07,433379977124.8267
10147760.54096421,1.145542684490088e-07,430225379519.2778
10103667.4654635,1.138130062329578e-07,430213909389.0017
10543645.4632518,1.141396573465089e-07,448091202917.2614
10358066.61637185,1.150790097417563e-07,437805576501.4624
10201715.3367249,1.137056421381229e-07,434662183775.7164
10016486.36875848,1.186890105755278e-07,414739180027.3274
9647366.384030703,1.197151610838191e-07,397169603038.7241
10140109.20012014,1.171840662881565e-07,423444915727.2314
8958178.971430896,1.220980713897705e-07,363982523848.3125
9586284.615737047,1.201969049110177e-07,393599733672.3121
9326991.873986226,1.210078097456615e-07,381240764327.4456
7243192.10433713,1.265758817884316e-07,287317908266.6429
7175692.640358366,1.276533782129514e-07,283036396585.5579
6846082.876623596,1.279862496133875e-07,269566928486.1966
7635862.301478135,1.228444059923095e-07,308997167472.5377
7595695.449908257,1.248588192391634e-07,304056804960.2632
7486434.224449231,1.249860120657861e-07,299479711274.6777
7649164.872009338,1.20343212430162e-07,313809645566.2881
7785156.441595601,1.198309175833969e-07,320298388900.3009
8007303.950470758,1.209424637438693e-07,327416408226.697
7066394.256127788,1.282559672858293e-07,277851541660.5383
6808972.059290405,1.289857291881214e-07,266718890921.7748
6739334.0139615,1.28588931849102e-07,264533851730.595
7522852.558308209,1.259349291327834e-07,299422948051.3593
7345825.299810627,1.271401554522598e-07,290526289115.5737
7414118.406101057,1.260632194804413e-07,294894895232.4307
7465088.746186838,1.222158408297169e-07,303121430436.751
7603017.847841613,1.221860653205587e-07,308772222287.8369
7453913.077286464,1.243234601021152e-07,299237210930.2905
8595154.481588664,1.236976418960357e-07,346215153823.8521
8990548.51411582,1.222377974309283e-07,365019314336.2985
8696715.767210573,1.230475263001287e-07,351538869313.9039
7650396.618669252,1.219400893178326e-07,311114040834.9803
7544083.019328795,1.213589589004542e-07,307769253320.9174
7610191.507529307,1.239450567620272e-07,306132505050.0488
7277708.558719129,1.280173549586865e-07,286515921297.7289
6942306.670154935,1.288426901607831e-07,272143064948.8847
7202213.824177092,1.281130235801301e-07,283402595591.8252
7937880.564320675,1.243736993105104e-07,318580257375.6732
7951495.087210578,1.232233215273281e-07,321109770994.2602
8099661.715743459,1.224265338806997e-07,328510946001.0023
7658433.005967833,1.267758818102896e-07,303469808710.0751
7891906.365779511,1.256282479356495e-07,314622942581.627
8165814.034578333,1.251227916952717e-07,326418828252.9156
7709843.345637764,1.250789222328745e-07,308263993434.71
7854045.769462676,1.238857801436718e-07,316042717738.7245
7840514.965804782,1.250406290463371e-07,313552659136.1905
7424317.818177201,1.270843582740355e-07,293716597070.2768
7602282.744703163,1.258794626569929e-07,302673290112.0242
7732043.501873626,1.258411136721755e-07,307902054474.6306
9441891.494819002,1.201795691340617e-07,387708429511.5717
9771660.71623233,1.174542029199928e-07,407432815153.6172
9775077.793194368,1.190946081995902e-07,403824027314.7134
9218570.899482185,1.216481107711845e-07,375485658887.815
9299417.560326105,1.222290320488258e-07,377577552553.4359
8706555.657410832,1.232677553809474e-07,351517314796.3302
8206222.080325438,1.264184150562366e-07,325788966342.3592
8615732.362789413,1.258923234868399e-07,342998878727.3879
8200593.928952989,1.2714457312357e-07,324324747511.2145
8198561.488812762,1.25279047505873e-07,327455304234.5742
8021075.945673869,1.26253249953589e-07,318716282235.7963
7690147.802063262,1.269321249650437e-07,304476411969.2346
8391714.497114582,1.247125348607035e-07,336184197572.1074
8664493.689218223,1.252847769107698e-07,346054356052.5899
8253812.128724893,1.25810084265599e-07,328733737322.7252
8491316.257437497,1.238183773571638e-07,341810141601.5032
8348946.671464216,1.24345933137281e-07,335127934491.4063
8211397.61468002,1.254430239713215e-07,327682115708.7966
8705218.828730104,1.229121008606752e-07,352141004022.2424
9068840.088639874,1.218182270989403e-07,369042933902.4908
8561059.664896984,1.234390203307842e-07,345323297701.8055
7644380.35358605,1.242194349946822e-07,307054821541.2543
7578123.211800526,1.216307878446904e-07,308697170597.9182
7787972.115175966,1.230323346204069e-07,314831523607.7058
7643765.415384555,1.209637633584068e-07,312514728704.0565
7583753.750066826,1.200349016846457e-07,311658657314.0355
7537498.062459117,1.203886989247582e-07,309150580429.219
6368444.896327659,1.278250477079766e-07,250970544584.7951
6053290.76926488,1.270906955101225e-07,239468851569.1832
6578453.521564563,1.262664636934443e-07,261375653891.0606
6611411.698817259,1.28055065577372e-07,260233394470.3425
6509175.207791555,1.280663474671712e-07,256194191681.6884
6721472.828189806,1.265073260440755e-07,266719025968.8311
7169936.655862104,1.261710904853874e-07,285020051620.0925
6774869.029739951,1.275810604324548e-07,267327373961.8134
6886276.819666397,1.260336141636664e-07,273943005734.3743
6606847.321555342,1.295040031420671e-07,258110383007.264
6260912.319541326,1.303293922979673e-07,243561912162.047
6538253.344018389,1.291071517609305e-07,255953778065.5587
6317256.902458514,1.3182441691602e-07,243892230717.9821
6510142.293582455,1.32774180499196e-07,250138991623.7394
6547571.61170771,1.336045641062397e-07,250533647180.7985
8396284.765776191,1.358016765890394e-07,317797447776.8852
8155817.105660357,1.360878261822938e-07,308262924014.781
8640986.340307588,1.36129763095639e-07,326533637380.1772
6408078.862432587,1.315055933019353e-07,247798323918.6272
6630586.059182355,1.3350243756551e-07,253839450687.6934
6834803.599394475,1.325845466210543e-07,262863791358.878
6286425.650739671,1.290228492799578e-07,246202635703.5996
6322654.311869591,1.303861525185069e-07,245892410363.7787
6746571.215112704,1.314639786349521e-07,260942765786.3222
6652348.200765587,1.249968279835261e-07,266098429748.8785
6358043.163255426,1.269355541201916e-07,251729791697.0233
6780284.678492036,1.264132922308234e-07,269186184858.505
5993052.918779287,1.256112416772011e-07,238943804013.1324
5876452.489463188,1.268224985270609e-07,232800741520.1608
6048331.9851701,1.27139772310188e-07,239211103659.9781
5948887.735559932,1.27996697284714e-07,234226806649.6977
6261346.892248993,1.28731804171823e-07,245589914567.8787
6148474.779577282,1.29893850858182e-07,239722244052.7769
6951190.312321481,1.341254339785782e-07,265288496751.5737
6746251.50205991,1.328400002922002e-07,259125378328.6109
7379589.157397614,1.340621673969133e-07,281726711869.9608
6265834.740700564,1.312184981567793e-07,242651079535.0533
6256662.324215556,1.314356045263129e-07,242028977007.6593
6485879.704682454,1.332150225720806e-07,248656655306.3597
6209257.367698084,1.314781018465651e-07,240143430842.0257
6418811.120973786,1.319749752613052e-07,247624457378.5793
6462402.539599679,1.323790399323419e-07,248798555817.1814
6481550.023808068,1.289784764154456e-07,253902736871.7099
6205427.30449643,1.302005330090729e-07,241562686487.5008
6380326.510732634,1.289894276912902e-07,249923346166.5593
6665205.130322669,1.342147879642671e-07,254261110923.4835
6627440.602071372,1.333841499252322e-07,253869012606.3531
6785762.28587116,1.34264682151169e-07,258795934520.4447
6584383.83594676,1.300767773781432e-07,256477119539.1302
6449096.980078499,1.313991888661716e-07,249519094057.9717
6239045.342822293,1.309025153039754e-07,242002292906.3685
8388575.993775551,1.360026581973229e-07,317192793703.9691
9142147.94242439,1.357637119372886e-07,346092702858.3185
8948862.700368799,1.361513023196485e-07,338132289402.14
7225076.177460972,1.350837218062045e-07,274435581606.1235
7770617.528351029,1.358122890456715e-07,294100764895.0427
7747915.380610654,1.358809037433256e-07,293142813047.0469
7891436.643227069,1.345281374614104e-07,300571169511.6708
8226817.07000735,1.339725799970416e-07,314210885447.1708
8001960.895047934,1.353196937139332e-07,303591136019.4391
7232980.314978337,1.31869648681809e-07,279181980438.3108
7451628.903694203,1.334972925287827e-07,285278853228.9323
6815138.259657421,1.322764272218672e-07,262514340876.1962
7734355.379109368,1.31367743807394e-07,299294196575.9909
8515380.916228764,1.308244889553064e-07,330428918279.1621
8297227.126028944,1.324394343919913e-07,319341063251.756
10122737.41318159,1.155609712852163e-07,426668435771.4689
10234108.13590412,1.162066524467109e-07,429763315100.5956
10003978.12205815,1.179125394445948e-07,416037749198.0568
13345073.72998023,1.083959803607505e-07,587010035276.9847
13920881.74152073,1.071232911867718e-07,617178524747.9374
14310333.2507066,1.102997616366613e-07,622204811056.5548
17577498.0827244,1.099565308941765e-07,765848805953.6653
17178904.53442921,1.083035575066794e-07,756078667347.3263
16125528.63226562,1.112333276035599e-07,697199939918.8738
13682675.53118308,1.029789275749242e-07,622785919539.5996
13666043.9232731,1.032156487490051e-07,621077478502.8467
14757975.19598073,1.034256840643273e-07,669793879562.7068
14589587.25166325,1.104255344046072e-07,633864844892.4801
14833229.66281239,1.117233437721071e-07,639449772899.7412
15073076.73348599,1.120109276876118e-07,648676722846.8412
14297388.70934557,1.06837904011667e-07,634999161536.2448
14469932.22726705,1.083481708839034e-07,636676432812.0754
15008909.73623324,1.065137339263543e-07,667952233049.3381
13927506.04650416,1.050642255074447e-07,625513633768.3073
14161629.40624378,1.060168822778256e-07,632212686130.7605
14869805.40217672,1.05691774556174e-07,665188131645.9717
13813191.61968856,1.069096004024173e-07,613219889144.085
14171878.98472083,1.084466153456429e-07,623184678232.8108
14001127.10528626,1.069369437828498e-07,621457098333.1908
13670006.24882234,1.073631396942447e-07,605153074629.4292
13428968.3900432,1.087512234001018e-07,589413235740.0984
14026841.66800522,1.089003436227094e-07,615092447784.1981
13946593.82197511,1.061053624576318e-07,622266752313.2379
13953056.91088281,1.051206162523767e-07,626437046748.7131
13759025.92808815,1.06078303069804e-07,614002274456.5782
15155938.26563044,1.041573459266492e-07,684630470743.7209
14170892.57182866,1.045998669103651e-07,638326857577.6696
15121255.56304737,1.052264977613133e-07,678429060605.9047
12463575.13015857,1.034881182922338e-07,565434507323.8784
12908826.32967236,1.037014525464196e-07,584830748419.126
13029501.11912638,1.039564842896783e-07,589332056583.9581
10135821.06344412,1.733931920883465e-07,325964952125.433
10010873.17702776,1.846370019042472e-07,308739928921.4119
10516329.51319876,1.728308322483201e-07,338935223480.1939
9947005.793846434,1.951011527055197e-07,295700787204.9642
10207911.89350143,1.965979036123787e-07,301914745583.6943
10119029.98264686,2.019304444142869e-07,293993468483.4352
9818235.335119059,1.986431238992808e-07,288392799801.2383
9850140.958124153,1.956139007759154e-07,292309302339.6423
10021329.10344897,2.024423307008998e-07,290663906152.4311
10055755.75721534,1.77833442008525e-07,317984360130.3282
10192005.30361837,1.905736140533244e-07,307763983303.4044
9931303.879402217,1.890769232682664e-07,301472187975.4391
10340691.35976095,1.613647312503088e-07,348880875249.5968
10218283.29224387,1.675703318440615e-07,336186176926.0848
10600322.23044788,1.67019967121164e-07,349521158607.4318
10256178.8029155,1.707329724277233e-07,333252934758.4814
10547462.5961494,1.773857429482826e-07,334094136073.0254
10191072.14602865,1.715142460495595e-07,330131078286.4064
9603287.966826653,1.505964369914791e-07,339268459917.8442
9999373.687788293,1.625060825207442e-07,335783783324.3835
9855661.714346364,1.572377361381986e-07,338309816913.4676
10832525.39169087,1.860760591797479e-07,332355381959.8024
11259339.91627819,1.927234303586906e-07,337460738353.5372
10610336.84456036,1.929525002704605e-07,317757320468.7167
11307783.98838736,1.657239595813026e-07,374789402917.9855
10825912.71821863,1.759470871486463e-07,344780848227.5892
10530782.32206859,1.692891636618641e-07,344118374483.0233
13184438.93819639,1.829480913877694e-07,409112797087.5656
11895019.9052434,1.902208096028239e-07,359633237480.073
11456207.45013212,1.835778332219447e-07,354672385720.3
11011186.4165849,2.04648261467285e-07,317075054288.0023
10382238.51515157,2.043163771361245e-07,299287709390.1747
10472266.45853273,1.9898674788983e-07,307249544558.606
10204657.14584493,1.896100014538033e-07,309189158238.5925
10231886.67029116,1.847211878039045e-07,315460203761.1912
10664824.15064252,1.759433064453593e-07,339655407122.0269
9913410.33111147,1.95292686171485e-07,294509356412.1777
10066215.03957706,1.940083563267262e-07,300367250832.6056
10285903.48202498,1.873159818178624e-07,314190143149.5612
10784763.22830802,2.145165056095824e-07,300956323136.6722
10494453.36557884,2.101071166587402e-07,296938137444.884
10342491.83663561,2.085163162801407e-07,294124921421.5899
10414665.87618811,2.125030324805046e-07,292461421691.9926
10186810.36965026,2.016446594312619e-07,296242300943.0967
10389579.73188529,2.083278457423575e-07,295642204264.4346
10273668.33625916,2.136762673077719e-07,287444949516.7159
10047524.61712309,2.12435143379658e-07,282211583853.5572
9831883.372669781,2.03416569004393e-07,284257872753.8066
9799955.652780481,1.452142035653572e-07,354719213001.6521
10103716.82138862,1.412517029977285e-07,372522095510.6519
9612675.095897445,1.439482023372416e-07,349977480097.9253
14324683.97107423,1.217074459914567e-07,583275341726.3229
14299877.89773328,1.21261011786155e-07,583693518445.9314
14170133.09993895,1.252152115051004e-07,566155679837.7916
12201620.01801434,1.41701430366879e-07,448919020517.893
12645083.77004783,1.377238987531106e-07,474149727338.7589
11914775.4636687,1.407881664271789e-07,440259186871.8826
14229583.76515594,1.279109740711858e-07,560514681396.3256
14605032.86042283,1.245202182485344e-07,585700987572.9609
14457699.61922358,1.283707454686956e-07,568139723040.0378
14462035.61950554,1.06882809818492e-07,642131811040.1226
15296987.12289046,1.073792110250709e-07,677109793497.9607
13829880.07323955,1.083511754076334e-07,608502914672.6627
14946339.23148245,1.153249297128313e-07,630840212449.8826
14492863.70095505,1.187886291422297e-07,599750972563.2871
14517836.52778557,1.192346127824725e-07,599285364214.637
17707432.82493717,1.076329429844131e-07,782574080164.562
15891706.53683267,1.111742232280569e-07,687333957752.7201
16089012.01368674,1.09636828218582e-07,702357785195.317
15578693.59552932,1.141095378336304e-07,662190691242.4218
14754347.04904093,1.175077431632611e-07,615000786348.2201
15211863.77511084,1.140439250119447e-07,646846139188.1997
14036764.17479816,1.248348131144227e-07,561965766097.6022
14098270.4514103,1.259965326615128e-07,560953387487.4716
14227686.58667591,1.220431632719198e-07,578262885947.7035
13327998.82199672,1.285739273078099e-07,523194302425.0888
13078734.17300691,1.272915946749625e-07,516851635189.1129
13446333.41468045,1.240060721064876e-07,540723496213.9588
12399188.29817577,1.421787320943487e-07,455166367233.2454
12534859.04613384,1.464488568410664e-07,451158139857.311
13071333.86315256,1.444676745183914e-07,474758540449.5555
12169316.64759329,1.381379522063476e-07,455397717178.5663
12307795.16033836,1.401003963860993e-07,456268706710.4854
12977491.73709181,1.423899160722966e-07,475924364141.4998
12271246.93286321,1.275279747567041e-07,484341542159.0822
13177208.76145769,1.230852724632363e-07,532540569995.9399
12361910.82484796,1.267351738594211e-07,489952708805.3128
11703099.01910728,1.394420656625043e-07,435216155013.4323
11684540.24837215,1.370745340921738e-07,439515076008.5985
11974180.94472188,1.415987465590529e-07,440764096323.0217
11859575.39799808,1.328516947874487e-07,455502824646.3553
11948219.71853253,1.315074095726306e-07,462029513467.589
12041931.92473436,1.368671540404751e-07,453415827963.7449
11761990.6899334,1.369446038499469e-07,442708182062.8779
12014681.36032324,1.389234949078228e-07,447914502165.9174
12052583.86938484,1.414691565560439e-07,443920961800.8772
11949675.99827395,1.308401166544875e-07,463655605777.2269
11678486.2434174,1.343849095805677e-07,445129336734.0305
11697040.20759359,1.3675247900733e-07,440675775585.1049
12157339.31014215,1.289143759689113e-07,476399142241.5269
12529637.23614368,1.29050286099474e-07,490643273778.4389
11883789.85122125,1.324589033602275e-07,457334740766.7154
13343403.26363622,1.166144920425692e-07,559025469277.838
13512332.43584041,1.198676602026473e-07,555813344271.7267
13390368.16548285,1.18557497673428e-07,554846905810.6431
12848788.03811917,1.325983714326815e-07,494124860448.1413
12211036.8757368,1.367053203433572e-07,460145943891.2342
11956278.78804823,1.347251734305655e-07,454949856277.1278
13697478.30854915,1.227941773632984e-07,554441128363.7418
14083493.26386476,1.224431684590989e-07,571155045348.4862
13578041.29597678,1.273618602130169e-07,536386117905.9037
13323557.87622616,1.207372420812305e-07,545413703329.824
13445218.19064681,1.220467550529219e-07,546449915408.3062
13077634.29906495,1.253327374635835e-07,522179123617.8333
13484496.34621898,1.154922521675206e-07,568590365267.6438
13960182.47190892,1.140676391249959e-07,593539271907.5529
13654313.49633319,1.187452007027388e-07,565187427622.8093
13839294.78897068,1.197123392732278e-07,569754829810.153
14147217.23248187,1.15035073482353e-07,598114281933.3132
14227289.04835513,1.193618317347752e-07,586874408200.7024
14318077.70268442,1.132166095768656e-07,611802552844.8513
13532433.88590517,1.133324137401861e-07,577838518479.7516
13586921.01424977,1.165710296710412e-07,569369189492.312
13348644.47179179,1.105959473025014e-07,579354463994.8639
13882584.83366363,1.120304795719807e-07,597373847960.5471
13408234.07437478,1.134549205860218e-07,572122936364.9382
13419050.9628547,1.112993052027077e-07,579953935851.6783
13963067.53935329,1.098848681500787e-07,608633114522.0315
13366569.76530156,1.097352785810376e-07,583161873425.921
15285970.51282062,1.030081720269286e-07,695630417529.7971
14433907.88282944,1.03898905094786e-07,653095385706.6987
14847138.43344505,1.03071188826628e-07,675384725456.806
15091005.60711348,1.052345021937071e-07,677037534703.4233
14950966.63824903,1.043455348452688e-07,674559132096.3134
17409115.01106722,1.031435713009693e-07,791556497234.2429
14225801.54336607,1.059585590575061e-07,635310524716.0522
13841439.49905679,1.060389214483271e-07,617832937771.9124
14089845.70609511,1.050692390872749e-07,632784519353.1333
13604900.18727011,1.354426961020319e-07,515851819193.5092
13312796.72085566,1.400347320240873e-07,493679913735.7752
13414999.631142,1.386564246473888e-07,500761194584.1414
12538772.21928412,1.462789026175891e-07,451648477536.1993
12904337.90737353,1.439359586606254e-07,469846710182.8716
12447277.5669566,1.473298345985893e-07,446218158905.0157
13155728.89351303,1.333491479350433e-07,504028102824.9109
13162627.60927984,1.377214116399575e-07,493561888833.1661
12510308.79222588,1.374533837358345e-07,469711369502.8195
13490501.15598543,1.315107081638345e-07,521659762411.798
13841582.49778766,1.300996705868038e-07,539098695465.6344
13497487.0843099,1.35884037976611e-07,510670328251.866
12084078.48537883,1.269537568031334e-07,478391182135.2966
12016524.02718617,1.287429668499384e-07,471298998714.2041
11716398.45502595,1.286508904223108e-07,459747033108.2673
11969063.16717373,1.237196168156025e-07,482060020429.0346
11657461.27719922,1.23954549029466e-07,468916665934.8409
11730878.16368211,1.255386937936072e-07,467891821327.1208
13503140.71716934,1.221407065360787e-07,548522577688.205
13327579.20795741,1.247018224448758e-07,533952640629.4357
12697862.24669784,1.248440421803695e-07,508337400200.3595
14677204.55026852,1.165262811545325e-07,615215717861.731
13995746.82963251,1.192786684926459e-07,577591627920.7483
13802359.79774348,1.187212469056867e-07,571392292846.4088
13655538.21082121,1.198462701277313e-07,561770772499.3292
14506011.88022127,1.162582575347085e-07,608974100307.8815
13701260.08085748,1.187813259377617e-07,567015674118.4603
12585104.51209951,1.234416123574697e-07,507632130217.5816
13298830.93513288,1.254783272556936e-07,530600495606.7388
13192598.54486069,1.226236210311299e-07,534499851914.1818
14882580.62770753,1.122162155125971e-07,639697272039.9867
13376228.9534528,1.157947165933346e-07,563042525685.0944
14509223.46044539,1.127958096930851e-07,621511056030.1791
13548563.44995804,1.196655995491267e-07,557930841084.802
13275167.82930345,1.180548967889318e-07,551633564271.8401
14395749.76068033,1.160770026823788e-07,604974169302.743
12844554.50897073,1.217282300081566e-07,522947600543.742
12645574.13127924,1.189477170399737e-07,522838802348.6653
12791399.51287065,1.190412641027051e-07,528590933917.4644
13432170.60955198,1.255649033832563e-07,535674148794.0041
13107980.57178904,1.237866751711155e-07,527739810592.2228
13325405.91708697,1.227102220530579e-07,539626521280.6026
9677327.255922547,1.265200900869126e-07,383986332140.6281
8957170.987897543,1.289200565816533e-07,350986602865.8954
8552262.712722095,1.277704028860898e-07,337127508111.5524
11787141.30555179,1.30218210888245e-07,458804153126.3768
11204112.62644594,1.29996950369719e-07,436604984646.5059
12014189.0956222,1.287797280289983e-07,471117743082.9294
11386545.25747727,1.312559936916524e-07,440872030182.3973
10437865.87667699,1.329302500561369e-07,400739818854.5807
10813636.30610256,1.310342282302644e-07,419162017627.433
12596817.19659593,1.249835940913562e-07,503916780629.2734
13419701.90654633,1.213344811487492e-07,547545285598.124
13220702.28917139,1.205243507577835e-07,541840327629.9905
12982457.22299461,1.308028637627968e-07,503823861283.9689
12085234.15370837,1.329292383444669e-07,463989399366.5919
12736460.36074112,1.295223176249837e-07,497529699217.6223
11759015.29503982,1.37885373067107e-07,440580721293.4464
12016558.80661103,1.381254394655596e-07,449708401258.9834
11922945.57420038,1.327660455693595e-07,458133674121.4623
12998831.65303001,1.284239177930009e-07,510670036171.4395
13160631.75901562,1.260627946978063e-07,523462349735.871
12285370.58377745,1.300744672899804e-07,478549526347.6296
12452646.01603822,1.262455952957144e-07,494824073101.1752
13072993.90466664,1.217863875134551e-07,532078723698.1046
12829404.55416779,1.263825985352519e-07,509426633118.0929
15446416.64781819,1.167567730217228e-07,646605939708.1476
15291069.40446788,1.166278036908951e-07,640574719005.5298
14241455.67350217,1.21040185024767e-07,582015650696.8708
14721247.32144584,1.149498513522555e-07,622690633388.6752
13748785.15872994,1.18016556384026e-07,571437890024.9207
13951705.54655014,1.188263459694026e-07,577234314273.1293
15237708.62812076,1.15580090645552e-07,642191142212.4915
15098910.09273872,1.143408173707921e-07,640931186606.3781
14319428.16592686,1.18217314167917e-07,594481416360.1962
13893247.30299658,1.218761962080205e-07,565185709204.2764
14930179.43037185,1.174639022732999e-07,622484789879.0586
14021357.33436155,1.201010886429953e-07,576003905491.5264
16230816.72429277,1.144471780947588e-07,688552375994.4622
17372295.92510543,1.118022112806325e-07,748554840589.9263
16071564.05807066,1.143183202011835e-07,682308718625.8163
15391491.933214,1.149598973432872e-07,651003226229.4418
16691115.80626681,1.127932005679812e-07,714984714018.8557
15960784.28161982,1.147729467729388e-07,675815071916.6758
18759983.69449611,1.051790070151479e-07,841937290977.4247
16525784.86548166,1.044215298319792e-07,745250129863.339
17492435.3957869,1.059845321429022e-07,781067595870.6978
16746217.81724329,1.060893481218955e-07,747255089825.3768
15800706.58080891,1.045281951450202e-07,712067023879.8094
15765293.40299981,1.05599747898733e-07,705656701132.5504
12269390.49783415,1.311492560224752e-07,475312353028.5071
12562673.03635023,1.321701654110185e-07,484164676345.1066
12504485.57197652,1.354533185760052e-07,474103029049.9113
12592631.45603433,1.37015434657688e-07,473809209621.9768
12651023.40847056,1.337323579701067e-07,483765237895.1409
12620507.23582296,1.373976277903922e-07,473977057456.9827
13035247.39849776,1.439076280814452e-07,474675410603.8411
12687928.33500204,1.395591572029982e-07,471576141754.5434
12715909.33514033,1.399412456175615e-07,471755457015.3282
11740497.7224311,1.383697395752011e-07,438859758299.2871
12063692.61641013,1.326990919387621e-07,463697721793.0045
12296818.05186284,1.370028711245816e-07,462707246800.0952
17271184.22603999,1.118492861095321e-07,743989213324.3615
17679839.34270818,1.111847587242687e-07,764624381604.4559
16528129.70232536,1.138293113503066e-07,703700144103.2338
18110588.72680434,1.091032890256615e-07,793184111757.334
17284298.5596142,1.112671616013288e-07,747148771175.3411
16180137.65962443,1.130003476656961e-07,692249035193.2692
18928010.24894904,1.074834870162523e-07,837292364472.4774
19380883.63040426,1.065243331926836e-07,862464095425.3066
18083063.28209805,1.096485370105334e-07,789350898800.2269
15401664.80969536,1.176581180562103e-07,641435613737.0442
14198486.0903825,1.21941556600674e-07,577396593460.6096
15113354.66871769,1.202335786990042e-07,620407479458.9337
15060377.74983609,1.164776812508579e-07,631452549168.6821
15623569.16980053,1.162918971424358e-07,655763566617.3669
15333179.71989181,1.18866992896057e-07,634246445568.4164
14237048.07677173,1.1963460621777e-07,586383941881.5686
14714159.93501323,1.173135966387058e-07,614002169668.9794
14983822.15306715,1.197018295837174e-07,616910389046.6304
15489132.98899936,1.144423449051006e-07,657106772643.6862
16569852.27369655,1.12710412031797e-07,710137769297.0052
15275053.82465769,1.148760790051956e-07,646392556664.3636
17267885.11103053,1.1134627507826e-07,746085652665.5625
15829036.89407867,1.126230477470888e-07,678739265499.1101
15971144.11458228,1.138623086020829e-07,679854597017.4227
10885845.19496789,2.041529267043848e-07,313972598399.6181
11000779.89970836,2.120425832981016e-07,309367545134.3856
11258846.99412785,2.102701835701405e-07,318401756285.3275
11047532.67948528,1.998038161276773e-07,323243233453.952
10897462.94194951,2.010941133039666e-07,317486913743.2325
11270662.05220966,2.072096660517457e-07,321866729567.8461
11603895.20770349,1.969117800858244e-07,342838299765.3347
11246885.79719218,1.975573710407445e-07,331566104164.3361
11567727.51975751,2.001595489222755e-07,338062636717.5221
11515917.04025367,1.952517170396113e-07,342164765897.9059
11218373.46818204,1.93527944886481e-07,335300425117.1411
11160274.1810383,1.958994993981019e-07,330866385311.0898
9695351.124035262,1.920260224746932e-07,291288597488.8001
9694701.796360958,1.826048270997039e-07,301203226066.4796
9936176.405232055,1.86537522728958e-07,304351296885.605
10551384.83449657,2.096958758220239e-07,298939201656.3475
10039250.26512881,2.009146136756148e-07,292657907447.3123
9885045.234551398,2.018230000519654e-07,287297307555.6262
10053499.97238284,2.222330453543036e-07,274017430339.5098
10610500.72199353,2.169772953109773e-07,293850444319.8364
10158469.8999982,2.168608025842629e-07,281432505848.3029
10442502.5036865,2.253299410499772e-07,282006197495.4578
10632942.61012404,2.246857641877519e-07,287697727788.8162
10786266.90068937,2.191600082516195e-07,296731480704.4108
9725883.79637851,1.895873004534642e-07,294706409457.0121
9642563.977919366,1.833631245830882e-07,298756843171.8557
9643211.557236606,1.927909131442197e-07,288955293150.897
9847828.71674981,1.96808407092259e-07,291057004548.2126
9777374.004759325,1.932621675841682e-07,292498963000.1873
9695106.616209241,1.977198513139907e-07,285661956184.0267
10135601.76537896,1.884449649890461e-07,308361284718.1027
10226850.71272894,1.833451434079312e-07,316880593401.8874
9940356.531887829,1.887173655756512e-07,302130139594.0415
9482732.794022709,2.46359314369946e-07,241298259100.5379
9449014.245417375,2.436416034814706e-07,242224947821.5277
9331664.963524293,2.461334043306141e-07,237599450621.9767
9480845.309266165,2.435994254065668e-07,243068988790.4226
9522690.043061657,2.453194403983139e-07,242999290193.4885
9269032.409742795,2.473983888019502e-07,235199551585.9614
9607343.227384552,2.413613631173555e-07,247832432630.1038
9774388.659466252,2.384455777722302e-07,254192903770.2152
9649465.885963041,2.430809527378306e-07,247743720406.3302
9786802.100616543,1.731171647237866e-07,315075078198.5896
10033951.18950715,1.655708211441081e-07,332774047439.278
10061832.58777014,1.65503777671564e-07,333788840598.4161
10095566.56641172,1.967159805920521e-07,298472462483.9249
10496253.00007821,1.976139216199296e-07,309377884754.5877
10220292.78727614,1.928987357529398e-07,306133189731.508
9869301.587670585,1.916882781538855e-07,296862984653.585
9940086.141817,1.952328736976797e-07,295362156446.9838
10063851.15009113,1.914202375844197e-07,302997448053.417
9905326.43965853,2.047112301260328e-07,285172524796.3657
10121129.78591166,2.124787635762101e-07,284240073613.2105
10572338.11451308,2.125907074112703e-07,296807491979.8706
10047317.18129529,1.996217067863604e-07,294156378164.5491
10273615.89674058,2.104676197283269e-07,290357555599.1009
9831832.073035123,2.002187294880731e-07,287275100180.71
10373148.77234901,2.207390103182734e-07,284004058254.937
10329906.46958233,2.262653079989704e-07,278196124245.2405
10041001.90303425,2.248669885684602e-07,271535477334.2437
9847670.115670919,1.867295995202226e-07,301433406363.3699
10132835.0059573,1.813658607043678e-07,316247628062.5467
9763829.14129257,1.805152062362587e-07,305687473919.6275
10286264.67330223,1.716971134343257e-07,332978121524.7322
10161746.81749708,1.680789030923519e-07,333651360489.5104
10398118.58978228,1.65611103436604e-07,344795666644.6641
10644091.07281497,1.823374762259659e-07,331022836342.2371
10366936.27768303,1.771494390128147e-07,328667863346.1609
10320750.81822888,1.786283106679983e-07,325395167347.8081
10805916.79231105,1.825774660933909e-07,335760937468.3779
10965508.83940167,1.795656036507628e-07,344519141307.7972
10526649.26178512,1.773776813952723e-07,333444969948.1987
11584569.07814281,1.881160192741016e-07,352854800440.1273
11475200.58766369,1.856680590165664e-07,352589050154.7668
11311796.7493395,1.823276956297824e-07,351800536715.8356
11471577.65956192,1.877842872197641e-07,349824575801.2621
11395443.74075992,1.919984555223143e-07,342399207847.5164
11482100.87657026,1.890162164450024e-07,348622420853.2987
10843142.70866766,1.978394541855592e-07,319359546955.806
10992839.23552754,1.965464867295448e-07,325186883494.3187
11050501.61862047,1.941770667358874e-07,329546498599.299
11678005.16734674,2.006881383928327e-07,340685926454.9851
11684989.63447102,1.996749878306419e-07,342041829246.1441
11714344.70933432,1.974401403788992e-07,345483808749.4756
11711024.18734175,1.897979596204424e-07,354596015894.2495
12288070.19980482,1.853749378908666e-07,377963334147.2797
11706676.75318795,1.880935785808515e-07,356602442834.0315
10579157.70046982,1.663485400966029e-07,349761305983.7445
10541797.74067615,1.683533091713448e-07,345753756950.3242
10531496.70382908,1.646345221097193e-07,350598045966.806
11654461.1231812,1.922411954530245e-07,349887068651.4393
11666097.90364764,1.946167186056016e-07,347380566942.7335
11468385.63591794,1.940060653441411e-07,342209516697.9944
11042234.12080192,1.852326925987437e-07,339817070090.933
11475027.36865763,1.8800231574594e-07,349659176851.2729
11203555.44783731,1.822242342268276e-07,348566071685.903
11037552.87691273,1.873765569739649e-07,337077135101.0079
11184700.12765109,1.908040409782874e-07,337468027129.4774
11470255.25768691,1.901493105314667e-07,346877858534.0456
12325423.90865242,1.810559136457914e-07,385117619712.1523
11753008.32185994,1.770403950015837e-07,372764143382.9294
11847316.17413159,1.792946358459554e-07,372599082501.0385
9786503.531953335,1.746665943786726e-07,313199448622.1906
10061529.85292648,1.670525398219777e-07,331712597285.6347
10032741.95639509,1.717657351868015e-07,324684797097.9119
10159660.18854141,1.777203885451965e-07,321406271121.0143
9953663.977841195,1.721528316282727e-07,321642573611.2442
9790161.675717488,1.768767531597606e-07,310701029420.92
10219865.35722748,1.802438055422161e-07,320286235781.9962
10297357.4926709,1.812284985895465e-07,321544778861.616
10205793.83410054,1.863237451194525e-07,312848915857.5658
10181154.90513566,1.766880728365815e-07,323339594503.7372
10051499.47626294,1.721020942830872e-07,324867862442.2296
10258500.41774466,1.776744007632485e-07,324589131756.0955
11128096.51836197,1.552980216415075e-07,385162149421.5179
11471673.21176751,1.530342576863069e-07,400959947802.0941
11117120.33670993,1.560359471332984e-07,383568145146.3348
9880071.952019624,2.278572913563967e-07,264840756912.6476
10166668.47406821,2.292552220017596e-07,271414161468.6932
9726626.555397157,2.326990697642234e-07,257098263758.0495
10648280.22576836,2.190723284398822e-07,293013607188.9929
10090275.3800758,2.243288580628974e-07,273304168229.9369
10306739.62487382,2.252406515181114e-07,278413392011.3308
10084940.92985449,2.172373970700336e-07,279072450026.2956
10311502.98894605,2.184818984093257e-07,284257325012.7557
9980352.576784819,2.226089169055918e-07,271717439146.0878
8382441.658386809,2.488313260823199e-07,211885141815.7342
8598460.182640165,2.488141379624592e-07,217355507213.0258
8705152.006120641,2.478806908227889e-07,220604598194.5835
8848021.895712018,2.484730892998574e-07,223868650984.1416
8616738.374659866,2.497828055756994e-07,217254049735.577
8808623.524750261,2.486490464171388e-07,222766654942.3723
9640707.921467919,2.451280603676167e-07,246138891082.1431
9679559.464229025,2.440583132918779e-07,247852434175.0688
9892439.483523654,2.395652667201403e-07,256460706304.2139
8839353.611701088,2.49738403079509e-07,222893269300.6854
8570515.675643435,2.504491010360325e-07,215705210290.3998
8584728.840010671,2.507192755657461e-07,215907684132.4484
8868554.607070925,2.431877700364245e-07,227627654934.6314
8643071.614665098,2.455752436802757e-07,220400067089.8257
9046234.605810625,2.458863783359066e-07,230486167415.7005
8732373.350531152,2.472142043820912e-07,221691996783.0017
8877242.502225718,2.478311801046403e-07,224995649413.8342
8837779.055773482,2.480065278788577e-07,223889846474.1037
9102285.431455007,2.489069235125908e-07,230034229938.002
9481119.608435759,2.463933768638375e-07,241234974393.6104
9442668.776614698,2.474644072127895e-07,239562917752.7709
8112213.689783965,2.542111751928429e-07,202151184298.4328
7845186.957733385,2.535085900290652e-07,195858088270.6596
7887533.690313118,2.534416408494865e-07,196949967207.9893
8530454.019501613,2.535479956660666e-07,212943975903.8408
8449784.170353053,2.539039085937863e-07,210733068876.5072
8522517.605881937,2.539740271880296e-07,212507879017.2275
8076544.777924004,2.531633051345865e-07,201817319639.7034
7903544.642830012,2.532145929259825e-07,197467710214.7767
8234004.545545527,2.53675165482734e-07,205475068629.3502
8353604.47950667,2.515116269857636e-07,209653378031.4533
8114343.758117545,2.517176470783631e-07,203537433172.1722
8142622.437921053,2.524311299909871e-07,203861722799.3289
7847153.264440104,2.532680088346621e-07,196031220707.3479
7849730.912585514,2.533769665985703e-07,196039392393.1969
8176444.243212671,2.537282205938768e-07,204010238572.293
7975084.335955576,2.51813410043598e-07,199993577065.4969
7795610.881222131,2.518938661433035e-07,195451237735.0361
8003119.516358986,2.525265114776813e-07,200318618501.5873
7589136.541438783,2.522398575631385e-07,190100485022.0773
7703870.712629811,2.530053129773546e-07,192585044518.8392
7701317.127109403,2.528960533905004e-07,192576655192.5506
8399396.079620287,2.524988773796805e-07,210252786459.0829
8316461.252173406,2.535075335345964e-07,207624207846.8791
8233241.709300376,2.531505034299083e-07,205739810384.716
9562577.844465138,2.393245400857882e-07,248075282678.6446
9072064.757422566,2.444686337810718e-07,232037072721.0383
9135214.811531963,2.431226602990204e-07,234513836365.5899
8599015.292445507,2.525117428937586e-07,215242321897.5769
8407615.365241019,2.533478432172251e-07,209988104947.561
8491002.340841876,2.523391877220778e-07,212635526465.3254
8708091.536637921,2.460762257217373e-07,221756596532.5076
8799481.526015937,2.441963768710589e-07,225232439034.8809
8793368.944416346,2.459530998963485e-07,224002962248.5397
10127019.13975637,2.36159986293846e-07,265059935219.6781
10510595.21744267,2.33644323577744e-07,277070627378.7688
9412566.971170191,2.397495430845396e-07,243894994414.5583
9408119.134976374,2.393014217871327e-07,244083987139.6602
9857903.036796432,2.373891642044035e-07,257124788706.0074
9180231.901868299,2.402334736932059e-07,237555252831.6252
11027161.21420141,2.283569282827509e-07,295157798374.1434
10924257.01511541,2.307972245280776e-07,290338651016.1632
10533136.16903809,2.333132181458766e-07,277927466967.96
10629661.64222457,2.320445465785529e-07,281495763426.3876
10482637.62664266,2.315013729243711e-07,278036316141.5866
9635779.374154778,2.364157184212076e-07,252020546538.4474
10978945.81709018,2.22063710098593e-07,299393417367.6944
10824190.02684606,2.279132742005692e-07,290100845482.4626
10973581.7880519,2.28458078501327e-07,293636963943.4616
11642169.75227013,2.06145380951991e-07,333619572828.7304
11751064.31405534,2.002489595191989e-07,343318356138.295
12243083.44442458,2.105475054862622e-07,345932003861.9775
8923784.244238216,2.408551414773772e-07,230521682408.0337
8668107.717751877,2.431368024685639e-07,222513910244.2219
8817438.904040566,2.425884567564046e-07,226688264717.178
10303159.43314986,2.342603727032244e-07,271126020887.887
9325037.776263215,2.386340660058227e-07,242379362628.8539
9216320.754720857,2.403693756916698e-07,238399216667.1439
10230888.97705744,2.32425904001744e-07,270638982904.3443
9633946.013514053,2.357511256013964e-07,252445921304.0552
9394476.921782693,2.373447493063677e-07,245067762107.0646
8842831.326584747,2.425292742033387e-07,227378063297.3476
9704589.640402291,2.383806290074576e-07,252423548901.2173
9005472.62062536,2.419718251419492e-07,231915607391.9114
10944345.45842432,2.140956219294045e-07,305809708519.6366
10498779.80878013,2.080954003877804e-07,298971993126.709
11131196.09392271,2.084247797603167e-07,316647161631.9901
11161540.39777565,2.25386965810512e-07,301373413680.5265
11063394.2483005,2.214336580791325e-07,302268320184.364
11058009.62660496,2.278263385060952e-07,296442870549.1233
10974560.26356314,2.217098278513231e-07,299592197009.5095
10611002.76600005,2.175246094594282e-07,293371212649.9882
10585681.12233144,2.133484134556316e-07,296478038693.4472
9806310.018550662,1.961292033069241e-07,290498644010.172
9723420.862906741,1.924975135368084e-07,291654714559.8265
9563949.57073505,1.993797975478641e-07,280231215378.698
9372411.06133185,2.021521401748841e-07,272102437498.4826
9608887.370144069,1.983035686580219e-07,282565682835.1878
9445425.803378703,2.048632673576005e-07,271797512374.2146
9094621.379725486,1.828463821819033e-07,282310507271.6663
9172607.315087862,1.811838964613918e-07,286470389168.8741
9551236.679512475,1.849378780245993e-07,294244956020.7482
9652597.217192221,1.844573746137481e-07,297883765931.9531
9271943.829804346,1.807072406002731e-07,290081760481.214
9493489.257361952,1.809378170667918e-07,296760639984.1638
9847284.346813189,1.854931535153219e-07,302759576384.3928
9797687.700860856,1.856518728142863e-07,301062989097.5937
9637383.45615064,1.821365505306459e-07,299935405393.6513
9696341.845109103,1.802977114210566e-07,303818658710.448
9821834.27459898,1.841535653171018e-07,303439779632.7807
9612206.263328476,1.808019975073406e-07,300622119224.9548
9807648.405954942,1.897986889313909e-07,296963278825.4844
9890895.034146952,1.934259226800997e-07,295728019533.9682
9900270.907867944,1.885791685698649e-07,301058759332.5966
9873330.671600387,1.944572267960821e-07,294158198497.058
9787226.007988919,1.937420901122446e-07,292309971185.471
9833012.357895061,1.897693407592829e-07,297761963104.0183
9225163.703163223,2.027338526789268e-07,267314940441.8656
9246854.616808766,1.988172094715334e-07,271450958965.5235
9167919.946209535,1.974687921988056e-07,270357548124.9258
9144289.63612034,2.162876137013482e-07,253782813270.9834
9217936.192544712,2.080083798601075e-07,262570829793.8565
9234418.82978949,2.063855198130241e-07,264417433686.0872
9616996.499821046,2.056664429336711e-07,276013611765.593
9358593.647280077,2.008707236171412e-07,272855572514.6876
9336771.993919875,2.047826797410673e-07,268741418709.3344
9549025.695085853,2.299238441895863e-07,254430821773.4289
8900351.708060341,2.355372615314751e-07,233364122217.1604
8697905.780098226,2.360138674785061e-07,227748933083.467
11861847.83338825,2.052372857056457e-07,340916619652.6255
11689547.77854486,2.113301382999744e-07,329475722402.4688
12161136.72702915,2.103037025476137e-07,343882090899.4133
8505483.666555701,2.388741770624707e-07,220929077423.1653
7966121.475543858,2.432636799254776e-07,204422522605.8957
8307605.610222588,2.393424637616538e-07,215507654090.4623
10853062.43204614,2.190488251770085e-07,298670055352.9373
9744138.129789816,2.289435791626394e-07,260370105903.6588
10155873.77104564,2.252138427032597e-07,274359860772.6622
8232299.180382945,2.429976488894994e-07,211407195129.9013
7947654.607808921,2.441838898093913e-07,203435924388.9482
8486401.512216719,2.397888854710034e-07,219872480541.9355
8573493.715294022,2.379001312883878e-07,223303079689.7527
8422471.040750152,2.357377619508686e-07,220709023357.2753
8064451.635726221,2.439021970486762e-07,206584484170.1773
9124787.502024211,2.304806992621982e-07,242735362717.8904
9061823.557130147,2.261662972697212e-07,244116429817.1956
8915395.594674852,2.333011067295299e-07,235249884653.6157
8452309.232110409,2.41627978682069e-07,217876587074.8783
8937610.7278335,2.352797896611161e-07,234511972624.9084
8603390.28201874,2.41850686067449e-07,221634862900.0658
10707332.76264502,2.116197736000394e-07,301516074016.4727
9967729.182526102,2.09615000832265e-07,282475849793.6649
9751898.60804539,2.137784544336037e-07,272759501850.5703
9173776.736704392,2.166452308943074e-07,254320915147.4757
9264050.774768719,2.067411387631034e-07,264961632315.806
9336643.026487779,2.094446444271667e-07,264734930386.555
8696401.913526645,2.406762231384709e-07,224759200121.9132
9032406.971826144,2.341049742352064e-07,237791541850.8087
8824083.883609774,2.369299427916802e-07,230456871297.0248
9302888.514894906,2.152823092521681e-07,258987570064.0872
9235014.649146665,2.102341385547956e-07,261197347460.2729
9161299.763510564,2.185098494568802e-07,252528121745.8288
9221140.103420939,2.270273183247992e-07,247779786537.0928
9299406.172593249,2.194796838638036e-07,255579294083.3482
9157844.02570482,2.227103935257286e-07,249248709790.0306
9632670.47470554,2.086515426603523e-07,273820296906.1358
9352216.016500132,2.077709395017095e-07,266598679421.7326
9420518.431263033,2.128181358723418e-07,264282889880.6624
7691683.705329335,2.498223764271791e-07,193910143102.3739
7657148.109246604,2.497204359217229e-07,193092019455.5744
8013693.715915564,2.461085386213569e-07,204055490711.7901
9558453.138808051,2.05783303759515e-07,274229512593.4003
9513109.160638217,2.059505300645751e-07,272780845285.9507
9762772.999664446,2.001019064536122e-07,285368286248.388
8989706.823110474,2.200740301480454e-07,246622671262.277
9366218.204013005,2.101261856654296e-07,264998950079.0168
9329098.952847147,2.076944237778656e-07,266005005221.6581
8833752.485472355,2.249943828137117e-07,238798049991.1872
8701751.74623277,2.273839479491675e-07,233578834620.4744
9207017.343779845,2.150486144837496e-07,256504228387.3248
8456043.921322241,2.436188573521602e-07,216783702186.3472
8581955.515108088,2.398715975662305e-07,222297054033.6671
8072658.44951205,2.458706351398908e-07,205689506404.7126
7782068.794536518,2.495205339580504e-07,196346970578.9173
8253912.894110035,2.460294804412629e-07,210217297371.3968
7875190.780202616,2.482852560730939e-07,199354998721.7653
9303122.381840158,2.328760052185273e-07,245779452469.7347
9051468.936610544,2.347540615113433e-07,237853924835.0941
9705530.163866362,2.291382164166104e-07,259191593363.5021
8695516.7751961,2.389192653171233e-07,225836750815.1176
9206957.114291197,2.338371913850814e-07,242571847635.291
9585795.86312109,2.297836382501701e-07,255514435966.8124
8493563.290604668,2.409035020117304e-07,219378730207.9773
8751635.87990848,2.376981477454844e-07,228072037187.0658
8999114.985670794,2.358163459462875e-07,235767459605.377
8742492.061087286,2.265752811728033e-07,235230461992.9705
9042616.561837586,2.215985581165586e-07,246935101567.8373
9204319.527116481,2.144080702465279e-07,256939535544.0053
7394317.05108212,2.532681826722228e-07,184718749041.4052
7360782.498238537,2.535414645108635e-07,183748860847.3084
7468049.844447327,2.518962126650644e-07,187237477987.1193
8473637.795964453,1.721420817800241e-07,273828425379.3726
8149947.92651788,1.683865143361971e-07,267269845461.2701
8131804.240257125,1.753015847702599e-07,259614943537.9814
8878734.867649518,1.680415099357673e-07,291568120517.8816
8894969.594500434,1.629618803963051e-07,298140139056.0004
9331143.676880088,1.623396968758159e-07,313558363697.7993
8541415.437268529,1.757320974064626e-07,272246591166.2889
8520536.02409438,1.710120221205549e-07,276555620237.9819
8647167.296123374,1.723267415780358e-07,279236430103.6312
8324140.252930661,1.546870614472448e-07,288870635002.5617
8220809.927070257,1.533818295964857e-07,286900957566.3097
8385156.119959827,1.488589873196788e-07,298534444172.6166
8236122.050104462,1.614077799359932e-07,277826156606.2775
8381601.489579449,1.575240634014631e-07,287361823376.0195
8659772.570957914,1.550369965024573e-07,300065631430.3658
8082087.363522019,1.635260996430166e-07,270270609980.8261
8036636.36218278,1.635065664097991e-07,268772100644.343
8226205.962795997,1.596451386701841e-07,279530443322.8093
8660423.622026604,1.604693603700668e-07,293276808508.7592
8304797.271999131,1.621375240918334e-07,279301548892.0206
8730188.286621984,1.557779203871901e-07,301545609259.8148
8464275.790101362,1.698292244926385e-07,276003668485.4194
8095150.592922648,1.660523150200694e-07,267954862509.5332
8140766.524215493,1.660721826968533e-07,269443288497.2907
10030592.84661735,1.570788347588773e-07,344546747824.9674
9755314.858527577,1.588460608036199e-07,332601082374.8576
9973305.602236632,1.541275697303599e-07,346938295017.3268
10453047.59158348,1.49953004929824e-07,370344710062.6179
10205168.64032706,1.548578545103578e-07,353887068978.1746
10147384.31244714,1.519026352795901e-07,356432450616.5794
10502015.91227286,1.437020444275981e-07,382793047046.8586
10527749.89761293,1.47164314887945e-07,377688606369.4525
10220988.26846634,1.491132858624494e-07,363481236006.4957
11528349.51461849,1.413893873271807e-07,424772044177.5588
11304811.95757024,1.447291678959839e-07,410102703836.5352
10947023.1406561,1.458259063214622e-07,395129613748.8177
10174362.77416522,1.592504673253528e-07,346300731039.6933
9990900.993036279,1.660195439250031e-07,330748978027.3828
10118402.08843528,1.59540154740603e-07,343978998409.6524
7473333.278361495,2.504171539777242e-07,188107004129.5402
7674044.490966519,2.515931591831014e-07,192556608048.0678
7800394.85405107,2.508249190168402e-07,196126434599.705
7304012.802798714,2.480468444033369e-07,185014480888.3075
7381201.011990044,2.495305256141007e-07,186227828122.1086
7706261.960264393,2.499367450411209e-07,194218395314.1242
7185775.286121987,2.49989186234356e-07,181075412512.4996
7397322.358764629,2.507485443057319e-07,186029690873.261
7449340.455117167,2.509453972689499e-07,187239871123.6556
7706873.324254689,2.513921407312899e-07,193483420523.4814
7583549.398909717,2.515735722840242e-07,190295787953.7446
7670200.195322998,2.511776305692612e-07,192672349428.7704
7773610.041645889,2.528942339051604e-07,194385320875.7059
7658760.246619389,2.524363754218409e-07,191744912824.5399
7727815.920461296,2.525449484682185e-07,193418336807.5604
7774865.21996142,2.530329112432744e-07,194345666378.3483
7732822.431994953,2.530996884738613e-07,193260736631.0348
7660006.118605139,2.525750147622415e-07,191705920352.7545
7815548.338899233,2.578878750295021e-07,192902936032.787
7866353.348437674,2.548321121223779e-07,195705943283.7306
7841815.014001842,2.54225341079813e-07,195405762746.68
7716624.389509023,2.666403640312715e-07,186270222022.1974
7738752.118315737,2.615214488889348e-07,189234097574.9789
7608219.186457698,2.605740005688518e-07,186492896965.8088
7869944.55903124,2.685127572574081e-07,189087022613.9922
8226247.317414902,2.68057134241066e-07,197871622691.2569
7892290.875899143,2.63388795845203e-07,192075314030.1981
7837126.558401252,2.523214587903673e-07,196270066140.1987
7671288.037383126,2.527166372684225e-07,191916537812.3003
7742979.214983656,2.524864530780016e-07,193827787840.426
7626573.148509915,2.513161372219143e-07,191506060655.0714
7864119.94394372,2.519151923230779e-07,197157766290.2364
7923041.52907267,2.518558111398633e-07,198666183307.1754
7413587.434301406,2.518324529645439e-07,185903378910.3665
7442814.814866467,2.525233098069217e-07,186295728870.4467
7724004.775087886,2.521517216029871e-07,193523885533.3126
7144220.79218589,2.500182177784466e-07,180014338099.4319
7280820.223947656,2.510567708657253e-07,182949972551.4393
7355159.745270465,2.507767448625165e-07,184955507901.5107
7445484.63591798,2.539489626596025e-07,185664416205.5976
7254316.970378507,2.54046249710675e-07,180851175376.0877
7473925.300345493,2.542728608444826e-07,186215322421.8275
7678049.08301307,2.713141880044558e-07,183204391882.8845
7426273.705295119,2.682991037531673e-07,178521887684.909
7729969.771294858,2.771534690619372e-07,181843416743.9731
7495090.656869521,2.586722344835964e-07,184619263364.3422
7536873.021166115,2.569162951875032e-07,186493384794.0318
7352163.319568994,2.617240034534641e-07,179688152154.6836
7998678.883595608,2.524080990839209e-07,200270079920.4599
7876340.257745758,2.526810340944004e-07,197064943133.3606
8000633.333251385,2.52227454031678e-07,200414649331.8968
7811213.809774566,2.530133970894007e-07,195264299186.8818
7548403.221733217,2.546728899863388e-07,187873970406.3296
7639441.715334076,2.543766107437756e-07,190287460731.6346
7984501.670714013,2.524067474318861e-07,199915826060.3251
7943993.002612159,2.522220801922849e-07,198998644179.9916
7862271.930099452,2.526794389352848e-07,196713783417.9391
7963177.288220204,2.521553796462565e-07,199514390602.8269
8020510.998234968,2.522768830707718e-07,200886337532.9222
8022468.113211378,2.520961037458687e-07,201031406222.9187
7714128.850258327,2.52375008233109e-07,193162428979.6518
7645134.494561052,2.52266430071302e-07,191489731013.8694
7718772.502514021,2.522144355779378e-07,193360731813.5343
7751141.097242237,2.513692250105988e-07,194606603011.9846
7595069.921352358,2.517460685348538e-07,190497806094.1311
7843234.016491295,2.518282030833832e-07,196679424455.3347
9198210.257309731,2.447802899668373e-07,235063773006.9644
9244926.563231107,2.411494731185928e-07,238623157164.6656
9019036.602921467,2.420812026204934e-07,232194950337.1353
7589267.295234,2.772919588468023e-07,178474016965.423
7707650.786031285,2.786484626734275e-07,180669258477.1044
7404397.868810806,2.697871009888721e-07,177340920971.3787
9251399.252528131,2.381222057857618e-07,240809801190.274
9200873.861593978,2.397325686396302e-07,238420933666.036
9755576.03729821,2.362549266375566e-07,255269543956.6352
8559612.547280384,2.358913713631764e-07,224205400778.8584
8957595.191034125,2.372256931281355e-07,233749280394.641
8925567.940542163,2.356268697705735e-07,233965946516.4707
8820810.597937614,2.404697852734324e-07,228105007812.3672
8969680.729622103,2.407865492213244e-07,231751295038.9586
9019568.173293404,2.391759300397696e-07,234085276274.549
8616205.164072603,2.363009410854422e-07,225426895825.7366
8633448.154042006,2.390099880857909e-07,224167983502.7299
8434987.50932857,2.363836048302413e-07,220634222332.1995
8473910.13809802,2.31844766629667e-07,224535831701.0793
8576221.210529957,2.345090768774671e-07,225522323012.5538
8395426.756798299,2.345924110141032e-07,220715824362.5101
8634276.761887319,2.364652216481481e-07,225795066381.3852
8683631.63229548,2.390308749621459e-07,225457865580.5282
8666338.575930029,2.363213526616329e-07,226725486683.8947
8661821.472456697,2.382494120937332e-07,225383094035.3689
8776984.826767217,2.434985448345278e-07,225085628938.3164
8711254.893014586,2.408250339151037e-07,225050319958.5619
8302190.424697233,2.413436616698868e-07,214174991687.808
8673406.784594094,2.436281990046008e-07,222350449734.269
8558927.224334519,2.38379063861313e-07,222624997203.4134
7639589.838281848,2.441265928864484e-07,195580994013.591
7913268.646607407,2.464231429647125e-07,201326795754.1583
7967257.892305141,2.43051540736202e-07,204570633204.5196
7065161.874286376,2.464873132232987e-07,179718341754.0556
6983860.92651196,2.480297496168371e-07,176912994064.6328
7097805.304382532,2.470571958051674e-07,180270948519.7372
7332151.56460196,2.445981316639426e-07,187468948521.4243
7151939.231090333,2.456301736951018e-07,182348700261.8746
7184782.289374749,2.461981297259919e-07,182904242811.9886
7752804.012839752,2.473197552226976e-07,196767303167.1696
7481938.775185279,2.450179649426424e-07,191080131329.9323
7333064.217909747,2.466228713557193e-07,186464683517.6412
7337518.029712905,2.414676890460342e-07,189224121472.9071
7189885.651062413,2.444487844935036e-07,183906351530.2318
7370572.462788456,2.434150623814798e-07,189061422489.3773
8490876.718405675,2.362203232551228e-07,222198451977.2861
8401016.431077486,2.349548172848558e-07,220635605183.7252
8235170.376209513,2.391729386962714e-07,213729545481.8537
8152482.669257928,2.360662297360779e-07,213435820678.242
8190924.001702335,2.382645783428875e-07,213121161627.7284
7739687.231312748,2.406564795827271e-07,200043773325.1609
7536788.93532603,2.393490690805079e-07,195508296396.5957
7986789.398790971,2.363380234334625e-07,208937551070.2889
7578265.147453416,2.409275417249516e-07,195724637175.4952
8524709.339388886,2.285825025493776e-07,228025941741.2968
9001184.669612447,2.253837160857024e-07,243043856859.8869
8470632.955037808,2.310776986400554e-07,224945429993.2833
7387959.557499121,2.449849932155985e-07,188696938780.8858
7359742.778940058,2.475491208669413e-07,186675953046.6921
7207096.781611042,2.484471136057959e-07,182363415283.5066
7093842.66015921,2.49081478710532e-07,179192816161.5525
7229050.835372609,2.493163636460722e-07,182493509368.9867
7152664.418378019,2.478349405258181e-07,181284007564.5232
7191827.501957498,2.507110151956678e-07,180879903870.5641
7056069.422290307,2.496722453905875e-07,177957378834.8909
7000653.954347447,2.493964000727131e-07,176689940261.3887
7160938.965015615,2.498145514714687e-07,180533645019.0006
7424052.362594957,2.507715138959972e-07,186690502714.9998
7296782.049881761,2.500514480998257e-07,183842164674.392
8146510.065726678,2.502137557327741e-07,205162261333.3021
8721323.779023778,2.499370997258339e-07,219800457813.1497
8163649.315462373,2.490203344761333e-07,206250241520.3411
8343612.517362704,2.479936181778722e-07,211378327376.2211
9013084.38308695,2.480914508882442e-07,228278794845.3494
8772399.771420622,2.469106050489121e-07,222890685097.854
7416473.507243065,2.477865251395099e-07,187994723282.0952
7821766.230595354,2.496744745925537e-07,197267437110.4183
7838560.577216511,2.48485370241228e-07,198321182233.9058
7148041.682554052,2.517326758830763e-07,179291904913.1172
7214984.161639404,2.512261187969898e-07,181214184686.4168
7023501.014282912,2.499114562820764e-07,177022935955.1718
7013022.242384556,2.530128073803046e-07,175311422077.9986
7098464.895626411,2.535683153327575e-07,177188058206.7073
7122659.307480694,2.528215462242436e-07,178141914826.2338
7326796.110796996,2.50075967852246e-07,184586301192.8943
7098277.607829319,2.515877982038256e-07,178112034319.7213
7325471.331390835,2.491964042948144e-07,184986935843.0872
7586582.109256393,2.47026507376783e-07,192700921064.1243
7449266.618859986,2.489356610564858e-07,188244418519.7891
7447930.81271632,2.480575675524329e-07,188654562647.7019
7557757.69186873,2.477519429512149e-07,191593858870.0901
7334021.762237199,2.509608685808505e-07,184333748662.8003
7420704.499876283,2.496621214481087e-07,187158705863.1097
7163678.681930824,2.527842069601546e-07,179185476660.8843
7102992.353731952,2.53529633291058e-07,177319104080.3234
7022053.833798706,2.529977651977024e-07,175544151394.1813
7525132.513439643,2.537692381342965e-07,187739144618.3536
7553724.750223957,2.540930821368576e-07,188292314880.2405
7571345.325190587,2.533274227990101e-07,189111635828.2683
7421828.471105178,2.530405779646962e-07,185517179279.0956
7492112.275837339,2.535060409311545e-07,187044697866.1951
7538223.740701695,2.530643558737055e-07,188414810329.6561
7342730.640013631,2.532201446523546e-07,183453257831.032
7221897.004676532,2.537829707696437e-07,180167439224.1126
7412639.803012404,2.536857125429429e-07,184973234787.2922
7083817.120059676,2.508329273707118e-07,178105627935.0132
7009380.997333303,2.523268961359864e-07,175537794118.0702
7118989.70669008,2.521372936430821e-07,178372119852.3954
7389300.341683179,2.541897972855874e-07,184146969397.6521
7422899.719356077,2.539172508118679e-07,185116638431.8746
7583279.401168391,2.544910695942928e-07,188831898527.1893
7503482.895067798,2.543995393808733e-07,186889692632.4336
7278822.469595883,2.541490448378963e-07,181413167335.5608
7568544.572706217,2.544796562365535e-07,188470620318.667
7294428.341500376,2.524881471014118e-07,182598525153.302
7442889.364823619,2.517018725361223e-07,186702700248.5504
7335803.521473638,2.53346217072101e-07,183219379633.0949
8302954.42900834,2.546575786243814e-07,206662454944.3881
8245168.396234895,2.548060045760378e-07,205144443334.4333
8435603.483908808,2.543760389217179e-07,210119015509.8481
7625642.907409831,2.532198828943168e-07,190521764597.5355
7607959.225975402,2.539854899093174e-07,189697775820.5843
7742824.195629972,2.533390132291915e-07,193388813454.8938
7163955.463684958,2.537444054675981e-07,178740057565.4125
7224901.110137819,2.529987190753118e-07,180614671494.546
7266078.912619074,2.538570549786969e-07,181234393397.7279
7527682.925359809,2.544338867248595e-07,187475570124.391
7238751.609454094,2.541031109109829e-07,180436205915.4387
7341404.908620553,2.542161511145767e-07,182940734504.4207
7088891.254583606,2.538099323095715e-07,176836769307.2308
7003506.41317657,2.53254165786271e-07,174962294479.3217
7084338.277031792,2.53786124655091e-07,176734244556.5207
7298469.980643615,2.508031219402309e-07,183517098392.4021
7212506.236233001,2.521024942396289e-07,180731882965.9272
7070397.145762941,2.523160102806231e-07,177070930582.7608
8080006.064796966,2.411479748700597e-07,208555960933.6714
7743281.579423938,2.450732717333748e-07,197724773454.8398
7603199.123756122,2.46107153706644e-07,193603649398.5324
10466692.41100409,2.21140564506309e-07,286218160120.3547
11197512.15945837,2.152976213849038e-07,311718124723.4294
11105625.04783736,2.142287846964893e-07,310187617595.63
7789464.83556639,2.546223011992296e-07,193899487802.5207
7822683.66795511,2.542036446028565e-07,194940130936.1786
8019371.784247062,2.545554810902058e-07,199657385473.1542
7578645.201262264,2.479223434846113e-07,192035327399.1797
7503666.986606485,2.503455908722981e-07,188906508201.6941
7354597.992423379,2.511318841481419e-07,184766983614.9869
7538372.538289801,2.516783119568864e-07,189109668965.6131
7470685.838479731,2.521527859490744e-07,187176487426.3802
7430271.852305289,2.529474028530474e-07,185773838159.9542
9031770.536781166,2.492427619444613e-07,228047084942.1559
9157018.784096459,2.488090588425841e-07,231478137560.2877
9409149.444768135,2.467298208352568e-07,239186099980.2444
8799847.215678269,2.501370606914677e-07,221661246142.3362
8933087.737137251,2.498430694989858e-07,225193954940.7874
9270321.808915004,2.484000729689939e-07,234599454388.5417
8537334.864127684,2.512556820951269e-07,214410008954.2157
8399396.638303148,2.518725200536069e-07,210601227654.9962
8482464.241739187,2.519597445035328e-07,212634924841.285
9254629.598204631,2.473455066591814e-07,234867553862.92
9140853.093612816,2.484877153874025e-07,231268658113.4179
9405075.092590285,2.475699951594813e-07,238541307452.0904
7954831.114341806,2.527816256361914e-07,198975969191.2557
7747953.566181697,2.521487516597622e-07,194125443553.268
7783146.56835203,2.528331819121082e-07,194655118798.1756
8382461.798151994,2.532635048215398e-07,209406347161.7365
9023474.759085121,2.531855111007246e-07,225466094388.8904
8092355.018063979,2.526316227423539e-07,202496001901.8609
10805879.76119844,3.235455367311026e-07,229281944012.9523
10596137.92085869,3.323626482677815e-07,220837486409.3516
10729267.12304004,3.441730872947675e-07,218466802765.8234
10657714.32234,3.539310149583861e-07,213002643765.1741
10665108.44437355,3.420075291157298e-07,218076146553.6063
10825347.00782265,3.520258931885164e-07,217132793889.6642
10408760.99145998,2.973047021100037e-07,233667251897.2735
10211430.2438361,2.913184595643691e-07,232367064587.2528
10663119.36324584,3.059632236057985e-07,234839664951.3259
10484505.97485237,2.575086025990632e-07,259032034601.1476
10226091.62367472,2.587900964681319e-07,251812863284.1076
10351249.61950598,2.65147369344541e-07,250804062340.5265
10572552.68305077,2.549308953486952e-07,262965158398.1584
10545886.90011565,2.551495367456991e-07,262152047045.985
10310122.2280599,2.571950989353149e-07,254930631398.4668
10102358.38734908,2.515587587767862e-07,253510805887.2266
9840063.708800087,2.511785838724384e-07,247177824302.9102
9728040.293863149,2.52556634972103e-07,243474139255.1378
10526125.68741071,2.538635051783869e-07,262543761578.258
10376879.61906412,2.522686977318997e-07,259910925111.8448
10406738.09254417,2.534190022330746e-07,259869417919.4566
10170093.31320346,2.510016264968644e-07,255588071183.9019
9950283.61080634,2.507902573542826e-07,250204443798.1137
10214033.56384266,2.511694117462368e-07,256578019383.1094
8830022.095440222,2.858869108534743e-07,203469324078.8065
8933143.774036936,2.732319845663e-07,212153385274.9344
8627643.415091876,2.735014489624755e-07,204763447463.2265
10513767.30201029,3.300530111039084e-07,220141824342.2467
10215944.15571574,3.296436951124663e-07,214082907544.7206
10009837.10482183,3.227623348002419e-07,212734753520.4933
9301817.792657714,2.9737109988695e-07,208786295515.2105
9102212.39814706,2.791992303451114e-07,213077448472.2065
8998116.634125302,2.918541479216602e-07,204506777246.6734
9793198.970115587,3.182053687473593e-07,210112993247.725
9997074.909127416,3.250866641679466e-07,211449588167.8494
9639772.189830011,3.118218591518223e-07,209634327491.7428
9086937.186974972,3.075039191934477e-07,199457523510.5831
9486511.510290736,3.124298841262866e-07,206033651483.998
9031260.447079677,3.005275168036981e-07,201291547292.8892
9397981.025511611,3.139001913326019e-07,203473025868.2462
10303056.10161731,3.26116860588688e-07,217462259436.3026
9804263.527714618,3.188264580835882e-07,210077112653.6929
9584940.708365073,3.006745947133959e-07,213562472989.7979
9724579.483484171,3.000705917798117e-07,216964430387.4546
9788040.916331744,2.874879804390577e-07,224706679116.6246
9844332.907544905,2.950585274888466e-07,222116511914.1755
9831164.502482025,2.85156179254027e-07,226925397606.332
10142837.64817247,2.779468874931045e-07,238150554621.4525
10274173.27533558,3.260536495239098e-07,216880667955.9993
9908362.366412815,3.123964218169968e-07,215211023988.5845
10022616.03693621,3.237565429347165e-07,212570041333.008
10231062.76019912,3.189610314756537e-07,219160524278.2874
9852844.182294441,2.954041415189003e-07,222135120717.6779
9866027.093986068,3.053092970987713e-07,217595019612.7564
9769114.31332908,2.678702477348805e-07,235092552853.6219
10076054.73900762,2.623386174340606e-07,245875752017.8959
10177009.35470125,2.67938188754315e-07,244867094951.6295
9874329.282699727,2.819496596214427e-07,229646530918.7651
9642552.577521913,2.745761172714048e-07,228253183068.4759
9737625.428673219,2.8185420382676e-07,226518348709.7614
9917679.753440635,2.786093363681657e-07,232494653428.2007
9910393.831873037,2.684916574232382e-07,238124299889.0531
9685391.812339786,2.712242005410026e-07,231152308913.7082
8766279.506255539,3.029165461713985e-07,194356908651.6192
8201594.357055123,2.898453146534451e-07,187263913901.8545
8720559.183928847,3.001902309570778e-07,194512103552.8201
9570788.352538118,3.119430520590058e-07,208080237267.0194
9419120.711570462,3.055584659403588e-07,207625559296.0617
9113494.76116143,3.000395295447164e-07,203344594022.5154
10908049.29876802,3.454521334212908e-07,221558545796.2841
10714710.29368375,3.455364664691518e-07,217596133728.862
10434108.68140057,3.372790423536674e-07,215342186608.8409
8141841.646298474,2.832643942189807e-07,188767834060.5254
7856794.079206436,2.750537350517639e-07,185766332132.7239
7909314.634943407,2.808979995911087e-07,184405167953.857
8789537.784073729,2.953181985579089e-07,198201025417.7382
8515060.895258768,2.915943769943924e-07,193642937234.6872
8844465.52607584,3.022922067566788e-07,196360272513.4281
8703772.430652214,2.888639746313873e-07,199179790996.3867
8502854.157832775,2.764813611555156e-07,200349143799.1234
8430648.598123314,2.851445257543913e-07,194603641220.8966
9887239.835544977,2.627024744627033e-07,241045462136.8243
9371695.829142811,2.686109635575106e-07,225113925596.3801
9777205.732734665,2.735931248216203e-07,231994648649.6167
8181158.146559974,2.563583450190459e-07,202729281766.9444
8200422.494024158,2.542792517412842e-07,204312816990.5251
8010559.70545358,2.545358029426842e-07,199448271045.2328
7696688.813358538,2.518411896682056e-07,192997975336.8424
8053354.792177393,2.529250733814387e-07,201364191484.8227
7769050.679393069,2.522984407734645e-07,194577032991.6086
7624177.619043696,2.576483542627645e-07,188296142760.6429
7754846.795361158,2.585916908211362e-07,191057245322.1209
7781011.353784704,2.549297615030205e-07,193533294324.9668
7629058.820437274,2.550153191733571e-07,189711409192.2412
7587021.352267032,2.567684334306089e-07,187806326818.381
7719735.952101178,2.541098786690144e-07,192422009894.5351
7872605.44468196,2.526135972427383e-07,197006552287.6215
7700155.911572974,2.539762594771741e-07,192001271015.1366
7791253.339545058,2.530719168368825e-07,194735302563.48
8522184.857557328,2.674050468257031e-07,205323133716.5696
8825828.651505383,2.671284840373031e-07,212785497591.5742
8407144.917741992,2.614975914443157e-07,205590671427.5802
7973088.479120311,2.612703732696052e-07,195089160439.4627
8308732.347509848,2.659385662001543e-07,200915705700.3786
8195147.154380118,2.600387151284747e-07,201155270141.1873
7956988.544394161,2.729555121191206e-07,189098240041.8215
8243831.759159642,2.811662208877477e-07,192082157130.938
8315234.541900547,2.725052049396208e-07,197829613413.1992
7373800.524083485,2.64332713435339e-07,179029298036.2243
7624692.244556229,2.673433845185468e-07,183728286364.2018
7516937.010805398,2.612766075292435e-07,183924912763.5099
8109873.5768454,2.871950836224035e-07,186307104688.6827
8671445.033436365,3.002573143343262e-07,193387802467.291
8345309.04039173,2.895644549751092e-07,190668488675.3677
9425469.542044183,2.563022648000465e-07,233597414608.5829
9862015.595639376,2.564264126671261e-07,244337718205.3471
9597693.608427323,2.54547272851106e-07,238957820959.0526
8400146.755804054,2.568301805889513e-07,207900803957.4657
8894747.490564954,2.564198679867932e-07,220376784528.1239
8419667.078602189,2.547464515258529e-07,209518716006.7642
7879712.636876892,2.586996597175598e-07,194079564038.4577
8100476.132282682,2.574635218453919e-07,200155137990.39
7930725.433154268,2.556408467154831e-07,196891098965.0957
8953707.863873171,2.650252332506311e-07,217009178764.0389
9030376.198346302,2.58991657955221e-07,222253525747.1088
8531965.122396929,2.593942343109245e-07,209769427238.6968
9264356.470676187,2.649408916772675e-07,224585955904.2441
9776979.202707499,2.590319992445294e-07,240603761717.7051
9342340.656813879,2.589003815548745e-07,229985561716.6187
11372487.71701222,1.354730379924782e-07,431141898498.0576
10790592.47920644,1.345897421705596e-07,410869575829.7495
11026996.76236117,1.35624032068377e-07,417733667843.6402
11287373.84344716,1.466596418034917e-07,405868951307.9446
11491164.94791248,1.433670803002679e-07,419499162512.3845
11815728.78908442,1.480298942209381e-07,422241479577.2941
11769711.69666599,1.518268518904843e-07,413555149926.3783
11356081.27221639,1.487751656936636e-07,404459335097.2284
11886023.49173414,1.501447809172797e-07,420755456941.8014
11151951.62274129,1.444288806985417e-07,405117974926.4552
11325750.0144729,1.424647222543104e-07,415204527972.5287
11123437.59526713,1.457592591311281e-07,401619620293.8157
11416730.87119898,1.468411675544064e-07,410181948831.3102
11492813.41414537,1.454966578838551e-07,415455338872.3661
11315243.25010043,1.489761952046676e-07,402642217379.0566
11677614.11133059,1.384524860679857e-07,436335231267.7456
11062869.6130026,1.368629147043474e-07,416559718015.9886
11209175.85277811,1.418489171575818e-07,412119343499.3272
11331226.95388678,1.351573155925651e-07,430246388107.7832
11235161.06462057,1.345087844904433e-07,427968893591.4605
11737805.04238577,1.3664486914696e-07,442443690114.4037
10602282.8479769,1.311549588363403e-07,410717217571.4138
11178855.12092089,1.300003492586668e-07,435613150159.9113
10819969.5885555,1.312781097651377e-07,418887914205.9167
10533725.18841006,1.356517723734829e-07,398992748196.1846
10443479.86083031,1.325679432656372e-07,401685561404.7601
10659538.4887991,1.326919304969055e-07,409740343336.042
10568616.59366086,1.318491155009059e-07,407974791483.2349
10721397.00291925,1.314092814247323e-07,414795482126.8719
10462659.20370543,1.31549642771389e-07,404497303404.715
14056071.74839915,1.728837681192449e-07,452926591301.4906
13493568.30789019,1.696839025778039e-07,440250356076.106
13430253.08771128,1.738728069209071e-07,431118262245.0602
10015615.97601207,1.766034349235363e-07,318183923921.3719
10575787.67063418,1.710166041687955e-07,343257896872.6339
11027111.19606864,1.720480839575122e-07,356474548024.5461
14083175.97256758,1.652925919004977e-07,467589782625.5838
13655725.96226253,1.67538558166105e-07,449336409365.1312
14221564.81849304,1.707388528727128e-07,462089193574.1686
13148118.58004327,1.778495729786409e-07,415746301485.5948
12886401.18412526,1.815473842777457e-07,401918796392.7615
13244148.4019073,1.809067084594185e-07,414051399767.4919
12741115.31701132,1.57622100679595e-07,436645885635.5241
13665282.16927432,1.61598618104903e-07,460603084494.9557
13079483.67726883,1.621852296679541e-07,439794438845.1484
13410664.15527767,1.603465887674348e-07,454370858601.6739
13454903.03662673,1.649401428074968e-07,447366021009.3123
13879222.64528714,1.626931094817641e-07,465713723890.2404
12916912.85138543,1.596161091763833e-07,438976140666.7305
11925254.4700569,1.59779593155932e-07,404998530843.9911
12960330.38288354,1.642053714719617e-07,432206372851.9166
11920043.70398205,1.538739413293951e-07,415114396908.5241
11671926.3715641,1.572035532107041e-07,400713801350.668
12653206.75778377,1.570282689129448e-07,434725760535.0821
11465354.40346136,1.557728595945443e-07,396028361222.6281
11735649.52772703,1.547997644937093e-07,407061723948.5712
11604905.23968853,1.580148435089928e-07,397047995939.673
10922959.41698448,1.576121027294445e-07,374352391040.2604
11123994.97207722,1.568503279159242e-07,382475683942.144
10715165.92631651,1.605888257554545e-07,362678673722.5657
11086213.22701439,1.58854487672834e-07,377963824809.4054
10913593.76754184,1.581092726265091e-07,373246912296.6591
10705889.80778276,1.610849248695671e-07,361620328553.7296
11295250.29488989,1.570095647408893e-07,388101319466.3451
11539352.40273899,1.536837885383386e-07,402188268003.2754
11121004.65974723,1.5625627180035e-07,383341393606.4794
11253745.40842423,1.51467202538612e-07,396051214724.9262
11293430.74154188,1.510806955289617e-07,398125421211.398
11307299.52796462,1.537191854186321e-07,394039882069.402
9642841.789953787,2.350073495745074e-07,253211880360.4846
10081005.36744869,2.315638363348689e-07,267335534032.3144
9544468.526363468,2.370915533953021e-07,249157728050.9685
9865650.112357356,2.370369222702093e-07,257581722255.5721
9607720.191755855,2.36660452196979e-07,251113398956.9443
9580310.036803821,2.39882900946083e-07,248149479786.6977
10070210.16076111,2.286073344532283e-07,269346763233.9224
9856257.408849427,2.276950849099928e-07,264327855897.6987
9702997.777314156,2.325371815495718e-07,256592719124.9616
10626776.68204629,2.018159194559466e-07,308862090706.4226
10223582.45865427,2.009120816737773e-07,298033947541.5947
10740339.11821875,2.096991306103465e-07,304289458590.7492
12040616.52665997,1.528192583233173e-07,421240384008.4689
11715117.11175592,1.537821869941589e-07,408140111873.7623
11825456.96980301,1.569974447942761e-07,406339968608.0766
11884005.72881247,1.437862914656149e-07,432996644487.4658
11600941.49476133,1.428734594904609e-07,424481593300.438
11376725.76404362,1.460648282590068e-07,410191686960.7805
12438135.13636862,1.451716309633124e-07,450298776501.467
12596128.88178047,1.426767821785486e-07,461319229792.1091
12339933.59584593,1.482329164775639e-07,440571487085.9563
12197580.36777988,1.485854306835262e-07,434800001251.3343
12273213.86695998,1.466707585534624e-07,441295274257.2662
11917177.62069208,1.498191531675395e-07,422469331085.1342
13267378.01939406,1.398732964366708e-07,492374134001.1495
13558985.48759685,1.352824672635176e-07,514516751599.0094
13233093.85511637,1.38011337667248e-07,495509002468.6413
12920917.20144412,1.382977195718876e-07,483151498493.3619
13328523.25127686,1.355197489442721e-07,505180961289.9014
13076172.98202351,1.359894106483e-07,494474533468.2034
10230173.46226899,1.397998152578749e-07,379791522113.3104
10302863.01000704,1.394040417140659e-07,383213689655.569
9736030.236250272,1.424951793661639e-07,356874183868.5181
11135023.73172399,1.388757968644276e-07,415215385583.2394
10567860.86617496,1.395465530113111e-07,392802591742.7542
10594714.52888582,1.417312061543709e-07,389743550551.8205
11151543.46278511,1.375636356789121e-07,418471498837.8594
10659244.40368547,1.364823640293815e-07,402107397299.5237
10583954.54038373,1.382343265594324e-07,395886505614.4288
11367631.7177032,1.969026629915446e-07,335868237500.2455
11260532.65229092,2.027944059585944e-07,326228290488.5762
10715468.86486524,1.971347253046479e-07,316350911922.5807
10214985.72802912,1.760284251014599e-07,325223981212.9685
10571790.48127471,1.818944655707848e-07,329307956516.4257
10352306.1582783,1.887774970848158e-07,314584237523.9995
11314360.53575167,1.552525702585355e-07,391685487863.6873
11672020.24821657,1.522506324434807e-07,409361154437.0678
11927851.19527972,1.521638929997882e-07,418492621466.32
9721335.46146846,1.483229480842113e-07,346939459265.8844
9534811.278000172,1.470628911876512e-07,342223662635.5522
9786289.480017684,1.536951597951696e-07,341070845321.8851
10138336.89483353,1.557164401005955e-07,350276020959.5159
9871926.824169908,1.504871425234429e-07,348927873429.951
9937381.17015953,1.558560738105659e-07,343127975078.4303
10305420.26896127,1.432705985344802e-07,376380970231.4088
10278936.00466979,1.410872713567541e-07,379276795261.4551
9972532.222849738,1.450428940244837e-07,361249962368.5584
10095406.1098198,1.465125829022617e-07,363251300330.0311
10782416.1390917,1.469795036989891e-07,387149085758.8069
10430321.89016873,1.447433653280142e-07,378354236151.101
10065774.67369964,1.657404010857244e-07,333601719641.2118
10187268.56214405,1.595247304301565e-07,346342464099.2515
9985826.050593419,1.596728873320922e-07,339283868110.8182
10852642.90023811,1.642176184716821e-07,361900358499.0453
11227126.33699328,1.563587620376313e-07,386830278898.317
10589921.14701182,1.585586098872078e-07,361492679226.9023
11373796.51539305,1.411883676256547e-07,419475090212.6702
11338969.44935016,1.392870604229287e-07,421987645703.2045
10793673.38132778,1.42141074252171e-07,396298908800.2744
13395358.37547201,1.929711859174124e-07,401136973204.6601
12374438.51021651,1.925696536469406e-07,371079476940.4548
13688923.52177913,1.852917852652379e-07,421177523541.636
11142336.53748555,2.234664049960062e-07,302576208551.436
11489186.27252598,2.119457033955211e-07,323201121717.4042
12086188.60362891,2.16358094353727e-07,335356917195.3572
10082372.60709472,1.867277325346492e-07,308619616759.7339
10425121.42154771,1.817851856783801e-07,324869392635.9433
10589608.57401822,1.749355777208251e-07,338553892751.2982
11064438.15196871,2.217868971900231e-07,301975777929.1626
10673955.53150522,2.134252191703048e-07,298878653820.7876
10966720.80167084,2.178338910912244e-07,302918981251.9252
10111586.41019699,1.667499164439121e-07,333766092413.0829
10046941.05492285,1.675463164687185e-07,330580524798.6884
9967067.410151763,1.614759685181525e-07,336120857999.5328
9873388.64454666,1.947122390240568e-07,293903031173.5923
10245136.07461226,1.867260548296853e-07,313603655740.9998
9905383.683369705,1.916778668877783e-07,297959102496.4781
10278990.26621012,2.06841050931805e-07,293895293334.1172
9924419.083725432,2.014505796462059e-07,288797046615.7215
10128602.517232,2.052486252900709e-07,291091387951.4404
10261751.09420028,2.051398917850203e-07,295022221081.7076
10060239.14869197,1.984596536564431e-07,295683315064.7411
9907479.977316052,1.997516795580709e-07,289936512178.9512
11041935.67000845,1.659327630475794e-07,365670940969.8339
11342559.48554047,1.582108242464611e-07,387751604422.9451
10966139.53687986,1.660545900351175e-07,362983188467.9084
10252700.74795531,1.611384955777867e-07,346235885697.0447
10432695.27399657,1.670980015581437e-07,343886941925.5804
10068530.82816024,1.679101098516454e-07,330812217377.4021
11077190.14998526,1.449207327726609e-07,401491106837.1275
11012687.00241004,1.496075211284109e-07,390772816137.3002
11228023.98754045,1.461917431706557e-07,404595860764.7444
10856616.8857721,1.606423981451997e-07,367384694975.1261
10630398.02981375,1.652806325425892e-07,352967632350.0256
10448698.64692448,1.593251875143984e-07,355526991857.4471
11010245.25341111,1.461939485075103e-07,396744330161.0963
10959642.11033824,1.512849250016993e-07,386010634484.8341
10945937.59831205,1.508796966358512e-07,386217931164.345
11598115.61378769,1.788902898846691e-07,365311144803.2718
13165917.55585671,1.761622165458402e-07,418963273135.5994
12425912.68978093,1.808860478960762e-07,388500501993.4321
9728131.300691959,1.806632103645889e-07,304403476514.4221
10387160.53132128,1.802345940611037e-07,325540286818.3755
9741193.073078636,1.831092605794888e-07,302091573993.4295
9795898.265219245,1.851811907809382e-07,301517843171.6435
9583527.393403735,1.818960478118482e-07,298522140241.4417
9596491.756589923,1.843459269540191e-07,296271673247.548
9806046.051019937,1.773634236551374e-07,310635595349.21
10270303.51602115,1.723421006154823e-07,331631435134.6368
9718392.322661547,1.779337952444641e-07,307200651493.9274
11800484.48283514,1.727171339462273e-07,380489686772.888
13003398.85535666,1.741206750830188e-07,417019780874.41
11445610.91521166,1.768468464188054e-07,363279394593.2457
11069959.21637961,1.629690563730938e-07,371030194151.8364
11298416.3280199,1.686391009436578e-07,370150824921.6329
10841516.82761778,1.676107178362989e-07,356633545246.2026
12906126.58482696,1.666931042259916e-07,426105850877.6038
13383641.53235782,1.715819730397768e-07,433437541446.3227
12162842.55046963,1.701800778055886e-07,396061480172.4449
18119375.47853912,1.065263734865469e-07,806315725319.1064
16529253.14983061,1.063833256450077e-07,736214199109.7838
16969752.04609777,1.050128317548664e-07,762395955138.08
18359955.13685051,1.094838709713855e-07,802240998612.9594
17943468.51109209,1.101485542605295e-07,780885207655.1366
19236356.76103867,1.070254535305381e-07,853358342219.7876
15796918.07761967,1.134680074643892e-07,673995111908.8259
15727228.4257322,1.131380235566161e-07,672325839565.5804
17705019.07084099,1.095692373893965e-07,773221591742.0906
14694480.84767883,1.163718985130382e-07,616484508061.0594
14217690.77689458,1.18693360377074e-07,588678418019.2825
14904466.54304853,1.159376394863701e-07,626854576122.788
10815124.47084912,1.315116409484494e-07,418204521772.2639
10653087.32279027,1.308905273802212e-07,413240941067.9901
10809326.79861041,1.312099137569076e-07,418620874287.8225
10890989.42475984,1.32408416253403e-07,419234430097.5749
10853170.7841538,1.320322721488586e-07,418571742096.8558
10761077.22916748,1.322942177074795e-07,414471977512.8829
10349009.20668276,1.337439543396552e-07,395715140243.7651
10533251.56443816,1.332539574290413e-07,403746756102.5937
10698135.47958312,1.324906476532341e-07,411640355628.1086
10981088.37887225,1.302883608965327e-07,427275810427.9436
10988463.6521581,1.295401048707012e-07,429207675417.4612
10721435.71660743,1.303122364548999e-07,417121728773.3538
10628161.99407785,1.324143575413246e-07,409104993169.8392
10890480.40113143,1.310072569729815e-07,422198612894.3824
10631907.61223125,1.310303260908247e-07,412125967331.8646
12035073.50262264,1.301213366368922e-07,468687175018.7078
12859674.17087458,1.282900497826114e-07,505554502326.5991
11607398.60473035,1.300007463716018e-07,452311539922.4246
9731498.830715492,1.349477399417473e-07,369887218470.7454
10004595.00070772,1.342307962494837e-07,381620241094.8395
10268482.7789681,1.338432517973593e-07,392441830495.2468
12982959.1324774,1.222980523830903e-07,526939388089.9448
12929518.22565716,1.196100931847335e-07,532603222989.0669
13199349.38728453,1.212210155662758e-07,538890564303.6049
11319547.39230558,1.295009546512251e-07,442228860784.9819
11001425.8058664,1.305149559078681e-07,427571536916.2114
11112337.1582751,1.294224253722637e-07,434309224514.6906
11447276.10167027,1.481456489812351e-07,408861506006.2347
11345652.50436881,1.502793630715074e-07,401386948943.0595
11615645.345103,1.507157528207206e-07,410145148414.4883
11961822.44493236,1.412492975349045e-07,441035099520.192
11625432.53920708,1.452366123336803e-07,420750893361.1652
11895945.2363963,1.452043149276985e-07,430605204670.768
11452078.99849692,1.450434662037987e-07,414844708910.8259
11215150.52319053,1.454219085160214e-07,405556979741.6357
11314547.47493745,1.481363851053259e-07,404137695479.5338
11896886.72814442,1.408118430774834e-07,439548907187.0963
11637979.9773806,1.434550762838699e-07,424685068443.0725
11561417.64479864,1.44800338089768e-07,419274103831.771
11808084.20723622,1.399893247677261e-07,437975175935.7489
11337009.65627296,1.433843011963507e-07,413838394456.018
11575215.12766292,1.430074501625608e-07,423275660175.2829
11506592.74280112,1.359940383851936e-07,435111099294.2266
11916277.29943351,1.374812084975985e-07,447347526410.3
11941735.49137152,1.378558563384823e-07,447490651696.6486
11387756.40937842,1.385377366387213e-07,425330092024.03
11226116.08873416,1.369721602943934e-07,422481787521.163
11777786.27729014,1.382620065429804e-07,440482270179.5344
10627744.80444482,1.339111045099793e-07,406034923570.6582
10594974.92672428,1.33313185928415e-07,405992360608.5823
10979973.13363803,1.343715993589547e-07,418532916588.0941
10770876.79145818,1.393358121526031e-07,400752175959.6064
11236273.18100718,1.408590237089459e-07,415048810384.9637
11063165.33984413,1.428228980152549e-07,404899750305.9968
10812683.91943978,1.368320986770132e-07,407200387249.431
10666454.06458262,1.383289341319712e-07,398790417076.5752
10957331.81306772,1.418183065160803e-07,402917950858.8247
10685551.78715175,1.346409741726767e-07,406766760388.7482
10449914.00819977,1.330553945538694e-07,400950776219.6146
10540187.07143488,1.361387647609693e-07,398284845243.0927
10843346.32110918,1.342287018325821e-07,413618290573.8301
11180681.20688337,1.387126622270722e-07,417244729996.8129
10716449.71967164,1.371874839538652e-07,402878974744.0385
11737696.25053653,1.269415517516762e-07,464708195141.4871
12013867.88436216,1.265006719387282e-07,476746628172.5301
11647265.81564453,1.282026322495641e-07,458099016089.7579
13731614.09146906,1.252042088389467e-07,548667165258.1978
14648060.39678432,1.227106831833994e-07,593187338677.5647
13582226.4827357,1.267799471945313e-07,538192023697.6625
12088467.15945707,1.514262344449151e-07,425504169236.2021
12157932.11265971,1.538999221616093e-07,423351185832.3042
11971166.60591369,1.531077785928951e-07,418284371379.0443
13299488.65930774,1.439507681127474e-07,484200929805.0815
13188842.07738674,1.450055645930689e-07,477841159587.9395
12867616.50738734,1.410386601757318e-07,474904181368.6723
11845200.90673486,1.339843249446218e-07,452383166567.8934
12027447.30834996,1.379988687584614e-07,450391077961.5869
11890559.50425025,1.360366908610299e-07,449536456517.6854
12721210.60365598,1.304456020213097e-07,494586375168.1787
12015517.58004277,1.320959223734172e-07,463250832777.3428
12061200.79841106,1.341489362538218e-07,460255576281.9501
11921536.71168843,1.307153946623364e-07,462857972013.1874
12010901.77520549,1.299227507641072e-07,468222353930.8087
11757616.15166288,1.358349569188212e-07,444950376100.5621
12949878.36508957,1.261643419971552e-07,514803239613.2408
12171244.05175691,1.288312271646415e-07,477149209159.6177
12081774.70994917,1.301762283055566e-07,470373605334.8654
13287572.14630699,1.242353571534521e-07,533681514816.229
13412865.06648399,1.224605363618001e-07,543906335326.5001
12498694.59102412,1.269025186479092e-07,494938413225.7583
12498660.97968701,1.503485217921034e-07,442042520431.6092
12199046.8196133,1.534038436684475e-07,425698124884.9091
13092716.76680509,1.527444702043669e-07,458197563314.8879
10597956.60452932,1.64696391520667e-07,352722161810.579
10608290.0851103,1.684283246325098e-07,347831279715.4619
10846851.46483631,1.666269589045741e-07,358212041618.0858
11190738.38995245,1.526010215719929e-07,391880616452.3516
11244142.55891959,1.548523835686761e-07,389924999337.5773
11042019.31468748,1.556150559818198e-07,381663615690.0636
11217177.40289954,1.609306568865428e-07,379132544646.903
10509629.7969824,1.620165870452892e-07,353628912400.9548
10777900.69268166,1.631280453523437e-07,361006556447.9637
13143896.34643396,1.491717404887495e-07,467304275208.1428
13313192.42325218,1.524938067284998e-07,466423838316.0682
12633054.85874627,1.533264588521173e-07,440991594492.8454
10719961.39481598,1.610937242250876e-07,362082448538.7902
11075086.00141234,1.586516332393356e-07,377906251085.9689
10986998.47377823,1.585388880293091e-07,375078230949.4196
10217767.025237,1.345530547337222e-07,389129021086.2195
10623387.76270529,1.33256213680011e-07,407197141978.9054
10024640.71854329,1.343422750357188e-07,382173307360.7601
9516182.23901788,1.354791417600793e-07,360756744514.8199
9867349.63912853,1.348644830122867e-07,375205148710.3128
9318961.76500728,1.358667641528288e-07,352607902833.7692
11267358.50289659,1.349450047471412e-07,428269918584.1707
10615860.72039628,1.335200998886067e-07,406372314902.2216
10688194.47467366,1.340642530485769e-07,408033372999.7767
10765354.38865364,1.324757386826625e-07,414257866881.6863
10460541.30769458,1.326701882485447e-07,402135050735.03
10402522.32704675,1.322703053691213e-07,400710220004.3552
10473623.50871429,1.328160246473238e-07,402343176505.9481
10766260.80127014,1.32656659921708e-07,413915977084.4908
10522019.11343266,1.327513932651883e-07,404333471434.1545
12232399.48848965,9.835868570732792e-08,574076599625.2926
11682266.38469904,9.915723768248242e-08,545310874668.4967
11539425.50375964,9.985992362550607e-08,536113448120.2817
10686787.38490905,1.051029935687105e-07,479848098919.8468
10999528.77856708,1.050160905308993e-07,494162951849.3227
10706715.59351893,1.041558977996005e-07,483652780261.5673
10799495.11949962,1.037436148217215e-07,489135520087.08
10718768.23984046,1.044560278207034e-07,483269302665.356
10649612.55602305,1.049241552085917e-07,478722111260.9047
10786861.70135999,1.012224011088418e-07,496642659224.9395
11128933.05967416,1.01189306894411e-07,512503830891.8017
10756970.75240557,1.020028464805652e-07,492736945458.8054
10857702.91467421,1.089626557767837e-07,475940688501.9316
11037687.38248465,1.062141914380001e-07,492141200811.5919
10724400.08261049,1.063186563947602e-07,477859276208.1298
10059579.55760308,1.084203527473935e-07,442424619149.6852
10489828.15908265,1.07529349804923e-07,463892154094.0828
10602257.84106684,1.071460714313394e-07,469981605447.1343
10477927.84235704,1.07600915713026e-07,463160405075.8155
10056665.51412568,1.084425091237516e-07,442236211165.9785
10599266.22326521,1.071620392316645e-07,469802316936.8579
9660071.636105241,1.105627536046811e-07,419347877690.9047
9514042.372817427,1.108267830169004e-07,412352466430.0477
9679638.333813921,1.09765631356157e-07,422229148054.5148
9530415.829731941,1.104625366055035e-07,413969656352.3136
9726150.4231894,1.091387355202995e-07,425881102999.5709
9696153.608533155,1.094089350266932e-07,423868321378.0007
10493234.0703699,1.087986195118705e-07,460426633373.288
10030796.64915177,1.088495667243878e-07,439998257338.8464
10451522.38148459,1.08009400693423e-07,460827637451.6923
11284907.08068587,1.038854084368993e-07,510655820510.0294
10961310.74495066,1.044388160182593e-07,494258936100.3653
10943073.58106177,1.056202870166677e-07,489749976550.9955
11448825.12091152,1.016895748670805e-07,525504735368.8877
11252747.09350509,1.018976199238809e-07,515801417668.5638
11445787.6678007,1.025942273193808e-07,522272391135.4451
11283610.55909589,1.00909981003247e-07,520585425913.3979
11212438.91327096,1.014756748787044e-07,515377503855.137
11408166.96056323,1.012688637346721e-07,525087778901.9012
11355465.45931198,9.972112407981041e-08,528056221404.735
10922371.42338126,1.006155133351328e-07,504901866408.9407
11214642.86102721,1.004256502687042e-07,519065717307.7695
11068908.98481179,1.018619426435524e-07,507493144696.3295
10978164.96746957,1.017932710893362e-07,503559011405.52
10994993.34073542,1.023408758193352e-07,502530259722.6594
10960941.52296693,1.012462245880241e-07,504578377245.3493
10877197.10384242,1.014830895059998e-07,499943828405.4272
10600081.46431854,1.014055394570856e-07,487455247279.1122
10837592.05886706,1.015127828412698e-07,498026337552.189
11012408.6621076,1.012636097601772e-07,506889602482.6254
10893991.79094568,1.014489555481796e-07,500828064264.8354
10576480.78384474,1.022594402351582e-07,483658595757.8898
10728662.03153374,1.017600249356617e-07,492221706152.5972
10784777.97605146,1.016984141829585e-07,494996074557.0599
11965152.05134799,1.026875942198665e-07,545640044609.4951
12168050.97318269,1.018892469358246e-07,557787510170.6846
11274137.03052384,1.01871557761847e-07,516870022130.7737
12392457.90618478,1.029775260509823e-07,564064996009.8622
12978690.95523374,1.029558264746039e-07,590831450441.524
12598932.96635379,1.02157653579545e-07,576527231922.3079
10771880.59959112,1.050795431474283e-07,483740831621.4214
10662569.50804623,1.064628964618211e-07,474674997672.4383
10803074.26172932,1.048408373772977e-07,485877782559.0718
10926990.01158303,1.032779936444311e-07,496396470020.9786
10838018.01904591,1.042823350615033e-07,489188272808.483
10869307.22727404,1.040481079419476e-07,491336551132.2521
11055166.02744563,1.023029393823012e-07,505405380616.8684
10981296.36066999,1.02780859482457e-07,500470844582.2266
10923470.22495048,1.035541028204235e-07,495354092814.3845
11082560.61469996,1.018548181438319e-07,508142745978.3378
11491173.9270266,1.021152072367858e-07,525981879576.3889
11099468.78185561,1.024042757509656e-07,507095940404.0229
11568598.39803194,1.028191412208439e-07,527106166252.3284
11479469.53300802,1.036609036755962e-07,520209756056.0663
11085584.08804326,1.041057382785484e-07,500928185172.9882
10634547.32802628,1.0459166974139e-07,479057463698.9245
10658375.89664693,1.031190780633574e-07,484691070085.601
10784324.21057247,1.034084556613092e-07,489503236322.7073
9859146.491501136,3.050201786686545e-07,217580651175.127
9265478.462331276,2.998985234032328e-07,206800522913.2059
10727108.8574815,3.237526353621657e-07,227513486769.7637
10654266.82452663,3.103717123189541e-07,232417494014.4957
10286605.55347172,3.070403346454127e-07,226017360970.6736
11504268.37271749,3.234228709104862e-07,244162250436.1631
9275478.357835587,2.820446225431102e-07,215670676455.3791
9732665.945697395,2.860804347198379e-07,224167705196.1219
8681714.177859267,2.647013119037514e-07,210588550152.9822
9974248.848792655,2.990339134980885e-07,223048806079.6602
9393703.424655404,2.887541911369362e-07,215022866375.68
9028421.042717747,2.852517029438334e-07,208349745242.0161
10660134.12634056,3.046308590319543e-07,235457975515.6665
11777688.846914,3.074522148829444e-07,258548283718.7386
10059665.51167171,2.943010295022105e-07,227364341215.5529
12168048.98573999,3.129851258666791e-07,263960221124.9235
11031667.35656043,3.101589767754319e-07,240760325070.9764
11541883.83230199,3.163785849264147e-07,248583317343.0118
8761156.856296005,2.71684676755484e-07,208858117607.6448
9742350.659849077,2.870754649483737e-07,223871962292.084
7969467.653769745,2.609897242026609e-07,195140332193.7171
8029860.443548963,2.637767490585119e-07,195231694237.7544
8845042.918996178,2.764388278024963e-07,208433369552.3796
8265449.966443312,2.591839649288349e-07,203326701406.0291
12355308.54115321,3.090670942296613e-07,270282804052.7078
12414513.1335743,3.06989037230607e-07,272802145167.3854
11082246.29587736,2.999842427316779e-07,247302687377.1361
8466789.032166837,2.391851042084013e-07,219733354373.0103
8951202.258500526,2.375419098753581e-07,233375112934.2668
9149854.427799702,2.384272041741394e-07,237963481267.6532
7604109.280842206,2.420452530492668e-07,195787053167.14
7907227.73487793,2.411657036492311e-07,204086314335.4404
7673989.268668999,2.43835154639609e-07,196618166128.9129
8180367.782667977,2.367483207334222e-07,213754315501.7852
8706461.637453221,2.37120898622421e-07,227262860812.0512
8228809.378227605,2.387646172939139e-07,213807871179.6909
9169133.067400089,2.801000606105616e-07,214183563688.8484
9065962.3382555,2.718595510252617e-07,216031715165.4922
9461418.957893921,2.770077904283791e-07,222652863562.5956
7577422.674747393,2.230654617075089e-07,206015529499.1818
7201251.056414382,2.22475924023546e-07,196133873670.0949
7835117.564001803,2.204169800602613e-07,214724772918.1046
8536813.455150994,2.2526032489924e-07,230589390100.3542
8323816.244718038,2.247931883324926e-07,225147460502.0905
8758265.476121387,2.23171543444594e-07,238044906841.6934
6718307.906002296,2.276000303477153e-07,180223613731.0156
6382548.060123052,2.297720289607738e-07,170135909694.7991
6743447.064377568,2.252528762356216e-07,182152466316.58
13246628.71100929,3.092845301765644e-07,289645352900.9447
14129862.42783959,3.116870109070758e-07,307368103453.4758
13438701.36871536,3.088355468845231e-07,294129859479.4345
7474194.456894083,2.493984224797291e-07,188640638620.9156
7547645.292214029,2.451613260510976e-07,192683047899.386
7111058.764120157,2.433174733132379e-07,182453445420.1916
10260606.53877314,1.929638961271063e-07,307271533520.6108
10548491.70276634,1.920403988401024e-07,316904665355.0603
9887628.307762625,1.946773802537928e-07,294362039500.1947
6721550.405692172,2.369488951327795e-07,175536055283.8175
6689787.058729113,2.302160486068674e-07,178096436731.213
6372722.130103515,2.326233172343011e-07,168483025498.1567
6811618.527581841,2.35698940061771e-07,178516582878.5932
6727149.722932721,2.275695120387782e-07,180476935545.2993
6779642.824745196,2.289498379201716e-07,181153440802.8225
7269393.360706631,2.314892472924249e-07,192816541220.2352
6847519.657847755,2.282039451058625e-07,183365596527.2464
6932738.47162354,2.363478725430695e-07,181358125807.4837
7848757.681111383,2.131453742667773e-07,219963343848.9918
7500123.335753743,2.14420845408372e-07,209358405759.4141
7070165.04632559,2.201512668896182e-07,193916795647.8969
6848967.095077722,2.41229353773835e-07,176741408127.414
6496804.229611213,2.368579801902939e-07,169710129901.3166
7205432.034958907,2.472911439780167e-07,182889027382.5274
7755061.440326364,2.605145340618767e-07,190121225286.564
7880562.632230926,2.620045515396616e-07,192464809597.9256
8718359.972430039,2.761825192289567e-07,205575176656.7143
13524821.93964848,3.092920778480229e-07,295723400858.2115
14218166.35929573,3.121425652213083e-07,308987986714.4255
13590294.72508737,3.111140585001217e-07,295993688697.9034
10646635.01792917,2.028832211320749e-07,308353071257.4053
11179434.39038025,2.029894411630596e-07,323671305532.5889
10232495.45739833,2.071463866712221e-07,292278353677.2644
10378057.12004891,2.01958350346463e-07,301491343418.6474
10712204.45676454,1.964932245094251e-07,316942490887.5861
10584152.42099355,2.00548730191559e-07,308917710712.3359
9837206.907277741,2.179102434732856e-07,271656463170.8228
10034485.11018851,2.097078265739684e-07,284283726727.9417
9740512.1325233,2.179897158277308e-07,268920837313.8098
9877179.077079253,2.040027749477146e-07,285020136977.8082
10471810.25417297,1.932127153240431e-07,313327101884.8303
10188904.58311278,2.019922836723216e-07,295963150952.1649
11126934.153009,1.869156233350789e-07,340365173096.5688
12180797.44584163,1.842345434025228e-07,376208277171.5425
11176624.27885522,1.902227303215632e-07,337911037427.3041
10534849.06571942,1.656131232588834e-07,349326730747.7231
10166841.13728233,1.636103829263467e-07,339869451094.8561
10259651.99777125,1.623793394132751e-07,344703306871.9772
12372258.22984473,1.735608845782475e-07,397631766539.0932
11368529.20277976,1.693913590946039e-07,371344315365.6865
12278746.07521915,1.713195226128372e-07,398060833343.9263
10428099.22424845,1.698313909923481e-07,340037261888.7729
10208634.22672993,1.65477380953771e-07,338694817203.9033
10577391.05245868,1.674749497814787e-07,348133104758.2309
10572636.15910537,1.787208412056217e-07,333221606327.3461
10757068.16084842,1.741870199812516e-07,344892217270.131
11892341.73812895,1.76003442594306e-07,378663349513.0864
9687713.285851082,1.707670310177555e-07,314739988959.2346
9986548.646617468,1.663005890122566e-07,330232310860.3836
10203626.08598368,1.706557774800528e-07,331645318819.8074
9186231.22536687,1.819231714479105e-07,286118118516.6804
9444140.641182244,1.758081858465245e-07,300932932758.7147
9776230.880741244,1.802310360219305e-07,306397391367.3115
8606450.063127633,1.730822665902801e-07,277112215576.9409
8805203.149403097,1.620269071092099e-07,296265639586.6902
9289869.290538017,1.636868279297952e-07,310456279336.0219
9698539.924309095,1.633432043625982e-07,324567958527.5543
9860442.740240073,1.64469219095329e-07,328478282981.21
9563514.532606984,1.689388359445602e-07,312942482853.3236
12041418.89161754,1.822045380651656e-07,374660755932.6967
10993739.12429664,1.84885800254882e-07,338747726315.4684
10647464.36015174,1.821024503716042e-07,331412589350.4484
13552506.22303582,1.786493316717237e-07,427253226891.24
13037442.6020598,1.799592871384931e-07,409018451320.1097
12964888.01320769,1.771425595308361e-07,411042592560.95
12659114.08827641,1.877763042276075e-07,386049317633.2151
11551233.73816154,1.904380251373353e-07,348973615091.2413
12571737.83085945,1.844485687952086e-07,387982189214.3636
8748882.489659052,1.863827776943038e-07,268132050963.1938
8567802.422031406,1.942811132224031e-07,255416561518.0725
8454164.299366485,1.84067713146047e-07,261267630113.5296
10089702.89927797,1.500325389160565e-07,357345298399.3952
9991809.374013586,1.525447474291209e-07,349982208819.8959
9788595.274351725,1.580074702313465e-07,334915534728.1768
11547756.28045939,1.3882207829627e-07,430716902269.2567
11355538.65804537,1.410333086670547e-07,419108636484.1949
12103064.2133658,1.375421978237163e-07,454225345870.54
11022186.28355323,1.396527822314667e-07,409481876757.8359
11337485.31781514,1.385226742093626e-07,423483174128.305
11379641.51782013,1.374213432611049e-07,427325807073.3321
10894487.26516857,1.412005536348953e-07,401774647926.0146
10865069.22227679,1.436163058418265e-07,396183754468.6006
11207967.42462155,1.40072530436831e-07,415551521845.7071
11508294.53381297,1.366542653569678e-07,433772658173.3773
11064173.12646958,1.391818868181357e-07,411968316056.5825
11422303.11417416,1.369520207417525e-07,429907199095.3644
11533096.60916146,1.474071178103681e-07,413301479748.6425
11760294.4724934,1.460222930248124e-07,424103725099.275
12169966.68316791,1.492994163050763e-07,432431493961.994
10860225.14216065,1.471282999577655e-07,389679911074.3228
11114057.23291983,1.479472670388691e-07,397314728041.8775
10963121.48531566,1.508854938997804e-07,386814341401.8074
10980392.20400572,1.450758607236833e-07,397698923582.5026
10827118.03385606,1.464106373535538e-07,389760464219.4802
10929857.78894073,1.501688467980151e-07,386866639335.7802
11060141.60935161,1.426409031110114e-07,405133324316.2637
11249853.19371677,1.40431961129999e-07,416392483486.4973
10906309.88675966,1.439764475424201e-07,397024094828.5926
11140366.10857365,1.429051912801024e-07,407568670768.4983
11503094.8107311,1.444238291086089e-07,417883729974.257
11278407.29339498,1.458084934346569e-07,407123238306.2453
10970209.1006773,1.646455567435039e-07,365186652395.3742
11100464.68047988,1.604925473840374e-07,375870215037.7188
10719894.75208018,1.627089460989114e-07,359679953519.0228
11276681.52745029,1.727936965062391e-07,363492999977.7224
11016508.09208549,1.686609627537813e-07,360883955660.3286
10776077.93825587,1.704500148447524e-07,350533364648.9429
11715506.94802894,1.73683749575125e-07,376346858389.6796
12542608.72879198,1.740009242816675e-07,402426746641.7191
11450290.31905861,1.695487231381603e-07,373783519737.3812
12913423.90239775,1.541419178642271e-07,449187403378.9277
13274476.83323451,1.576474454822876e-07,454875754208.0145
13740670.58925887,1.59992878555204e-07,466237813522.572
11360631.29142842,1.59192408756182e-07,386771290007.7234
11298053.54913259,1.559845182505426e-07,389896465452.2696
12317948.55227862,1.6137436726066e-07,415574302124.7312
11701320.35972993,1.426036148916842e-07,428694435675.8872
11506477.40129079,1.399457933903595e-07,426876738538.8062
11898518.01855009,1.396663109221932e-07,442009663805.4098
11942609.043828,1.448519634599598e-07,432995076150.1319
11810503.45755212,1.438290016452762e-07,430233378059.6233
12008615.15479923,1.408938889454825e-07,443504627830.3099
10437194.26475427,1.958746945753908e-07,309455504427.1371
10339465.4965342,1.934956266365736e-07,309065588028.5126
11200536.50204542,1.91507006583848e-07,337118340523.2404
9690503.137889218,1.920945247552949e-07,291073723974.4683
9674413.494511172,1.945046087704334e-07,288185006190.0976
9531303.128992833,1.989729396453886e-07,279655224795.8948
13838852.19655048,1.702245047986603e-07,450559361819.868
13353211.28002433,1.65335192307129e-07,443277326056.7862
13945041.03954988,1.647492171232835e-07,464020915957.9627
9747397.59069762,1.881317671056045e-07,296879760630.5087
9639881.339010332,1.860752686792154e-07,295764413428.545
9849942.020575071,1.875923476406416e-07,300577818738.5764
9608172.562534472,1.808907247253706e-07,300397694511.0492
9820814.832065944,1.841725811125608e-07,303387399619.5785
9695328.936331516,1.803210437407806e-07,303760715031.3234
12397319.9141927,1.79031452305906e-07,390278761890.4743
12100030.02092513,1.831621589389789e-07,375171015264.3211
13242231.01974683,1.796667635042545e-07,415894008484.943
12010507.47472589,1.737067744039251e-07,385789308087.6042
10869466.54277031,1.718886758720879e-07,351595563194.8768
11021873.8933534,1.695324525644979e-07,359821305157.1296
8908223.069874072,1.867954418044234e-07,272613212599.3095
8684158.932515506,1.870498453676485e-07,265515285056.3145
8625736.437864423,1.818323975616905e-07,268750124358.3128
8448133.264855938,1.80209679914115e-07,264794328640.7201
8505952.194423417,1.854358605186824e-07,261573526920.0692
8197296.240909263,1.803219598853262e-07,256825544542.8705
9552113.48955385,1.864273896356621e-07,292702430022.202
9176044.578512164,1.871689877875936e-07,280435455252.7126
9095476.974789033,1.843440515183565e-07,280805791044.1435
9032297.143234609,1.930523704515679e-07,270405045441.4742
8785261.09609751,1.898573986590291e-07,265951833731.2222
9010617.469524499,1.89598008304826e-07,273022667571.8347
9526787.068623928,1.938246375594038e-07,284450785986.4701
9217398.334059555,1.94039107825861e-07,275010226265.8146
9195497.510595912,1.905938564236852e-07,277653167804.8579
9239919.183671389,2.018727169720769e-07,268503378045.2845
9223431.6361378,2.034975377818576e-07,266595671534.2448
9166193.26168889,1.98236655397926e-07,269608161705.2841
9065618.960880691,1.946506628222989e-07,269914906528.5919
9144112.943061881,1.959979675688707e-07,271002857177.6349
8818124.496173853,1.914596509117764e-07,265455289866.5087
9763453.249815676,1.976012605846585e-07,287790846889.5222
9610885.908848332,1.932657458548731e-07,287514772529.7564
9442054.63886624,1.969537454364053e-07,278926865581.087
10804149.47550687,2.088501612071708e-07,306926255346.8204
10124137.80705778,2.026952245983678e-07,293401527141.97
10061149.94479272,2.068450927671696e-07,287663089266.9344
10516002.29561232,1.900017017847716e-07,318184494169.8803
11268676.71630688,1.861773541996135e-07,345611631592.5875
10949533.80321047,1.837565835097438e-07,338766421771.1031
10890303.25817358,1.967957019752132e-07,321881661262.9065
10291291.6235406,1.949558041302887e-07,306087625325.8848
10186792.14795954,1.979073245551384e-07,299959669468.3783
11179021.35854713,1.945368939471225e-07,332967977074.4771
11326651.27151399,1.888726232050789e-07,344076903700.54
10572009.7579419,1.926967775789626e-07,316889552028.5371
9236574.687565546,1.862026559863773e-07,283261161759.0422
10242834.01636508,1.819209452025414e-07,319030104323.1827
9106659.719575342,1.807997542062597e-07,284813487583.9673
9016422.738875028,1.750609131229951e-07,288120928707.5994
9040174.846036665,1.787147484794656e-07,284928943280.6272
8962755.137110187,1.803769921063861e-07,280750650557.6288
7897059.528316043,2.539477578295784e-07,196925741743.1321
8088448.838794106,2.535984106055581e-07,201883530633.9712
8094674.669123654,2.542993014555033e-07,201667518340.1208
11342472.34933558,1.421949691978001e-07,416343294932.4705
11495095.55313342,1.43465565983658e-07,419450582358.0839
12089574.56480805,1.387039873506185e-07,451181954092.5485
10852346.58453271,1.420093215675729e-07,398699557208.076
10350180.46477482,1.485169849180893e-07,369060166126.2231
10178528.10228471,1.487413815892571e-07,362574374112.0665
10985104.06141765,1.356325983915891e-07,416129132184.9028
10493686.0474015,1.429374130510698e-07,383852277335.2468
10824826.41596778,1.394385925538073e-07,402561539712.0268
11047348.67278667,1.348865757846096e-07,420028643780.985
10778517.00060661,1.381785756731281e-07,403272434086.1913
11087842.37411158,1.337729313975746e-07,423904682658.3354
12013914.09147211,1.233296815273005e-07,484885780859.9073
11490395.07412554,1.3013553992895e-07,447442963171.0148
12087885.26026339,1.248510209123075e-07,483899972031.9882
11525107.25223532,1.327548602250994e-07,442871794988.1235
11646339.07449008,1.367082318866284e-07,438860323778.351
11307627.26607594,1.343920805116944e-07,430978593540.3782
10691574.13745368,1.488442840527948e-07,380674288031.2668
11045197.5697549,1.477463387974469e-07,395210981450.8839
10497710.28924922,1.534604801017206e-07,366238121791.2
10243200.33288222,1.557475539066631e-07,353851882330.6927
10491537.97233244,1.508448245340785e-07,370241884134.4057
10299504.59029946,1.554607739701076e-07,356234342634.8784
11716706.64118029,1.302669540810795e-07,455948772302.4855
11878072.11028307,1.278891476053284e-07,467939990948.5735
12036808.348413,1.307718811973365e-07,467198849736.8651
12068453.8160026,1.314916192908392e-07,466716244343.881
11864690.10680651,1.296462197686498e-07,463180030845.0214
11886619.53946341,1.321219837191497e-07,458220982093.7118
12294227.09308562,1.236084950922218e-07,495452873552.4544
12795480.73142195,1.191021824333436e-07,528579270735.2561
13065141.96778484,1.205341444687533e-07,535435801694.316
12076139.08350702,1.303232446753106e-07,469800545622.6028
11917142.85850047,1.27440558878971e-07,470580254902.2707
11872310.22948211,1.28475400402169e-07,466289085353.9703
11711537.84791428,1.283758106301889e-07,460212552707.3567
12015859.46557129,1.232072463673628e-07,485285527142.2339
11872867.84184746,1.259979847895506e-07,472403638866.3973
13307826.67957853,1.162159064414019e-07,558809035985.0215
14363808.83871084,1.120637637737209e-07,617958741825.3307
13582805.83091165,1.176480926656357e-07,565717437194.433
11616212.45450453,1.279254343117416e-07,457537413824.565
11651615.18375251,1.258338783631501e-07,464003309239.8025
11068412.21392063,1.291808673272763e-07,433131591161.919
13120627.58229474,1.143345792158164e-07,556975651386.7202
12846243.73909671,1.168550609568848e-07,537457928200.4491
12489779.45262767,1.185703895847156e-07,517492355099.2526
13599401.33257312,1.174992452979076e-07,566886879846.5045
14380874.6442498,1.11913744545019e-07,619245723259.689
13373594.30860687,1.156240566609858e-07,563485410917.3679
12066046.1242742,1.261378433066585e-07,479734973404.3862
12876486.58494544,1.220275415265646e-07,523390061790.9146
12102127.3052283,1.240439879040665e-07,486569150647.238
12069079.68456121,1.264906598254934e-07,478962872019.7062
12114281.96198832,1.254549354273313e-07,483399106756.1959
12879620.36099218,1.223816465631686e-07,522507105353.1426
12313337.92740915,1.187279069022616e-07,509730464927.8045
10955833.1741663,1.223057598496211e-07,444645741351.5633
11766338.75191132,1.226182396126475e-07,476728698054.7634
11669089.21412729,1.366111468474946e-07,439925904220.046
11626399.75278933,1.377167233112347e-07,435967515506.7338
12183573.21488099,1.364316613661733e-07,459724764494.3585
9414113.874004843,1.734913290150962e-07,302640884804.677
9721656.458350787,1.723689919978149e-07,313882793241.2696
9535871.837432399,1.77080299766997e-07,302398922826.5206
9558621.243227473,1.639434571311862e-07,319104205047.7612
9543818.43679128,1.631958008435316e-07,319582396229.4328
9383494.815746581,1.690309965466319e-07,306940161373.4211
9529000.867561381,1.625819693500092e-07,319888857820.4644
9523504.494084345,1.637056421908926e-07,318239702056.5675
9224742.377265906,1.684981885756848e-07,302383035231.6221
9731736.498686196,1.590056222776637e-07,331575185076.3786
10035506.11740999,1.541951215977712e-07,349000078101.9891
9726181.955105584,1.601318863595971e-07,329830269932.4167
10820335.26147512,1.450375012533648e-07,391970916744.2405
10794245.91228666,1.41573349753016e-07,397378746843.8444
11398331.69133123,1.405990486680082e-07,421553826717.6723
9684270.534276018,1.604188504089479e-07,328017222302.7319
9886404.404730836,1.549568997401976e-07,342687102015.6833
9669370.715526035,1.596804385834804e-07,328521451635.9549
10251203.96665145,1.464074166921898e-07,369033809322.4024
10432619.47698137,1.435093876860387e-07,380603834540.5121
10152528.1821242,1.489256709780029e-07,361349806697.3761
12218944.69091557,1.380140474365043e-07,457528519812.6893
11621253.40652214,1.427764978840081e-07,425417307462.509
11847882.76521726,1.39436697589377e-07,440611697319.8676
10835818.14960454,1.450699882376764e-07,392473185892.4139
10865196.59278632,1.426560028379125e-07,397964397682.7455
11089366.50041332,1.458916819225547e-07,400147139173.1744
9823865.672529012,1.57849990847381e-07,336345825163.0164
10134727.15651225,1.519001149956797e-07,355991798681.0822
10125511.18204524,1.498619770926278e-07,358885560957.093
8687912.340277344,1.69501012343571e-07,283661611653.4362
8560981.979554968,1.681863074210576e-07,280972075232.7263
8703971.740587527,1.644290250687148e-07,290000324904.5746
8904487.145800428,1.790890697245416e-07,280261122837.5636
8807236.908558493,1.735508949173779e-07,283066477414.8355
8957980.274006931,1.737667667691984e-07,287672902247.5762
8421987.482053133,1.768990681315777e-07,267258111219.8425
8171541.838575541,1.770077155125069e-07,259204504168.5696
8401254.642635105,1.721845047378663e-07,271444744683.561
8818504.328904521,1.801496923307163e-07,276464421405.3146
8615517.859206678,1.78014138493926e-07,272256582748.2331
8721726.05288782,1.746147322268002e-07,279178425290.0818
8877336.048696149,1.829369774465207e-07,275474663212.6002
8956933.78746362,1.857700349445844e-07,275111612191.3806
8673669.667789476,1.808041696826014e-07,271267178549.8156
9087866.712213803,1.595348834971542e-07,308952354387.4356
9662037.954378443,1.54335305729409e-07,335808652014.4117
9528688.587943219,1.589137901395535e-07,324782093254.3109
9075351.509553675,1.700239337724606e-07,295703693119.2952
8923619.630059212,1.69804831136509e-07,291009849726.8577
9377156.341887396,1.641111825110103e-07,312832866165.9805
10461607.90221198,1.669364629315213e-07,345062396209.2817
10186427.56479727,1.69383232175636e-07,332742511839.5252
10957390.09821041,1.692564692630963e-07,358104906944.2877
10912428.33914226,1.659660792406922e-07,361333739074.7977
10643158.7176969,1.660808946211316e-07,352255207088.0851
11143174.73366914,1.684019519998519e-07,365407558455.0588
9751824.503063409,1.606351803391948e-07,330008733594.5612
9419355.10797544,1.633795208183647e-07,315178142282.9463
10064476.05812919,1.640115859251708e-07,335898567994.3119
10274176.98995904,1.543667600411824e-07,357035321996.3105
9988177.543504022,1.575497179612949e-07,342405842748.5947
10396112.35512627,1.576033858985001e-07,356309390913.2682
9982223.018977461,1.534886849224146e-07,348211431916.1838
9246585.990280328,1.540907653022726e-07,321709341258.9395
9700345.265005386,1.566726048090722e-07,333778595669.3293
10205942.90989612,1.471121607050525e-07,366230141831.075
10460981.08477266,1.419846686181758e-07,384365838820.0738
10880653.6812231,1.403697539629231e-07,402846221901.2712
9778408.916609898,1.571086486110696e-07,335841839067.3787
9913488.307947619,1.525226679396215e-07,347272374403.1878
10082900.49754936,1.522918280734432e-07,353563763556.0442
9307256.004340103,1.50039043307319e-07,329623982498.6751
10064077.29931638,1.444049038563411e-07,365639132031.0555
9813954.298267381,1.495331269672339e-07,348352625224.3751
8447576.473930635,1.670507413176213e-07,278505126591.5881
8235465.55770457,1.649558536291273e-07,273806025298.0289
8589619.935150545,1.632874164669928e-07,287522698800.2856
8208423.469082998,1.545673272702324e-07,285002031191.825
7954055.744655047,1.517750719003405e-07,279547104851.6056
8111597.937465066,1.539416695985131e-07,282402771444.0132
8573737.976280939,1.721285862910828e-07,277077677652.0347
8574413.021805769,1.752713944938083e-07,273777048954.1136
8202207.115469194,1.683542465588613e-07,269018005115.2173
11020022.43601342,1.400934701426546e-07,408542476077.5551
10835869.71672804,1.410553982804895e-07,399887013409.2516
10513946.01828775,1.465927520275426e-07,378173196288.283
12002294.47725945,1.304310965520819e-07,466670320195.304
11204189.88424766,1.370214947086255e-07,421555403025.1432
11391433.12667773,1.360485315616503e-07,430641413784.3722
12154521.8729008,1.254419902762128e-07,485038176164.9821
11596779.67928906,1.296154348188023e-07,452792883266.3906
12238125.57053305,1.268296567384375e-07,484805673575.4651
10335481.61329766,1.460377825798337e-07,372695285158.1895
10344792.63062656,1.480695369020091e-07,369610792453.9839
10664135.80166238,1.425438137891202e-07,390804975348.0818
8135380.07456097,1.563874066630784e-07,280270031390.1592
8048465.52923904,1.615554953805442e-07,271330489385.8431
8232347.021393633,1.570120277937865e-07,282857948658.7013
7920248.921631683,1.499929842995791e-07,280559427715.437
8071480.631734132,1.474405803457039e-07,289206814033.8077
8077457.603446154,1.521605711274134e-07,283404407906.1711
8593211.819329314,1.532587662742125e-07,300058062265.1271
8071999.173460489,1.516049035027585e-07,283904500143.6077
8328231.064988202,1.54397071531713e-07,289374368254.6355
8906128.034196863,1.492309640279707e-07,316555335496.213
8828988.872895686,1.519960092410751e-07,309996063683.8555
8548091.06302898,1.544773403901997e-07,296910769784.8791
8137310.627840153,1.566131923983161e-07,280067039025.5446
8240116.490854339,1.579162330483416e-07,282043113913.9921
8050385.742881686,1.617807190700673e-07,271143282649.5715
10450725.97485243,1.973992073121782e-07,308259302091.8906
10335341.79378611,1.945036202391277e-07,307874025880.6092
10330651.10306494,2.015585826702162e-07,300510854797.1301
11098740.09897616,1.473196362172732e-07,397893266529.5482
11226229.8786853,1.487056778060596e-07,399959082786.0094
11127222.47411995,1.45991236725416e-07,401330573982.5443
11400444.06137035,1.515065938675647e-07,401144410249.973
11684075.4616308,1.531728351012219e-07,408137518198.7344
11414378.38108157,1.541470534709972e-07,397034988157.8724
11472161.64157531,1.460782869475716e-07,413607253089.5068
11334509.21745202,1.491701694043362e-07,402978056525.3466
11294751.71110942,1.495584917897624e-07,400869151793.8131
11224693.94057549,1.487799965844625e-07,399771176696.5394
11635946.06064941,1.518311014582049e-07,408847366126.1509
11352903.02737935,1.501647684594319e-07,401847768585.3859
12298449.08521181,1.404464386644678e-07,455173035760.1285
12070155.26203224,1.464762091307085e-07,434378307481.6812
11742091.43522455,1.418140969727142e-07,431783314036.4677
12892777.88023117,1.486243565435646e-07,459501050936.3124
12386888.41557352,1.527792773762103e-07,433430289236.2048
12316771.50385289,1.503052162565489e-07,435693267835.2339
12074285.69343947,1.555322635457405e-07,417491642367.9462
11756572.76346133,1.579561379785828e-07,402336776127.5646
11888166.25850357,1.547393935246799e-07,412459150756.4879
11298546.60984604,1.593564004770279e-07,384393681768.7203
11110894.96955361,1.587638188667628e-07,378949511080.524
10590774.10094716,1.608291580813748e-07,358111152063.6218
12029151.82933096,1.564755763036281e-07,414257741708.8513
11709536.02964668,1.585130913202346e-07,399787855071.3467
11712037.22540204,1.589004521083526e-07,399223124052.6338
12850361.27750097,1.550382964530273e-07,445269224474.5383
11668367.25973727,1.57315796710882e-07,400401043488.6716
11860649.38664492,1.579089149675177e-07,405979435121.7811
13464768.636863,1.463809430022961e-07,484777589627.4253
13524071.10603426,1.507574363148298e-07,477443094721.6043
13353435.21368924,1.474353954309514e-07,478474170011.9323
13318956.03199904,1.466895976489787e-07,478854941753.9446
12777370.60323277,1.486704456388394e-07,455293792744.9416
13377936.8818552,1.510660119601665e-07,471640726568.2478
11391938.671899,1.601595837706926e-07,386274184192.7569
10890809.40432945,1.633761553852066e-07,364419026055.3925
11253678.13406754,1.57916500553436e-07,385191015561.9561
8865974.133084454,1.265931819596262e-07,351657255605.65
8851464.108950378,1.279932031813312e-07,348516898680.5271
8792836.863799309,1.254623250009333e-07,350848907106.6683
9038404.515009027,1.177288528856406e-07,376273095341.7401
8922393.460431492,1.15344617920527e-07,376544649625.7041
8968021.570840336,1.197047774089049e-07,369223205653.6468
8680552.039177584,1.291632230212052e-07,339720245564.8503
8714244.288023515,1.320491836813678e-07,336051560603.1659
9084252.3153363,1.317789726787722e-07,350799077977.5731
11897335.81521632,1.341464884489043e-07,454008009282.1956
11736654.19346075,1.357182878339306e-07,444411607889.1386
12252609.45474391,1.35539437469126e-07,464356438494.0631
10379466.55416367,1.332397435111345e-07,397880365735.2774
10624935.64536901,1.340287840257847e-07,405689956868.5922
11291365.94035957,1.333453386008956e-07,432608043748.3421
11354499.53853187,1.26171278875863e-07,451364771891.2403
10452592.2576034,1.292758212860583e-07,408832870129.6237
10778876.47811478,1.29518273326064e-07,421068543217.0784
9974633.768575406,1.327467079181171e-07,383307913935.5715
10298269.70881033,1.338800592772792e-07,393508089160.7457
10056625.79906251,1.330882447152888e-07,385797277959.637
9999376.053121926,1.327998627892507e-07,384156173907.0732
10156184.51241369,1.332881729266315e-07,389226892635.5325
10323409.93542753,1.339256299487554e-07,394379235977.1884
9387137.27210035,1.170579336597318e-07,392282799917.8948
9873631.726706885,1.172623788587767e-07,412133380182.8304
9776362.756520588,1.144622406859518e-07,414701696827.645
8913775.438612726,1.23002350209877e-07,360401078946.0386
8881544.216400532,1.253454711940658e-07,354608698099.5686
8808342.621921407,1.242145240053629e-07,353817475598.5729
9018209.839588981,1.195870513324075e-07,371533145738.4083
8947905.722108688,1.215621315686911e-07,364632908618.1432
8842270.650613636,1.227750571278755e-07,357951104962.963
8586119.456279354,1.164916213802601e-07,359970683823.4799
8572620.897240059,1.188497112354423e-07,354634947817.1046
8806659.273927955,1.201586325577419e-07,361666160624.8577
8156524.009378154,1.188126837505932e-07,337491817898.7523
7810771.353209762,1.204441571602082e-07,320260541423.0037
8126154.888641705,1.218460633124311e-07,330631398766.9028
8474000.931313384,1.157321541219314e-07,356822706415.2759
8356864.299574275,1.171203053188867e-07,349104317145.2852
8460590.829520734,1.180897418194589e-07,351500470088.4648
9592077.835938636,1.307307238791688e-07,372386776099.7291
10079969.09821548,1.318793120231502e-07,389052388088.3297
10025080.70105499,1.324669984552155e-07,385788620697.3974
8983410.322676264,1.25178343253731e-07,358995030895.7629
8849828.594989397,1.268714651354338e-07,350503389796.8838
9180786.582776183,1.271201649162206e-07,363136798255.8645
9113618.489542451,1.300137797059469e-07,355111378576.3493
9489758.105726957,1.311659537356381e-07,367599062192.1475
9492470.287462734,1.309926632481409e-07,368028341959.9412
9310240.002983572,1.318589447754743e-07,359380475747.5596
9444041.497144496,1.313825888902623e-07,365425915033.3923
9068818.166468551,1.302304241817855e-07,352973735260.9711
8729009.661467072,1.280635130590671e-07,343569576836.8623
9133822.374751095,1.306792120671483e-07,354689411306.5415
8909259.312448574,1.276505047293425e-07,351420081753.4338
8915335.822167868,1.332667604389262e-07,341709048943.6708
9497133.502431016,1.340332192690623e-07,362619296031.7623
9289544.560612788,1.329963326263332e-07,356534295876.8293
9523334.481251353,1.307598562013048e-07,369663083499.3888
9954800.11668569,1.32500238147254e-07,383019987985.111
9799560.176906994,1.320076813781652e-07,377984318122.0327
17047996.23881838,1.041715253355509e-07,770029432436.5662
16417272.60887061,1.039690888055579e-07,742502951790.0186
18644357.05180844,1.047255616862649e-07,839161619577.4591
11994435.92567742,1.015204914819785e-07,551159572209.8452
11284012.0252125,1.012646929661359e-07,519387516092.7197
11107044.19591857,1.015322142800871e-07,510343508363.88
12548649.01975582,1.024518954034578e-07,573126259581.2048
12642209.56724769,1.019716224239996e-07,579210952885.4956
13038849.86275498,1.025302946662237e-07,595211272565.887
11779825.47656684,1.018534936658427e-07,540117484127.5543
11451667.85367617,1.013466693143636e-07,526820204824.3558
12167269.71505478,1.015980307764479e-07,558816998594.4661
10931710.47122281,1.056923487488614e-07,489019024190.9005
10928078.60817264,1.048202045558832e-07,491564458995.346
11319180.36496438,1.043842594873702e-07,510573539597.0361
11105061.18186663,1.015938581417509e-07,510045969402.9538
11189676.55336922,1.013625031052065e-07,514714001053.5506
11514085.32853418,1.01856394720984e-07,527922992293.8517
13700476.77150299,1.035125356354563e-07,621451226190.8695
13820750.59839028,1.041713751248759e-07,624260753030.1306
14793756.37347832,1.037269015773707e-07,670117344526.9106
12799804.25302979,1.020700263834608e-07,586054281866.8745
13182555.2230674,1.028711555150675e-07,600441250211.4486
13198890.068574,1.02636678202419e-07,602100544328.9722
12510210.50507575,1.034108911588659e-07,567832741220.6849
13077182.53513645,1.038801549886951e-07,591778423445.9456
13099190.04394136,1.033942869539738e-07,594629906499.3573
10427774.21397969,1.020850318592788e-07,477401273656.0294
10700456.70123995,1.016316997802286e-07,491340829346.6371
10459343.27424779,1.016086864863749e-07,480341959345.2579
10543008.10110127,1.04463612032287e-07,475321925767.3414
10417966.35086839,1.029238509619642e-07,474357311396.6868
10566733.95073674,1.029959941306395e-07,480906392860.5729
10504203.4088108,1.023845969368793e-07,479961836532.5362
10711791.12810971,1.018277086514464e-07,491229886496.823
10438963.32828353,1.022719394072884e-07,477331077511.501
10541499.14134426,1.032160223777863e-07,479075871799.3682
10461918.68931324,1.027287205370963e-07,476961605901.5798
10396810.25805725,1.026236081549407e-07,474316899175.2795
11296578.16818855,1.047561327401302e-07,508347400367.8139
10857717.32080485,1.040772631738204e-07,490720975196.3717
11152574.23679516,1.049168263654681e-07,501354625438.1179
11482577.97489845,1.044595140691235e-07,517695117553.8182
11900948.25959004,1.036744761057059e-07,539262640750.5482
11040083.28193713,1.037512178336064e-07,500007916847.374
14746511.14573318,1.027704988041813e-07,672115081313.282
14464764.99858999,1.0287672005708e-07,658819799616.7271
13097890.63329999,1.0318025609874e-07,595392864393.6788
12130009.92694327,1.52641513293969e-07,424697183599.5607
12869506.03426135,1.558057011804256e-07,444467128921.9205
12514041.42915126,1.522986912341697e-07,438800190626.6718
12023455.60009061,1.481256550926487e-07,429479509006.2755
11922072.34184855,1.507269497501221e-07,420944150731.9344
12302823.76209669,1.503744279378856e-07,435066333006.2046
11880521.45456287,1.459019453461262e-07,428674958616.9649
12013016.96561484,1.469180063999055e-07,431454900433.0917
12292264.52560719,1.491740648407656e-07,437021712909.3674
12178640.91410729,1.52892798668962e-07,425932525388.9207
11635991.46239965,1.491282132212705e-07,413774304788.2434
12275658.12162799,1.51015937696118e-07,432875423077.129
11150799.77313305,1.415569625483012e-07,410536580649.2365
11320428.96568041,1.404179344851796e-07,419032618041.1417
11513696.9345707,1.430793317341737e-07,420885074492.8909
12001262.66890504,1.393571921879336e-07,446485489877.0605
11975741.07001966,1.38982952554882e-07,446335443017.6042
11741216.42064383,1.420008575072515e-07,431372493299.3156
11261926.61147445,1.519950196214233e-07,395421052503.6197
11112733.67934262,1.550072036179795e-07,385111350385.0787
11530927.26176162,1.524287347087875e-07,404097660529.8565
13587527.17468103,1.265177704274171e-07,539145608865.8725
14653565.12107904,1.22448585194279e-07,594256742073.9271
13752939.33592575,1.241562270582584e-07,552607179512.202
12584635.40669317,1.366193678031228e-07,474423060075.2121
12866326.45406827,1.315768013397502e-07,497357132191.314
12202512.83304202,1.35279833254901e-07,463049301637.5654
12896686.68656268,1.299727758496653e-07,502623997171.7877
13297681.15870858,1.270197050378467e-07,526253724236.6978
13150679.40504048,1.285954909848362e-07,516175867626.1478
12723524.03098041,1.358441914292935e-07,481481973907.9362
12754164.42189126,1.321789286689937e-07,491523017016.8934
13006756.65678643,1.308016603018636e-07,504769971067.5879
13060435.18867693,1.421819694872107e-07,479433045005.777
12632494.18654649,1.392701556512467e-07,470165112017.4409
12249640.10956535,1.379309737922375e-07,458862036126.41
12947236.5878682,1.457896877522341e-07,467404131422.9388
12370001.09147095,1.474698871159972e-07,443167094357.7874
12601099.94646753,1.414405786973687e-07,464186429649.2014
13840969.57837779,1.238237954722768e-07,557139272526.8463
14019869.57199609,1.212613267440788e-07,572263126106.0695
14760999.01441702,1.213301023992422e-07,602286841711.8909
12418406.16258692,1.290705736362651e-07,486236660342.3152
13111611.39599203,1.27138511410613e-07,518566735031.0117
12713453.84498098,1.300914476933034e-07,495181471741.472
12343606.76205649,1.281329854816221e-07,485662734544.9374
12412073.16408454,1.26341864158939e-07,492961277600.3766
13034749.55248242,1.262006916998105e-07,518077662521.5054
11559022.22481626,1.612250797602863e-07,390210871679.3777
11426095.59835665,1.653858321347552e-07,379226768087.2427
12578413.53781022,1.65644733807444e-07,417036544364.0107
12180357.33652759,2.002574555605341e-07,355850488956.0098
11984495.72637626,2.024690572510674e-07,347574034003.4551
12285318.30503715,2.075344618734033e-07,350477060549.7642
13049668.21060449,1.889659466877168e-07,396287558770.0668
13071575.2047008,1.877694007174127e-07,398637403800.5004
12968999.82752761,1.930828756386302e-07,388219469950.9231
11838522.2999487,1.924222277539763e-07,355189951593.2875
11520729.0424449,1.964432397123402e-07,340922164652.3284
11763763.77484107,1.986843638923185e-07,345491341753.4385
12767655.05413885,1.880811693400249e-07,388938495519.8563
12197557.8994858,1.897811520077307e-07,369349489078.454
12318647.25576579,1.938335411177871e-07,367798877492.2303
13198641.92502302,1.81593615643156e-07,411587518523.8755
12058364.77226916,1.850875687340464e-07,371281733907.4521
12229053.36502423,1.867341780352665e-07,374320515794.7957
11058740.65216696,1.718428503338996e-07,357781621557.3539
10284155.93430077,1.71970223349165e-07,332557297946.7391
10860553.22151092,1.772837122804702e-07,344143356427.3641
12303658.045608,1.720418251908829e-07,397751254517.9604
11718621.93650438,1.714286757042333e-07,379741064284.6212
12135916.23955755,1.751604281599953e-07,387657840032.0342
10406296.77349581,1.597880925257225e-07,353400043781.1412
9998160.197656389,1.597363631172044e-07,339612940105.0011
10314705.02904206,1.631120249721719e-07,345514406234.2941
10261755.21763103,1.602622993945373e-07,347803598560.7477
10168934.82294515,1.614956026151945e-07,342900666705.5052
10543375.31644473,1.57150128432015e-07,362051073629.4005
10509764.5350858,1.641978982821352e-07,350494539880.095
10777351.98702392,1.640855161030209e-07,359582517642.6735
10602216.35573226,1.608764884972765e-07,358427737070.54
10774435.31242056,1.647798591487456e-07,358474636648.2485
10687779.71046204,1.659014344001975e-07,353987070723.4205
10410579.20035517,1.626739498620607e-07,349351719023.6865
13403967.66550972,1.772582396694553e-07,424778392236.4293
12724423.39803125,1.735046861268706e-07,409038297642.784
12553827.6930423,1.766132980548833e-07,398804971043.5331
13495189.09044161,1.769696421392581e-07,428134072867.8812
12908828.57769327,1.75453260517324e-07,411888062058.266
12813306.38263462,1.73214847458973e-07,412354875350.1067
10283532.40238376,1.50216421988619e-07,363912839568.5293
10737989.68948387,1.472231305197517e-07,385128463619.3436
9703947.668275023,1.471867833170877e-07,348098834905.0482
8740848.993790101,1.901621326714443e-07,264324604597.4245
9065418.928064233,1.947055359555846e-07,269858236855.494
8754240.279126225,1.894646448636619e-07,265378871219.0103
9559244.721786095,1.961834538504799e-07,283127461978.0988
9323383.871107165,2.000422110375954e-07,272579046727.1877
9249325.047212802,1.964036034194241e-07,273743452920.9815
9691635.300080536,1.884460163536301e-07,294853139038.3146
9646179.680761598,1.924278913783985e-07,289407645530.3247
9312802.364400728,1.891913032945641e-07,282583157724.3438
9802677.528190369,1.979681805293297e-07,288589896072.1868
9552500.668210087,2.038204525042842e-07,275815436839.3083
9716882.17425175,1.972586658543079e-07,286749636194.5687
8940289.407315236,2.263792311874346e-07,240691372740.1722
8641882.227123544,2.313522264820387e-07,229311527763.1993
8794850.693415476,2.335205834537379e-07,231923644126.8046
10604554.48545298,2.155160437124454e-07,295011779452.048
9653824.319167664,2.17681279391996e-07,266779223239.2314
9574077.639208682,2.252235052495136e-07,258635301934.5977
11064900.98178732,2.07093259695473e-07,316109020555.0078
11086525.9672085,1.998274293858223e-07,324358595215.2341
10376599.84956249,2.009412349246388e-07,302465393036.9553
12709225.29467858,1.989216157407204e-07,372961863695.9963
12360998.12787717,1.993697239905313e-07,362199129521.2487
12466732.88033665,2.06634808107204e-07,356684031433.6693
8759271.594709087,1.749221893798693e-07,280051598690.9579
9324972.420876559,1.707308084551073e-07,302997904382.6782
8383030.55330717,1.680062980374834e-07,275328186421.3418
8239102.061978204,1.775972862033146e-07,260768822480.1962
8583835.723282691,1.775795019289708e-07,271697833362.2278
8583160.306937663,1.744398847872562e-07,274926558996.0575
9390610.187028039,1.88197032540138e-07,285946838196.0168
9726114.059596783,1.887781315861028e-07,295554949090.9288
10405009.39513812,1.839157899166228e-07,321733634836.4755
8713100.729308143,1.863317823154725e-07,267084146076.7161
8862598.701176906,1.873053432945663e-07,270724549923.6145
8735350.355341343,1.819017147006715e-07,272096193515.3423
8808527.37352797,1.895571274137462e-07,266937688736.3788
9120660.965111922,1.947992344693554e-07,271415605868.5753
8958838.301232759,1.905294783138679e-07,270568299717.3475
9253355.990845941,1.776013788272525e-07,292865612990.3073
10398377.03427507,1.787235004323567e-07,327726167457.3251
9834546.525152575,1.734101090257631e-07,316255483958.2878
9731931.836276047,2.045782882084548e-07,280301893487.3096
9793882.213242153,2.004285281797715e-07,285966516538.6165
9471978.965688912,1.997829714987297e-07,277162888885.1773
11621677.20973976,1.835261370898513e-07,359862721288.7803
11913067.45602432,1.793938999873572e-07,374528743247.4838
11297538.51051287,1.811033405099243e-07,352938896113.3612
9906013.910893992,1.968334969498381e-07,292751813928.6871
10009066.8659,1.938813944972851e-07,298792368395.3909
9752332.383792615,1.924986428522617e-07,292520773650.5546
11489953.39762644,1.938080381117631e-07,343086590238.1431
11807324.79568614,1.897890521811559e-07,357523070935.5294
11639615.62291608,1.881461267637839e-07,354493642239.0593
11871814.05068524,1.767732460426171e-07,376911505119.0973
11459125.24546686,1.73043991665875e-07,369017631006.84
11257365.92400035,1.784831553495103e-07,355117406094.9974
6822528.347875391,1.244365698203298e-07,273724283860.7095
6692333.12816559,1.254187583948708e-07,267097128820.6361
6162550.207852195,1.262433793539265e-07,244880796755.8749
14019103.27009344,1.16290969149034e-07,588422912118.2069
12752289.47386914,1.221113196918428e-07,518104716681.9701
12837920.85999879,1.234982442219535e-07,517671399938.956
14152906.0986592,1.239014821110189e-07,569457465604.0323
14344614.07902314,1.211088472352463e-07,586009902828.5619
14566723.81343493,1.22264075025955e-07,591329177111.9467
14902568.46319239,1.202004848138633e-07,611866927514.3448
14677903.10256649,1.190454597254822e-07,606534429990.1798
15500140.42027942,1.156477193554101e-07,652996596220.696
13841520.69432565,1.309389044745894e-07,536790314425.0491
13934708.95808023,1.272073588629644e-07,550921530468.0503
13973272.96358955,1.289613928179205e-07,547425469636.0061
14008279.83478671,1.27002772440124e-07,554424833076.038
13655077.20604981,1.284133265972154e-07,536480691082.3611
14161947.92058833,1.234955409236369e-07,571069293219.7327
13849055.71068004,1.307416704236086e-07,537622549472.4487
14003568.41815394,1.281711090546141e-07,550865139150.6473
13942269.29325043,1.270094597648799e-07,551792874090.3033
13754109.82669717,1.330556238317374e-07,527728235053.6563
13563167.10827219,1.362693264060042e-07,512187576178.1945
13908093.44343957,1.30486336791177e-07,540618504894.3704
14561865.32813677,1.17429511590442e-07,607247180777.4749
14480856.15752502,1.131025931047241e-07,619173743515.6669
15182662.67084299,1.119819796182665e-07,653505402915.4043
17284699.02592872,1.016748497209995e-07,793449813205.859
15994399.47810388,1.024522393008664e-07,730500137460.3691
15545440.50784987,1.02516956482614e-07,709696336647.6602
20652327.03718918,1.007953988019617e-07,953546453673.6743
19384218.97613455,1.016187134683556e-07,890155430600.7958
18996695.58875075,1.011633840909312e-07,874975375704.4462
12636951.18925775,1.034911849950711e-07,573288726364.1761
12196455.06194512,1.032803922608069e-07,554057750131.5782
11954263.63475831,1.03133421970239e-07,543571332212.9902
13984997.4300943,1.040627563850675e-07,632118994748.0354
13480224.91629013,1.036715133766005e-07,610835374082.6583
14391796.96558091,1.03238161743389e-07,653965515884.3519
13315761.52160412,1.040941629083357e-07,601748602730.8406
13456644.25696626,1.042628945763801e-07,607458928292.0305
13337968.79057842,1.036065992565689e-07,604641684274.0762
13723569.77841173,1.042948552298695e-07,619381892150.2812
13345714.77974475,1.041592145221988e-07,602851077623.777
13223581.05120271,1.039011204129126e-07,598322857440.0077
13812641.43367539,1.044398680264495e-07,622824749104.3534
13575056.51220603,1.044724908137797e-07,611984392940.7015
13433553.65563101,1.043022312550082e-07,606264094515.5269
12792876.70922685,1.032630320034122e-07,581216987752.3104
14314740.78603428,1.028564432779592e-07,652072402060.6996
12691155.4100677,1.032775937879659e-07,576541298194.4606
11035248.86900062,1.028485371692088e-07,502709067987.794
11980778.26953184,1.032666979512311e-07,544308150052.3579
11882345.11327551,1.032551837033585e-07,539876287586.5488
12249226.22736496,1.042699872558024e-07,552928669235.964
14196609.16931473,1.030781857731562e-07,645763432971.3815
12681214.42821794,1.035126744378214e-07,575217150647.8079
11103858.66171414,1.074809975366037e-07,491193713014.158
11359079.2537688,1.055975623731209e-07,508440965027.0099
11214676.22741135,1.057704116532532e-07,501430342142.3548
14338395.21811363,1.040421690926343e-07,648177992928.0336
14624683.92356486,1.032204798345403e-07,664623826095.4926
12647084.5941359,1.043905793632339e-07,570448205418.3916
18009864.37279948,1.015455982513819e-07,827439737513.4445
18387239.58567233,1.020008179257618e-07,842262436076.5227
16692256.66248526,1.023240755846536e-07,763009304486.3927
11579512.83434185,1.027827743725106e-07,527727911098.911
11817897.02621165,1.029118031647414e-07,538141819761.0951
11131210.75556143,1.020938407126831e-07,509576483665.33
10702531.24385935,1.024750153509592e-07,488736202077.7117
11298386.09398842,1.026537197229993e-07,515347235826.5413
10855613.42413436,1.019992202152777e-07,497267186013.7363
12200738.29880937,1.033881346353703e-07,553867197834.0903
12638041.09184523,1.0351243855793e-07,573259688302.819
11955323.68929243,1.031638072731074e-07,543512785477.2614
10867515.46667214,1.033629981404156e-07,493423922771.8162
11721752.62237777,1.032802369392125e-07,532493610964.4202
10786711.48134175,1.028944531702681e-07,491240789013.3665
14064501.0099834,1.030581609457918e-07,639837077393.5323
13163524.50996895,1.034911979199063e-07,597177235193.0815
12717143.66919213,1.033561196162838e-07,577429251167.8831
13078260.02143772,1.200318835779048e-07,537467514998.2256
12856840.11231589,1.181603429116378e-07,533932571088.1843
12297763.55401718,1.220504484010009e-07,499804182204.5303
11768896.75967154,1.121985356936941e-07,505915082732.0766
10832749.60000982,1.164944875525747e-07,454152582007.4138
12287703.61782064,1.154764561714267e-07,518173377114.2553
9018685.451912249,1.199436165452667e-07,370816013299.0558
8842741.600709086,1.231303943479016e-07,357281136731.3693
8949800.81668612,1.229921334801327e-07,361877693199.9534
13940093.33753655,1.096109438632382e-07,608643614423.7759
14455211.52491676,1.100545525895518e-07,629437252807.5315
13395810.84547284,1.142071172414252e-07,569080311031.1667
10074447.31731184,1.252785349968235e-07,402380370382.1132
9621800.448475126,1.275022089710047e-07,379820038055.6979
9970943.540141117,1.286926289428336e-07,391171442810.5575
10561775.06243889,1.187818733135092e-07,437089258457.0961
10659437.3659374,1.213484210043357e-07,434888772480.6516
11998993.21953095,1.177639168499762e-07,499424656927.941
9913507.135372138,1.200739613112202e-07,407312837171.6043
9355592.892719401,1.229183609301007e-07,378436898875.6137
10008131.79369524,1.226356078096353e-07,405454343479.0895
14421816.67558511,1.086591352717435e-07,633348103353.9672
13575245.82194495,1.1341548871743e-07,579383500786.1442
14589954.46588604,1.097015062541052e-07,636666808637.8123
10935426.94795451,1.358352834299488e-07,413835123829.1912
10628250.0420046,1.402376388568725e-07,393748309701.1465
10445134.07165771,1.431338662373842e-07,381726594037.5825
11994014.28919851,1.294918468513526e-07,468600713223.3679
11359183.51757836,1.322719503252902e-07,437557646669.0189
11196189.7795789,1.360768530837028e-07,423201709329.9695
11925547.97053371,1.267459536309308e-07,472631077335.0056
11332134.43250703,1.320292445112576e-07,437050504366.4359
11373146.27494593,1.309138805231454e-07,441120079755.4867
12622666.56654814,1.196248698120149e-07,519920320313.3445
12698485.82031169,1.211471773493458e-07,518652415838.5719
13962687.69297911,1.153223944287034e-07,589331864406.7365
11887546.10488462,1.245456194560688e-07,476657659632.608
11584864.17152372,1.297141945068265e-07,452098026006.9017
11366818.42291792,1.313514604758578e-07,439894958977.5526
8094929.680342386,1.747438167762692e-07,258987340238.53
8113032.205539031,1.678262513137697e-07,266651033107.7532
8323570.595047396,1.699137891446863e-07,271325482502.7257
12204701.90664059,1.287577033025369e-07,478642981978.7032
12256979.87752625,1.283600154558985e-07,481685566022.4728
11639587.20504165,1.339853234632291e-07,444528311334.3643
9537239.843790924,1.529761239130629e-07,333431737903.3033
8966845.720799478,1.581841467736295e-07,306570992604.624
9037831.405799542,1.534873953159141e-07,315269838904.5806
10398118.78838626,1.971409854761547e-07,306975342357.9823
10629158.99408993,1.923234470809516e-07,319014737900.6642
10523076.85956904,1.960782066151531e-07,311785938778.7371
12437589.2473949,1.903046696832628e-07,375926764349.9046
12859996.35416798,1.847798253530377e-07,396403801407.1506
12639065.13521765,1.891280967521461e-07,383599103815.6464
10796940.11578088,1.930120429700861e-07,323279193657.0145
10949656.19399907,1.912248042863196e-07,329891404309.99
11341537.1667303,1.905467279519615e-07,342508160490.321
7741270.020920413,2.518570042621021e-07,194107743380.2701
7941892.15331583,2.520751518139197e-07,199023317114.4054
7841947.02256095,2.524719042162436e-07,196312762116.3169
8100708.312363847,2.532628018224821e-07,202368101049.4589
7786431.374349961,2.523005816935285e-07,195011231890.6348
7912010.166555915,2.535221501103802e-07,197519311769.4684
7579997.787189587,2.512228264759411e-07,190383663915.3478
7875568.161422904,2.517629421125139e-07,197524372672.1294
7675790.868399007,2.515441679933959e-07,192625434689.4512
8870555.173933076,2.475263413399776e-07,225010708127.1808
8725740.822807439,2.469086824105854e-07,221706317198.4549
8811104.395190818,2.467860829505075e-07,223949400215.3309
8755526.412332363,2.486315414034915e-07,221434242509.7396
8907661.582505306,2.480605608655103e-07,225627429095.8966
8966595.275862791,2.477380358569379e-07,227317274774.0307
8659150.808946997,2.491761252648537e-07,218677626424.7923
8579661.285141049,2.499142543482119e-07,216243365051.3311
8810449.971637469,2.486056970934235e-07,222838745539.0923
8587474.767503388,2.443536691096167e-07,219711554895.3918
8747761.321250049,2.437974108446799e-07,224152815869.0897
8656641.008554162,2.456770249675769e-07,220685116706.5908
8753549.1578074,2.477221293985972e-07,221925720556.8392
8541989.56928361,2.466903000209621e-07,217165577905.0954
8648648.458533904,2.469281450507967e-07,219735983590.2647
9041255.361644363,2.409778029570104e-07,233476966481.9253
9713869.08443841,2.381336508098804e-07,252839583360.0094
8851689.291956054,2.422802752458599e-07,227761748857.0981
8523202.325677266,2.451101722810129e-07,217618213711.1187
8747126.368362736,2.427217398500928e-07,224798262274.3491
8560685.732081875,2.440248476380331e-07,219222867394.5895
8590793.04722465,2.462229951949354e-07,218682577289.7317
8484492.614217954,2.459847959805604e-07,216116055750.2204
8521890.898304656,2.449005662844904e-07,217708863299.5839
8851645.999186346,2.477461232506999e-07,224398246431.9248
9041963.786013419,2.470252159210722e-07,229668749057.0505
8638897.059566842,2.467149826072652e-07,219614637490.0086
8491414.328578841,2.512345886491525e-07,213268678842.6205
8401622.737653092,2.516912411354974e-07,210758180884.9603
8539579.166779146,2.510740859496998e-07,214569773213.813
8860533.154001422,2.497756976574806e-07,223405092098.261
8605601.290177215,2.507557280723105e-07,216411654718.1246
8654088.435076836,2.50595187164062e-07,217723936732.1764
8405760.951694552,2.508456836797024e-07,211335576769.0326
8179622.669584537,2.513214830642455e-07,205390425203.9456
8419836.897100706,2.511149779472584e-07,211538100614.945
8269162.156760807,2.498892054331029e-07,208431415391.1579
8444543.102461798,2.502352338479268e-07,212655776244.211
8523405.664317783,2.494969551093813e-07,215064960649.7352
8263182.403143357,2.492746046531964e-07,208622901940.92
8224113.279429905,2.496491791623599e-07,207428768388.0513
8477668.555270836,2.492572779843801e-07,214048013319.6497
8132717.339565884,2.494788924049898e-07,205216908113.7639
7955280.892614563,2.500750020299197e-07,200420433920.9932
8093958.235560212,2.498536573821814e-07,204034598815.4894
8404248.416256879,2.515950646378608e-07,210877771084.0972
8192623.715326723,2.525145661027632e-07,205068388329.7604
8314920.105640247,2.52051233697912e-07,208384556004.8929
8168245.128188148,2.502938169985521e-07,205665769504.1262
8117277.537710411,2.511161402308982e-07,203936037605.764
8342558.244527392,2.50640503433989e-07,209861003212.4413
7653809.930485477,2.519473606692126e-07,191868846346.3298
7576699.744448923,2.519753856740127e-07,189921733057.3315
7688788.711057872,2.526315392268914e-07,192397554619.7444
7849168.721213908,2.507746937370316e-07,197379112588.7421
7757487.692311671,2.514559510484196e-07,194721160733.2092
7936524.266284732,2.513755421141919e-07,199257648909.6339
7792788.641709563,2.506789865866491e-07,196011225416.8061
7710969.533176534,2.509922535100203e-07,193791820233.5737
7701438.444614837,2.513600326836431e-07,193363440929.5928
9414340.953548389,2.423561661667759e-07,242188698670.9131
9344174.562653825,2.412182744409979e-07,241139009210.669
9297207.850253336,2.448483505025748e-07,237549662925.2093
9661364.755733853,2.371485042055904e-07,252168916451.6033
10201132.44085892,2.316205307685786e-07,270477006376.9121
10117091.84630307,2.352354146298463e-07,265493497763.0108
12100934.54592765,1.501308395966467e-07,428389649972.8406
12065470.56556289,1.462440503625188e-07,434669125443.0904
11774615.26855269,1.510940187852965e-07,415064137060.2812
11328033.20188816,1.566169578604143e-07,389877935120.5794
11941889.53965873,1.535279280137069e-07,416499793595.8031
11727617.8828678,1.577061707902018e-07,401769855756.5917
10262624.99084067,1.620902395012274e-07,345213059548.3407
10705684.64404332,1.591928141493256e-07,364473093473.0549
10290822.08874675,1.620229224283397e-07,346257425646.0521
10328083.21002507,1.619383709102904e-07,347632109849.7842
10554262.40719552,1.614153097561695e-07,356012083277.7019
10772538.69740216,1.590408922425538e-07,366982645575.7202
11909955.40671228,1.502013817465638e-07,421496704557.8195
12265884.5457009,1.470528544165582e-07,440267438154.4453
12168366.70422376,1.50113942957689e-07,430809165227.004
11804450.99404272,1.520884135698191e-07,414300102120.2672
11991250.54590046,1.505053581148116e-07,423802163670.4623
11366040.63970689,1.540012457144213e-07,395603126582.4464
12551093.21475005,1.424016901804437e-07,460261652433.2657
12259610.73782744,1.440709760614782e-07,446093280874.1262
12295358.68873227,1.479578906081147e-07,439523852489.4163
13795339.28629777,1.313811871688991e-07,533797986798.5104
13556664.75808801,1.34156180359501e-07,517303877120.3944
13337266.49291625,1.360876028749548e-07,504105132791.7739
12775258.06055142,1.35024703957385e-07,485393763957.5926
12754009.78948416,1.328072568335904e-07,489965545919.7755
12005309.55632332,1.361870064521967e-07,453540680142.3639
11808078.19895414,1.398500007576384e-07,438265789926.563
12535157.92021724,1.36785364299991e-07,472175434576.179
11772591.96160501,1.379483023980331e-07,440955250365.8884
13618851.79578245,1.338218258818739e-07,520542099867.1832
14083200.93143467,1.315063809537325e-07,544590621694.4769
13363754.85991674,1.342909760096111e-07,509601401439.0804
12585802.52878936,1.430377187491351e-07,460165296694.1437
12933502.10923528,1.396966338361972e-07,480388029923.4466
12744728.41885801,1.405427418695144e-07,471474603620.1297
13989040.70845139,1.309238312337617e-07,542552951307.6024
13250377.72683888,1.314918984097057e-07,512423370187.8917
13272035.35718951,1.337085514352474e-07,507572488205.7191
14024837.56591235,1.299661446903307e-07,546610138261.4136
14251312.86918527,1.304258054728176e-07,554131097142.5195
13784177.31401764,1.327406619213949e-07,529718163968.1486
14522230.12838146,1.272565624241707e-07,574001714482.1515
14669890.97464966,1.234063243263587e-07,591836766974.2314
14486525.79014752,1.234546754474178e-07,584286541067.2983
14141004.76435296,1.27172371524459e-07,559180161479.8597
14102209.83333975,1.25417216705689e-07,562836689693.8966
14515291.07224035,1.237811592276947e-07,584416835981.5453
9489861.424264165,2.372296496082609e-07,247636063904.6698
9392273.617747055,2.393133988815128e-07,243664761218.7519
9462620.029958397,2.40452235278096e-07,244714022384.235
10968308.66197583,2.249438115895269e-07,296544789101.6833
10561132.50818067,2.262844828240947e-07,284407236511.9453
10604855.60069637,2.207585553582894e-07,290330768588.3575
10924407.46996204,2.279905294440625e-07,292720644349.3792
10432715.96972425,2.329461401494903e-07,275566892033.2822
10518054.71848439,2.293309560035818e-07,280733110845.674
11374882.96963701,1.479856845141438e-07,406568567904.8684
11593498.92753864,1.505576544100827e-07,409649692099.2899
11882122.2963727,1.457074670542476e-07,429114126993.3942
10732634.63916454,1.438388462680514e-07,390950900727.9418
11089752.9489968,1.460779763714106e-07,399820792219.285
11311136.63313687,1.428860773577385e-07,413853188939.5045
10760184.65964994,1.493073484309427e-07,382324623271.0158
10073894.90587638,1.488487036465311e-07,358674673314.5807
10342998.34763584,1.54077087326888e-07,359877268372.1107
11065389.14296815,1.503229517313526e-07,391396100984.7604
10642269.53547074,1.550793132480791e-07,368693098308.4985
11281024.73324963,1.528918471767519e-07,394541174389.0334
11066033.35011206,1.595037052325875e-07,376251399514.908
10297530.97218303,1.630777868397155e-07,344987400524.069
9895524.237531777,1.511426971164967e-07,348749849043.6354
11970699.66484985,1.677352049604962e-07,393583351017.7128
13204333.87656423,1.773288352414552e-07,418340832300.6371
11474753.18815939,1.779573936957867e-07,362687561839.004
10620438.50105687,1.778106082535907e-07,335869579115.4892
10861627.01498676,1.708256080946571e-07,352798097852.1727
10786453.35344964,1.70961149517828e-07,350171166965.8925
10269021.23246135,1.89015443161268e-07,311791443437.7402
10730621.19127942,1.753375639195828e-07,342537574582.0491
10490899.80909831,1.823241600181494e-07,326274594414.761
9643634.82710802,1.963603425081803e-07,285455382276.1639
9644257.056290826,1.976075414998091e-07,284271355784.2111
9726308.876725901,1.931525085663808e-07,291081422519.1362
9981413.000618547,1.943756604908308e-07,297461505066.1008
9766639.616322713,1.949773939736124e-07,290461776020.6911
10008343.23158439,1.894773077916657e-07,303382636105.472
9901042.066506058,2.094323450156185e-07,280749118931.2769
9687610.690315647,2.01675871814748e-07,281696023087.6161
9686987.064131364,2.004246031771777e-07,282849032910.6619
10245862.54711009,1.739920906923622e-07,328747294634.3496
10675347.18867847,1.720465022335794e-07,345105152242.2625
10242193.9578689,1.808193229557665e-07,320304546602.8984
9775840.509162927,1.785101634330674e-07,308351081358.2695
10021945.58436227,1.756086707171632e-07,319586238394.6346
10018317.30754729,1.824338027495329e-07,311452084775.3629
10416749.40545634,1.639341324605469e-07,347765069972.4189
11224970.2974541,1.621932427779799e-07,377424448600.4867
10387457.38143888,1.686473656673726e-07,340295506004.8475
11615131.93881379,1.598919217555931e-07,394281559662.6958
11505780.0334879,1.566771329738233e-07,395894063748.2272
11202986.46742777,1.643984696636172e-07,373309146728.6069
10520793.04963022,1.695683749437002e-07,343414455709.2223
11363560.21895901,1.631148479813761e-07,380643794421.8168
10955943.03518204,1.676205800580449e-07,360383478347.1922
10564799.01947566,1.614198886987714e-07,356360760659.1442
10985093.62420364,1.585900954115145e-07,374932472444.181
11378636.22256737,1.596788357416103e-07,386597144191.3997
11042944.95330814,2.180414116886104e-07,304830850078.976
11230631.83222132,2.123679726378859e-07,315508823720.8074
10887737.16410896,2.238859880246314e-07,295292909488.6565
12351369.47592069,3.430142312497129e-07,252061792745.6887
12398359.28777516,3.386136559649183e-07,255208168953.9662
12985863.89522565,3.503036723301622e-07,261321045229.6719
10502793.85876377,3.249575213757788e-07,222204975509.5607
10281893.89212831,3.14913926301544e-07,222132381755.0146
10391171.8749211,3.058092748552235e-07,228927215754.9677
10875958.63674794,3.445443408434797e-07,221294591551.3548
10715344.53439885,3.345161344331336e-07,222362437771.9607
10859297.31225243,3.240238722788891e-07,230188550657.0119
10532934.97867978,3.542316063521909e-07,210389727377.9773
10326716.73986479,3.532146866814395e-07,206666346695.4433
10540285.6960173,3.422979823813627e-07,215401880179.5266
10424899.49972441,3.315713882346262e-07,217614173681.0832
10082997.22411125,3.323236906724131e-07,210159380410.4408
10204824.57518629,3.215518862345799e-07,217422675546.4845
10291907.08079239,3.527833304726367e-07,206137570228.0367
10052126.77005184,3.428861082531143e-07,205190868659.8752
10181440.51457943,3.530484097823756e-07,203822936915.7195
10539753.80076292,3.598068040367638e-07,208345544988.9456
10394557.45717308,3.575122431118112e-07,206353603971.7596
10205736.37240146,3.597764018682052e-07,201754190078.3392
10651913.11944318,3.411579829437141e-07,218167768824.3239
11214868.3753862,3.556245007528573e-07,223425667846.1793
10998610.40768482,3.448568303270644e-07,223654992621.4091
11302073.34697297,3.639421652176547e-07,221719150042.2043
11336053.33292578,3.636310864311127e-07,222512567430.054
10946243.38991313,3.618642737983234e-07,215559894173.4744
12015151.02274818,3.630755592646265e-07,236082914128.5475
11586562.30500411,3.637354311162731e-07,227386248429.5883
11692093.00177921,3.613785753664999e-07,230453863594.29
11991092.43105204,3.637542763533818e-07,235317023043.4102
11597306.52280475,3.641013352594864e-07,227444595434.8708
11562936.91986926,3.644150464971699e-07,226640379876.781
9630145.211802097,3.083049940196537e-07,211014579496.8818
10667124.87078271,3.245341715553054e-07,225877908387.759
9209736.578442492,3.007442557674477e-07,205170845313.047
10945103.26588019,3.135682517911192e-07,237136537126.2588
11806407.12477087,3.266213199754881e-07,248936207401.078
11453336.66748648,3.197868146259286e-07,244920417736.6955
8449318.739198426,2.808605959741496e-07,197012818836.034
8781674.440001465,2.963644953420192e-07,197557361309.9347
8361257.884024792,2.840353373481343e-07,193504039371.0231
11560027.16444944,3.423050197170545e-07,236238137157.3934
11308908.94271833,3.445547675533963e-07,230099247392.422
11867114.15848919,3.530473805448031e-07,237569011774.3099
8465169.231655978,2.866180036600429e-07,194730210616.8461
9084844.057453644,2.988671706163172e-07,203235078186.5163
8676646.313700017,2.912953240959201e-07,197452613178.8904
9424652.635640556,3.117292879729577e-07,204996736546.2475
10422843.35911501,3.301648552348461e-07,218188730802.2333
9627155.564219534,3.116570846890427e-07,209433742603.1942
8534530.885982528,2.891749079918985e-07,195166789058.2936
8959228.166534511,3.015040539414595e-07,199254662731.043
9156694.526448449,3.014175978399121e-07,203685285670.7247
7948734.169366658,2.720208622640852e-07,189334532265.6185
8184216.692771286,2.799082905472624e-07,191264019460.1044
8392176.611987926,2.845822747415563e-07,193970663170.5768
8568902.103575801,2.509127081415346e-07,215398864382.2701
8131094.138300139,2.507011983537481e-07,204508509061.7162
8608083.600658642,2.47123787474849e-07,218589908625.6519
8167263.991279643,2.771625312663527e-07,192126342073.7654
7999978.241817649,2.68893094327606e-07,192029981416.8273
8254299.969773721,2.73995152165449e-07,195667334264.4182
7533338.424372888,2.544551736416223e-07,187605955551.4439
7644841.010150817,2.574627968744272e-07,188897177739.4619
7620288.953016945,2.494582675178249e-07,192297145881.7546
7694811.138442606,2.605756481602307e-07,188614646426.7886
7498940.156904793,2.559118506345679e-07,186039982317.636
7398932.699742982,2.536366835352934e-07,184654983564.4551
7677082.895260984,2.628454052542758e-07,187095196258.5819
7659042.540297817,2.608092798770728e-07,187625755951.8784
7547436.055275789,2.578012743980898e-07,186327119006.2376
10132474.4414371,3.309703725582208e-07,211765937090.5255
9687984.149521027,3.179675425188439e-07,207959242113.7514
9921636.722715655,3.314921951469273e-07,207141817769.0938
10319651.81784784,3.491884623692146e-07,208109443305.2253
10292046.74974443,3.387536273899281e-07,211793412210.9445
10079546.62348607,3.393029824813969e-07,207196562821.7839
10580528.42648913,3.351184194552409e-07,219301612815.3452
9574626.054465471,3.166640228639748e-07,206089566039.1188
10240537.6230012,3.314381190874033e-07,213823017311.2621
11274396.09354886,3.590017976599509e-07,223200693474.1244
11811126.35600118,3.558357753705915e-07,235211332720.2114
11588752.25409737,3.589840475868843e-07,229431606047.7213
10804925.3781769,3.480687614908911e-07,218362675350.3217
10898485.75942606,3.479303136276011e-07,220311913247.5495
10881807.18213735,3.274267328387357e-07,229064754020.984
10644864.43147889,3.615402618625036e-07,209750186660.5711
10724198.4415255,3.564454083842064e-07,213322251371.1935
10731421.77578034,3.556908561752594e-07,213767722545.3164
9992221.144631576,2.73748612224222e-07,237006770756.0204
10227862.75116503,2.69215865901115e-07,245311433851.1843
10103455.20842782,2.628456290447857e-07,246227230830.1626
9470997.02542294,2.948152416143925e-07,213810524396.466
9672892.765759526,2.816249888959479e-07,225134601592.7548
9269574.823245607,2.766371647572373e-07,218333041342.4684
9601330.948828194,3.086550566969041e-07,210224103317.6703
9854376.554399446,3.194072685797305e-07,210894841429.8304
9741088.632528877,3.080491353686762e-07,213563730690.984
10168880.1627446,2.77053017347002e-07,239275302024.6454
9933922.95895488,2.815827871395364e-07,231233126878.4448
9869989.590901643,2.941654810457179e-07,223145888187.6104
10784783.50036912,3.542465111068027e-07,215414224019.1578
10775754.28882963,3.516544388482892e-07,216290250736.5495
10860038.66243395,3.590853845095393e-07,214964239598.7787
12712923.65346253,3.624665090818357e-07,250073025701.9639
12532333.72777843,3.625251234880726e-07,246494109436.7145
13153930.39703621,3.598948820368318e-07,259979093840.3384
13289543.58573588,3.580016735995683e-07,263584596976.9474
12901483.08813197,3.613360213389693e-07,254311187181.8843
13345720.54384895,3.587640596274504e-07,264323680855.0294
12122261.30096663,3.608962051106047e-07,239145436360.0549
11779678.21740015,3.632101298893537e-07,231398989878.1695
12354539.609936,3.628030859875838e-07,242873007723.9399
10969230.45502844,3.611824227443808e-07,216284346933.4502
11429768.28531942,3.60905196822123e-07,225480333731.8758
11325430.85046262,3.632617689471495e-07,222454709152.553
11157009.26972817,3.586506243913397e-07,221020928859.8152
10595526.79520705,3.44131383206868e-07,215761043596.1694
10770316.98578273,3.568806118068124e-07,214065419145.9062
10183267.0434702,3.60328500951339e-07,201104315145.2749
10161190.58552744,3.59979812521512e-07,200797899850.1852
10662199.22780434,3.600990464453441e-07,210651947710.2537
10900839.81769754,3.604033306899656e-07,215245506604.8985
11048738.44365082,3.60143536588818e-07,218270784476.9893
11359954.5131404,3.601255725960966e-07,224426404209.6324
10636855.88215587,3.604861039784196e-07,210000787306.7666
10301290.98173418,3.604550718036225e-07,203387485815.6645
10782958.78425945,3.602256226649908e-07,212987873765.6623
10234206.90234648,3.57925420877592e-07,203013925977.2657
10439503.95679302,3.589356557122698e-07,206697613239.1475
10168928.32533477,3.611122861646463e-07,200530456796.5281
10085542.96083582,3.393098222885815e-07,207317038255.3659
10427488.03536573,3.385501016257167e-07,214666562155.9354
10215070.77898705,3.494833775134784e-07,205884521486.6566
10128112.1252962,3.054156187188063e-07,223323455343.3055
9888021.564726107,2.869547800409564e-07,227283074673.5848
10236571.98602519,2.962893812919109e-07,230326453293.484
10448615.17072426,3.532448589466256e-07,209093966306.964
10594187.26958203,3.555280911016454e-07,211098443687.9738
10420838.03454237,3.427886300298388e-07,212757579292.3538
9254193.986876914,2.992513354505444e-07,206846352736.7386
9188232.1847672,2.908953725434534e-07,209286277167.2809
9367304.156465434,3.035011826518293e-07,207415415194.0361
10099774.22106852,2.892883203676754e-07,230900247629.7538
9961513.194587791,2.891829942306875e-07,227794629607.3326
10549013.86864336,3.039266038031952e-07,233363386516.2582
10835878.16975891,3.575322953016353e-07,215106695606.3414
10706950.95785777,3.640340877645853e-07,210008937876.5218
10668163.64746122,3.594378325522884e-07,211028191896.0218
10309396.46846267,3.568374951302049e-07,204920899493.5044
10198835.82918387,3.57105017844237e-07,202622016208.3248
10121354.01759284,3.591009681084505e-07,200336876484.7787
11955881.54519161,3.402847545257256e-07,245293821198.1689
12883860.47140831,3.496186958830414e-07,259606909547.2312
12298694.58334747,3.379194268045728e-07,253503276434.6828
12440856.41963357,3.596477256190081e-07,245998277284.3592
12676152.89182708,3.615564781728999e-07,249767946823.1306
13060834.85382211,3.582213209005057e-07,258942488559.6172
12779271.30845316,3.193604750789353e-07,273517622860.1562
12106759.93195532,3.243671225932316e-07,256450398689.5073
12540271.73490443,3.20205144183253e-07,267930041188.3894
11862498.58796195,3.384942067448262e-07,244235438530.338
11269129.12620354,3.351564147677032e-07,233556521211.2029
11672471.84930327,3.311838627309841e-07,243846610797.4238
12350371.76934516,3.455478394642179e-07,250807917943.6707
12984840.88277778,3.528400345555301e-07,260046728676.5011
12394361.11891929,3.487524312357805e-07,250156993997.6221
12100735.06537162,3.340035967917721e-07,251368579046.2063
12054313.2163946,3.384042959186821e-07,248228643206.2524
11789012.56399879,3.318598155312758e-07,245946691964.0254
11218031.90419638,1.983317889918031e-07,329854022516.4952
12061751.36025333,1.933760924513648e-07,360696436385.6074
11240811.5483088,1.979975001442104e-07,330895754911.1841
13162558.8292319,3.101261602271503e-07,287286172907.782
13101594.51737127,3.122062091559422e-07,284684046484.7155
14043030.65374619,3.125280488096605e-07,304930952354.3799
11483678.56142643,3.033998828909512e-07,254333804908.3415
12581482.25821887,3.072120728549048e-07,276337372427.9602
12768688.16591385,3.067637421351933e-07,280722310387.2143
10990459.78986232,3.012156041451472e-07,244585599908.3579
10752132.0718232,2.980264340193296e-07,240985770440.0732
12064973.58863748,3.050267437700216e-07,266257038085.2535
10958499.60265102,2.963305802038497e-07,246547223071.4351
10200059.41368508,2.913956080121503e-07,232067344998.9203
12159127.24792426,3.021866196943487e-07,270013565109.1493
8865494.000527043,2.711397342161316e-07,211628504479.5353
8581721.880561942,2.620012792241226e-07,209590773839.812
9626777.260821829,2.833358349606024e-07,223158407292.2018
10295390.16918986,2.947659899389011e-07,232447329499.5984
9286002.558579013,2.793143952899373e-07,217320111762.8836
10064763.78833462,2.915799745255726e-07,228892620385.9196
7503448.756376127,2.500941879042258e-07,189027586047.5742
7762604.681249419,2.433039920386466e-07,199177975304.5502
8272198.297449105,2.607543616229754e-07,202674860236.9147
7935616.760301498,2.360736452205372e-07,207753818728.035
7740119.168150303,2.388072506905029e-07,201086373262.029
7961408.612213882,2.337114609921804e-07,209831124182.4932
8796874.642680079,2.848418768713341e-07,203201001487.6788
8800753.256788742,2.902017124923206e-07,200779729327.8806
9379575.681047667,2.952805429651644e-07,211524156280.9179
10941547.87907189,2.010230432231499e-07,318846413482.3352
10588919.11264035,2.008560287705592e-07,308741528291.0487
11179793.9528205,2.059626063322993e-07,320559176309.963
10340621.92030973,2.038835228631026e-07,298509786235.3253
10375262.97079336,2.037826222963524e-07,299608650743.5096
10460754.55698578,1.997188796584562e-07,306161279927.5532
9790048.24461833,2.060081197243399e-07,280669533725.0042
10011163.85465333,2.080551122680399e-07,285123037164.6635
9945805.2546697,2.028264639851445e-07,288109030897.6555
10365287.18631876,2.116319478665676e-07,291872953792.7742
10471573.59366931,2.140467620966228e-07,292643921302.9788
11048927.24474265,2.126663208976375e-07,310113711375.1013
10049887.87535188,2.026507942172314e-07,291292303362.0753
10115587.01483124,2.07874306631249e-07,288264092366.2693
10206365.07379683,2.05288174460059e-07,293288573677.375
9716892.562861683,2.079201043471453e-07,276861825373.3242
9652505.704900881,2.104635341995441e-07,272806990296.1414
9937185.107150862,2.099614347924674e-07,281300405718.0653
10824106.45391625,2.211124208420608e-07,296016983374.5396
10821888.08922766,2.224618678150716e-07,294758261018.9682
11565405.16541322,2.210175811603686e-07,316380448509.8787
11141738.56925069,2.185914945735631e-07,307041767614.9426
10903640.50846378,2.201447319521297e-07,299065277517.041
11647612.7001635,2.200505580106615e-07,319562103951.8367
10794832.27712125,2.182329761538825e-07,297807512227.2032
10261507.38502974,2.186214126610071e-07,282758735747.1071
10560490.38244963,2.19787189538573e-07,289967395873.0518
9844489.168397421,2.195859723376917e-07,270472712738.895
10179729.11613234,2.204428626292386e-07,278958025349.3693
10114335.34659573,2.214584340437865e-07,276318014161.5761
11443436.12569147,2.178902865296247e-07,316032104496.8336
11956038.05544527,2.193494031730537e-07,328722666138.7638
12121735.105749,2.173395497766275e-07,335329900827.9775
10629319.07891233,2.152311234816348e-07,295961619960.5405
11000146.44456923,2.163685470204621e-07,305212545649.0629
11210947.02378603,2.138501591894124e-07,313498823325.2792
10383372.71486527,2.161992172472628e-07,288249811491.6628
10217721.520154,2.177239685782382e-07,282325366606.6396
10749921.77456338,2.173361426007959e-07,297383818871.6016
10482220.15565467,2.207554237839913e-07,286976073023.706
10184355.16128977,2.195906199653452e-07,279806423016.2414
10480037.10810854,2.221055339574885e-07,285752409256.6259
10578632.03260618,2.241148789619039e-07,286714099701.7527
10508097.52220163,2.255594360087971e-07,283585112669.1525
10648876.09035197,2.248454986152159e-07,287992365701.2388
9834426.558022233,2.169659718379765e-07,272367085800.6279
10316168.96120202,2.211544249305691e-07,282090216618.4685
10022824.40051573,2.186413175524533e-07,276164996194.9015
9832059.231791921,2.158201652590955e-07,273264451696.2773
9720030.975104939,2.096548892306698e-07,275421381523.1442
10029286.06771289,2.07634756021251e-07,286024554416.4764
9794655.412683072,2.25307452950844e-07,264528289047.425
9777573.422681924,2.218183872620702e-07,266828812611.2428
9681172.901842227,2.218970053813501e-07,264135646620.457
10074892.69174617,2.192886723940812e-07,277053067908.4127
9731245.970134731,2.125626407886474e-07,273218744994.733
9843338.652323347,2.187452621221216e-07,271133589339.5821
9880484.503517216,2.175265914764048e-07,273172307715.7732
10209456.02509287,2.208788491537515e-07,279404362229.0795
10363340.19952928,2.217131974795452e-07,282903763450.4174
9430931.477718279,2.094532730766961e-07,267401078877.6114
9627911.8391975,2.102460672971249e-07,272299504399.5489
9969745.005730303,2.169588125280433e-07,276120840777.4732
9573793.318293441,2.261757123870673e-07,257901223808.5525
9864584.691611676,2.273251351313457e-07,264838122547.2816
9409997.298488518,2.276112759528484e-07,252421871972.7473
10387149.99228386,2.263933681977729e-07,279632257679.1776
10097416.74549901,2.274503136576274e-07,270989577388.9769
10527118.74278545,2.256810838123423e-07,283996343935.3247
9245347.287180617,2.324522504590025e-07,244549845432.7514
8762249.29372433,2.331038848516156e-07,231339218497.4268
9023973.596353764,2.341124272191025e-07,237564478649.8741
9542095.777457118,2.080071140324292e-07,271805545041.0587
9051450.860585865,2.101504158124877e-07,256073534285.204
8878196.566423638,2.077490762057441e-07,253103813503.6236
10561777.7873195,2.048796236134468e-07,303905001541.805
10214683.58677204,2.058429935215773e-07,292999936083.4077
10714965.35945183,2.02201269620645e-07,311029454884.2171
10301748.58771822,2.102430594360502e-07,291359937287.5103
9400747.123501964,2.107738568326459e-07,265430734476.9926
9900645.696101289,2.086302785602623e-07,281456939243.2622
11200382.96212219,2.088835629283029e-07,318148608320.932
10845520.96370847,2.09529957921004e-07,307434782426.4495
10784631.81467298,2.069551573963684e-07,308239165708.2009
11625325.17250055,2.166668457569378e-07,322262769799.7985
10731886.98179724,2.174330149181336e-07,296796721002.8906
10268395.87471964,2.164423181221824e-07,284844487515.2326
10248048.07495221,2.1970914260792e-07,281455064576.0685
9911675.663005298,2.188522781978034e-07,272926915939.0383
10388104.41214708,2.185234046898191e-07,286332734301.7565
11521474.53075668,2.200715665128097e-07,316081279145.0443
10645663.89345652,2.200137313041618e-07,292105382401.233
10788402.27784721,2.188281733670165e-07,297090188009.4773
10846657.09639865,2.222347100770741e-07,295634184192.2081
10363651.99822122,2.221206425302885e-07,282566197467.0996
10429845.54329467,2.21105047495596e-07,285241102005.1058
9695650.503024658,2.22954522580892e-07,263693502016.7124
8874160.697206553,2.248004179561707e-07,240028353442.3441
9099918.115992419,2.227118656596402e-07,247671050983.3563
11276442.40427391,2.091496268692272e-07,320037382637.4161
10722729.0942293,2.070448031683339e-07,306381433905.9973
11285655.62034208,2.107690507642263e-07,318656098116.9059
12091462.89677872,2.146344583059682e-07,337297055370.5855
11619382.35783107,2.110475669711717e-07,327790334416.9834
11628734.59273375,2.126675187257375e-07,326386120761.4882
11131451.96096424,2.181776512040769e-07,307146078659.4347
12041040.79182776,2.174114863423894e-07,333024131413.4844
11875898.08547767,2.194211643564324e-07,326448079847.9669
11160285.24510596,2.219151492365038e-07,304474314259.0108
10737432.0265587,2.207855137642936e-07,293936404564.386
11616934.97078149,2.208431385105023e-07,317957410445.79
9428598.799356783,2.175963978009154e-07,260622969377.0745
8773818.663470685,2.156773322712403e-07,243960202677.0529
9448597.491825238,2.162770386725045e-07,262236861714.3868
11651792.25799932,2.154310752257941e-07,324230475751.7026
10293271.30919584,2.152065791761702e-07,286626533012.133
10833788.79383081,2.124901090485419e-07,304243436887.4338
10356197.21108036,2.012403778904895e-07,301571453535.7114
9189242.123710046,2.046226256656259e-07,264632954785.4098
9848403.58013792,2.012886385417619e-07,286738711311.3173
7080542.351208291,2.214595726360935e-07,193435814485.5618
6846229.232652741,2.254047702609465e-07,184845706731.5699
6793478.479935947,2.240104361057619e-07,184181795752.2905
7442067.270475118,2.163512905914348e-07,206500257670.9144
7337133.941856468,2.177671146886964e-07,202705212242.7614
7474061.145316649,2.145897090943774e-07,208521441798.4628
7331270.254108482,2.180214779007387e-07,202385647127.2054
7034903.687674114,2.212692309469296e-07,192299197465.5723
7227123.758395759,2.194353211799725e-07,198652698376.986
10695499.86407829,1.927543403823969e-07,320527263503.3315
10802445.38686832,1.889937727710691e-07,328012516608.6873
11092127.16844754,1.838453733927564e-07,343067599215.649
11239740.36979779,2.070224467160836e-07,321177160895.7658
10823252.50054279,2.050936679382612e-07,311211967325.6598
11000852.97330744,2.020841580674482e-07,319451438038.7047
12318583.37666836,1.87278857790068e-07,376329502224.3524
11987779.91717316,1.812457594701246e-07,374306059893.9481
11721251.36517198,1.84586675728809e-07,361554480008.4804
11324825.42114804,1.954505030568464e-07,336258796386.6052
12148773.42016205,1.908269682601299e-07,366526966058.601
11555624.09996821,1.881378520948542e-07,351945933525.7192
11964725.42101477,2.143097782830127e-07,334098668707.1949
11135611.5961569,2.113685742359912e-07,313824705033.4206
11495150.16773801,2.107223632919275e-07,324619220224.3086
11423996.17539627,1.971859231118152e-07,337210257710.5635
12076742.49418671,1.934066910580818e-07,361106641709.0382
12275286.02852712,1.922313049261696e-07,368537946057.6102
10591148.73604706,2.092079062956185e-07,300532196116.2025
10184395.36100979,2.075947068087647e-07,290485460559.759
10530978.88562116,2.066329209690221e-07,301302266587.6148
9869819.253683556,2.060785780749999e-07,282891978740.7591
9194411.686775289,2.058203138699667e-07,263753635753.4588
10361685.1668602,2.024375329727215e-07,300540521039.1906
10052566.92634122,2.265990740686797e-07,270461147237.03
10442393.20198122,2.257324853956865e-07,281667885414.7889
10014441.93773268,2.275023934008497e-07,268721721447.6655
10231692.61419378,2.25994983640663e-07,275770803703.394
10039772.65616792,2.266861341873251e-07,270047757024.2645
10158475.30480401,2.276759435007047e-07,272448088881.1781
10321911.88130152,2.253764373748525e-07,278711233991.9654
10520437.78357679,2.252008390497154e-07,284219459688.675
10129143.64415341,2.260676153000351e-07,272948363392.9989
10160368.20596632,2.273708068157813e-07,272742601266.4802
10262059.94715996,2.261661264776855e-07,276449732470.1233
10188733.87003378,2.278473273798459e-07,273122571521.2087
10295267.49754198,2.302558014483102e-07,274050488759.8138
10168623.86177107,2.283915432935477e-07,272150312253.031
10197001.03951705,2.288696646043106e-07,272529576571.2029
9146735.318473749,2.273607484556825e-07,245540113242.7577
8808632.928706175,2.263239187522395e-07,237185540522.2052
9308233.792182015,2.259253984693655e-07,250932691488.8379
10364641.22812766,2.229229203974511e-07,281914744748.2504
10847669.11512513,2.230366592916586e-07,294952622435.832
10433815.36235836,2.243143846480942e-07,282621413479.6602
8164662.315838875,1.480025478018382e-07,291804576999.7886
8848518.399372512,1.460255670117518e-07,319093499873.1851
8549450.024104519,1.436304571752087e-07,311726566531.079
10508605.27465723,1.533742798773155e-07,366755572764.4916
10631919.82750122,1.566128147508804e-07,365926192102.8507
10928687.7777497,1.535889302688579e-07,381061209595.6553
9152054.925252972,1.520188404455251e-07,321307113645.1542
9883994.097918913,1.514174073735918e-07,347922039300.667
9315944.878879866,1.483864095567407e-07,332376894580.1312
8209937.78610769,1.500132176135972e-07,290794942212.1771
8735515.583987139,1.516677871916501e-07,307156452080.574
8895649.270506635,1.480344481502018e-07,317884334051.7776
8541819.709497547,1.567236097689623e-07,293851187359.3401
8929418.000203058,1.609114971103793e-07,301831876057.6888
8810150.408373967,1.555850111612512e-07,304559033723.8492
9433359.760563146,1.653207559263546e-07,313170954413.9869
9808885.223895933,1.683997965206461e-07,321656213010.3007
10078952.17514051,1.659526179594993e-07,333753615602.1942
9047738.37252821,1.560663695955725e-07,312128780275.6953
9168598.071785072,1.613927522853363e-07,309300234703.2233
9496650.839017762,1.586488490624984e-07,324050368879.3692
8390951.991801759,1.586170832635391e-07,286359280973.078
8205297.65764109,1.631599763247726e-07,274801174464.6887
8775150.247850915,1.628056277869289e-07,294312213924.8865
8447892.843210239,1.655829843243538e-07,280159009088.1841
9393374.94655809,1.683075654012769e-07,308143184229.8365
9025967.748121535,1.652282738288507e-07,299758058258.1262
9118130.461599514,1.910473744995481e-07,274881230310.4606
9281379.016421411,1.953156975847974e-07,275711200079.767
9448774.01211906,1.916270586413907e-07,284274283131.9087
8232116.728689014,1.801217824151057e-07,258107542608.599
8554659.18886031,1.845361555119803e-07,263925731053.244
8576705.719538921,1.801030311402632e-07,268930356526.4773
8220586.177254211,1.818352761041736e-07,256124245999.5036
8529676.243544713,1.869465736266397e-07,260888062424.5101
8542904.840163821,1.862467317537762e-07,261946818722.2378
9700008.455826309,1.73731486282509e-07,311544261479.5148
10216244.29275013,1.736185903827959e-07,328266918780.886
10036528.64467035,1.781542865709485e-07,316995193734.0135
10623082.9289733,1.546978837528794e-07,368633095694.437
10082156.35453009,1.579199812953636e-07,345087084716.2961
10747163.12650373,1.516042613804359e-07,377995156507.4574
9276775.719175439,1.716975390446343e-07,300299316242.5855
8721869.330036389,1.755009163588017e-07,278242403955.6993
9409768.650559912,1.6610433401378e-07,311404561422.11
8893468.21330036,1.817158869224581e-07,277210212056.761
8596303.940933799,1.794034739449817e-07,270245122008.1369
9147263.274887756,1.756010577892989e-07,291702237636.5315
9458085.60362752,1.90798372477956e-07,285377763369.0305
9189668.586911524,1.856697178730988e-07,282361706364.4744
9779776.899327695,1.839770788368939e-07,302333636831.2558
8518374.680447292,1.985594382680559e-07,250282056560.9883
8723682.632025635,2.014236585611435e-07,253878663977.1429
8234549.629660314,1.903962578025588e-07,248809855650.9676
9200328.986902742,1.939970719251739e-07,274540597079.4118
8752608.831754889,1.967684051790236e-07,258722347116.2559
8935621.260623159,1.88864558469301e-07,271450788585.2021
9150712.772923447,2.07016560057868e-07,261487860627.3771
9361289.844737016,2.111734942573772e-07,263983077764.548
8826348.777301649,2.038292735896428e-07,254841437974.5033
8704382.621021431,2.006069922209795e-07,254004023228.5894
8442217.223511951,1.952876695531233e-07,250807185162.8386
8215798.798878595,1.89573412647115e-07,248961108826.4949
10906323.60481909,1.550373236179593e-07,377909263662.2604
10609861.54998908,1.580571775167844e-07,362938941708.7169
10421023.0472388,1.591571013055045e-07,354834911392.3983
11268001.5394977,1.669425089900936e-07,371651257683.9917
11502457.63915811,1.69373537372021e-07,375745340679.689
12082138.80058311,1.699892255692693e-07,393727930148.9335
11072709.34471863,1.676220730511088e-07,364222212608.3237
11160908.50935094,1.665001802761019e-07,368770701410.6459
11971235.31164515,1.695561619646185e-07,390777829133.2872
10381438.62989584,1.61231817793902e-07,350448098065.7241
10569919.75017845,1.601352645474315e-07,358437716837.2166
10744789.52125243,1.633436528357781e-07,359580724894.3441
8812958.78526159,1.999070513508733e-07,257772349635.4628
9369300.829422755,2.079482487219069e-07,266933863314.6347
9432737.680728536,2.053940041813113e-07,270964616381.4727
8323453.380600407,1.894560850067234e-07,252327457869.0249
8227029.334020576,1.773412000501236e-07,260637329488.88
8098644.069391186,1.83767885971043e-07,250552784064.9998
8964941.596756792,2.051916708849481e-07,257695981357.9632
9251635.432463879,2.07893361341276e-07,263627936273.3822
8698851.495049993,1.998703238901677e-07,254465966481.1898
9759680.306058843,2.119486829752397e-07,274545993520.2914
10150564.75320726,2.138653519033016e-07,283833238346.6789
10045924.33245589,2.114482697387129e-07,283043908167.6418
9490906.108017189,2.129355046261443e-07,266159694585.7808
9452473.920342077,2.111651373233158e-07,266561449721.7881
9162660.598202579,2.084557035447434e-07,260622803156.7018
10360511.42787846,2.099624528723903e-07,293282918210.6666
11043996.49101414,2.109977872632872e-07,311607325899.995
10452379.45924951,2.073739710299332e-07,298340585975.8633
9967115.543536685,2.167075986307267e-07,276261309700.2593
10130730.91482477,2.151794742183026e-07,282124120856.9236
9740232.29234192,2.132674116927547e-07,272868235322.5111
10224546.19576052,2.234549482835604e-07,277662602921.1591
10008536.34116323,2.264068770281754e-07,269428889406.598
10308680.48165203,2.257378911137121e-07,278056746301.071
11011882.00464148,2.237614715646062e-07,298770703354.1426
11229902.58353096,2.226591291662055e-07,305690764526.0515
11687960.11820301,2.215869973781183e-07,319185048258.8898
11087509.42274486,2.101005917868194e-07,313725016977.3204
10529610.01882376,2.06378036991879e-07,301511097718.9412
10494712.03705971,2.064794207167828e-07,300413430369.4985
9045373.392931696,1.892093232476015e-07,274450995871.7769
8733905.271774845,1.952274490139798e-07,259526209812.5812
9350945.484341878,2.007046229261386e-07,272782983127.2436
8157759.13050398,1.789642829004694e-07,256877836581.6643
8523006.4931057,1.658450919690242e-07,282352131297.2975
8327482.572796728,1.769017423107321e-07,264256488057.3063
8412779.416741198,1.941954528099455e-07,250868883831.7483
8130733.973604067,1.860481028459412e-07,249486042806.2386
8300177.499818041,1.839844477961832e-07,256586205409.7758
9663461.364994932,2.149857172542175e-07,269273103534.131
9850222.242692942,2.166576369194757e-07,273063316870.9649
9624681.028211525,2.132207843722228e-07,269670425885.9181
8788490.993447989,2.037251333986705e-07,253834844282.0293
9322300.492383366,2.110694832571608e-07,262969955663.7282
8997009.452993553,2.066002059082948e-07,257440978092.965
9436465.174075779,2.105753832693883e-07,266606627713.7506
9975434.56087034,2.180884348053062e-07,275323575079.7764
9650286.294828884,2.147438286179417e-07,269107872742.2035
9815136.721788552,2.362985774305619e-07,256796410479.5132
9258719.069771428,2.397780879857817e-07,239889503169.9696
9484501.10958202,2.382994124085329e-07,246754933227.5087
9290072.342206156,2.366234221885718e-07,242836487167.7208
9823201.967351537,2.355115331812199e-07,257579692374.2276
9492429.375443624,2.375096936172466e-07,247508327224.0737
10100164.67595019,2.324741692644792e-07,267143934756.8096
9431732.198904743,2.343064630666746e-07,248162000944.4192
9974532.200066574,2.340396788101888e-07,262643228179.7702
10093297.65233811,2.288719019605497e-07,269756195777.7156
10219472.80073838,2.307369010613196e-07,271654636487.2445
9896955.50701561,2.307926752922115e-07,263039075970.5143
10005065.24929451,2.290567530146749e-07,267254191498.509
9849455.027671993,2.289692760846414e-07,263164554625.4595
9660212.641923582,2.306147510626696e-07,256879017133.812
8901974.789802264,2.381913622340492e-07,231669585292.0301
8505243.726768902,2.368534331551657e-07,222177618449.6286
8704524.365923645,2.394851152788799e-07,225714449142.3716
9761744.211881755,2.351850729897171e-07,256204992103.3437
9224846.658600075,2.354497802893065e-07,241932174780.5534
9257405.949946865,2.370518862346494e-07,241690936758.6855
10187433.9543657,2.30934958122884e-07,270648123068.6458
10089684.71394002,2.29548396035003e-07,269129571836.3897
9743364.092902444,2.311055505301732e-07,258723184176.4497
8686064.280108185,2.314675245695339e-07,230407349256.6799
9043922.967873761,2.300886426639505e-07,240857440234.8371
8837623.592110211,2.283019388405617e-07,236589663846.3387
8827768.277549956,2.34756021596365e-07,231974241900.6948
8568925.955014592,2.337461678431164e-07,225820513363.7939
8463844.379919438,2.35023601982458e-07,222242280215.2182
9278246.274549508,2.316561799119627e-07,245981985280.1745
9154336.502465392,2.309276670240395e-07,243207087629.3352
8794277.986032177,2.323094014294607e-07,232713904191.4232
9993426.648497039,2.320085989701947e-07,264674260354.2744
9553652.835476235,2.32177550153443e-07,252904159806.5378
9328596.147838106,2.338406983316427e-07,245774163060.9579
9692334.424424119,2.29246283953418e-07,258757842231.5061
9379197.599617179,2.301621566148367e-07,249733271693.4064
9504614.8744445,2.308901340483264e-07,252540444239.0426
9963535.153228754,2.272174400647972e-07,267579198810.1334
9925579.530117024,2.281203299400281e-07,265856048977.7513
10081787.58270052,2.28206976503839e-07,269971714633.3394
10240004.75489651,2.268540327682085e-07,275297640319.7584
9940869.452473044,2.275228052882104e-07,266731565931.2118
9952345.586241113,2.279101004054957e-07,266736879693.5614
11589094.78154748,2.217100797875277e-07,316368005035.3522
10844803.97358425,2.231527432831538e-07,294772446686.3168
10915924.80352084,2.238830333080089e-07,296060008341.745
10118626.83236354,2.225169123669848e-07,275557919025.8972
9886567.842035852,2.219733709516571e-07,269677656749.9313
9903744.736535694,2.254627709311769e-07,267351655698.3599
13068881.73726758,1.852788156931206e-07,402118990812.3513
13046977.00126024,1.864836818399376e-07,399713981953.1195
12958269.9808168,1.831510713906352e-07,401797640158.989
12475483.33426195,1.867151213577019e-07,381889501642.6124
13051965.08445658,1.850202084315569e-07,401972607874.002
13454606.95638067,1.81582529152953e-07,419586630445.6539
12474672.89606419,1.950344644174771e-07,370926839044.443
12824486.49422851,1.945982918754326e-07,381897927882.277
12926489.90136411,1.892877458368768e-07,392101898388.4003
11609640.95845352,2.100812756594992e-07,328519050014.4113
12516508.86890819,2.016006254842618e-07,364045187799.5226
12275870.88345163,2.09311073532505e-07,348223044708.9274
12113548.83920854,1.984633544000311e-07,356028291047.5572
12806948.47909698,1.916420713328247e-07,385287652863.4638
12727034.98895704,1.957561065395007e-07,377500060588.0576
10357502.31982289,2.123178949585207e-07,291025228867.8837
11274252.86786955,2.057414297837105e-07,323499243111.8632
10983819.11551432,2.115108670223553e-07,309408030865.1941
9712884.885173632,2.196067158191698e-07,266840142239.5515
9973065.385957552,2.157844145203046e-07,277214079474.6063
10587821.06078824,2.149798018933642e-07,295035870439.8508
9517175.916995736,2.163515426583312e-07,264079546884.5273
9089828.205455597,2.233381568501766e-07,246933714967.2189
9487219.6404869,2.204093130652295e-07,260007371640.095
9040031.258969357,2.235634871199048e-07,245415891966.1864
8652045.166508662,2.279992142314378e-07,231826570773.6913
8829986.089503627,2.263068340056856e-07,237772472264.0719
9282974.912722016,2.211615577012104e-07,253832610769.1926
9328495.972055074,2.203732142470136e-07,255685298567.5954
9635676.489865534,2.171711683543415e-07,266694524082.8159
9085812.392138464,2.245786609072664e-07,245914860158.2782
8844802.155208964,2.308707015891941e-07,235022211039.8712
9130848.037011053,2.237838618863226e-07,247718593460.6063
8533353.675107384,2.299716915042151e-07,227337018239.9294
8559619.178107569,2.314379751266074e-07,227072580713.4234
8710076.091502531,2.282731720385381e-07,233194713012.7236
10738799.62244,1.940381149862222e-07,320403836421.9119
10404234.46534394,1.995006342659176e-07,304729110193.4102
10690093.57620705,1.907287589679946e-07,322629482523.7247
9748801.380738327,2.126241868066612e-07,273658816987.7094
9718482.477709893,2.166641459686923e-07,269405892063.8126
10012125.30730985,2.083965251373814e-07,284838896317.7816
10382680.01862657,2.037718133591237e-07,299833436898.7436
9913047.216031862,2.094012896018828e-07,281117321869.0884
10178565.37331799,2.051847594809372e-07,292587995722.2507
12267085.02516761,1.911255188926682e-07,369710901931.4465
11046081.66499954,1.978409533413963e-07,325334998359.5734
11176889.86697096,1.937861265585166e-07,333763763269.002
9905950.98203578,2.089879027413168e-07,281286405160.5198
9845447.574451219,2.1035371294081e-07,278356911543.1545
10313494.92435251,2.047206456451299e-07,296914516183.0488
10141494.74530982,2.117822277987968e-07,285436141287.6127
10107570.13422927,2.09372314438933e-07,286660108510.8969
11048839.15054662,2.052110503539586e-07,317577326971.3298
9743608.420953836,2.150392015698693e-07,271461386438.9433
9434698.390575111,2.182329446788525e-07,260284203991.2378
9710356.522175932,2.126223479323952e-07,272581202130.814
9679308.601745622,2.122744651343112e-07,272006427395.4948
9404094.693365976,2.178822327416279e-07,259718238607.7433
9619502.406629132,2.136440979219768e-07,269169186041.2063
10348447.58361821,2.227536789676765e-07,281616835398.8253
10433089.06422095,2.250336544352422e-07,281999236744.0707
10503371.80232964,2.23593013352045e-07,285117092154.7496
9396506.902715376,2.282106876333442e-07,251618431478.6615
9698594.704092188,2.269082521673727e-07,260700551898.6983
9585671.677400783,2.234896492125763e-07,260286078597.641
9437428.086646326,2.294855190424102e-07,251777431050.1965
9751527.489735233,2.285685167930429e-07,260852523603.602
9740167.762087764,2.281804278686012e-07,260843995350.3675
9680537.13338775,1.956801996271926e-07,287211307038.6503
10341724.04651976,1.916373330180855e-07,311128312125.8726
9750851.962525174,2.024218711979585e-07,282837901422.007
8798678.060364591,2.004650141499341e-07,256876890054.5937
9247560.278006999,1.976895972238543e-07,272503003336.1837
9122537.805162447,2.036447532091763e-07,263552326937.9214
10091725.43106387,1.843406833628126e-07,311566888560.2149
10428915.55031183,1.871246443831277e-07,318775663752.0037
9764901.303276241,1.911624651082972e-07,294261047478.6667
11169150.6974328,2.142482750833425e-07,311943011994.1244
11822797.44326818,2.134944795215304e-07,330975476361.6425
10737485.65731954,2.182836799617754e-07,296179561319.923
8669135.080927966,2.267407300754146e-07,233143194586.75
9053787.445616271,2.237131024927714e-07,245679741944.6279
9149575.038801992,2.235479319545802e-07,248401274000.5422
11786859.85272714,2.026523231354023e-07,341636078871.3571
12392119.80832262,1.999489902782847e-07,362409405298.6848
11489854.30887335,2.084164794799805e-07,326858526183.8574
11181713.50228932,1.992269335009126e-07,327800536735.6888
12409994.33811967,1.925115567563119e-07,372220578169.1767
11727576.02648775,1.993310000389116e-07,343683244780.1949
9296532.313987,2.049702774582548e-07,267419901111.4584
9422737.396425357,1.990106208924367e-07,276434929350.1304
9492111.345726965,2.057621931430813e-07,272344810233.4418
10963755.55724931,1.802669507820788e-07,343570026995.3167
12306938.66779305,1.775487820029654e-07,389587401958.1599
12377630.86884581,1.803698046905928e-07,387729016446.6578
13098637.31052366,1.816001721660154e-07,408459134847.4279
13614896.61556462,1.803008832033941e-07,426595017259.0915
13209845.27130608,1.837361784730205e-07,408728208017.225
7146185.226036381,2.460045281027643e-07,182017104488.0477
7334172.401551742,2.44602248911381e-07,187518513128.0375
7153973.290173393,2.480599473253407e-07,181207519827.6078
7594923.332060756,2.430383281025412e-07,195017483588.1984
8041980.253711307,2.406458900103603e-07,207863085627.9356
7566313.680260343,2.45594473709253e-07,192932451156.8445
7340135.192822839,2.413479115997713e-07,189354237640.235
7381067.466485414,2.429278487791981e-07,189583690052.648
7192476.353815194,2.443262898055051e-07,184034103269.6357
7688540.150094842,2.369793016710155e-07,200772214714.2583
8196004.900346331,2.314760852695309e-07,217402628241.4153
8142983.005780501,2.339785559842585e-07,214453344763.9058
8730638.635919636,2.320948999454539e-07,231172204615.2889
8627407.850715103,2.294440128967723e-07,230194976999.0968
9014847.202515865,2.249959243561084e-07,243692372366.5907
9889336.752301179,2.248378944050647e-07,267457117326.0852
9800006.777059039,2.272462433930936e-07,263165265668.2094
8937514.92269014,2.333306386964418e-07,235813646139.1251
10654434.03966026,2.160479442404119e-07,295912714726.5446
10232931.84900347,2.200798043078397e-07,280724265548.4462
9776690.615982618,2.206826881226983e-07,267719308862.6718
11641369.88117028,2.156328641059709e-07,323738328971.6294
10472282.52951219,2.228147498545899e-07,284934733284.254
10564618.8474768,2.204241608335047e-07,289521643692.3214
8606164.286212074,2.324400156480505e-07,227650723506.2161
9582207.805413786,2.261412874681666e-07,258154090795.7561
8645659.517532513,2.346256389812032e-07,227272984963.0637
9561074.124089906,2.049171225518124e-07,275077151997.4326
9765421.847782489,1.992370644309755e-07,286271152169.4545
9523570.362502003,2.02484996272269e-07,276187845727.2735
8521548.15139634,2.193339750987688e-07,234304823495.4173
9274758.068405794,2.192477950018395e-07,255081581149.163
8945980.735809708,2.208774058774901e-07,244827630810.8193
8020093.54490924,2.134054528060233e-07,224582420958.2668
8150700.148685602,2.146837955552686e-07,227332785394.5115
7711072.554599071,2.154990651856098e-07,214528269292.2119
9827989.403085854,2.168072332147752e-07,272321648899.2978
10281543.03453176,2.177979595866243e-07,284024471093.1268
9807592.945269592,2.181267389069194e-07,270659429184.4823
8966398.385141611,2.129225603647575e-07,251460771969.0069
9331834.437394187,2.151084562140695e-07,259933369227.2838
8661315.394267986,2.145090399644417e-07,241705641551.0721
9359799.106479362,2.122168961648869e-07,263075187425.7279
10258881.0672888,2.116865242065648e-07,288827042767.4105
9733086.655612543,2.144028522941532e-07,271704533104.3603
10619389.83749176,1.512955857749042e-07,374009005379.3816
11041659.20605128,1.51513774647233e-07,388507666765.9768
11081129.14429124,1.483060452417556e-07,395498445011.4792
11174405.21614329,1.519314309971986e-07,392457527858.478
10970413.91480282,1.529355637057149e-07,383604790215.3357
11390528.8904896,1.48756075653282e-07,405720932322.8043
10456087.48977875,1.571810039306828e-07,359006658015.5398
10083214.24097507,1.615305679200357e-07,339961065349.815
9919485.222272493,1.603990824271655e-07,336011814906.8569
10938362.70928927,1.543639922896649e-07,380120815333.2865
10452341.74446771,1.584835600282454e-07,356908963665.4598
10736547.38863721,1.553655550579849e-07,371502281041.8939
11560050.57581805,2.140463026992685e-07,323063514875.6544
11345977.58653652,2.165641287001656e-07,314618488046.8689
12021423.67565642,2.160137530223854e-07,333914261726.3071
8818423.045384064,2.423211261569076e-07,226880276921.3061
8884555.299223538,2.450047511730244e-07,226909506148.0191
9093210.877651626,2.442352421849581e-07,232726073382.5509
9018493.96502262,2.262705327011766e-07,242874555882.3681
9226881.588847851,2.280499829175897e-07,247192288295.2637
9414339.737178678,2.233323425350291e-07,255753814143.5933
9241893.098290937,2.206688733647627e-07,253085281471.5508
9029502.039047468,2.234029391452566e-07,245247475397.747
9455445.621435659,2.164166163149782e-07,262314078299.5702
8448645.545793843,2.314502512642161e-07,224120707991.0783
8370279.521579286,2.341947290959662e-07,220303746928.6399
8474780.459046477,2.329211196256095e-07,223866552105.6015
8199182.554742259,2.43455167278551e-07,210292874886.7233
8144411.81379629,2.468317410293431e-07,206978731438.246
8568114.0892138,2.457509703484005e-07,218384467699.1875
8191793.875676416,2.356489504312241e-07,214718110164.4276
7665323.859087929,2.3900039393112e-07,199035906270.7882
8028036.351231305,2.39869164313819e-07,207950378699.0834
8937578.50421343,2.26614756974992e-07,240451640590.0942
8575647.268007174,2.318135589447604e-07,227251985502.1815
8666434.237241879,2.330720970852583e-07,228830331628.9572
8220317.804819205,2.313613205249577e-07,218119639786.7984
7712088.914557689,2.368676651555172e-07,201450419101.2053
8240135.822245241,2.335250156712563e-07,217292847081.9484
8899921.228265373,2.254874691060708e-07,240235889344.5275
8518587.017215801,2.285220967872667e-07,227902329275.9677
8538761.158878345,2.306743909026552e-07,227018862994.8478
8739719.443409145,2.333011273524939e-07,230614317443.4179
8979303.364704596,2.269825875889231e-07,241313128063.4198
8707522.050781982,2.334445055676993e-07,229670638874.906
9653096.608943701,2.173781925669767e-07,267007014251.2767
9397151.663680768,2.212062791669359e-07,256920013205.0921
9300073.384399373,2.213701420908669e-07,254140382707.2635
9309017.320224499,2.241202975110917e-07,252299493201.4261
9754338.510147693,2.235247708207709e-07,264838254925.3946
8769333.052390091,2.298123700662208e-07,233731706607.1612
6975254.965607031,2.486354378530421e-07,176407915407.7217
7030570.014438641,2.489107197164914e-07,177675741746.8837
7089129.401184641,2.476653918330017e-07,179755707233.4615
7863785.343679354,2.416400079587741e-07,202699381046.7293
7504845.623417689,2.407656256503344e-07,193915314185.7126
7538274.403850873,2.427128327247305e-07,193735905242.4182
7078896.987532784,2.501650760210858e-07,178298547621.5177
7114057.372441521,2.514665364144248e-07,178565366681.0378
6989814.414471363,2.496470521872034e-07,176298256271.3723
7056876.260956863,2.469856382944045e-07,179266044229.8643
7064615.519980123,2.490447243140115e-07,178472086210.2101
6975623.137673665,2.485270440798928e-07,176468518582.5977
7274090.796460026,2.492032461899944e-07,183686083426.4503
7047701.524833914,2.515919460135903e-07,176841020962.4427
7122340.306032396,2.501002838148553e-07,179423750600.5182
10583172.14746477,3.453517651309497e-07,215001459025.6401
10443826.96493596,3.342938023939147e-07,216824049387.7531
10190188.47525393,3.319928632831559e-07,212534637223.0449
10617874.46338867,3.455879764854767e-07,215608148467.9274
10626837.29948872,3.481758405008834e-07,214719560553.4179
10233036.0942016,3.348160080985378e-07,212226867185.1917
10243338.04722074,3.337170229071397e-07,212906668850.2998
10521379.75155744,3.419740479800961e-07,215151277874.7181
10138310.24522458,3.312047621023009e-07,211787925015.8227
9672827.682940202,3.132789073192698e-07,209700442797.8882
10030736.9176557,3.265430880922076e-07,211530263164.7114
9926807.582825862,3.240317762325165e-07,210418798355.8657
10767452.9257056,3.570656086670904e-07,213934569138.8336
10731775.14017549,3.63435139875411e-07,210727049795.5407
10860851.27813807,3.569416948030308e-07,215840205512.2858
10713412.63065314,3.50055370635237e-07,215693306879.2329
10706195.36095371,3.508013797945436e-07,215242305545.4679
10573209.82053783,3.389893792979502e-07,217478396802.7844
10063149.77153455,3.602529898118932e-07,198759947739.378
10140408.90233431,3.582566867149933e-07,201029255594.6092
10075430.63739797,3.614428454951319e-07,198565531437.8313
11298404.86310544,3.488981867031461e-07,227973652906.0685
11517576.08928923,3.597150742788456e-07,227713440380.7102
11856353.9022707,3.574010478477486e-07,235422123758.5292
11094093.70980138,3.332556667612665e-07,230802301211.284
10036038.99495989,3.169989610625998e-07,215869083424.164
10848116.33944356,3.355550361171418e-07,224652795207.4723
12873434.47652869,3.539957935203358e-07,257254132102.8454
11945838.11754512,3.446721078711374e-07,243003501635.2465
12257974.19052689,3.554262736983952e-07,244297496797.8627
11682423.15288912,3.285510492516454e-07,245356571240.12
10455105.59050388,3.121927557601458e-07,227185116276.461
11348370.92986249,3.3093286303071e-07,237195761832.496
9284295.810272686,3.097085749046655e-07,202821262929.0296
9386088.224722108,3.072160214980504e-07,206152556539.8065
9940204.482202375,3.244582474745555e-07,210518099054.8434
10060592.73302211,2.83063412328169e-07,233364295394.2533
10256467.62871674,2.890576598900332e-07,234607284112.3964
10053254.49482898,2.729626674186643e-07,238911932420.5974
11797494.70439549,3.638624458258926e-07,231471913294.2757
12194636.51100582,3.635147470463707e-07,239416551138.0372
12372785.48856378,3.634579088074705e-07,242939463351.2486
12179415.21741766,3.501483861208936e-07,245164932619.489
12164660.0067639,3.596781546761152e-07,240523363050.2139
11839584.58127595,3.579817037390825e-07,234834866087.0186
10631132.280655,3.11747515240564e-07,231230004821.1098
10041316.65777016,2.970042965638038e-07,225570433915.8209
10423101.61888828,3.205729301470519e-07,222525135423.245
9934803.040229198,2.641918036212949e-07,241293914130.2953
10015532.58571139,2.614048711123726e-07,244980545598.9468
9709522.512291977,2.669225409452975e-07,234211225258.8735
9575791.431118142,2.735920956798045e-07,227216037007.5605
9177926.357326027,2.684186368563398e-07,220564759296.9742
9623645.265048485,2.663750744352447e-07,232457671641.0833
9972917.317386249,3.075243189990468e-07,218895033579.2481
9619654.329062948,3.047626628234945e-07,212414891555.2245
9734684.407595318,2.890838515102189e-07,222658521886.6396
10767860.02132102,3.143142780288339e-07,232927086650.5648
10624516.60533041,3.247936273525474e-07,224855844299.6508
10512247.93723548,3.056729499110934e-07,231663487487.9642
9891911.148447417,3.280731412496638e-07,207953589973.61
9658610.940386461,3.145169530903037e-07,208842379455.096
10012582.06603355,3.172667284277337e-07,215243346281.1581
8947823.156162657,2.796018639204692e-07,209262150466.7629
8578316.267726533,2.749542615651169e-07,202874945905.8849
8845908.66108181,2.713336230031161e-07,211060376336.1085
9442999.008878417,2.996719797261799e-07,210868893656.3812
9263201.490693089,2.870578650819778e-07,212870171685.1319
9556971.140503064,2.839502636871164e-07,221220527556.328
9068934.656483619,2.935144858433908e-07,205338276661.8563
8632967.944703089,2.805156445253551e-07,201459956993.2075
9003637.622218858,2.851459252278732e-07,207829197505.8001
9572450.713328233,3.120403148732241e-07,208073130190.0842
10014312.49703874,3.250528572279933e-07,211828869057.174
9458104.938412232,3.077908623874873e-07,207475576459.6424
8059700.252065109,2.75592299832217e-07,190315504665.2802
7826029.059786445,2.677048496724278e-07,188410006108.3257
7893525.457488293,2.673186623759341e-07,190217948900.4641
9699536.452672498,2.721431498314549e-07,230968475681.5247
10105991.21807293,2.722171261800738e-07,240603507030.6634
9794889.124438202,2.79426586618396e-07,229168210696.0952
10465986.32228795,2.565518817016028e-07,259216928278.0724
10204890.13656294,2.588063387587592e-07,251280272429.4227
10123399.47558034,2.616113908167305e-07,247488643304.7148
10536725.17711763,2.531460353157454e-07,263304470467.2425
10316717.07782432,2.515908101844622e-07,258867982077.7085
10360972.60140442,2.517606107193445e-07,259861537083.7728
9702831.302234126,2.302648246970827e-07,258273638327.3023
9441899.590625379,2.286317533417065e-07,252523430019.9579
9897247.834758734,2.283470616672978e-07,264921675920.2979
9447548.068149995,2.322781958883007e-07,250023106801.5653
9111164.675621279,2.348989532611404e-07,239324140838.7217
8964239.322745666,2.321411973361062e-07,237325987078.2105
9267092.726976054,2.45105870673567e-07,236614324482.6579
9315942.89607415,2.434592161172135e-07,238932927828.913
9117816.317998132,2.425705109258629e-07,234422253742.4154
9448283.89792655,2.468497103808296e-07,240103147340.35
9808247.213837015,2.480390425869322e-07,248453263684.4428
9536012.816220719,2.467035052924806e-07,242428279464.3948
8656882.204996742,2.293837109426557e-07,231021886067.6745
9011532.789995316,2.288593768060661e-07,240853443569.4413
8787895.405784782,2.303582009388861e-07,233856310630.4858
8236377.2507165,2.308875977131227e-07,218844596035.0068
8463763.863873266,2.298907140755541e-07,225536023348.1391
8593313.015178841,2.308628698216906e-07,228344858918.9101
8127226.923035091,2.305675712337416e-07,216144191678.4107
8151688.881312409,2.295735212053429e-07,217420120596.1899
8353112.113884605,2.295681325404238e-07,222795924824.4031
9101633.794922292,2.875845261614221e-07,208901879764.4743
9694181.996702859,2.980840326753917e-07,217246119046.9358
10051193.47901695,3.013654291327424e-07,223608690795.6934
7733901.239104496,2.489306984963798e-07,195439788235.9698
7758635.498006245,2.569351617209527e-07,191971306804.976
7990241.094794277,2.523441654797636e-07,200092605127.8258
8015531.973514799,2.717794130560894e-07,191038682014.0049
8460808.536251158,2.843508024617438e-07,195663084298.6386
8457005.577349752,2.789719556657322e-07,198081045235.1606
7795824.480402831,2.589287697938143e-07,191900090983.6324
9550261.25059404,2.850297842009129e-07,220506682819.5932
8044191.512367307,2.634616183107216e-07,195736055194.6125
9257035.884624865,2.499545159179434e-07,233290984341.5713
9597333.915131917,2.501739544796675e-07,241725542141.6215
9364871.670844201,2.491365459444371e-07,236524901960.9034
8387356.175137944,2.486566162096501e-07,212108663009.0593
8952494.556404432,2.495733115708871e-07,225845775379.1078
9058546.877191737,2.487586963388433e-07,229019794867.1967
9098563.451850681,2.513533202571068e-07,228445747009.1985
9529569.565763913,2.507305112734004e-07,239663461294.6206
9190485.904426372,2.505088183414695e-07,231272038131.0274
7940333.651635944,2.519190875068282e-07,199066433405.1704
8551837.767272623,2.517178026777631e-07,214511295384.1536
8068848.624345049,2.511488731189888e-07,202701709821.495
9496240.509589041,2.526370293123431e-07,237622212211.9959
9606925.07403376,2.512627292895862e-07,241267609747.0441
9174152.967964543,2.518839843629573e-07,230020004470.1971
9118882.693492608,2.557005241468666e-07,226353501338.3968
9288295.380532337,2.539543438963818e-07,231614416299.8366
8637772.217034968,2.540277675161224e-07,215351360402.7422
10425373.06926998,2.523453352500301e-07,261072674205.7082
10574966.21754311,2.539346668489031e-07,263712667957.4129
10601668.7162022,2.53725905584037e-07,264523557633.8624
10055551.45160681,2.558950325404207e-07,249477464895.8802
10193652.95463009,2.541726411732257e-07,254044994672.5231
9788630.959413214,2.540136159617712e-07,244052891573.2982
10230763.95219539,2.561050590101764e-07,253685683897.5963
10489236.9634597,2.548251119376091e-07,260965089873.9569
10370059.34572571,2.543778014196098e-07,258302396486.1455
7781802.175675923,2.537321732890206e-07,194161518561.1279
7758005.001233945,2.537891937120076e-07,193538767592.299
7624960.430682114,2.564472343469189e-07,188903025812.1211
7716414.795092664,2.521886318987e-07,193314854961.2745
7816930.565339189,2.528035785638321e-07,195515312351.0833
7841429.965497861,2.53406337750783e-07,195816952031.6493
7967774.773579146,2.522992503767211e-07,199553680669.7089
7843738.196284849,2.527531989505086e-07,196211887541.0725
7867666.399536093,2.526959462696175e-07,196840180022.8662
10359074.33032685,2.654042518491597e-07,250831667465.465
10257218.44648722,2.598141598938083e-07,251915212236.5228
10492380.88066439,2.577645294877107e-07,259054979306.1717
9565990.249944715,2.552484598518447e-07,237732111129.1164
9936426.840204619,2.514398783650072e-07,249425470811.3353
10296979.2662598,2.53796152743467e-07,256873802913.8599
9474300.719753534,2.308597405311557e-07,251757082193.4267
8990299.188109191,2.307273417341888e-07,238987270890.2016
9216481.244147453,2.292269000233379e-07,246067782854.1984
10093031.6787686,2.334454708727571e-07,266214271995.6719
9896889.663213991,2.31934589091558e-07,262173252009.401
10219405.89269244,2.318809803305175e-07,270758581525.2327
9869641.132084996,2.343392566532584e-07,259659766982.3067
9335235.250312572,2.354526145713123e-07,244825277340.1445
9675692.590893796,2.328264028783708e-07,255658699967.9055
9307448.974033915,2.439506770967041e-07,238394361212.934
9345467.082920378,2.454504044214305e-07,238392091637.0303
8998606.500528743,2.446834129020689e-07,230023518010.9276
9142512.186619455,2.412344569025883e-07,235924288580.4739
9340905.458033571,2.421199550320019e-07,240455797972.7345
9366881.409979803,2.397537001180586e-07,242708401304.083
9346115.589162735,2.459048650937383e-07,238114805885.9847
9433369.99211444,2.457578999958386e-07,240433628316.6896
9395173.321878754,2.442559378364345e-07,240440732799.9352
8126460.601324251,2.343695377011653e-07,213780124295.2462
8152560.495064803,2.320033430852767e-07,215922484191.6204
8507694.763575792,2.319833343848382e-07,225341255187.9375
8820224.401109625,2.356487367941586e-07,231190272608.6203
8290651.226136375,2.352825215430774e-07,217534862797.9355
8675673.522641255,2.328929093884201e-07,229191772346.9117
7681929.124061792,2.403372087928414e-07,198726730361.093
7701247.281257055,2.421899797363908e-07,198209114463.4082
7902391.047255971,2.352446746755812e-07,207369708024.0801
7585654.392294223,2.407262263926615e-07,196024691981.6215
7646659.708215201,2.405596927040053e-07,197692346719.8732
7840980.812910355,2.378315494221302e-07,204263489885.8546
7969827.32850829,2.396029425108576e-07,206595479287.3068
7665499.680769987,2.404857964946713e-07,198220020036.4451
7922155.252785019,2.375921162801775e-07,206516773794.7834
7537926.440072088,2.455956601194703e-07,192207989593.4125
7362033.018204658,2.482195951970537e-07,186397629760.7339
7468670.145699707,2.43811183906538e-07,191370149873.367
7575475.291384988,2.583521867934384e-07,186753374545.9944
7772336.85080003,2.63013555429512e-07,189335852648.3017
7705361.70705827,2.63394586928987e-07,187523255219.1287
7465775.55376319,2.431611179195937e-07,191636769807.8522
7359159.16695665,2.475726122994323e-07,186649342036.9699
7526297.874614589,2.429965775087116e-07,193277499440.773
7596218.170229908,2.472767640026347e-07,192815476707.3142
7702112.655058771,2.505309613539754e-07,193806763893.3333
7419641.948489601,2.498950729690075e-07,187015593108.6216
9423008.645511042,2.47235024095758e-07,239211980496.0783
9434646.321906006,2.482450124290806e-07,238857346416.2121
9782494.670731472,2.484246300810289e-07,247544445237.128
9135870.685001867,2.529078037157261e-07,228441563328.4502
8820006.877689652,2.521571978454647e-07,220980869137.5331
8198812.537134152,2.523559395109807e-07,205309290717.8297
10017515.24238478,2.495225526117865e-07,252747465257.1484
9901616.638643056,2.503810102257089e-07,249251922153.534
10120891.07598312,2.505895366458258e-07,254630327612.9343
9865331.474009762,2.491073071677251e-07,249184316157.5985
9516000.161931902,2.48924429700118e-07,240478410982.6692
9750319.162760291,2.499625187583325e-07,245717207170.2175
8994450.683057833,2.466063379568248e-07,228720533570.5595
9238141.933387283,2.477891838769268e-07,234169179129.1355
9226626.126802502,2.467806642278421e-07,234514033845.4971
10230018.66644275,2.532168409249615e-07,255592458424.6852
10200414.97845233,2.520706467656453e-07,255624802518.5421
9824267.543341016,2.530640380588699e-07,245553743063.2623
11017371.25473064,1.932926565408098e-07,329559939356.6776
11567431.44158888,1.908275089587897e-07,348987292459.0527
11850928.11515616,1.923476301918021e-07,355654087052.7629
9398052.852456234,2.019797521671434e-07,273002103347.4429
10186300.16936276,1.970350102247453e-07,300829809915.0457
9858124.255816922,1.999179299686348e-07,288332185395.7401
9932685.762558607,1.949662970979505e-07,295411229675.1983
10595028.88231149,1.923285135556109e-07,317984800578.6912
10444814.92682258,1.941168640702286e-07,311548193889.2059
8956211.7937342,2.039647073424657e-07,258476464122.2388
8574749.124914031,2.06994372290574e-07,245046815943.4953
9232114.841278234,1.998664869434005e-07,270068881353.9805
8880599.131844696,2.053261473120727e-07,255160098459.7981
9076560.984335728,2.040547891508153e-07,261872645297.5576
9528789.609225122,2.019906978572707e-07,276789848714.922
8484803.238496318,2.074504394171899e-07,242120857203.4679
7942332.114929477,2.104917133830871e-07,224452634864.2447
8676372.545787992,2.0618157833261e-07,248602190818.3673
10183158.91396647,2.922271150244689e-07,231243134455.3558
10888512.39552602,2.996543598927524e-07,243157768551.4358
12140674.3517629,3.030176761371053e-07,269110618715.1355
7981249.903313191,2.632971214575603e-07,194285401240.2495
8958087.387750903,2.789792230339386e-07,209813802414.4667
8812063.523752043,2.731474679138087e-07,209321015609.7457
8406648.198361231,2.696948407187388e-07,201391489726.2339
9944835.641708314,2.913114052710746e-07,226304201897.8097
9271263.585391454,2.838836693303752e-07,214640656681.1165
6770874.950312402,2.337463054495546e-07,178435648195.1291
6861748.626578286,2.295850723803403e-07,183008968351.7233
7068766.518053897,2.311936825564658e-07,187654793234.7148
7316145.468353642,2.521251840739102e-07,183317888597.3113
6932016.068111041,2.427153035080422e-07,178153675762.2291
7438057.87754626,2.536448793054911e-07,185627430907.4911
6345131.307048044,2.319439518109593e-07,168080982878.0164
6679918.167039479,2.297699766141454e-07,178063793785.6128
6590260.651995053,2.339366997511784e-07,173581599471.9922
7298771.613409161,2.49643846736062e-07,184092401714.4194
6585450.393223914,2.392078575155738e-07,170897294920.5499
7216607.102764681,2.506380204068379e-07,181538368022.9942
6693708.825246541,2.272843787261506e-07,179729938190.3101
6737281.55875749,2.251719459955212e-07,182029528144.7159
6376549.845527867,2.296959975887493e-07,170013525698.6235
7452258.023997652,2.313387623388674e-07,197752634577.7942
7879136.74737276,2.305189077223886e-07,209575705083.4287
7675340.837189148,2.335231357581218e-07,202400257660.6263
7473542.875031685,2.252734957069998e-07,201861330530.4669
7443282.180054788,2.268999633758524e-07,200082082902.6495
7074195.781444712,2.270327327328685e-07,190086565472.3278
10938926.85734454,2.234421684824695e-07,297073988300.3638
10723763.2941246,2.24544730502018e-07,290276564250.0066
10523319.05262061,2.247196943729531e-07,284702958913.8771
8907988.291866474,2.282481617464464e-07,238510834475.136
8555401.610434646,2.287741496612907e-07,228719100634.1814
8382493.829079547,2.279168926495179e-07,224658177918.4234
9758537.995515659,2.256787927417348e-07,263263665695.9634
10153250.60014352,2.256243081036287e-07,273956229615.9559
10052100.76386731,2.268286230239182e-07,270266113115.4059
9790022.427910194,2.235180506283747e-07,265812430158.9527
9468395.831063993,2.249647277014801e-07,255976513018.5643
8964456.087483134,2.253632812976492e-07,242066768515.5388
10095997.57386927,2.23367267281678e-07,274243420410.459
10164270.85260915,2.247588657612695e-07,274957144073.6265
9769341.974440392,2.248138017241534e-07,264230734738.0703
7886402.87768419,2.443158968344812e-07,201795344162.1699
8122823.297476859,2.416505562532925e-07,209370331007.8846
8467311.476477653,2.439886731526339e-07,216853161982.9282
8748348.304548807,2.546446404388456e-07,217755787084.3466
8999048.585602222,2.57034056949755e-07,222605632643.3183
8632310.552030809,2.594666554222458e-07,212197055611.0828
9228185.665770825,2.469525845579448e-07,234444801086.2761
8843724.926905239,2.499737826236256e-07,222863485225.7601
8883529.07113657,2.461891758058772e-07,226155016185.0023
9329350.574031582,2.402938075917343e-07,241373558796.7096
9303426.750171775,2.426606341044347e-07,239135135472.2527
8994651.580209227,2.433959526448394e-07,230732502756.8631
9916448.906000603,2.485221526983723e-07,250868485128.9458
9876657.729239635,2.48776676023134e-07,249691387826.1252
9642706.4845131,2.471844301984717e-07,244822619073.1562
8526702.09761361,2.649330485126535e-07,206707863799.5573
8740285.349006902,2.676694454384972e-07,210439088534.9977
8474307.63259697,2.712836673339592e-07,202218923331.4125
7942782.54666726,2.556010635307245e-07,197210893975.0602
8262027.818328081,2.606456368833038e-07,202481964929.2455
7956814.130339772,2.619026988037816e-07,194377457588.0726
9032406.357197149,2.595575589769524e-07,221980255520.6619
8880279.664137343,2.647513877596016e-07,215377904033.4905
8664982.174714927,2.619979709876844e-07,211626015434.6657
9420993.064712245,2.477376271218377e-07,238837235179.4708
9652255.276903551,2.493241612101275e-07,243660924819.7096
9032494.252733571,2.50748794572859e-07,227151246640.374
10271234.58505327,2.561154455926487e-07,254682322316.9844
9835461.580884745,2.607235218932407e-07,240994947132.0399
9541176.787330536,2.575709772557433e-07,235687921131.3348
7356882.850211304,2.497995046777151e-07,185481012752.8826
7456606.67488325,2.520743133172595e-07,186862507975.7786
7523995.851544924,2.452260617015611e-07,192045498459.4117
7518841.955741269,2.511687678181027e-07,188874734182.3101
7605709.024405461,2.461709855312572e-07,193634080168.9353
7586511.142878252,2.443182244315618e-07,194120555022.4236
8301018.647356436,2.741012433020289e-07,196724017873.054
7845431.818071375,2.648791335874711e-07,190218033544.043
7863690.238842814,2.669130806041038e-07,189690898022.5331
8566450.85199617,2.776357722182463e-07,201287734833.057
8922358.940384058,2.810723891268004e-07,207938177786.0924
8103535.474440495,2.683848417935896e-07,194761247940.4854
11733954.0083885,3.05362678882792e-07,258761947074.9319
10494197.39491696,2.962919174236698e-07,236121767772.4392
10019249.2514348,2.922251421113369e-07,227522034115.861
7735514.680544565,2.362248804677209e-07,202428717089.0043
7915960.514418383,2.342151313631815e-07,208334080355.9562
7714643.01439355,2.411621129979461e-07,199117660442.3597
8443458.837762987,2.612720825029271e-07,206597495575.1727
7928533.735275903,2.43829083407881e-07,203143317718.1581
8166579.055366816,2.521843498215777e-07,204594874505.5627
8012882.906797081,2.286503374664186e-07,214292792986.4397
7744458.240147869,2.277261625498406e-07,207674141459.7617
8043204.005707569,2.277881554834039e-07,215646125147.2611
7810407.958764264,2.33578743677645e-07,205929314288.6923
8015977.505942956,2.305766420717444e-07,213179914179.0962
7991720.180355313,2.315686713180447e-07,211927378833.0341
7431748.031436061,2.300290484714331e-07,197956236328.7253
7592250.726601225,2.282862624946079e-07,203259423694.601
7858047.110655721,2.292104445869781e-07,209809440586.5283
7266926.359407689,2.435558555520096e-07,186330968940.6713
7301173.354784344,2.345955356316288e-07,191946190869.7926
7521999.994495858,2.367796019253189e-07,196533748720.8378
7160568.739663029,2.481591739465053e-07,181326228419.0532
7398682.495585348,2.526495646509641e-07,185129383295.8241
6894005.5211911,2.417500717321175e-07,177648094082.0292
6828026.983890764,2.372719361096059e-07,178154848429.262
7127159.637047471,2.347154712733587e-07,187307575192.92
7093323.701111052,2.436822756936009e-07,181816719667.8304
7753520.275005729,2.39679540630555e-07,200945499748.2683
7732624.315576829,2.446158588627616e-07,197698710981.2235
7988943.181114345,2.480295240770029e-07,202373547991.8019
8200660.615006619,2.280942791575042e-07,219670924127.1039
8371692.379913814,2.289499543518592e-07,223693254203.2561
8170043.887397991,2.289550497524881e-07,218301928192.8727
8025111.195159655,2.259388572226625e-07,216333498400.7854
8046265.980098044,2.271106793752339e-07,216157021303.9234
7747462.817038831,2.270480238592648e-07,208168182145.9859
8580696.738293476,2.266919245110749e-07,230797900385.0447
8914437.470893934,2.277274452200087e-07,239047217939.8698
8388749.928775461,2.273964427063101e-07,225168760503.1308
14076463.6097372,3.139908490890295e-07,304706861856.9353
13133888.04934558,3.13671648910854e-07,284496197105.6419
13292271.46274683,3.159829222292922e-07,286521221964.0403
13263606.31210082,3.170295491535114e-07,285273738800.5856
13020098.63189567,3.178738819113929e-07,279540267945.8739
14046964.55967521,3.150425005338466e-07,303391253375.7634
11973141.40885108,3.180918593213632e-07,256944746183.9866
12765950.97714367,3.170084196640683e-07,274582364759.6475
12610744.39869932,3.146977197199754e-07,272570170539.5453
11710455.1791368,3.308838425678286e-07,244787969073.0261
11974875.35003469,3.374303903678458e-07,247067073943.2874
11783947.01959936,3.301128003811547e-07,246707605477.6103
11779537.94574961,3.207876882365943e-07,251371745576.7554
11825363.50099328,3.254778581718776e-07,249919532505.3741
12566014.75154131,3.197028641020637e-07,268761184967.1438
11640475.892244,3.234257284866878e-07,247051612227.6261
11996397.31527213,3.302572993288407e-07,251082180084.1707
11686030.41345734,3.281160495224733e-07,245649204954.8828
12607146.61763183,3.210070694597657e-07,268910074078.1429
11865265.79118839,3.267783584185486e-07,250097075504.3718
11939241.05545591,3.260065913799398e-07,252053345849.0846
8266344.571054597,2.126048604258153e-07,232058801561.9173
8699399.791752728,2.122968185951036e-07,244452021202.5702
8398933.068788702,2.138831844625373e-07,234840516012.4728
10723538.34618856,1.950751361451735e-07,318813593149.8239
11546108.64098676,1.941289590985504e-07,344383304534.8967
10386749.48447001,1.979560330622827e-07,305797428456.6985
6914880.275855962,2.216343119903092e-07,188810728479.3762
7340160.749020385,2.159062612294292e-07,203952365334.0769
7204471.333372025,2.190849425704379e-07,198241129853.3315
7785889.978360071,2.215173346878272e-07,212668475358.1795
7921324.691420252,2.149166768534778e-07,220775598482.8909
7139047.264734113,2.219296384579211e-07,194758634146.9672
9192018.695480509,2.029831481459687e-07,266136378641.4758
9291674.595916627,1.996211333630582e-07,272033870444.3695
8632152.744824858,2.067489489039934e-07,246882463880.0983
8905076.856210101,2.115412953553736e-07,250826970321.4381
9095124.379223308,2.059630964571516e-07,260784855822.0639
8538263.534984224,2.097325658448101e-07,241875738626.1158
9621821.705947595,1.972105024750858e-07,283990586957.5871
10125974.61324242,1.96357733500695e-07,299735484607.411
9340111.912121546,2.013036628091224e-07,271926142457.6328
10969923.92960144,1.988532470948627e-07,321994527991.0541
10447114.08362793,1.989006836986656e-07,306600001962.2557
11609748.30642689,1.950732998483302e-07,345163012589.2686
7454232.579504249,2.28637720731023e-07,199359843644.4427
7668804.154085878,2.249489434472169e-07,207334548391.6125
7026949.385971857,2.253582041929635e-07,189751219871.8033
8073628.074483116,2.114875032719287e-07,227446329298.9335
7796244.228519514,2.118177330329864e-07,219403671987.1899
8333785.985777014,2.087774548324626e-07,236802678735.7751
9384095.045585509,2.800279818281796e-07,219242516098.6383
9534764.765316375,2.858536624552115e-07,219725675846.3386
10268504.37136194,2.907905296567443e-07,233948547588.1725
7781187.809766876,2.567699754458356e-07,192611880507.5236
7696343.827273319,2.577448004694831e-07,190031028647.2999
8512564.321368914,2.67595438414702e-07,204994056353.3707
7012587.640181752,2.281554969985902e-07,187812435295.2262
7380083.842353438,2.280225147163545e-07,197731627850.5067
7221851.741235145,2.297654503204357e-07,192512419386.5122
7061257.941381544,2.478086985644028e-07,178979948280.2129
6437087.779121211,2.364355784043846e-07,168350423056.5215
6683970.22527303,2.384206256538006e-07,173835561370.0748
7176397.027528236,2.211964359127762e-07,196209956266.0966
7475698.581220548,2.179479695330513e-07,206419108228.7765
7809191.828537916,2.19137932360875e-07,214846220478.998
6961772.172686639,2.262936412217666e-07,187472788683.7663
6987362.363926568,2.239448956679956e-07,189475249480.8812
7357977.068455746,2.245347837914598e-07,199175543304.122
6878549.832700733,2.251660451107216e-07,185849596018.545
7113410.740854722,2.212222417257849e-07,194472722349.4598
6922719.111872465,2.230531410102832e-07,188222331345.0371
8573332.545670601,2.085660489527133e-07,243773930806.9947
8743600.70646329,2.109675551982631e-07,246725025827.7405
8309432.695784445,2.11275453903491e-07,234245907577.1219
7577984.491771791,2.151825768692702e-07,211032321334.4951
7610268.890772155,2.13419686923059e-07,213096843197.5588
7884353.434329065,2.130889033678951e-07,220999959817.4672
8790729.450755881,2.513697441031751e-07,220707070065.1576
8881087.446857689,2.505269522418384e-07,223475461566.1368
8300943.368591904,2.508008718300279e-07,208725137789.1104
8774380.295462381,2.428546698993399e-07,225416385039.1003
8423636.994548859,2.405094132394535e-07,217810221853.5192
9104993.304941576,2.397561651679117e-07,235920913812.3475
9607006.904792186,2.511237374508907e-07,241358681836.1675
9242821.380963828,2.549541680076816e-07,229877509228.6234
8988724.389062205,2.52556739525377e-07,224970421946.8779
10146438.61849054,2.50386827840619e-07,255410833112.7597
10002887.66694783,2.495762645599005e-07,252342192115.1175
10042932.05983031,2.4932192420028e-07,253524661411.2574
10253655.64654203,2.51261903320821e-07,257510118117.2016
10472993.86263233,2.528156297090504e-07,261939846859.1192
10109345.54474205,2.504469130389823e-07,254436406129.3351
8621616.326502971,2.841399951931183e-07,199480499217.8485
9057299.845722537,2.97142172482367e-07,203402310854.4105
8957311.087497797,2.996397966290767e-07,200037458633.7684
8081049.180025209,2.535769272723245e-07,201710230896.3856
8517525.454427052,2.537783939371837e-07,212492534735.9023
8403033.891809506,2.586123408675062e-07,207015700702.5528
7458977.244835932,2.530822585394129e-07,186425284519.8401
7742188.737394444,2.537063661530389e-07,193186234557.1016
7756042.083920736,2.600154983886585e-07,190388480073.8401
7844076.526781735,2.46290426869779e-07,199638118272.8712
8423451.891814925,2.459621671235646e-07,214574392982.9541
7951678.837852528,2.495479982259146e-07,200611628751.2955
9856830.626990035,2.785316760679553e-07,231111150197.4889
10002137.21258332,2.718113256569883e-07,238367902853.2241
10204835.64222415,2.879053736565295e-07,234048664386.4073
8045623.26958772,2.657139351237658e-07,194663027023.7173
8352519.552512225,2.644419372405657e-07,202735878949.3685
8300663.831900725,2.708111354947281e-07,198305676919.1569
9806553.40711562,2.658492970256858e-07,237188003974.9914
9902827.166134542,2.662888564455325e-07,239252896531.2543
9758246.391802279,2.730403134334246e-07,231857205491.5211
9252192.485661106,2.597967449528311e-07,227242132309.6348
9542020.451022537,2.629261129224317e-07,232497272514.5822
9098218.250310315,2.649702262579016e-07,220542164621.2376
10405438.45164324,2.573346047896787e-07,257194448647.7551
10063852.2666941,2.623861092066294e-07,245548353552.3467
9966797.02937353,2.619224027828552e-07,243467231106.6911
9193146.802254155,2.451888918560261e-07,234673293291.7601
8983341.141046772,2.459582558609646e-07,228839130591.3978
9215374.067984918,2.461295949945823e-07,234640915230.1247
9094326.770849291,2.428063546215866e-07,233666895790.0274
9221150.478829768,2.444007304706146e-07,235893935651.9239
9243411.552155545,2.453405977383526e-07,235859121844.3553
8994930.890523806,2.418557792853743e-07,231718220459.2966
8845850.491052439,2.415350641341564e-07,228079439366.0931
9121062.044601673,2.434478071468505e-07,233941982151.7004
12599454.20098227,1.660014218454023e-07,417135540233.305
14034350.81243755,1.710241022575968e-07,455499021811.6902
13864287.69475438,1.755949323391618e-07,442136371785.8363
12197152.25455828,1.618667210929545e-07,410664093743.6032
12214763.55917396,1.590583651248507e-07,416083718396.9907
13609577.36709956,1.66890730441058e-07,448976036590.9516
11736785.71819339,1.581319883420073e-07,401361786500.0693
11716548.69545822,1.519545019718564e-07,411456556863.7429
11754061.58857798,1.553207159626335e-07,406788224591.2256
11321716.98374763,1.562570463951848e-07,390258664238.1006
10137386.94070658,1.478977355026086e-07,362480799761.2051
11301841.17655053,1.500919217572233e-07,400169809988.2172
9823958.49509174,1.428259321537999e-07,359541043202.7642
10393308.98523761,1.397289590262033e-07,385978300602.7515
10593053.25697943,1.411034504451513e-07,390837355884.6083
10334683.80029346,1.997474001049108e-07,302442697789.8809
10459261.26746259,1.986852253823525e-07,307178368474.9863
10373775.79603763,2.027486018238316e-07,300583367454.818
11073797.77897688,2.069073396167195e-07,316552677110.2745
10485768.77886683,2.018031493771734e-07,304776621456.0999
10525145.21626931,2.048045164846467e-07,302924972200.0115
11016492.69961013,1.953327015890039e-07,327235224764.0717
11244143.75965846,1.880154955360435e-07,342607837582.5258
10896592.99635978,1.903473340112805e-07,329300859307.207
10891860.65126175,2.008750382448519e-07,317554370836.6821
10914306.85554259,2.005452676827196e-07,318557534136.2657
10737409.22137561,2.035555809381771e-07,310296942128.2933
10822943.98854547,1.977151375355457e-07,318898245651.8113
10704105.10553237,1.927338012073673e-07,320807938812.2809
10472247.33215666,1.975495542519868e-07,308737361313.5151
11307996.63245416,1.844078213378796e-07,349032696532.2922
11270393.83301694,1.809115025299733e-07,352339747341.53
10959452.70146298,1.867429237544619e-07,335448687748.9792
8614183.493968951,2.067688027305889e-07,246352766245.1482
7882836.690643099,2.110798536410375e-07,222357273291.4009
8240155.581477179,2.098007153099035e-07,233380250642.578
