8108950.628944678,3.230482866279751e-06,37106759396.74345
8592073.161758386,3.142605017506235e-06,40047133299.19064
7804957.80199488,3.20515343022399e-06,35903601094.31699
8835089.292263202,4.212726652283416e-06,33871577450.17052
8402507.176685032,4.122179771849414e-06,32683177572.22395
8740826.601543026,4.115139316370362e-06,34037904055.69798
5238427.355722385,3.99497809035343e-06,20806130801.93164
5263355.652185548,4.042179913536746e-06,20742079307.56136
5271783.869677149,4.051951485353607e-06,20741879442.93515
4918180.024885605,3.863478099383891e-06,19974938542.00238
5131010.801364663,3.917367282053285e-06,20647781752.23613
5083229.285217333,3.842403041071868e-06,20720699921.34618
4901093.323748079,3.887711902211328e-06,19822735649.98018
5013922.526402059,3.939000582763993e-06,20102662852.84401
5113557.989925118,3.941454858326365e-06,20493626370.74694
5193642.057402027,3.975167743950457e-06,20696728781.96968
5093225.600162863,3.972512797597879e-06,20305610125.43581
5218463.69115254,4.022250648146426e-06,20633041223.42643
4990095.762849613,3.682953283593574e-06,20924001380.67541
4883510.834572127,3.804965516793153e-06,20036952658.91789
5047982.14307121,3.78371995611219e-06,20789233934.69255
4855507.380062109,3.786504985596558e-06,19986753820.4309
4894882.924660762,3.779967566435868e-06,20172060400.83554
4826518.650309025,3.824963886644791e-06,19734029024.45873
5474056.865893224,3.945416860973273e-06,21923709585.0554
5787833.660757763,4.022937105251294e-06,22881643380.65155
5258947.681935944,3.966871229079456e-06,20986182653.30293
6545498.407611964,4.002033495439678e-06,25967027751.49678
6232019.092720614,3.984532057248294e-06,24795748631.88202
5999512.757869373,3.903030440634022e-06,24201819757.58498
6244200.795027875,4.271169877843404e-06,23719869585.00922
6748908.594277179,4.408838914784888e-06,25100597441.19668
6252853.926861078,4.377003636175143e-06,23368294199.41319
5268176.14503386,4.034715498937304e-06,20786674225.60924
5797285.251975725,4.152638094337622e-06,22439264321.25824
5511990.19754079,4.156390147229728e-06,21322145312.73624
6301049.870268531,4.148105446691418e-06,24406924535.85867
6994733.626473377,4.329425278876047e-06,26332030407.78777
6300810.500650887,4.209933565131424e-06,24166453620.97114
5246304.62604577,3.293701802301043e-06,23699034468.57679
5415442.043065147,3.103798957669502e-06,25451000354.8012
5098519.837281186,3.200997254736335e-06,23474007856.69529
4937322.132507346,3.683060848086447e-06,20702312858.6925
5131071.989226515,3.489722353465934e-06,22302190663.26826
5002469.733771736,3.598972804149645e-06,21300939545.35941
5224925.520314429,3.432884427420736e-06,22960110950.42572
5544221.751765556,3.215149763097215e-06,25451093952.45459
5578136.782382623,3.126488624099051e-06,26088629046.34702
5366562.275362901,3.645348315620918e-06,22657056390.74477
5216141.315679641,3.661127726550323e-06,21958673188.31234
5240688.230709055,3.616431971707078e-06,22243414635.72572
5680475.094645824,3.612107702102701e-06,24129270899.83019
5482416.355935261,3.633091375181312e-06,23198209556.15252
5355182.854145176,3.604178799786255e-06,22780858474.20688
4898245.589327647,3.646838646206838e-06,20674238583.75827
4945821.564077389,3.573658798258181e-06,21159060827.59073
5043429.611449075,3.595640410638084e-06,21488616842.5142
4922904.30459679,3.492001923847173e-06,21388077256.25045
4894622.437082922,3.361741101997922e-06,21811038984.16375
4931884.587608233,3.472611709572706e-06,21506781428.63232
5627352.529076469,3.781171045982176e-06,23185683698.97556
5608310.787352759,3.818964339528731e-06,22954526405.57693
5182903.075581487,3.784673873352585e-06,21341295495.40701
5778995.99802036,3.641270423059676e-06,24416520326.86292
5742947.955026265,3.721106846228965e-06,23915903202.39535
5579211.926579782,3.662322280891502e-06,23482003709.16766
6700138.96649952,3.866649454057726e-06,27197392965.34734
6844353.530433232,3.930152102075786e-06,27482708302.9311
6171119.174020235,3.81977130078096e-06,25254514609.26086
4943883.736941174,3.655200868078361e-06,20835027769.64596
5089737.620935251,3.60398855758163e-06,21652420820.75138
5130526.272312928,3.607004752855617e-06,21813772165.73785
5993055.513033403,3.816752993911149e-06,24538740273.34605
6656759.114604066,3.927111609579458e-06,26743239403.81662
5973404.263789079,3.854565062048699e-06,24298063005.65479
8119535.259885225,1.72697646340551e-06,56407938259.32222
7947607.223424975,1.754822803566593e-06,54627863588.28873
8043135.271407761,1.769508733595482e-06,54978164007.4816
8318904.520893773,1.703403067512217e-06,58324969869.0304
8406753.103256209,1.684986770391467e-06,59369578089.86185
7998309.585117199,1.7487373972241e-06,55103833302.70377
7773033.331210859,1.774984337755215e-06,53022578834.7259
7930579.71809944,1.729552525935202e-06,55040507677.76231
8177119.650085557,1.71721278649215e-06,57023115740.74141
6876077.675575896,1.890111543312161e-06,44979623694.62425
7138169.792731377,1.878714343915759e-06,46882745880.08253
7200539.163254441,1.850102471303461e-06,47778718229.50652
7780358.263544218,1.79335336022208e-06,52709514366.74477
7836597.975902081,1.761825821735817e-06,53722010053.18403
7825471.122025945,1.737967912342201e-06,54135562932.22214
7358109.453214035,1.86180714299783e-06,48619420965.82074
7628905.588520821,1.830146121626147e-06,50988440575.49591
7550422.600024204,1.823932654191439e-06,50578435804.41973
7986444.073495103,1.857176378516421e-06,52858887763.40709
8477574.365424545,1.833134010080311e-06,56599005222.28906
8121631.559603265,1.811173656178211e-06,54660032877.55439
8452916.872654974,1.609761844467796e-06,61541136450.7024
8757366.561230661,1.601188954959113e-06,63985043780.87156
8480165.696986141,1.658933758383358e-06,60513412085.5931
8864738.030918589,1.519240028907712e-06,67078237493.4225
8861904.023851106,1.514300487735206e-06,67202536807.20812
8917662.307731023,1.554662020846326e-06,66449802792.80066
7420127.118998022,1.829465117542092e-06,49605358204.43031
7433191.566673629,1.864290545566638e-06,49071906077.38573
7143182.453108211,1.853272417453835e-06,47344067651.04998
7389575.335633584,1.873649141268049e-06,48621382359.10757
7678321.392543353,1.871709846667442e-06,50556143329.69688
7660944.637514527,1.842338868882788e-06,50976417853.36932
7352907.50716696,1.833673123727191e-06,49080746166.64427
7289880.274142948,1.862646855913459e-06,48154112154.37249
7481305.482473933,1.824935736059818e-06,50097071366.81535
7058465.014346689,1.935410627423158e-06,45449403267.70683
7525214.417276676,1.894771926838659e-06,49145178617.21102
7239389.402790863,1.89707512129768e-06,47240257036.43707
6796800.092970368,1.912427805771511e-06,44114476545.86781
6878769.896551343,1.939900595473297e-06,44223977231.6693
7057391.107737463,1.901364495299757e-06,45983349128.59921
6867439.820801428,1.878868250857926e-06,45102156807.50893
6736588.950735139,1.917654650250732e-06,43644191231.15193
6731009.656341831,1.903747737517606e-06,43820158771.84657
7158834.450130945,1.845791450830297e-06,47575924096.49546
6972802.788916141,1.860842437924764e-06,46089392205.93134
6835324.795340003,1.885817631253201e-06,44780887308.68765
7581358.973676325,1.801350213148852e-06,51209235294.4915
7456999.484821612,1.813695312062978e-06,50140411373.89185
7179361.03472958,1.837590956605411e-06,47854182006.4801
6430193.793047304,2.042879764624677e-06,39938847103.06904
6406561.500898863,2.0608991103569e-06,39559777936.41045
6441695.243394524,2.01441093390369e-06,40386367648.43713
6573518.111476749,2.019131662837518e-06,41148572264.09779
6704689.759235584,1.963484872263156e-06,42758944927.88082
6866232.46847901,1.992568021612261e-06,43362042663.74937
8059851.383265353,1.76409100342298e-06,55205164768.0339
7676442.744419808,1.795344198138182e-06,51967066267.85287
7802611.269335554,1.782825274997021e-06,53068170488.95676
8132911.516895361,1.820967360275501e-06,54539515187.3772
8534441.857002312,1.802851768977815e-06,57614939532.81409
8774635.309978295,1.810800989152542e-06,59062967041.97937
7607347.807007928,1.877576282904296e-06,49984445515.99625
7736861.869988471,1.85296049402524e-06,51284650857.49387
7694594.625697852,1.896148359831459e-06,50227034231.86984
7951971.8477323,1.800316595222205e-06,53733142950.13993
8327884.662191958,1.800237323702898e-06,56274916687.30299
7931302.055414752,1.818335906327594e-06,53238819051.93933
8214947.823136504,1.757543188647392e-06,56407147592.73455
8376156.139206485,1.75653051900664e-06,57536172060.9562
7872077.874610341,1.788537479619575e-06,53426577156.12294
8498250.700089652,1.736130859709225e-06,58831226275.22697
9010406.724229727,1.7036012901989e-06,63168285326.67547
8662201.800893195,1.735475999960506e-06,59981302054.07375
5436579.225910201,2.324655948512607e-06,30980369790.2448
5445044.357771667,2.330502161733207e-06,30976695165.73175
5107425.651079154,2.383952480407111e-06,28620045757.61235
6921281.093110563,1.997720814557958e-06,43634495375.63498
7327151.379373848,1.961713578292669e-06,46756798353.69785
6956686.962721423,1.968983939274625e-06,44283405551.37576
5257802.268178212,2.410141892411967e-06,29248875578.22169
5349864.870350907,2.375095401612171e-06,30053065182.30326
5317065.094895372,2.356205828077874e-06,30028236430.21909
5014688.627702336,2.40959858389857e-06,27900640447.30148
5173727.59082146,2.418823460886736e-06,28712264325.53611
5232516.021191597,2.364756939412111e-06,29479462519.10592
5012033.004138846,2.483012463085152e-06,27333462871.25344
5054047.401093804,2.468775270917835e-06,27668456880.29287
5137451.290583905,2.454251180791654e-06,28235904965.66097
7349135.429441285,2.007187764095905e-06,46186060138.55906
7825947.793588246,1.956652483681072e-06,50025850482.0611
7821930.51410151,1.954596599684648e-06,50035225450.06654
8553400.15263423,1.68229467794326e-06,60469643660.79212
8343564.960539249,1.712757213778012e-06,58284684241.55701
8688358.832759153,1.718523215426151e-06,60557436191.62309
9519245.40032796,1.585708794126238e-06,70003577175.81979
8931573.857984403,1.63533659498266e-06,64346247288.53466
9428393.199815856,1.61181172497741e-06,68584842477.16581
8950535.823865572,1.626391823918539e-06,64719066864.04263
8570868.720615923,1.66161128654472e-06,61094936924.07126
8651036.652348367,1.653686584720133e-06,61863243041.63833
8679740.013947167,1.613945519054102e-06,63083261159.39343
8578006.80571962,1.6516869938609e-06,61390507060.72587
8957830.262578633,1.616445758965507e-06,65037235330.94566
6769633.346430594,1.97597931580484e-06,42990934397.46458
6574433.989690302,1.989540878507165e-06,41561363912.27421
6734707.333785465,2.004645666701734e-06,42360425569.89237
5584587.142498498,2.288355593130485e-06,32159458769.92157
5473758.66103511,2.303013452825771e-06,31387350860.24479
5815070.529805209,2.231162540681506e-06,34056565348.79869
7588474.576103045,1.85969547427788e-06,50179530548.52513
7618810.406705392,1.824803326306406e-06,51020313602.51949
7717828.560672095,1.835174689444469e-06,51488493690.3937
6481210.252908639,2.018497759482967e-06,40579241894.21763
6492757.218401723,1.989919275900423e-06,41039827289.6731
6611462.228568983,1.962797152151339e-06,42174237722.86214
7668661.660237527,1.810622890696854e-06,51621930225.51634
7788458.22542526,1.802892740900121e-06,52578101617.53451
7768002.188802182,1.820991206483259e-06,52091969011.84534
7528051.528824659,1.821514971051173e-06,50473189914.97775
7571451.90763134,1.821351812706065e-06,50767207265.91654
7541210.601898179,1.856323696947573e-06,49927359355.39693
7649169.922683668,1.799489610487335e-06,51702881318.63605
8031905.175318833,1.768395555912327e-06,54924438951.34781
7692917.541740868,1.799415185875647e-06,52000017505.22927
8750240.694477888,1.73069842619094e-06,60702382023.59401
9100193.256995551,1.698861525176233e-06,63916349298.65147
8849736.975417886,1.716577063168561e-06,61728846230.95829
8923816.565253682,1.74911506105408e-06,61471203356.22873
8706845.041366572,1.743244545748438e-06,60111182559.23994
8806094.994626781,1.729168094071135e-06,61125893962.49685
7920285.775735397,1.788709354935469e-06,53750313252.76356
7799475.713207284,1.79630318328271e-06,52781166441.23174
8301260.250174893,1.764411947839462e-06,56851775996.14911
8796613.813119188,1.611774297737559e-06,63990088199.4074
8607682.454699216,1.650781271931707e-06,61625418506.35837
8518787.498590684,1.669001545495294e-06,60544304181.07388
8780492.424250454,1.535416200812014e-06,65973287631.72902
8833164.994201928,1.570455597796799e-06,65378141095.5256
8527388.949136496,1.578819385152349e-06,62891859992.69327
8789245.181068189,1.570632997107093e-06,65048172745.23156
8647943.098115185,1.601195546436905e-06,63185376025.39939
8859392.976381566,1.582186352983276e-06,65247750485.45331
9068373.125095524,1.79995871190233e-06,61285022854.02354
8824164.767832639,1.792135488368816e-06,59808060017.00169
9293458.7487441,1.778267404166637e-06,63315882377.17416
8275987.098514853,1.841142132145834e-06,55092810421.49689
8069475.392204113,1.830595460569522e-06,53924200419.44861
8708739.19118638,1.82035033518167e-06,58414226790.71765
8464182.125748685,1.786187201200912e-06,57495477373.07597
8085170.250689179,1.786200960084555e-06,54920644324.58023
8470043.527374433,1.762029068419216e-06,58059986386.95237
9128758.864090743,1.679307718487606e-06,64613739925.18674
8862554.895181727,1.653036437162238e-06,63392418429.75016
8877907.057589423,1.697176007213894e-06,62396371967.16114
8692588.166921603,1.390851702426585e-06,69763546996.2737
8503882.246835431,1.422368742586095e-06,67237120283.92077
8849142.67304882,1.401144047185834e-06,70671776185.54781
8964684.53897807,1.548308098852153e-06,66982819040.70348
9203234.456723088,1.57418127583032e-06,68009668471.75288
9024555.37437189,1.582275402479186e-06,66461646518.72567
8506465.24340767,1.449875141646027e-06,66404176608.14108
8533297.873826107,1.470081384372575e-06,66001831515.34424
8591434.843517562,1.453380928616836e-06,66959581315.24948
8701486.939579178,1.505335150980188e-06,66247781217.75386
9077231.799584839,1.549198975539074e-06,67797751656.56173
8668169.744607467,1.500321637715559e-06,66141061223.63668
8602556.560754426,1.508230273850889e-06,65410745786.98035
8793209.209435666,1.526729140702555e-06,66319219950.13036
8766887.252189329,1.540786331795172e-06,65717920066.46811
8791618.876313325,1.458140276299335e-06,68370588078.24811
8563714.382137796,1.483899104829992e-06,65825261387.97096
8573277.286939273,1.487430223738524e-06,65794431061.76165
8573320.207119506,1.491492381170516e-06,65675242508.14843
8744541.872515371,1.51451661416222e-06,66306234783.49094
8554420.44899649,1.496005495864942e-06,65398602195.81803
8671909.317908246,1.75595881203524e-06,59580641911.44035
8888447.79254148,1.761718866682321e-06,60935192716.32622
8665978.468413623,1.779970217194376e-06,59003229333.26214
7823356.865744172,1.751277440874561e-06,53846379247.21072
7666884.491622099,1.796242920739914e-06,51885046137.7898
7745968.887597886,1.802631830103242e-06,52296311403.32267
7677263.512518303,1.79306561964301e-06,52016643538.99368
8078884.422780786,1.735806304287048e-06,55935031572.38062
7547187.610365612,1.802181838193423e-06,50962736533.48923
7832569.339673476,1.731175474585251e-06,54326307522.56071
7865030.327223915,1.734983368086399e-06,54471607392.56996
7787435.996096398,1.786620754057734e-06,52889919644.83163
7761741.770540546,1.68317530822374e-06,54853745705.04047
7820801.426669573,1.710295571073285e-06,54685284816.76639
7831924.961364586,1.734256754716468e-06,54257476126.00761
7717069.379158269,1.668072394437655e-06,54866738066.26234
7847321.110052864,1.705331208514833e-06,54977155292.9762
7814896.726134066,1.70154208585104e-06,54831245736.9799
5252824.817079362,2.493764485782292e-06,28564236928.54866
4934582.799476685,2.518973581830379e-06,26654346065.33838
5215236.184047849,2.520148471298358e-06,28161550546.88541
5844796.081795597,2.498026570009517e-06,31747143969.36158
5480077.314212892,2.488399032209123e-06,29842829875.1062
5441682.748938418,2.514966296343996e-06,29424681626.99855
5530640.623634493,2.41169084673274e-06,30753485841.43678
5413091.909473979,2.395147566387382e-06,30238289266.80549
5210800.804709198,2.442667526316955e-06,28729510890.81431
7081627.731789785,2.31966333544883e-06,40412568543.65551
6527098.3846007,2.278824276487496e-06,37691747005.76848
6695090.301945067,2.364862952717472e-06,37718329826.04251
4975736.768417467,2.483301262767545e-06,27133414993.25363
4934049.823073159,2.497538640339073e-06,26803739381.35291
4825293.323235095,2.512359391354529e-06,26109739688.61123
5209648.638571154,2.483616604105731e-06,28406565632.21931
5044220.857104426,2.479735694639601e-06,27533230116.90516
4892737.708495037,2.508913205175992e-06,26498920142.21172
5365807.191639818,2.389028090340736e-06,30025314080.6197
5340699.23996117,2.386687008953349e-06,29904357457.95885
5164409.987573065,2.436235663601075e-06,28523830566.08815
6043349.204643155,2.288539052215735e-06,34799430614.6376
5619300.490053586,2.356671812163217e-06,31730933695.99264
5739055.34011477,2.373020777780083e-06,32258144672.35493
5837978.94505552,2.325593120605687e-06,33258809657.85301
5507984.60270758,2.359229956369931e-06,31079870567.68255
5533482.289931318,2.36128265373002e-06,31205648081.97316
5367548.187068068,2.463633409536618e-06,29425593335.72208
5519113.433034575,2.428985304725321e-06,30543541743.46875
5199612.065750224,2.459757791066782e-06,28534879723.76953
8081928.928238668,1.928271474877185e-06,52167846479.66019
8498573.834470127,1.853907793491458e-06,56314551772.54586
8130232.887073559,1.949470669368942e-06,52098495549.14892
6892848.429606669,2.131219286434177e-06,41621076004.66505
7542204.021021566,2.016565325648533e-06,47252350049.5592
7066740.319064097,2.117665829398964e-06,42852962090.88137
7604404.559775538,1.968715876120886e-06,48410903113.87782
8079041.197273205,1.864842983298306e-06,53325095535.25588
7893574.597958541,1.934312183694422e-06,50845907852.67445
7322299.718658164,2.00867879230538e-06,45994634500.25659
7871558.898296648,1.957809981725243e-06,50297576183.18655
7830317.348710768,1.958015189494026e-06,50030555604.55011
6091204.261000344,2.227921893555378e-06,35708355988.79728
6266588.459264138,2.170542014979802e-06,37381125787.32327
5659418.100929041,2.278263627246655e-06,32686553335.41088
5961946.378135928,2.301752100816788e-06,34199180564.44226
6024130.398125591,2.265532841608003e-06,34923207355.03003
5628416.089085395,2.335204843210799e-06,31976888850.12487
6223553.982876198,2.264417135937721e-06,36091159855.14905
6679175.934010201,2.186648894668752e-06,39646377627.88953
6287084.158999666,2.228483797513614e-06,36850463379.30663
7774244.96251711,2.001934118671181e-06,48943125522.5098
7797709.022525605,1.978121416061928e-06,49484030042.23651
7022774.466183683,2.065471350367607e-06,43300801760.80291
5358858.015502362,2.459399377394162e-06,29411660523.71221
5675651.175224335,2.474640800590105e-06,31022318323.55429
5441752.745136551,2.49627161933443e-06,29571787647.58556
8266640.389317224,1.904465506048788e-06,53803885305.88615
8309013.910987029,1.904578509937401e-06,54077536558.86955
9081781.770935018,1.795554340346496e-06,61475965731.92702
8099471.850968861,1.919041027088798e-06,52448595232.02585
8103559.771617816,1.921588705001326e-06,52428674931.4129
8454553.744548645,1.865289594737002e-06,55794729642.3576
8620814.841265688,1.849146606376017e-06,57222578135.05425
8227253.351661575,1.900982930981132e-06,53612911549.57497
8585095.336652543,1.847112876759451e-06,57027302841.04941
7562408.669490923,1.961530270964872e-06,48261053684.04814
7284883.574153665,2.008843898291849e-06,45757099645.27435
7755639.633771293,1.955787583994572e-06,49591034136.50244
6739196.413557265,2.079249844767346e-06,41368552866.41375
6253711.047219866,2.151793238379491e-06,37520687299.16138
6519163.306068134,2.115687158699224e-06,39557080118.74004
7184560.537914252,2.024947395575153e-06,44887392515.15141
7153849.541001823,2.025558568262531e-06,44686526533.79744
7656088.229466154,1.974373337304468e-06,48646777646.52922
6859700.985216093,2.063331684212889e-06,42324563423.40765
6359292.922921201,2.126479589373407e-06,38456346091.68717
6829693.091228835,2.063246767963789e-06,42140570008.53667
6435741.893290383,2.090141028244633e-06,39368441709.31908
6263211.549726988,2.133576285704487e-06,37791282496.43314
6759896.787952982,2.069981266491287e-06,41619397447.66955
6498218.171487889,2.009727608979682e-06,40804007850.17892
6462930.414099013,2.056495248214113e-06,39964802677.92908
6657565.412644961,2.024755525403344e-06,41597482433.43309
6096653.715133579,2.149820433493359e-06,36600757227.37975
6060752.321186244,2.19793182878909e-06,35852302963.50759
6001255.005171461,2.178556236301293e-06,35710524677.43413
6271927.398548333,2.106006388569919e-06,38173434268.18901
6149263.256569252,2.126730395377493e-06,37183316846.27689
6053452.201743641,2.15560321821014e-06,36276376615.27413
6480304.673798463,2.050620801388558e-06,40148733739.29675
6770958.938816312,2.023997094337351e-06,42316550374.05947
6332114.807633784,2.089425962210913e-06,38743375519.08739
5954861.929737221,2.194580379294984e-06,35261764039.70077
5704149.440639475,2.261328119882474e-06,33109186185.38543
5937062.197545991,2.203956269046269e-06,35056585743.5895
5125979.584223919,2.447213046512143e-06,28226845921.07043
5301617.207271525,2.397631970240457e-06,29595114183.06756
5209972.483351187,2.43287932172218e-06,28801938462.32147
6297103.799703741,2.255026257018847e-06,36618997452.58983
6585369.145243283,2.191191041260665e-06,39035519373.84636
6755362.698174205,2.177370267377987e-06,40212444942.85559
6691864.021044805,2.333100623982898e-06,38041543315.9985
6988400.259234178,2.259823874133523e-06,40581495062.81052
7096650.500971802,2.312155322809751e-06,40585921775.14507
8183679.128233239,1.97380723722331e-06,52009031701.85473
8094576.457154079,1.978274034164854e-06,51365300013.06403
7950582.89027938,2.079531739402091e-06,48800237343.83058
8029960.593931041,1.953789890683029e-06,51380087784.96735
8120566.380100665,1.958558620596161e-06,51875457231.45977
7705036.318712621,2.027922387025342e-06,48092106897.3224
8301487.380145743,1.91399210227428e-06,53851253611.03815
8796215.323955171,1.868836333235066e-06,57976012156.84103
8393608.051206375,1.918813491918484e-06,54357587859.56506
8063668.882872082,1.70517322783618e-06,56496344597.8325
7821882.554149412,1.68202802285562e-06,55303906049.3461
7892336.511978158,1.732891251881779e-06,54704710174.60451
8328329.755079982,1.692073072035701e-06,58651416200.62979
8220167.144440137,1.705940682984435e-06,57575541446.05684
8164309.133031217,1.726481963121434e-06,56729820589.61008
7850376.034561913,1.638235240037576e-06,56490178994.04195
7811428.939209051,1.658375195310265e-06,55753905007.16881
8053054.875377594,1.681577858822199e-06,56948550106.83684
7414918.108369712,1.592862873605347e-06,54365171917.31503
7651886.927469313,1.636188952594314e-06,55107778794.1422
7690434.736868018,1.616072821653556e-06,55844054199.30492
8856084.948736185,1.522249046095697e-06,66924422658.03596
8841469.475170672,1.550826904524129e-06,65990623851.173
8911824.951777844,1.562539948715304e-06,66182915424.48392
10627504.38474056,3.311320862940779e-06,47836983105.18615
10691313.04210779,3.342410918546873e-06,47825312705.19694
10351867.36820168,3.147594035093853e-06,48198429782.77724
9799975.498485243,3.16679583563423e-06,45444180879.63056
9183815.624224395,3.084081864730456e-06,43345021675.44376
8823260.856366979,2.960317953252886e-06,42796036228.75468
6912917.788332024,2.373578524584376e-06,38850116259.47946
6695092.270704278,2.412536527193111e-06,37219794282.36185
7082068.54012673,2.350809837742377e-06,40057311025.76136
10436732.36854302,3.325289424660295e-06,46846618303.20035
10704064.86440816,3.37015564435523e-06,47619199804.40778
10959469.45752913,3.302723603401933e-06,49416810404.26527
10390219.38765762,3.299831085579211e-06,46877406696.73753
10275905.5885733,3.328863790999404e-06,46091703056.55941
9832737.936398769,3.241545393463323e-06,44892424332.73657
10616423.41741922,3.346926471673827e-06,47447585487.59508
10727693.51713089,3.429182344031885e-06,47175079226.3954
10500868.54026748,3.375946807687182e-06,46661800389.15958
6535386.101176215,2.431806305928816e-06,36139759930.56356
6275289.331543255,2.450483865637644e-06,34524907430.85622
6917784.229827467,2.36993596573704e-06,38917291208.78895
6507127.645229472,2.430010057104444e-06,36001225007.7369
6553141.965234059,2.432357910219606e-06,36232468501.52746
6768664.509470501,2.393349572864678e-06,37829641981.00951
5950519.335119065,2.506349320315831e-06,32249808279.26424
5885876.366994522,2.500744495332567e-06,31947110787.46418
6208480.178230556,2.466234486754403e-06,34011755984.45045
5760093.105440334,2.524591469964638e-06,31067198790.74686
5448887.618671186,2.539214886871383e-06,29275762398.02764
5696495.734707103,2.519052248578092e-06,30769208608.64219
6105135.358229925,2.561468623633837e-06,32611387002.54993
6053670.774448845,2.561706099796862e-06,32334483653.79759
6187055.498072858,2.512248135589762e-06,33479245082.91562
5896726.233359373,2.766053288022112e-06,29925214377.66145
6135364.635084162,2.851983199554197e-06,30507672115.81374
5579687.336317827,2.733581801741282e-06,28540077433.48861
5624554.173230104,2.630106478344535e-06,29519288355.08791
5769505.186396392,2.710647340104221e-06,29677220413.49667
5455952.479109217,2.678568854067958e-06,28287986489.45366
5987773.702589647,2.773779557909058e-06,30330815209.98665
6218090.068361858,2.837147494472371e-06,31026710429.28858
5995727.656546254,2.77101046840089e-06,30391335627.52518
9520859.52179672,3.176409808035873e-06,44060741846.17342
9025140.859358115,3.135111605325696e-06,42132637980.68775
8529818.569667865,3.223031317336072e-06,39092799923.4148
9862051.056792242,3.110654788466109e-06,46280641334.96486
9858283.563931813,2.958621316600489e-06,47834552791.69495
9357410.552781193,3.068850370105994e-06,44310352865.31787
8718458.730893321,3.094531229516031e-06,41055984388.69828
8605663.469450127,3.039051549806484e-06,41016536094.5705
7925436.926208167,3.157401114809832e-06,36824487279.4318
9614331.512043059,3.484430729489087e-06,41830963659.03574
8774043.580359213,3.575473179090032e-06,37524142003.62475
9784805.634539004,3.525144561262457e-06,42244247874.70858
10111958.94090782,3.249108564181598e-06,46095565674.77628
10016946.01189904,3.381975911523363e-06,44458519172.93848
10442752.68484688,3.339762714583066e-06,46738121312.39979
9311989.888260331,3.23246491611883e-06,42594476248.98824
8332180.303468186,3.278621007997709e-06,37754134125.95402
8225725.046971842,3.358002845762532e-06,36682040170.38212
9527039.401324527,3.392964437638528e-06,42192807369.3329
9619705.321655935,3.261171041981234e-06,43743418238.3208
8515086.65238443,3.386066918234597e-06,37762323988.10172
6943829.075392596,3.290261441792506e-06,31389091785.43095
5887649.778479395,3.409346222305797e-06,25991293743.55778
6549983.800801017,3.389053466572908e-06,29030506445.49186
10573699.30277788,3.326617003702924e-06,47448784001.82217
10336807.23454643,3.250610837020506e-06,47106022100.67693
10062551.26202247,3.133739954266074e-06,46989353441.91075
10380659.64496109,3.477336862931221e-06,45226582873.07606
10698624.3445916,3.425091481274226e-06,47084701505.40841
10634793.84038883,3.394484955799035e-06,47084700961.28445
10021299.31274881,3.56490625948261e-06,42942958116.57867
9368713.977667047,3.638644157140274e-06,39602286068.83912
10175112.45266986,3.618872838127467e-06,43167510404.98618
10599792.5797303,3.468597840458863e-06,46258839567.4732
10471602.1453776,3.334099535684205e-06,46920297745.29121
10710025.05974654,3.411041363654751e-06,47264220140.80326
10365386.58027782,3.506539655180604e-06,44908960306.53621
10573025.47791063,3.511822938523035e-06,45762619002.50227
10683119.04800429,3.454508196376232e-06,46749171259.53397
10350428.42632264,3.522815570310168e-06,44705921899.8142
10074910.94351205,3.549757759147375e-06,43295431379.16346
10047396.99168325,3.503278676459819e-06,43558251548.82816
10844091.77402276,3.519544509791055e-06,46867185792.63771
10656661.00506436,3.514430660382356e-06,46101794595.00832
10804737.48714784,3.49165398188095e-06,46945440687.77413
10961735.27264299,3.542920167442352e-06,47167015666.33504
11278267.31321833,3.585000077745452e-06,48148519484.65069
10773286.14350306,3.537700450866448e-06,46401728333.80337
8093054.917723044,2.935641758848048e-06,39473937536.59376
8501934.671214646,2.987196841145294e-06,40989743685.92529
7793462.833509351,2.867395432328371e-06,38613462114.54667
10041514.4305643,3.285589748222536e-06,45434978500.42249
9335182.585979108,3.178901111777384e-06,43178889748.90648
9333886.204031132,3.151693261651901e-06,43421005180.86564
10298079.44902584,3.320844379889646e-06,46265495930.78544
10342976.30463606,3.29291703747936e-06,46729557690.15488
9582617.494101776,3.214217210277532e-06,43998108343.39571
8439205.52272436,1.682051187006934e-06,59668083890.71836
8448409.93497744,1.691274130153275e-06,59515804427.88073
8029964.604756966,1.745509549258578e-06,55390099450.92529
8542652.552760893,1.503230599157919e-06,65099202970.75504
8706412.796623763,1.535958294924582e-06,65401288609.46691
8552203.693973515,1.506943179974381e-06,65064902700.37082
9124375.918782031,1.555246031375234e-06,67973103889.41154
8886856.939736886,1.529318632524884e-06,66949838815.03886
8714240.744152449,1.506325143936291e-06,66315808710.38918
8936617.406182908,1.578332514949579e-06,65923586967.95838
8850592.247216411,1.558382774106653e-06,65845015914.05141
8877039.471142313,1.544234500789439e-06,66444542717.62418
9256537.026467005,1.650938914554117e-06,66266577303.8745
9097321.508806301,1.607953623364673e-06,66282344906.8487
9276715.977287481,1.599790005389951e-06,67819139327.07129
8653072.400584562,1.603984242000376e-06,63149551810.70664
8794416.212387661,1.573449863381831e-06,65008739140.12119
8880168.590718061,1.593225859110082e-06,65098299868.34536
8647685.956751002,1.653490767025013e-06,61844164532.43726
8616571.333716864,1.623993391682758e-06,62365582438.35165
8843191.145554075,1.613197667339586e-06,64291065314.05736
9129901.753434693,1.666992939212331e-06,64939697895.16817
8774854.373815285,1.664151535935795e-06,62485320862.09533
8971783.810871122,1.624010382061705e-06,64936109580.48672
8241750.840501412,1.741863023899463e-06,56930301130.68832
7981600.742029305,1.760343178446275e-06,54746762072.24016
8398800.063378958,1.706310990878697e-06,58818207350.23435
8630146.564759869,1.638091545739138e-06,62104927444.02161
8819322.959373137,1.599154832684246e-06,64492355109.94954
8608354.69584813,1.617934578657252e-06,62461563154.65396
7575469.12452461,1.798195580116127e-06,51229279578.41114
8108144.279226984,1.731894087196049e-06,56222123965.85662
7791676.704506913,1.776972052751587e-06,53110108988.05681
7953919.001831035,1.80943806746974e-06,53565522901.16494
7802603.916735677,1.826406939873668e-06,52220520420.09711
7820140.502928048,1.855656451524699e-06,51786453730.01675
7463883.583915214,1.625824941955919e-06,53982003924.8604
7728026.894111253,1.683146704244153e-06,54616094853.39066
7669319.247492815,1.656115416724171e-06,54789383830.66448
7995010.857605044,1.593051286438032e-06,58613711106.30952
8221082.591985761,1.602882069899841e-06,60024418867.05867
8083087.473116846,1.63215637052757e-06,58309068339.89181
8167424.191386924,1.65166504086387e-06,58452594727.36407
8306134.30509237,1.622637762695985e-06,60152160397.64724
8333145.70038836,1.671633973736852e-06,59162726835.94453
8010951.949253661,1.703776062536758e-06,56157674931.33662
8093752.314472539,1.671937337281935e-06,57456157594.13808
8258728.470909588,1.6914845693583e-06,58174745786.54314
7885433.153764101,1.695833330931159e-06,55450241663.25592
7754864.187630827,1.658249966366545e-06,55352961932.05488
7967583.957491408,1.66346926165145e-06,56752299325.18822
9088397.85203732,1.563757676858002e-06,67459175244.59121
8712419.516417151,1.519979226339158e-06,65904288772.754
8711857.459615547,1.558773156560024e-06,64802060537.43647
8548917.803192373,1.634163512034319e-06,61618927536.23721
8579910.146632779,1.663709441272153e-06,61107955299.13815
8570634.357805567,1.654132193622937e-06,61277281690.45367
8729475.766397826,1.453570501081968e-06,68029523625.19196
8651829.634106696,1.459593153865614e-06,67238819589.10361
8781533.937757719,1.482162047310972e-06,67552266527.91252
8573328.467345234,1.491115426517207e-06,65686373816.63139
8742248.254596936,1.491409274849179e-06,66971790290.3308
8612835.483768228,1.46904438313515e-06,66648371214.4101
8611453.43309216,1.508175961668889e-06,65479966392.67221
8766193.412277006,1.53733145647483e-06,65811133758.40216
8780746.560692599,1.508519213484394e-06,66757112716.30222
8788690.753673317,1.590353371044438e-06,64505254656.63165
9068507.178912954,1.59300924284017e-06,66484989429.66906
9015333.451885156,1.557464718368072e-06,67096981535.67842
9779517.313866666,1.480237797600035e-06,75294472228.42821
10124488.6420113,1.491937284230348e-06,77542426304.03879
9831267.802574098,1.454675514050716e-06,76577075058.25519
9255842.696345286,1.345744795138712e-06,75934795195.99185
9591636.611648785,1.33579769713489e-06,79079805010.83249
9280572.859713919,1.283161028532064e-06,78593629277.58759
9843932.778041894,1.422045292268706e-06,77844216778.09833
10093479.27760112,1.428579158236567e-06,79574030461.53938
9873378.985775556,1.380023508752222e-06,79654102960.29169
9830139.460799748,1.539200580743655e-06,73738822825.67834
10124202.37463795,1.513042830035013e-06,76817470656.19501
9779235.965783479,1.501336762228467e-06,74585232200.67625
9631132.464557853,1.628028998352028e-06,69593594009.02725
9663581.773530737,1.683495932271335e-06,68285749166.96059
9793518.031692026,1.618497388671595e-06,71044543047.10011
9657565.74132918,1.409220565398233e-06,76833100375.89108
9686732.085920157,1.367267729662861e-06,78633615722.0764
9349262.882733416,1.377358755295035e-06,75523015479.19087
9127603.877228623,1.410034474735461e-06,72588913628.31567
9516439.29599175,1.419992460591326e-06,75326962632.16748
9210415.687231006,1.388038273202307e-06,74019293772.27318
10226102.18511711,1.485516963047938e-06,78546176877.47847
10182048.61173376,1.454923979339325e-06,79300324590.01978
9931402.792689875,1.448419691104049e-06,77579620216.92055
9623962.218641024,1.534982730554509e-06,72324412340.36363
9248206.716760444,1.575842242834796e-06,68293971622.27705
9175994.943007614,1.539791893374327e-06,68814265646.77802
10251940.84096744,1.49990903877829e-06,78240114357.93922
10033453.83603545,1.505684228497726e-06,76376752641.4856
10207831.58679956,1.469155382445322e-06,78986889055.46085
9295413.57510585,1.700006740370057e-06,65258179644.91813
9090375.334662694,1.75877942236345e-06,62388933942.25391
8935065.641965335,1.77047545104113e-06,61052643706.45682
9825450.064896796,1.591853542730652e-06,72069312740.18506
9622497.120906297,1.623255382476734e-06,69667445857.29214
9831424.538672594,1.554599714683198e-06,73260643267.98511
9779984.098358113,1.625870870228144e-06,70731703091.2534
9650137.952380475,1.690852732761096e-06,67992811451.60637
9577503.7208033,1.657496141951645e-06,68383392956.64891
9747517.931696391,1.591851988165578e-06,71497729974.83192
9910877.621302221,1.582567106234921e-06,72980027684.38124
10134098.89066391,1.539551397585828e-06,76007364924.43605
9513206.344678,1.721139728394107e-06,66239365530.09229
9234442.669644551,1.746454585213438e-06,63675518725.5002
9441090.256462991,1.687628790779298e-06,66604596091.13299
9295419.1129172,1.458543284949659e-06,72275220944.60521
9135897.096185617,1.497695712277825e-06,69791437165.52763
9441043.404227708,1.419834347441377e-06,74735717598.70116
9774531.760049958,1.501950769170463e-06,74529034823.11601
9323032.204757415,1.50719687220848e-06,70921382837.24881
9845668.666832024,1.444991803403443e-06,77031489240.99706
8995008.85313886,1.598949484034272e-06,65782710835.05305
8611745.180061443,1.627376460785195e-06,62244237443.7224
8923794.398878442,1.562808507821096e-06,66264213024.86712
8672974.577846661,1.084829093206979e-06,82147406660.42902
8784140.560665688,1.128511044939028e-06,81039247675.84961
8880410.387358146,1.134310661450308e-06,81647901446.46156
14692862.96886973,8.784491924947947e-07,160187514530.1012
13636522.60406034,8.621329414796808e-07,150540773690.1202
14300632.95924918,9.222541237152962e-07,150934385047.2622
15356779.72805499,8.102909519652707e-07,176687636767.0704
15238956.80206608,8.518954084459401e-07,169575999803.8852
15276601.10114841,8.40705520825364e-07,171500005769.4201
15394139.49949732,7.514153635984068e-07,186252468516.4869
15395651.01220172,7.851687850630265e-07,180893394132.498
15315370.84211238,8.155377494363273e-07,175454618601.8557
15426794.37922982,7.222300308620836e-07,191642574185.2809
15445863.52083435,6.986193739908041e-07,196178665655.1485
15428307.4941968,7.559133182051123e-07,185924642285.5661
15002905.80579034,7.32117264539786e-07,184694919978.3586
13806437.09910815,8.148435982393288e-07,158257917541.3082
14869215.8624055,8.308296908701299e-07,168246766935.8893
15416108.1081675,6.174061374574097e-07,212615106829.5971
15442811.48690584,6.640361740326661e-07,202892134393.0278
15423744.22996505,6.875516072543477e-07,197994418235.0062
8584272.67576585,1.5474386821331e-06,64164459223.46378
8584830.601805305,1.508650608827875e-06,65263838766.86752
8572753.142658522,1.51827794298912e-06,64896229219.29021
8715197.194843598,1.620960726044739e-06,63158075748.0414
8624404.033133643,1.591116254998042e-06,63279225103.37302
8643402.397725536,1.624305949713107e-06,62551756405.43044
8833442.627207192,1.611566562043746e-06,64263517639.21899
9119219.080539925,1.586695349572182e-06,67034022903.48061
8742034.004999345,1.58165856614734e-06,64397745926.40111
8761883.045408104,1.683329958998801e-06,61918146867.84087
8786764.689645072,1.698162617094564e-06,61731876495.68236
8771491.568906303,1.654183515225156e-06,62712049067.3036
9008880.750369888,1.691995558736344e-06,63446065089.20271
8496768.731087012,1.724757972483711e-06,59079256820.39064
8656217.789645417,1.689407447367309e-06,61024641742.52158
9239999.814576736,1.605363160712746e-06,67394289738.66237
8952322.069817159,1.630101298742883e-06,64633742309.82133
9219860.858078169,1.656334338349167e-06,65860602075.34285
8517102.157649862,1.482749004827183e-06,65500823817.33318
8594106.693131311,1.461587099272535e-06,66729459475.39621
8535960.668793011,1.47828379300566e-06,65777979366.09114
8535953.652512612,1.434243620009452e-06,67117653372.6536
8809497.888680737,1.412003300692188e-06,69993978729.48029
8465019.429422308,1.433216045795044e-06,66591712690.67745
8481389.326086633,1.468531732267414e-06,65646479780.76578
8454638.496742293,1.448365497398247e-06,66045453869.97405
8384043.655301301,1.4473155910033e-06,65525654965.51368
8673403.632789526,1.439209448610002e-06,68041449440.77569
8862399.451571167,1.413481180810734e-06,70365206604.63409
8588028.652965726,1.435735194484602e-06,67480338701.77402
8853838.224501416,1.432866632841772e-06,69661753600.82539
9317369.641914491,1.410313318224434e-06,74088292741.03119
9044779.244073082,1.407104214034187e-06,72030063180.56239
8875555.575113833,1.438962680873302e-06,69635258780.71574
8695864.837601259,1.446273943713821e-06,67995327952.20538
8857328.656229729,1.429700142041779e-06,69792076431.00739
8841160.559402805,1.439944987202532e-06,69333854396.72969
8993578.992832649,1.435383790946781e-06,70678479026.67519
9304364.231385523,1.417394134313632e-06,73738270800.31859
8663538.481485348,1.454495599350499e-06,67487038045.00374
8586222.813401692,1.475695477157188e-06,66242643741.58147
8814424.652020384,1.449968804454966e-06,68805242614.46437
8534295.128041634,1.482031972327013e-06,65654214345.83723
8501299.875062309,1.476927827901901e-06,65550974658.1389
8403839.679413836,1.455738057771989e-06,65426788212.02597
8589627.429145267,1.48130113233501e-06,66101618051.91599
8629171.938464688,1.459173804425784e-06,67075580439.5759
8808175.811190469,1.451863309396303e-06,68696638712.20004
9352689.852967517,1.39504240816743e-06,74910884703.56224
8991964.217396004,1.371891115290173e-06,72829636271.73586
9079579.445480529,1.39188214613286e-06,72833428985.00284
8465963.333596721,1.43684401336496e-06,66486984280.09535
8525436.948567953,1.472035833209083e-06,65882649902.10268
8395049.481486201,1.445745603030228e-06,65659162693.56593
9440063.507447675,1.41027871096061e-06,75065137189.83127
9127000.974431528,1.428304193868798e-06,71963833371.33395
9376217.95365436,1.411585972275867e-06,74511413967.28569
7215139.517096745,2.223814406835265e-06,42349248401.27347
7601244.249487999,2.189083264162824e-06,45086151639.0942
7325125.141014991,2.276162048529802e-06,42333053610.5822
7658670.921157897,2.064782279741134e-06,47232097558.59193
8072965.301953042,1.995400559205146e-06,50934614804.99893
7841462.596656451,2.101196988592347e-06,47799045995.49578
8534145.444549317,1.903703400451767e-06,55559779866.49989
8940069.9173762,1.85379504310768e-06,59242462763.84057
8867557.188167749,1.853674962762666e-06,58764486017.26264
6982999.611284146,2.201625540864791e-06,41261630093.40614
6673559.910919309,2.224933150303571e-06,39157316290.86027
7088298.615963365,2.12928529372528e-06,42827175734.39954
7380677.868798153,2.011694504168203e-06,46314988928.24201
7675922.309206285,1.941830904467626e-06,49316202969.75963
7874110.641921261,1.947156771477626e-06,50497231274.60237
7535508.08127445,2.050665243625691e-06,46685572920.25085
7435622.795221108,2.049401698345045e-06,46085675298.75859
7856875.056397368,1.976466687616905e-06,49887320815.81386
6397928.939230585,2.237269072300261e-06,37401923084.00235
6212716.926839381,2.215132603298921e-06,36560748629.2148
6466019.769656085,2.177169884446579e-06,38492443640.13815
8051257.290206068,1.858925534013701e-06,53254426260.50163
7805017.538341801,1.891458123209274e-06,51032016508.56745
7847586.570947222,1.848338309683094e-06,52105288553.02162
8944515.412845183,1.835067890526348e-06,59674491367.78815
8493235.161943372,1.842251892274404e-06,56516311246.1322
8931558.518324237,1.821479123493835e-06,59884043338.21008
8057624.442901601,1.913053961487511e-06,52286416088.32361
7857125.292718702,1.907681208186281e-06,51081049411.76022
8104179.276353113,1.875098252545624e-06,53295804258.27505
13753863.62450907,6.883295929251746e-07,176425119229.3203
11337507.82661414,6.983565982145244e-07,144034359596.181
11430827.07027485,7.35140930863969e-07,140334327798.4196
15354650.50217809,6.46958177314072e-07,205268573665.0952
15293462.37279016,7.031586778413488e-07,193406140431.751
14856855.96916234,7.126664631436028e-07,186209870608.0564
13763373.47523151,7.102486569582107e-07,172895867896.3098
14053243.89988247,7.33233467131081e-07,172828381991.6971
12893964.76036795,7.440981064373919e-07,157024111986.3774
11848955.16389379,7.591688243107184e-07,142381800091.5022
13048304.22268873,7.966096713709395e-07,151841455216.2501
14212151.23730695,7.136848198869681e-07,177959911358.2397
15263508.17021275,8.77252098990064e-07,166560271267.6202
15455482.53247112,9.120649492854405e-07,164335752540.767
15301182.7626174,8.66120536006118e-07,168398975574.8532
13313296.95127013,1.281545922835639e-06,112839937466.5298
13690560.60161899,1.250537573175813e-06,117947860844.5452
13696585.53393535,1.308454722104589e-06,114491483159.2869
14711646.68996282,7.434788016716795e-07,179259518807.7092
15146129.67044181,7.3402327581835e-07,186135173989.8929
14768417.79676734,7.702191279028549e-07,175761777805.645
13866020.84604728,7.749190963029122e-07,164354250380.3435
12932059.13065703,7.667500835872588e-07,154370790129.0617
14148578.50677198,7.828057249096708e-07,166575124616.6695
12088098.31873715,1.047903896314172e-06,117168358853.9602
12660779.93037897,1.07588409043192e-06,120582273971.2829
12490063.63938963,1.049215430391215e-06,120963646930.7314
11633065.58619021,1.075003514771291e-06,110854736456.4707
12187327.71158065,1.091493585499736e-06,114963778891.358
11824530.12556223,1.056877502322451e-06,113963940316.9365
13080881.09678607,1.16706323811195e-06,118006900935.6105
13747370.1616728,1.211325961776944e-06,120979636814.6397
13313631.10785675,1.156940180139551e-06,120806207305.3442
12366775.89081054,1.22581325406283e-06,107970956498.2694
12587006.47421718,1.175417993952679e-06,113012781930.8163
12216577.80899989,1.184283950246883e-06,109138756941.7862
10468933.23650265,1.430113652597796e-06,82474950155.1512
10916300.10248637,1.413045917232671e-06,86690455204.62865
11077088.50613453,1.34317104227175e-06,90992321550.14549
14938359.76946506,1.320643532914992e-06,124102112793.9041
14614920.25932524,1.320027541968691e-06,121452871800.6676
14891614.1578958,1.266358185708763e-06,127224494447.3372
13329806.18933343,1.309921994711034e-06,111342306091.6609
12724942.0840357,1.373697628023614e-06,102974189451.0428
14024193.95555339,1.375619491923057e-06,113382413022.9759
14097784.47081232,1.407458739102779e-06,112251913275.849
14416302.26966416,1.355354391941644e-06,117711429737.6962
14737548.54469592,1.355817485103461e-06,120307054782.5401
15018620.27597986,1.086606376034324e-06,142096005940.9192
14531228.01893009,1.07819293880634e-06,138198924135.6294
15257329.06494376,1.042256567105599e-06,148421022623.999
14343894.70178785,1.054944775651028e-06,138414186500.08
14970891.53722261,1.080504966374781e-06,142177154797.3756
15209222.21607027,1.03641008700837e-06,148508935280.9317
14635681.90188563,1.173173459098622e-06,131574423428.8322
14901905.17091099,1.200179593229738e-06,131950478657.5879
14968919.57244552,1.137174954153503e-06,137395422628.0502
14104453.09418963,1.242056626376648e-06,122066170545.8863
14681223.40786667,1.246707357942481e-06,126741613710.2744
14406500.24391208,1.300433739984127e-06,120920426888.4093
14054184.22553138,1.372829571515674e-06,113778767511.3521
13957156.70124902,1.345971371924608e-06,114491454485.1086
14251483.80527289,1.346446021274944e-06,116878362600.9032
13664694.7906907,1.112614769483081e-06,127263361022.8953
13969364.44373776,1.043932492640096e-06,135746415607.2739
13656498.94019419,1.092485985011727e-06,128744531878.2626
15495809.70733174,9.926114608074514e-07,155726103709.7644
15239128.56512838,9.623607372848295e-07,156339314076.7723
15489590.42449002,9.543044325617087e-07,159801912862.4961
13745820.21617447,1.136667439059035e-06,126206497162.989
14344930.73616737,1.157205143683771e-06,130144220146.7125
14674860.49046596,1.12116242809143e-06,135975800515.1536
13123416.65646369,1.094904351927751e-06,123536737988.1269
13292236.15726569,1.115049085198815e-06,123614303096.2829
13595474.70579137,1.07388736982103e-06,129644835146.296
12836380.55499645,1.051546189201806e-06,124133885120.0838
13009439.44489226,1.078998039722909e-06,123664433822.1044
13479461.25518068,1.057686037309515e-06,129847827345.0608
12690444.68825443,1.111227490290282e-06,118288227123.1772
13065637.69192643,1.123994006301976e-06,120861490982.1668
12898267.96391326,1.10418733807999e-06,120735843369.6032
12669533.78648031,1.121400957713723e-06,117377994663.4054
12814045.42216668,1.144913936432403e-06,117085836909.178
13044419.79981367,1.134178322530231e-06,119941793531.4396
14313102.25941631,1.060726035428434e-06,137614740321.0319
14141447.89260071,1.016923237489443e-06,139841185382.9648
15033799.69014288,1.024894565398307e-06,147893572302.8687
9430058.165085955,1.36388633289677e-06,76676495139.72327
10297952.44659544,1.333970790277938e-06,84980640886.03308
10129167.62616055,1.424766917358817e-06,79997769228.64076
8800756.153822254,1.45001177001095e-06,68697189473.86296
9061491.359675495,1.392962583245477e-06,72650740752.94521
9747049.242604207,1.453662217774141e-06,75956362462.97668
10135638.97088575,1.625233972776587e-06,73323052726.91724
9165214.77804862,1.59349258283485e-06,67180404711.62634
10041745.65471352,1.528254752658527e-06,75685388925.50752
7537957.218184009,1.49897266219953e-06,57551660692.79867
7317945.212287965,1.426006316331482e-06,57761906728.4227
8010576.319309543,1.465531026471767e-06,62086963125.29916
7380318.850447737,1.359464820983774e-06,60139961043.41354
7551099.083883785,1.292122394887532e-06,63651366718.63037
8325674.908112112,1.342059405153767e-06,68428699946.14653
8254655.415631489,1.435445691198703e-06,64869582777.32604
7551314.653915429,1.39526860177611e-06,60476133860.67107
8507231.553877305,1.377894250410284e-06,68703310119.88819
9865482.97851859,1.676356034204388e-06,69910248129.84325
8988067.540389571,1.733631181331647e-06,62281900179.51154
8908406.535294386,1.64509741094955e-06,63925227448.1254
8451600.712227473,1.66104048057054e-06,60258570755.8895
8529197.015228558,1.750392159306795e-06,58724307855.33717
8013484.455811404,1.742072823312536e-06,55349095526.55366
8275160.03803687,1.501767132178994e-06,63101740484.98284
8355664.510149533,1.570542288766264e-06,61841674091.79332
7794681.517341048,1.535042931700304e-06,58575772425.00231
8742183.490235893,1.491820095382066e-06,66958998455.36535
9685402.852374684,1.494961023275934e-06,74079454580.74496
8824923.068188617,1.560119414751648e-06,65605316319.57841
11285540.81761901,1.570213875266493e-06,83537825959.66856
10670990.20978312,1.61918506988211e-06,77388018657.45576
10574643.44303446,1.522929335813658e-06,79887573672.3325
10830260.36394974,1.828708688663103e-06,72422894559.42075
9565183.694634749,1.921813233044482e-06,61880316814.70439
10375712.52984454,1.750402507675656e-06,71437455865.20612
8430888.582538482,1.834658185008755e-06,56256137186.1102
8063584.104381478,1.99928116061396e-06,50809572123.50051
7918203.188230983,1.826990531280947e-06,52982906346.14929
6499742.005800318,1.444654990710916e-06,50861210287.27016
6335609.60931816,1.419954396193166e-06,50150139384.52903
6006120.041840019,1.33201829880122e-06,49612054712.8213
6955506.156308457,1.611773432002408e-06,50597152637.18258
6871748.30411019,1.526252086808243e-06,51838178176.77901
7237106.459639063,1.548263142540004e-06,54075653650.01789
6778746.00500345,1.596376897133083e-06,49627881757.57861
6529454.069756163,1.486079197864241e-06,50139758128.41154
6696062.514202332,1.510728045898134e-06,50858315512.87804
6889411.120039024,1.792406575462629e-06,46690058282.98835
6989481.954526791,1.707547898185286e-06,48924874998.25417
7392893.91438521,1.760309612601268e-06,50709395555.87882
6639914.206406761,1.783250702536877e-06,45153095818.31387
6617286.810920162,1.773849389470552e-06,45158079448.86408
6505118.42306956,1.648202562824204e-06,46620989159.58266
6264646.734958621,2.085724199889867e-06,38375908145.68978
6624407.346067857,1.920387921650329e-06,42876670417.21488
6785717.742956957,2.02200742271674e-06,42436604497.67636
6399373.324132251,1.435689032723255e-06,50284081861.26524
6414758.370219844,1.495784415282797e-06,49045703251.76739
6404105.414388651,1.359385835475977e-06,52187117743.63158
5568989.794881571,9.935778647551253e-07,55929613349.54954
5316314.414518146,1.004568587958801e-06,53001837774.82215
5038216.19671569,9.711971519579096e-07,51373426468.27901
7593076.985835476,1.030035740726246e-06,74447412325.39836
7871077.823915863,1.01493887025611e-06,77936509150.6317
8777150.320090169,1.047883269329015e-06,85076888602.31313
6106226.244403578,1.028716345125548e-06,59920550954.22591
6747529.283586746,1.030527741675049e-06,66136060170.92757
6286683.278672924,1.037751801428076e-06,61332770650.05737
6337893.763825015,1.002991502912179e-06,63252853053.74782
7259075.06158449,1.00358778880428e-06,72417641224.57812
6992199.76496728,1.018823505412932e-06,69058083781.9348
15224920.8966581,1.613453930768555e-06,110675289139.6732
16192946.8631124,1.517461511384069e-06,122625493372.5731
13973769.18099915,1.679224011167316e-06,98910214017.77048
7178166.463026509,1.073270335947322e-06,68476377073.08637
10125188.16138458,1.103178241729792e-06,94835872542.58449
7902989.534825686,1.046150351063589e-06,76688222217.30865
9051113.373337187,1.123228431083016e-06,83763846645.67049
8305912.867703003,1.156038973950001e-06,75405968151.38278
9435816.161841137,1.246583821068954e-06,81463890480.05753
6519993.755130408,1.160479520463841e-06,59041247601.04587
7180498.794184068,1.134409980140546e-06,66014791282.68772
6325689.674413464,1.10057122944881e-06,59342036379.46853
8255749.071855231,1.597768411444405e-06,60406072176.83521
7636611.524860028,1.543476270077443e-06,57178671497.89584
8437181.907977073,1.757606803647221e-06,57931698621.30027
9936942.697484618,2.021571232451874e-06,62152712373.51694
8823836.717822883,1.717195881814422e-06,61533398821.36375
9011374.653700287,1.876957460170827e-06,59222684957.82693
9222021.552779002,1.58067989824292e-06,67961587146.93595
8230879.181227021,1.382462818439862e-06,66324999244.22033
8531088.975939251,1.529968623389956e-06,64251428619.35155
8082769.028599776,1.188766943107085e-06,72027060110.5078
8137321.041058443,1.254101923155027e-06,69972312646.05081
9197878.283176303,1.279331491842847e-06,78048686358.9223
6607045.027855502,1.21883709905859e-06,57904212117.65646
6622759.478738404,1.268508384221344e-06,56516694707.25613
7323586.661923398,1.258184568395295e-06,62838757448.51788
5951381.174802395,1.256155228011871e-06,51119770269.06964
6284073.463985764,1.267885981987437e-06,53643995825.16606
6268766.34402746,1.218244133926856e-06,54957360150.48011
6975681.074446396,1.247234076634176e-06,60203439611.39514
6164086.035715532,1.253161217288361e-06,53031111265.77467
6684638.351054487,1.225924376143009e-06,58358232402.91663
7043650.656899489,1.429836825299239e-06,55497508892.48168
7259530.814090244,1.502943098335563e-06,55328240669.80042
6893599.736189809,1.480668018008971e-06,53064930457.31975
7804642.979219291,1.347996907376627e-06,63957838393.56242
7484005.574352362,1.441099204083459e-06,58659476578.15054
8097046.80328587,1.495359762386296e-06,61919796839.03736
6210074.306974032,1.037546920900587e-06,60593350329.68208
6220738.711190484,1.057963280517536e-06,59913988315.60666
6950149.06749873,1.044215125255057e-06,67525446788.64585
6039805.242059677,1.036229951519475e-06,58981911155.1358
6153710.572868383,1.043471942243354e-06,59815887246.36535
6139415.138650291,1.053594829979338e-06,59294067966.30135
6086239.693346651,1.041185715127463e-06,59246620779.30849
6176340.737496554,1.033142501832156e-06,60435357455.66777
6914459.331900242,1.040089699282715e-06,67356218396.84235
5920937.951845549,1.028420838478602e-06,58113441855.87022
6098656.075038316,1.03729467915981e-06,59515859408.21712
5985263.804308549,1.029725505700016e-06,58695163525.17491
7261648.772170348,1.05620442457463e-06,70016960066.49854
6347429.696147312,1.047071357122459e-06,61557415791.39088
7192673.41578781,1.045837873423472e-06,69809430995.27611
5495352.680338389,1.016852001088917e-06,54344684446.30547
5752198.543345402,1.005601744478676e-06,57308167608.1781
5753333.92708507,1.019642293538342e-06,56792068547.55122
5396705.768217978,9.252544352682163e-07,56835710088.23392
5589501.369411702,9.73955269409666e-07,56887090964.793
5057726.754568954,9.515181549680519e-07,52281010929.41319
5858443.588836971,9.32995954483024e-07,61356759123.31768
6960644.950026428,9.821756058096464e-07,70446061807.87476
6059246.768264434,9.814853382165292e-07,61352099486.37273
6666250.716120183,1.104589576319971e-06,62385120211.97028
6835728.763381612,1.134382276532167e-06,62846129149.66318
6061491.548837192,1.125553301505347e-06,56019013921.59483
6916712.530934961,1.041168930076951e-06,67331598698.2201
6762770.19873392,1.070772094335247e-06,64613996020.54026
6450023.279186314,1.048260566214947e-06,62505051348.45088
8627217.08946776,1.082107190457208e-06,81850977670.58456
7471056.63250304,1.123800376420392e-06,69117694979.15199
7293829.377702673,1.09397215293713e-06,68699159175.7677
7447876.862460643,1.044829230679864e-06,72332855744.11038
8620986.167714277,1.062511221100712e-06,82794457482.65201
7288100.258418371,1.074166474193831e-06,69486420906.96924
6018107.090969139,9.030435990110162e-07,64415062512.24974
6949607.135558983,9.626808598400685e-07,71280712089.5303
5848317.681141141,9.134568342298903e-07,62121071187.42446
8503683.657531805,1.00037701626053e-06,85015469774.78166
8586438.587280907,9.947569344542831e-07,86165831743.2906
9805501.830637312,1.017662339004899e-06,96917162364.61711
8112903.118604413,1.00305868545767e-06,80964019588.23863
8312895.684975307,1.002030219830686e-06,83016633491.46507
9295356.661940573,1.016629140256486e-06,91937146937.49203
6148535.150321311,8.896074205060817e-07,66472099434.79093
6196115.927702771,8.63246090388924e-07,68343380172.1373
7276749.693038614,9.485600349740135e-07,75375039775.06319
5805224.268919249,1.130139971754829e-06,53505387257.76498
6179536.486719534,1.159240633244883e-06,55998127350.48306
5990412.331871619,1.099491525293046e-06,56233544570.94642
7224821.706539229,1.228289073332559e-06,62993161962.3109
6928572.309246457,1.206476341036202e-06,61136121095.127
7127635.863036029,1.175481681683313e-06,63993362014.53378
7018767.555821202,1.27697513237788e-06,59631065103.18569
6854152.152085532,1.345082610482455e-06,56249815485.42072
6204592.535526227,1.28298398516311e-06,52549159709.75762
8308086.808362781,1.681693951177571e-06,58749347970.85728
8416824.42751047,1.668047729100534e-06,59842439008.6733
8517600.140561413,1.630128071144462e-06,61494474906.44888
8082077.418367507,1.767061493060268e-06,55295343999.46136
8103013.408382002,1.745251586712686e-06,55899492264.50928
8158661.698397283,1.724682230562861e-06,56730010782.48059
7815506.546915143,1.806133123233363e-06,52697574478.60122
7966946.089513048,1.789304933963167e-06,54054971006.97205
7871872.920958232,1.774671174959795e-06,53703115036.52541
8531033.700661222,1.810666979525768e-06,57426092987.93478
8195012.943027467,1.766720129171653e-06,56075239740.48895
8173958.360881309,1.788621241194663e-06,55473661444.33275
7813519.564019915,1.91713880998139e-06,50630357961.5618
8398301.822847314,1.859409561613967e-06,55540285162.79624
7909507.504590648,1.88377771978345e-06,51855680568.83147
7121453.225787972,1.945672555596505e-06,45693608613.92126
7496222.548202329,1.93874294606373e-06,48212795936.18344
7590247.327456256,1.905295688672623e-06,49387192397.7942
6953567.19474038,2.011062248391076e-06,43643943016.64162
7086611.653482382,2.022719519575582e-06,44307936408.42352
7360369.553209755,1.975312599729338e-06,46752954864.4192
8732034.7442591,1.813314157454542e-06,58721898341.70065
8810164.74115208,1.764886028812539e-06,60326239309.38313
8768058.31711836,1.814880726353021e-06,58930216593.25105
7887166.962155978,1.600463992228957e-06,57644396395.88944
8297083.605243001,1.592142711770481e-06,60851432188.7782
7756263.705684654,1.558768539915363e-06,57694110004.46853
8203233.367290132,1.671895431156096e-06,58234317861.60995
8411428.662321176,1.620270230219663e-06,60974015606.5708
7998661.426748302,1.628719659769395e-06,57781181983.24599
9816285.793637479,1.560516033743368e-06,72962835597.71936
9724023.624583872,1.586337618707684e-06,71490596890.03134
10110142.94965601,1.534043047812942e-06,76009101423.18326
9172109.552184913,1.607142937354407e-06,66849715591.6586
8868894.590380548,1.634225203499033e-06,63923648855.75924
9454533.350767912,1.5844835454559e-06,69563529520.40714
8192394.133693228,1.717523165958308e-06,57122749365.23262
8321336.526834158,1.695028581947176e-06,58534026791.99763
8157385.125120117,1.729336988367749e-06,56619306580.32585
8550130.778339231,1.799241496951741e-06,57798040932.24168
8248859.936088013,1.743440585008946e-06,56945030302.19819
8213730.35653565,1.755441793881485e-06,56443788037.88609
8921966.539558981,1.700267176438977e-06,62630009307.4287
9277985.267387183,1.64030731437462e-06,66706813826.09801
8785198.493567923,1.664173763516287e-06,62558423798.76955
8677705.169338088,1.796865791212335e-06,58712124664.65324
8719594.342794614,1.746898943335945e-06,60115217976.46457
8374174.974110574,1.741324272440469e-06,57856957946.05499
8873135.116870947,1.795218755970089e-06,60071089698.4889
9340403.536105473,1.742624796962998e-06,64500494841.4435
8951892.432702916,1.747056110753643e-06,61713041736.2973
9336357.073996233,1.579979742895084e-06,68824506701.96751
9621279.286309076,1.557623542951636e-06,71601890043.55222
9523728.041933656,1.52589409881998e-06,71855065504.20369
8402726.399671141,1.680968168402775e-06,59435679170.31962
8273152.500943582,1.703382587480639e-06,58004661168.92377
8482105.913092282,1.672888271710441e-06,60190192658.30114
10056379.98505018,7.668059400974548e-07,120037800573.3368
8995382.532622481,7.60259051898602e-07,107988763936.7692
9166702.737385701,7.858688865303844e-07,107641502569.9346
8470779.636534955,9.958960105313099e-07,84940351820.80884
8273149.636900114,9.691514534168774e-07,84477900490.87273
8488970.66395851,1.025467479120882e-06,83478333663.20798
9216538.963868644,1.106992834415105e-06,86126736303.84001
8704577.68359437,1.030270687383932e-06,85332304873.06425
8723017.909626273,1.059958633917016e-06,83908795386.08363
8903302.10584145,9.992952438702322e-07,89074876685.94756
8660056.392638087,9.577995061239536e-07,89125979174.61823
8630724.417086011,9.884033287914472e-07,86981010753.92363
8947312.757736361,1.741323094281468e-06,61816779927.81779
9139837.904267458,1.643079761291671e-06,65639620688.11556
9307905.127015512,1.670961520780857e-06,66100942004.67436
8730435.419270504,1.663972729723232e-06,62173469199.8333
9110957.804611625,1.615427250267429e-06,66176800407.13168
9633356.321397426,1.534200109027271e-06,72419627207.16579
8755996.398956783,1.809566036909128e-06,58964318480.68951
9512136.992720613,1.730317336771089e-06,65997516034.32256
9092533.73327641,1.68218938002796e-06,64283818029.57574
6738553.736610359,2.136488831612285e-06,40622465458.00476
6519130.62177927,2.186052261494748e-06,38703418208.51366
6995752.173585806,2.083632649587093e-06,42883179714.33434
8605720.471486617,2.027740822196623e-06,53717064604.6624
9212326.824784748,1.948858796472893e-06,59044904050.32079
8601832.856560076,1.922135580514346e-06,55641861915.77965
11962980.55364743,1.692701329981431e-06,84227227729.75667
12417705.80517854,1.844773930699674e-06,82555484652.19455
12821161.8239505,1.704520112887212e-06,89851630322.94353
8846904.061020721,1.861367115696794e-06,58465987978.39111
9465885.601600403,1.887104862569716e-06,61986516274.84335
9606878.70991103,1.781932340276508e-06,65361423338.83892
8789467.126595024,2.079612074241265e-06,53947872942.51721
9348300.222933969,2.128017596811752e-06,56504431291.42532
9402405.623989986,2.000132776492686e-06,59228822457.14156
8885197.482593287,1.55581018721368e-06,66175314043.9698
8896387.553868636,1.552202231430228e-06,66361290792.20454
8584822.155067086,1.616407758107993e-06,62330032285.57272
7526586.860237214,1.966330428823859e-06,47954247232.26747
7578826.932151511,1.924416465766559e-06,48985695698.32489
7998825.568379847,1.862218605686397e-06,52845229121.01976
8240948.313378825,1.804562746727713e-06,55598430491.96311
8054854.339209031,1.882460563792035e-06,52833222407.30345
8248690.339324825,1.77137582823865e-06,56343591172.80468
8358719.06932064,1.691034946932786e-06,58889519023.75813
8317251.512515294,1.756733627532613e-06,57127150003.63903
8325029.289314019,1.723736106858051e-06,57908002468.44936
8432919.819701206,1.703148139462234e-06,59130246313.65615
8623202.206704156,1.772938103370123e-06,58867128831.2748
8391268.386476507,1.769034336113614e-06,57368052046.44447
7136829.269304126,2.196168708872609e-06,42240414822.71207
6634838.178705464,2.237158511856759e-06,38788158704.64796
7193832.571250186,2.277154323793866e-06,41562214867.05511
8204446.445093322,1.939150973099349e-06,52760414984.69494
7623070.782529372,2.015775432336865e-06,47771460657.07441
8208243.208695327,2.044117021829222e-06,50961990146.65108
7089613.00926754,2.086329622861559e-06,43421075864.51128
6609748.525363464,2.189433744137826e-06,39200992715.21104
7110806.897525027,2.148539396221935e-06,42706108986.98334
6762075.831005257,2.141703970848024e-06,40698063223.32742
6813034.45916663,2.123323816520096e-06,41241054831.74516
7125380.923076238,2.06177014967868e-06,43986011991.42062
6437393.852408987,2.200963317817811e-06,38045346569.9229
5839724.233024025,2.300387354285591e-06,33511332076.55384
6487116.363492143,2.182818709350013e-06,38551378314.47392
11107265.33177288,1.266111381345821e-06,94905752706.52765
11019133.75133788,1.198626160547677e-06,97654355892.64226
10515099.57906401,1.25866422550578e-06,90200053982.22743
10231446.8776829,1.421648848810735e-06,80923655995.1702
10832762.54509111,1.335024286589886e-06,89346959762.81161
9962502.857329151,1.379667928575131e-06,80386924424.414
8470880.904197434,1.648707326670655e-06,60696856188.82784
8436965.616062155,1.680980661075794e-06,59677570492.74682
8769273.416686973,1.587497417746911e-06,64439910136.41863
11351789.32286044,1.737819807629895e-06,78534622494.8744
10385246.46758351,1.884037566416543e-06,68080661856.59048
11794856.04266364,1.889113677165702e-06,77182809500.28363
11776436.19126028,1.190437168755359e-06,104843834868.7995
11335029.22273326,1.18136862592336e-06,101429827950.7733
11424412.65256431,1.249125012448895e-06,98498574439.3441
10529777.02013373,9.573228096437897e-07,108404398354.625
11217205.13138578,1.041906735784061e-06,109143723235.9779
11405230.37002888,1.023064259530213e-06,112331645278.0828
9136500.426955868,8.16928981815596e-07,104549913166.5036
9137691.147369262,8.536461923867293e-07,101543283630.9604
9750563.507476445,8.287288364700112e-07,110515047516.1006
9373939.941738419,1.029300507062401e-06,91951900295.72656
9725727.870230919,1.085142098447783e-06,92101005604.14926
9930322.599560549,1.011257431595026e-06,98564882052.35715
8789176.605819333,1.02403117931693e-06,86511279983.10941
9303584.263678923,1.100785858988259e-06,87266669354.33592
9064225.69142266,1.035048254917305e-06,88584345119.30527
11524424.07269168,1.150184969281589e-06,104980210443.8168
11969468.38391688,1.159967213125964e-06,108420411844.2131
12194376.01100764,1.127249205315037e-06,112584764502.9067
10086754.33343896,1.17757812397776e-06,90453412815.4935
9829961.827597216,1.163809313008453e-06,88844513295.96356
9736276.714322867,1.256665009972445e-06,83607754563.97856
11163775.3539838,1.102793676194184e-06,104587932358.245
10614201.58575022,1.142159315380461e-06,97141068029.12926
11050641.33422942,1.142560154186878e-06,101111705027.8126
10136440.82845392,1.034504267597687e-06,99097789048.86076
9929722.680322737,1.108319837754561e-06,92717215805.52809
10187806.56610667,1.122034679654701e-06,94350275005.64252
10273298.67518814,9.482746665599302e-07,106435657888.8775
10356236.38002864,9.842604942051379e-07,104663499590.7337
10952436.35307242,1.031998982913719e-06,107248499621.2611
9866127.613559656,9.149135284896042e-07,104687146514.8952
9319641.447110094,8.976132756109016e-07,100155090116.448
9947408.466384275,9.50865078577901e-07,102872040199.5961
10253601.70075815,1.29620160161867e-06,86250457525.33287
9967966.076374814,1.34858503036244e-06,81662184799.43269
10838459.35272877,1.303516951387226e-06,90828699872.58693
10411488.28325119,1.175678608568517e-06,93466017281.78665
10343821.96970252,1.236198887962986e-06,89802578097.46552
10843782.49538643,1.175854451086501e-06,97337103717.49211
9683857.966599684,1.318852989610059e-06,80522543666.41402
9685388.276323751,1.352450815734309e-06,79195903112.99352
9966974.910623446,1.300186117734491e-06,83668056671.24875
10150767.8277208,1.202257840967433e-06,89777425889.40091
9799170.034213014,1.28138437389917e-06,83062119947.92577
10083955.51232526,1.262601776327842e-06,86321701133.35651
10998748.15111792,1.073250986052634e-06,104924214576.5737
10401271.38897292,1.02545870124839e-06,102283986227.9535
10453302.963334,1.113084715121203e-06,97327311036.12401
9272039.858610908,1.057313501206e-06,89338660784.49249
9514108.973210353,1.123168064355928e-06,88051810550.72415
9621928.152817598,1.113127958761832e-06,89584329781.68555
9825183.300654309,1.322248152725729e-06,81557771171.94441
9896704.710288109,1.391419346187282e-06,79405744261.09999
9522679.848917322,1.417732085369944e-06,75456456215.05775
9766154.699263044,1.182483588409314e-06,87336044403.1183
9829454.777161971,1.252307484076357e-06,84603587334.95459
9672774.869204076,1.275348749197268e-06,82249217104.94341
9628630.247106856,1.186136981846842e-06,85929300874.13197
9665414.870371899,1.239895386507308e-06,83745948174.86977
9800300.554672379,1.245944914672036e-06,84639580115.94862
9007184.118907534,1.135570598272098e-06,82752212503.52588
9293880.058076842,1.133423734085759e-06,85493978637.59346
8798264.196621109,1.086216105290434e-06,83263150651.91899
9184764.081225086,1.169181214411742e-06,82758660554.83759
9510739.17679612,1.220650575398731e-06,83269642144.48746
9474250.354583062,1.166984081542434e-06,85474171914.77795
8739119.430024333,1.039025663150855e-06,85188994369.66026
8748904.352800364,1.104656264379585e-06,81872030638.67885
8637962.267141463,1.061049306704359e-06,83033674770.13446
8835982.273675052,1.163638352147447e-06,79868614651.22346
8779480.993617456,1.17865890672472e-06,78682245932.65282
9033865.623069635,1.215458885447964e-06,79319526135.60484
8983846.899512745,1.166070705418429e-06,81092200510.57454
8887016.51075192,1.160508204579157e-06,80474294293.90129
9085467.338049179,1.212175350232696e-06,79916595166.65681
9819849.117564924,1.343531107476898e-06,80650363782.23056
9937898.642166561,1.371470213172373e-06,80507617876.40543
9730888.078876849,1.296353620801995e-06,81847136058.74304
9922601.98640812,1.375431361125279e-06,80229291391.49434
10143247.22270925,1.42381847049571e-06,80144537876.19339
10041265.6863192,1.403341296160613e-06,80108682305.77797
9269595.461978685,1.498776394556311e-06,70778749449.97136
9840671.72788883,1.462594269045832e-06,76373407261.04205
9576948.203887936,1.420574062691262e-06,75785226216.28239
12242064.64943814,1.159930449082628e-06,110891953933.2679
12612876.63278352,1.150950086156689e-06,114844399535.3652
12469507.06375968,1.128101316566471e-06,115066935822.9346
12123520.19598214,1.247587063204156e-06,104611998393.0112
11974811.19133186,1.207034742756132e-06,105630376399.332
11619812.70188002,1.2650317962993e-06,99341679968.61057
11416149.8920249,1.134051742645326e-06,104977868100.437
12082991.8002577,1.11030777175667e-06,112688317396.1464
11531134.96354434,1.094369795736851e-06,108583205031.3379
11135537.72114077,8.993831161010064e-07,119512878459.118
12201871.15248371,8.504279732861322e-07,135936080411.4623
10755163.90442143,8.443197359545631e-07,120396096365.5951
8474397.687738994,9.758633263132614e-07,86135631613.32639
8503463.033388095,9.453007107610365e-07,88284102254.83731
8276725.237546956,9.491887592524503e-07,85695262583.23286
9824330.201706031,1.224681282159822e-06,85826400219.13281
9761046.65332621,1.154954648810169e-06,88671985752.49123
9652448.631988792,1.164996905673676e-06,87180827019.66582
10453632.95383346,9.336512117976315e-07,109431949721.9966
11325978.5300123,9.993226642497436e-07,113310957452.9175
10904484.14063751,9.469991207939909e-07,113076426350.9348
13055791.72254914,1.246394304407866e-06,112728287465.7021
12797301.26994807,1.191336589702428e-06,113875091881.1902
12575230.49404635,1.241203564732281e-06,108881462226.8387
14669464.58145621,1.363650456508277e-06,119292247642.6373
14844808.3558826,1.33318269932155e-06,122550423342.0307
14373436.96247978,1.286220369442127e-06,121530058394.9507
13669892.66593994,1.285050717056062e-06,115651585860.9621
14372970.93980481,1.351458455126014e-06,117583057170.9943
14079965.51522838,1.274220884047216e-06,119794931989.0392
13090318.94706682,1.188987392959053e-06,116635850839.3851
13351737.2467626,1.244605306417125e-06,115394031090.8614
13757045.4179201,1.233221202826721e-06,119627542854.2353
12462365.5307457,1.281053659243246e-06,105654728350.5388
12344916.33055945,1.350724196301597e-06,101028451779.3038
12940785.60090463,1.286220144905184e-06,109416739843.8665
13332870.13454566,1.498980875583814e-06,101794954903.0059
13214542.85077529,1.507558916992317e-06,100508458984.1598
14126837.00569454,1.440876104993286e-06,110737277356.5602
14941919.08127821,1.293702973463267e-06,125849065759.2057
14895167.89671904,1.23937918550386e-06,129094955085.5789
14629005.086607,1.212230518203803e-06,128674152175.0102
9973655.509390924,1.530126697526157e-06,75110865854.34
10191493.97319643,1.524368917523817e-06,76944537847.14278
9967637.967972213,1.56705716267789e-06,73881498679.50581
9189861.482609482,1.776934839135338e-06,62641377174.12445
8726422.418175451,1.829871114903171e-06,58329631238.60725
8369770.386218046,1.88576463785981e-06,54834668061.40045
9328595.257724579,1.597000999840737e-06,68277790484.50993
9705964.098677725,1.555989390901182e-06,72282682192.12001
9498381.221459795,1.624403037117803e-06,68736445104.91435
9455941.169216273,1.65097647092552e-06,67693064032.55601
9096491.120056756,1.710865201676676e-06,63591153747.72874
9488094.244904812,1.706685343239027e-06,66437000596.25266
8488491.804695347,1.876609756238325e-06,55793193517.18958
8994235.282735355,1.793465205709226e-06,60930621386.60516
9269376.586357348,1.768207961419285e-06,63391101579.5321
8227789.210906523,1.920989149790107e-06,53243494187.33882
8203686.277941307,1.944923936439768e-06,52651081496.92886
8725819.039980076,1.837455545529008e-06,58164987838.66386
8432715.183617689,1.868845191584044e-06,55580000611.75758
7846714.437264007,1.926323963233631e-06,50683698207.44862
8043521.412441507,1.920924729377173e-06,52052228058.68004
4893064.900218836,2.444508280723515e-06,26964143784.05858
5060213.305455074,2.454778656695907e-06,27807413727.31388
4734745.001093675,2.503526462801233e-06,25680006932.19112
5112158.415429452,2.446400793332318e-06,28156968652.27526
4954076.002702409,2.437266152048306e-06,27354410515.24232
4987051.151644642,2.475128438934859e-06,27254946212.96732
5899795.669589705,2.270175389976878e-06,34155766024.59608
5474973.51625351,2.321024222317018e-06,31231696394.51659
5508256.035650512,2.340037086543747e-06,31251122794.8896
6558483.907147965,2.065169940384534e-06,40442028155.82761
6885677.538202182,2.044978578526515e-06,42738653798.95805
6754541.818120047,2.033638569359662e-06,42080418287.39408
6237843.132245043,2.163343734623963e-06,37292150558.79092
5978241.716476341,2.199905539279691e-06,35343057336.19231
5632102.455911067,2.271459195152145e-06,32593719245.00458
6855154.236914065,2.074591040980333e-06,42143334820.91132
7621028.245769436,1.986879853218643e-06,48220587854.22557
7080739.787237859,2.037889226769375e-06,44051251608.68605
6573974.803184413,2.115909543518908e-06,39886871151.03699
6355200.99234323,2.10573079849019e-06,38683645153.5192
6794830.996025587,2.040346268432347e-06,42238589509.83374
5476986.948696103,2.391131525759099e-06,30629463916.03666
5646955.358626217,2.327520590955285e-06,32152790195.03919
6079502.230103882,2.30235000446432e-06,34867471782.84406
6229985.513861266,2.104210323250659e-06,37939733173.71819
6353448.183137449,2.083307416153441e-06,38949981199.93934
6376982.400522499,2.065340390818167e-06,39320659449.49516
5709695.337576686,2.276883709676875e-06,32990257257.80098
5904098.401835534,2.210369219145931e-06,34794481655.52769
5963113.332961882,2.229663116492637e-06,34939248825.9429
6085782.756305284,2.156826584772171e-06,36456331110.75004
6255868.481591364,2.11360502923383e-06,37984381057.18278
6037675.641458005,2.163079679214421e-06,36098412195.45159
5694409.371964622,2.260436733774248e-06,33061339698.67242
5944910.021388407,2.193560283364423e-06,35213746732.21442
5897364.065595378,2.199754725803577e-06,34866506349.53674
5623576.346088765,2.290607304432907e-06,32362756184.01366
5614973.50269051,2.284650197061463e-06,32369393938.22444
5816520.073043406,2.22410943503078e-06,34137034906.94549
6225826.386787077,2.265519398660483e-06,36092626086.63146
5788009.634951111,2.290571947726026e-06,33309385460.24915
6043140.851194838,2.243474059883675e-06,35262682633.71632
5225881.691917688,2.417329651909924e-06,29013646858.049
5055996.361422936,2.40704970720779e-06,28150322858.03286
5391938.207493403,2.35372645478004e-06,30472464566.08061
5069256.944868479,2.386772789309493e-06,28383781362.42819
5288253.733347335,2.341855448007051e-06,29987405678.6027
5397197.539287869,2.327460609237484e-06,30731240211.88105
6172496.77454588,2.160659553689274e-06,36932041096.37255
6654878.552078823,2.087623767883598e-06,40741653022.0507
6190645.738816847,2.150761382856581e-06,37154190090.97803
7608316.584974125,1.9948709054817e-06,48011511416.98361
6956057.274493186,2.109105250669925e-06,42295839297.50136
7324468.837022146,2.029835397066234e-06,45688011291.19107
6846062.916733354,2.0999112568312e-06,41748440608.07629
7066152.449439241,2.115495000495765e-06,42878705675.45269
7588260.446750583,2.036175735342398e-06,47235159911.50276
6546833.373919391,2.140365484061266e-06,39419035616.77364
6367542.907122725,2.197496682370441e-06,37672091133.4577
6762097.775165834,2.155863294485104e-06,40519800694.01553
5786947.661140992,2.311509718813077e-06,33101860590.89407
6217161.267962428,2.243381189568729e-06,36279120496.25623
6431484.792322256,2.193064236403044e-06,38101640816.35876
6748167.713948973,2.675253376804561e-06,35016756840.96914
7530679.167221137,2.813154415890185e-06,37789553845.60441
7945275.155964877,2.760040778321035e-06,40379903458.6866
5564508.747585108,2.535783760202653e-06,29923933804.03472
5981326.317799367,2.572147220283902e-06,31861553571.51139
5972065.279236758,2.519049454673826e-06,32257701371.02692
5475520.963726151,2.556447621991121e-06,29286502741.18452
5607561.315625428,2.601768982773017e-06,29643413342.79698
5889052.644653469,2.592841949732016e-06,31202884268.69189
12034550.56104685,1.62491085404338e-06,87071665045.22575
12895250.69967587,1.636428269824703e-06,92860668854.6824
12710648.65428328,1.572446320643647e-06,93997685853.37189
11337664.44494998,1.547218145873799e-06,84753159879.51099
11677132.80415238,1.599742886090478e-06,85369504574.93446
12457622.33120372,1.538632249858686e-06,93471369648.89299
10128114.7748191,1.74137648886962e-06,69973483751.2462
9983333.335892903,1.847299291000095e-06,66310768796.64916
10931408.97940153,1.700860047163965e-06,76717967728.07224
8818905.265540486,8.492315602124502e-07,98340088234.73985
8817735.500475841,8.125443866947014e-07,101264915467.691
8466937.385379104,8.111144641096807e-07,97350514422.43077
10051212.14691092,8.104634871680268e-07,115627944052.1487
10329559.29538642,7.798022463360764e-07,121924824291.2997
9427601.166455727,7.982675033376219e-07,109555848851.7421
9316762.560321581,8.715475680136191e-07,102110631943.7477
9863165.516458379,8.889037633562038e-07,106687406524.4356
9935514.037023736,8.468967067673103e-07,110994990547.9639
8928094.596856855,9.551162757762642e-07,92056533990.54617
9175050.114716327,9.967853846578961e-07,91947657772.98859
9725584.188101249,9.785466615054661e-07,98672168157.86526
8532634.931930251,8.8144144235276e-07,92815573891.10092
8618418.71134709,9.132655136777429e-07,91557983170.25255
8792215.540492386,8.835017912853203e-07,95490471261.6833
11535134.52487942,9.349074887646888e-07,120645252860.9277
12368520.74651221,9.884606563714489e-07,124645949439.1311
12619998.44218713,8.869200775989087e-07,136710847968.2398
10195077.83475101,8.987024786283975e-07,109474571199.1348
10640377.76739329,9.11387585129982e-07,113193539818.5782
10268631.40250917,8.569281375976619e-07,113819401091.2752
11755212.89091391,1.021786833267935e-06,115875146805.7766
12151650.43488059,1.022030324859719e-06,119763941298.0573
11325730.81135759,9.687326172894748e-07,115681422404.703
10056953.8378921,1.431173090859366e-06,79190244171.20784
10159014.80835238,1.451982359443364e-06,79227758059.90581
9985056.317742594,1.488169310755711e-06,76603560499.41185
9593073.1860708,1.330212840796132e-06,79312870313.74123
9749108.852027312,1.30712923811177e-06,81549111447.14722
9447787.961701566,1.402301187996068e-06,75411214724.60609
9881712.265623616,1.288647762382491e-06,83446742533.68797
9746265.550997684,1.282734662237189e-06,82555691575.91161
9953438.756012646,1.357572827078214e-06,81182868176.44983
9373033.556020821,1.461491415891433e-06,72780660500.95392
9744136.347483598,1.435226042051636e-06,76582548562.23273
9224238.522218756,1.497097320386367e-06,70485075480.45934
9039056.197807889,1.522629041250203e-06,68295750303.24723
9197734.160558974,1.483251489498182e-06,70719251874.37204
9050342.708194511,1.519017412469702e-06,68489372952.72845
9543366.396440513,1.38274495574884e-06,76890651848.69266
9541847.348459575,1.349039039237703e-06,78153683643.17776
9396952.027867185,1.421349805121331e-06,74333804346.31215
9362943.520809175,1.264248828838898e-06,80079993701.81085
9675373.309794785,1.316681800419054e-06,80540411127.29698
9587070.615915786,1.269634951507758e-06,81764856699.91243
9123274.356108665,1.18511025689534e-06,81466344731.82631
9225678.113833949,1.231268289311292e-06,80308805841.11116
9448165.987386459,1.236797764636819e-06,82000226758.43166
9126763.458423065,1.270814267204693e-06,77790890007.61203
8973841.98565441,1.286581233722603e-06,75861299251.66435
9102239.218312951,1.333459199162705e-06,75132601013.08109
7780917.607252557,1.986182519352792e-06,49243779693.8017
7828314.843235475,2.007839216720767e-06,49186848310.89409
7297866.694234641,2.086730322797864e-06,44690825301.72929
8954835.726611875,1.643478508627348e-06,64300586920.79476
8764279.443880215,1.741317891406836e-06,60552327549.52869
8572438.195926888,1.671909939735329e-06,60854931262.96008
8843723.773154404,1.813793174290229e-06,59462522275.76781
8318021.0464225,1.920736182062351e-06,53832126586.82981
8690544.739694187,1.825355381842784e-06,58185581541.88493
13927354.69714364,1.416149267091088e-06,110440733298.5528
14046704.87223723,1.390342692757781e-06,112761250983.2513
14243952.12855973,1.364009113512875e-06,115811669971.3844
13102329.27341978,7.506091331612906e-07,158637532639.8395
13932175.05328901,7.508567361198227e-07,168647873077.2631
14225442.20872522,7.494936584913863e-07,172406565576.2098
12650691.32640654,7.629833021091217e-07,151508699431.3173
13574614.96404354,7.708903255664854e-07,161460312843.5395
12989643.79900923,7.667621941833918e-07,155056549167.4353
15167888.11625146,8.425799564608384e-07,170026925047.7023
15186673.80084379,8.575634891106211e-07,168248735787.9796
14867310.66615713,8.143675759784411e-07,170484709498.5132
15406928.85942675,7.236148009223512e-07,191151531963.6609
15271446.76135496,8.225462626300172e-07,173956219262.5938
15389394.97993916,7.809946863079815e-07,181463587928.8369
15474436.50205361,9.134669690612723e-07,164368885832.6318
15338921.55338967,8.825564033114832e-07,166711866107.3734
15320041.91047976,8.674398980552511e-07,168435523582.5404
14373323.57323251,9.424382844087529e-07,149527792751.1263
14733377.43131422,9.574527057379156e-07,151666882734.1147
14094877.50634122,9.797556077444123e-07,142883737122.785
14662656.32981549,9.557385809485371e-07,151119292016.6711
14305808.0163493,9.441701245324385e-07,148643374562.2662
13830696.61613147,9.901736553187282e-07,139220485341.3065
15071337.154428,8.673549670574735e-07,165711966879.3315
14967382.02871502,8.775939027387096e-07,163286436882.7968
14614277.79814451,9.03949387676554e-07,156320024764.8557
15266170.78550567,7.521775239340732e-07,184579393779.3011
15187730.62695498,8.161909299527834e-07,173899517196.5635
14886955.65112894,7.882543364510093e-07,174459644099.1763
15400449.74287982,9.305644738001635e-07,161573112628.4345
15150712.55328866,9.384131409127997e-07,158065469196.2321
15140718.72757525,8.970835674179291e-07,162776319276.1798
16489993.55745777,8.600336993847346e-07,182337854386.6602
15599126.6554044,9.164602545877617e-07,165332358437.7992
16341158.54140691,8.790358166383813e-07,178078626050.0018
15352825.46735421,8.14513652712482e-07,176031099117.1806
15476991.97594539,8.403738201633134e-07,173795374791.5635
16263947.97406532,8.321164713512719e-07,183838540673.5005
14743484.15451253,7.797654123351313e-07,174030011560.7567
15032446.45844937,7.933914274746172e-07,175403395618.8811
15379915.47034119,7.868049172690999e-07,180457902393.3208
15146129.01447349,8.154672817002326e-07,173525761080.5308
15200773.18195669,8.361664495179115e-07,171265749774.7375
15077721.90643819,8.103949357518116e-07,173462093406.5035
14646800.80361851,7.915323218840777e-07,171171059698.3313
14889830.64368524,8.009363624009469e-07,172646488990.7063
14359286.37694861,7.833582521204594e-07,168976343648.5633
14848906.92661562,8.083228847256495e-07,171121496184.1057
15168073.38627544,8.513849650461109e-07,168854680550.8402
15093600.88960847,8.180625251371301e-07,172558038907.5079
15152358.46185739,8.273648673522833e-07,171928887253.9664
15102591.05254567,8.583828807436447e-07,167210712576.5092
15207013.85536176,8.482364777814132e-07,169706826240.7522
11746855.99937038,7.491714498649574e-07,142407927443.8522
12013782.44394944,7.489051166443925e-07,145678422923.3516
10947887.70156407,7.425636530240841e-07,133508179996.9921
12675366.00403085,7.549748092509751e-07,152875844043.2758
12807354.09982819,7.628535793108364e-07,153402330775.9016
12631023.6456036,7.59688328406142e-07,151710245830.6944
12519597.98110799,7.135460814668535e-07,156786632763.7365
12524008.76649245,7.415446612998254e-07,152868670274.3113
12165063.81095612,7.418875674137872e-07,148441612206.6524
12417624.90248866,7.590127802969784e-07,149235614413.8042
12753461.29746405,7.627369182910334e-07,152772396041.347
12621751.91451147,7.547748691750234e-07,152256094412.6582
13354306.52029145,7.689229974032869e-07,159110719703.0166
13947342.10758323,7.732480292806831e-07,165556246852.1859
14120606.18213463,7.721169425634547e-07,167776560167.5543
12152023.59099167,7.527925125545148e-07,146846999379.9084
12510777.51014066,7.524987938034735e-07,151221576731.9894
12466724.23621712,7.572128334508179e-07,150063029239.1603
14169086.17202907,7.499577158051605e-07,171652706889.5643
14224801.61269382,7.765968700752952e-07,168363958293.3351
13004936.19975584,7.60436646669363e-07,156098789022.3263
14929092.54708872,7.736981573491157e-07,177140976842.2466
15569475.21645412,7.806224022732681e-07,183645363225.1305
15789063.86950077,7.689470276665062e-07,188115869024.9528
14500851.49081492,7.567917074490224e-07,174612740431.45
14664025.73858136,7.675571900623444e-07,174922651325.57
15516435.81626735,7.629819920853535e-07,185829978821.7133
14416997.84732151,7.847495210693443e-07,169454898389.1232
14948597.54083851,8.024802002914599e-07,173105512886.8653
14880638.47616917,7.974937374903569e-07,173036097334.2471
12495846.58555338,7.346632928118063e-07,153475877079.0313
8830156.434070902,6.989282586469045e-07,112119201882.0079
10221806.83227156,7.279249024651511e-07,126319370170.1706
12391413.00972802,7.479761316629101e-07,150381936394.1065
13484266.77915783,7.469364613881695e-07,163796605146.7529
11117573.48160749,7.40199859375675e-07,135865964588.3129
10625770.2913279,7.398859168966228e-07,129892452188.0467
11676234.0338843,7.462111552904775e-07,141925892233.4888
10440712.53860146,7.384370503855552e-07,127797145275.8549
7704052.523902173,6.926791734600461e-07,98408168318.16643
9606039.300606696,7.264806281377192e-07,118867099901.1479
9430125.243312141,7.250230721812349e-07,116846643792.0571
14545858.56620985,7.527724107307236e-07,175777613832.4302
15562991.08389844,7.584808664659366e-07,187124211002.9925
14845481.75306789,7.510678569190342e-07,179669700886.3275
12796608.90058176,7.572400441438488e-07,154030189185.5568
13571677.93085459,7.52882467416754e-07,163989266139.1948
12752804.60358507,7.525534120623116e-07,154139573427.873
12870284.37512805,7.598113331939319e-07,154567303865.4178
13048271.28648666,7.63038220339903e-07,156262745115.4233
13647548.65083698,7.555368546685873e-07,164519563508.0085
15927419.4267144,7.819836889780717e-07,187649302221.3348
14165283.38251943,8.068357785246611e-07,163443819066.6077
12521701.77843374,7.853379064111872e-07,147104395385.8683
8917080.562302891,7.148588434923681e-07,111534483607.0475
7620636.161381766,6.859326648717932e-07,97979880160.86958
7241022.024173516,6.825816405546421e-07,93403568000.93896
8447339.76848156,6.869558868318819e-07,108501080477.7557
8403485.486572955,6.886380224271581e-07,107761953486.2548
11987279.98573547,7.242279952442886e-07,148640483784.9219
9081670.791375006,9.018055103009555e-07,97294994608.14088
8905022.115789009,9.31397074051391e-07,93370945409.24294
9701502.633462794,9.547672626347631e-07,100055429291.4003
10254448.64070757,2.160825592986108e-06,61352533923.66904
11102127.792236,2.204359076663992e-06,65546775024.67192
11715841.65246692,2.038354811060252e-06,72876410156.21416
7883332.915548488,2.603929361206992e-06,41650837160.55347
8483848.129307527,2.704083598672443e-06,43709866112.5695
9024288.189215437,2.603791660896471e-06,47680646440.51481
8816350.616020937,2.44035203407327e-06,48639286972.19431
7962892.216490203,2.538224247332524e-06,42794127693.9649
9109396.358445182,2.537499198990069e-06,48964988461.062
6651279.621079877,2.45025346423983e-06,36595796010.47589
6389830.701373961,2.493677008402998e-06,34747952373.87734
6999946.296300883,2.531140939285644e-06,37689220552.36678
6242422.242399537,2.293762035204293e-06,35891166022.48181
5933092.932011178,2.378854863840394e-06,33294246209.70675
6406733.410465535,2.379597190927452e-06,35944657901.48827
7193347.799122273,2.032672559744972e-06,44828352270.73811
7298815.519054605,1.981833484896525e-06,46260211302.91934
6932508.582143561,2.085515333498517e-06,42469924704.72609
8019538.39387462,2.090934021242494e-06,49044369031.19883
7441256.619843624,2.061675452684168e-06,45937365186.01964
7462969.366551397,2.123910359244288e-06,45166960956.06477
8044029.471149628,1.913435094195328e-06,52191265765.83947
7575928.887008975,1.939015283885884e-06,48720873708.21651
7468470.459877122,1.989617243026146e-06,47211954166.28825
7316992.457303106,1.979305046681853e-06,46414903587.63579
7265664.290198741,2.02134052774469e-06,45448093700.15498
6950223.81189721,2.082420538946082e-06,42620626661.70488
6307016.73984585,2.525905130864386e-06,34005249079.79362
6316533.845331809,2.579245098758818e-06,33585391736.53953
6913256.22405931,2.563656146323634e-06,36907061655.55825
5903045.043418092,2.42194409864281e-06,32731558699.87207
6119591.087296471,2.466312923427974e-06,33524086381.07504
6375507.68916356,2.423181713622579e-06,35339260056.73253
9241271.623862773,3.213488459600922e-06,42437250571.11113
8663167.9266087,3.146345237033968e-06,40346495377.98946
9281623.795032464,3.188260820823082e-06,42847096729.28275
8293857.295384519,3.03329733935548e-06,39580374810.08216
6893564.05355959,2.871172620711958e-06,34124865319.31846
7423915.367046608,2.980395406650357e-06,35846802410.34834
10175258.36591022,3.227398447847562e-06,46591896469.10067
10104744.04342904,3.190496675165827e-06,46625101070.14893
9738385.488415321,3.214500532877284e-06,44710681928.29175
7651621.303430011,2.898764090078656e-06,37636701319.87157
6948112.685755836,2.850726652811578e-06,34559156652.85629
8353679.808252838,3.012939086569527e-06,40045242134.9701
9558761.768060429,2.950845102626286e-06,46462655681.28535
8295009.255079057,2.923622916177015e-06,40569778510.13839
9025353.841364039,3.038745599541113e-06,43019762546.7158
7888159.51753512,2.708810916264296e-06,40593505524.34979
7309504.316894782,2.609221143218379e-06,38566835095.05811
6695538.50413633,2.624514059215839e-06,35190025064.93014
6061673.863947073,2.759586150583553e-06,30810347399.15349
5570802.899152086,2.697404805652833e-06,28748843254.83102
5889221.555407041,2.754006721240828e-06,29974220360.81494
6272436.37588087,2.650459514576113e-06,32750817744.35888
5981816.390193556,2.659041147140292e-06,31166141622.34943
7027631.266055981,2.787454696491523e-06,35481645668.19194
5697791.311546852,2.433219805208108e-06,31495775787.96126
5543775.24884604,2.467993538602651e-06,30355887612.4399
5910573.513081454,2.477409017621283e-06,32282300851.13219
5906522.150499172,2.781084270607024e-06,29866825952.91174
5582068.836608848,2.737369686621927e-06,28525912915.61753
6137861.895013739,2.855681521732021e-06,30493733335.72344
6395939.492617017,2.81631926982942e-06,32071289498.57685
6218762.274650069,2.810459695330456e-06,31226193576.93977
6907151.399127184,2.924583413528424e-06,33774554853.02441
5409959.889751204,2.681203099792457e-06,28031149220.09043
5404488.232579036,2.694211319506794e-06,27912590098.60966
5723812.44789115,2.737653540353865e-06,29248239992.01304
5635180.092606975,2.653229925288803e-06,29402970537.26311
5508527.453278705,2.672234416925574e-06,28605693614.46949
5996705.086730054,2.734365574175254e-06,30667259822.6983
7056389.359985455,2.817525995469587e-06,35372893130.20712
6008350.795066571,2.689054282530289e-06,31071024116.05077
6381471.215183308,2.770593770069335e-06,32349848096.90407
5283025.833175579,2.549612252989314e-06,28307399617.6879
5110936.73945302,2.564931681556896e-06,27276164705.19481
5412738.391728774,2.594711737745101e-06,28665374916.82819
5015279.977269513,2.546453197428927e-06,26894989773.51439
4961781.967706919,2.554593956381978e-06,26551542492.92911
4739506.067618933,2.543900630922975e-06,25433120850.83986
5589759.497332063,2.517033395185466e-06,30208822965.55985
5273993.043033524,2.534089982312098e-06,28374280944.37347
5407749.238463826,2.519686050040873e-06,29204666896.77853
5190236.433236066,2.557375243603766e-06,27753909689.26155
5033131.615574523,2.580135480808742e-06,26755307493.60414
5120750.072797202,2.554238043551099e-06,27404759835.31519
4866753.59275094,2.53290346502836e-06,26191493648.84559
4975682.435195135,2.549566537458855e-06,26660917281.77361
5145498.182076402,2.534123752272839e-06,27682727821.5517
4758382.328490216,2.534805786064486e-06,25595456171.81399
4676462.749757162,2.540992910521296e-06,25113958779.8706
4897272.375719152,2.551679581756067e-06,26226288454.8634
4961525.928640065,2.55513567117555e-06,26546419636.54655
4930147.684250044,2.554821278090293e-06,26380695790.11643
4821721.180824119,2.538236864870871e-06,25912779238.14917
5207796.778138739,2.524519472811275e-06,28088909484.46907
5076552.331595902,2.538934510570411e-06,27277288784.42225
4799075.20778542,2.536381819649454e-06,25803649548.03187
4964108.284598733,2.584436626486146e-06,26359104687.65656
4965945.333755664,2.566399471544484e-06,26492265348.06559
4997437.109975116,2.566678513347611e-06,26658334977.14259
5234553.55347284,2.647122238593992e-06,27354596705.94362
5061222.119580645,2.603319852680482e-06,26744657705.27869
5218761.373454048,2.580531769557204e-06,27739244754.99326
5189462.454860487,2.631404704303225e-06,27226842331.09997
5013462.221940942,2.58255137819824e-06,26634124972.97316
5011616.403950483,2.600580547940114e-06,26501123272.26299
8523446.054227108,3.111844915112267e-06,39988635641.57684
8670778.553036531,3.073893768063011e-06,41014006106.42898
9136980.656675445,3.153232095493574e-06,42491175570.56936
14726489.78097932,9.389280317051184e-07,153583432746.0482
14464690.68514723,9.675182115507742e-07,147866474638.5922
14516961.80208032,9.548601673226842e-07,149709450465.9396
16273025.93618893,8.565292870815274e-07,180429206199.7048
15485847.62052966,8.648829442404299e-07,170593871911.5086
15388120.88517368,9.128431769578557e-07,163526499488.7244
17509750.01557842,8.235804349671288e-07,199285606086.8889
16970365.89292628,8.369749548437624e-07,191080439285.9491
16819373.69357271,8.557032750980255e-07,186606896626.9963
15779978.6495918,7.97069984952999e-07,183558897711.6011
15427993.80716979,8.037612209402976e-07,178467068463.7624
16341311.93951678,8.211897796010085e-07,186347925886.7615
17532356.58319048,7.768437533055294e-07,207468026786.7254
16712808.90611051,7.723435517351794e-07,198537446022.5094
17601329.43199553,7.946016414925222e-07,205169357992.3657
14475612.65658903,7.777584394655561e-07,171161913109.0225
14300177.40322252,7.787479655430519e-07,168944273324.1879
14761950.6736555,7.912534307957782e-07,172557303579.7234
15187900.56159664,9.409790123801691e-07,158165267568.5187
14831419.9248453,9.575199174696731e-07,152668997442.4131
15920200.74224686,9.032340877602162e-07,170378579603.6167
17365907.68336973,8.094603559082977e-07,199940342740.7701
16259044.54454833,7.984970233070113e-07,188906174469.0268
16828761.0116605,8.226092494115588e-07,191685715689.2026
13555614.37283973,1.029139907679779e-06,132985082173.2113
13629196.05126726,1.071570462263106e-06,130153669281.3002
13941750.4205329,1.023146019487923e-06,137306856517.125
9203095.732729025,8.254444873454393e-07,104586434779.2819
7646660.481421391,7.595270829637435e-07,91856444536.6013
9906544.427939437,7.850819232196612e-07,116406940013.914
10901251.28664518,7.572681626444184e-07,131212905332.3067
9042877.077394083,7.041147999639787e-07,114255639491.1918
12694770.04213132,7.413789997810898e-07,154976072872.4308
16023852.34162814,7.695455219849267e-07,190814214593.9794
12607221.84472501,7.733245966813482e-07,149639016747.054
14530831.41146834,7.577490592822651e-07,174826337769.9088
12780427.55593008,8.216549612118148e-07,145686416746.3
10472269.78512415,8.413807994518717e-07,117502134850.1842
11221793.52803569,8.004213374415528e-07,130171677675.0665
4600416.436452394,3.623544020609481e-06,19500307148.10527
4993873.280797757,3.614820124425663e-06,21202141259.82582
5239493.128470913,3.6442925030899e-06,22124856200.65458
3875898.751545753,3.699756606145162e-06,16202809306.95588
4112541.957968657,3.647672831593073e-06,17355338536.06199
3882366.528781764,3.680621665483782e-06,16286049432.15394
4480059.008897118,3.514446795583791e-06,19381129599.78901
4754053.348043037,3.454825301691736e-06,20802394263.36803
4731158.688260924,3.485154850177946e-06,20581931520.69559
4314941.99806436,3.616396426224848e-06,18314326035.63484
4305958.337177387,3.571814044864514e-06,18427960089.67949
4287320.891277176,3.60948141161393e-06,18220324907.9567
4351627.137967789,3.59867983073508e-06,18530602349.93451
4434523.751556044,3.538448498044214e-06,19097289546.86402
4342605.349026285,3.554031224585288e-06,18646738066.51051
4391998.824472902,3.639814427534745e-06,18561342609.4753
4446975.569212954,3.559887659914907e-06,19073945972.48304
4363962.104738877,3.620150063386318e-06,18509581026.56631
4456735.464554286,3.919194009368754e-06,17928846472.99654
4533336.56736675,3.767662591116225e-06,18722763928.59294
4321598.317201138,3.852450146143286e-06,17585432187.39861
4910200.247216973,3.669344282573016e-06,20639867062.99816
4964700.408815478,3.60127245316997e-06,21131114036.88932
4752339.906138759,3.667873051732314e-06,19981647730.52713
4510561.233180967,3.543923824137215e-06,19404732673.96722
4762502.627988813,3.51474555119818e-06,20601838027.24224
4880352.501064832,3.573025063676342e-06,20881441853.19489
14763699.54910924,1.510178114355738e-06,112161312747.0553
13955236.52831349,1.457947053573093e-06,108536555164.335
14170213.80059472,1.474857790378886e-06,109364483253.6336
11453960.529256,1.953768932099335e-06,73289239627.93175
11598201.29369855,1.852509671699325e-06,76892441791.53271
12270405.96668808,1.835733017225788e-06,81843825143.60286
9548745.448570289,2.276834800564636e-06,55172835233.48109
10748432.91697719,2.117096710709974e-06,65190556040.29604
10817349.28256612,2.228947365157032e-06,63394898503.46459
9098076.176760918,2.265803462410974e-06,52739346575.38795
8962617.435898446,2.184725731276051e-06,53231688652.44429
10269958.35405007,2.105150000188583e-06,62523985185.41738
12131294.75587907,1.419715406222699e-06,96037229922.21732
12106201.41187131,1.363836806174312e-06,98438795400.11877
13220294.64798482,1.369611846652516e-06,107195395772.0211
12656253.76716718,1.539232905812436e-06,94937024217.42519
12221948.5567572,1.483918070652673e-06,93943593581.78325
13124344.77676777,1.51480987068073e-06,99503619759.83492
12262569.41018925,1.545522670690831e-06,91734188899.82233
11810865.99241358,1.547486652867302e-06,88280300075.05527
11581847.98879862,1.48259593052638e-06,89076400254.87108
7523710.267491396,1.710609208459052e-06,52601507710.56351
7116694.94969106,1.657878935919345e-06,50805392181.26238
7401507.317608115,1.594224904815289e-06,54235932715.44655
8719583.520413928,1.990340422265885e-06,55107515701.48268
8262095.100678517,2.040045021168461e-06,51364573739.27549
8633843.239596695,1.875533245318902e-06,56770272815.20512
7075434.61298799,1.956087775722721e-06,45237045124.05268
6910696.130664151,1.854547217208955e-06,45782186871.3629
7414942.384057652,1.822357463994208e-06,49699505491.091
12684211.75939584,1.183031895063323e-06,113396377612.4482
13385286.67777156,1.12295584169152e-06,123894651365.9026
13981597.21408872,1.169036270119526e-06,125990595774.495
11552971.02993041,1.294296862806357e-06,97275712084.93521
11879545.27813408,1.246269472079524e-06,102579012177.5617
11728773.06307702,1.314065734989845e-06,97763000587.45221
12412711.24216546,1.129038728885269e-06,114479421490.2448
12993021.49182971,1.112966745958381e-06,120982354211.6283
12302434.88710367,1.173028387298378e-06,110607708168.2048
13671135.95600335,1.081226272426926e-06,129775748466.0892
14085537.88622233,1.054361960689771e-06,135971206162.2867
13234937.22582819,1.104989854528525e-06,123827287251.449
12403140.08964157,1.225646247264331e-06,108298279139.9921
13686422.37434088,1.211509458567611e-06,120431121993.1117
12249070.53842192,1.293231406772213e-06,103193491505.1895
13944294.26857421,1.054118612657607e-06,134628462074.5156
13404855.68599327,1.083367486344937e-06,127080313572.2491
12815316.02879401,1.099309816719803e-06,120313930907.109
12996551.66923892,1.111098869453511e-06,121150813289.6029
13839576.90146579,1.060814071263187e-06,133054621949.6172
12714935.42259297,1.106168112176271e-06,118877611040.4633
14551749.9946958,1.00196431175595e-06,145327250180.6551
14798445.37330842,9.898319418780386e-07,148996174313.028
14579365.12466871,1.015900521406552e-06,144268380650.4653
15199308.296424,1.052521028992481e-06,146893744965.6659
14619015.6244256,1.136158673012881e-06,134263759886.5507
14009117.277336,1.090391071760939e-06,132237890658.3596
15851042.53030797,1.052443822976216e-06,153199923669.6984
15078445.7566602,1.126431669088862e-06,139279332484.736
15667698.23950271,1.04310908302716e-06,152329978349.3774
11081038.49421505,1.330283436939257e-06,91611713807.26808
10543854.39978687,1.416088515603541e-06,83612742072.59076
10716045.44707786,1.325676311702963e-06,88799301468.44133
12200579.66862654,1.186247035950302e-06,108875552441.4036
11493930.97182449,1.273145717836888e-06,97847524385.38783
11122143.66466536,1.268233346659271e-06,94926846794.02176
11589855.03424619,1.463627286910514e-06,89906482248.81345
11843225.83140286,1.471122992989054e-06,91559628475.02405
12270808.36252099,1.526459969415454e-06,92558482814.38986
10703515.2404491,1.48511840987238e-06,82227870634.70522
11193496.4483548,1.467382171288331e-06,86683600196.54251
11418661.06287899,1.532437182953446e-06,85906638984.63185
11427891.67785838,1.333068326821618e-06,94347669108.83612
11602743.0552095,1.352810866190884e-06,94856978347.82822
11376271.35609748,1.401207794742228e-06,90851390696.29239
12478488.49523689,1.15710284191003e-06,113217616954.1065
12202573.21337621,1.151783606729068e-06,111054840676.8521
11763717.61418642,1.243936395380955e-06,101705820475.7417
9286811.082317915,1.325852576328113e-06,76949024708.75676
9541817.596282266,1.27260386008522e-06,81252291779.85143
10148233.89765314,1.295921151841707e-06,85376448050.75948
13947279.58272155,1.059628596246503e-06,134190074286.103
14338402.71650842,1.019328062188153e-06,141565725954.234
14365814.75872849,1.033185030380743e-06,140565322063.7529
13855655.98396466,1.39520221101294e-06,110969165817.2197
13675341.38821621,1.435202145951492e-06,107480446037.2219
13661233.1753656,1.476201764520211e-06,105372210480.8041
14335725.42563731,1.219033928078428e-06,125624924067.0445
13531794.19737956,1.272517754469657e-06,115233693910.2197
13961099.76552513,1.311057336355836e-06,116548093538.3235
15669957.25489947,1.078553628156449e-06,148995556190.9689
14953812.47119576,1.148604435540424e-06,136344703141.9717
14901841.58853322,1.153075770817838e-06,135519371239.5674
14721235.83391616,1.078625101711756e-06,139968590161.6897
13871605.92833338,1.129040422395356e-06,127934324972.8894
14558111.29308592,1.143678646465425e-06,133117665719.8638
11653738.85091338,2.041143694665956e-06,72424064685.84413
13185704.27081679,1.972540065664806e-06,83833856003.27461
11725494.30760331,2.152861794413851e-06,70326724930.01587
9043855.050798722,1.801371092782348e-06,61087375512.15378
9923925.967809556,1.743157931609729e-06,68516056405.35992
9131602.604055185,1.915578195263884e-06,59203458811.61727
12732892.92215864,1.846866327827825e-06,84586965395.52135
13448570.47507186,1.896299590555384e-06,87781868790.6295
11900940.9918893,1.964556807422003e-06,75870260325.09158
11856247.20022818,1.648672297977016e-06,84955405769.87979
12373819.02382647,1.75952300731939e-06,84899889799.29688
11698747.86494774,1.775876512820255e-06,79774521039.87799
12059225.24752756,1.60603940835973e-06,87932335603.05933
12515608.84623482,1.603818567809217e-06,91344378133.27481
12581161.54197983,1.716535824145091e-06,87757752234.45772
11442402.60888222,1.426478498952195e-06,90297086555.26501
11669528.36487262,1.378002568416411e-06,94236674637.85492
11694165.22810197,1.433995603163909e-06,91961069320.1017
14814961.62071643,1.675093605442638e-06,105036718084.6435
15386914.54708416,1.718488638153126e-06,107247480527.279
14576652.06011657,1.812685261244646e-06,98048928447.66681
13613838.059533,1.541426866624309e-06,102023127045.5091
14165808.75723128,1.590465719652294e-06,103966119038.2724
13137019.33226502,1.565891016031523e-06,97421725501.38275
14044666.96720262,1.537048661529799e-06,105451566128.9692
14870391.8070992,1.548240422432698e-06,111112642654.8035
14605217.47659977,1.586013344776599e-06,107391556438.1803
13538191.53425445,1.398510916509439e-06,108255527421.8621
13346016.88002593,1.479622602424808e-06,102782150123.1938
12435896.63280838,1.448700663979379e-06,97131030737.43359
13879203.30692675,1.46593610313307e-06,107552665226.3912
14685491.9671048,1.518240825307713e-06,111171821937.1676
13864990.29862536,1.50700568279111e-06,105481503153.0291
14192391.77307094,9.974964264635476e-07,142161291010.6419
14633907.79565933,9.690334234110106e-07,149440327213.7671
13802775.99407117,1.003556203575821e-06,137701490109.3314
13505090.06544719,1.12714622804516e-06,124693546393.6035
13811822.62481839,1.084931341618964e-06,130812573238.7017
13603137.75248642,1.127815967631677e-06,125549099844.9686
14446277.90659728,9.797927300112154e-07,146442282761.3594
14798127.22103351,9.630692845995927e-07,151740578458.2063
14354121.87786378,9.915624764613143e-07,144354360496.852
14079259.1969587,1.035415084190059e-06,137563583075.5732
14267059.09166164,9.97869443698398e-07,142873596539.4352
14175477.40275289,1.009649902817884e-06,140850098641.7906
13736975.96417392,1.105065806555336e-06,128518518637.3346
13946681.02769887,1.062253816973367e-06,133963145016.0929
14042445.91296176,1.036359707323549e-06,137120507932.3249
13748847.4201721,1.11017957117112e-06,128234280100.9325
14594765.51049851,1.059882333844212e-06,140397277443.282
14058320.28111208,1.067935455296034e-06,134556112039.5323
16287332.18564106,8.391892706732708e-07,183066975137.2401
15028928.44074099,8.780115318477679e-07,163905881041.8183
14747676.15373979,8.36283742764021e-07,166145209163.1143
16607819.81747618,8.651507630723968e-07,182915887108.4312
16128381.89429217,8.748278650761358e-07,176323037902.7342
17293884.42801063,8.330559716550174e-07,195333364709.3041
14794412.62255039,9.51954091933799e-07,152881073596.8654
15263600.33121815,9.516297734719093e-07,157765354714.3674
15327849.78389796,9.405440971649088e-07,159671888105.7547
14846065.53741582,1.015986513512147e-06,146899193473.0692
14546597.41744068,9.738274230968395e-07,148060798182.0342
14494272.9252491,9.867538979952539e-07,146236977069.1999
15303260.19724077,1.024314789756473e-06,150601165741.2714
15857398.53170252,1.019822861044404e-06,156512410062.573
15471591.03809423,9.815302337471171e-07,156650765966.1053
13949242.34293725,1.550300492415698e-06,104137391767.2149
13934456.54097785,1.639237063854002e-06,100229491114.3282
13747221.85409976,1.583290673666584e-06,101198600294.1719
13625769.04036171,1.782901089260944e-06,92670788100.81067
13883079.59062904,1.896671937497778e-06,90606148079.53726
13667708.05318338,1.754953465769179e-06,93940303018.21677
13543589.8346355,1.611597440972861e-06,98528698638.75581
13497867.76345726,1.700918194265059e-06,94727531015.78903
13366319.20501958,1.63058016728085e-06,96482909474.79062
13687407.80163726,1.54506811560003e-06,102413243281.569
13590930.85929556,1.5727496800975e-06,100494617012.7686
13413349.65948817,1.591670269476162e-06,98393975875.21831
13877829.31902537,1.491982311212513e-06,106286741397.7622
13935067.21192752,1.513568341695057e-06,105707964670.4062
13733149.76960037,1.546451802187806e-06,102694195500.4132
13922295.65749327,1.747439067881573e-06,95964254002.95883
13947003.44754988,1.894704729933566e-06,91086332374.42276
13689098.42427127,1.78099226024457e-06,93168011130.93712
13558918.51328922,1.534685275386922e-06,101908912357.4639
13549488.70746502,1.600314646608156e-06,99034380056.46202
13833840.88727489,1.532844733955004e-06,104058445093.8451
14153707.95296345,1.951110980513785e-06,90646056424.87552
14063508.91929349,1.937200907634879e-06,90499028487.75865
14038698.10067038,1.78998138597284e-06,95227231445.11504
11876842.1161674,2.175021056383818e-06,70749820026.81323
13391445.43191642,2.041656252640058e-06,83209396832.55507
12511324.45840234,2.007856502405895e-06,78610671475.13034
12315712.46618117,2.390008259654399e-06,68895883381.99635
11846022.01574167,2.578405433381985e-06,62999687757.71175
12365633.57347119,2.510932821120344e-06,66935982748.461
14443581.99795581,2.04806248145299e-06,89559730240.65964
13870236.82738348,1.820674397797205e-06,93024144850.56985
14087191.97587941,1.962929605364254e-06,89857558908.93294
10468310.47893601,3.596085540909241e-06,44598808092.65822
10519397.64664086,3.547226138935619e-06,45227052822.70493
10312288.61925015,3.541913002998859e-06,44380936919.26687
9386607.023845812,3.68825265506434e-06,39321329531.23753
10013260.05634864,3.649779342786022e-06,42240698346.96605
9213433.759817762,3.669429085101789e-06,38727772503.55396
11357780.04907262,3.582687644168089e-06,48508832628.43162
11040126.25268633,3.540513707085529e-06,47525845648.00983
11085823.69003138,3.528082363754228e-06,47834601144.99633
10658128.35465839,3.237337129187582e-06,48702994052.42889
11098239.81115788,3.251233932131796e-06,50569496035.44775
11169543.43738083,3.20276110343234e-06,51406620937.29327
10461853.01002929,3.261135165517783e-06,47573241885.84007
10376684.83100432,3.29820399549145e-06,46831738911.15773
10897934.37077953,3.275216436888598e-06,49414095656.39927
10417886.43227376,3.183035891397829e-06,48145081733.80534
10489483.14029146,3.220416257490516e-06,48100111412.93217
10996883.58452366,3.185661483027889e-06,50792923592.87372
9699753.426002052,3.256842068172913e-06,44146494968.96892
10078062.28209066,3.293524929042024e-06,45527073504.67959
10161998.54323372,3.256820178034586e-06,46250518756.13824
8658237.684229653,3.150730379189827e-06,40286110862.79308
9236179.514338125,3.217459152986248e-06,42378964149.45242
9261219.349540344,3.204626808761317e-06,42607219753.04676
9602769.932171978,3.223108872794264e-06,44009510706.12443
9937358.207255501,3.284970922209022e-06,44969348097.00227
9561724.846568312,3.248431017428078e-06,43593373279.18597
10405593.71005713,3.36624835680097e-06,46327204556.22301
10565893.58120109,3.385982221146735e-06,46857931869.66125
10300303.03866465,3.341217311444499e-06,46087185472.5462
10742919.99139578,3.445701266232701e-06,47090929157.25359
10677077.52810724,3.412318474363941e-06,47107062633.76559
10515933.23859036,3.392199246329206e-06,46579367260.54524
10012545.44811475,3.479128583431902e-06,43607800327.01851
9936176.440555545,3.512849089503586e-06,42997806351.463
10314546.05678353,3.438739124530004e-06,45274184134.92495
10769615.53144614,3.471271620248993e-06,46975830593.95643
10621780.7454431,3.493869086168067e-06,46131004742.7515
10703691.18588845,3.437713725043315e-06,46991621594.46834
9949323.09542143,3.554488259633429e-06,42717793468.11014
9845959.106317077,3.541799395919852e-06,42374903413.40841
9921981.285248736,3.50804235522264e-06,42975590359.95216
12136293.69936467,2.327304926092993e-06,69106232776.21071
12860121.97459212,2.146727395221871e-06,77278821192.30034
13208803.63193954,2.252847329663204e-06,76861521300.56364
7454110.511280837,3.431047590190144e-06,32767602439.45902
7856382.959980526,3.512554947871033e-06,33999606746.50876
6866899.912247677,3.52494083681778e-06,29647824374.9601
6007224.705727495,3.341828505756923e-06,26875162854.72919
6922155.381555849,3.372523141131041e-06,30780196269.66306
6132176.513529657,3.401847415816083e-06,27110535372.20514
8083173.15328081,3.276186311290363e-06,36643995503.89823
8844240.348074043,3.333004162381488e-06,39637230203.46058
7890173.561570955,3.345774224039686e-06,35271354338.25487
8640378.729367984,3.027780767070158e-06,41284132364.50646
9220151.332046827,3.111333897615841e-06,43262037444.3703
8304207.80000832,3.168423158713275e-06,38494860977.66525
13034011.03239321,2.690870815125606e-06,67372529306.94914
11835794.89356871,2.851333464525595e-06,58861603610.28709
12235912.58753827,2.669516087094903e-06,63584023242.95096
10568401.12324066,3.195628989563364e-06,48712272108.75969
10441053.67874677,3.280003910015461e-06,47296400242.40099
9859306.088470118,3.303904943453325e-06,44445519547.89066
11314235.20046967,3.026743353882357e-06,54072295187.39853
11025705.02356468,3.084521708218369e-06,52033273468.46323
11259387.10102625,3.001759099029107e-06,54108337889.0091
11356545.66303183,3.058982104371572e-06,53892495477.9659
11428692.40303807,3.130713522017185e-06,53403246316.92528
11067473.01826023,3.116758879324479e-06,51869612267.87042
9475174.523924336,3.500580096172973e-06,41098616762.44312
9521801.709573951,3.535156010243491e-06,41031123623.75043
8794593.676177742,3.528772500558957e-06,37943146175.3915
10246745.02079083,3.338029486609035e-06,45876733050.15318
9797369.198427226,3.42774406292597e-06,43096025138.7215
9670513.974961212,3.361876801794331e-06,43091838872.73357
10434003.13172877,3.346834036753734e-06,46633159912.96089
10408450.92289777,3.397068958543488e-06,46059214114.63912
9980493.927543186,3.436596539430761e-06,43826117872.54288
5269380.169375502,3.179938505572356e-06,24367653937.90644
5098948.30315444,3.268219602176517e-06,23152956464.14093
4909146.845325712,3.308495334504816e-06,22109843683.60493
5556960.369736713,3.031925372509015e-06,26527213206.96113
5442727.997608121,3.104766937318654e-06,25573919523.31134
5306970.016750386,3.169258790899088e-06,24596586011.97852
5537807.945876875,3.021949115297799e-06,26493934519.3677
5255482.525004435,3.196704925209889e-06,24218332061.0605
5428489.346479503,3.108272900370887e-06,25487831959.25401
5639966.302416939,2.981389696907749e-06,27226846631.2699
5635159.580185218,2.967918935685855e-06,27285894529.91507
5524879.517854112,3.054443893159191e-06,26244282886.94217
5293099.58662039,3.263299839090067e-06,24058695676.64043
5518964.51519902,3.071616791074353e-06,26118380613.02275
5269840.137239835,3.208915999784653e-06,24222848251.67626
6093704.314613429,2.846013016907254e-06,30342879264.43114
6570854.629682776,2.646246856481004e-06,34345377097.07235
5935910.534733893,2.87548269495028e-06,29354870883.85937
6899953.991490118,2.57450505332833e-06,36732489446.01358
7016419.296356416,2.605515867679834e-06,37055531995.30772
6169765.948606261,2.796943923393526e-06,31079893109.78811
10916265.5366982,2.491910171375673e-06,59390799196.23917
10150128.97218853,2.647810131267086e-06,53033098385.83718
9833621.621011863,2.575664851007113e-06,52334401173.59124
5882863.31540478,3.142130815640435e-06,27422428742.4801
5365576.081129691,3.205181481844321e-06,24682052630.92051
5650804.816184768,3.030380750654287e-06,26984363233.67361
5934940.522451091,3.241589181799632e-06,27096366308.50501
6169706.057407567,3.165013392598376e-06,28620734312.65379
6499844.780314049,3.107885675041863e-06,30520592645.69934
5654630.105165471,3.281562279968818e-06,25606512515.87731
5366507.838113694,3.267920872068731e-06,24369357542.75589
5883838.951836336,3.204994790861924e-06,27067151785.93101
13770278.50317826,1.445365239361921e-06,107718671029.7184
13613870.83270676,1.481107768503509e-06,104774883313.9402
13888955.17906798,1.419665174538936e-06,109954318336.583
14611852.27092185,1.396058992692143e-06,116977614083.7482
14146007.21531056,1.41727623519363e-06,112115124954.0822
14786852.41111407,1.365989656265819e-06,120109529116.0718
13125410.31076951,1.515022514963473e-06,99502386547.6801
13422887.63137128,1.504863679937293e-06,102214972036.2234
13578197.48280311,1.469239429741342e-06,105062340355.4964
12803894.45808857,1.538863878222848e-06,96059859827.48897
12012457.7966258,1.600708541461206e-06,87785684522.44138
12687943.50513446,1.547706415427653e-06,94827037081.31699
11168068.32957859,1.441551751557029e-06,87516761198.57912
11093439.62462816,1.493705273906679e-06,84896466456.25224
11713747.45282697,1.424179266967257e-06,92537852571.82875
11447916.53161124,1.307642299724023e-06,95734207635.63692
11284449.16711845,1.378225946920949e-06,91117140782.10866
11947924.05061547,1.290506365855402e-06,100798101518.44
10088538.21883196,1.485635745302331e-06,77485424521.26755
9553770.293733481,1.566691748980932e-06,70824865367.18277
10527788.01761245,1.469170051115474e-06,81462128566.86017
5732963.38148993,2.328108154276047e-06,32637012650.00942
6325278.225386003,2.22834589812658e-06,37075859648.43235
6042827.123391701,2.292781807712131e-06,34753484250.9011
8242610.741903758,1.816395401028413e-06,55367875749.98658
8249106.125904814,1.77425092520256e-06,56285543492.41679
8055265.211523798,1.885537274711551e-06,52778425348.71517
8660779.247527448,1.70698198903846e-06,60636995821.24861
8283366.996950673,1.797597072159096e-06,56028887845.95322
7855863.511126371,1.859190570494658e-06,51957070630.68203
8811287.99526942,1.672975393293456e-06,62523943333.27755
8437143.139518065,1.721383835476228e-06,58741306747.50051
8430574.127554843,1.763251408848831e-06,57762723023.51379
10395663.39377767,1.580469747724991e-06,76617518868.63466
9496734.323988052,1.625644186345162e-06,68689542698.67656
9925458.67777884,1.672925696681432e-06,70431372383.91454
10579054.42187532,1.531961678731643e-06,79606448687.77007
10651935.31837867,1.480369956484272e-06,82006512970.95869
9672052.500391876,1.578334102519517e-06,71348692421.5905
8127696.90078723,1.895064891366797e-06,53074361185.37695
8314625.640139444,1.816986748681947e-06,55839500773.51888
8545505.067912592,1.821075081433159e-06,57304118322.64427
8348783.819056996,1.844610216844444e-06,55507731116.2528
8677477.027826717,1.71776701634542e-06,60499339464.97943
7871766.826628059,1.871006232110626e-06,51842833696.96703
9618763.983926758,1.519525204678219e-06,72774740094.74785
9054260.112511095,1.555360661819663e-06,67447453870.6591
8716544.02931406,1.648485906731055e-06,62462711907.02213
13222063.10423502,1.637490561755823e-06,95172911486.53105
13322235.87494146,1.628627862302685e-06,96241535887.97351
13035128.07305658,1.573252169997389e-06,96364352944.53307
11145346.46891022,1.633529026678758e-06,80354277964.05415
10813755.68893116,1.581748115148538e-06,79655971076.14133
10334080.51269749,1.675279673611946e-06,73262257132.89636
13781774.76346824,1.449788079794539e-06,107589229708.0182
14241632.29728799,1.428220862329077e-06,112295629366.7839
13325577.23916295,1.495642944595148e-06,101890590660.3696
12061294.02950929,1.437804403535522e-06,94680533966.90211
11431726.95701032,1.507731384863016e-06,86941913196.51611
12556211.92532899,1.497577397936672e-06,95925142399.26057
13991109.03590709,1.417242151936987e-06,110889246902.7485
12693427.88577575,1.414493621438291e-06,100734505252.5754
13201020.79742629,1.475451034566434e-06,101857023539.5877
12078304.2666536,1.30866314421566e-06,100953346067.9635
11411167.60118345,1.395746636766716e-06,91367629493.36475
11962683.30260127,1.377877423062637e-06,96609881491.25552
12894796.42882613,1.903034258427472e-06,83968569123.49104
13788075.97495209,1.93628555215908e-06,88754571412.69127
13406357.59576248,1.75443559607813e-06,92162131954.7265
9997984.448017161,2.10355920280147e-06,60898878844.73208
11441599.3100276,1.980914462059702e-06,72539783111.00931
10053935.70178715,1.974983539679287e-06,63869539247.60646
7905336.341085757,2.258341469925132e-06,45926210546.95483
8962995.348714741,2.193024521833184e-06,53099550635.28538
8415979.348387932,2.143941076270345e-06,50616964587.76866
7489627.748963853,2.171569762311578e-06,44662638468.87925
7548020.2243597,2.252621677604369e-06,43924573075.35464
8047172.089750051,2.138785028810115e-06,48476567975.37825
6867656.242794841,2.420615677312806e-06,38094123681.29189
7221877.009464359,2.501185208532358e-06,39193993855.73804
7259074.028236502,2.375075475309815e-06,40778346820.0697
13092728.43391771,2.223827232264088e-06,76847450494.66129
13710867.25800756,2.097687980716346e-06,83670237105.73474
12830431.33192033,2.237188501321685e-06,75007761432.02057
9458753.277389798,2.39107233336787e-06,52897939377.26153
9762201.953002805,2.488247656504755e-06,53164130897.37562
10542737.20128595,2.341130046886166e-06,59795663385.90236
8001362.070542512,2.306107292371643e-06,45839962155.84225
8815734.971940529,2.334678097574602e-06,50092632172.39209
9065224.380027102,2.240711455958992e-06,52940487366.41837
7648743.630247248,2.369424483579806e-06,43035632479.41409
7610560.021856871,2.495903381996291e-06,41361673534.00444
8445409.361468086,2.398587493278206e-06,47132122243.47253
11480946.23926749,3.180610403669449e-06,53084862876.61032
11377166.70047047,3.188429147333545e-06,52518978983.29655
11305202.36146956,3.237347513772682e-06,51659729325.79808
10928603.42034194,3.164146434044663e-06,50706108776.45495
11287567.69616343,3.178037254782783e-06,52218899147.19989
10799097.44835396,3.248497720858737e-06,49234071182.70856
11520164.5705575,3.042362046763883e-06,54867868206.78101
11720616.84016117,3.051145190275443e-06,55715395675.93552
11592828.35747849,3.114066881079834e-06,54363087650.58028
9718773.529232973,3.273775960673048e-06,44080396458.84055
9868570.805039227,3.159805073104746e-06,45829740703.72844
10422884.83083511,3.165491467211829e-06,48345995527.55073
12000063.34666973,2.909593796050746e-06,58879208595.35266
11870673.80144974,2.865458895742817e-06,58840892164.19003
11872472.66809076,2.975272239142753e-06,57392706443.19455
9702114.605404839,2.232914934311552e-06,56791710343.17106
9443949.726459332,2.327476130819848e-06,53772906248.3077
10527108.07776799,2.276938027103233e-06,60823994959.84399
10479905.28869462,2.679440683639769e-06,54324356793.65369
9895448.68937267,2.642250300773756e-06,51774930016.09595
10185374.25922872,2.822774140074488e-06,50994840559.62099
11955601.57551373,2.344961586761171e-06,67735178303.39316
11325877.19780518,2.338163185790904e-06,64291758234.13264
11118577.83438316,2.522688239799648e-06,59998471358.41145
12819761.36777134,2.310425338731873e-06,73353129744.70451
12560226.85800663,2.323231707347028e-06,71603755235.95181
12610640.594256,2.443811461604193e-06,69506488797.17949
14078144.71679384,2.233858891930855e-06,82383758445.4099
13194914.73424874,2.288136730580486e-06,75989211775.3988
12982743.71265526,2.421915194486271e-06,71988069846.85834
13891246.12494513,2.033145438200275e-06,86555680526.41309
13980891.92182197,2.046600582414788e-06,86732024308.84343
13356626.04393759,2.172889570457062e-06,79616851036.76622
13394952.9825446,2.100175220621373e-06,81677826711.42003
11880145.37397897,2.233018206264303e-06,69538755227.10603
12524888.56148682,2.239352573100971e-06,73174352202.51131
5549692.519265257,2.509539439432763e-06,30051967105.56668
5845779.176973176,2.493544864355742e-06,31790518767.7492
5734056.379700356,2.506911340248419e-06,31072007199.65561
4992416.285057664,2.581800623714143e-06,26527459301.73426
5025839.84598917,2.564070393486555e-06,26828023772.48816
5079681.161706195,2.555918761615328e-06,27173052195.54015
4815304.981245786,2.51929679593638e-06,26007837471.98365
5143484.649200131,2.470571808187485e-06,28144430193.33196
5224702.978659286,2.507424002116471e-06,28308036933.90623
6849594.358382383,2.962806814048644e-06,33204424919.37754
7299130.005590661,2.996345327744116e-06,35119084784.71973
7782952.158981395,3.058158776932209e-06,36940633674.18076
6238498.891145535,2.833366460024086e-06,31156232529.71147
6476189.415801489,2.908712254582541e-06,31782327762.61852
6927950.885873915,2.947849250863807e-06,33697779681.80706
5414627.217340489,2.616168595699962e-06,28518372885.08949
5112772.156239903,2.586334507777591e-06,27135217678.708
5290492.042811397,2.635330351951856e-06,27729328722.46198
5727086.265049661,2.641333070964592e-06,29972176318.84792
5865471.797061791,2.724623097196044e-06,30067592910.90187
5873344.12819836,2.722186432081947e-06,30125912072.69318
5332092.793986937,2.578982163145344e-06,28352986199.03059
5514994.377764359,2.597265333067523e-06,29187766380.14365
5348055.396916493,2.645654848765917e-06,27958064775.21664
5995613.066009797,2.607234283696899e-06,31650474494.77877
6046830.79332714,2.607153798545543e-06,31921506689.78844
5953952.487631242,2.694943659434563e-06,30744840040.57856
5861906.916026645,2.541952948265985e-06,31472210413.53198
5914311.494620383,2.570289132186926e-06,31519757985.56292
5734460.76878332,2.574796286667156e-06,30525585531.87765
5966023.308929961,2.523922509829304e-06,32183573762.57545
6151893.290930635,2.502853140092097e-06,33372229037.18724
6018890.200757509,2.552327391058537e-06,32227417103.24112
6612523.011766873,2.89968421607327e-06,32518716314.50082
6892291.993171424,2.904253138181931e-06,33858991880.57346
7073774.249873706,2.952997118928581e-06,34367070483.4974
6078076.286099081,2.79876747132324e-06,30604709967.59214
6301946.660256438,2.865088502928863e-06,31240359893.32951
6320320.367117548,2.885283062782034e-06,31185076108.9204
6073080.364021406,2.780796552257952e-06,30711159760.6216
6340800.362307338,2.799512139160655e-06,31921932612.81225
6305016.13861831,2.844481231549269e-06,31406351536.99041
6347279.579057148,2.504175979890205e-06,34420015731.84477
6178193.421437947,2.547121733250487e-06,33125443360.68903
6260600.630276836,2.497775352506692e-06,34007947127.71155
6428156.323199722,2.442248117186541e-06,35445402088.92149
6569587.81182395,2.425740003811902e-06,36389432973.21126
6354553.407647158,2.461226689849606e-06,34859189892.94374
7216131.027155856,2.75246181737702e-06,36741499340.08833
6759228.627791351,2.689153806154783e-06,34953181186.39213
6937045.256302784,2.657720446144147e-06,36154996968.49119
8452664.075683342,2.907386624370333e-06,41494616099.06374
8805642.190847997,3.030437083421045e-06,42049178909.21973
8284540.875925034,2.952194072915564e-06,40256731323.93367
7130988.621575007,2.840792249486257e-06,35551404321.10525
6915742.573051886,2.865002835978973e-06,34283786472.58622
6672201.87213464,2.815543081207297e-06,33462706152.06107
8380057.32404644,2.970066246439585e-06,40557349500.7648
7622734.926490306,2.868684630469257e-06,37756258146.38659
7676792.716531527,2.850890121637913e-06,38182072224.6724
8568661.3390359,3.008386837778465e-06,41117230876.72543
8411632.460970305,3.003939103388844e-06,40403551239.87054
7802663.455317416,2.906899055027168e-06,38308008475.75593
6305460.652131437,2.761560166521084e-06,32034194892.24957
6038495.806267075,2.742929185468886e-06,30816669828.97893
6164649.836388132,2.692822178584809e-06,31849549651.29761
6265486.643674948,2.636190371205941e-06,32832475503.83521
6388572.966811826,2.573497631581944e-06,34018984406.95137
6461564.198098876,2.649081992386628e-06,33750022232.67223
5738095.429723645,2.613053769422789e-06,30246064160.24685
5918002.703771967,2.608731556327439e-06,31228819306.94555
5876613.113428811,2.696161919070535e-06,30336335566.43339
7481064.623066916,2.881488227061479e-06,36944702462.42775
8077590.012461639,2.977961263037202e-06,39024358871.60988
7260558.423881842,2.905308808995205e-06,35659492425.29216
8365582.765725384,2.993588901639998e-06,40274926846.54575
8890453.015040966,3.098897731110042e-06,41826583820.1997
8781205.763727302,3.044905707593107e-06,41799548262.26974
8400643.981298149,3.00224548992729e-06,40365943904.05415
8925328.572163379,3.080716347911207e-06,42155709606.42819
8926596.26539541,3.108155431225079e-06,41913192341.80241
7662121.804909212,2.791247481740143e-06,38650058493.09125
7884252.001893906,2.886622945454469e-06,38889628164.1117
7588586.63220932,2.818485725918647e-06,38032102657.78407
10166003.71461822,3.253498537249432e-06,46300234097.22668
10253450.00142411,3.304471520571218e-06,46217027422.20119
9538257.490011994,3.170061364130771e-06,44200168962.23633
9966583.365159655,3.218126327921187e-06,45724003027.34725
8947263.354939759,3.080818793489079e-06,42258374154.09904
9109191.914457304,3.086147095131574e-06,42973636304.10343
5566523.105897594,3.360651631489214e-06,24810471583.27282
5686828.30569407,3.420687750827676e-06,25049236594.70779
5128118.271139568,3.447690484619318e-06,22470143850.18752
10722681.47383044,2.018301065229934e-06,67139706564.16224
9385866.099374985,2.097276913842255e-06,57284505701.48624
10862256.41154401,1.917440685920765e-06,70378297731.83821
9581414.759402681,2.485956459608499e-06,52211635205.54292
9267950.517825449,2.36927207403011e-06,52148331309.88084
10518348.42674052,2.321082953526433e-06,60000349243.92353
12004908.92810539,2.242422353879636e-06,70072443224.20541
10243237.66124877,2.453908638076079e-06,56303015591.92474
11211247.74678444,2.28947736319819e-06,64540111866.08464
8092953.367876749,2.93326887948111e-06,39494727487.90955
7215595.018670711,2.979114397532404e-06,34850902559.56235
7610890.303858358,2.830228497214973e-06,38038302642.93304
9027978.645241499,2.095814058816892e-06,55125857349.41161
9233358.375324193,2.00892785745347e-06,57994053492.8916
10476985.21821084,1.914466604951047e-06,67952347997.06673
7767134.372757039,2.45678611001644e-06,42659515616.22487
8348246.182153043,2.273463428172427e-06,48284002746.33978
8478997.504557798,2.353828523203484e-06,47917552419.88364
7309294.256209789,2.441126603192245e-06,40316415299.20356
7229125.376445206,2.447209931793173e-06,39808114319.4211
7997708.515425067,2.288646015556452e-06,46051787079.65984
6168707.000379309,3.102080760459315e-06,29001830451.92226
5931021.551083579,2.990127118358127e-06,28576107277.85973
6498819.340943233,3.044870791732236e-06,30935363168.8443
7373103.641177701,2.384455072118983e-06,41310226491.73169
7896894.141887973,2.189225652969452e-06,46837743508.43241
8149110.423971785,2.225469637940774e-06,47807469172.94254
9588590.717646377,3.05237533299064e-06,45568299770.19125
8997161.438280245,2.968878892777363e-06,43555585730.84624
9746891.874012146,2.932708231869796e-06,47572237255.21538
10849081.22811496,2.385309379042227e-06,60771014102.30442
10057070.55860336,2.533128867291709e-06,54121103244.24327
10646212.58502094,2.56963558491804e-06,56747592582.75102
9410867.229492309,3.634268683099714e-06,39812393859.68469
9840715.29582409,3.600769539344507e-06,41888658288.58601
9820166.635803977,3.646841811916974e-06,41448381214.36473
9383991.390180856,3.614646948257556e-06,39842233582.0024
9710579.314134004,3.568422541244017e-06,41584130376.71169
9813232.089159874,3.581173533114474e-06,41923914460.95971
9266405.662868889,3.709213124476559e-06,38671419766.71282
8441332.122026885,3.695985565277203e-06,35312148610.19007
9502844.027508764,3.680882856473913e-06,39861374527.68011
10923014.98098412,3.641604339664236e-06,46147412747.23246
9884594.512923336,3.695658121245813e-06,41352109192.03001
10128743.42354571,3.66727258731981e-06,42591876564.78822
8425484.528883345,3.721462670850739e-06,35084808260.70024
7029509.992030518,3.745059639306328e-06,29148702462.77531
7523898.963680653,3.741193830158667e-06,31220233623.47129
8705289.868844427,3.555645580259291e-06,37368379107.25627
9428869.811882043,3.562056249086414e-06,40425846613.40647
9107094.818496913,3.60821973455424e-06,38712498951.25898
6319717.949886615,3.308613522407302e-06,28462104082.66855
7442457.167514959,3.269988312674913e-06,33782014469.11638
7257311.736982732,3.339621508486469e-06,32482113454.65354
9293651.200148115,3.401045673216181e-06,41093966210.32486
9418018.201689433,3.467021026616245e-06,41113887363.34527
8739531.469643643,3.495131430984703e-06,37947148146.32581
10683632.35894623,3.380452905393728e-06,47431734698.45975
11022441.83266739,3.316514973190168e-06,49562876917.79966
10766300.20238174,3.38417528594775e-06,47763695273.34148
9847382.221562266,3.478016401709946e-06,42897604878.49149
10272505.82094326,3.438473987158833e-06,45091972547.46219
9894915.286836369,3.512552263301893e-06,42821665093.23969
10747448.89746178,3.293344022315224e-06,48552767444.2945
11234762.58247061,3.22279049653478e-06,51492326731.07761
10721515.49069918,3.343518976921821e-06,47949820133.92289
9799934.821261521,2.843800639402967e-06,48822920609.33537
9515587.886993248,2.663545262828771e-06,49521702927.75829
8960407.384153605,2.764135611609507e-06,45494076944.43661
10475570.75714512,2.885901069838833e-06,51680106725.15648
11064168.65934198,2.89403250269343e-06,54481599732.55522
10774238.44090664,2.742232232161227e-06,54994226123.57805
8200068.594354709,2.867899015467015e-06,40623273373.57754
9456825.161776217,2.894816083502359e-06,46558399437.51755
8632457.120169306,2.815207282914155e-06,43297302998.61839
11465740.01950435,2.878219406314955e-06,56665600057.36327
11698012.76055581,2.811281286454936e-06,58727641008.91336
11545745.72049808,2.736117922714439e-06,59019942389.49831
9570423.631989153,3.072172887526641e-06,45286357854.34349
10482413.88139714,3.057721891207168e-06,49757969335.44601
10119474.73180037,2.984635080323205e-06,48816182152.8917
11751376.30056656,2.982871899812322e-06,56710785771.30177
11749586.63179087,2.873139930484873e-06,58136837354.37271
11516799.87070694,2.939838462659625e-06,56119807807.52511
11142750.49303978,3.04873489685598e-06,52996350622.8315
11598147.21542684,3.026654030862816e-06,55430240531.72879
11365112.88811082,2.983796643621029e-06,54835390404.63985
10498732.91210661,2.958166523031401e-06,50947374571.06281
10868351.27054033,3.031624715478172e-06,51885583752.52584
11087972.28125888,2.966648756934702e-06,53704174441.96957
10512653.92267179,3.155400125841942e-06,48866294570.78015
11094243.04323665,3.157644223245207e-06,51545277092.86755
10872424.99644352,3.109181352893057e-06,51038243249.7413
11478012.44362077,3.148776320197339e-06,53428397789.11578
11582249.87012156,3.140509360312238e-06,54008179102.36706
11709980.19565712,3.077971936533818e-06,55340921956.41513
11548840.83694381,2.597556618650777e-06,61116955824.18581
12012659.93692917,2.409704936849232e-06,66833869242.27457
11173605.02029086,2.587900839654063e-06,59278184518.62916
13442462.10683464,2.197091127978041e-06,79538996481.70459
14333805.08259796,2.142604433904653e-06,86244914287.06033
13978780.47142041,2.05715372043444e-06,86422094514.95349
11896005.2890736,2.741527589389127e-06,60730389720.05054
12259810.35890653,2.599207248606337e-06,64851965951.49317
11742450.8691004,2.666371000810277e-06,61067719232.78722
13693322.01775417,2.542480154571013e-06,73508423180.02621
14205945.0179014,2.296937492113219e-06,81602602884.22787
13105482.81960093,2.485336136782401e-06,71427086513.92119
13496543.20474983,1.721543486846236e-06,93960189544.43787
13538283.02363046,1.693718325102486e-06,95280230266.54572
13365001.11676726,1.651095496049995e-06,95672591421.41299
12255018.09930808,2.738323883298234e-06,62611976581.45009
13201295.62193695,2.653194754916239e-06,68881691459.31984
12624231.01596237,2.595645796216912e-06,66840750039.11633
13952942.59307259,2.181754299346131e-06,82945961747.97667
14204412.82340327,1.992787879046207e-06,89697960910.94571
14484154.6235229,2.126646677997064e-06,87584971113.21019
9035155.965112058,3.161948364909411e-06,41940390654.49032
8850501.496727422,3.106601614424829e-06,41569758753.74424
7951045.058941906,3.052373404307135e-06,37786132292.41727
12713433.24042867,8.957546225098378e-07,136815974513.4691
13858708.88772585,8.504318771306408e-07,154393762804.86
14131393.36047191,8.921428803004488e-07,152485556678.7325
7074987.998088408,7.595345972585378e-07,84988598342.2281
8574857.973289508,8.26853349057539e-07,97336249655.88171
7430901.071577191,7.92122638715847e-07,86798695030.27939
7317057.447829994,7.289711941673135e-07,90336422294.20103
7798872.619241493,7.012161666884651e-07,98809161404.29387
9530882.747546725,7.540934336484668e-07,115040215690.0939
12576527.19239131,7.427735414420329e-07,153340350172.3974
12572107.16773104,7.146538662165856e-07,157281475966.1044
12372767.70205381,7.468641310640898e-07,150304664139.4996
12394460.3759549,7.525809519370638e-07,149804712488.6581
12123314.32392775,7.528269119200257e-07,146495609221.5746
12437645.38523631,7.572273096444524e-07,149711096529.8114
10633797.34635165,7.351687532118259e-07,130546035111.1081
10724674.69212756,7.193963404841761e-07,133579140558.3862
11421424.47979104,7.417283718549217e-07,139387451635.4714
7188571.089083302,6.718828034149593e-07,93708766553.50008
7252169.221714622,6.417955699510274e-07,97469809966.16534
9029392.061364695,7.055212716676723e-07,113933586621.0769
15109220.6340026,8.626246651627752e-07,166735271812.6092
15158998.95632784,8.31590516735318e-07,171421057913.7653
15233632.41878225,8.651879411230942e-07,167775999056.8672
15438897.06030449,9.177132544529995e-07,163485134418.1889
15178840.65930391,8.842512034664727e-07,164761155438.8313
15303538.15902475,8.867667629882724e-07,165800402112.8511
14946044.31071843,9.361293148661663e-07,156183698137.8777
14583385.17379634,9.212012563636281e-07,154035917134.5172
14936118.22809481,8.947128340726783e-07,160860209979.9361
10724816.77598887,8.159071977444421e-07,122827620492.3971
12169545.96416456,8.215919788459687e-07,138729955918.9801
11012277.05255984,7.852906373497944e-07,129376932332.8161
13061541.88614737,1.023693610253677e-06,128592148488.3293
13662107.38938331,1.014133299215979e-06,135348776005.0346
13976382.06758165,9.818530860765804e-07,141480664622.4752
13872990.12926945,1.367324119938394e-06,112613146711.0127
13969725.16354086,1.394259834596704e-06,111933147911.9535
13912808.17564942,1.432190926999552e-06,109500016648.7173
13575288.66360916,1.373088167722312e-06,109887963106.4035
13774195.91430827,1.362033262772066e-06,112100559432.8002
13813872.03030989,1.426892285505108e-06,108990330236.9583
13630621.3120467,1.42041288527185e-06,107871301029.57
13539585.28080446,1.387658480097694e-06,108830418536.6578
13777856.0679379,1.441577750223039e-06,107966642587.5117
12994555.13699128,1.34725590858782e-06,106527405936.1085
13091339.05370353,1.308372051321697e-06,109436761288.7359
13274740.75880093,1.346443177275072e-06,108868112951.0939
13916789.24934375,1.259700894463784e-06,119314738022.3735
14216830.93762144,1.318193722331841e-06,118254217748.2648
13922863.75151768,1.317614591165712e-06,115842959147.492
14217721.99814926,1.133271070268459e-06,130799921456.3131
14633462.7886194,1.20490457710673e-06,129234560862.7404
14057640.81467185,1.200178368102157e-06,124474936280.4856
13809265.27489985,1.031227185311725e-06,135290614749.5817
13978897.69785006,1.075154341610034e-06,133196368595.662
13687230.43933302,1.082414108830553e-06,129833455562.8938
14095321.27392112,9.527210945048026e-07,145578684867.1084
13819594.37750888,9.901015011242791e-07,139115487985.8653
13623747.69412137,9.987825483273235e-07,136348164275.3361
14938624.93295571,9.725676067567109e-07,152182281197.4733
15192773.31986137,1.002898750444473e-06,151634840215.1354
14295643.90052534,9.949200263412548e-07,143442641128.9271
12443171.95941408,1.095182832437301e-06,117113425675.3944
12648968.82408799,1.087417338991926e-06,119616462095.4301
12076557.49077505,1.059320649848037e-06,116213931705.9059
14025532.56503633,1.215127102417494e-06,123169985183.1232
14183077.29531205,1.180684146228731e-06,126964210147.022
13587392.38540375,1.160256463831206e-06,123055242246.0863
15270097.55381193,1.003459053030837e-06,152349853620.2362
15263923.73676203,9.654447356804151e-07,156260031780.7426
14353752.0342298,1.006713276205995e-06,142898688214.2896
14977445.48364618,9.280373430670941e-07,157420315856.2014
15073861.421412,8.798275520020945e-07,164169627621.0793
14616763.49610339,9.165787755620272e-07,154907111439.1412
13574093.64156334,1.03000105613614e-06,133092135713.2943
12975487.51412459,1.039300647017261e-06,126462826911.3425
13622000.86793939,1.045439005438994e-06,132243734151.2409
14980292.54291178,1.022523360794093e-06,147594939967.2854
14072819.31599138,1.025697539561898e-06,138367757524.4743
14121597.91516222,1.04150106065187e-06,137439224906.3421
13860529.39709868,9.508280162584661e-07,143343665269.2428
13206840.36109754,8.908580692945081e-07,142646104541.919
12949553.03847207,9.92946638512906e-07,130108051267.681
15064567.53995582,9.558920157711701e-07,155244937239.0023
14480373.55687565,9.649023323642833e-07,148294210051.2585
14160450.72117356,9.973090139043302e-07,141859115426.5071
15308205.39762977,9.303929454837393e-07,160625074291.4863
15117150.76304643,8.955969312166022e-07,162702744883.1178
14719259.78267688,9.394884452857148e-07,153446978618.4715
13650621.97751312,1.116297081234744e-06,126852563252.7902
14576492.2623268,1.10032399987687e-06,136764265031.8391
13957898.4021659,1.074993101733575e-06,133009577693.2125
14798950.12354068,1.295952265560332e-06,124500635905.6634
14487544.69653264,1.214708501520947e-06,127256529410.9227
14328313.24585714,1.248986776108134e-06,123544431138.9077
14850237.84214138,1.185388686985182e-06,132584541359.168
14431406.94604463,1.113943452966799e-06,134297082012.3638
14917136.09831817,1.122368499350969e-06,138121665321.8857
13929150.34979468,1.490411195197307e-06,106754753825.8109
13928758.00728991,1.430881370486096e-06,109692425662.4391
13653277.80607077,1.492364961284429e-06,104549083753.2079
12775081.05001892,1.117333527539668e-06,118642906377.3346
12353537.41687678,1.141086996133773e-06,113130271886.3721
10628701.32072658,1.199352033989225e-06,94156235332.45636
8052223.063134947,1.147447977466906e-06,73467251733.87622
9982039.599287201,1.12838624816486e-06,92097413175.29469
9000526.371162493,1.167216121295055e-06,81189597898.08574
14540969.71001972,1.036104356193334e-06,142011779681.1917
15179393.24186901,1.027677346699808e-06,149056146653.799
13989998.10666393,1.065439332503105e-06,134111238157.4493
17082184.37288738,8.34840210006998e-07,192667220711.3886
17414256.98797257,8.256205248783796e-07,197872129905.1677
16244634.67647425,8.671289362602416e-07,178643614137.3596
15269958.72437874,8.901582961273307e-07,165016118444.2761
16538211.29546142,8.50985398004194e-07,184165014203.3825
15714274.10735024,8.83246034091909e-07,170702491651.5237
15240182.01591923,8.148059863220454e-07,174697764050.8596
17066030.06606593,7.901137058421326e-07,199682241347.3312
16804702.83991126,8.170918952548067e-07,192272379938.4925
11638390.44466357,1.256835902587382e-06,99932603953.2561
12074923.52774774,1.164871694574654e-06,109068413018.256
11966161.37063393,1.20902902936259e-06,105437970083.1685
15186419.88150876,9.691669279338305e-07,155068295360.3497
14718429.17127437,9.694674088356521e-07,150258593668.9683
15019651.84871665,1.011433356754698e-06,149062482937.7465
15110756.41850483,9.625529613949863e-07,155001695435.3914
15425554.9573652,9.586981726207394e-07,158654671554.673
15820791.66804836,9.649403814691454e-07,162017237936.125
15359760.7116842,9.300320185253924e-07,161207725177.7036
15391175.47794856,9.092067568763863e-07,163994778270.1919
14825763.64519774,9.411059267091323e-07,154380129164.3727
15002667.39544103,9.567804661565369e-07,154511312313.7632
15380704.07984786,9.4179717178577e-07,160080326688.7564
15316343.83210468,9.528279058933522e-07,158177774821.9773
14993509.39334807,9.076761245987335e-07,159937150708.9123
15433813.40499514,9.01047932803287e-07,165440302522.0242
15402355.13270228,9.216195770071357e-07,162636993898.1823
13705935.56088852,1.342275614887199e-06,112636950848.9953
13280602.02334886,1.30360206992467e-06,111289553901.3731
13315522.69965158,1.343442093113566e-06,109365141255.4059
14231793.66848401,1.183390076246224e-06,127206027431.3972
13553119.29458687,1.168362598145689e-06,122176448639.4212
13430824.04880458,1.236739567572586e-06,116569201774.3246
16057733.59775967,9.762198422672906e-07,163174576708.6621
15659529.58234842,9.69765492062168e-07,159833408400.3937
16047658.88317943,1.007719280700744e-06,159656022504.9325
14413654.06867013,1.00361243798304e-06,143790459432.6678
14224888.62360174,1.041309076510648e-06,138461523356.2878
14764472.83426073,1.033130225587429e-06,144471184445.5029
13249932.01457741,1.304523933862152e-06,110980228747.029
13632313.85395435,1.331527804036371e-06,112633976384.2816
13434437.41887029,1.342519772973651e-06,110392361563.7539
13074409.8707969,1.292186875316341e-06,110205992936.3456
13041462.02927205,1.294756786132846e-06,109782761423.7082
12944863.00060441,1.333705204109865e-06,106837625715.1225
13523160.52942705,1.178727722377003e-06,121190675150.8152
13647110.32848562,1.218169028767878e-06,119647143201.9713
13270450.00761779,1.249032141742445e-06,114420341778.2559
13597022.52039205,1.128429627383024e-06,125447158927.9402
13729524.85979184,1.187963068677335e-06,122401539857.0777
13605200.50691937,1.148673081315917e-06,124043492113.0684
13687671.88808427,1.019547145285067e-06,135121578709.8297
13566176.70610869,1.070626320160028e-06,129628011538.8103
13492765.57056518,1.02824685647308e-06,132445146429.6022
13982554.55676349,1.111932905760857e-06,130276915497.6445
13823806.56381277,1.178687601208689e-06,123887789691.5909
13690848.94979201,1.119256997426062e-06,127001982440.2489
14216318.36258086,1.582255964389644e-06,104697419969.0467
13842983.62783254,1.547404482488846e-06,103473023206.5602
13567364.51336029,1.594046800436544e-06,99424812665.07082
14094326.44454326,1.729684477305816e-06,97813710564.70848
14324449.12629688,1.638406480319978e-06,103069497326.8536
13848263.99285032,1.692776898805165e-06,97497957629.33531
14884419.25175293,1.544633487101827e-06,111390528303.9629
14169779.14358974,1.535032932846247e-06,106484063638.6496
14547465.7400146,1.569908740562908e-06,107697198139.1963
14796836.13296474,1.524399766612916e-06,111712802904.3223
14202677.90161725,1.489088541434145e-06,108915550297.2774
14084327.57485301,1.514870262806312e-06,106778993725.0577
15534333.67414318,1.655790633150726e-06,110991319682.7298
15227979.47333994,1.574756275804725e-06,112503677166.7153
14887137.25364481,1.600049683770693e-06,108823380698.8713
13156709.98939954,2.022359026123239e-06,82270056696.94498
13111805.3144723,2.075092576793143e-06,80594271551.88232
13709772.97791849,1.882772074976918e-06,89914920463.02548
14063064.1983505,1.827649591189265e-06,94077262200.63348
13330997.8379493,1.778042803504693e-06,90831088112.36337
14297155.03435631,1.689745881704348e-06,100778686917.6297
15558994.50632842,1.660045695914734e-06,110977473152.1447
14983822.04498396,1.616772966476182e-06,108773536123.5096
15252396.02216436,1.578895101956503e-06,112487057060.8342
13619836.07489452,1.427574738038235e-06,107425152219.6128
13408028.69138829,1.388664355972946e-06,107720924441.5542
13832224.18459282,1.444491908354911e-06,108246852413.0163
12565217.75564362,1.317795644255968e-06,104537306886.0432
14020489.26240808,1.235908170381164e-06,121741607961.7447
13699774.9190697,1.323630881590108e-06,113641119803.2829
13185509.90836396,1.389143708013421e-06,105908823906.5873
13558530.31273896,1.421000312182002e-06,107271207059.128
13774522.78401075,1.443145631253227e-06,107862327901.5968
13279011.55162789,1.187167970639482e-06,118437973538.1481
13124909.11471535,1.25820320125281e-06,112614880642.4153
13157962.13178401,1.255356928330751e-06,113069069017.4913
13842877.99093916,1.493709888032921e-06,105937296870.8303
13698381.2217991,1.54822449958121e-06,102355996616.4199
13795238.11522153,1.520569773400793e-06,104325778057.6821
17790021.64972617,8.053548876241557e-07,205518826177.8618
17454368.27359343,8.149305149035823e-07,200058533778.6006
17720679.71840185,7.873723341671288e-07,207822999629.4998
16369110.48859308,7.747374216708948e-07,194053757952.4845
16145510.6798769,7.865578449235075e-07,189480566691.7312
17248566.27417408,7.973981961260112e-07,200587024361.9623
15442485.217624,7.545729630951466e-07,186315806564.7227
16174110.92920611,7.620983610878857e-07,193856216463.1554
16980501.69338992,7.670604078261147e-07,202642626632.3048
13964877.30186828,7.573813740395068e-07,168071487561.6427
13358595.10465747,7.650036756059121e-07,159704972680.4135
14125016.08475217,7.679584661908171e-07,168434271564.306
14930839.63381223,9.239214293797798e-07,157396185888.8035
14719857.73199781,9.396722081452005e-07,153433205266.9957
15283265.40188313,9.07573816459639e-07,163040256386.799
16101211.99732053,8.845849455199821e-07,174729220275.1508
15272781.99636926,9.101516142190438e-07,162620636623.8229
15629197.09964679,8.940024549881838e-07,168413742608.4763
15888977.04895584,8.992940666279845e-07,170540730542.2599
14801283.36446368,9.534709533786933e-07,152789811451.8178
15066097.38892455,9.250390829219993e-07,158694076268.072
14888688.38111919,9.478943831785751e-07,154294273199.7123
14858284.93021883,9.189877139022636e-07,157191435071.0369
15265295.25908966,9.332924342607251e-07,159842910431.8311
8069588.477413313,9.215470626882959e-07,85213101948.4926
7530955.493514536,9.15401766536311e-07,79880771411.97128
6657485.612084345,8.747946601799802e-07,72784597986.65025
13387614.87983055,9.883770143875497e-07,134923661779.3048
11549309.29468846,1.006242778950754e-06,115014914489.0748
13821353.88320155,9.763568685196383e-07,140435917611.5135
15559148.81851196,9.701276973142173e-07,158769312940.2827
14405283.40761576,9.79366135545824e-07,146069121843.2075
14855076.9736157,9.675753546746846e-07,151851251172.5549
14440015.12477578,9.861570148913668e-07,145748335128.6727
14196338.27210142,9.98322768469874e-07,142122341892.261
13182726.26778631,1.001324499261e-06,131710987598.975
15726265.48450979,9.991388001721051e-07,157353009406.8373
15299089.90464456,9.814884784427238e-07,154908575225.0057
15919982.54032669,9.766805921235285e-07,161723903480.5678
11793953.68801164,1.013730810764683e-06,116872137533.7475
10922680.41658405,1.025408980393226e-06,107414888640.4881
10758452.00373154,1.020936425454152e-06,106108616985.3286
11834484.64427377,1.001653931992213e-06,118214536477.6686
12027216.80509224,1.007756315318443e-06,119654247750.8143
10981291.0190414,1.015174445263979e-06,108715871053.7893
10577582.53713709,1.01791866450227e-06,104530823322.2216
11466360.73982319,1.004259274414368e-06,114339169505.1689
10626791.8371704,1.017700425476798e-06,105032137233.9268
14025290.48609352,9.852295133215232e-07,141651199440.9138
12786602.25979738,1.00020099071726e-06,127848892211.419
12587854.57644289,9.941739128049134e-07,126369851452.6399
13828747.89186437,1.011650309544525e-06,137223738404.5192
12985935.86463423,1.039763745733427e-06,126527076457.3287
12828589.43717281,1.014654299212836e-06,127047709506.6476
10389914.22185227,1.037700365946917e-06,101367168503.675
11724932.06547889,1.053623216670056e-06,113236589477.5161
10111811.99841153,1.05696461363981e-06,97451535843.248
6438608.212900002,9.189191468258533e-07,68119868162.35246
7592021.969156438,9.774840617279647e-07,77081649483.75635
7400951.433944485,9.78646062437208e-07,75082222379.32721
10916493.5707122,1.034591755102096e-06,106717871498.1966
11938371.53535538,1.048144890679025e-06,115699338536.7458
10590891.77987262,1.032059163265088e-06,103704149535.3614
8346582.059367478,1.014423515064104e-06,82672764872.22675
9545369.119537333,1.027888436023881e-06,93719236189.02071
9278887.491312053,1.047312971652111e-06,89972872706.30144
9931872.218201548,1.015917862014059e-06,98278546740.64516
9979557.643574355,1.015880964380852e-06,98752797965.79144
8897528.236579692,9.973000764621003e-07,89135794534.96021
12200631.99691623,1.019577060109522e-06,120439503776.2553
12354090.94989393,1.044870237466017e-06,119978258859.6679
11314178.70776796,1.031534946112793e-06,110823978550.8417
14040271.53808229,1.023967846820188e-06,138203155975.9226
13653264.23868678,1.06467673230504e-06,130945723664.369
13190937.23380538,1.052444244570971e-06,127490039459.7632
7988136.882517782,8.989218885184175e-07,85762518865.78017
6583522.052987261,8.51515516231818e-07,73281876899.30228
7218717.439847424,8.256482686949749e-07,82021931667.11761
13222095.42106754,9.557709104945787e-07,136269213130.1251
10202867.68859304,9.441006416463565e-07,106017296724.6483
11941880.27330922,9.457341252700532e-07,123944332416.8959
7077392.451103771,8.947389687745254e-07,76221187393.41415
6275100.975312823,8.392870937515143e-07,70525637756.89194
6231456.999396738,8.536912794095198e-07,69245098777.02036
9555484.20192278,9.922836012161301e-07,96049584256.49219
8248411.01103678,9.44792363479906e-07,85666832721.72218
8811684.541166389,9.505518717692302e-07,91146863126.04572
9043690.219534874,9.721725397911332e-07,92154548966.2153
6931431.669365596,8.692941370637783e-07,76098911700.90938
7773406.626200937,9.243767834931316e-07,81917879170.98952
11177921.18551858,9.125828057366818e-07,118808137736.2683
8656940.590643508,8.38807655311726e-07,97332119401.35535
11064478.383737,8.973972051682516e-07,118925358580.2852
10628119.96354324,8.835841722957233e-07,115422682308.2074
8271471.551039234,8.248637470830327e-07,94043323608.89462
9476143.535606297,8.577852820248063e-07,104965336774.4207
12942861.18684776,8.435832704489415e-07,144970060807.9103
11836904.69842811,8.880338949225548e-07,128120450198.2754
10619354.39833389,8.62917219756003e-07,117161617195.0084
13782393.6772168,9.126525972132697e-07,146483144696.2207
12502511.02626489,9.311591281030072e-07,131113670710.7219
12382518.18076085,9.15815057400106e-07,131301731879.0085
12887852.27788867,9.685903401038912e-07,131649877865.7644
10697379.20925509,9.979395260284923e-07,107120989344.4283
9909515.977890145,9.567433026083605e-07,102059982236.7473
14275601.33720638,9.206604341422805e-07,150844017824.437
14305402.98165004,9.494860339476589e-07,148083854075.5931
12972466.48633013,9.398010391603439e-07,135206823616.3303
15589931.36312785,9.724379165759711e-07,158831369427.754
14975572.9153763,9.770917313463195e-07,152087394798.0176
14434903.12650995,9.818232990010543e-07,146125154859.0944
10270304.54543454,1.070959251907281e-06,98114837880.34584
11895551.71623858,1.067544716356341e-06,113883430048.1453
11039904.35754911,1.093532588724274e-06,104010573467.9847
12044438.68609082,9.982180541044619e-07,120587683257.8862
11133085.75240452,1.011994831027963e-06,110449399257.3452
12939196.04688852,9.938920658335656e-07,129921535277.2159
14272797.04414632,9.817956537613395e-07,144486860134.3866
12822391.99217482,9.90687546479426e-07,129026202033.3073
13745084.02625004,9.862991680699769e-07,138720811670.048
10206848.44071603,1.021769319733755e-06,100613539481.7593
8962267.367017202,9.990380314231735e-07,89680195915.35919
10048113.39912303,1.017215266070979e-06,99344222416.4912
9810772.496365005,1.021868796104579e-06,96702962690.55055
8800690.65273504,1.007315707727013e-06,87580284471.9476
10124245.62073289,1.024342017499804e-06,99632114604.35638
6263229.843078936,8.519413960960869e-07,69693434728.55428
6346610.086281277,8.472750512175187e-07,70880298632.96295
7426413.969155219,9.311557193753257e-07,77880896884.75275
15026193.90584885,1.125212041096037e-06,138896960327.9315
15744049.54313895,1.055673006216685e-06,151855375461.1814
15191912.89907439,1.060288424018496e-06,146104339462.4926
15020931.30797528,9.9178080658517e-07,151038058294.6888
15444232.61115901,1.009336295259386e-06,153488464123.0487
14800204.21392529,1.01761627647483e-06,146289002299.4003
16126325.02059311,9.857513407563884e-07,162813529449.8652
16116228.80824257,1.017534445867353e-06,159305466222.6162
15931352.77128283,1.008154381484673e-06,158453301730.69
8153974.094311888,9.632724056025995e-07,83599416791.00229
7020483.981164567,8.794105003986648e-07,76484357268.30307
9145369.841051022,9.816201098394065e-07,92591753434.6144
6603519.269918252,1.435796635066953e-06,51885598264.96634
6105894.742666733,1.323163553342455e-06,50660984697.50994
6750396.391532015,1.384791643454924e-06,54334163648.88495
6680153.199234238,1.758048537235477e-06,45859837872.02868
6544947.499238959,1.622903281241002e-06,47392658908.88377
6778698.067944883,1.673089568774446e-06,48098717434.93764
6287616.647557063,1.309884242499268e-06,52520732759.19908
5954829.304536897,1.298209033184734e-06,50038724680.73878
6282927.800456351,1.386300299138533e-06,50534796883.71577
7464634.661370851,1.302316195768961e-06,62593744006.8418
6756922.036034488,1.312609492644047e-06,56362711858.66255
7151133.353353329,1.395435888175984e-06,57266628859.74635
6136738.401836463,1.191806436090367e-06,54592601833.56818
5763744.919231498,1.162799797086146e-06,52123646111.23371
5822756.921192952,1.229990912109379e-06,50721730073.31079
11731232.62728157,1.096497027023723e-06,110324510151.2506
12612771.57662969,1.070689306391095e-06,120513274540.1103
13064941.27389164,1.082931298140069e-06,123891123561.8149
10009135.57564385,1.209192636306983e-06,88185986196.23956
9790462.428480638,1.179078353359917e-06,87721913056.93024
12094935.78437322,1.126532009101908e-06,111714070425.1903
8130818.594064955,1.126996982478918e-06,75079107764.21069
9335152.198704176,1.085792269678915e-06,88367026083.34619
10069526.32649426,1.108103324360277e-06,94034857298.87427
5772676.453099621,1.109263158160541e-06,53870890856.4314
5957348.725898782,1.078352071550703e-06,56651659805.62626
6045756.69973017,1.075126290041387e-06,57607320856.182
7700091.145133594,9.662906071705542e-07,78781460402.4127
6587222.748184499,8.815345940778277e-07,71648886069.24205
7778848.616195168,9.607393220068911e-07,79893529738.94467
8982506.972216299,1.265750098672545e-06,76765411630.84337
8735138.521881776,1.319124575700146e-06,72623847835.47096
7941284.836090308,1.268701371973298e-06,67761732369.04657
8788861.512781154,1.207747803021735e-06,77496445592.36757
8996110.833604205,1.237912914516709e-06,78029963102.66956
7954076.270354001,1.240787754489255e-06,68885014142.76651
7488028.536301777,1.171757883238941e-06,67371399363.29893
8403447.470908403,1.191136089240125e-06,74785356380.17737
7587632.857289679,1.224382721911125e-06,66297148125.68404
11087922.20034701,1.117807315122952e-06,102945066481.2877
12385544.75716223,1.10398039409154e-06,115950921886.0423
10052097.59248457,1.156133236756543e-06,91253900903.73645
11849360.90092001,1.17633147371225e-06,106334725864.4273
10786922.43686912,1.258639884751034e-06,92532982976.38638
10161425.16257955,1.234903671073676e-06,88280727184.88983
6053401.11879334,1.146253935247819e-06,55268654623.43476
6827136.991752035,1.154550943347017e-06,62034014003.82519
6632344.886595298,1.186006718217499e-06,59193724790.30985
5884862.481498985,1.233421640548003e-06,51167626982.02631
5825535.803767953,1.166397054337194e-06,52574070072.89148
6393729.757670192,1.205752318144183e-06,56439376289.14799
6278802.90231456,1.06343856449953e-06,60265474456.48299
6293259.611927224,1.053829654412942e-06,60770858405.72546
6602227.860243075,1.076186357348243e-06,62868368107.85063
5904395.438740202,1.111888351202262e-06,55013336153.63511
6180537.8436344,1.078043341384356e-06,58785306782.576
6501453.878073932,1.090292175607765e-06,61373641055.57597
6016054.441276547,1.061341857909303e-06,57819575117.40646
6005567.028686557,1.041070655043048e-06,58465618514.00136
6104895.347876513,1.058032140802447e-06,58795711417.69678
5829968.042971905,1.036997372038241e-06,56904647442.13369
5854195.542842542,1.027331389381769e-06,57498986026.60967
5918158.800800266,1.02981420418248e-06,58033758191.69369
4894039.986956665,9.702536189499256e-07,49935645236.49477
5168184.053717548,1.00497082717397e-06,51511279203.41215
4975010.50629239,9.975206338582411e-07,49832507825.94967
6045105.929356326,1.007398045770467e-06,60154738902.98984
6684495.473849379,1.023048335976864e-06,65837176592.66451
6046269.860177246,1.021046094297718e-06,59628968218.6126
11176475.34062612,2.16851095357148e-06,66710948795.73188
11758551.96350536,2.417154002816177e-06,65285634390.30564
11434247.30579331,2.29280604305985e-06,65760135991.79034
6537376.80417593,1.659971373451984e-06,46630469194.70624
6649821.778081155,1.785556132449346e-06,45181537003.32899
6770754.829380282,1.830501394556281e-06,45247061386.56715
7101984.766472208,1.506772216401032e-06,54035768701.46768
6720053.310035,1.560307868736863e-06,49953491947.44757
7253449.657229912,1.611061068154716e-06,52780066437.92878
6479540.598196171,1.497860451072626e-06,49495226119.13161
6727886.809623082,1.608059010551891e-06,49016694603.9662
6495021.653713022,1.557841365720859e-06,48331667853.64052
8787083.737522326,2.199764834171849e-06,51951001998.45469
9015673.895287231,2.426033173555295e-06,49934461541.61314
9876735.870494805,2.431333575115018e-06,54624030441.95736
7225389.817887483,1.886723594732037e-06,47321201429.40814
7961273.729112595,1.959089442207386e-06,50848683533.19399
7527817.820678432,1.766839056299097e-06,51507575330.28985
7435113.213377767,2.02609907569802e-06,46435180020.13895
8401965.529139562,2.324735865593853e-06,47877538939.62816
8181343.524338616,2.098577522818027e-06,49912342244.09783
8279960.760738154,1.774195377844131e-06,56497250942.01756
7487071.23776622,1.560211791261703e-06,55657401731.82773
7642566.93872026,1.664483802140472e-06,54415113052.22997
8780715.921940733,2.096842240392227e-06,53598514800.04829
9869984.696775207,2.328471582758788e-06,56182688545.37936
8989887.240303535,2.014402119375532e-06,56362484814.82565
9483697.911208548,1.540358906183267e-06,71104392309.0649
9560064.857471187,1.367394966350106e-06,77600559774.35916
8478195.176368538,1.341566543584947e-06,69699329051.85641
10115473.19437287,1.985396842637546e-06,64035575794.90463
9701114.5438904,1.731713384155063e-06,67272508683.59795
8992116.933092844,1.680574453095441e-06,63614596111.86533
10940740.25179715,1.961353865719788e-06,69824752272.80009
11086430.74057023,1.916972289379513e-06,71842459450.97433
10914292.52283935,1.755588845706077e-06,74997545056.76491
10546436.36923381,2.065806312900447e-06,65019855985.65701
10672401.14802304,2.002388262308936e-06,67178445018.53939
10123251.71176759,1.812453135381644e-06,68099226395.09406
10920144.19819007,2.211982565014282e-06,64324127904.67924
11627086.87655799,2.396965536469627e-06,64917689987.85587
11048314.732948,2.148267638069176e-06,66359603129.00695
8088300.693725043,2.38009249174068e-06,45372711336.38041
7140224.109318743,2.081699853662309e-06,43795864356.93353
6979225.093795962,2.320987383362242e-06,39813041105.28119
8890842.885475205,2.7691484673896e-06,45086387747.07278
8534588.243770139,2.55202176145966e-06,45701065361.97894
7394213.276104607,2.492733458810343e-06,40219939317.73557
10648007.91859974,3.148284380963194e-06,49570016360.86732
9639697.117218055,2.974449102979672e-06,46607845445.4459
8956110.021803364,2.92266674649521e-06,43812686889.75407
11275250.14511997,3.153268857404956e-06,52434707683.74796
11367805.08359884,2.943158824063661e-06,55352106407.37476
10236938.09230005,2.979497769731274e-06,49439571779.30297
10262290.09599287,2.349249125126664e-06,58070857357.57549
10307556.19291423,2.17963947237765e-06,61314887386.71851
9364467.968364343,2.034932625717316e-06,58315376683.08526
11057679.61045358,2.742642903176439e-06,56435341680.48325
10452155.18457394,2.567168093468988e-06,55748901146.19496
9565801.703518726,2.561727817053452e-06,51093546747.51698
11624435.20604476,2.749603609493219e-06,59227736413.68346
11761316.74473631,2.589776845570165e-06,62365975108.31039
11003371.02724696,2.574242031801812e-06,58581367565.9809
4221002.74416343,4.482867436055446e-06,15525480027.72112
4455055.145954633,4.593016021825767e-06,16123318903.17307
4366342.771253605,4.470482026631291e-06,16089711515.71268
6157982.356396852,4.917840784897861e-06,21293912444.30239
5719908.098531155,4.889490912998454e-06,19855460114.23061
5725889.864620655,4.989564788249239e-06,19609561372.9656
6240384.087622014,4.858225638448037e-06,21755022312.49806
6047047.685198531,4.75118326246519e-06,21396473742.7494
5799334.682562155,4.829942773812342e-06,20296298869.29374
5507717.642245113,4.518651508976402e-06,20151115948.74083
5862779.413080028,4.583513764869326e-06,21247338044.09109
5619838.547320144,4.330897516072306e-06,21151373174.0051
4995714.611314673,4.696225011586465e-06,17814146619.41549
5185413.288074153,4.584058375230825e-06,18791002483.55328
4876658.527798697,4.54501874251472e-06,17773183614.64477
5134354.615828997,4.757284635644603e-06,18151524371.15905
5436001.240766872,4.788435917403982e-06,19134498933.57479
5326643.161187355,4.644794659132502e-06,19134153678.26487
6913968.456273478,5.156529450068574e-06,23164471287.54666
7209035.380697585,5.074778900450853e-06,24411758970.03302
6740167.274673112,5.105036587641247e-06,22733768617.67862
6496613.911710118,5.295729994910736e-06,21383059031.97719
6643429.070489767,5.307333233686378e-06,21834406832.02742
6752093.941124643,5.241212052365077e-06,22377796592.97929
5835250.314388591,5.192844592753706e-06,19459093595.50388
6193313.873605423,5.264194377624414e-06,20466102539.21357
6048130.15376898,5.198179352928394e-06,20155192722.54592
6530702.26390237,5.415621322930463e-06,21176833641.81839
6588186.08877188,5.351087194676084e-06,21534651068.70528
6441986.03733421,5.33921202699481e-06,21087980959.10175
8952028.421175854,4.741571230519937e-06,31718058776.34386
8045389.194856305,4.878422936840368e-06,27970104691.52665
8466774.318285024,4.691949923696608e-06,30209884968.76198
6997171.623387888,5.139961574055465e-06,23493584194.60168
7366592.693355259,5.051694259167226e-06,25021227933.60455
6996478.550051469,5.158939113685986e-06,23433612212.47439
7276092.473891134,4.809000760527545e-06,25538476127.57162
7384381.211006502,4.71789449392991e-06,26251167650.41092
7992237.223985465,4.673375150924596e-06,28592223899.44729
7019696.119020515,5.087379815190836e-06,23731336838.68927
7086789.249369401,4.948028739347569e-06,24405893325.86454
7389703.668941006,4.998962457251041e-06,25275927822.27523
6791817.919954229,5.135083907602629e-06,22818530442.54382
6476841.140866819,5.189733751443728e-06,21607268063.922
6857815.665313623,4.995685661477633e-06,23466900831.51075
7558126.33113664,4.762092542466819e-06,26702315693.38217
6858603.254769812,4.557236457600365e-06,24951766973.84199
6509860.487383141,4.677511447924856e-06,23275290417.33249
5395647.788347639,4.296481445245659e-06,20415889138.52635
4974022.769119025,4.445232250551621e-06,18398318434.87548
5285797.430647001,4.484063924762632e-06,19438495661.72284
5283788.859540502,3.425323734260482e-06,23252931147.27659
5491635.488964864,3.25368067239898e-06,25010272171.73448
5391373.493693405,3.388295187147712e-06,23898937483.60546
5078955.10815223,3.773724657599903e-06,20953708659.20362
5118280.255459905,3.604058819299218e-06,21773561993.74389
4974081.03090346,3.762298887245601e-06,20562566816.77247
5851679.604003565,3.24598429129968e-06,26692111483.75887
5742927.376759244,3.055714744320923e-06,27272489582.88898
5422708.474991025,3.357300822895831e-06,24185556573.59232
6071411.207824834,3.690179625878182e-06,25424825264.68867
5923106.138328277,3.446978495320963e-06,25957157503.17646
5450738.91175509,3.72804532589649e-06,22670856294.77327
7029094.842807611,3.309471180826945e-06,31651454157.71628
6602500.328280232,3.038299539927218e-06,31474200438.33385
6341117.856236083,3.233006746853043e-06,29002009098.4808
7809452.664869612,3.913945443536509e-06,31444455954.44405
7371581.909400468,3.589251485473718e-06,31445470922.2301
6823899.61139649,3.755921932141728e-06,28241532395.23039
8935597.484224258,4.317808096103286e-06,33698820965.8198
8466978.000300908,4.185814392652279e-06,32599313418.00318
8493816.615832616,4.387439828380484e-06,31692908584.27779
9171896.362629689,4.229181121994693e-06,35071549088.80299
9434007.546855481,4.033622585219004e-06,37230543765.37732
8697038.170314996,4.097418540178853e-06,33964963900.09456
8544006.902195945,4.733144366667502e-06,30308312494.63796
9610891.101605373,4.548568758544079e-06,35009062442.18082
8639107.589379089,4.542194502723986e-06,31498634791.33826
8196642.358964131,3.075102217913233e-06,38761116811.78338
7988503.788458832,2.897928842340128e-06,39301304630.37052
7147747.520742434,2.924328531886201e-06,34953051417.37729
7461198.291798454,3.294754915049752e-06,33697150100.18673
8061392.820825032,3.174245863938236e-06,37323558426.98818
7021485.024446469,3.023598680758303e-06,33579911132.00883
9782447.426970143,3.803627639905201e-06,40146608186.01644
10401128.48891634,3.75375579039829e-06,43062884597.72552
9202409.348195538,3.422024200819905e-06,40524048852.92931
10702333.60955741,4.186361008570184e-06,41202227904.03793
9935576.540359225,4.055480594061406e-06,39068930403.16423
9666539.429546947,4.251434080867076e-06,36833873618.48891
10703715.10077615,3.642245462802052e-06,45215610638.51746
10982538.08167367,3.35899219969094e-06,48966235952.23035
9487154.792151215,3.310814689315754e-06,42708344540.60535
11010635.04215856,4.104191197900109e-06,42953047081.07621
10865251.88689553,3.923977850090043e-06,43673912612.53354
10232708.65154927,3.973796662068599e-06,40786851517.05265
11260795.33479321,4.115807153341257e-06,43846243037.58215
10988108.5065964,4.020639194797174e-06,43456979587.6237
11341355.27437853,3.932035160276193e-06,45525356995.60015
6338526.189093658,2.949153973555072e-06,30821704860.8925
5971589.379663262,2.953551028827248e-06,29008612133.84953
6082475.474272056,3.143959392324477e-06,28341907814.27394
5175748.944005884,3.515483222514961e-06,22386344483.13388
5282233.553809861,3.478462675893518e-06,23008732824.73885
5057710.526636316,3.614347760389078e-06,21475041489.31761
11837813.49485535,3.359793523565399e-06,52771134906.22593
11230569.36096502,3.513373537667595e-06,48594325360.70112
11370210.18461944,3.363697222598586e-06,50647408501.33714
11951496.05586808,3.142754857535545e-06,55703429587.97122
12125950.39902733,3.230460713020509e-06,55488903753.20795
12070000.5113629,3.081732777064798e-06,56995946501.96024
11383827.25467711,3.903698997038261e-06,45916708464.58334
11155808.52526174,3.906411245419924e-06,44976163866.27849
11303116.34394651,4.086917013516487e-06,44218192396.44494
11267803.72410822,3.711845451038875e-06,47001604428.97266
11343113.42243699,3.831189318029497e-06,46327962381.87583
10989839.05880477,3.919484196460425e-06,44208460077.31177
11725648.12145782,3.469353397723361e-06,51164786176.23531
11618004.24264833,3.397469390796752e-06,51407659179.22723
11560971.93067569,3.677783545435931e-06,48521799970.87752
11143638.57148901,2.039311002673858e-06,69295448444.89096
10017520.88223275,2.132719834992732e-06,60460404866.66389
11520876.11047435,1.918144541737898e-06,74627338440.51361
13540527.29760274,1.638902436060976e-06,97409244845.43796
12019281.81341351,1.915521646238217e-06,77926853721.74556
12410939.34039298,1.794032091995573e-06,84059057187.50275
11340813.34839776,2.087302334719983e-06,69436416063.37308
10356802.62615246,2.309520812249211e-06,59275848535.57107
11179082.06064237,2.108738186741596e-06,67981545816.97469
11716599.84266282,2.679777159399337e-06,60729887544.5055
11952324.60831422,2.610410864563345e-06,63044392943.1482
11849584.98978018,2.748640296130732e-06,60389004092.19346
5065310.77067376,3.795246179976411e-06,20818341473.88289
5789204.282989834,3.295401159037211e-06,26142473793.16966
5551960.639652371,3.42500596363503e-06,24434614437.59418
8548053.326397369,2.828939497174989e-06,42735105782.76026
7609761.988510494,2.954937020903312e-06,36954918947.47626
8154218.147633667,2.702122968166444e-06,42031890093.57737
9293643.328341555,3.495278568652991e-06,40351975855.09408
10585099.27672616,3.390406808573522e-06,46902255472.32063
9927366.934111295,3.514039195680605e-06,42949984058.23943
9268879.408749966,3.407096184687272e-06,40935896170.8102
9825185.702046633,3.16368431544577e-06,45590953294.65639
10558669.58491705,3.303247024245732e-06,47604553706.03864
8404336.226888379,3.465803994402052e-06,36697297838.59724
7780741.118312472,3.439566416960417e-06,34146943215.97224
8220992.469974563,3.311089361823453e-06,37006412243.07465
8774833.721823776,3.742006296880997e-06,36405686052.64964
8855014.549593361,3.584412733841682e-06,37807439985.00386
9473852.176482737,3.602073863103806e-06,40317308141.88863
8402202.550381294,3.807640338176079e-06,34457931294.30082
7972972.289333856,3.864276771715995e-06,32377360316.60488
8480666.347732771,3.649885194140628e-06,35774796704.98499
7625771.556818423,3.062191014347801e-06,36162818575.23158
8565020.707273059,2.935306375596242e-06,41779136408.0659
8220607.478048805,3.12952146688128e-06,38422470735.47266
9342161.334187593,2.826389504354338e-06,46733254027.54784
9980603.271835305,2.713857296150488e-06,51297805661.97653
9727395.314883132,2.929802563247879e-06,47508464709.52501
7066884.780098769,5.071809977902999e-06,23939736250.49092
7436530.565112643,5.218953549461968e-06,24716183618.01029
6752800.609187592,4.97089183378069e-06,23184321170.8936
7773118.756897785,2.824977156519155e-06,38897230096.20334
9287474.612496939,2.4153266803183e-06,51591765167.85121
7891888.519276674,2.57247455037461e-06,42035241850.34556
7518714.713186373,3.083939473629175e-06,35487306914.13227
7178377.251168625,3.13347331945937e-06,33522953732.22793
6609264.976129478,3.44510246189685e-06,28974663559.50336
7966776.728859301,2.917681036272622e-06,39017320194.86103
8369048.64537567,2.78000870090923e-06,42329712822.18768
7616329.427331298,2.967203521418683e-06,36884805390.37156
7171551.706904089,3.005569813208135e-06,34434616762.51862
6766698.167392757,3.029552615922855e-06,32318991866.05166
7700373.922590292,2.75153185443669e-06,39215893811.81566
5879589.991333268,3.641361555526898e-06,24841120038.33449
5871938.023335073,3.349370724009904e-06,26230464607.902
5142718.204360476,3.849456340682523e-06,20937578959.96269
7003075.524134821,3.466532949975331e-06,30574445420.42316
7473652.890100554,3.167220393007094e-06,34653523551.29174
6567020.485584615,3.528263967737847e-06,28335289754.10361
11182997.17519335,2.059180307054722e-06,69092137884.65733
12946124.34522442,1.77583363915906e-06,88281883112.41364
12124496.13865657,1.85018591323166e-06,80448901716.52483
6527471.095062301,2.988274201964866e-06,31462845210.88887
7101533.633302413,2.968500846406473e-06,34381701343.71272
7215076.641078459,2.716062752616037e-06,37063612684.40793
10058362.06534891,2.095864826552343e-06,61416503091.09954
8039624.928938813,2.19560314841601e-06,47591919893.65007
7109564.920957739,2.021296100349987e-06,44472314495.54188
11784438.91533742,1.524450840657964e-06,88967890556.09862
11257282.80990708,1.857033233360455e-06,74511011569.24223
8924736.319461811,1.505981860085854e-06,67928011277.09489
12901270.53137141,1.823032816833917e-06,86450894484.94878
11141312.15871291,2.106398290020246e-06,67802027389.11317
11951339.5506675,2.039133816525675e-06,74322350152.73213
9079449.259252088,2.577903286983182e-06,48292730244.26117
9266970.991754487,2.519920968531365e-06,50043367146.23541
9856811.517117759,2.355999361301568e-06,55669801542.75485
7982575.92855376,2.846780441911794e-06,39741148071.91308
8752759.333593663,2.65973439370287e-06,45595236675.03764
9516298.051299326,2.437293738302955e-06,52544764981.40564
8278591.129957447,2.83540643284065e-06,41325002349.2193
8872025.425811743,2.639407950090064e-06,46453498893.24377
8688563.804854028,2.697949292647179e-06,44832415585.61068
8141327.659386924,2.835670173765718e-06,40637291765.58711
8132907.824877677,2.699523314362732e-06,41948953260.08755
8729907.158364493,2.638858809800553e-06,45715715594.6796
8450012.244760076,1.300570125733087e-06,70919906705.98384
7164447.60769713,1.268293376289202e-06,61146212539.26742
6878693.268379353,1.250484877413462e-06,59263456982.31742
9233117.291921409,1.322022579492518e-06,76651814062.77528
8984283.608567001,1.313966194636695e-06,74890602573.14297
7361537.179974463,1.26387421531367e-06,62974675844.31328
12338945.75036688,1.384329681153573e-06,99338676083.44083
12372592.09896314,1.402215368269033e-06,98760712287.58073
10582309.07906707,1.353794243910105e-06,86472629698.53381
6831209.537038678,2.858645474129856e-06,33914915670.69943
7611394.036916136,2.714699147920131e-06,39112574308.4408
6683303.153832936,2.992850773927025e-06,32181117352.65705
8113540.983848715,1.370310683953141e-06,65765441254.90843
7835407.623797528,1.309834610085343e-06,65451150806.84709
10849415.85910989,1.390683239504503e-06,87080492314.18344
11945588.07252236,1.949080072157776e-06,76557500727.39529
13462301.90386295,1.673256872540478e-06,95516319768.23436
12112752.50310395,1.92866602923729e-06,78175647934.05859
8108075.300742981,2.430281140899258e-06,44855265216.85075
9194061.881477319,2.256184284216592e-06,53447128341.0683
8966937.530352658,2.278094790256676e-06,51792031985.89079
13808448.66588549,1.592297352393003e-06,101265639059.8817
13387320.84849647,1.474602282162822e-06,103334118158.6565
14113198.71668551,1.51263452702672e-06,107103283090.3852
16250070.24762166,1.40851904242676e-06,129324287447.8918
18904620.65447636,1.410563117942284e-06,150304834943.3563
16422613.18658789,1.476562654072878e-06,126650724121.1847
7467198.901329642,1.166770263139684e-06,67375316501.82449
9464225.53373507,1.31033999343566e-06,79036751757.51509
7193680.560818231,1.29558398211824e-06,60530477817.10784
7977344.944214934,1.113780055925125e-06,74243552944.60292
8253016.569140947,1.080490860406227e-06,78378807560.01645
11187048.50592315,1.243800693415292e-06,96727135072.37398
12134912.37995592,1.213409172790943e-06,106667421214.8346
13087090.48485212,1.159671676992573e-06,118564062481.85
10484497.96438377,1.117335371000072e-06,97370023511.76326
19592475.83979608,1.382165127646763e-06,157900206854.9321
18022083.63562369,1.339975285843052e-06,148277006109.3005
17895859.06243338,1.403149205094509e-06,142785239543.197
13893977.197385,1.303588229766145e-06,116430374604.6035
13150406.10672856,1.196190557296088e-06,116700375000.8254
15877571.35170196,1.282523014820666e-06,134505681185.3263
12860781.2526166,1.365515470024344e-06,104488766341.7834
14157894.26823124,1.356199751886083e-06,115553443217.5581
17648389.28742191,1.377501241234478e-06,142553234439.0639
10671096.76194391,1.312429816802984e-06,89020835425.7766
8543250.403602703,1.170474301101371e-06,76921642169.93069
11855413.21934142,1.304128456230664e-06,99319939947.7574
11340342.62270947,2.571955738271491e-06,60411161024.38111
10725770.10957767,2.538331674674502e-06,57640743159.11341
11471051.29080106,2.30695347623693e-06,65701809515.29704
11324302.65333547,2.716746401566925e-06,58162812749.29469
11406590.69893084,2.887005538269709e-06,56258840891.65615
10710170.98065417,2.684361920917075e-06,55450103073.79166
7675627.419933065,3.562688300636498e-06,32905007987.10348
8295077.437802307,3.588620477666658e-06,35389038018.06756
7793055.436331978,3.803131511999904e-06,31985037920.0062
10851032.95212867,3.554667554899692e-06,46587752064.5531
10317959.99345393,3.527861225471217e-06,44523180203.39909
10988301.27176814,3.406392961122375e-06,48536381297.41524
8864284.992083242,3.948215598437812e-06,35484863349.77779
8777140.363827525,3.832800652498401e-06,35837872698.1242
9476248.927815186,3.693205163507383e-06,39661351072.43226
10664085.00205996,4.054349879088272e-06,41941386363.20756
10564108.14508948,4.219319838963244e-06,40458012106.0948
10413230.01160545,3.999431166802565e-06,41328848983.44829
6668664.87192029,4.79920387770438e-06,23438299149.47401
6501381.872823712,4.912469392509325e-06,22497750925.71486
6422844.47549483,4.971399229859888e-06,22049985703.20385
7428705.700926448,4.427754562340004e-06,27550160122.40414
6985298.609226227,4.615513080626199e-06,25198323785.36961
7083727.747350184,4.537793572578814e-06,25844335542.66395
7025587.478316821,4.740626484665004e-06,24895765622.82553
6650431.652798317,4.854809670170896e-06,23195390888.42939
6819609.229491703,4.741379405231956e-06,24163305821.28858
4895910.369876685,4.362593093694381e-06,18337367418.05711
4933272.975769581,4.443947824604869e-06,18251105672.71346
4598876.475822075,4.636129695708739e-06,16540476889.77778
5102517.326967174,3.839159085066059e-06,20811038330.34648
4975281.963897692,4.12333024667205e-06,19348722024.66118
4822587.704105924,4.043624664299129e-06,19000553097.81276
5238283.538955214,3.824324047561028e-06,21419987484.22762
5361340.501468465,3.983553080662969e-06,21335016580.25745
5109355.952834808,4.108044121134501e-06,19919392693.87201
6052445.447833622,3.30453485484631e-06,27280814072.88692
5767023.313419741,3.552329064527655e-06,24770964350.06619
5503188.302553779,3.577440686174741e-06,23526974334.43763
6410724.791886481,2.987639711804665e-06,30904494977.25553
6267468.082776371,3.122034087090947e-06,29340468032.38693
5914653.621208166,3.228895485578111e-06,27074471696.52298
6123644.793768495,3.091699516084106e-06,28854383914.1088
6374201.488296457,2.980042153383842e-06,30780630806.01729
5879573.938755821,3.221317897906938e-06,26956083883.85554
7611385.862365385,2.542237733788423e-06,40862001198.8448
8444198.508769546,2.388675605912648e-06,47255640218.2766
7170582.457141089,2.702813581776586e-06,36955326124.45247
6762686.65795726,3.180968301948565e-06,31266531368.30324
6076816.690836413,3.452950917189212e-06,26600054875.24478
6369713.345952857,3.205417076289479e-06,29299723652.43628
6605692.151749596,3.983533460463574e-06,26286898640.70571
6528371.979925734,4.244179641364058e-06,24904379191.16449
6281963.454113298,4.204333094339563e-06,24115558701.70956
8593463.756477803,2.59721270128787e-06,45480989446.73457
9376990.162830561,2.534899401310394e-06,50437820048.31571
8997643.789002204,2.724177992078922e-06,46128763042.7417
5747847.901503653,3.850298189693052e-06,23397835894.95541
5019556.132324588,4.058356047536249e-06,19728703743.88128
5354270.962898917,4.184878164505195e-06,20617933435.03906
5367107.34590366,3.72152873654181e-06,22349065260.48504
5627698.35314411,3.696537244007084e-06,23539690776.51009
5491659.542117809,3.880990406349941e-06,22236950312.76413
5407429.021376516,3.523457064235969e-06,23353116099.64886
5210211.242127587,3.689265680481997e-06,21822041485.96307
4927301.492125781,3.893573438726839e-06,19908729980.46478
5685497.254980896,3.36463346650862e-06,25320752835.20028
6031509.479595768,3.257722092538901e-06,27446269662.88773
5483225.731863653,3.530523191636827e-06,23648852871.43327
9115874.266292632,2.328970318470339e-06,51882674717.91435
9407090.072213383,2.436408325207937e-06,51954350410.4826
8622279.716933317,2.498253444933515e-06,46830749787.02229
8689821.751458295,1.322931081003672e-06,72108432490.70882
6877302.473508881,1.26426728566365e-06,58820068440.57307
6939867.94949868,1.318499247432723e-06,57716229195.87568
16935102.27438566,1.377064624969261e-06,136820637341.6729
11693771.49758483,1.353936910782637e-06,95548157742.66566
12252958.59707687,1.364381311407718e-06,99605608127.37267
13338138.72528484,1.368844192229441e-06,108191352913.9076
10446541.84903005,1.339985272983394e-06,85948677429.61836
10714729.17140057,1.348322323328736e-06,87791414855.39009
9463089.285243321,4.827180005041442e-06,33131208312.16727
9299460.178006137,4.85400640465781e-06,32438256905.17084
9402865.537285903,4.772319770116675e-06,33172168929.31991
9709217.6920071,4.656112405221587e-06,34820521225.41718
9565588.121901484,4.777679251687125e-06,33720992623.32963
9505038.578394407,4.722809436897848e-06,33766569090.69542
9818102.714918206,4.751416521920964e-06,34738588560.0837
9643625.489549583,4.784832431681963e-06,33962202526.99712
9787837.565897409,4.663276021516765e-06,35066520259.11557
7727659.147065971,4.353256128954546e-06,28984900318.58163
6723536.652429966,3.993511663418336e-06,26711265982.93288
6934442.87361658,4.339118709178548e-06,26066169818.17339
4627786.702283567,4.730886937062861e-06,16421454493.47104
4617019.564160312,4.854379547296548e-06,16104202712.55361
4831235.513610035,4.787724813025118e-06,17007432482.69188
3495956.640839522,4.176960703114375e-06,13479044630.14613
3411855.65825237,4.060539808127953e-06,13405040629.71289
3518698.964864405,4.15686474616716e-06,13610419690.849
3989489.052879278,4.287861078734433e-06,15115533269.15022
3703295.225302722,4.26727431739939e-06,14076282059.06917
3995221.523949774,4.381092572741148e-06,14921732314.41195
3466095.595689394,4.063117205550896e-06,13612387482.36501
3287372.480963091,3.955547895094189e-06,13143503657.21913
3460087.236097419,4.137015540534324e-06,13426483429.86657
4384806.1300924,4.323986284131888e-06,16520664985.05868
4242442.445777609,4.060169306440626e-06,16669395983.44151
4526067.42195707,4.076209955403629e-06,17737128901.11987
4500381.440031334,4.68276054783619e-06,16078592350.22685
4304323.840595549,4.526947338841754e-06,15729007163.04268
4392282.397134272,4.538817308072179e-06,16022432598.07349
4727146.487006841,4.954047363615505e-06,16266431589.37426
4596331.297284076,4.910058132083768e-06,15910612616.05851
4626537.145401073,4.842482881738219e-06,16163819445.27318
4975490.048995805,4.871151879608673e-06,17314691104.32259
5003885.044613442,4.929703662969856e-06,17275347083.06665
5022159.344565878,4.88269075933752e-06,17449554423.48154
5085795.785895517,4.758266335757337e-06,17977380866.63826
4995847.444318238,4.82835343641921e-06,17488120324.58607
5042611.894360819,4.83976790779379e-06,17624055573.0238
5161238.176058944,5.058291457966014e-06,17515316974.48976
4932338.144145548,5.016573511972931e-06,16831186110.19112
5005278.122463354,5.037310182719224e-06,17033180615.26594
4779554.67245879,4.984633391477254e-06,16379423757.19705
4634228.22885225,4.945573621977351e-06,15964903732.3921
4765577.823979956,4.989628489394395e-06,16320623981.78827
4410520.277302153,4.6036526985725e-06,15937546119.28771
4308833.931573076,4.543174521670144e-06,15707972876.00922
4504993.07571978,4.69892288848552e-06,16058140338.05919
4531338.570787129,4.841079749210938e-06,15834281256.2318
4466265.65230207,4.678070981261538e-06,15967368436.08819
4561330.452219968,4.773480825657588e-06,16089211036.33194
4282422.25157071,4.570193397597393e-06,15550096957.61959
4126243.80865437,4.477622399563517e-06,15188792230.09827
4059893.228210439,4.467509863082763e-06,14967097880.2776
3653645.812320178,4.127501938161101e-06,14199343112.21985
3541093.712054881,4.123807102339229e-06,13770145376.91149
3368020.352768242,3.944047037054319e-06,13492113421.51245
4236408.031651006,4.355732522019004e-06,15883894029.46649
3938235.075259157,4.203633864116041e-06,15119997330.5122
4096494.189205891,4.092156335360687e-06,16011949012.48355
4028376.347733262,4.376027012118897e-06,15057170724.09477
3704645.670114103,4.231720058268845e-06,14160178335.88057
3819747.542746378,4.235653657240951e-06,14591088758.6932
4681061.327043158,4.661914813608678e-06,16773928027.9856
4595160.936515095,4.716537477834889e-06,16338738920.38794
4485922.641289904,4.572446319607326e-06,16283685389.2489
4303207.580282402,4.544878872543725e-06,15683539697.64817
4079071.104521379,4.463753743623335e-06,15046233277.37711
4202773.179443005,4.484428837842086e-06,15454840510.01698
11486374.06150341,3.467835002016503e-06,50135344645.29417
11201186.48616333,3.751691063581396e-06,46392308304.90169
11429666.15209545,3.748490251318399e-06,47365554023.44144
6971114.775166245,3.931208326562494e-06,27986689350.02371
7992920.104798209,4.290715804731402e-06,30270456597.95697
7966885.51126163,4.089227503671823e-06,31154997976.51019
6094099.17034769,4.56504345233187e-06,22145198296.83345
6431669.419216357,4.445354839424248e-06,23789542598.53642
5846361.759172896,4.312738076927826e-06,22065662073.54081
6461559.4550387,4.753286556598202e-06,22856409769.27891
6661361.155408232,4.86030743243777e-06,23215987056.33728
7506074.524633787,4.838285284793041e-06,26239278574.87563
7393349.825807346,5.05595784564226e-06,25097991024.98557
7094495.539414784,5.137997740925071e-06,23826426636.26358
7467159.925679478,5.030545270501354e-06,25433848403.76398
9359925.149588205,4.699724204450473e-06,33359852918.15509
9798055.756794043,4.587837439233318e-06,35486886086.37545
8720529.245178906,4.773016695576196e-06,30761974457.4717
7898047.146392322,4.953473880879378e-06,27179813368.89414
8877062.306923859,4.791495526323845e-06,31233587968.53753
8254673.038154108,4.864253444458607e-06,28753391596.41937
8951452.53483971,4.585433787011665e-06,32431962463.8539
10016857.51229555,4.453322220525457e-06,37006278788.59358
9450211.674898509,4.635602498006073e-06,33991532431.7527
6425241.705123059,5.146403938524927e-06,21555274398.37836
6195566.978644658,5.186544487093873e-06,20677386778.42632
6342499.203097256,5.252384442206018e-06,20990498393.15956
6632973.195649785,4.957894394470049e-06,22812702018.20671
6670269.761468669,5.055360622496885e-06,22645155329.39526
7136741.358334915,5.025053523283385e-06,24326119166.59822
6319710.98175033,4.959580929976124e-06,21730375431.17013
5881878.668313494,5.031576601708277e-06,20031493742.38147
6356117.423806118,5.056990790013923e-06,21573989848.40762
5949404.942433433,6.058633206761648e-06,17901541212.65817
5724750.627545818,6.202835117092218e-06,16957549055.0463
5682300.164106151,6.119828394349607e-06,16983662143.37543
6497307.239975253,5.861171073001034e-06,19986824797.15461
6237197.011614776,5.93625557753507e-06,19024550385.26781
6344910.084206273,5.849744124507173e-06,19543434699.0351
6517359.329359799,5.899624762647855e-06,19961296223.54082
6424358.297520788,6.00333954519842e-06,19449173444.7001
6256843.935647578,5.97470640861881e-06,19002508827.83908
6474242.640995461,5.780984148169256e-06,20099617192.55357
6598971.713053413,5.746755182611603e-06,20568113931.30306
6787522.369622816,5.707627856031729e-06,21252376836.3651
5964584.042754383,5.483682871046925e-06,19180736315.40194
6079827.401803381,5.426976284493737e-06,19687291327.02237
5903454.872013277,5.578251331052404e-06,18768988254.63404
5709576.390108207,5.602821019393568e-06,18099478221.165
5871826.213865184,5.527585228060246e-06,18782334110.77009
5811175.457661351,5.622244236134288e-06,18379097560.14188
5716351.292862155,5.54158512781174e-06,18254204182.4864
5838539.149084145,5.377598391605474e-06,19021522988.36022
5878696.675632911,5.466449795582986e-06,18944252625.10154
6028584.593113793,5.663099263463974e-06,18974888967.23797
6325643.56365225,5.634207144851107e-06,19977885054.52211
6355300.364190879,5.70054975079203e-06,19915517112.66608
5498926.209492872,5.982681750803989e-06,16685809890.05572
5746618.502687291,5.76422243303682e-06,17875239910.02096
5762597.768440257,5.859698369705561e-06,17729703221.17256
6157693.760889211,5.448879303816026e-06,19885963030.88508
6276065.647576262,5.571294473361062e-06,19970245403.78653
5980187.108123768,5.600153118990602e-06,18963340273.79633
6973872.949862523,5.714055441767089e-06,21819480078.23174
7122854.455402603,5.687662294277603e-06,22354495281.13277
7160133.63403425,5.67403900988218e-06,22507447701.36722
5952802.219784238,5.799437075856678e-06,18441555914.09123
5936561.201749888,5.704357562024602e-06,18595040243.2659
6260806.831010913,5.741722256260522e-06,19525500904.09885
6077865.442995966,5.277900782168644e-06,20049810236.41377
6123833.852633985,5.351924083352584e-06,20014746920.86266
6008172.181834134,5.408615131496466e-06,19499268417.30888
6381000.58883016,4.996742640583819e-06,21832198117.25279
6187705.077091818,5.136263474384494e-06,20785704242.50459
6303195.917918257,5.055661042908072e-06,21398114492.10525
6369906.297398434,5.034174937813947e-06,21686069319.98098
6259148.166800683,5.205170871274869e-06,20839721228.42516
6176780.187610703,5.173583050788185e-06,20649103272.83592
6493089.251483824,4.854993642036662e-06,22646039590.22335
6666564.709859714,4.784838134544282e-06,23477792784.51074
6420783.388053883,4.957064524762031e-06,22085384813.0611
7059459.947968303,4.770847552720821e-06,24910041573.01314
6953589.323381722,4.861812219028341e-06,24229451564.54295
6683388.448779553,4.884859745104189e-06,23214640962.16526
6475789.108425438,5.25629808292173e-06,21420981840.81088
6730863.291890129,5.201980050442206e-06,22419451417.46526
6559393.719116869,5.150190422367832e-06,21994537887.10099
6596656.438153739,5.43777728153954e-06,21332557363.28988
6627115.401567477,5.375749206200168e-06,21595596297.64756
6569461.620560461,5.440380745569325e-06,21237835365.55305
6839262.438368677,5.19782151153774e-06,22792660806.45354
6838577.230346149,5.216606341032946e-06,22735632776.17028
6729215.850527667,5.282928930664825e-06,22184413268.16964
6547434.895321867,5.406119042313805e-06,21255963009.65424
6374088.404916505,5.313688192255862e-06,20932480967.53664
6577780.140939805,5.344052551046124e-06,21519501494.0862
6624108.224784125,5.295056664239343e-06,21804544134.0179
6419694.803887984,5.264603950604857e-06,21213088885.64354
6733295.487568966,5.209929140419537e-06,22404734199.80125
6619657.906943475,5.569202176857083e-06,21068820523.56728
6594795.96148154,5.486170834962312e-06,21200941382.36
6567604.983041364,5.48867883163892e-06,21107095627.69001
6430183.455954861,5.421721231722188e-06,20835243220.27955
6337611.30434427,5.333122856520102e-06,20762096603.21065
6510464.408647859,5.425580022730396e-06,21085368083.56005
6647119.767874623,5.600857463833117e-06,21076435171.31253
6507425.183582267,5.488651184042579e-06,20913758858.22498
6588185.387803364,5.492465696262681e-06,21163504069.06321
6379297.071961882,5.536292674076964e-06,20384190357.26374
6259951.024824425,5.413885081288021e-06,20303219673.18547
6388354.520564891,5.460033677717358e-06,20602762755.72146
6174572.051398981,5.318812305984156e-06,20264244625.92306
6128413.244082582,5.244769418170408e-06,20301608230.91753
6210459.170570719,5.276300379090978e-06,20491356214.51258
10529520.10665685,4.418415036205651e-06,39104875372.80444
10659959.52175948,4.347325413931866e-06,40019727048.75009
11030251.67157682,4.277604734620476e-06,41858627781.61465
7341516.592929694,4.856362789470425e-06,25600298909.52994
8060798.421448069,4.720859779105085e-06,28643801806.99078
7649770.466611491,4.907384285357688e-06,26489983776.69729
8349014.677298014,4.246899325579441e-06,31836152805.29081
8752224.945814919,4.087353523143764e-06,34236576939.63428
9345949.675503043,3.975941856941909e-06,37238892379.39285
8494181.421814365,4.520465025821647e-06,31069394549.70817
8216096.236933912,4.408895183840029e-06,30557114030.49392
8913739.659887413,4.353214786567213e-06,33433862230.72769
7263051.971648208,4.650676807749484e-06,26068039990.61037
7053595.943264158,4.651331244084601e-06,25313900309.44311
7598475.194323861,4.494900235902162e-06,27898428814.60866
5982102.281971651,4.226810815177458e-06,22882947331.41745
5990571.924210201,4.332446236192029e-06,22541328014.30082
5692238.393266304,4.230942892834476e-06,21759970616.07912
7768016.743290778,4.848180127369588e-06,27117999909.18019
7307053.002355051,4.556215991615266e-06,26587207285.77922
7500719.736102426,4.538118711287621e-06,27364385723.29403
7735980.213004465,4.939255575723312e-06,26673152688.40909
7375197.153555073,4.899470373142027e-06,25566672625.46566
7275982.549073953,4.645897888261049e-06,26132354555.83229
7819190.757407596,5.441263539406529e-06,25275240757.36166
7753056.166442558,5.399753145905765e-06,25189738523.68058
8037598.131672107,5.316502650837478e-06,26386123964.53817
8199210.355591216,5.26799843227401e-06,27081638541.94092
8126573.029335775,5.415225451236284e-06,26352980924.12726
8190769.40371883,5.28500804443248e-06,26995679547.39018
6174713.466528938,5.169209064184889e-06,20653836962.58188
5966577.487400549,5.222494148956984e-06,19821657930.08589
5717146.889630641,5.040803381683581e-06,19446711828.0371
6959115.029856002,4.963575986297923e-06,23916129626.44319
6518627.2644385,5.074992649359874e-06,22073229074.617
6436449.65859137,4.828062029741978e-06,22531900050.43198
6772761.264079629,5.454355862860751e-06,21857649333.65333
6227556.216409544,5.325862241901207e-06,20420092453.69487
6440156.822606024,5.272741570207486e-06,21258801926.72956
7483912.607287524,5.364071405248765e-06,24422999868.69471
7202288.364781152,5.436125428991372e-06,23295794493.40487
7310829.899109569,5.143047494435526e-06,24536897913.99805
7088830.796490894,5.665109373307205e-06,22306721457.32346
6918843.478846032,5.673006079014784e-06,21751606597.95968
7045697.440835428,5.602261393003344e-06,22336497664.64452
6218017.797612982,5.069148649919763e-06,21071491447.36135
5758818.701539562,4.940830654768772e-06,19851809260.31769
6137763.465266458,4.822438648490861e-06,21502997624.27925
4562890.463752351,4.598317584657413e-06,16500891227.75356
4648666.419682241,4.503927474058039e-06,17045148558.7533
4473105.493556379,4.475729886781214e-06,16470238757.73332
4524541.144421951,4.829439945662766e-06,15835922289.31215
4535199.967887244,4.706069585429014e-06,16149442874.22017
4458408.126460364,4.688306788206495e-06,15916068750.29509
4864244.6738247,4.714833448405854e-06,17299670901.26332
4746775.116529983,4.563514308992683e-06,17253043314.84599
4660094.556432158,4.658241544569335e-06,16707573974.64484
5346485.919231706,4.861210815471412e-06,18631112592.67377
5047368.822530536,4.829996054702921e-06,17664466417.17759
4976675.796380394,4.935679017481109e-06,17167540374.39511
5618599.952583463,4.772525352527542e-06,19821169791.00714
5862463.12911811,4.694027162933225e-06,20911397558.15938
5507411.08538356,4.62907880032656e-06,19828252704.0672
9282773.562291635,4.939825073415205e-06,32003934770.84358
9217624.989970623,4.965341274872519e-06,31670357536.54357
9330659.584157402,4.983974733671542e-06,31978772575.89116
9221451.245607635,4.87627268747189e-06,32068153357.7194
9260229.635313677,4.889512928947364e-06,32144846573.95058
9214097.967141485,4.821443638915068e-06,32285047466.01046
9138969.868237915,4.900337095686886e-06,31677186964.79878
8886527.543275893,4.917605130857155e-06,30730030346.87723
9177574.62386905,4.91354000445022e-06,31753986827.94841
6602547.372653609,4.709593808379114e-06,23499352253.30282
6805585.945982981,4.873664787997868e-06,23675277946.21656
6911099.55039689,4.950493902787282e-06,23792941062.373
5499296.836745325,4.510230258635133e-06,20145343924.90412
6193539.338013207,4.593398330530301e-06,22413834534.98322
6191591.395286993,4.733294779708271e-06,21963080489.90805
6232142.220253706,4.329584231322105e-06,23460642056.40973
6477581.105004503,4.369342435933505e-06,24236438659.80276
6402516.842259524,4.484667573242682e-06,23543113263.3974
7325373.376982504,3.998123291198803e-06,29079859961.29303
6786584.780130852,4.192636264039221e-06,26101160739.28904
6865414.765897674,3.931981848987363e-06,27558724305.00851
7587133.918018114,4.051376461681212e-06,29854468880.51021
7571849.377983687,4.163145105885999e-06,29258648885.86934
7361804.261810577,4.227839256279879e-06,28156064719.2802
7356055.257769027,3.612147379770076e-06,31246497397.30041
7471022.125389442,3.852933401882809e-06,30398514020.68831
7006439.633802451,3.786783679059448e-06,28839233949.24466
8399095.589310946,3.93582145224578e-06,33693200390.14318
8484347.522482267,4.050611764595042e-06,33389099212.50237
7954280.155314643,4.104362334992496e-06,31029188715.4176
7640041.262613827,2.76409780238823e-06,38790624102.81084
6831172.4967219,2.539786867922497e-06,36696986585.71367
6818341.902797051,2.790506135058686e-06,34399868877.42965
6672766.026285464,1.634982391692813e-06,48079931896.49245
6908527.216709811,1.805675438596775e-06,46589960877.08755
7204318.268775491,1.685792660267687e-06,50861611727.08931
6486479.823117689,1.9324004224616e-06,41809758178.96024
6152316.795649067,2.107144835155656e-06,37431948222.23625
6346220.097562389,2.117063260825942e-06,38491004029.96855
6175943.425743301,2.247278789253224e-06,35996919804.92538
5984679.456842364,2.237325999675484e-06,34985497007.25024
5811729.900211387,2.453234231600684e-06,31950628941.97065
6397615.114226455,2.750852772393164e-06,32586662114.81783
6410043.737725148,2.500174166348227e-06,34797455162.89645
5937426.008209846,2.606116738075999e-06,31352268286.95753
6760712.941199181,1.933942535416787e-06,43554207845.18388
6639870.006913101,1.888986319942649e-06,43451726286.13621
6497952.552701479,2.073717878105739e-06,39958583823.08438
6920134.412524689,1.444351534499213e-06,54158412435.61267
6532433.342944317,1.361522423293395e-06,53177157778.48601
6543192.459256294,1.497975302780706e-06,49978888396.89946
6563560.910933455,1.883387451231022e-06,43037437493.96045
6205479.46238959,2.048717140045e-06,38469866161.14942
6541064.100743846,1.873980804490632e-06,43033332563.69427
7678980.556009222,1.584782305734434e-06,56492460701.41058
8235857.08731521,1.619750347323248e-06,59714080247.24066
7803443.757469892,1.700570299900764e-06,54771745051.29771
4467387.083462624,3.494549206310716e-06,19399601585.21136
4679176.56017454,3.404831616042574e-06,20674690020.2542
4740999.403579359,3.434778563435786e-06,20825914040.24153
4442280.353116005,3.649147947672492e-06,18741815111.78104
4566164.187821798,3.657425537205857e-06,19235398807.03304
4497569.925306124,3.569192347424553e-06,19257413484.14611
3978398.561963454,3.700244709239387e-06,16629836971.63537
4273156.142021135,3.674926617754194e-06,17943878285.84783
4245501.956550219,3.655194460910233e-06,17891855722.28661
4306198.783655707,3.799265937747477e-06,17685918170.52864
4517563.959413842,3.714837398217195e-06,18834081148.65929
4394345.716262776,3.706606403566744e-06,18347486354.31395
4987131.809583405,3.514061532514698e-06,21576348034.10252
5072044.142225545,3.408521389019853e-06,22394378223.80104
4704140.93537015,3.492433404969747e-06,20435953333.48731
5808195.629944449,2.986310748774356e-06,28008159485.9885
5654167.290492406,3.015872052366933e-06,27086946213.30787
5425523.773093494,3.207625343191799e-06,24945138142.83294
5901280.167904046,2.865019751698081e-06,29254621712.51226
5906199.055766339,2.87846032152444e-06,29187792379.51145
6615853.033567613,2.642779675652173e-06,34610819063.73392
6837175.215293158,2.5705890016803e-06,36435238183.59815
6115414.891974668,2.806654156065988e-06,30735007672.44547
6759645.927741611,2.577149130442182e-06,35960929985.52019
5609251.191152184,3.157590114048114e-06,26061598692.73597
5796797.589630518,3.02183017625428e-06,27733718317.49138
5414507.79628405,3.243044160635743e-06,24712901700.98147
5564646.555565436,3.200293895204357e-06,25623847609.65868
5573164.457867699,3.211667496155403e-06,25602446924.86774
5463717.211372721,3.334929185109819e-06,24477316434.35045
5638511.684444511,3.091052341652219e-06,26572163252.45464
5759416.962346322,2.898019239700653e-06,28334203682.05657
5647085.912155097,3.102440709659767e-06,26547404546.93869
5806792.918172156,2.538361649853145e-06,31205705579.72502
5721181.00856685,2.526008265674334e-06,30845786156.54522
5892787.883026701,2.310074175510858e-06,33721239139.94966
6049620.606477949,2.784701879047473e-06,30563916234.25531
5956731.6293529,2.642532678923149e-06,31164568850.35688
6322066.994080628,2.572276546294941e-06,33675495017.89992
5672106.626698533,3.044009159884068e-06,27005180412.42175
5782166.369340441,2.914264585155621e-06,28340310075.12734
5793369.646332774,2.85097502165306e-06,28813916813.57067
10286601.98536631,2.480751989598094e-06,56132756641.46336
12051850.5836249,2.269476240498506e-06,69786268728.97287
11393257.23035868,2.397374871488863e-06,63604904295.65639
10176615.28858212,3.096194544977092e-06,47905406483.09637
10970041.01141233,3.019084205842845e-06,52515975099.0827
10739396.92736531,3.101803788250738e-06,50493678767.07486
8445206.848833978,3.234037610611727e-06,38617152486.59053
9368691.161300009,3.17703488691614e-06,43350848285.07496
9222751.775119765,3.290759342993627e-06,41686596441.70716
10208123.69790128,2.934643042208971e-06,49801497509.17535
10834522.64474466,2.977171595195704e-06,52352875095.11575
10046105.20007577,3.054472412788186e-06,47720712239.26003
9766390.789739506,2.788233963135094e-06,49300117691.97415
9791552.504528716,2.866684274795391e-06,48521212800.33494
9040072.059192162,2.902893294393173e-06,44424018791.66254
9345411.982153472,2.666066901738604e-06,48605388934.70011
9654025.515591431,2.738069570019946e-06,49326328385.60202
8931978.078069089,2.852734744390539e-06,44405836354.85618
11379955.79555857,2.495791519754827e-06,61849335585.87531
11652854.03359121,2.590748429108363e-06,61775387375.45885
10597423.9546891,2.651616287217776e-06,55317157664.28455
11622296.84323845,2.708907748362187e-06,59808441625.87357
11232425.34855375,2.890602172176573e-06,55353870212.51105
10594458.02640255,2.848278051849236e-06,52725878252.62144
11135938.12761473,1.423019936904391e-06,88020970525.2829
10647232.42950614,1.44038109905882e-06,83480516152.60757
11187010.8980131,1.354641856334027e-06,91375773748.97345
14025798.21689974,1.635815440354449e-06,101027138265.3769
13069014.80010144,1.723783776234121e-06,90904976139.5932
13002201.5961416,1.611309644067646e-06,94601398738.30743
11320820.69119935,1.755582155570669e-06,77791200398.5898
10855983.29178541,1.677573975508179e-06,76892039331.9332
11475763.71478217,1.62795195866198e-06,82925329882.57716
11992325.03259366,2.419055886579932e-06,66548681636.32216
13058589.6364623,2.344430527728134e-06,73995395517.83696
12272426.62839672,2.513764018207746e-06,66381557910.16077
12686020.5552611,2.181949572440779e-06,75409999497.89101
12730190.73779947,2.12902134745786e-06,76921586580.72025
12010081.40440466,2.309565596136227e-06,68737291711.61533
13494898.79586696,1.994388068158994e-06,85171936266.40047
12838381.4159905,2.127941501086163e-06,77601565789.98463
12017168.3516085,2.174453761737125e-06,71598187325.69301
14268902.52811768,1.903114506618226e-06,92913886117.93964
15070682.34021698,1.808566032599371e-06,101525858196.2481
13593588.80824482,2.036379620447012e-06,84611286949.29521
14591724.83965117,1.202731388625497e-06,129021137936.3246
14213747.00729231,1.294730105151179e-06,119652676253.4099
14540387.56821013,1.207287098077176e-06,128243573066.0512
13449393.76854803,1.165403779712036e-06,121446525398.8225
13197376.69268812,1.235707592345626e-06,114606821917.3514
13351902.73306563,1.16486852071874e-06,120603122971.1918
13397378.77751222,1.369694032037602e-06,108626918682.0408
13609102.35533767,1.408604062213733e-06,108302094602.9199
13788981.15935089,1.368609089830515e-06,111861137543.2688
12967292.27364754,1.346193582278454e-06,106359827045.2172
13131629.59177573,1.344416819312916e-06,107802624128.349
13096951.04746696,1.304668737857175e-06,109690756973.4216
13117189.87247962,1.377936415547761e-06,105930580756.0222
13704691.48952379,1.431998391553521e-06,107871713323.2624
13282471.3219681,1.376253078000268e-06,107352793843.3122
13907654.80392377,1.975987598889957e-06,88321091233.66049
13658837.08400617,2.164782178333453e-06,81621440603.83653
13304225.8660658,2.058925388781366e-06,82204552593.03906
13788350.09689357,1.74206593436939e-06,95236313595.49997
14081482.88222035,1.835825501615709e-06,93920585791.4258
14033882.02875498,1.779135475847278e-06,95581052482.47461
13895695.9707623,1.804728560853182e-06,93743042022.73189
14469561.76858554,2.03190459391658e-06,90195839115.27097
14189961.61182479,1.898761837201729e-06,92541007702.08278
14182147.14006206,1.61202826527209e-06,103155776350.6307
13533982.80820826,1.623776044562322e-06,97965885224.57182
13708353.21067443,1.666347526038906e-06,97530750308.5943
14180163.00035264,1.824527373816869e-06,94968803705.52625
13571910.14715942,2.016559827301931e-06,85028966737.90012
15047855.77533994,1.789002753613326e-06,102109765956.7297
13694266.72193621,1.447292491697336e-06,107028944606.5817
13841843.89665742,1.468515947807259e-06,107137498563.6258
13794205.80190985,1.495286608653395e-06,105490594181.6957
13934535.2396698,1.469855448998831e-06,107789403951.9493
13717286.90428462,1.44757418466239e-06,107194952431.6522
13817309.79558836,1.495646908091156e-06,105650310220.1651
13085086.43096551,1.370945883975212e-06,106030234268.6453
13366241.17014499,1.370048544908777e-06,108355756628.4709
13456693.54716511,1.402757462069234e-06,107386569880.9297
14054177.64468411,1.894693337236775e-06,91786643104.23862
13939573.71256547,1.73387257651302e-06,96583893250.98729
13668767.66984709,1.712117993434194e-06,95508106305.01389
14463163.44648073,1.730244355121721e-06,100351761486.4938
15339344.0157603,1.694754424548435e-06,107911799947.963
14696265.63124549,1.63881942425147e-06,105727084870.7077
13358831.1562393,1.603982904455564e-06,97491923118.11218
13368194.39426393,1.538564561089294e-06,100306467412.3261
13071327.14562108,1.54845836882432e-06,97660736494.5135
12738447.98355914,1.846141153429684e-06,84646027727.16206
13246928.62714934,1.697009889983949e-06,93109132606.13696
13147039.91841148,1.705724042385056e-06,92092048659.50142
13906398.55926099,1.650611604036977e-06,99567608548.49348
13921169.47155609,1.561800602107536e-06,103417014582.0192
13635916.53909469,1.629209234120049e-06,98484169236.13564
13618956.60518688,1.713296589142853e-06,95116414153.36726
13664883.13092233,1.62394759789179e-06,98906442423.56242
13851558.15555866,1.680016860746281e-06,98014321115.30365
13945192.86141789,1.461117171088573e-06,108301505841.5933
14002175.98574804,1.423017374313441e-06,110676494899.5498
14002569.36089811,1.482658262784786e-06,107691235077.4109
13927847.43891373,1.837865108071813e-06,92827127699.52458
13975268.27710357,1.894553762945039e-06,91275775375.33864
13370358.05648488,1.977151370223747e-06,84875645664.48029
5000657.337875954,3.321101853793984e-06,22464959132.00998
4875407.507325625,3.391413497800156e-06,21598508359.37217
4812711.589126606,3.361355785233688e-06,21447673075.22396
7617701.078084689,2.550286432969328e-06,40809814408.3065
8322833.949244435,2.447481757083642e-06,45827368627.29535
7737158.319106909,2.647495468487228e-06,40428844906.35886
6242230.1640265,2.839537477489218e-06,31129683697.07264
7093681.672854727,2.648348276488696e-06,37058539329.82565
7208973.26771514,2.745394840289238e-06,36768016874.31618
7376032.071467125,2.449624450804349e-06,40590380662.56514
8067511.440004684,2.29755536868698e-06,46333552421.66323
7496431.72514574,2.480711275078915e-06,40907578856.2888
5430936.216785518,3.336054094536629e-06,24324988643.09218
4998013.688005827,3.423202257391842e-06,22004376536.70247
5148645.687677467,3.322523078754999e-06,23123185789.25617
8224902.629459502,2.107368224192201e-06,50038446000.38451
8681374.066109257,2.05757120288294e-06,53664269379.3392
8482262.946524374,2.144300486320819e-06,51009919154.54432
6840870.542284451,2.421262551607411e-06,37938787628.15425
7564433.819405844,2.238388753919577e-06,44206495183.85509
7051978.893953073,2.433899548101315e-06,38974082827.15858
7289712.882133917,2.002903400741993e-06,45877923609.45399
7634263.489259332,1.869056635504623e-06,50313612910.47691
7777025.958364966,2.041740671278518e-06,48322177383.89344
5075535.388008561,3.704658671812483e-06,21199049705.05301
5424093.668467015,3.638511596419014e-06,22928624667.24622
4796653.058399657,3.665217043642328e-06,20177708431.21157
4449845.869624788,3.707029327045243e-06,18577800175.52433
4831288.591036486,3.722041923850596e-06,20116023760.34915
4559295.19938135,3.681903789895828e-06,19121241571.98568
3923649.156295662,3.687561188711383e-06,16438569036.61414
4380812.886735222,3.691300571978856e-06,18341510439.26533
3825435.791743097,3.691592780304563e-06,16015422183.45883
5280426.195096882,3.738531828929883e-06,21921398408.63832
5011715.173000691,3.73617718704414e-06,20814600105.40657
4623070.080507997,3.721503048291558e-06,19250923026.94307
5784502.807901738,3.087891086920911e-06,27278765992.09544
5908406.203819997,3.010022272069857e-06,28341567921.3887
6097478.61909483,2.914670894680591e-06,29882982236.29962
4945048.567180688,3.677299620640715e-06,20756361059.31146
4867974.397714759,3.760826295278184e-06,20129180874.44036
4838948.420360321,3.799318199037246e-06,19873783187.12407
5373360.187460007,3.259459487773128e-06,24442684095.98589
5608696.961537691,3.06321919882263e-06,26591525879.09424
5544517.296844357,3.069269503920011e-06,26252684931.73383
6362979.888789935,2.815052027874194e-06,31915594114.57656
6812581.915531573,2.790307660977458e-06,34372438455.05487
6208397.684923251,2.807292802917015e-06,31197590516.79296
5494512.575081533,3.365393582401268e-06,24466504699.38752
5757139.178027026,3.12208723630506e-06,26951113068.41372
5634840.611586637,3.200777750091248e-06,25944459235.24432
5389975.907707271,3.463075963260687e-06,23547536494.03109
5359249.329556255,3.542200126558622e-06,23063323964.79633
5504434.303644646,3.267307178114373e-06,24998812630.07974
5843207.453166092,2.936402596819847e-06,28495365977.12815
6122110.398114287,2.851479005966468e-06,30445354682.82628
5970500.424343384,2.843683133031374e-06,29745636437.70674
5665106.809563202,2.973372766584797e-06,27397348212.953
5729978.655006318,2.966874277749357e-06,27751528525.08348
5856038.937984265,2.874156170457291e-06,28968791694.28903
5277347.432472403,3.35954704762698e-06,23526746255.83184
5159563.553360048,3.468967594424945e-06,22515389846.73169
5510594.828674976,3.16259093766118e-06,25576226277.18118
5347939.11899501,3.464975721107827e-06,23355346992.11224
5486394.665016707,3.299709730999113e-06,24753496550.02994
5168792.708114012,3.518062093283392e-06,22345330460.46391
5441708.609208904,3.294555763594272e-06,24577481285.04315
5297358.775565623,3.569230418805006e-06,22681738046.73103
5143859.639612339,3.571419617171767e-06,22015498462.74524
10043114.30757262,3.440075195777802e-06,44071359582.49644
10217331.87191702,3.48101545086166e-06,44483627914.24567
10469471.02242487,3.398272769184923e-06,46318296899.62083
6514230.434658672,2.553079288801152e-06,34872807749.07607
6720275.870702172,2.565708083385437e-06,35857687095.48182
6237629.191209641,2.765512517143897e-06,31659384546.40977
5707234.660627228,3.036493966348188e-06,27217241981.79278
5804698.077335662,2.758591943713423e-06,29511276361.32823
5896398.606020706,2.90075053110394e-06,28989890918.98777
7094604.366826536,2.121408460180457e-06,42971315673.32892
7575457.973835245,2.16030077534401e-06,45331429260.97675
6851354.395029092,2.343077540631681e-06,38837564879.10369
4865428.202004868,3.442086655009802e-06,21342233566.49722
4888645.072987272,3.411561967167193e-06,21571797336.70818
5014063.748102328,3.341407110259533e-06,22433838526.68686
6017544.301431749,3.526578320261503e-06,25972690520.8517
5234783.70551816,3.489199559139482e-06,22755246055.2175
5799125.032413302,3.462166472195061e-06,25339449461.29314
4788004.242371966,3.595264387544152e-06,20401744508.86232
4402910.858738325,3.604127512009609e-06,18730086988.41928
4421797.604051936,3.566457130506964e-06,18942655220.25045
8205997.856180054,3.635942357175252e-06,34704575736.99499
8733802.989096399,3.646844377581471e-06,36863104200.00199
8088508.901044521,3.674533718763048e-06,33967765328.32129
6876318.334882015,3.592582584965661e-06,29314655872.36443
7735932.639743126,3.622262460382959e-06,32798909370.96344
7621870.684798067,3.660752151445108e-06,32088397230.99946
6953360.12382095,3.566083729084044e-06,29789761901.36783
7948844.010169005,3.553923276469314e-06,34132278126.1743
7817635.172080809,3.595540792270088e-06,33309331676.18684
5016964.08301647,3.657804964302965e-06,21132974478.13888
4154072.270311526,3.669878634084051e-06,17459812674.82893
4392051.86191397,3.637325024572824e-06,18570034873.53125
6320092.027319144,2.448716905309211e-06,34788124510.02495
5954814.580252819,2.519030409714957e-06,32164685020.82733
6041894.699017945,2.290706144860366e-06,34769109254.92738
6759845.798022974,2.129685771034001e-06,40837558503.16553
6522454.696528681,2.351326663850887e-06,36886639568.22851
6239788.941726455,2.193400606208157e-06,36962209760.57476
5317889.362292804,3.329389201480484e-06,23850432191.875
5402071.683432688,3.367167884333114e-06,24046423736.66119
5510902.817913727,3.2439288040398e-06,25148294828.16172
4724218.487352399,3.439109989570895e-06,20734772008.04531
5092891.212111483,3.355179678963641e-06,22724127163.52618
5070076.379399492,3.300782418463692e-06,22870196900.19313
5139234.093235243,3.498628082704878e-06,22299744226.53712
5308876.295520933,3.430811392071106e-06,23338416002.03816
5225426.144862716,3.393082704360954e-06,23141530782.72965
4763584.79571161,3.368180166981431e-06,21200056787.51148
4643946.637371249,3.442310418711209e-06,20369820398.62927
4986905.725652703,3.304037435762066e-06,22480252518.80743
5281857.754730325,3.172006736428047e-06,24466056093.24779
4921190.631861566,3.300651459129278e-06,22199187416.23741
5148133.879808127,3.236424517288045e-06,23529146697.5063
4619055.122021711,3.419500840924482e-06,20350636719.16885
4408646.461777758,3.509273629455893e-06,19090931441.24052
4501257.515462235,3.493603746033336e-06,19550210135.30997
4656559.622688385,3.740081568878509e-06,19326110219.07459
4578920.026313359,3.891411245368499e-06,18507949477.92878
4812834.14263622,3.741757437899529e-06,19968731389.74194
4332074.357395966,4.161078152498086e-06,16745263553.4381
4197232.548157505,4.099412479096762e-06,16386339660.77356
4156486.324897491,4.210271577355741e-06,15941148805.80074
4455990.018104578,4.220105177427641e-06,17063260692.27313
4435412.090218212,4.211227129521437e-06,17008324469.97723
4409708.68208378,4.341501528685369e-06,16569774350.09995
4417644.839025784,4.02944558174136e-06,17445922308.4035
4262090.635223895,4.054325848784205e-06,16762684876.70181
4397962.073512848,4.115840674565916e-06,17124284847.85703
4751758.59293935,3.90287537511754e-06,19168931828.58425
4544919.995728362,3.993530195545291e-06,18056002008.54945
4545739.759965322,4.088332838746351e-06,17778989449.97686
4677035.859954753,3.637994238792196e-06,19772550577.03793
4887725.606828323,3.571426456524019e-06,20919229089.51441
4607610.686350998,3.549788296863211e-06,19800408094.75621
4830240.631716075,3.821539185319253e-06,19761044164.88468
4856672.240106461,3.762038600458599e-06,20078131636.14788
4621681.987143941,3.912079555287692e-06,18614938549.478
4948267.491301586,3.738646477536932e-06,20542039881.53677
5092094.73696107,3.580559077422331e-06,21756844735.51235
4975019.640818682,3.679282479058723e-06,20874658438.96509
4471199.798170201,4.1476580759927e-06,17320301424.0023
4470386.783168447,4.052524614350139e-06,17587117273.02946
4450586.739930878,4.139139529600871e-06,17264097971.27552
5993612.155059615,3.842198545369846e-06,24432548391.60744
5377036.85722545,3.879915411623671e-06,21776839074.12232
5618756.5845699,4.055026052259328e-06,22095870649.11575
6477562.619701368,4.29025818566106e-06,24533301777.45247
6273777.179992381,3.944626114267211e-06,25129963618.57795
5890120.725119031,4.157781724049196e-06,22779791198.57166
6991858.391391936,3.455418313516454e-06,30590896408.90101
6305753.071594659,3.378817973191786e-06,28004453137.45532
6458744.454653881,3.622026572698303e-06,27385058956.17479
4379104.559884693,3.978345196884877e-06,17441493582.17578
4245158.644895876,3.911312394877743e-06,17100635704.88299
4224236.477116633,4.003110188920826e-06,16755209382.89649
5728995.463891551,3.403105559175384e-06,25321816936.5978
5304631.01210992,3.514259434732772e-06,22949116306.75734
5264595.005028116,3.683935544053781e-06,22071081718.27813
5261067.105223752,3.488720808030925e-06,22871590372.55043
5092196.704239902,3.556454790274458e-06,21855478029.03951
5036999.262392107,3.624581245490937e-06,21346826875.99648
3883875.529647459,3.734728778197955e-06,16134639182.56824
3861667.265914842,3.793245082541698e-06,15876968451.25382
4175173.414836437,3.709327570976439e-06,17423860824.85012
4505372.065853507,4.272813651271267e-06,17110184543.17586
4458834.32003632,4.394501109225878e-06,16619385036.92345
4634117.661604652,4.422473435455236e-06,17199806768.796
5243507.23542661,4.233795767779944e-06,20035580747.05849
4696560.859195163,4.23267421355813e-06,17948854050.84117
4827990.739294974,4.382251991562214e-06,18028857123.54023
4959655.902984438,3.888292826628012e-06,20057597120.8929
4856027.297377406,3.876504694224606e-06,19678299972.0662
4647735.46542416,4.062190730898058e-06,18255813659.21788
3894782.068038571,3.877351950772068e-06,15780702979.89281
4102719.296717867,3.97780229183553e-06,16342168156.66147
4123338.712559443,3.886107039820669e-06,16681656428.57041
5071537.329408521,3.950483832754043e-06,20294238843.3379
4756061.505620307,4.124805783607317e-06,18491768984.92368
5306366.512918469,4.125758662041896e-06,20628201426.94254
4192633.474200364,4.2742259762191e-06,15918980271.87481
4343465.580243222,4.355012836149344e-06,16287087317.43741
4368975.479778444,4.224773183540587e-06,16717731355.3616
3722553.169396845,4.100519358623867e-06,14530537016.25318
4003013.955275576,4.195145389755002e-06,15389426167.27193
4043002.706943132,4.084261147107486e-06,15823225964.27356
4142442.002358612,4.415010685940262e-06,15392243693.77779
4286434.652571122,4.402777732120129e-06,15956771757.81649
4136604.830864112,4.321685301956279e-06,15591046808.41725
4225131.918519813,4.517727141575804e-06,15460621273.82962
4383153.461619253,4.610378092133684e-06,15823248467.41436
4459297.228549867,4.628177580494274e-06,16056827601.88771
3258136.477034796,3.941388052193572e-06,13057793861.51029
3346791.236218794,4.00674007488421e-06,13266850743.72847
3430091.357000729,4.122998968034294e-06,13340236730.2351
3160430.046517977,3.651325868083663e-06,13328433804.17706
3397334.489138975,3.590496684096023e-06,14488895764.03473
3350062.910042262,3.575024826718596e-06,14328484379.23282
3543188.924393054,3.534836543039724e-06,15269146161.87786
3591799.273451198,3.550502101696786e-06,15433065837.45453
3943533.19628054,3.490961929401464e-06,17136498709.61037
3271736.831477048,3.913341461452498e-06,13174875915.18691
3108183.155335524,3.767001500732933e-06,12838355785.65015
3207431.130440515,3.830132386651765e-06,13102318421.95948
3248547.578004998,3.665994625853644e-06,13663480746.1094
3371629.432326292,3.613195579914974e-06,14318983527.01306
3135639.154368807,3.674072681020339e-06,13169246189.86396
3329443.417598915,3.804029412684939e-06,13662884420.64163
3479470.079275824,3.769514173949062e-06,14365569662.03843
3264302.269064765,3.830331066701709e-06,13334175236.44901
3767342.00623144,3.649794287905601e-06,15892398873.41298
3807334.115825935,3.618042398650918e-06,16154935277.90605
3457438.129399961,3.661991608877358e-06,14552675786.39593
3928526.498917715,3.572073327848477e-06,16811873359.37107
4122463.554091126,3.517649054859389e-06,17823315114.82001
3701997.97174563,3.563173586944317e-06,15868828121.32396
3398538.721077284,3.648441921478438e-06,14340157818.11444
3745513.689282362,3.604649854996005e-06,15931964572.41522
3524403.84707458,3.595926026155951e-06,15015685629.9194
3978081.90517829,3.646483730725921e-06,16791553098.4005
4299874.103080986,3.649007924784647e-06,18141472533.34266
4019174.433984479,3.614996117364526e-06,17063376168.08605
3593353.762512076,3.684681053959971e-06,15062603393.22657
3713552.541536249,3.666159803013504e-06,15618835302.38841
3405916.637849922,3.678624781224452e-06,14292570814.30389
3545147.139613336,3.720732448281936e-06,14764383043.92795
3551581.007627407,3.698690580472305e-06,14849883870.34096
3365251.179672744,3.69215891911622e-06,14087390758.22897
3254990.372560364,3.809300632045094e-06,13345029634.26257
3469855.965592264,3.748387827066188e-06,14379653956.40797
3291905.558616321,3.719961172078663e-06,13711609281.88334
3403203.738997368,3.776500910100639e-06,14033356365.79759
3561307.604473838,3.719995937430295e-06,14833643705.45467
3554864.928382404,3.741927845977064e-06,14748895476.8971
3903822.312097232,3.695986970311731e-06,16330635580.17463
4464668.845879641,3.694958524805359e-06,18680258134.67533
4245944.283807908,3.704304775173236e-06,17735216046.34849
4381277.279289919,3.620398275190879e-06,18582173319.27022
4295911.912898533,3.532032987871514e-06,18522752919.55533
4097888.402386503,3.586393956347895e-06,17489932408.20316
5397615.124703288,3.245253656744609e-06,24624616870.48119
5100992.340761016,3.520874746128415e-06,22040475232.15845
5124420.864135964,3.369034154431112e-06,22802082618.26561
5748786.9490501,3.112178687329219e-06,26969104809.42421
5486353.143777316,3.354986205758337e-06,24480668109.85364
5601824.959424823,3.160567206213264e-06,26010748380.31737
4972000.332232601,3.516087753301016e-06,21502618281.87042
4948923.269651013,3.668917671005858e-06,20804250579.32656
4785578.05020474,3.83602639058927e-06,19529000334.6045
5200918.783122189,3.76698905540988e-06,21482451154.95596
5317297.762284671,3.790965673166781e-06,21870451374.05222
5320847.765198561,3.612844495907277e-06,22598588847.64012
5033417.828521687,4.10708075364322e-06,19626407947.60726
4898883.184919325,4.150213452004182e-06,18969248587.5495
4984112.661001438,3.849462415799042e-06,20291825926.37796
4768680.550625726,3.357745169211894e-06,21266682228.56215
4538333.867422772,3.378343556038816e-06,20157062098.4633
4381228.9888815,3.421184609871602e-06,19296488253.72689
4417019.363434527,3.454045621251872e-06,19330537206.95028
4737432.549611337,3.376706402188162e-06,21048161730.94702
4351279.445429574,3.440028676862851e-06,19094528253.50819
9060600.671466719,5.096840114473539e-06,30593064570.7902
8678764.051832441,5.214106736541475e-06,28862765215.13035
8492538.680457626,5.255560994276603e-06,28094726790.3133
8689830.181328606,4.626650552640508e-06,31296816023.00296
9059640.061772425,4.752657115242952e-06,32049403802.69145
9024897.061412515,4.795031050598391e-06,31738128034.94499
8777605.812864026,4.880636639406784e-06,30506455902.81749
9070449.688161472,4.886596142212299e-06,31498595320.69311
9198684.693602551,4.956438098850062e-06,31643118301.67044
9168827.713873895,4.926455417159466e-06,31668253125.89189
8877920.478738265,4.930534743679121e-06,30646571894.28334
9104080.931049969,4.952036851657185e-06,31336238535.91064
6733112.88841231,5.730921740962508e-06,21024850224.08686
6876448.376560038,5.724752901190061e-06,21487852938.81859
7061412.062895897,5.684800824045391e-06,22169099523.58927
5418019.886806421,3.690142415093449e-06,22688816525.97288
5579390.515594279,3.748936156544204e-06,23119657539.63407
5136878.17489667,3.752531803721273e-06,21272392865.11855
4949301.917433592,3.671102313276676e-06,20797587262.3267
5136045.751734547,3.622893615766766e-06,21773345439.70596
5111745.42951126,3.667573734522735e-06,21493970481.92632
6838606.371451107,3.972785808808111e-06,27262823962.92653
6698184.438618637,3.99916496757633e-06,26585462642.97934
6145729.586460456,3.900029165557308e-06,24804370557.4538
7682278.006317435,4.138326239714556e-06,29803930103.01825
7748316.239962044,4.211735704785788e-06,29709813852.17737
7184079.222777328,4.094569388924585e-06,28069345703.35773
7921547.750440349,4.082315609074175e-06,31012658204.56181
7762773.301297318,4.099339237101719e-06,30306863797.65794
7408109.356302799,4.029285634668105e-06,29256476068.73629
8236887.465884496,4.130163606095385e-06,31997665616.77292
8665238.873565365,4.22080513372669e-06,33178010324.74692
8074967.782353592,4.147271911715206e-06,31282332271.93798
8452349.908321749,4.477482992650382e-06,31113927660.07034
8202934.916163465,4.351036851646515e-06,30778025705.55099
8685972.264429945,4.451242935408201e-06,32099448681.67738
9298285.143105315,4.693923548331582e-06,33167457833.06218
9188115.127122084,4.720760977332857e-06,32650142956.3447
9054221.780852051,4.568455996997871e-06,32885528879.80696
7583382.802688251,4.40828599153835e-06,28206539265.05294
7296071.877542513,4.317042899923581e-06,27518928987.777
7751559.90617289,4.310414945233085e-06,29266877368.7938
8054092.553266216,4.652275644854932e-06,28900564362.09214
7833340.308306944,4.523602123880957e-06,28638970013.0346
8250650.218212038,4.552243164619121e-06,30038013456.6414
7999563.251671411,4.685916328030249e-06,28567347892.05708
8030994.338552043,4.687019087205965e-06,28675093213.95724
7779564.765406013,4.557365930314263e-06,28301711514.39186
8233817.537837164,4.476667500337475e-06,30313169380.18089
7816939.061782059,4.448177486503967e-06,28901163123.73447
7987672.227465,4.350287868238328e-06,29973783858.90554
5999301.206337788,3.96310389219184e-06,23955782540.14002
5617851.107238676,3.916338182183385e-06,22610843644.85335
5771218.989794253,3.881709589890199e-06,23366062121.07754
6873471.226536846,4.200182276736712e-06,26403653631.87143
6448990.679221567,4.058600697271597e-06,25345889208.16711
6767813.916839361,4.076418155924409e-06,26521368161.32668
5990994.130066058,4.031323047385321e-06,23651961302.80104
5671681.774101019,3.953756528085327e-06,22683247991.5573
6054925.117465655,4.000495685030926e-06,24027001322.81296
6325421.392840995,4.070834104115774e-06,24810405374.64085
6754709.998149885,4.235131458706751e-06,25804499766.88489
6260074.240703341,4.101491946987163e-06,24431581184.01551
7616843.042847867,4.238508471263554e-06,29082582540.87251
7165390.579820006,4.245324249196243e-06,27329559023.35274
7057504.344501374,4.121302563298258e-06,27455423980.90914
7434790.716538571,4.417913492276898e-06,27613658073.40537
7159425.97751627,4.349669534942842e-06,26868331296.64714
7150335.877602072,4.326870455251722e-06,26928397791.58992
7170338.296924986,4.395935397515421e-06,26720143031.84143
6981012.984176707,4.413550507162833e-06,25945360645.54413
6467532.545710355,4.27618333741426e-06,24549034236.06017
6966941.129703061,4.305866887741924e-06,26322981237.78447
7166835.415778304,4.353448546333157e-06,26880570840.05584
6464448.234470991,4.171960317577361e-06,24944301633.97254
6486167.175266239,4.107538466653372e-06,25289119689.18221
6911849.997307657,4.249125769796266e-06,26346802370.14383
6920787.268723585,4.272190384438649e-06,26285834426.11988
7612867.611028356,4.491536178939082e-06,27965226590.54785
7861610.371424356,4.621131740366107e-06,28336483196.4506
7334193.710401203,4.423033323380343e-06,27219004376.23518
8600399.18224285,5.058066412666186e-06,29187412166.11718
9037928.696764056,5.044291092684689e-06,30728084160.72596
8460446.888423776,5.148424996735137e-06,28375512223.21229
8260885.606999855,5.205837581404922e-06,27502121650.70006
8407731.935306858,5.0984655445554e-06,28382623142.74549
8269362.601530205,5.188808547316183e-06,27590544485.74031
8674302.960877392,4.908513686789654e-06,30033175147.18515
9092925.798648022,4.984303038971523e-06,31162624107.51829
8654050.599694958,4.998093108959558e-06,29603964083.2977
8406222.882625589,4.615986474221849e-06,30322002716.90021
8448482.130890563,4.778395191236609e-06,29779951084.52745
8207809.626988588,4.71601630541622e-06,29186167875.16077
9196134.451071827,4.897098969681239e-06,31889378709.57504
9277379.612128578,4.922751482987721e-06,32059252077.48936
9325251.737283118,4.966966772362857e-06,32033155950.02108
8582482.225425635,4.638764212363051e-06,30856361508.81231
8915492.720993698,4.807170876312033e-06,31300574575.65166
8625181.662889495,4.801207257789211e-06,30306418421.26564
9199962.264825391,4.817321785123504e-06,32253902933.99825
9246058.577429421,4.885343431557903e-06,32113914072.9011
9164950.978616705,4.859685998601843e-06,31944150289.25245
8894073.114203325,4.535394829618722e-06,32460656192.82899
9026781.407579256,4.687719443576922e-06,32227393705.09922
8657649.766527023,4.561730429365918e-06,31476053007.90418
9345870.305905174,4.762970744810938e-06,33014227573.08352
9242779.685166191,4.844636106455644e-06,32282103586.22162
9235417.906159854,4.789809610397164e-06,32502072260.49624
7836633.509277031,4.614011687224902e-06,28275507596.85014
7514793.117072774,4.463922102324877e-06,27718685059.4267
7310069.889256552,4.416316594066948e-06,27156975237.71116
8207319.694501697,4.942784106661818e-06,28284831085.55749
8138551.292559501,4.783197228836193e-06,28668276140.96578
8106910.225992862,4.78230537575795e-06,28560369860.47528
8415876.435046934,4.865291186973746e-06,29310740589.67204
8276505.251965092,4.96347558693859e-06,28443938757.53989
8175672.15918041,4.8028549855677e-06,28720400082.508
8079160.104235482,5.242154582774706e-06,26772751006.98172
7793876.791962179,5.325373327736021e-06,25557605577.88161
7983810.361319149,5.143919853340506e-06,26792552092.90233
8218168.113031156,5.214342477861307e-06,27330148171.75291
8217209.777279391,5.21427078309863e-06,27327211644.19867
8245436.541718607,5.115585206682556e-06,27772614872.51912
8134856.231019234,5.288809627206881e-06,26798547699.34269
7914181.849227848,5.413530708391037e-06,25669591373.78524
8133902.765359364,5.288770954665751e-06,26795537332.27257
8162645.220658867,4.86931829224089e-06,28413112541.28358
8231515.126762286,5.029166671889583e-06,28042437550.34147
8203312.221552761,5.127762098797236e-06,27586969578.7711
7271862.638633581,5.578783100629121e-06,23118128973.02559
7177326.319112944,5.641537663788476e-06,22648061242.3262
7133924.154968876,5.578745116759557e-06,22679708830.86921
7950992.428032452,5.517292017505373e-06,25464629359.50414
7720181.538594282,5.551937375410553e-06,24622442975.76624
7795468.399675465,5.511785867089999e-06,24983157399.74574
7883096.375244682,5.537743257297299e-06,25184980838.74866
7528305.991300045,5.593329343667523e-06,23891880555.05704
7653280.35570938,5.57226771965578e-06,24349664037.42477
6932497.49798824,5.578740459951163e-06,22039358536.15285
6806671.361540674,5.649500516419855e-06,21458272072.20073
6640141.997732608,5.571082503012691e-06,21129260948.04777
7397170.799875218,5.609048722760879e-06,23431828046.12463
7689298.440017177,5.553764985511995e-06,24518565182.89601
7188693.708438954,5.634668853266136e-06,22702362183.71571
8113820.100623597,5.332206045367217e-06,26584026367.18732
8049926.583224507,5.462363815988516e-06,25954032123.42214
7893433.190223251,5.456849949683453e-06,25466617352.10574
8170618.853984005,5.384219587929657e-06,26597436215.34293
8027303.545417584,5.477193139463319e-06,25834356526.1302
8088191.649551909,5.476887512157629e-06,26031281732.85042
6905220.895557737,5.721244926328542e-06,21586582027.3945
6883910.914686642,5.702788751098409e-06,21566370004.45173
7053471.171804462,5.694874589527881e-06,22118047475.30137
3296983.95140923,3.91088728088716e-06,13282096579.67645
3468245.38652982,4.090332547814224e-06,13560344989.81046
3362176.768918592,3.994028894689534e-06,13356102441.21897
4866140.114474538,4.686417181425694e-06,17376300240.79566
5005347.67530893,4.627257316266827e-06,18025409873.70389
5000381.656555655,4.78519764506365e-06,17609075942.92036
4912874.322496402,3.820248136440221e-06,20103635716.42313
4828258.770461428,4.120224958601168e-06,18786386471.39484
4750130.110879944,3.98741060393734e-06,18890561451.75994
5193830.15021217,4.522652905301149e-06,18991484088.03078
5136627.988822808,4.64247788010449e-06,18457727007.76173
5098240.264464958,4.566282052741202e-06,18523020587.6564
5345498.485214983,4.461113503089207e-06,19725409538.59163
5225490.617992433,4.518088456725615e-06,19120118785.29972
5280862.6455249,4.412892863519236e-06,19628598086.5625
5116748.81841895,4.694375368897123e-06,18250533136.97402
5018814.366074375,4.775001455761854e-06,17699138466.9095
5127429.530845702,4.637122110140245e-06,18438857672.61135
5724457.779617293,5.198233495216027e-06,19076432831.46702
5219402.781642254,5.074097977600525e-06,17675901797.30642
5480195.042145791,5.016958473088935e-06,18699744726.92659
4979360.424229379,4.956056524773656e-06,17129685756.94381
4878032.120522004,4.976540243785577e-06,16735022814.02999
4997589.927807558,4.908997163909571e-06,17302097839.56665
4974336.265707073,5.00406706874747e-06,17002771787.36732
4991929.650027286,4.959995009168164e-06,17163833646.34256
4963568.64396366,4.901536776515105e-06,17201745659.34852
4953915.680956848,5.019997427004432e-06,16897130074.2575
4867227.271131721,5.004350626916203e-06,16636034229.80118
4968443.868565151,4.983799107242686e-06,17028642803.82713
5043029.154908432,4.256357674658739e-06,19201392931.74062
5022424.302516743,4.444095177792159e-06,18580518631.99743
4908365.255869276,4.298819433619484e-06,18565389748.433
5157027.955951016,4.178504946500667e-06,19878588271.00426
5252416.291236504,4.125832170068039e-06,20418230448.93884
5248429.066038876,4.227416903716949e-06,20074555862.10983
5302418.360655403,3.878910154201521e-06,21478346466.94309
5172280.431770515,4.039320793134528e-06,20392783100.89716
5275477.564464199,3.779992468965188e-06,21740414699.92085
5350903.407122475,3.588058350793151e-06,22830781614.35928
5347343.390283331,3.766018744176412e-06,22091053253.24043
5320288.561098454,3.667474023650254e-06,22371262331.66347
5165858.208529746,3.879304708340557e-06,20923767513.33608
5214025.60364233,3.954269623593714e-06,20851100126.44841
5247304.459333275,4.011179802333484e-06,20785230437.52551
5581563.941000279,4.275534774186109e-06,21188275388.69164
5877020.19795626,4.377410089501746e-06,21962361052.42256
5534737.188833122,4.405420618285844e-06,20595487850.29922
5336207.248399138,4.350464016785054e-06,20023606460.59473
5447439.393981998,4.268795453949554e-06,20700881703.33311
5401179.876804007,4.398684139146207e-06,20119018474.35066
5192749.384621083,4.629470687433213e-06,18694325656.75817
5203509.085341121,4.572232976702189e-06,18889077541.37264
5323265.708513649,4.515257956788387e-06,19486018024.18298
5276286.982912504,4.254235481179562e-06,20096205311.03728
5271849.761068182,4.142525613723532e-06,20438682165.87795
5276360.664341203,4.29622951883388e-06,19965314580.16013
5264822.552147834,4.061884163298919e-06,20680707020.22595
5139026.036438944,4.011971541290642e-06,20353647815.28913
5379866.986208269,4.133736914850434e-06,20887011988.97098
5174960.988149071,6.347724779014003e-06,15094834453.77186
5322987.602878647,6.161691067606534e-06,15837580718.77351
5446638.008544039,6.169391877786111e-06,16191991759.90902
5368667.649485799,6.677878488110322e-06,15139359830.02205
5129345.693449473,6.640684671772218e-06,14518443664.01706
5121305.97627941,6.545417684712794e-06,14636002674.31629
5729828.439820206,6.616154333268396e-06,16258152784.22599
5599010.271533341,6.647897366511871e-06,15836348858.08652
5664644.25571766,6.419993389022771e-06,16398958007.11909
5986117.177241451,6.151723064712133e-06,17829836590.69232
5826497.444680416,6.49212502793059e-06,16742345899.89905
5760764.126935953,6.295941992775173e-06,16895573896.49416
5904023.862958523,6.663945417513884e-06,16672234750.42989
5781478.528504884,6.836984703063832e-06,16049537121.48314
5814412.226902724,6.70272822166239e-06,16355785716.91957
5593082.597700891,6.746546820948861e-06,15664993072.46519
5723831.898971445,6.714834454222237e-06,16081627459.68716
5640813.792025224,6.814655554824369e-06,15693235448.53508
5815256.068971504,6.192599764839847e-06,17244614963.35339
6299472.444653795,5.814406473376904e-06,19482017142.0183
6002889.490628575,5.962474749448528e-06,18256154946.79778
5359549.986832539,6.086048592583029e-06,16078223032.17557
5301399.353988755,6.140854220240573e-06,15809009571.45247
5153675.335885196,6.326913107440159e-06,15065694015.88036
5673048.261537154,5.793365534387889e-06,17587165778.47261
5515304.421967273,5.976464366870427e-06,16747112293.29445
5559329.642621608,6.126598934641907e-06,16603875149.10187
5687535.279451188,5.682448104962164e-06,17860781248.06153
5616805.192843696,5.682029527567094e-06,17639531139.49689
5529588.737481129,5.865106094976611e-06,17002348622.45293
5808233.392945,5.402267569673215e-06,18865138542.61205
5686364.744816812,5.566564359892177e-06,18104084044.27963
5757530.08505646,5.566484379276378e-06,18330833787.52981
6304527.652805252,4.980804673565948e-06,21616541619.11517
6007776.251804625,5.205454902408575e-06,20002055329.63565
6142753.479046366,5.166433611148158e-06,20554291806.58464
6201468.957499101,5.116179581459019e-06,20886422267.70555
6086918.183945368,5.196765547668291e-06,20288131366.26001
5976544.343163288,5.238639658061853e-06,19813953002.82251
5707536.234805693,5.726055686588052e-06,17832475354.77232
5460696.93851208,5.944281863495991e-06,16641091612.22178
5606851.238654479,5.706756732555058e-06,17557369952.79726
8205353.10982943,5.280499022977326e-06,27059138414.67159
8215341.573128514,5.335051602890282e-06,26907078268.9221
8132688.518623197,5.427751612536086e-06,26332221269.53202
8350047.009440056,5.014187440606255e-06,28502866848.48944
8490033.442466598,4.915997132416029e-06,29365336851.34125
8469997.474348456,5.005576516783754e-06,28945465914.17361
8993457.965838123,5.092596149393586e-06,30383226015.19964
8427538.80313218,5.251260559054995e-06,27894915421.91018
8417422.125308799,5.196712282657241e-06,28056058518.70548
9104103.278080355,5.019158326630521e-06,31056314217.53448
8831300.208243852,5.155063066786764e-06,29593885766.74006
9216441.79200815,5.03768947591362e-06,31362380671.35913
7761107.025590186,5.486599393740509e-06,24949097388.3723
7463446.889835391,5.562549289365188e-06,23773339833.87309
7819463.135250994,5.514616312940112e-06,25051480809.07786
8108846.622603789,5.278292737206851e-06,26748336045.7321
8003433.397638933,5.382039047527591e-06,26060241680.40261
8389398.845676929,5.275744380694894e-06,27682693562.4174
7444849.363831122,5.562704034989082e-06,23713661283.78584
6981720.334963205,5.722129400758428e-06,21823479680.20755
7586653.371822196,5.528159398211957e-06,24265907475.33121
6918391.720675939,5.788350456336022e-06,21460274352.66314
6818722.714215861,5.787236814712736e-06,21153822730.90159
7276500.94261776,5.627781477957872e-06,22998407920.35424
5584207.306831318,6.066259501301962e-06,16788589472.52397
5458996.170485213,6.058552085211315e-06,16426065832.86885
5721719.898636967,5.935170899621762e-06,17454380573.23347
6450851.841954752,5.784460208717663e-06,20018975229.89473
6327537.258464585,5.818857127321817e-06,19558831946.03633
6196678.006128009,5.858804759664685e-06,19067170319.90667
5543832.591262911,6.28268937509157e-06,16282198631.71464
5228986.183591682,6.378065682720898e-06,15204010798.34094
5502059.547335315,6.199593292169203e-06,16303586545.0746
6166622.169138395,5.895240331447043e-06,18896425666.40822
6060439.737698342,5.981688046995801e-06,18391689670.75805
5790825.479946954,6.042967484874396e-06,17454482280.2732
5468104.885160219,6.744710762619368e-06,15317737265.15898
5515300.928042734,6.812763823275147e-06,15346888028.67028
5226551.61437295,6.707469493182596e-06,14695220472.95356
5756806.609166792,6.748957285054894e-06,16119708622.49767
5724036.692521633,6.883154507047425e-06,15818940655.89021
5673548.841872024,6.848780069979384e-06,15731832645.69402
7988134.305217789,5.425824932606144e-06,25870302494.41244
8047336.190042187,5.453998695512488e-06,25972203191.47002
8373735.023052621,5.319704400205353e-06,27478575417.67779
8183991.24042403,8.427946407632989e-07,91724209794.2352
10639596.84675531,9.173735339653314e-07,112692332407.9967
9001978.441942627,9.154124171371978e-07,95483156844.94527
5147223.830665473,3.393901645283563e-06,22791533791.16988
5000851.228758505,3.300415824460503e-06,22559605160.49044
5018418.040577319,3.50304213496935e-06,21757212913.03554
4948295.983642877,3.609957202704291e-06,21027499614.77656
4922185.60898725,3.577247236793492e-06,21043857312.64167
4874723.727610217,3.650368448183196e-06,20561693100.45087
4894518.557968228,3.311497856907131e-06,22030633921.73221
4922800.125798181,3.441355749417006e-06,21596953323.43047
4931467.499116363,3.271742316483167e-06,22376394723.87158
5084431.888653026,3.624561803206694e-06,21547923627.67752
5142861.298304837,3.725312589150582e-06,21400783078.76752
5262122.848176599,3.571407394530249e-06,22521711303.86388
5135280.482952312,3.489690312645722e-06,22320619494.42101
4941450.421499715,3.683316101839845e-06,20718665618.30505
5019101.806107656,3.59968912611763e-06,21368924966.88768
4940950.081660184,3.495702314143864e-06,21451327411.03884
4967110.1125029,3.52849417643176e-06,21431086261.14316
4949633.411201196,3.325718583539463e-06,22215156128.20867
4861875.093652287,3.689356984982943e-06,20362761624.58757
4870643.049758131,3.733086021781883e-06,20239866237.82587
4935350.689410383,3.648829899940266e-06,20823270411.72434
4963772.038149838,3.751202156863747e-06,20560397904.90298
5077192.973451162,3.710440182311842e-06,21183938843.83362
4949573.841494583,3.757100521454985e-06,20480124758.99106
4949813.06894414,3.782247952907086e-06,20390230425.0552
4935634.864519649,3.788146304944257e-06,20310714154.28446
5020840.266086551,3.834633268167036e-06,20494021195.49968
4853507.27442076,3.7153486955676e-06,20232798904.63035
4901670.57632035,3.752584860897918e-06,20298180295.98619
4862267.68537134,3.759109706195089e-06,20111703808.00143
4903906.968237468,3.699590960067587e-06,20500907348.27465
5065609.827344461,3.696063255552592e-06,21190382962.10951
4952319.076770768,3.736824092250612e-06,20565543064.75792
4625082.739799906,3.792227902586193e-06,19019096711.8389
4586482.86827199,3.94289943665858e-06,18376775448.97099
4300940.686000281,3.927414788203243e-06,17277952373.91278
5112642.295806006,4.006247463327332e-06,20268435502.05816
5062949.667870851,3.748927482690837e-06,20979682760.12985
5215245.701574065,3.747496580142032e-06,21616262734.69008
4902043.257801302,3.291657155595602e-06,22153077977.90643
4668044.940273081,3.345968777044677e-06,20866700008.41279
4901619.771489291,3.32520062766038e-06,22001943744.39816
4518524.803257111,3.392254461076766e-06,20014176361.28571
3969426.888346128,3.488343365092835e-06,17257649963.25399
4677511.2381713,3.333688100612507e-06,20960333883.0703
3485810.597823346,3.609312832070506e-06,14814514915.77356
3307412.436341059,3.735055937234446e-06,13739057723.87666
3397610.800612199,3.595580172023568e-06,14476413422.20219
4653871.009561555,3.332262596205119e-06,20860347060.9285
3947651.741180388,3.48690509063865e-06,17167698655.38853
4425946.218720901,3.386445209649489e-06,19626525824.63163
3960568.582315069,3.938476395769332e-06,15880787703.0102
3804983.290600622,4.049728351290856e-06,14976218197.74045
3697180.608400248,3.740466570925575e-06,15343348448.55497
4622633.107701929,3.689382572105308e-06,19360666208.54037
4298578.464003436,3.82412760238154e-06,17578019490.91185
4576729.212407767,3.530238823315413e-06,19740242939.78378
4927893.681407781,3.419898777766321e-06,21709633647.95352
4781556.780494599,3.588356325793694e-06,20400412195.56047
4734868.525208392,3.429484225125696e-06,20820383175.09803
4930422.892081738,3.522137621820676e-06,21298382564.33382
4744789.169749725,3.841138196670492e-06,19345366625.80798
4784048.159761853,3.690938568583402e-06,20031078441.44472
4648269.973149501,4.125759922725393e-06,18069884454.2198
4725559.846245867,4.258629491992162e-06,17986225307.05432
4505099.35905771,4.373663751216936e-06,16845120144.49851
7166501.417102355,5.64910231483046e-06,22593710723.50463
6961324.002962921,5.674712425373883e-06,21880770406.44081
6770357.692033382,5.713963260402907e-06,21182960264.12243
7145931.08962852,5.665256653199346e-06,22486011625.24254
7213097.48081004,5.646730926039113e-06,22746979651.09877
6815649.716639051,5.711536685409042e-06,21330708549.14165
7477339.515779757,5.607856879901919e-06,23689132283.46974
7285996.047623429,5.647491309386675e-06,22974807635.70723
7248390.219798561,5.661109966260384e-06,22819555030.83331
7512945.554254135,5.597028679622386e-06,23832625393.34803
7389127.02875612,5.618038054930899e-06,23381373255.40721
7321144.102913228,5.636705499115988e-06,23115079528.25895
7940296.804162213,5.526320397752665e-06,25402669794.439
7879969.002804295,5.52664626130406e-06,25208677587.58578
7584206.76030838,5.581986429689339e-06,24101883338.18333
8442619.31799821,5.298119653592627e-06,27779816051.21494
8114867.401762606,5.432530760706801e-06,26259107737.25382
8258958.801391426,5.339468531016375e-06,27035014832.82489
7316055.579236236,5.598876240817923e-06,23202943591.22759
7168661.576496887,5.632109873842929e-06,22645956353.66227
7668580.070762685,5.551124217290091e-06,24460255706.79428
7932740.22119666,5.325217440854642e-06,26013472850.26284
7684424.823864207,5.463438415740499e-06,24772357085.01246
7828481.716916701,5.428996491945935e-06,25343377985.81984
8878315.693661658,5.059066060807014e-06,30126615863.76167
8324712.157091997,5.197463533214995e-06,27744373684.62163
8608942.597590521,5.195061975700441e-06,28700490791.16193
5448974.213789094,6.465636408284421e-06,15700274067.00819
5218005.999318868,6.578400392807234e-06,14862471630.02425
5490647.971066265,6.446217601953369e-06,15852105681.55087
5828906.139374318,6.095079846929526e-06,17468976577.91781
5601780.627365829,6.344754616660573e-06,16344922926.57189
5644033.570936083,6.325365758377681e-06,16501844592.45076
5447721.936417981,6.342881018496679e-06,15898539207.53687
5197404.068167005,6.433487748535222e-06,15025265789.15527
5436197.611285025,6.415993310275546e-06,15744152959.66346
5951573.45808511,5.925135117701053e-06,18176054906.73128
5706731.144543023,6.032858553294528e-06,17220218216.90762
5845735.016957766,5.901916517829575e-06,17899617494.9203
6369940.0775281,5.790214212729729e-06,19754782822.83429
6117381.367385075,5.864419183656631e-06,18811158906.70525
6010072.182561253,5.841323142308941e-06,18529862640.46072
6158885.92480399,5.879763090685246e-06,18905823901.84304
5783328.740912569,6.027415267330152e-06,17461858728.14005
6029791.554813768,5.919598408186587e-06,18426413072.51972
7043439.716279435,5.650467476888097e-06,22202159358.82801
6582963.770537002,5.75708880020865e-06,20493659339.08951
6898832.036986176,5.683519099954237e-06,21661940350.80034
6989115.994860231,5.678716879273847e-06,21957797237.74036
6685045.495381491,5.796692691769181e-06,20716553973.65326
6530449.306218322,5.785411532047891e-06,20263768932.65492
5437014.783037333,6.268258517960382e-06,15992974599.81447
5393477.539523483,6.117816261763404e-06,16123943022.50608
5186945.921802645,6.358867228240837e-06,15112113802.51886
5125987.708509161,6.590707366730873e-06,14582194091.10142
5354932.478637686,6.477947887902459e-06,15409753764.88833
5117950.624448624,6.495444209533528e-06,14701337700.91011
5842300.168824277,5.498707674101708e-06,18753260162.31553
6027067.645322711,5.295867254423026e-06,19837244162.32734
5893374.558703927,5.334656033657795e-06,19303071931.43296
5399120.087103328,5.999224830849463e-06,16352828987.0286
5457802.763193409,5.944366342254031e-06,16632114234.76297
5544453.462542512,5.761026184904417e-06,17252770414.08775
6362110.266594166,5.391459877873589e-06,20691736545.14575
6475146.986680153,5.211373996874008e-06,21541774248.97295
6247284.721368772,5.249820664189253e-06,20682116849.24876
5998816.389791276,5.809899755791443e-06,18561788077.03255
6195099.928336007,5.59198631883597e-06,19663957001.91409
5896187.426628182,5.653394312735134e-06,18579403295.07218
6131535.704425598,5.812885374944663e-06,18965956732.19741
6431241.694524968,5.665169065542192e-06,20237316066.77943
6329961.296239702,5.594913866963451e-06,20085013034.79863
5591624.821324765,6.326860267570843e-06,16346038925.2553
5818546.401737039,6.077168000804962e-06,17472176457.82952
5603312.645741846,6.253767008188412e-06,16507591908.09472
6590957.028082554,5.559539975959952e-06,21001770508.98009
6767179.60723887,5.390538731388184e-06,22011666423.90337
6488421.768768952,5.489492831552296e-06,20850553638.85538
5923547.959694954,5.533399884716284e-06,18934501306.88085
6223144.628148367,5.472139215155474e-06,20040342328.01425
6109585.797976892,5.33013722396303e-06,20022555586.64582
5956358.629548716,5.397903579439419e-06,19356674931.98387
5915936.264870343,5.309082329134156e-06,19439145917.94186
6025751.596353581,5.267192067203775e-06,19904829158.06609
5645151.644408853,6.117915953761572e-06,16876146046.62447
5861179.90549079,5.94153831370564e-06,17867033457.99179
5759740.239251217,5.784574590625146e-06,17874007962.79064
6530493.017275549,5.076378675114799e-06,22109383290.11391
6582970.828454076,4.851820174647497e-06,22969531291.97036
6301650.299911145,5.114661984863892e-06,21228029084.21067
6771100.900581929,5.307158722394828e-06,22254503076.15481
6606443.471756462,5.225666371825347e-06,21938483512.65107
6492261.460457434,5.405870106993133e-06,21077491890.92277
6993809.724792832,5.071715763748185e-06,23692481043.21349
6887664.19782145,4.994497814352383e-06,23572776960.09761
6928892.544975935,5.193843097518437e-06,23103154144.44683
6832613.315756672,4.603014497323666e-06,24692133395.98544
7094099.121481778,4.411780443707371e-06,26372703863.14601
6987036.708360777,4.532027463004963e-06,25513184499.17072
9393146.014959801,3.032007596662695e-06,44839168461.07839
8661226.524825377,3.121635423313778e-06,40550039074.03936
9014655.970481297,2.928277391360639e-06,44042741829.40783
7026484.287526067,3.557491350066473e-06,30151494558.27653
6684886.694656606,3.731967199157424e-06,27784473522.8466
6187676.935035858,3.633897509156443e-06,26178565673.34829
7960308.707840198,3.237239487032567e-06,36375867360.95991
7527190.477891436,3.365458437935595e-06,33517381690.80636
7375144.274978823,3.170008979436865e-06,34176705196.78854
8607063.263936181,3.237892143809846e-06,39326027307.64636
9336737.104123855,3.147057458803905e-06,43476911204.8417
8794639.220679238,3.391936484071626e-06,38957064172.70601
10621539.90392968,3.643260622725103e-06,44860143498.58404
10079227.08240871,3.761718746924976e-06,41671232808.36922
10094205.52841217,3.616917834167251e-06,42839696085.86961
6335023.705407924,4.953156899798707e-06,21801858711.98368
6263605.838040315,5.055257568521898e-06,21264845328.30701
6037546.812166817,5.177664765878389e-06,20173034241.18192
6561179.908277311,4.80303665363569e-06,23048252992.11312
6443894.499439664,4.880232912802124e-06,22396907435.83524
6280330.466535009,5.065463593197711e-06,21292975990.59368
6706778.965411772,4.692480973643518e-06,23928325802.89587
6859781.74542132,4.621642949220964e-06,24723656697.23453
6588193.521639884,4.769452427317404e-06,23251661944.1622
6606717.496779899,4.771707927864911e-06,23309690195.02461
6878683.410740339,4.623837234354314e-06,24783936995.57869
6781694.309426079,4.701462925046833e-06,24164781129.40952
6818783.499471112,4.893041062114786e-06,23658524806.0658
6884279.92519372,4.746714057024032e-06,24374168404.18007
6694066.402805828,5.010698069534041e-06,22860787846.1221
6946297.66323493,4.516169675779051e-06,25423766406.11419
6752992.669060372,4.382849899229546e-06,25214975272.30077
7069624.741702547,4.364875673621637e-06,26469664895.94885
7818813.471221332,4.185482300113823e-06,30105361470.87751
8344420.8593257,4.131824380871366e-06,32406711590.95162
7849200.597713734,4.260482805251428e-06,29866629671.45566
8226718.20235108,3.916475035448779e-06,33110294697.34902
7786553.38978217,4.085405837167439e-06,30468784493.37294
7802053.007393444,3.973363296028954e-06,31100691558.36502
7578664.592349451,4.401366718282399e-06,28218525502.93961
7678531.306905845,4.432457712498838e-06,28456518057.88177
7130735.953704462,4.589139256680128e-06,25821424498.96703
7539739.598109196,4.265510849517029e-06,28666564331.51394
7569580.02996154,4.340159159766673e-06,28449066096.43775
7221307.74152517,4.450361453708877e-06,26690230818.63738
8389751.96600431,4.167662435216988e-06,32395704676.34413
7995078.936393339,4.327205397414583e-06,30108173904.73873
7893167.83809935,4.295888994690708e-06,29868675902.35154
5330643.949091128,4.10544497427559e-06,20790879044.80265
5117445.455897927,4.311974631453446e-06,19316825549.34745
5079390.503284758,4.229965544911427e-06,19420200799.54174
6357876.243411428,3.819031391208088e-06,26022154515.74085
5734225.508209001,3.905400319675129e-06,23122301687.73348
5873218.084780879,3.720875199240381e-06,24459414578.66922
5814337.0443764,4.243528272992166e-06,22182754350.05569
5297192.155419774,4.31526996309156e-06,19985134726.8819
5514064.683825131,4.109131373371421e-06,21493402524.13007
6415565.336983304,3.925429126386552e-06,25781618153.32222
6096588.426561694,4.146246494007118e-06,23622007285.00698
5789018.752543278,4.011734507897278e-06,22928914785.88069
6602211.933154879,4.475244207438016e-06,24311493274.23875
6728300.542627879,4.75457679163061e-06,23795644481.32067
6526426.885877714,4.590891818162514e-06,23627119131.86129
6368219.093776677,5.405025171529553e-06,20676935960.26686
6280617.241051084,5.328633344028891e-06,20586938557.00014
5947662.262286102,5.308722912210497e-06,19544276305.81441
6773534.303681689,5.682543470778208e-06,21270946899.79773
6720117.184561052,5.670168225377918e-06,21133895240.81199
6685845.41208141,5.644836080900354e-06,21088973481.79554
6410656.409585697,5.150977237434208e-06,21493612436.12871
6522741.181262461,4.979916378335402e-06,22367397000.46575
6789707.291886154,4.95680042254514e-06,23355191355.72702
7943046.30338212,4.892677293223359e-06,27560645160.00295
7672728.478344618,4.582177786615833e-06,27812191174.10212
7997898.008850234,4.733137130353886e-06,28371119311.36903
4904876.804289737,4.895361350559297e-06,17012635629.31202
4978882.219357542,4.893768559390973e-06,17273071407.35748
4859549.75086031,4.961421003077094e-06,16705467948.8364
4684869.161123967,4.835056310308927e-06,16384371081.52737
4831091.397357627,4.880663057431914e-06,16790335314.02231
4786107.363821541,4.946766995761752e-06,16485475070.12445
4840063.70080224,4.739877502574207e-06,17152983330.29198
4973947.526777943,4.838377310289572e-06,17387402622.24279
4899978.932431811,4.839974107609988e-06,17125063369.77781
4743131.490143099,4.37130389326643e-06,17741533867.5724
4718175.574219392,4.575652755336555e-06,17118750366.56268
4522256.609413744,4.486008047278401e-06,16625772619.52786
4855450.948287353,4.381242551461733e-06,18134184907.34068
4968897.066282706,4.526100220235823e-06,18159778877.7088
4830200.890251542,4.585514975333065e-06,17500069880.6726
4661518.192401956,4.908666132993657e-06,16139313363.37731
4807268.607626701,4.947594959829337e-06,16556516395.52816
4876752.292428574,4.841832611904546e-06,17039526251.43847
4434431.16335198,4.653552258361194e-06,15909194354.80443
4499272.595024748,4.816387468109273e-06,15775919972.01553
4433325.185403003,4.675168573795202e-06,15856161895.5714
4680082.423951328,4.779687359268617e-06,16493791804.32106
4766769.269170433,4.725247244816403e-06,16928082716.11585
4826230.51435144,4.825281116280081e-06,16901541438.16025
5172847.748444291,4.789318799402669e-06,18205971769.31068
5342722.725235984,4.914717148062906e-06,18482623507.81452
5085262.388546268,4.97236189924432e-06,17455737933.89626
5106376.115608112,4.708526206056245e-06,18177025039.53184
5124832.662012078,4.640636135486948e-06,18420214262.79671
5016245.15291196,4.778566205263615e-06,17681279179.06097
5497527.448559858,4.536464275854141e-06,20061146200.24199
5909573.582287005,4.657644469662335e-06,21189071258.7021
5364878.894053482,4.65067705101662e-06,19255248788.52354
5255985.515047982,4.418722366316526e-06,19518945415.43713
5272317.010267625,4.323449510262195e-06,19866190130.63609
5272390.66397159,4.365486943859118e-06,19738726062.98579
6001061.949171936,4.461035178271996e-06,22144761709.56372
6072936.506614115,4.6102359172223e-06,21923840842.02265
5655131.748454685,4.489053786169411e-06,20781306825.61266
4924842.252642883,5.02511177704159e-06,16786565131.47946
4852492.888017444,5.004475627415367e-06,16585396375.20412
4838409.718960178,5.00956284901437e-06,16526063690.01081
5025648.262025119,5.054525449361221e-06,17063645944.28693
5185016.379690921,5.067798793208232e-06,17573997360.66015
5028694.726595812,5.04675111824549e-06,17091519705.58578
5084082.400931934,4.774483914550428e-06,17930605593.95471
4997254.991147376,4.957706533460084e-06,17187430962.05727
4986462.57915144,4.855193524618277e-06,17390879025.3103
5568735.547165525,5.216466796828333e-06,18514228920.57671
5541971.341438852,5.16514561597147e-06,18547094973.59964
5201498.194978078,5.108068922635726e-06,17537080133.37988
6110738.687569256,5.403334208045215e-06,19845063466.83184
5838386.939607203,5.306886159960688e-06,19189619355.30198
5978614.704261145,5.322360283559124e-06,19612414026.77544
6203216.96122146,5.430385371031403e-06,20078435539.861
6348689.137506044,5.430568514275699e-06,20548834651.9151
5928788.701980949,5.33413538590674e-06,19420330494.04028
5578282.536635105,5.13241460123178e-06,18747902489.11883
5547663.977775645,5.072350014635498e-06,18791899098.24472
5399332.011852252,5.088511939744542e-06,18250698964.03287
5455889.548048741,5.00508689772129e-06,18646235067.8273
5450050.555219038,4.904844101304407e-06,18879206008.97599
5076612.022158405,4.979544837646781e-06,17409282624.26345
5262125.899114846,5.059908781446956e-06,17853886773.16693
5408573.906266334,5.043945238659752e-06,18389469180.29048
5030974.2700295,5.018286750859743e-06,17163865936.51927
6064344.977505201,5.142821675684718e-06,20353991472.79376
6291596.685110915,5.102892007770131e-06,21226739489.72404
5819817.833724627,5.077430377706367e-06,19700628114.69961
5894060.369924416,4.130845849186706e-06,22894012766.45937
5360448.077040853,4.013175225560526e-06,21226367478.26197
5894291.884451214,4.069252161457572e-06,23125363589.88358
5103170.822689909,4.709511368759833e-06,18163081833.82095
5059913.070526917,4.790990398867181e-06,17804352688.58176
5064908.555657137,4.633321469706058e-06,18223983762.70896
5237563.85742661,4.467804460294398e-06,19307819320.5778
5253940.2544018,4.414565146375663e-06,19523597386.26171
5198709.925845056,4.519762682951644e-06,19017430198.28504
5155630.248843361,4.645233184130087e-06,18518682387.44036
5212937.825719074,4.525453021888083e-06,19053488603.82967
5174175.513899174,4.577405484184477e-06,18768442434.43851
5122569.993418318,4.494587696759006e-06,18808810406.65301
5234659.657684759,4.355721227283011e-06,19626750397.80169
5218386.63588556,4.450977776237449e-06,19285576961.39457
5118497.183209369,4.25866604265048e-06,19481695249.93461
5209557.703567072,4.307618499767859e-06,19677776817.32602
5097738.572157091,4.446519489341706e-06,18852289182.1919
5281593.13458408,4.104867955038522e-06,20601498685.74742
5273157.076364144,4.094854871166053e-06,20602109863.63987
5277594.848230627,4.206361439980306e-06,20253417818.14815
4996540.133324808,4.991586467949642e-06,17107123119.12241
4978938.619196236,5.035494918322529e-06,16947617915.92217
4981970.895562467,5.027691482710908e-06,16975481674.47298
5923492.805233294,4.737726235757455e-06,20998965048.69003
5551327.632247942,4.856275848756142e-06,19358036054.35452
5378141.520374408,4.730555644837864e-06,19084939569.18576
6953686.816990348,4.538209081372791e-06,25368344485.58082
7050686.660805449,4.790942990529545e-06,24809465772.93225
6450020.093685059,4.506773341935762e-06,23640169698.36393
7102031.821289405,5.106521979482507e-06,23949648482.72855
6995057.331737871,5.399582559881552e-06,22727473202.67929
6656970.417950838,5.21793473535899e-06,22128103726.79125
6310810.293256496,4.546041237232124e-06,22996560113.32155
6905104.511397325,4.830921644737208e-06,24162966985.89546
6384510.985619845,4.695763521027163e-06,22767927166.37373
7463683.893042587,5.550777109946509e-06,23807696551.5607
7673412.951269863,5.520223969398825e-06,24566923403.00954
7598719.242980349,5.560277389141466e-06,24210815964.359
7494041.242950284,5.46178069992206e-06,24163503671.7371
7350914.460623297,5.533859544066505e-06,23495748296.43804
7212224.664701332,5.533834123795084e-06,23052524312.65522
7610960.242841784,5.451560096629197e-06,24571155704.2916
7676487.275599594,5.493039288312244e-06,24657785153.47447
7466715.916956184,5.523650911385772e-06,23895281199.31089
7829246.027377091,5.097990952401135e-06,26431424336.96432
7641171.094645176,5.279471603118417e-06,25201880734.05024
7466268.77579195,5.058494707540857e-06,25337052225.06465
8161850.264421075,5.127934370908694e-06,27446922172.05816
8066012.367082934,5.029850812164242e-06,27476124840.79723
8121286.293066417,4.869484980304119e-06,28268502334.98593
5760814.1831704,5.253457053802295e-06,19062816891.91393
5623179.655019793,5.238480513004516e-06,18642825615.67341
5254120.93613622,5.129633640634604e-06,17664817934.80363
5002459.80977791,3.847654517298136e-06,20372901952.45277
4862942.362258093,3.84025463915122e-06,19830139704.01115
4931563.204682303,3.795253390298547e-06,20268615571.73135
5289246.904596818,3.882023461712209e-06,21413536762.00623
5105240.120154928,3.859579783533621e-06,20748633124.44988
5019318.504138555,3.813085313194054e-06,20564922326.90711
5309231.436195084,3.912122558767854e-06,21384053023.45706
5097418.208181373,3.933533705589406e-06,20456359560.91714
5124874.285936628,3.889672683797107e-06,20720863282.55646
5269934.505654219,3.994257806198819e-06,20933788052.96133
5304550.758371378,3.886404131692297e-06,21459353634.58517
5188312.131104089,3.862333196871612e-06,21076230404.09708
5424120.363367898,4.201602551584016e-06,20831442264.75378
5313127.77986775,4.282962119345711e-06,20145935471.55935
5308601.183924228,4.129526653092207e-06,20624333240.80444
5169748.783829815,4.108584823610452e-06,20153072533.60568
5299855.057742733,3.947896503091518e-06,21217138921.90266
5265254.15502128,4.055926004456666e-06,20702652418.25158
6067174.88980105,2.911294262404231e-06,29757454457.33363
5789540.72276792,2.996655962678847e-06,27853911361.65022
5754988.030563503,3.084597318391203e-06,27158895678.94032
5128178.58999812,3.808901041283526e-06,21026323803.15882
5551378.877937122,3.843101633603543e-06,22626269486.95393
5400980.298240832,3.877867550594435e-06,21881509504.86464
4989967.33342802,3.923608136656568e-06,20058907926.06255
4877409.52298375,3.87236159298419e-06,19779043511.50208
5017132.880810476,3.879723987373076e-06,20319907049.5812
5164703.765840651,3.691589845670881e-06,21622361373.09538
5314386.504755768,3.675828839344058e-06,22312571034.47192
5035982.537679007,3.738252973594621e-06,20907643707.01166
5707921.943369603,5.148881711655932e-06,19142680420.27832
5918487.314877811,5.154344604254581e-06,19834827167.74467
5676949.153225948,5.088792973660276e-06,19188387597.38638
5135009.494132867,5.076315032481105e-06,17385033827.37027
5473334.175482049,5.133525707452483e-06,18392529900.80693
5296088.794712036,5.089471059250755e-06,17899469451.76441
5801548.37926501,5.259331573517563e-06,19183310238.46493
6130444.175068427,5.279494423808596e-06,20219188370.15486
5774229.767627923,5.20799633846073e-06,19218240082.69522
6363047.445374896,5.488791186829503e-06,20449405595.77377
6242747.202670616,5.448836816634729e-06,20160743654.73586
6109195.96956591,5.368043132121904e-06,19926914562.59008
6787673.173166814,5.512304588039565e-06,21751979479.86721
6498420.603841279,5.504671170313018e-06,20844279915.55084
6241855.669428829,5.383868870327822e-06,20319705368.31783
6735710.799732911,5.66053661287318e-06,21206957356.82318
6648267.877489818,5.622811527624366e-06,21025168857.44033
6570057.14623737,5.582122723008059e-06,20878673053.86469
7267447.799418219,5.644720225825189e-06,22923819138.29888
7362573.850446353,5.581895242428645e-06,23397809977.33297
7496695.537991402,5.591406773405194e-06,23797014823.39217
6773033.56828225,5.725686895752351e-06,21162395723.95242
6579358.125981556,5.725133423732925e-06,20558580189.00196
6698597.011141543,5.694837876270712e-06,21005334801.60413
6360536.733010922,5.405050329153345e-06,20651928062.13976
6232414.52637107,5.358882835109519e-06,20351987312.47095
6268469.103346496,5.316416001721203e-06,20578585454.50094
6616949.713342265,5.625046695238231e-06,20920581226.23248
6468453.699129449,5.589073024613573e-06,20538747282.2461
6477574.198893371,5.512808897099206e-06,20756961089.48228
6648427.022852888,5.604560365759332e-06,21071293928.17876
6682602.879837442,5.629846796569344e-06,21116143388.41186
6623511.060032594,5.521430194994213e-06,21202506672.01669
6361767.359246234,5.489432278575577e-06,20443699832.31799
6560897.112256571,5.570027820631654e-06,20879735091.55071
6509076.189716101,5.489481261234434e-06,20916956044.72038
6353235.657559522,5.502686679249498e-06,20383485154.9098
6474590.751899508,5.542604899933639e-06,20672977962.65221
6552232.869502143,5.583361770248618e-06,20818949496.99081
6809948.666290798,5.701293124447724e-06,21338387195.79531
6831143.947145102,5.719760586296211e-06,21358702656.04881
6756387.871212814,5.688905570683342e-06,21201280418.64683
6387651.412075514,5.756440637078656e-06,19887118160.62699
6438325.649651288,5.763298819600563e-06,20028980679.21536
6076503.193277513,5.814203764573915e-06,18792889715.38609
6623976.635307596,5.672552821775906e-06,20825707264.78123
6505406.743429884,5.702890014873434e-06,20380325920.00406
6475401.346470682,5.636588567424207e-06,20445095065.45618
6750265.895572919,5.737887390845994e-06,21061349726.5792
6608258.553464969,5.74413971518788e-06,20603311576.93808
6556918.611961113,5.737464744704683e-06,20459095978.15071
8779587.316853931,4.812487572781169e-06,30800730852.624
7806119.468151992,4.974661516651233e-06,26787129027.78452
7881956.941978806,4.948898545598608e-06,27141157020.85051
7237292.542671091,4.521938735320686e-06,26466286641.27331
7955405.322590206,4.726114089115872e-06,28248334288.30729
8047181.017171272,4.535797634290792e-06,29368019321.59766
6895696.504618035,4.918199191933472e-06,23843722726.30881
7409163.790624263,4.985000027140143e-06,25389788642.92806
7754699.744407352,4.896056764997921e-06,26894740444.84853
7048425.253950673,4.046901587713103e-06,27755155807.43216
7192452.86638097,4.020422425703795e-06,28446525810.7314
7541977.192940093,4.090518307351474e-06,29487162804.2648
8414069.286898293,5.071227190279891e-06,28505634069.65469
8267167.382362214,5.178599873028729e-06,27619458510.4133
8294516.914435672,5.079838211509218e-06,28068842915.76128
9132330.513543213,4.361490676546356e-06,34210413376.86578
9536836.534017269,4.520657670606934e-06,34882151016.27807
9089946.564667845,4.461798586968962e-06,33539353669.9456
9156930.714009291,4.537297915616196e-06,33410660729.62778
9605444.516628465,4.596035422671168e-06,34747899461.36454
9402365.291790122,4.662705760381509e-06,33688249626.90854
8098058.71416264,4.284335285099179e-06,30699074831.30511
8030543.363232957,4.210630823409392e-06,30797359880.65096
8578042.572320523,4.384394390234073e-06,32022000134.87783
8754951.489011984,4.38414526477219e-06,32683642658.23105
8201742.823430384,4.210644574707643e-06,31453846147.88746
8796548.0279181,4.284111552352353e-06,33348151390.95857
5029033.303706322,3.494598439857775e-06,21838341809.21276
4525042.744565764,3.509139903294402e-06,19595464557.1076
4612644.049204716,3.597245404984043e-06,19647316036.74236
7273613.626091002,3.454617504123631e-06,31828554450.8456
6686131.229449845,3.448882843013975e-06,29290217844.22755
6234549.48031259,3.54536196753506e-06,26814190369.09945
5372471.227326151,3.387031851546173e-06,23821068854.54873
4707827.688387351,3.456634434798756e-06,20592935415.63472
5221630.587912438,3.442257265406499e-06,22903960898.63365
7709504.777398112,3.138994905142299e-06,35961081256.00423
7165729.226099919,3.196777418925008e-06,33020638047.86827
7445606.131114631,3.197914810757003e-06,34302212386.57397
5204925.560811609,3.287878555963048e-06,23539867336.72948
5907074.861975419,3.196385281190616e-06,27222816771.0762
5205361.952582035,3.254164351656711e-06,23704162255.3939
7043998.201602414,3.238731779678622e-06,32178755794.64978
6771847.35099081,3.237643955920996e-06,30942431253.70461
6141261.917552643,3.302488553677432e-06,27692579164.40559
3594922.285026615,3.710840616815868e-06,14998274755.8804
3436065.561341991,3.767374158497914e-06,14191738671.13453
3690149.645114189,3.706328962751309e-06,15408061480.78983
3083877.975309799,3.72141784216072e-06,12841770226.5292
3159487.745810428,3.802492845408545e-06,12968937726.5874
3195858.885697368,3.71334830056731e-06,13327350010.4884
3100514.35433315,3.772888192320179e-06,12793355145.38641
3263868.726628389,3.919229484089201e-06,13130025028.62105
3176326.560567915,3.853955840095187e-06,12921729840.12416
4373599.13918784,3.509336672136283e-06,18938937851.86862
4101788.906328326,3.803118280397229e-06,16835011515.07977
3833666.232497195,3.605573059656643e-06,16304147644.2132
4111569.016780472,4.491160238493691e-06,15104344569.98816
4336584.652116397,4.57225404797445e-06,15742036911.45249
4335490.944794216,4.593964875693679e-06,15688442726.05424
3684122.828853268,4.294745128941983e-06,13943629590.3093
3910186.062546982,4.398473361283225e-06,14565635778.95665
3975306.829618304,4.408836425119318e-06,14785000064.28379
3733274.922453851,4.271672376850337e-06,14180493619.48836
4058227.932906406,4.415982457832581e-06,15077113682.49991
3936687.728420485,4.395473002447094e-06,14671028310.82947
3550335.983929086,3.716539111586524e-06,14797112732.53542
3655991.660238665,4.025496815044276e-06,14447483422.20924
3370272.656102282,3.842308583082889e-06,13738422754.59701
3955695.500223495,4.28762374710885e-06,14988047986.33503
4254516.664839441,4.439944706553195e-06,15749442603.00647
4167955.5575585,4.428210534833888e-06,15456253745.72289
3620264.267944525,4.230291429169099e-06,13840764596.13076
3820615.788189307,4.353848249169265e-06,14329064604.53817
3597195.528232923,4.250099019257747e-06,13709807153.89616
3430094.704790281,3.993851463664703e-06,13626307077.31087
3317336.507807735,3.860013531210743e-06,13481254585.31786
3252314.489632571,3.886413743067282e-06,13157089992.16644
3893144.241896212,4.225339601130557e-06,14895648473.08502
3616629.474580876,4.130545916954063e-06,14048578454.62134
3610491.972970837,4.204602515695828e-06,13859569902.88536
3986860.911672808,4.013805255757368e-06,15785568238.96769
3781919.169805949,3.913069162414434e-06,15230023022.93338
3668690.145425497,4.029824834311624e-06,14487282221.13013
7784033.551298484,3.702582739022673e-06,32523817671.19603
8821854.245098099,3.701082636261998e-06,36870075204.2436
8653995.972831747,3.682559546474526e-06,36289710479.08507
7374865.754019822,3.716968671557792e-06,30734643884.17347
6993363.054782941,3.739530794430407e-06,29027390732.5867
8385906.433763871,3.715062246905345e-06,34960095944.36002
5864651.04861316,3.645876896292102e-06,24757541136.33219
5501983.299415068,3.712870066682371e-06,22946305271.03711
6559076.644216634,3.697410897782587e-06,27431163442.67693
4359580.299424302,3.668034184584561e-06,18329717223.73965
4035518.379061088,3.665905260483893e-06,16973777495.07315
4252569.690382896,3.692885445074148e-06,17799489592.40109
5270063.84667966,3.514964462668022e-06,22796521546.73665
4843600.016199881,3.617846980197796e-06,20552664958.3239
5474009.561412841,3.591207732368772e-06,23342383502.06839
6769135.45027515,3.278671710979002e-06,30671469366.4806
5884796.832985522,3.342528188586723e-06,26323770037.10891
5726877.723743098,3.397713488706656e-06,25339229652.05059
7005610.157692075,3.357785187616227e-06,31242374007.48869
7709056.627691262,3.28427682025527e-06,34890570100.23487
7412726.793747661,3.25895318662616e-06,33722977480.22343
5834913.979699423,3.550082802744619e-06,25073144452.52642
6272040.011484364,3.453945533303998e-06,27449335182.54491
5624289.64795896,3.474198859200297e-06,24518725770.06038
7671877.493719439,3.39789714667379e-06,33943881826.5562
7774698.147057363,3.319000038955571e-06,34941807344.57104
7068191.676750232,3.392445218305005e-06,31306397080.3329
7694748.231605858,3.586119011299005e-06,32843135771.9817
7529591.690651431,3.488529097645763e-06,32734812652.86367
6471703.747534541,3.579207531578007e-06,27658420483.13274
8391463.125519887,3.55883091295696e-06,35999747469.27378
9213650.525353692,3.467632819544087e-06,40216999487.69418
8218951.916996967,3.460000941747714e-06,35927938202.63778
4102913.592683114,3.48096147958878e-06,17863212278.7854
3743977.961038664,3.540404394799932e-06,16117513258.60061
4166756.904286024,3.494846315198717e-06,18093091327.41699
5310160.289254414,3.365806797775789e-06,23643667421.7309
4978101.727089813,3.358001850584419e-06,22199497620.07461
4649509.899052878,3.435556536076125e-06,20420942235.74993
3304461.344417123,3.616440858705776e-06,14025330296.26249
3215516.394329544,3.755914773314271e-06,13307819719.04641
3116142.4239198,3.692772212184624e-06,13043143915.44612
4266868.970044393,3.414157937241201e-06,18818582246.11567
3705413.174765031,3.500788998210398e-06,16071608738.35219
4114577.252011889,3.45685441055315e-06,17997181422.43509
4157785.824248182,3.433413029407677e-06,18268858566.77895
3694627.872657367,3.533876427195972e-06,15924646344.36836
3603808.015735439,3.52014695624107e-06,15573555824.62436
3888830.577091088,3.671068385734107e-06,16341454398.04313
3765804.774281422,3.689866290932653e-06,15770690751.34122
4101952.696100343,3.698723746006966e-06,17150997518.13189
6232048.581548892,3.628906355196919e-06,26390461766.59634
7121127.074125778,3.67516012467838e-06,29901838519.32685
5983273.09413423,3.657412841788196e-06,25205162524.5742
5042901.891899088,3.525005300953973e-06,21772451722.03852
5650638.700667945,3.584208734671117e-06,24126927008.88527
5164150.543970056,3.583190739494836e-06,22053910589.21831
6543539.233711036,3.590154552761706e-06,27908550488.51612
7271297.302627114,3.658122670313145e-06,30627136361.50084
6372582.480160147,3.612151448004614e-06,27068955492.37257
7045993.379304802,3.413921800934832e-06,31077054645.70736
6475418.464632012,3.507648622976088e-06,28049413506.67029
6248766.381091479,3.443299187253548e-06,27403820546.48809
8425239.239050159,3.567384926501256e-06,36086846015.32477
8820601.790670034,3.620020755481712e-06,37413141436.12299
8290139.641676412,3.609140934817464e-06,35233783800.14079
5274754.196106461,3.69605889315836e-06,22065289907.0711
5693799.601318584,3.680112692242088e-06,23886990259.35375
6598449.973510132,3.723503864538158e-06,27466757242.76096
4571402.666413713,3.712880706681046e-06,19065234296.44788
4798251.939574015,3.703679454647875e-06,20044448851.93701
5225197.542715808,3.730531699833254e-06,21723121142.87045
4228661.802385972,3.682074955846692e-06,17734047579.51266
5098902.452951103,3.669635861967486e-06,21431935290.54595
4702781.9553951,3.685730726399867e-06,19709356318.03483
3638074.667548412,3.873909851703678e-06,14749317848.11496
3412682.651863179,3.856928498241479e-06,13876124237.99401
3527036.360323501,3.990527286968736e-06,14019195118.9592
4245536.828311868,3.731719412666825e-06,17646555974.69339
3929348.657203111,3.815786115333194e-06,16091550179.9889
4158902.866754109,3.824617117420083e-06,17005398010.75198
3704373.363451367,3.756877304752428e-06,15328397174.25699
3455893.396533377,3.798490951633399e-06,14195573409.78773
3682685.117767906,3.815645959866433e-06,15081777842.51061
4199833.084563442,3.639124831143754e-06,17751459322.58844
3960654.608195681,3.691122194263903e-06,16582933377.33208
4227171.373030425,3.646217573386279e-06,17843832379.30754
3720057.168537018,3.711606352519388e-06,15518211779.07395
3464927.201505684,3.772247573877645e-06,14298615545.43468
3713726.090213034,3.730927345419571e-06,15438271497.74979
8984683.924654298,3.637198117001059e-06,37989026551.22845
9623981.844165346,3.56345535377301e-06,41251579339.48409
8621787.986716738,3.613490693736776e-06,36613904586.5951
7618359.975840652,3.68894280406694e-06,31910005220.81149
8479261.040247193,3.668423242326379e-06,35648263661.18376
8126826.704773445,3.645036530955128e-06,34312556391.26912
6369183.726407242,3.625832752005016e-06,26986419370.93287
7092045.416459208,3.677770437482841e-06,29765631193.87851
7582922.8736495,3.63396701233143e-06,32081104974.81663
6447515.287488416,3.751713835515209e-06,26703769910.29795
6022913.379545071,3.746942623100024e-06,24966361547.38289
6921351.392568707,3.747279809982106e-06,28688872686.89222
5609134.872282035,3.73791339685359e-06,23288582723.73388
6313290.997481561,3.745433563486767e-06,26177072491.52429
6676022.294588725,3.722965722471924e-06,27792338236.61886
5365209.663565361,3.743502378510838e-06,22253651840.81763
5643114.187389774,3.74604305502017e-06,23395751248.5062
6054342.31112112,3.751177259374552e-06,25077750713.25193
9816866.945690783,3.679024370339866e-06,41192466291.64598
10976550.45442595,3.632762232965765e-06,46448806797.26591
10457491.78863293,3.640609709527005e-06,44188722904.45188
10217770.29295022,3.642445700750449e-06,43161256322.75272
10238730.60220614,3.596296488834877e-06,43619008570.77749
11015459.12027822,3.616689709410093e-06,46751451904.79824
7143486.664915891,3.724166938606413e-06,29732001414.94979
6200865.739121074,3.681153488993557e-06,26009362686.60704
7358333.102663267,3.698992276938404e-06,30765017104.17873
8956513.75000798,3.716559205628172e-06,37328880014.04835
8026158.97520914,3.736566824982133e-06,33331837448.38102
9069868.865724612,3.724470661274351e-06,37747770238.00353
5731357.614840854,3.73647658370142e-06,23802139582.30114
5283780.582168884,3.710313461706148e-06,22046401202.29156
6608545.154137326,3.737428621654585e-06,27440409635.57431
6036028.914520947,3.555333655005982e-06,25911809108.02649
5871880.326918755,3.577247157102319e-06,25104094686.33677
5252025.168610821,3.518020197662637e-06,22705334947.68672
9446597.607032718,3.667270674354942e-06,39723432841.53833
8388324.996480063,3.68238386128089e-06,35176763265.81693
9045242.420978993,3.654663923036728e-06,38123132639.09451
5540455.487145482,3.641698327353205e-06,23406842108.25993
5287796.304381795,3.612355244496943e-06,22460241158.82917
5779943.744017282,3.613306182695175e-06,24546360151.03043
9312431.102235693,3.16042649200208e-06,43241353257.63162
10062199.99453799,3.238969693107602e-06,45964409886.06927
9200613.319531269,3.105839805289646e-06,43221258753.70226
10630027.89629716,3.483233105973214e-06,46260754455.43902
10831851.48213334,3.469856540184784e-06,47260141440.10785
10501654.20836927,3.349178358768655e-06,46913611079.35345
11015302.9579801,3.544509700300448e-06,47383339598.26469
10759976.36507849,3.606826053101306e-06,45750360304.88805
11286398.18239742,3.599235531296094e-06,48056100043.04955
8830932.738250399,3.722691884494809e-06,36765051775.49602
7801485.163888356,3.734688337066068e-06,32409652660.54507
8025936.913819941,3.709336161978102e-06,33493840365.19685
10751274.03595622,3.429098766094698e-06,47279542879.85123
10639881.39350713,3.346448085494171e-06,47556957092.21436
10594343.99764975,3.374820836212671e-06,47087639786.99137
10840982.77700448,3.493804585430465e-06,47083591253.34498
10801634.13709156,3.466030032998813e-06,47162981147.33958
10644335.6402689,3.411766911422402e-06,46967667381.925
10914550.83604736,3.486448215555368e-06,47469762114.09919
10869208.14502528,3.498990233685628e-06,47159524625.89897
10672304.01063415,3.416711811580334e-06,47045630002.94971
10488559.66096894,3.321734038294172e-06,47112839680.29568
10818552.60222907,3.442092953422262e-06,47455595939.58622
10577379.45387604,3.372456423575569e-06,47034209946.07786
10655825.53524254,3.544488848825702e-06,45837194141.67693
10604407.75368024,3.593209370567675e-06,45202737447.95023
10857892.72111597,3.530750893137673e-06,46827484412.04466
11118331.50033812,3.592229089177559e-06,47402029375.50239
10337918.37186676,3.57195041039095e-06,44241463478.65911
10616984.80422265,3.544965846464484e-06,45666019612.33284
10470131.83623984,3.494954314587973e-06,45462971145.11676
10165340.16989394,3.475528882303316e-06,44303834394.20754
10551456.57718615,3.438758568477805e-06,46313893464.71992
9646876.084812704,3.694403756538124e-06,40366750951.23717
9764505.301937303,3.702406765106541e-06,40800062185.24831
10796756.52286574,3.648287194531407e-06,45558277455.72739
13441820.88903388,2.573330109364919e-06,71580452007.82072
12631137.40818579,2.552383267655047e-06,67630905221.12756
13428529.99709074,2.382547924495306e-06,75277879485.04555
14403843.4799558,2.252579272026893e-06,83822061544.92741
13887629.54340189,2.497957756532825e-06,75434739793.86331
13874119.99366378,2.307794201897592e-06,79446370449.22664
11846507.38509391,2.932207896292561e-06,57826533265.33472
11519293.14468079,2.988674194000105e-06,55518805634.40952
11463949.64553514,2.963678665282728e-06,55562297298.04558
12176689.67576483,2.800494814262091e-06,61287615248.88311
12307731.89378563,2.844845052918053e-06,61301666693.42856
13119994.58212147,2.715765321489544e-06,67401903781.84626
11932859.7162105,2.943309223331164e-06,58101490564.22427
11805627.76665069,3.008585951137203e-06,56647507239.90544
11604446.72986436,2.999660587244681e-06,55792569269.73051
10997447.00520617,2.697620364847907e-06,56750713164.45318
11290345.2182501,2.849594110060053e-06,56171827263.07853
11369737.69343198,2.707773900506529e-06,58525102113.87188
12220639.58956587,2.87031715417288e-06,60507240246.66737
11832038.7173333,2.901731682167064e-06,58159600464.66077
13030069.2929809,2.741108281645905e-06,66526692277.53019
11166412.29944402,3.275079745313131e-06,50632853861.89447
10825380.09735542,3.338883211905605e-06,48459136202.18425
11341078.24547023,3.218276618885594e-06,52028195891.57914
9609259.568069611,3.226811038674469e-06,44005561702.80791
9583753.253246464,3.240208406600423e-06,43767693526.0517
10043258.30740927,3.239980169217725e-06,45868344390.17529
10098811.34808572,3.305560897407803e-06,45509998139.89066
9761492.802940192,3.24317310275422e-06,44552233945.60106
10203069.73105352,3.330264383454821e-06,45752171657.43813
9893717.716951853,3.167414033322654e-06,45872909976.97366
9341558.474205969,3.135346562361285e-06,43607611699.72913
9531240.345191639,3.191540718777205e-06,43969260484.38171
11598882.09858426,3.064583069897775e-06,54975417374.59216
11143470.80450531,3.086360077733377e-06,52568156981.76785
11368022.87995432,3.135183273788087e-06,53069254071.03362
10485715.87843205,3.097658244067588e-06,49344916470.64914
9573578.732512416,3.111786557705219e-06,44916004117.92501
10132455.18959712,3.143946795853197e-06,47213322796.70024
8155076.949206078,3.077716859077491e-06,38542713574.1129
7659639.991939018,3.015366914374602e-06,36698494453.15326
8299204.3439561,3.039279519355505e-06,39553904650.569
7820257.180632406,3.053056844761521e-06,37159036280.99123
8304940.2993737,3.109763516823816e-06,38980876967.96082
8895700.773336885,3.162815690577543e-06,41285502628.2693
7318934.314258047,3.004475480329205e-06,35150815633.94746
6854388.140065722,2.965018732069705e-06,33211136102.40571
7788062.069623099,3.059917575608352e-06,36950721146.6218
9049612.41672468,3.105774933660138e-06,42512501376.18053
10074589.15790863,3.243119255075463e-06,45981739723.34624
9525758.123139244,3.186044192806985e-06,43994496604.8882
10551285.07288835,3.418953603638663e-06,46491820462.20328
10165171.8328391,3.455620965763387e-06,44473091928.32842
10469448.47625509,3.415291163697784e-06,46164200041.70129
7321590.403022414,3.215085288255211e-06,33610664367.34079
6208379.265143446,3.253853100534374e-06,28273502481.74982
6785857.906210251,3.12030678760474e-06,31778975891.40118
8146671.800593209,3.014834633032001e-06,39036531588.40562
7820343.135716137,3.15556357051547e-06,36350287772.09817
7266323.084559412,3.060328573173531e-06,34472226345.46874
8034132.247775759,2.752680236670697e-06,40904253046.4457
8933326.45392194,2.669584531342701e-06,46421313002.19199
8529214.754451349,2.856137639066361e-06,42369788342.106
6157502.921781114,2.921379733422097e-06,30130935690.2338
7117899.574858016,2.827380750895075e-06,35598278114.52266
6735794.666131148,2.976220114296084e-06,32554583346.7023
8664713.758015445,2.452130756605347e-06,47649513454.66423
8967891.171054134,2.568558619778162e-06,47814983271.65845
8066912.986277635,2.651911661686309e-06,42105096823.3179
10351401.18444326,2.729754084560411e-06,52996858216.75259
11394800.67261563,2.668932513046868e-06,59221809233.46341
10377305.06014882,2.808185146832824e-06,52135565894.60186
8920846.139535975,3.383243775174168e-06,39583773059.68637
8378126.666189943,3.477037578800735e-06,36504017649.37362
7962538.735121457,3.395732728360878e-06,35244868220.74872
5803199.694131516,2.481596357005084e-06,31660182945.40341
5863193.241837037,2.487209738224191e-06,31939339821.9715
5566660.177917249,2.503218579686933e-06,30194570827.37606
6147877.881509872,2.395364378454467e-06,34340834225.1389
5851784.839071834,2.44937919873002e-06,32204581948.03948
5530043.644750702,2.434096867679103e-06,30561170742.06295
6280597.662487661,2.402413252273581e-06,35013524536.3437
6042191.21928247,2.462007760867442e-06,33138653166.58639
5981286.445028288,2.456359860354533e-06,32854884144.47333
7246884.295718503,2.18265991989262e-06,43068585816.84594
7453485.442034188,2.111615974768801e-06,45284486588.75737
7633826.420323893,2.147980220477351e-06,45855217956.87042
6542385.95035733,2.27352710242462e-06,37838688052.32309
6848804.049745178,2.250140468897991e-06,39884882823.02303
6555276.734155904,2.323489751644786e-06,37367770717.60971
7262080.484705282,2.097863663007827e-06,44314197004.63499
7360797.173570102,2.099085831767729e-06,44899143117.9136
7155493.702149183,2.170173453796217e-06,42688409365.91344
7030172.329829225,2.094030498004597e-06,42951397860.51325
7100165.343100405,2.102387884481509e-06,43263989604.59772
6685074.389965388,2.198030077871547e-06,39544293759.59894
7307257.890502572,2.037809189679198e-06,45461674062.36009
7798270.097547412,1.9732124630853e-06,49569633348.72542
7378613.534781209,2.046193634399e-06,45780121889.56988
9249454.63354183,1.823322523272734e-06,61973657655.51903
9236278.645426353,1.809796301031977e-06,62193342161.02418
9712752.334985975,1.795534418525281e-06,65747588017.16743
8286600.558572365,1.899746903680385e-06,54023067625.00713
8333811.29407183,1.861844144807759e-06,55065735805.13564
8780891.134498101,1.854598251317588e-06,58170843618.19118
7149994.4038988,1.99118826932298e-06,45174929678.57061
7493967.471443771,1.952813510873437e-06,47966491828.01295
7202277.865246949,2.022754483662828e-06,45030602473.64403
7217955.829500261,1.961654780787796e-06,46060908466.04821
7477042.115183638,1.904756582811553e-06,48659783400.06298
7563540.623707211,1.923339383760983e-06,48905142355.01768
6738220.922038761,2.104657626135965e-06,41029000841.6888
6961796.411762141,2.029163004586482e-06,43435353625.38583
7013388.458907776,2.060719385035949e-06,43309382337.28132
6572412.353982759,2.209942362640356e-06,38738027693.27341
6641422.979900648,2.149865573319195e-06,39870676422.86681
6914626.754730679,2.105881570429986e-06,42086820045.92304
6163628.672103667,2.191743103712579e-06,36529469701.77662
6199833.034414799,2.143645876247549e-06,37291624162.34076
6415938.8424553,2.153745218340914e-06,38470751028.06052
6672890.98647458,1.930084924952683e-06,43045697642.55924
6559138.606115111,1.971068437584054e-06,41723334142.39512
6754112.427364227,1.957210628980049e-06,43166142668.47426
7551423.152801745,1.804181500739814e-06,50953652807.03043
7150230.485349003,1.840489744774157e-06,47609955268.44071
7338598.647846235,1.82528331100704e-06,49135224862.11806
6653318.771895218,1.939589030789555e-06,42779120555.04649
6534236.90021801,1.966752857753006e-06,41625712719.61816
6647774.07438786,1.9257778100768e-06,42947590085.85406
7294969.186694912,1.885064976739723e-06,47804918128.21369
6875509.362520877,1.912929558477836e-06,44617533581.6326
7007696.080586432,1.874200025540761e-06,46099685812.61272
7305636.373306965,1.907718435369022e-06,47495070249.97659
7049563.320078215,1.964724077545365e-06,44939458751.37261
6885865.441847036,1.935550256888719e-06,44335903543.07353
6293557.845791847,2.461119322481479e-06,34525590475.61246
6220731.818862616,2.480045789370136e-06,33952233268.59216
6033816.851087191,2.501140927448661e-06,32746635193.46777
7669270.156764813,2.193654346457793e-06,45426426260.19867
7482076.164527818,2.241928375336519e-06,43679162468.27003
7391906.858780106,2.280628201202047e-06,42663206419.00782
6911890.045126954,2.356312112474828e-06,39033869897.47523
6269675.589019557,2.436896674114228e-06,34622120184.62378
6512485.470875397,2.377392649063012e-06,36560558695.55289
7066953.841390852,2.805689862350118e-06,35525413862.11163
6610265.961490454,2.780405401843685e-06,33430806290.0543
6665240.431092424,2.724512293117021e-06,34168294804.63121
7435389.200263019,2.978412886172377e-06,35918134426.11063
7249296.261141894,2.929602018531737e-06,35407078829.59911
8065710.833075177,3.002000706636504e-06,38758663033.46982
6207565.554067624,2.618543790203387e-06,32674936620.25721
6174830.875664276,2.580751035081647e-06,32819175045.33156
6383802.934502906,2.552456323743727e-06,34180146968.41081
6413732.461042196,2.749170118231581e-06,32682085629.6726
6271711.054602765,2.680149246174261e-06,32504741943.67949
6467885.230779387,2.692967449065351e-06,33415007966.73212
7292778.253513741,2.790080139256424e-06,36797238135.81808
7240092.288089412,2.808257171830523e-06,36373591437.1427
6833416.163067986,2.726801349089454e-06,35010813642.41479
6751152.214174894,2.871544821597499e-06,33417003195.57344
6474292.420698814,2.867131003514944e-06,32079477527.67754
6510553.152782712,2.82230967486524e-06,32599788253.71831
5981662.093298865,2.7075753650158e-06,30791783172.04475
6074755.439852867,2.619622494214105e-06,31967081721.32798
6107224.121397224,2.657300943325773e-06,31833424707.20449
6244002.956737597,2.360744279008527e-06,35217928124.41769
5621230.019914334,2.399354331046316e-06,31364263805.3244
6231422.103471567,2.310754635812116e-06,35652058882.28234
6545479.970244391,2.925043221043317e-06,32002701428.60847
6526781.61225559,2.904980149896709e-06,32058040156.54564
6985083.251649706,2.957998491994722e-06,33897912509.83739
4691226.167750619,2.512742030119857e-06,25381723087.69936
4881446.355730791,2.491731545782687e-06,26559161148.44489
4848822.794663596,2.453810328861516e-06,26652768012.39655
5068169.150819003,2.62116066568293e-06,26659705013.04729
5241618.500180981,2.665077613713793e-06,27268348410.62524
5247007.100706394,2.652077227668149e-06,27385512591.5332
5568284.894878311,2.522885050632361e-06,30046217389.24323
5323510.222474782,2.543063153077336e-06,28573273318.09326
5253134.401597112,2.539927386554213e-06,28218741758.37041
6285031.26602337,2.463134711054675e-06,34460004741.92665
5916537.947184529,2.49528547276905e-06,32160354616.12497
6030016.054914029,2.481926616692669e-06,32894693494.62075
6356068.632466624,2.456098384475771e-06,34916020388.31551
6310752.718977373,2.453686492516268e-06,34689798856.18159
5985467.328999394,2.488161397244755e-06,32597105093.99237
5739027.447698554,2.537390050972291e-06,30849406510.66215
5612931.541201504,2.570202171103249e-06,29914257054.96859
5428399.456868977,2.551965504333813e-06,29068453829.36059
4748223.409431274,2.52416876724792e-06,25612514603.05702
4856112.739137443,2.509285433182817e-06,26297959392.07102
4666391.704463731,2.530382929561064e-06,25129876753.10838
12409375.34530257,1.90396060342357e-06,80781382661.56116
12962548.48874064,1.569675912924932e-06,95973293346.84181
13376993.52254753,1.690288850901139e-06,94272400427.01306
9546573.681536259,1.333031995210361e-06,78817105178.23347
11250499.65096255,1.381324226675661e-06,90707122758.63919
8176803.809196521,1.30097942940424e-06,68612507477.59693
13875221.16018195,1.376245490533763e-06,112143982498.4231
12706035.32683826,1.377842580604864e-06,102614875797.7801
10922464.35737684,1.34732269910681e-06,89537758585.07172
17762524.19567045,1.380713677004461e-06,143252518047.602
15192487.36095528,1.379120128182708e-06,122619860874.6129
12382999.05541243,1.358282071313277e-06,100963840243.2936
15426350.71826757,1.494906622158029e-06,117992342612.4175
14811509.11980675,1.483934758900413e-06,113847309577.2722
15259137.26813696,1.426851880841527e-06,120395628578.8229
16235927.75666989,1.567687218878016e-06,120310675481.1259
16419058.26155009,1.516546288591762e-06,124387802922.3169
18900806.52970335,1.450465574061201e-06,147505671719.3386
17511499.11063236,1.45649037566701e-06,136286105164.466
16504236.93091679,1.552604695169476e-06,123089645107.9722
19190212.10836047,1.435432990131185e-06,150808039029.2266
13222230.08223907,1.768751735425498e-06,90405209611.0735
13078333.62349824,1.876338267809922e-06,85969616184.78342
14440003.16287876,1.70323072375792e-06,101247653456.1272
10743708.7985209,2.146591533993462e-06,64563632042.456
9937909.18550035,2.348602717158348e-06,56245612578.77158
9638526.123053273,2.240687539637055e-06,56288943329.10937
14758036.83814384,1.669852779408025e-06,104851939333.3437
12934450.73711099,1.861395040647281e-06,85478250100.10677
14932657.62833003,1.618705706699599e-06,108315807717.9868
11508922.97171558,2.196402608067574e-06,68112483580.90705
10762391.88853695,2.427152416346776e-06,59590555740.03586
11491338.99962597,2.128691749139874e-06,69443049730.93704
13958622.36278133,1.468052303981666e-06,108064124344.8866
13236783.18300718,1.43088381937732e-06,104242833272.9363
13201980.82787945,1.41275464867137e-06,104856317403.6951
10163330.4347007,2.131541682635114e-06,61363034205.13734
10507842.51182674,2.149987151898121e-06,63079703796.90505
11421061.54062421,1.938011926519288e-06,73474308612.8976
9733702.619153799,2.156458303548328e-06,58315503568.38863
9970279.057834096,2.132919134122905e-06,60171529888.94501
11216357.65255119,1.940267956432252e-06,72101457102.14453
8282257.927100743,2.429745604872067e-06,45825605748.83257
9710556.161310347,2.273322460142948e-06,56165557734.36592
9379482.942915116,2.255222857158932e-06,54540517568.81457
8090558.696080814,2.566007590702231e-06,43165809372.66111
7285537.622691039,2.70821926140696e-06,37497794402.2301
8568906.684791112,2.395588981042611e-06,47861232209.52734
6308562.064354559,3.176187466695215e-06,29196197642.97229
6316493.332312052,3.468112956706016e-06,27568547557.75196
6873121.01533641,3.156502827481432e-06,31941100026.72713
10377464.8970527,2.257708489752446e-06,60299359017.97734
9772009.436836531,2.42106008579559e-06,54197613779.52551
11159727.40927495,2.18723999821075e-06,66230183809.03804
9325298.89649562,2.431215706845131e-06,51575933698.63556
8598165.48269161,2.298228742508477e-06,49371573071.70309
10681992.18170189,2.197196804926572e-06,63203279930.82127
5536079.484043978,6.386418656789156e-06,16082888838.58333
5471196.77158347,6.614321928792688e-06,15527163110.60004
5221456.530360456,6.481840073412207e-06,15019637778.57351
6038696.841084321,6.204143721036682e-06,17884988319.11243
5968474.186022085,6.505711724753581e-06,17126427338.01055
5878372.896990605,6.544561344003674e-06,16801063388.88269
7535174.316065723,5.541975927187966e-06,24061177684.57727
6932339.854174725,5.735829544707343e-06,21634607532.19649
7241921.425022196,5.617859580937718e-06,22916056722.8452
6313530.502379118,6.12887257524441e-06,18851759397.79665
6076622.759473319,6.401797458311671e-06,17624940361.0281
6147476.922418467,6.100219397041442e-06,18413369596.6531
6736343.392813766,5.876076748706483e-06,20687082416.65714
6544138.332342939,5.978685034795937e-06,19866225211.38484
6637999.246186291,5.874964434565659e-06,20387643811.96877
7821197.544321798,2.358051016767691e-06,44147331468.17249
8515382.193766044,2.491574443569526e-06,46332766596.5759
7430213.971217867,2.441947182974874e-06,40974199372.08462
6164896.696510948,2.029004539724186e-06,38465418140.13364
7032931.604644479,2.204913448484305e-06,41515349300.90467
5942230.79030258,2.132570723979124e-06,35865802563.95145
7053346.838887539,1.867621120340825e-06,46508898700.17153
7801806.463864782,1.589051924792749e-06,57293204487.51026
9991472.957515379,1.944638733130458e-06,64131327450.54578
8551714.595215684,2.555446671575816e-06,45751848991.34335
7960948.015678432,2.617869883667985e-06,41911456155.06142
7464155.023057974,2.508992726628236e-06,40424784723.28368
6102967.347359339,2.22085885467339e-06,35853129872.93988
7207704.415527145,2.289371379220138e-06,41494079564.51288
6832568.890204445,2.37624196536043e-06,38369862680.48283
6138079.773002516,4.49537550163844e-06,22534878044.70787
5447045.094725973,4.411848040158976e-06,20249483044.84742
5971284.634719377,4.340075288178271e-06,22442415451.43055
6841869.270068109,4.942505570636457e-06,23579974262.77839
6532883.189978668,4.841444882519265e-06,22827318494.05446
6534884.095496668,4.701287106890951e-06,23285918495.27494
6686017.008794042,5.126341670261184e-06,22488601290.77877
6851657.020682201,5.207512950914276e-06,22805628345.66528
6810659.444952139,5.008137702108879e-06,23266889304.84318
6682515.936700132,2.846116108752853e-06,33273993510.0282
6425911.164009219,2.957708862185176e-06,31186341881.09122
7108280.995954085,2.68546913282023e-06,36791809188.52308
7092706.874442531,3.433924311746407e-06,31161488851.97295
6249830.744537866,3.510180458510646e-06,27059221229.84258
6945136.807440737,3.237937706323771e-06,31732319048.70535
7201252.604432561,1.080735589253685e-06,68379891882.82805
8000103.029188565,1.075775453025549e-06,76198746400.32932
10152603.33801988,1.111404392456147e-06,94622847398.69313
7547474.631505861,1.232938966299641e-06,65640811730.52106
7494940.339899007,1.167533577877003e-06,67596144727.8225
6819783.074237894,1.193594278886855e-06,60608389182.4743
10521682.99400489,1.58583505546504e-06,77371295782.01135
10080183.9216166,1.42855622228915e-06,79470064375.05885
10001762.99030373,1.601676266412246e-06,73062309942.14027
10705827.77738663,1.91278643623871e-06,69477246297.3009
10679665.69609608,1.706969944531027e-06,74772242997.62088
10155807.68034431,1.722728742471776e-06,70670234917.79404
12340016.83712268,1.878157010797034e-06,81063961198.66092
11502284.20887262,1.978482494060756e-06,72984273007.60669
11613675.56469714,2.146911422074817e-06,69784709005.4025
12529517.33004501,1.763973071852398e-06,85823530055.06834
12357781.120676,1.690064331272639e-06,87097363351.63026
11685264.24427919,1.864402534254738e-06,77139842535.88264
13248445.0157956,1.520819774317297e-06,100179703152.6619
15603125.41479078,1.432990000703537e-06,122757911940.0646
13179710.11034607,1.349438111866209e-06,107928765655.7453
8311320.136008783,1.066256227326873e-06,79633466950.86705
7475013.146728427,1.051534130227466e-06,72287473353.57503
6717812.729798779,1.06504138308108e-06,64414489759.63197
10946810.62348893,1.519125044942402e-06,82837170442.06296
11710664.14090557,1.334834124574976e-06,96596930251.80733
10496385.87181296,1.361848745721575e-06,85431992996.63109
14463365.11624097,1.176506707277567e-06,129779594085.2176
16028570.08742239,1.250804433416399e-06,138070799388.9884
13287858.52632849,1.164313470977149e-06,120062776062.1594
8650716.310364116,1.075673970465045e-06,82400838378.2281
9825551.979656367,1.078771201366141e-06,93412299145.36464
10883926.73000031,1.110737936465792e-06,101479395778.2128
13483082.46429339,1.27373694598654e-06,114745596153.0972
15933060.76985039,1.357244962113989e-06,129975167876.3138
14485788.14223333,1.219179578577411e-06,126929823519.4447
9341342.486120677,1.065238557015432e-06,89559441516.54935
8123461.518773769,1.051594249447586e-06,78555330326.74239
8994346.982313311,1.06637409169761e-06,86171419605.28322
5261983.042971641,1.024079079484249e-06,51791733586.90845
5693827.847940798,1.041823453998301e-06,55404058439.30021
5839849.322881045,1.055424335485604e-06,56335684125.90836
5721698.964307986,1.035113987024856e-06,55915586747.46451
5487892.59027987,1.023862793284398e-06,54022883591.55834
5745700.678236492,1.026081949253807e-06,56479169151.14413
6278935.36513787,1.064795340775761e-06,60215539866.42165
6127489.724669739,1.050899913756064e-06,59280021713.6362
7026267.514030657,1.060685515487914e-06,67556465882.17764
5140676.41891748,1.015123414415579e-06,50894912399.77022
5337009.551019102,1.02032936707486e-06,52658811818.5646
5567613.167558801,1.033366159592523e-06,54471110557.80721
6756539.552459023,1.080890221595822e-06,64150975503.81658
7639073.223666136,1.114785553191394e-06,71052568990.13226
8354389.644057841,1.082053079704329e-06,79265161658.68921
14185848.91622437,1.586729957518322e-06,104276548855.028
14787697.95381783,1.597918303991766e-06,108192591540.9667
12799562.59734298,1.840514689765045e-06,85225378095.27867
13662811.17392267,1.656763011486087e-06,97581271530.95238
13965958.66153075,1.574982273460576e-06,103170049472.0156
12818379.22141226,1.729147986366225e-06,88977119125.10435
13581598.80104336,1.406257218420111e-06,108203436534.9554
14789525.83099607,1.404877518008038e-06,117904018818.5728
14348891.22786119,1.461542265127542e-06,111415109344.9192
7671579.476400874,1.34194257324754e-06,63056350930.86207
10011250.46266478,1.355607503962518e-06,81733296849.84335
9506424.875040838,1.345152735772525e-06,78013450628.58194
11882301.51712772,2.778873617220461e-06,60115717948.46098
11985182.56328122,2.640786582298645e-06,62731997619.89317
11847000.66374607,2.800762702249809e-06,59624424916.77132
12012769.18069267,2.999451847429167e-06,57758406493.12856
11897310.51723693,2.902256665243527e-06,58473387180.50648
11894546.70428736,3.060976527352506e-06,56421058520.62198
11909218.4865118,2.899464261191007e-06,58569487372.70794
11616749.42886669,2.72927278444674e-06,59482150127.40852
11661586.2783857,2.733063329151595e-06,59656508653.68784
10932748.79463284,1.094162922238032e-06,102961463435.3223
13168177.71356636,1.137336006843481e-06,120855518675.998
12047679.76107482,1.125751311868934e-06,111329033958.5084
7866988.509161511,1.049957078823817e-06,76154251142.5656
9066166.413232516,1.063780417605444e-06,87000622253.46422
7939117.130871824,1.060457937100484e-06,76344293089.81783
10082091.8829953,1.085422513571856e-06,95459268224.53398
12637043.4132938,1.127777200088496e-06,116635280254.7018
10449278.0131888,1.084308126845242e-06,99003635437.25746
15347184.40676752,1.22639624742164e-06,133949625224.1125
16835857.18738718,1.363822443413773e-06,136897865836.8651
16958293.12398742,1.30114240455244e-06,142287118313.8914
10213102.51951868,1.267973061252907e-06,87180162363.17459
11411334.23365878,1.240871359356437e-06,98821608547.60654
9812706.470876494,1.144080842087737e-06,89705209689.88562
13330581.29075527,1.602617739126121e-06,97340997093.66417
13508926.09153533,1.676577085831209e-06,95720540323.47586
15692251.66642825,1.514773983814643e-06,118974358797.7568
11373791.8955558,1.567409169157647e-06,84291481902.07112
12218155.84432788,1.554469507617776e-06,91050888630.53731
12152151.21666019,1.382932152188918e-06,97900726787.09856
11177829.06995541,1.682745344895256e-06,79009357887.02745
11352025.03484578,1.844072983461346e-06,75489741235.77034
12015018.27710356,1.669791612882107e-06,85365604274.54305
12438506.30899722,1.987823790317393e-06,78677335115.86368
12578848.47925034,1.880321966809408e-06,82569452706.11794
11845405.91858676,2.149327176774689e-06,71123796007.01381
11682768.88164728,2.332528565231721e-06,66424425132.96201
12212658.96628664,2.100781913208203e-06,74454265447.12486
11625033.80235074,2.261870378923376e-06,67465604428.82859
12469035.442983,2.027761825576838e-06,77831409875.16119
14241029.34530263,1.767790839179364e-06,97406393105.36443
12889006.86258129,1.941051630148123e-06,82831348166.6768
12324522.20496737,2.034065255187478e-06,76770347062.20753
12306325.60377556,1.965646887989892e-06,78425639036.51447
14086559.66618815,1.773429427151557e-06,96145508067.35803
18883963.78380557,1.367576970454023e-06,153270523112.187
15266738.72656717,1.346357445172636e-06,125210098059.1181
17342826.10399526,1.325976975432618e-06,143690883190.0452
11484991.24134448,3.26303952725244e-06,52205442172.9841
11690331.33302254,3.111331238757072e-06,54852444584.12152
11954925.1078883,3.25954330415656e-06,54380394816.668
12079981.57595307,3.299147856909847e-06,54508607248.52306
11905859.41938608,3.211436698791885e-06,54696706039.52681
11887074.10807284,3.35649338601732e-06,53025459391.4428
11828860.60172478,3.060244602286472e-06,56118426680.88779
12039130.34270426,3.060417126578965e-06,57113840884.23098
12095008.71877184,3.209973460100326e-06,55582561599.39556
11712940.44112758,2.953687952637106e-06,56897020855.81815
11629552.71446711,2.784432878698288e-06,58758654542.47987
11922181.89708786,2.954136935361582e-06,57907568356.293
10322585.46216399,3.078786089102161e-06,48775546422.18697
11275726.09233637,3.065919759832731e-06,53428214542.19782
11074076.4086195,3.219026874520777e-06,50795407342.78773
10163494.46787977,2.959587926877977e-06,49304764688.13377
10422280.04950948,2.744634627392255e-06,53166700994.98373
11109424.48283285,2.94761406955243e-06,54039478250.19163
9729038.586084105,2.540263832118962e-06,52257750287.31892
9981019.388925154,2.617165443348567e-06,52555815703.83836
9342563.922339762,2.72868788275219e-06,47844296131.84775
10174857.3672708,2.402614415889178e-06,56720355509.04392
11150383.34958168,2.179453805885193e-06,66332243504.28947
10432510.33610915,2.479799765331122e-06,56943533652.31351
11519836.07229757,2.451053974886899e-06,63369125779.00923
11462505.5058147,2.379846541231228e-06,64305322647.14336
11553125.11023894,2.574061682243907e-06,61511102319.32195
11684713.97140821,2.27986941170621e-06,67454579285.70317
11564150.55066099,2.425129012361524e-06,64065443782.68755
11552790.1418612,2.543617031407178e-06,61999149924.80819
11863888.96431052,2.163143007417753e-06,70931136553.42995
12273628.07347212,2.075962330177391e-06,75421178284.90007
11742402.30462343,2.308369644165574e-06,67228494502.93958
11642036.16505992,2.591840570710634e-06,61700699585.36628
11551067.8466014,2.398320594251372e-06,64468956922.85033
11877013.40614583,2.522978569543849e-06,64086251867.53487
11968976.44829852,2.923434733400004e-06,58541171720.01513
11720720.47476435,2.757895882654236e-06,59598555118.04819
11853728.93874319,2.826636030827798e-06,59293679045.54109
11523848.56998266,2.632719447798219e-06,60440468449.82527
11535194.7435449,2.514421128985685e-06,62382999491.5939
11568505.9491796,2.637111582192435e-06,60607299971.01381
7839462.200435001,1.763334642820398e-06,53710984208.322
8281675.154382063,1.955696221806477e-06,52956254455.95889
8484851.032141751,1.87308731669922e-06,55839159565.21938
11180598.98116114,2.026746048120823e-06,69812337702.87172
11034289.01066675,2.07116765659668e-06,67910070993.89291
11290425.42580057,2.195114861782913e-06,66845494409.67081
5798841.139054721,2.712459282686627e-06,29814833808.31861
5697969.444442119,2.626625538197617e-06,29931007859.73606
5783408.153835532,2.638984626032073e-06,30284885510.24585
5682178.780251972,3.013612948219738e-06,27234740726.53146
5794856.605099682,2.809204865638095e-06,29106305658.44328
5779428.926526699,2.735727260612241e-06,29546297195.75554
5789041.051898417,2.82131331034936e-06,28993840855.66267
5699366.973848409,2.672201109703087e-06,29596966081.03988
5800250.983735042,2.758039392948103e-06,29492605602.50145
5352180.273342978,3.337172889021121e-06,23966885174.76625
5670339.927189747,3.03574316651873e-06,27045753002.8045
5561354.790283962,3.165538712316099e-06,25795790988.59568
6269410.190506247,2.835754280014739e-06,31293030349.35667
5813941.873360701,2.691353816902375e-06,30048547817.26289
5904509.329066333,2.840542637012166e-06,29438540273.09727
8387411.679485453,3.94535559838538e-06,33592102870.36234
9111412.75132094,3.881683616559488e-06,36889743126.34689
7933397.667075519,3.620693918310762e-06,33645837968.98285
6592165.778538137,2.268121438110523e-06,38187150372.69059
6748662.530481795,2.028798398986213e-06,42110634252.73019
6486138.74243569,2.168309264507651e-06,38717331532.0962
5907774.972172073,2.489571051920462e-06,32161843005.4607
6379233.738614094,2.383183127740047e-06,35754461229.4101
6274940.134048411,2.283557799254366e-06,36185528036.34389
8136118.123340332,2.7726025496402e-06,41224826167.72137
8788249.833540753,2.82427520492256e-06,43984303487.59712
7300678.99886022,2.548088431062981e-06,39133941320.90387
7986562.476727708,3.472183362139778e-06,34830373016.39454
9168381.805424089,3.733230655237907e-06,38098055347.43426
8607126.565478973,3.351612827194866e-06,38431643749.02534
11768724.35685845,2.976400866350738e-06,56876794158.68563
11674548.14175596,3.186666742726196e-06,53911611668.89675
11801155.54072728,3.113130779687918e-06,55351104433.42023
11558300.35983071,3.52410540051019e-06,49910821339.38355
11991971.38412488,3.377692683938224e-06,53269321039.81364
11799770.75970657,3.434500495167753e-06,51835964198.40773
11516641.76492174,3.732214684984799e-06,47864638112.39545
11440757.24883019,3.612739254177763e-06,48591878893.37492
11681003.04718837,3.523100944602426e-06,50450260453.17839
10788551.57860091,3.930535296032466e-06,43317362797.77401
10536228.21299624,3.874796841608523e-06,42708981108.79536
11063974.87925566,3.722164625710858e-06,46066031061.80846
7874340.502190099,4.479807340567497e-06,28976191238.20719
8146629.299133512,4.590995164405285e-06,29492170178.64014
7532814.625667555,4.635615312381684e-06,27094783649.74797
9448675.35731435,4.011015657532958e-06,37428408085.17034
9153266.800999334,4.225885542580331e-06,35018507689.05943
8446122.403017566,4.281209169582024e-06,32034140280.77729
10162459.85403026,4.042560047931945e-06,40046188740.2814
10311516.77495748,4.263354087957178e-06,39218256562.83759
9667259.498864729,4.228372708451354e-06,36970432893.65101
11108728.16948206,4.199190990281336e-06,42679624298.81798
10737109.87796323,4.268579778000054e-06,40803598205.00871
10837900.11960539,4.104383821792539e-06,42277876545.34052
10213822.40245788,4.502407532971751e-06,37459194457.66233
9766387.440078303,4.614720174336211e-06,35234682955.54457
10342297.57379233,4.432454246456134e-06,38328414553.60966
9756095.602120347,4.341665235051742e-06,36658258106.59637
10301218.25316733,4.417040456116689e-06,38264937123.34834
10796555.01242194,4.277014527305999e-06,40975543088.07347
9268486.780654268,4.386508055929703e-06,34588326295.76956
8818448.690198334,4.456201621442413e-06,32564841654.94576
9799999.761150697,4.461670988437195e-06,36159940244.75072
11242738.86500686,3.561035520648889e-06,48211937656.05307
11850307.58638218,3.408920082041374e-06,52318073437.43428
11419229.35463489,3.555520924014059e-06,49019397608.38715
9695647.350755759,3.838113361732782e-06,39551680949.36764
9090736.344017724,3.949245723623821e-06,36385048475.40842
9710338.125748299,3.694585542164166e-06,40630971062.49438
10331526.18361594,3.849103306003358e-06,42065375416.24693
10138254.95547953,3.819692430978973e-06,41490080667.60313
10682132.68202917,3.702489183592159e-06,44633619048.8658
10049077.01506004,3.959304993565135e-06,40152587408.23332
9556681.485690031,4.14527487162658e-06,37034363860.00494
9858478.532734988,3.930747761765112e-06,39581578634.99779
11098254.42090636,3.654593581841601e-06,46776596433.39536
10569680.8462365,3.807568639284558e-06,43347432580.52274
10924271.76078298,3.661196142957096e-06,45987926792.66113
9993427.280720891,4.380968234663019e-06,37325106344.17041
8929304.108052295,4.513360269892041e-06,32695221184.33923
9359346.379913915,4.346478216833505e-06,35141517817.30352
7251186.369536535,4.32650024039696e-06,27309761832.7052
7459658.592533597,4.262047243585955e-06,28377455101.23599
7142940.603824695,4.446800347226163e-06,26414675808.31477
6965069.174895217,4.57382166888734e-06,25277800519.73965
7088562.046385452,4.422419675633253e-06,26309838126.47009
6827179.266108754,4.613451740286554e-06,24635269554.32352
6670381.76092374,4.975078837579267e-06,22888502463.49688
6860260.841876197,4.711453894352477e-06,24410162196.09312
6723417.535076694,4.751396560357737e-06,23788984125.59406
6818036.426500293,4.760444333679956e-06,24093190977.56528
6691105.811622486,4.481353234982062e-06,24616432438.20265
6883529.272771437,4.614890263373674e-06,24833441593.01247
6865204.57536557,4.273563607815854e-06,26069139836.67428
7407045.582101095,4.079003728289157e-06,29014089679.74543
7184426.476874714,4.255588110302512e-06,27358086192.73648
10815605.97071114,2.45925099021756e-06,59362969885.28466
11567165.0978682,2.474904086466042e-06,63220028283.35358
10862075.03738959,2.289794701118918e-06,62524241898.1324
9775778.370183328,2.849240586340117e-06,48640563650.41798
10881554.64614848,2.81305998600442e-06,54605738534.21618
9402037.654058643,2.632306631922696e-06,49317115525.84101
9024522.875212261,3.141402722542977e-06,42073486897.93114
10484340.26697762,3.189917001974226e-06,48382486621.88124
8806059.895801939,2.964401120347598e-06,42673374709.8296
11679105.14093512,3.280503919836811e-06,52899210957.6366
11787031.0547653,3.351811622436697e-06,52628140573.33356
11805737.18059811,3.207163241779723e-06,54284903098.83819
11844429.00040993,3.035728101907286e-06,56494419223.53686
11847186.98488506,2.877600569065825e-06,58559168652.75864
11811938.36939733,2.899285334478405e-06,58093454157.78151
12141241.01231861,1.252735092527386e-06,104477695504.6059
9075338.25427155,1.088452548232812e-06,85767579544.6832
11446818.09770836,1.147635963017912e-06,104427612444.5811
