35947181.67211711,4.187278035657722e-08,2981102992574.305
22536336.71603434,1.865184686840416e-08,3204316666493.1
20753382.20193591,6.158572430768416e-09,6176875510449.942
59604975.27908683,1.26516637831995e-06,509546806599.3107
56353930.29113837,3.380620112821037e-07,1161252413965.55
83522244.04201151,2.034293461570061e-07,2414680929088.32
90021840.93433404,2.015162286709083e-06,564253860004.2003
67497570.11903739,1.603585109072817e-06,492674550353.8654
92820028.12292756,5.844308641703813e-07,1327861971930.359
9198204.877557598,5.285819152062861e-05,6530727234.832876
38544624.96940547,1.257291035207074e-05,71286388287.15086
38931208.6627282,1.384593720439471e-05,67517494128.55162
46522150.44386819,1.31351247016923e-06,387885591872.7678
32438569.51558608,1.768305771349988e-07,1029651171805.636
44066635.67268992,2.533232085182398e-07,1100677042646.342
228.1915297939476,0.0002018201789423994,66321.8240230964
256.8557241409858,0.0002012834023688137,74785.47768751835
244.6343485233325,0.0002020444969028971,71048.14627817298
18309543.99094842,2.02646892549603e-08,2463301449568.551
11713158.48029387,8.217374019258162e-08,619705451031.3964
35251284.423731,3.733137961790421e-08,3155917093286.374
18127243.21433582,3.606140705702719e-08,1660746386992.839
26830082.99524666,8.219590779209778e-08,1419237959925.586
15675438.03410215,1.376946247623921e-08,2728611431931.84
38960485.87281316,1.58906681953921e-07,1327994443741.349
49175598.82173292,2.888061346967162e-07,1125499693472.719
46020662.84125377,3.049654868183897e-07,1015747450937.844
15154422.21685071,5.977354646064599e-09,4601153268994.944
26082374.97808893,7.423900945972077e-08,1476586936664.239
17891226.16550267,3.415190811132286e-08,1699665491078.253
32235157.99437687,7.269344650969691e-08,1850686952719.885
45373273.5059306,2.517572615715007e-07,1138008333599.429
35584453.54253545,1.288641188800684e-07,1394779734103.139
9640073.516556134,2.809700035493085e-08,1043054596536.218
6389401.279565487,8.600350145461329e-08,327931203132.7248
6957905.913245216,6.861382315190717e-09,1926951597646.42
15112674.97468024,0.0001199076704424044,6215031942.778152
11091165.7519921,0.0001141390638118565,4713617363.209503
13531216.20109924,0.0001200741981967571,5559516664.737676
15499871.74511998,0.000131051076508576,6007600471.868608
16743385.82725045,0.000125749499801313,6670715839.704948
16758067.9595245,0.0001323343171621699,6453207453.908749
15088717.40995852,0.0001295424571372858,5893558127.588134
15080722.92580746,0.0001262865327568136,5991250354.674249
16315948.02047823,0.0001242248270872746,6553501137.223585
10716115.09931746,9.466384979391443e-05,5159186901.947581
11475149.74669445,9.530479186016341e-05,5499820770.432281
9941212.301784946,0.0001017845764959726,4560208494.759738
1668662.087165908,0.0001457507365030231,602505792.6239353
2972472.70167021,0.000139433221307977,1105453216.261344
2800185.710188491,0.0001408854298744981,1034211701.762796
1067698.67771983,0.0001474108253134004,382615406.1571175
551874.289585606,0.0001512122236304683,194438485.0273619
1040125.706306462,0.0001462030398665696,374784448.3073682
1400870.748382029,0.0001468856108308697,503205328.3323672
1539194.587952975,0.0001454171593385494,556608400.5128146
2611142.070408336,0.0001405640354421755,965860393.5772504
927836.2780960407,0.0001502279022022106,328325247.8523779
539545.743525279,0.0001539405852120407,187842062.6997831
1041015.232329045,0.0001487643563094343,370786994.4287319
495782.3570614107,0.0001533654756432214,173037140.9049813
129972.0837612413,0.0001595996730918401,44173527.70452552
680957.7351353623,0.0001522816996515557,238793048.8438642
47337.14825000524,0.0001619263870533484,15933958.20807071
42797.03765981134,0.0001612918383009137,14443488.98003605
174005.2748334097,0.0001571329949343284,59756362.75198867
1179.394394459504,0.0001883929383915109,358880.0466334193
1091.645191299937,0.0001899033767610151,330414.9692762012
1041.658523254934,0.000188136965123854,317255.5895345013
1337.000687988044,0.0001915265827581114,402388.5281376647
1451.553928684525,0.0001900044258520959,439194.9765042793
1382.85665029023,0.0001921129441897377,415342.2176681236
952.6491474859093,0.000184744921600706,293686.9464472476
990.6120997333113,0.0001838246827186134,306408.6901485191
977.5666921733448,0.0001861928706727997,299804.1893651598
1478.65438702213,0.0001860840755007314,453656.5684478608
1472.125881120556,0.0001880128930807081,448559.2943020516
1342.758385269633,0.0001876051420194151,409733.413053292
3475.093620424433,0.0001752297447525852,1109757.163082628
3404.451108980045,0.0001794104197187802,1070242.008300578
2541.219037250171,0.0001772455418019408,805363.3954079981
1722.303637579395,0.0001869183750798327,526835.5274854227
1645.454551458509,0.0001890424574060962,499550.7958462115
1581.00661154569,0.0001884666572752822,480961.8922600716
2614.131559483884,0.0001812850692609229,816117.6098646
2197.40307520076,0.000184071058088914,679077.5744936912
3144.584774679834,0.0001819853833927188,979202.023006669
2153.678659322208,0.000181924730629081,670789.7395402085
1383.33834503008,0.0001845466010392613,426767.2144259969
1777.097220289024,0.0001847070653625434,547926.3445893042
1574.538179587072,0.0001902603806818284,475978.8130597915
1441.389691232282,0.0001917967212120925,433398.3889654058
1511.508359345947,0.0001896873707157121,457844.7889406079
3998.412010541695,0.0001644517291458357,1332074.701906455
5830.573591902405,0.000165004694693015,1938118.888038566
3377.84639474107,0.0001668916009546507,1114337.919498094
2474.997106611011,0.0001672903594104086,815193.583745916
3201.385267190908,0.0001650221858018929,1064085.156774852
2648.85521975966,0.0001674677991165286,871841.1154834221
1807.13852985152,0.0001711716458312044,586187.9607687376
1570.424204373159,0.0001711684750942631,509410.3827978662
2174.245998798119,0.000169468469003404,709985.3849431954
2450.040473901128,0.0001670755493492602,807665.118575651
3145.919674807581,0.0001649087659434539,1046128.743651932
2426.257571131102,0.0001671921009418376,799453.2397823727
10833.96344376965,0.0001565667803766179,3729531.548619608
13363.45686558404,0.0001566684504231655,4598305.107112017
12172.14221546608,0.0001543776963079625,4229710.538011022
7180.111233527854,0.0001648802200482285,2387914.650632826
8159.795713093014,0.0001630669434841215,2733812.125203336
7997.36906691626,0.0001621222641001803,2689792.005153708
4700.430221929864,0.0001722521870292376,1518312.311082984
4828.208825364386,0.0001726420089713244,1557238.233948504
3338.90636930679,0.0001753521591134414,1065770.010260564
1933.600504607044,0.0001764914558906317,614541.138000914
3866.543463054581,0.000173212873322589,1244331.567862484
2642.486709036689,0.0001763123039064883,840409.7159342766
4661.718120907091,0.0001698515632948686,1519962.863971523
5908.362251922606,0.0001678456430708606,1941751.875245616
5203.38555684447,0.0001701919473103768,1694311.800089864
8486.207266126139,0.0001622054521816486,2853229.262073397
7256.10827004848,0.0001646667207110045,2415274.686996009
8077.56357972042,0.0001619078850313211,2719161.809366368
8375.252718602384,0.0001633207538188144,2803089.749945268
7648.979372300567,0.0001663559295193195,2528781.464419511
7153.537463522598,0.0001657755736893809,2370502.928836677
53139.82417126669,0.0001559124981243902,18344230.25594923
16500.71428730089,0.0001600198642569018,5598265.34731387
15928.90359487952,0.0001597167239187417,5411100.76672578
13172.90913911155,0.0001644094259020357,4389319.768892818
6807.699005673267,0.0001676835225288029,2238755.950898596
8408.130742419482,0.0001669526515067997,2773132.212513617
2000.083437640089,0.0001782535682894122,631474.7049300832
1256.717563725487,0.0001809779183362583,392784.1542380017
1390.536163277935,0.0001784319493746396,438733.2417892652
3311.854154540924,0.0001742756755564233,1061483.758208813
3468.6543281857,0.0001722895693827494,1120267.400531259
1984.184986021834,0.0001759063947228954,632015.5164268338
4224.716463959992,0.0001736618066142237,1357254.709839524
2561.342175521146,0.000176323284112,814568.8970534949
2840.439723252827,0.0001763671263242595,903178.9735621263
5598.481170064055,0.0001659614569942041,1853810.748574948
3259.521900036302,0.0001682658159751923,1069440.530707618
3201.754616704815,0.0001678425169879437,1052252.715847729
2736.13266888872,0.0001722622791410325,883779.0293477373
3244.720324451855,0.0001739341412225553,1041327.59590132
2323.24925236324,0.000174243707762878,744716.6609988171
5303.578994853778,0.0001684032748279412,1739143.241706807
3411.63202149359,0.0001705034529154115,1109532.589753055
3949.176978355996,0.0001710037089592142,1281847.153342825
3804.256969154513,0.0001711808868207141,1233955.97028905
3639.960764865026,0.0001731723727226436,1171595.326910106
3100.005857358348,0.0001714929475062402,1004303.565577379
6449.4306281009,0.0001664588268213854,2131327.340532464
5143.650994568954,0.0001684703156974417,1686252.345790535
7379.56555147849,0.0001646577501425017,2456458.002731462
6156.022129648424,0.0001680987215943422,2021112.859393417
5573.305803339325,0.0001708305587042386,1810238.646335436
5435.95754945319,0.0001704373034158293,1768342.101764262
6227.623717639464,0.0001660537740145582,2061372.748143897
3897.178000082799,0.0001692704624679811,1273589.456540611
5904.981839729855,0.0001671628825677056,1945921.569230972
5792.749787933903,0.0001666527465530517,1912830.345826362
4306.399936186963,0.0001695506176057847,1405771.635777039
3554.807142988155,0.0001698633586572649,1158998.586110472
1613.718247620747,0.0001772085608973113,511490.8991562269
1714.2055614505,0.0001775191548226739,542707.8274191859
2827.647824296297,0.0001755831927407595,901785.7267379846
95743.19865194746,0.0001736331201673491,30762353.10500903
38328.84943973428,0.0001739536943809664,12299949.97147386
131614.312568552,0.0001694964693857467,42973033.85886621
252280.1186222411,0.0001730913540472679,81226818.48303324
149033.3106864591,0.0001734181306510055,47924068.71251557
193082.2180041147,0.0001692852518607317,63095181.85136194
61242.63348893393,0.0001802863574766022,19190160.8351027
32743.73840221147,0.0001809126837831651,10236439.35340825
80313.32385631956,0.0001771837750616228,25458821.71183732
2328374.215165745,0.0001622849215735418,782589472.1191449
4950775.422658687,0.000155002878230714,1715721201.18956
2947629.57727615,0.000161507381686052,993904494.8762687
10041331.81580956,0.0001229610111695137,4060813410.375203
12456853.91661166,0.0001142467462505435,5290691979.932435
12740741.04019776,0.000116703065377418,5335066611.674157
9457669.98203394,0.0001278903151738335,3725853007.952248
9334750.951018281,0.0001263773551550734,3706720962.872018
11943202.48564282,0.0001201096004002249,4906091541.721714
3790099.659955963,0.0001361103869030846,1432374071.157821
3990119.443956859,0.0001346518622238227,1518836366.160542
5690782.878174381,0.0001266410758036773,2256605394.865325
13989135.89856531,0.0001148533504988578,5920546229.238979
11194186.80080519,0.0001128313401557343,4794088557.529774
15232891.49277545,0.000118614034583874,6309936124.589535
8828567.070069972,0.000104378323438403,3982447043.424948
8182584.952540747,0.0001006040597631163,3782801203.551817
4896050.124584852,9.970901613465139e-05,2276964369.598289
8140813.570315572,0.0001076709175896805,3596959377.48234
8817709.305099422,0.0001061432527762803,3933334205.826067
4887965.265677337,0.0001014794799437214,2246687259.426527
1192330.307358022,6.800053024571475e-05,715684673.9680392
3071478.759942546,5.584778577454253e-05,2102213772.500083
928845.8049712974,6.339573232512534e-05,584211733.601625
9845.243141011822,0.0001876304030088284,3003938.048714256
13582.13883891962,0.0001842020431697602,4195385.474152202
12011.27576493268,0.0001862672092465132,3682687.486591213
24038.8554578,0.00017998949612269,7540769.722915381
20690.52260903906,0.0001765821678673861,6573654.847507978
66300.29343905528,0.0001762545099621268,21090584.94092261
1074992.194783213,0.0001679622720916936,353126912.3282574
629297.462071112,0.0001722750746302066,203254896.0506351
494494.7934251238,0.0001725952435993504,159517808.4571248
10469689.77908118,0.0001283905135737091,4113819093.160759
13244621.27160015,0.0001232173460321236,5348824033.766807
13495688.18665645,0.0001258548901642644,5373801730.136693
4492935.036763769,0.0001390253171145898,1674175091.873741
6782275.177304817,0.0001325282721913714,2609174041.526856
4650752.782782625,0.0001397282456910894,1727164820.796671
12939266.79392676,0.0001188935000543267,5351443273.264091
13105731.48703093,0.0001214772598875249,5343157069.091722
10346244.45617201,0.0001266585629233064,4102290059.975147
8452631.684212947,0.0001454009917911209,3056893905.863391
9885540.324529154,0.0001393928033181614,3677111879.132031
12321331.29909161,0.0001363898394429497,4650178491.296789
3821208.955851131,0.0001506078141928606,1349902649.999535
5236564.338044517,0.0001448264426669419,1898808650.304726
7340055.626230616,0.0001421164198824764,2695275595.045655
425393.7599759225,0.0001714328587081849,137846286.2634366
347343.3765671061,0.0001676188911710908,114255481.8500825
971875.0573219623,0.0001667889161728729,320749246.8491355
1643328.175137901,0.0001528078290715858,574946230.334788
3730775.488439347,0.0001474979550837902,1336416355.040354
2553472.204905839,0.0001532784619148889,891545910.6042584
223268.3382312748,0.0001755029656308346,71225826.96244083
102632.2024198141,0.0001789349979621474,32321148.66992444
126939.8386600579,0.0001758308025653032,40445291.48889079
157978.7650058616,0.0001608301610658825,53417929.4076018
498159.1493469323,0.0001542946578536924,173167950.8973853
634701.2959655309,0.0001556794009528538,219321875.2589967
15957379.3941204,2.755675980545831e-05,17490791798.59909
15599253.39196635,2.978459556624981e-05,16234640442.44503
17121603.44931761,3.071708202005497e-05,17456525049.92065
19374796.35145741,2.731707056775019e-05,21360646683.69573
19203733.57247336,3.07176137414814e-05,19579158493.24381
21503006.21315365,2.626838742654054e-05,24333817042.59984
19603691.24792919,2.366948459838974e-05,23780007450.99578
19348895.21098208,2.513872186697502e-05,22547274073.04067
20949097.73400001,2.240746315551613e-05,26357458348.31055
17979062.56684993,3.154698741714437e-05,18007846582.62003
18343799.80547288,3.203610932611552e-05,18185676336.86847
18510997.25487572,2.863963834602247e-05,19775074579.59828
17386130.58747388,3.707774931623994e-05,15636061192.54671
17654057.25965457,3.350089471056654e-05,16987922077.4485
17835777.80374598,3.336400690613215e-05,17209698095.69746
16903299.52782401,4.131872781182223e-05,14142956092.10699
16461197.62904395,4.610085308388501e-05,12803305873.66197
16614975.9310447,4.197970500190357e-05,13755407524.82647
17241822.16246717,2.484683445946268e-05,20248947310.38257
19624767.60698195,2.25042808602273e-05,24620361746.98932
20398478.65353012,2.654951611909122e-05,22920638145.41331
16123352.49936393,2.906482448440272e-05,17055987895.10768
16391796.94048446,2.648689299496339e-05,18447572284.8601
19472967.97381286,2.818893737384005e-05,21023886973.5488
15193933.88045175,2.861487018429284e-05,16240860853.75243
15547403.19489895,2.638647371022958e-05,17541643937.94042
15454558.76053564,2.603596236164557e-05,17593038514.22752
19416132.26421462,2.149182037823087e-05,25117741523.12799
20609766.42213764,1.78508978718625e-05,30174009743.62403
18747173.14070047,1.879764529048075e-05,26517555726.42532
22237110.1065095,1.321546812153744e-05,39782308313.46834
23005500.4245061,1.184479195748043e-05,44273792625.89663
22042733.25292487,1.480480198808042e-05,36559230240.78355
21925575.58491846,1.896125986806359e-05,30834686903.23218
21969296.82347721,1.499519199219249e-05,36128350712.55589
21776096.58400567,1.658250786066972e-05,33487281496.90193
21503987.50918187,1.524735217826896e-05,34972180512.16795
23104785.43253573,1.320229800064192e-05,41362068748.63547
22147808.83664306,1.357314173147708e-05,38923376786.17311
18809849.35309627,3.212994859465688e-05,18611382301.79226
17816709.93042392,3.297177421650543e-05,17327369284.08036
21086089.77781161,2.768468433778251e-05,23041088953.37674
25379478.53947465,8.210026557934877e-06,62361945198.90867
28769775.12471387,6.161205287560781e-06,85603728510.78276
28086646.59964692,6.400787344533663e-06,81472483935.79251
23933090.63684481,1.130319914739835e-05,47518698004.34958
24065952.21436592,9.47005770304758e-06,53765204232.49585
23665202.10086822,9.848364485311268e-06,51507144705.47602
25145696.25710632,1.115652222686461e-05,50362943935.04092
28668527.49743417,9.251860126627869e-06,65050805898.38377
25281877.46207018,9.322444042783395e-06,57076342040.14646
20832197.97533489,8.921398173403479e-06,48429852410.46149
23417768.24480777,7.647489573200618e-06,60329942026.08379
22227649.48321198,9.573189441366538e-06,49301004817.33076
27316906.7711226,6.680682566116707e-06,77010680797.46368
25640081.94784908,6.81812283992301e-06,71308756178.41562
24723952.76096493,8.940118090188145e-06,57396983438.39937
29087250.06060049,5.435267261444018e-06,94092583956.17934
31799742.87660176,3.960570894332704e-06,127033543931.941
27356095.70898633,5.575306324989291e-06,87004481908.9063
30894270.82805949,5.053037761153636e-06,104916288878.8596
31610529.76481443,4.812875821276884e-06,110890754053.4472
36870597.30525327,2.816148944410192e-06,184888440591.2617
23699893.02808749,1.23212855730448e-05,44426527628.14256
23410158.50829581,1.460576219233899e-05,39179137470.24955
22808447.89159155,1.45228967320239e-05,38317182414.31999
16627081.40480963,2.109534639832396e-05,21778347118.98597
18664785.94610732,2.114051700814902e-05,24412519933.73907
16342763.55995169,2.348339859455036e-05,19928970508.00346
18412607.88220415,2.30649271537227e-05,22723780186.95433
17761319.24393168,2.037096199605928e-05,23812273460.93214
16632268.10114192,2.414379287323633e-05,19910453212.92812
22152099.03371532,1.611491935901827e-05,34721311940.74942
22745145.64004037,1.619702072515377e-05,35530280006.49459
21080805.60023272,1.868733821351956e-05,29935664727.85201
23601976.026369,1.639501810915245e-05,36571302746.21329
23580761.37843834,1.667514875279641e-05,36128063120.38397
23882571.84805909,1.911457009638136e-05,33407045589.80137
23977422.79458603,2.629295642649529e-05,27117077780.50567
22602450.7564194,2.696755528879892e-05,25133973134.41491
23758972.4275962,2.315229129961599e-05,29248145520.22502
14159784.57160998,5.511057233551856e-05,9777624737.379751
15692883.41065343,4.63261866969603e-05,12166109271.39282
12471756.93093585,5.465598831739237e-05,8659692487.638348
21826791.97671725,3.767413037913847e-05,19422020957.69579
22130487.14463619,3.088953301075102e-05,22479332548.34315
19164880.85194572,3.808329997047922e-05,16931018121.74818
28984240.6212191,2.454869092026595e-05,34314396707.97855
29630745.03803821,2.024840067107754e-05,39885534919.99347
25601482.49928883,2.470057400146668e-05,30185178670.26648
27523369.70061024,1.88121036550394e-05,38911385519.19469
30140465.65199176,1.877882949658894e-05,42661646403.01794
29488393.68821698,2.307589067331217e-05,36381349204.01352
24030436.26677237,2.019983071241448e-05,32398867931.44249
23727689.97168944,1.776042609276774e-05,34856721674.39973
24192692.25517973,2.073615621230736e-05,32052754983.89838
27527847.09707408,1.414445690600607e-05,47066806194.41674
29638524.7774761,1.654687329483115e-05,45643536767.93872
27043808.91945032,1.6580787431576e-05,41590846307.23009
15355213.77022163,5.436499537844241e-05,10699815685.80692
15487998.89492493,5.444338721534502e-05,10781980719.18715
15078525.26815925,6.034489668355463e-05,9800882202.174366
24188002.61800527,5.963486039178513e-05,15846494431.05117
25186899.50028663,5.873035182380973e-05,16669899220.87874
22445715.83400054,6.596116007456821e-05,13749110541.58083
18880803.54211602,7.038761336401822e-05,11075320772.83978
22560290.06888103,6.25505848116077e-05,14317167184.05938
20878761.65478615,6.887310885225887e-05,12426198261.85119
19864576.14483034,5.834361045872457e-05,13205365785.5302
23206181.68352313,5.14652812411024e-05,16772357900.88864
23248892.55099927,5.665776289673671e-05,15760233777.03456
21544945.5732958,5.66869702868238e-05,14600124882.58901
25107905.11996566,5.198866603063566e-05,18024837694.21755
24602477.85019326,4.562586742199046e-05,19268064584.56257
21215566.45260255,6.152958817290482e-05,13612314034.42378
23209449.80828617,6.501536906432993e-05,14354480862.11382
24752231.37513416,5.683416287854608e-05,16744597436.64527
15595976.30535739,7.051123123438346e-05,9137773058.296009
14822611.14084253,7.544745739511557e-05,8301596929.059587
16823574.96787582,7.294204012077939e-05,9636803801.094194
10928396.1942355,6.795309168215473e-05,6562716103.989166
14102422.96503065,6.680005036924649e-05,8565956726.374799
13517261.79512005,6.186490228812216e-05,8641567053.749332
10883432.13352729,7.123604067790918e-05,6333338365.370394
13317768.75033574,7.501738940626894e-05,7487270180.62552
14051338.62860341,7.008767006887401e-05,8265896280.731078
17053921.26070147,8.876590181193323e-05,8570249663.750045
15745932.72992784,9.568471952209196e-05,7526735702.297463
14764255.77831088,9.459206850671001e-05,7111727028.990832
21480456.03839845,7.372515680595235e-05,12217050266.01761
18979042.2234174,8.153306145126021e-05,10093732525.27317
18577100.5217843,8.037676101883298e-05,9974495305.707642
14953968.65234506,8.069860907418743e-05,8007785530.261806
15966683.2598493,8.57564164800107e-05,8210513008.427869
17140466.64643009,8.400007855701518e-05,8936542255.093513
15261493.66276833,6.045591381508091e-05,9907661963.872004
15882875.66413561,6.539465937163695e-05,9785152868.692337
17857940.01918953,6.233012992653627e-05,11359677582.98339
12933929.74390745,8.638086869388783e-05,6618894407.162506
14779674.11559713,9.276296252243918e-05,7212432884.441403
15074329.37238502,8.864267029990744e-05,7582448106.407021
4383857.38078676,7.203273488103736e-05,2532229987.432833
4861384.798156422,7.985261949446937e-05,2621604780.754457
7177878.356406664,7.259813901811063e-05,4124574020.742787
5534670.07490754,5.395009265258444e-05,3876415078.124758
4689560.624082216,6.392378396952492e-05,2933304652.898264
8353766.254268016,5.794487119313251e-05,5578776780.149518
2765412.841088568,8.373615271410173e-05,1444834066.695201
3805636.315030529,8.263603510580115e-05,2005923201.559119
3384553.148913424,7.481793027524707e-05,1906181330.885694
1371829.43347333,7.510480063514475e-05,770646100.0249578
2155214.404908054,8.185131637533566e-05,1143246908.166001
2705456.878427144,7.293419639840903e-05,1549838629.531176
14056896.64350907,9.368144286972773e-05,6814809773.128208
13262637.76460897,9.316868236492686e-05,6453321062.328344
15920783.20159703,8.670163779039207e-05,8127298812.744334
10844766.38026223,0.0001108904871332183,4698479539.183534
11582980.20137868,0.0001061830111311475,5165554596.298437
13786401.45057486,0.0001024110974771035,6298245338.095529
10217805.29093429,0.0001087121828900177,4485788691.162105
8171756.676750854,0.000116190829754484,3431896573.513131
9692495.911254263,0.0001098140189197748,4226657943.579462
4382920.430962598,0.0001341417353619107,1672582850.249173
6412345.309700459,0.0001246813800661517,2569306018.733399
6679264.150325284,0.0001268054232872105,2646285723.406106
10974097.017678,0.0001039208407708301,4964784024.819333
12057898.06330782,9.747777915753224e-05,5692912699.790321
12815761.15581745,9.79771335250333e-05,6030147270.21385
6880719.835830084,0.000118735872782816,2848257451.901937
8647383.729124812,0.0001123937098589557,3712986700.339005
7340946.759545179,0.0001187129662501425,3039158170.702816
7211161.220029003,0.0001163290755193256,3026074998.311638
8752188.647606017,0.0001090538260089179,3834329216.68118
9017356.373261876,0.0001099750294158231,3928407297.652694
4259143.126615582,0.0001298922118131568,1660606855.729782
5778706.63802624,0.0001231141857868302,2335027050.734032
6201094.010297514,0.0001230765098766256,2506214282.034752
3754345.784709954,0.0001293390326277631,1467961044.591104
4481483.766096704,0.0001253402682536521,1789347734.018423
5308477.276969455,0.0001234514203595539,2141111259.604787
15015762.91163072,9.897893232726868e-05,7017550704.24865
13957436.13453976,0.0001061128999678663,6227210218.937695
15178017.81747225,0.0001000312352533668,7043545165.354547
12080183.60382259,9.099281881288529e-05,5971298601.092534
14007850.40741039,9.33434413629157e-05,6807415977.607344
12212574.63332667,8.697509107933438e-05,6221244970.493168
6361945.348937925,8.576203346695151e-05,3271346554.78252
10052398.11146754,8.910323740316621e-05,5038957446.767596
10173199.10277574,8.508520979384723e-05,5258818252.184387
10499037.50252705,9.943699114451285e-05,4891598884.879156
13482748.96914868,0.0001028726423736489,6141086082.51013
11632235.55572952,9.53916270826305e-05,5571725137.484631
12648108.85625305,9.482169232995148e-05,6082570154.130911
14574817.59400129,0.000102316441969782,6662535079.901323
14618910.78424777,9.718506243284053e-05,6915899448.797484
2676946.840894877,0.0001459108129333359,965861293.5519544
1224009.251097715,0.0001519554547291166,429840339.4741482
1031183.366117778,0.0001505547169670635,364367518.0403407
7686786.249855245,0.0001308725910119442,2982032260.750432
7798365.902371782,0.0001323776350009251,3002344546.201251
5404628.322606481,0.0001380634141762442,2023237007.610624
7042521.33958526,0.0001282085288882381,2769811582.232028
7445169.521720662,0.0001296492967790454,2906438562.868447
5035347.913692106,0.000136144156886971,1902670035.463885
8617299.725002835,0.0001231263987904602,3481799408.384597
11363327.00491662,0.0001158416478077251,4781847116.771791
9062102.531822065,0.0001245751749449882,3633077267.764701
4011098.046547175,0.0001453293510084709,1451090131.186407
1831081.67481351,0.000150647793772419,646744184.7395831
3545549.40051808,0.0001446129549780152,1286901796.621727
9768507.419229904,0.0001313592757333421,3780254570.878529
12697954.65904395,0.000128814860800804,4978400057.142839
10229766.74887709,0.0001350720237998943,3885874706.415085
4908361.750554457,0.0001407015576641807,1814417779.326881
7199841.703862091,0.0001350167670390319,2735674853.27988
5453588.45680507,0.0001414279159397365,2009057040.493379
13640618.44582689,0.0001096672476627623,5953642666.197355
10437270.61702011,0.0001030912513695112,4747216842.137712
11165255.82538509,0.0001068623164174911,4958141942.732759
14100552.1238777,0.0001148130611616161,5969096326.99369
14809887.56152685,0.0001103485686432417,6437352510.968607
14274302.98925402,0.0001174029188411318,5953453712.303927
13943142.5678092,0.0001131295616559766,5960873861.431038
13646087.79181749,0.0001106681567298977,5920063657.714988
14648556.3251628,0.0001086596674458204,6433034951.038714
14946995.04038118,0.0001003425867340177,6921980349.592316
14902409.44412446,0.0001054713332892555,6675752095.712364
13891138.78686919,0.0001074630992056136,6145609240.501998
8199566.432013658,0.0001343582708486235,3125704741.28407
8622609.453148881,0.0001380572862242142,3227992331.926885
6327882.999532589,0.0001407634534284224,2338470156.802475
15350499.16765009,0.0001152228192196607,6482813149.262086
14778472.09511597,0.0001159378288721431,6215548034.309792
14830943.66669719,0.0001217569320300701,6037256869.521004
15007536.17199238,0.0001174394284078027,6257969558.948469
16294821.87053411,0.0001212083380667373,6653159772.31658
15060412.47168197,0.0001232428152226725,6081291101.322875
14497769.07481794,0.0001201925025928877,5952731023.875428
15278719.39353703,0.0001162851464594297,6413141052.009126
14760390.51942765,0.0001228384803802639,5973216064.284698
10989576.42919781,0.0001088808819903409,4819624465.332994
10232329.7965132,0.0001104027984759296,4446187855.13341
12911338.87143911,0.0001124203406100896,5542954946.021325
4936681.847140144,0.0001536538534025059,1720836074.83705
2318712.168615493,0.0001609462404787669,783657480.4387574
2904260.112514213,0.0001561377044532636,1001606152.36373
7676360.731691143,0.0001432225829759336,2804234796.187503
6420333.478492219,0.0001492286321759816,2282037696.476145
4064909.97431354,0.0001517014858860824,1429083841.113858
3144491.964236531,0.0001118998561983227,1354141777.342379
2995374.294655475,0.0001153251447273282,1264256202.449468
2163930.792370243,0.0001197200370712489,890838145.4355178
854370.8175837775,0.0001285422597570114,335440723.0937675
1336308.897577874,0.0001219271361858053,543467124.6489283
1407296.389829139,0.0001243683652823038,564822891.3009161
4440628.548299286,9.955420434716557e-05,2067305735.128179
6218036.478178604,9.314967174899718e-05,3025977628.954202
4215212.400578689,0.0001034312426890948,1913014674.517772
2139980.784114937,0.0001140276411596374,910059484.2717632
3421008.86583597,0.0001047761546067897,1539262052.409352
3223516.091990865,0.0001086491199402797,1415725432.721395
1212181.992192741,0.0001133775805437252,517467451.4353475
1246391.481503691,0.0001150770937174202,526819548.7504146
635346.4224089285,0.0001211019402414867,259563240.7952772
2129894.064703071,0.0001049293177829402,957400030.9066122
3437223.317718439,9.597525786936741e-05,1639714451.17891
3428614.020415966,9.797445187418638e-05,1613281059.634695
13314642.43525967,7.429881166262809e-05,7533698970.989327
14399972.21654389,6.841283874213523e-05,8608680301.045681
14161961.83225423,7.485196599513636e-05,7973603058.567942
10863703.21276524,8.69303350105546e-05,5536011585.692117
12018498.45693718,7.849809401758532e-05,6555575207.164673
12179309.0524897,7.873054984949779e-05,6630207614.999591
7028385.419378255,0.0001039552381625913,3179005778.249626
7376050.044597727,9.947428582912685e-05,3435711074.213823
8868969.453914771,9.616515830281492e-05,4225336732.917402
7626564.354249449,9.539853988435163e-05,3652871997.775215
8373014.993982218,9.017321852788656e-05,4163866735.949938
8786782.54194604,8.954840764886145e-05,4389933755.31074
3478745.209921683,0.0001200287518856357,1429658885.885295
3905604.639890353,0.0001173958113698838,1628995470.932647
5201118.933223873,0.0001123056307931093,2234407757.486526
9126400.368755933,8.626580413807365e-05,4674556360.48315
10700301.98521509,7.97739597379643e-05,5774157176.121346
9558162.343679426,8.564347268525921e-05,4919393429.973139
6005025.365370818,0.0001021696047915913,2747685597.04382
6464968.805997606,9.748636069004604e-05,3052135862.251978
7546396.449387236,9.31127884598614e-05,3673387371.429524
7348890.380947226,9.243198789070789e-05,3594790404.606018
9756432.885110473,8.19575981565678e-05,5170885402.611084
8499113.550298279,8.806091574149009e-05,4293895788.049154
16380965.5533521,4.716749106180696e-05,12548090622.50058
16852321.67222624,4.167483632450398e-05,14019864136.50084
16443229.59679171,4.268257551166941e-05,13463357437.77105
15029305.95640492,5.968115157284749e-05,9841186510.596844
14884804.48953564,5.934827072429691e-05,9782978262.42588
15734771.08331607,5.324611693026884e-05,11117363383.05023
15997893.66558992,4.814712805354222e-05,12087854243.00463
15064865.77611113,4.950764375915715e-05,11173359228.53171
16149497.52722718,4.402656394928681e-05,12952367337.21033
15983916.61587458,5.216115023643843e-05,11449462494.56906
15301720.77180587,5.788418654850941e-05,10225871153.64941
16013477.68125961,5.145038755230122e-05,11576036616.8742
10188525.7310377,8.347233145694582e-05,5334368136.345165
11366680.74352007,7.760215473353674e-05,6247666064.890221
11711933.29892008,7.757913460372488e-05,6438706614.685877
9405569.567235963,8.44408843073347e-05,4886710202.880725
10725985.92040121,7.833627693457601e-05,5858619207.988586
11002412.28550081,7.794537915420514e-05,6029680942.669273
12852429.75000839,4.818553374809839e-05,9706011228.691948
11904224.48350192,5.464750260731057e-05,8266485246.761461
12192676.68403423,5.028060641240308e-05,8950185841.273262
11823062.60466097,7.235770371960825e-05,6808845377.842242
12389351.41817849,6.771939413993082e-05,7457155438.181463
13550145.92416962,6.477423348267952e-05,8401221800.215302
10654094.9911607,7.674372714829276e-05,5899582875.539818
8900821.863964515,8.232418041996107e-05,4703399105.252921
11191996.28801022,7.210911132380111e-05,6460222289.802652
15336991.37318466,4.006686771751394e-05,13098349622.99417
16419161.36634873,3.606745876242498e-05,15040904085.84634
17373093.31899231,3.522486984382814e-05,16167550311.06199
14748439.84036226,4.850030060585656e-05,11089614791.47023
14713529.79557113,4.411039534419152e-05,11785723269.61487
15821819.22749015,4.301528919708612e-05,12887673355.00363
12941703.95826885,6.360923828577729e-05,8121657380.914005
14054219.72618304,5.592876951662906e-05,9609848979.719923
14127519.1317052,6.066952783442294e-05,9149952244.840275
12092843.87587699,5.382004206529001e-05,8483318203.345888
11879525.41292992,5.553153417749574e-05,8161549950.668238
12826765.34772432,4.90719785796805e-05,9569621713.186695
12510592.44997917,6.254039352440315e-05,7940310218.859884
12368962.8139394,5.637834467743897e-05,8412499864.709114
13604806.53441571,5.485436700086305e-05,9423630123.734835
12038057.25278752,6.362171051184301e-05,7553580182.451571
11687540.35914514,5.91690120206943e-05,7697096152.095634
11899135.78141458,5.74573589722437e-05,7991316174.985988
13766844.64658196,4.536913585891475e-05,10822495319.87356
12555697.29557349,5.128005859256023e-05,9096517547.512089
13303327.36711832,4.653070471073594e-05,10283332022.56282
16649046.3735262,3.281704731722445e-05,16242630352.65871
15104201.36546577,3.666586820769651e-05,13685367099.43373
15101842.69466648,3.824533950157467e-05,13303857830.70719
16849845.24664286,3.919298972164763e-05,14603501092.06715
17406223.01155207,3.495775988495818e-05,16280790210.72943
17140190.82909156,3.853421964076155e-05,15023966520.74721
17055159.65777011,3.816540215928988e-05,15045590152.18869
17975932.46242354,3.441865139464448e-05,16988780087.97509
17614889.42915181,3.392737404268416e-05,16807885860.4756
14811731.52125066,5.765854971654662e-05,9924226976.887659
14736675.83242665,5.291698432447521e-05,10455291348.7393
15659638.20478391,5.155326769963019e-05,11305182872.93829
15352748.63844093,4.103310162130154e-05,12905155512.60321
17389863.68722315,3.619518088770274e-05,15892626494.97161
16484424.15788893,3.994040414062202e-05,14108000858.27699
16749015.78865114,2.837306389746711e-05,18004668705.54915
14928449.26749629,3.080422737226712e-05,15191750399.86838
15088439.16044467,3.428893819143351e-05,14295794333.15657
17220974.17883343,3.031879614932381e-05,17711271759.82891
17339532.24824181,2.825175850135046e-05,18692772522.31918
15649178.57256762,3.416774319083043e-05,14862117259.65141
23141836.5113203,1.883401757141539e-05,32691574695.60705
25588488.90531673,1.546780793221387e-05,41218494592.66883
26318232.12126535,1.637098224597447e-05,40820052096.19138
22118696.06155494,2.42232721292236e-05,26420294167.86731
21584200.79848139,2.254439113643363e-05,27046451821.71317
19959444.92996539,2.52750652880067e-05,23175028062.91636
18649916.80524572,2.701835809662297e-05,20712742044.28159
18900083.45013837,2.554906345390606e-05,21787817646.33081
18115975.3199795,2.992600238155253e-05,18794433923.98288
16681529.96113116,6.438211545392051e-05,10384662457.11653
14993027.25174945,7.237451982248953e-05,8633075389.617777
15237892.97231565,6.593401029576584e-05,9336524857.318066
23936968.4881834,4.743091792268431e-05,18268159509.73742
24310853.11105759,5.393207372663979e-05,17030815844.65652
24267177.22082069,4.873434586930586e-05,18188456021.22285
21980469.34686182,6.100131599239857e-05,14184395284.35545
18350690.66914614,6.88460338747233e-05,10924455427.56202
18693449.26173802,6.268955313800798e-05,11845661754.26807
19017402.80717789,7.804151577205978e-05,10413596392.81778
20790033.20719895,7.216958024332043e-05,11993678327.07457
21953722.3271607,7.137877198668678e-05,12758377621.99742
19834939.05253482,6.49262993695945e-05,12278644825.55505
19058387.7340426,7.042208592911086e-05,11175841529.26985
21764335.12908618,6.841235570670833e-05,13011350452.9511
13249426.14352619,9.125505750263745e-05,6536708322.471952
14002529.87289224,8.600626195811949e-05,7186539100.190612
15906307.72688151,8.477793636731546e-05,8242282320.415458
16739965.50001513,7.207056457916301e-05,9666055308.251596
15358968.89898363,7.390544398876194e-05,8721230683.140779
17067407.10317906,6.591760278615076e-05,10459235563.57302
17393968.65777518,8.066880013646831e-05,9316689423.46623
15400380.6884055,8.188780102858297e-05,8166801198.378884
19090973.6075206,7.479752134501961e-05,10753997710.18355
15783504.8819669,7.743045548967561e-05,8688181925.964508
13372584.4549655,8.736261806454957e-05,6792009047.869082
14443402.64641228,7.92676267434132e-05,7827185287.187704
19017030.38280814,7.33415548115184e-05,10853653647.25599
15333975.45672803,8.044127627498047e-05,8228780203.268225
17112521.24445439,7.486241160410158e-05,9633958949.446188
12433915.59539303,9.31170177045098e-05,6052319916.858296
12482582.88907221,9.221678640866001e-05,6115488250.513247
13163799.65707874,8.786856450035211e-05,6660276253.051174
5429371.80731066,0.000120949783169048,2219965306.600084
7785284.648344146,0.0001117960186389187,3354725097.40102
6336109.645546156,0.0001190693410224675,2617918069.189262
1265498.565926485,0.0001403132447370455,468665025.8607575
2056020.959537369,0.0001349927778382866,781304840.2985638
2449806.76450371,0.0001346371100234997,932585464.5755638
3130115.218351539,0.0001193157954703987,1291501842.398724
1947892.285939093,0.0001242318131979861,782365555.2178726
2940645.392595289,0.0001177120982090224,1224320879.932294
10313947.27908784,8.881807980207274e-05,5181124010.914892
9934900.210836252,8.627505340185943e-05,5088307528.360556
11439891.44108629,8.038477977907316e-05,6141946356.685816
10990555.95040355,8.431406561326953e-05,5715922177.294683
10615350.90569283,8.837953314377961e-05,5350157324.500698
11916264.05860485,8.01865226343337e-05,6408246340.892896
13461842.5110259,7.818953466405387e-05,7362162851.185145
11682246.44653877,8.177011226511841e-05,6201022413.827669
12636059.97781073,7.763974727856038e-05,6943134898.461354
10487715.05885302,9.203507598434167e-05,5144920037.584186
9735581.868708955,9.579104034344426e-05,4650275182.246872
10529443.90435809,8.816822740873368e-05,5315335664.796338
8852356.984304883,9.981132773939852e-05,4114076508.97009
7376443.510440626,0.0001040352562368018,3334724754.740192
9259436.150300568,9.625419661000466e-05,4408641240.830917
7586653.879229771,0.000120603239395638,3107975755.10743
8892630.398028119,0.000117845301708856,3699605307.430861
7876747.841826847,0.0001227399965274138,3189257152.534615
11819925.99145727,9.613561786187694e-05,5632379071.028614
11772569.38009053,9.702970952660943e-05,5575298243.964476
10549265.01334295,0.0001035366950131787,4784383721.619878
9781900.450233871,0.0001044631626027386,4410093448.519673
11303939.7919774,9.798981210666593e-05,5318337397.929247
10062120.11407697,0.0001053943010631363,4509669814.764581
11557204.9813108,8.980869436328211e-05,5762893064.980618
13374625.00097686,8.236421730410166e-05,7065169144.360085
12344964.72508296,9.045589394021864e-05,6126304889.604579
9473166.648610918,9.945617572564434e-05,4413068548.932425
10215283.85709991,9.569913996887723e-05,4882531822.218536
9459049.582817037,0.0001028261360565537,4309681323.029616
6667261.619736552,0.0001119072664696007,2871058039.186306
8551782.352099134,0.0001035105913503323,3879122067.929732
8538369.637918241,0.0001068690015758759,3791465577.572827
9407818.066961899,9.272447656010028e-05,4592254869.063798
7868157.417368405,9.603144667698497e-05,3752010622.731399
9045963.693011886,9.018680471244919e-05,4498069624.225315
13254685.08930914,8.860883412729591e-05,6668856910.41019
15655395.19037696,7.868159024729543e-05,8526064538.321615
13956378.22990016,8.425969389438322e-05,7261496727.730991
17765264.47866424,7.027772442383326e-05,10431815168.27714
18515275.99212823,6.478789999783567e-05,11478036143.97587
16503134.68744701,6.784602189811849e-05,9920879742.587193
17481200.38606939,8.148132568403313e-05,9301061734.551807
17302478.09181813,7.568613065252273e-05,9670095711.466494
15272339.23951339,7.818273628066376e-05,8352791708.534143
19051575.57148835,7.998864031752321e-05,10262315322.76648
21557616.97067979,7.218203836129813e-05,12435063000.35419
18864978.19903901,7.418586242044706e-05,10685024963.11221
9817.567949412973,0.0001658535000524697,3252276.70519889
18049.087727746,0.0001661525703396707,5971964.440641973
7710.424698983195,0.0001707503732055381,2505169.943130529
2792.252717455163,0.0001775755314043361,883824.3725673939
3247.432365383233,0.0001743468855146445,1040552.472816516
3595.088019362489,0.0001782648020192096,1135008.534108892
44985.7511230131,0.0001626583345786682,15097003.71858137
173318.7596014664,0.0001592453905893574,58993069.25696085
32520.81555232728,0.0001628551280257338,10905036.8138939
4041.317326889969,0.000191027846016839,1218405.452159129
3669.227758057843,0.000192423025969906,1100871.538320703
4294.43203648914,0.0001908521932003206,1295510.579675134
2669.689193105949,0.0001955693395274654,792367.871016077
3098.07117500824,0.0001940836681268445,924198.7921120907
2794.716739994508,0.0001946052508480472,832213.50687809
2591.609280255853,0.0001978018417640484,763394.9905024865
2548.323079306464,0.000196497597649404,753962.3465583805
2670.508542059634,0.0001955362503944199,792700.4709437276
15848.84934872754,0.00015088115528634,5592093.231868424
16917.68551108171,0.0001457140999311892,6109512.561689246
15787.08903355425,0.0001496856655755932,5599921.207397478
92439.22006619386,0.0001090854625976789,40489743.05540603
44169.43120621201,0.0001175935824316323,18402043.76437742
49505.16214124592,0.0001117871933165631,21333189.23375074
277827.3683597832,0.0001018117225257829,127421633.5332724
146896.0513766651,0.0001051420837567978,65941537.46080335
91040.73558678555,0.0001078409440359156,40183396.00952818
114661.117981957,0.0001045724813689798,51658036.68734742
57799.6824625081,0.000114331782504099,24536586.05547516
111096.9241699588,0.0001069914136463252,49294986.4287518
943325.3079771424,9.112014725902878e-05,465856197.442916
310561.7584002513,9.794147984154626e-05,146162805.1008634
484136.7653710016,9.702670774420668e-05,229284062.1161638
719097.3167484719,9.180708993369626e-05,353348718.4718119
1089786.083724858,8.958643759847316e-05,544310125.0338498
590558.768269008,9.549318298822582e-05,282671186.836413
7095704.48890192,7.370259449804889e-05,4036519016.615127
9883515.060192028,6.751246739749003e-05,5961040987.344833
5467346.737651089,7.673084967820563e-05,3027819251.697921
29492.10155877009,0.0001242777690118221,11842500.776054
27669.51078827852,0.0001298987832900629,10787763.70645276
26299.75166313969,0.0001313805155137123,10176482.10491621
90151.82229546785,0.0001106321980149727,39118916.36366043
42996.72784021987,0.0001179781507095878,17874518.4166492
42592.70003138712,0.0001191417022960813,17591085.42804634
33605.50960124411,0.000120512762083705,13773842.90114689
29456.19342318456,0.0001271811224117008,11647378.46068487
31335.78446190537,0.0001215617999221535,12769556.77544934
60808.07242730291,0.0001050019275260555,27320987.28203402
51351.85596133248,0.0001125203731480569,22032749.76508932
101449.5235632848,0.0001038107030690349,45929169.26040718
44797.57264129965,0.0001061579026892013,19981109.31667531
31954.13182366965,0.0001084379065045701,14052047.40245494
36737.74199656447,0.0001136825316814563,15654888.13910232
14752.35695128651,0.0001528418319671417,5160596.725066599
13731.88066221964,0.0001560691882794397,4737165.664141161
13886.28863634193,0.0001563072827260805,4785566.761427321
18187.59947909035,0.0001420297454030809,6681221.080522919
16355.59175172267,0.000147472506758501,5859477.442621508
17506.01607062955,0.0001435014048347981,6386798.594051806
16735.26911166451,0.0001358253808707645,6333523.885660485
18287.25565238052,0.0001391181784360038,6811236.308644255
17603.78967293521,0.0001405896060912316,6510845.077523159
22121.20810897713,0.0001372839292734074,8312449.902430664
19469.6516463029,0.0001420276930942704,7152252.295615747
17250.35232888578,0.0001416672333463234,6347728.765710176
18533.12320945869,0.0001399973935245771,6873880.528410304
18494.42714901089,0.000138577949147685,6906289.787697329
17051.16116046457,0.0001422330293811171,6257780.406836449
16665.39561068059,0.0001517269427271495,5858329.879971544
16147.71784322918,0.0001518149908989999,5674157.418046543
14557.70546194875,0.0001547531930365601,5050486.127536643
15163.44458501194,0.0001517018518515514,5330941.87032957
16412.45113172353,0.0001516986621790672,5770130.189732742
14321.35976841093,0.0001547248237782022,4969098.32506087
15627.50502357483,0.0001496110691042429,5545156.779947931
16167.68359836995,0.0001463616755307059,5821428.3031848
16895.10447320988,0.0001496077976328176,5995030.475103891
95945.45762478166,0.0001066642653833239,42659109.70893956
47458.05544892586,0.0001153792759862526,20024333.35093029
44753.3207495918,0.0001164302660006366,18769296.98783132
15245.20175048463,0.0001528015391119663,5333938.740409937
13152.80597810152,0.0001556735072664661,4545084.275549643
13701.42988385159,0.0001557399286214511,4733320.494847135
17398.98066955021,0.0001491411529163503,6186696.455053056
17085.97141902571,0.0001495419127251347,6064537.996475068
18507.66431574316,0.0001459740480471505,6675767.138183378
16179.86122912311,0.0001512881060596985,5698644.98043398
13741.09750661216,0.0001545605400335352,4771141.941794265
15878.06781909994,0.0001516886067955592,5582503.588490287
12156.39957172274,0.0001582469540699824,4155099.170062511
10979.72282597596,0.0001605564059420094,3716832.171668426
10823.23306058386,0.000161145904106865,3654916.807685276
5483.73022551643,0.0001719139001337109,1773653.387184415
3830.910536916726,0.000173557620956271,1231231.026813093
5488.393703400464,0.0001730242738172648,1767558.924463205
7846.985253281502,0.0001713258025611907,2543827.472058757
6516.433293485277,0.0001713559530768191,2112242.723400979
6521.516868414765,0.0001724663158731792,2104807.734995392
6348.449831783618,0.0001712909255539845,2058313.178203323
7800.668617259615,0.000171309645217635,2528971.596944055
6479.298873973879,0.0001724506225921105,2091308.819233405
8757.809046946091,0.0001674064328695584,2883239.439941802
8467.644456742864,0.0001676465148784204,2785049.56111932
9085.903128614682,0.0001661223806703782,3006648.587032249
2789.690853878216,0.0001664062585831143,922096.3603174284
3361.954419937085,0.0001638030784858256,1122993.169668054
3392.488312727477,0.000165791456320453,1124113.756411857
411.5408884952261,0.0001884800312388814,125189.9389000573
419.899935624289,0.0001871490062847824,128337.6623479198
368.7481501775525,0.0001879256805066869,112392.9566255614
437.4802139859542,0.0001882992092480481,133165.8151001317
471.8037794365595,0.0001872007037357888,144174.9349631612
446.097366292086,0.0001869678167320149,136432.683515524
457.6327902056555,0.0001864336700641828,140227.8371256986
428.1258558019149,0.0001846930064134146,132009.2883437792
462.0138923549305,0.0001853882512737581,142102.0127488335
436.9418935333533,0.0001880033675784282,133141.4453915955
447.6958312031363,0.0001865712037817237,137115.5282888559
456.5746373835542,0.0001873320955583593,139455.9307782833
330.9279457348368,0.0001907909906044843,99853.09596183941
408.5424824893341,0.0001890139166277846,124043.6973265211
350.8429274143401,0.0001901345995159333,106105.6776195811
351.7305573641247,0.0001923276784154216,105563.935839733
317.7996772575323,0.0001916192102576298,95615.30642921675
337.3214661743842,0.0001909632160702857,101721.0495546393
373.52263637353,0.0001916662321949678,112362.1022044363
362.557943856948,0.0001907302867903497,109420.2368923555
374.6663376724638,0.0001893442448817321,113625.7079969062
323.1995531993941,0.000193724391902554,96534.20274095806
353.2245727209228,0.0001928514076815205,105820.3108494971
315.3175208918958,0.000192276492294606,94652.1847862829
258.9302939565874,0.0001932547680296296,77463.31038069075
332.1399541576433,0.0001917079218767356,99898.98639334868
342.638113539608,0.0001926438489912044,102722.4981035753
5218.187852512532,0.0001750613532014705,1667475.731906974
5054.317603349121,0.0001760624055849436,1608982.946353024
2106.768218024469,0.0001757212440262958,671532.8237103608
5831.412794380667,0.000173314687513434,1875931.055434887
5410.266881896354,0.0001743743868697218,1733392.420199463
2229.448465392475,0.0001750344244447452,712494.9502824015
5183.880556305412,0.0001741150500760502,1662509.407609761
6994.76176692326,0.000175406838556037,2232245.280603262
6176.888348989685,0.0001758103418668788,1968219.237534968
1463.51921268034,0.0001802640463396947,458626.365566442
2481.331400230187,0.0001799677952782855,778433.6008667798
2739.514482346636,0.000178842351650795,863031.5767723019
2353.470899892559,0.0001806750480379243,736393.6702454794
1041.374375328068,0.0001818170651710027,324476.9054585958
2685.738611448539,0.0001808256538082189,839892.5199583094
365.1705196915897,0.0001856402960358541,112214.1286197339
372.7231997168118,0.0001870851410138769,113944.5511586334
361.2644064795757,0.0001854607458011034,111085.4487076386
401.4739477693024,0.0001834409028138667,124354.0447610574
379.2865843933391,0.0001844378257384371,117057.9243812905
404.2276131651475,0.0001830926113072688,125365.7100461314
427.5883239894074,0.0001875866487303888,130484.1881348267
389.0303980471864,0.0001876165847523519,118705.1023506595
381.3134296426285,0.000186171823395713,116951.590634778
369.6262292644624,0.0001897006823369633,111956.7251783639
353.3019057249568,0.0001907596687369416,106615.8090737278
332.4871509079462,0.0001914567330579037,100090.8637658171
334.3254876463932,0.0001851687985673838,102910.0085411888
287.0493899020345,0.0001863006973089909,87999.52093190422
319.0156145178597,0.0001849647774496311,98269.61419407581
354.1590724439653,0.0001884060976430458,107762.6845789046
342.3894762523601,0.0001897921694296084,103673.6083280389
295.0834491363008,0.0001879136278338895,89944.097086935
1255.500312902047,0.0001798059726142616,394106.9402510352
820.8913186484756,0.0001807366150861331,256795.9873412891
1441.330522587717,0.000179732702566875,452562.7942511241
366.7786295184033,0.0001845306973908993,113159.6532622335
395.3764464787918,0.0001833651142248974,122499.1245231933
370.7143608140109,0.0001847103152131138,114299.7579021185
464.1941947067231,0.0001824267660059964,144313.6237280712
418.4839715302803,0.0001827941510946497,129928.3624958367
389.0468686725981,0.0001839598593053555,120278.0961045986
1895.169549848353,0.000180839733486946,592632.5451825407
1022.499786118433,0.0001811360002967301,319393.968072654
741.0751320830325,0.0001823301354309146,230474.7063912192
1167.262411555363,0.0001763051766541931,371243.1574345534
970.9515506779401,0.000177725542685496,307159.7652420299
2862.147395279731,0.000176317217029331,910253.1288889193
1994.566505771216,0.0001790326361474759,627904.6763245447
3072.933288758363,0.0001779367340337478,971350.6955007019
1774.831637388133,0.0001791060838554737,558577.7121352192
4185.05988120722,0.0001762310708972054,1331414.726263145
5741.532841159572,0.0001771409778413809,1820323.160707673
4425.794738207933,0.0001772797506121621,1402442.873915424
4658.519339257982,0.0001752574876239506,1487522.402298847
5950.357009326911,0.0001740772088294393,1908600.706533754
6883.611437971376,0.0001754757325325603,2196198.740614576
5871.208111210662,0.0001751757832211873,1875331.705202133
4212.628554324994,0.0001757397768809484,1342681.855516464
4454.143950784515,0.0001767884421379508,1414039.917184531
5781.652642234147,0.0001738612919222743,1856023.173689018
4076.546063468981,0.0001743941068540733,1305983.882757466
6702.067262213386,0.0001752597408980155,2140033.993182668
12785.29602210101,0.0001579888724965901,4374815.962114998
12027.78347491938,0.0001583020678753373,4110183.479233457
13571.1827192855,0.0001554974376717291,4693197.958746191
14866.41950752386,0.0001538327921409658,5178139.766530957
13487.62908097162,0.0001568710341812628,4637035.715424831
14294.49513776094,0.0001543795724696539,4967168.949577801
9561.661194032551,0.0001620613718303188,3216723.094074155
9841.313476946607,0.0001635956789579176,3290070.317090908
11499.59774133464,0.000160360329945328,3895991.686293316
1506.420706561292,0.0001711740265164425,488638.5187657498
1925.922613951419,0.0001691483699812332,629690.2294050596
1479.954386514633,0.0001712325959201783,479944.1507260534
1526.108424658005,0.0001745911116157114,488544.3215253931
3399.675438857529,0.0001744527933922209,1088893.751709567
1748.57522931001,0.0001729117536555806,563379.852199406
3180.794045267247,0.0001729704075645863,1024599.98187694
4699.978854752329,0.0001713283580416087,1523619.078573003
2714.452693199485,0.0001706853271904043,882168.3749946291
6307.004976246218,0.0001759204341315017,2008841.3913555
3769.755534113629,0.0001750547668254188,1204658.344398907
4387.628729606984,0.0001765040473848137,1394419.430495894
6492.867616675995,0.0001771313392072044,2058604.624368304
7091.602599227645,0.0001764397036389761,2254309.341921477
5045.854375333101,0.0001770232769345114,1600470.948394274
6410.579669762489,0.0001768641202658135,2034561.442253761
4758.962141622475,0.0001759542428804706,1515580.774370072
7005.592412296905,0.0001761724350975117,2229219.815222233
1955.801706220076,0.0001697402677485665,637971.92220851
2054.256160507206,0.0001687709303993416,672650.5500525262
1620.159409324493,0.0001708029066245364,526292.9786217677
2459.047798891597,0.0001731083148390662,791689.7427315218
2051.244607787798,0.0001708270484066047,666264.0202251654
1707.129599867384,0.000171889708009287,552204.4600911625
2338.658259206416,0.0001687658611169882,765791.187929939
2541.354857966399,0.0001676533319314523,835841.3492182761
3118.038523579164,0.0001670322961391169,1028050.6431578
7017.655608973286,0.0001703712873166596,2283465.467088946
3783.339881707095,0.0001686506809968143,1239414.651365724
5762.73283789341,0.0001704024369917049,1874899.320568174
4612.155897649699,0.000161642089230474,1554298.192422132
8724.336259429745,0.000159480626189236,2966609.897279089
4530.757341516245,0.0001619512123759519,1524923.300852633
6297.341636943532,0.0001636216844714025,2105054.521146534
4001.833051007904,0.00016325771180936,1339707.010302607
3375.052750328914,0.0001658661242086492,1118000.7646978
8130.731721182171,0.000168358225566759,2666695.358051835
6669.926591431498,0.0001699301635637683,2174072.739615729
7851.237376256574,0.0001685985689054608,2572579.781934323
11882.9488273093,0.0001570978372195959,4081414.998868986
14291.78320308765,0.0001548653372060739,4955836.134763036
12261.82424232972,0.000157892239139081,4197408.435431485
15850.4983507869,0.0001509377518161073,5591276.93471843
14951.0683262853,0.0001477192513580111,5350333.179809453
12813.80346333724,0.0001480106928579138,4579478.21591207
13204.02355921835,0.000156309797880553,4550392.122443123
15694.94177221027,0.0001538266514080888,5466868.800563978
13798.57436218184,0.0001538560920576298,4805712.144466856
18033.33067382961,0.0001502559964067741,6380500.364181164
16268.26338338465,0.0001482801526463601,5807009.172976791
17205.91090800644,0.0001515011276987406,6054343.991802542
15895.92759113918,0.000154913828273197,5510940.873002142
17934.89447117908,0.0001519158705514643,6299364.343176819
17109.76261202556,0.0001531576933877131,5977020.874732677
15414.2829206357,0.0001533889806579021,5379317.998667933
16429.10979529424,0.0001524814232845123,5756202.634846436
19245.18153811502,0.0001496813227039541,6826691.392762874
10371.73833442872,0.0001589752616915825,3534260.192795611
11371.03134273139,0.0001568539345800443,3909635.281020037
6000.856889725582,0.0001605354406573141,2031574.034005971
7957.160170082997,0.0001622334403537189,2675045.549578067
9503.072000112097,0.0001603210316686052,3220107.376710359
5344.657915932792,0.0001618783762000903,1799398.499206035
9361.278365780367,0.0001614542225900155,3157200.922411001
10673.01860194707,0.0001587475798411788,3640400.714949924
11032.24303763107,0.000159537763217566,3750491.234839234
12565.63607876373,0.0001557178896924033,4341356.710181012
15149.56199507626,0.000152372083992381,5310431.425011463
15039.55296975622,0.0001534852428228474,5246348.996046459
10940.75901864,0.0001605767987060467,3703328.653202198
10227.28312725423,0.0001633891936977717,3421984.666478239
10623.76069769603,0.0001614709876076516,3582739.884750966
8233.648055554891,0.0001688084950750833,2695645.431299039
8259.671286762567,0.0001703992098365408,2687309.657314602
6763.170860419033,0.0001703802444436266,2200581.890468331
9411.979427318936,0.0001632388754714845,3151122.158706647
10849.85050493056,0.0001650702601171379,3605602.646652293
9689.450023289672,0.0001647731015738904,3223850.662835287
4106.335306336496,0.0001681098339591072,1348111.033120908
7455.16237615172,0.0001698309726459137,2430967.628765462
7430.439990397897,0.0001682405014238906,2438152.288252265
4361.023291903609,0.0001744046971772041,1397063.955483881
5491.747054792529,0.0001720647195997624,1775208.239879439
5613.494104857284,0.0001732244593347565,1806454.918587954
4583.785316668464,0.0001724803778329763,1479327.98319757
4243.980007551728,0.0001746627602125165,1358229.36796482
5908.209812075371,0.0001740987656431164,1894925.389951548
17348.82461228354,0.0001499371559195829,6147009.402641075
15846.1332982709,0.0001530813734669015,5537431.983765405
18513.5778342577,0.0001506197831212819,6539868.426675605
27244.58538212685,0.0001375339386904683,10225242.49077039
20258.87127104546,0.00014504200128165,7338704.304330145
22494.09631351715,0.0001416920338335372,8276338.805177389
14900.15280849207,0.000153089954243192,5206664.492966213
14977.3095750114,0.0001536988242151328,5219794.952822996
16439.1708974825,0.0001505547416164604,5808762.47772958
11324.22639220402,0.0001575112180742163,3882703.403751193
10208.00139102077,0.0001597787786725807,3466793.623777431
13520.75002687414,0.0001550413138690796,4684923.354389642
12302.70867891261,0.0001576746831026334,4215276.775748539
13937.54503732879,0.0001554789116190729,4820276.555310953
13863.11817404534,0.0001548698435391716,4807098.475540463
13838.22976865614,0.000155230725992676,4791028.396047146
10484.10114809981,0.0001599701762584825,3557720.722319682
12509.15418046459,0.0001582686439274676,4275281.260859204
9787.336055240221,0.0001641754612254967,3264317.077191015
10018.98201420098,0.0001640652285095498,3343073.295924223
10725.27788758885,0.0001612530099728008,3620234.199492499
11692.9696269559,0.0001589076067387766,3985612.114899316
11365.17636720211,0.0001598015696893444,3859420.970373207
13288.05811569919,0.0001567118565686793,4571516.395575474
9145.252707027172,0.0001670618636135727,3014931.825239753
9464.719424488421,0.000165898743374667,3134818.106115224
8616.052053504533,0.0001675331020443749,2835140.335650716
9558.199891249185,0.0001658776392126537,3166048.364360668
10274.5834259659,0.0001627962756304577,3446153.193270956
9884.738390357781,0.0001647145349106365,3289606.089176646
5585.658531142372,0.0001700635366014299,1819701.884506552
8098.817996347996,0.0001681030595057405,2658915.653108345
7601.278266159499,0.0001685742797660227,2490916.041497949
5928.868959185593,0.0001705068684118246,1928163.834993648
5110.633132357351,0.0001706644870045212,1661036.846381357
7045.376141138515,0.0001691752327241571,2303277.840224396
6561.421602608497,0.0001737572738091329,2107184.751024078
6674.354929294844,0.0001732968249150127,2147248.101084513
5161.183922326052,0.0001721389063902328,1667874.27161112
8591.086224994142,0.0001716095462949884,2781978.584338662
8048.967453457269,0.0001710414788284552,2612196.69773049
7279.366198165238,0.0001732348594350372,2342448.450829934
8227.920426581186,0.0001694957303493956,2686483.893449494
8768.143825788382,0.0001709581356644109,2846521.595270477
7935.001916863786,0.0001715237244441512,2570381.403386928
7170.809060156856,0.0001713518432859322,2324389.856005508
5262.991794294684,0.0001728509848933053,1696099.999084479
6445.487532796507,0.0001735451894796986,2071638.878143741
9439.673764781228,0.0001656774729303438,3129305.841989768
9239.960004529676,0.0001649565742297817,3072017.406991205
7758.136041137241,0.000167402997544041,2554162.772273447
11128.30821576998,0.0001631210612338877,3727541.209600464
11755.38986515397,0.0001629698519029822,3940023.901398912
10557.33070073383,0.0001651794742092876,3506846.362103791
9023.85336683724,0.0001652735748800032,2996330.733946575
8581.243295101973,0.0001669455885286957,2830307.248385591
7560.221811638222,0.0001677200400372643,2485867.058453377
6550.345733694094,0.0001697358467287107,2136724.397784618
5286.610802526483,0.0001718986838127808,1709998.140439369
7198.374169604576,0.0001703995027651359,2342010.666274208
9753.412251429969,0.0001692553274136962,3187584.328139002
7685.982351997935,0.0001703136159215014,2501495.945174409
8748.257505433188,0.0001682606742786804,2870338.666223684
9409.052182242054,0.0001676081566306195,3095155.294855963
10219.59226167205,0.0001685789619467295,3348867.658272683
9190.051019931661,0.0001675843128559265,3023400.49923134
5660.597064406459,0.0001712695628202064,1835448.129611153
7240.696886411512,0.0001724274712467401,2337272.743555289
8946.291815782632,0.0001702798661090685,2912063.629035474
6382.725776113416,0.0001740147830855206,2047774.307116299
5101.821414297527,0.0001731220840172598,1642442.867060323
6316.313322162243,0.0001722377799451973,2040381.540592821
14322.76747617171,0.0001551700004776985,4960077.174120283
17703.71714306424,0.0001519279807109032,6217836.315407122
15097.56097150566,0.0001543896709923429,5245996.111847347
21089.79416016288,0.0001478507848569767,7542637.768663919
18136.63960366974,0.0001506506622267567,6405840.581561777
22541.80374758643,0.000146066337983334,8127467.414156782
29044.70633572588,0.0001401393812661422,10765317.90618519
23765.74949402378,0.0001452253022535462,8601812.843932118
25305.63974615372,0.000143437251179197,9235123.023938499
18466.75705713441,0.0001507393959664639,6519877.790671483
15897.01368382068,0.0001529519795114057,5558344.752024355
19784.13651103687,0.0001492482434288265,7031440.094305138
12747.67856685683,0.0001574470085276983,4371946.396457018
14815.93917814534,0.000154424928357141,5147356.493425405
13853.03676505589,0.0001553275145437013,4794162.216226269
17358.67009628117,0.0001500958669101319,6146161.394664197
21541.88599809098,0.0001466244281933662,7747224.994725476
17240.89904184689,0.000151214030814833,6074331.861786335
1378.648012282121,0.0001730506091650683,443954.0041684461
1765.082782632906,0.0001717394050958841,571283.6250825357
2175.235566458331,0.0001704573295799384,707558.7543338189
2026.193045995446,0.0001707388384285597,658353.6870971731
2413.915389191809,0.0001690434623012769,789568.4579891313
2464.10840945827,0.0001694540572984263,804683.6237788989
612.532034372357,0.0001790671538880795,192804.9527686445
533.8805009948345,0.0001789265423559934,168136.0652035595
778.7248887834616,0.0001768210488470336,247188.3966206618
1634.488019238389,0.0001705464230161256,531479.6799811383
2089.52723626672,0.0001686756631408897,684457.3931922462
2249.513318239211,0.0001688426250531415,736377.4911861864
1092.024950135498,0.0001779042095161005,345229.9071808037
2706.903377935269,0.0001775782494137698,856800.2288219116
1300.009098510022,0.0001762137844114217,413605.659756626
2069.882254030357,0.000168509708060107,678467.4606629334
2048.026898187307,0.0001686099081846027,671037.7124752946
1606.470456696393,0.0001705868800841659,522286.73081371
14046.18467724739,0.000156814947873563,4830218.038585078
12818.32648939014,0.0001570550101542657,4403487.815100793
13404.22567052766,0.0001546044875703298,4653292.298784773
12826.04619140773,0.0001536734107777483,4470543.371731789
14048.20469091907,0.0001559683065534325,4848379.303820662
13406.1989852529,0.000153759139057887,4671019.735022828
13509.145001117,0.0001580586140599416,4621139.549405417
10965.18001034475,0.0001579543712883019,3752563.063841356
12733.12426097548,0.0001599280597107584,4321672.624708927
4645.700333884669,0.0001626086132881948,1559392.694099018
9278.504750195167,0.0001615347862190018,3128243.999963909
4793.400021184078,0.0001628997690277277,1607052.363189706
5852.064781304594,0.0001616958046426349,1971711.141362834
10525.12754715111,0.0001592369736528393,3582598.095892226
10954.63879552112,0.0001606191084088428,3707375.609059171
2643.676455102262,0.0001662229516426842,874475.4935884218
3241.286695397737,0.0001637813480706133,1082782.31103995
3364.847942660841,0.0001640560945639661,1122803.774938822
2414.892748123167,0.0001678438256548908,793647.405398516
2308.043606695006,0.000168808910513273,755637.9570724946
3082.67314681287,0.0001670808408784547,1016193.418360828
322.6228358781636,0.0001862081442065236,98937.89280631978
301.6591659092888,0.0001877516489958854,92001.31167653955
321.9045799871192,0.0001872919507643106,98336.42457750978
460.3503456827057,0.0001863510571385392,141102.2372426619
390.0508906000608,0.0001851670541460751,120063.8122649858
519.5786498308198,0.0001834751725760991,160916.1971117717
409.7844610620616,0.0001874220316892857,125124.3185052426
321.9762469728919,0.0001877811644659462,98187.41247697157
343.6227141218529,0.0001862436154133449,105364.4896715138
848.251123514628,0.000182602803293806,263543.8078166393
566.4179971227851,0.0001857146065446282,174009.5172961017
631.9205098206633,0.0001828312037110849,196168.3347843408
1161.215657341315,0.0001794478296874292,364995.4155246153
1000.327695889247,0.0001829088429655786,310445.8258615303
1054.830361926876,0.000181365583651,329214.8145077647
2100.144871834255,0.0001754493850411423,670112.9651829874
2980.034062202649,0.0001751389769151245,951990.6636601021
1833.297371821786,0.0001770833562465573,581363.4879963917
2144.097599441336,0.0001781797120044411,677130.5093253858
1902.558714224545,0.0001781313584134586,600958.4992816611
1371.392841228888,0.0001809044968120432,428741.611978564
874.4675837794697,0.0001870192382915134,267394.7395063306
609.8593898473579,0.0001871420910691098,186401.2110733205
850.9093230200929,0.00018557756309795,261536.8991809256
894.856503178966,0.0001953532685758655,265790.5957159093
1637.267838866461,0.0001945566502695837,487628.42170076
910.5996953792389,0.0001965706884351898,269348.7689221153
1257.11616876088,0.0001908950233372099,379180.2203541343
990.9009717071199,0.0001912150853738934,298548.9076354943
545.4018018813049,0.0001922111772620707,163756.0959606719
497.4901316219656,0.0001911030658321838,149947.5476580168
1099.738862039907,0.0001908634291965843,331747.5752376661
443.5369072371709,0.0001921842736590605,133183.7378544975
1100.010133302738,0.000188535370421053,334555.4637205905
1151.361619121309,0.0001902993366321954,348006.133629039
1437.090343397467,0.0001899761552981306,434861.8825575592
1508.077266098923,0.0001832772218937042,467395.5762676151
1236.557098462524,0.0001821771986488649,384785.024904084
1743.122810623752,0.000179408401458206,547981.8005762809
2016.713377573518,0.0001848696529413892,621441.7523507173
1870.912180756949,0.000184488833223746,577306.808885736
2927.671693052288,0.0001827867728427891,908990.1910993691
1256.625202309481,0.0001865988260363104,384827.8497092885
1128.238433953422,0.0001839773382201525,348785.1633566286
1388.197117696947,0.0001850739005161242,427452.3276544792
447.7361202415929,0.0001827474191108961,139034.0893994262
373.9923053379578,0.0001842804761707505,115489.6636277107
357.78930122853,0.000184076460255743,110567.7606209521
5650.500715474873,0.0001789286557702206,1779509.597965767
4087.092742050469,0.0001799182576069822,1282422.123397384
4375.083603160138,0.0001790264237498864,1377341.391057738
1887.728991767447,0.0001767730948115406,599324.7352989618
4906.8931963023,0.0001781423189723579,1549869.758369513
3723.90685617991,0.0001782401859140929,1175786.290425519
934.7753129428352,0.0001782105489272612,295178.6637328658
1127.564165070231,0.0001767902014858171,357961.0758331734
2616.83821452948,0.0001782572598622085,826187.6949555845
7673.611341965516,0.0001725529077334311,2475815.500313628
8493.261198316042,0.0001719873987526724,2746271.026562628
7189.340745014449,0.0001736126691534246,2310121.339195041
5457.492268869807,0.0001790049644693129,1718237.047069004
3470.825492091916,0.0001799720458098997,1088836.680581451
3871.980437519844,0.0001801226065648226,1214006.482453967
2187.69388930161,0.0001810838514520887,683491.9519184125
740.8745345684836,0.0001820751892152698,230627.3563557919
801.3030146287324,0.0001817077304063379,249774.3518514163
3163.249252027544,0.000179564307066018,993848.2364146071
2919.103674561774,0.000180456081997022,914117.1081085498
1264.743766870495,0.0001810800844904296,395144.0275034232
6133.23919216409,0.0001788533306175738,1932080.486161877
6197.651415974439,0.0001787252363574316,1953304.238794534
4499.130942044514,0.0001798429879845917,1412102.732231767
3742.961341935762,0.0001784212287140114,1181002.973546836
3440.096860051283,0.0001795467534503705,1080900.289237397
5418.942755822684,0.000178579610285162,1708808.18677946
407.0778304422025,0.0001839931067170517,125837.40378613
426.9526573470133,0.000185301029602139,131359.4029955256
384.7339620193118,0.0001849898095645268,118502.8116462685
1761.631369933355,0.000181121662129041,550302.4402707299
658.4839754539041,0.0001826119356055089,204578.0827001203
662.0092455720892,0.0001822635406248718,205935.326722301
414.356190049972,0.0001840982426001845,128038.5466766508
434.6436441444588,0.0001850781813655132,133832.991109949
414.5884832029422,0.0001837702093995236,128262.7341923226
474.0800529357615,0.0001882801865932804,144316.2612631003
731.6078823469094,0.0001862875511625124,224296.4948395005
563.9120147676322,0.0001870817603543327,172394.6229754768
486.0291741465641,0.0001865228358880705,148881.5902228015
702.5101347074173,0.0001859800308996611,215613.0535872786
430.8707132566306,0.0001873004242379868,131619.7722340461
486.0395727639211,0.0001830172906416186,150779.934118798
546.7307321519982,0.0001837401129910124,169162.5281892733
730.616823510499,0.000184556674601408,225390.9620878469
419.6522049482086,0.0001877849209739089,127972.2185007842
688.1648690042714,0.0001864655971914684,210843.4046033416
439.238818080109,0.0001884609086633615,133624.6335145766
5710341.834401857,0.0001257415102199563,2275148030.028047
4006499.861546405,0.0001337623421687266,1531825244.122259
3854160.983672778,0.0001325530400745613,1482529653.631744
4563942.525071435,0.0001133284856282692,1948860603.108519
6277293.298125399,0.0001037671579899027,2842709446.917932
5956891.977509595,0.0001082426200863705,2622733683.701446
4422933.586488485,0.0001131189230209418,1890979890.553294
5325150.949891457,0.0001073830575018154,2357082297.18515
6111729.847638881,0.0001035507366378474,2771588096.060166
1895457.727535646,0.0001256351426164616,755625626.9031221
3063551.069707038,0.000120728697737859,1254155673.35603
2686909.350894609,0.000123355689815287,1084293590.550801
3638669.128719415,0.0001141604940739955,1546198827.762235
4693563.791592755,0.0001100347153647672,2044009493.746005
3849097.681847796,0.0001157710263066352,1620412844.923643
4025715.087441005,0.0001106899143612538,1746241617.136732
5557651.979330633,0.0001018820854336555,2547765566.4183
5131821.107970051,0.0001065621107688064,2283159747.555914
24894922.12685298,3.705416353754595e-05,22398525495.76829
23521111.58300493,3.623734044393462e-05,21479308620.05667
24381874.34651568,3.271203906074147e-05,23837571645.33688
25665513.96224491,5.445903606068635e-05,17863641687.10945
24657075.40545203,5.535946759569205e-05,16975150242.99131
24280527.58193606,4.886589307185665e-05,18165787331.67605
16745739.9420376,3.961516749265244e-05,14409978896.20198
17158554.94013734,3.860570651282644e-05,15021490925.87268
17605268.48251376,3.489333931328772e-05,16487227478.42751
15425637.33698167,3.164759869959544e-05,15417570442.67723
15260795.91743471,3.500863068984922e-05,14260248764.87963
16939689.72253864,3.25798007861921e-05,16606311048.49472
15688753.90902401,5.023353172553083e-05,11523718537.55764
16090342.05944977,4.930631621951712e-05,11966401553.95648
16152051.82742791,4.482279778145242e-05,12800542976.18016
15585378.6251335,5.110352686493214e-05,11317489708.44948
15452175.81868271,5.102266347540794e-05,11232615435.76528
15464699.79953565,4.697969171142785e-05,11877764735.0307
21206240.16139041,4.775355503599147e-05,16111149832.56107
16944391.58397492,5.028646126272195e-05,12437275739.66268
16818551.22836598,4.616235572195335e-05,13069629416.33293
16910659.71406938,6.027008085433393e-05,11000844717.77149
15456918.41968028,6.181937213663879e-05,9886438175.209028
15871463.8466487,5.592091093371361e-05,10853442071.81431
14470843.66850202,6.600671151367453e-05,8860028538.230736
13382794.11378156,7.189706624306505e-05,7739971301.643554
14444141.80782104,6.523337505860688e-05,8913436558.163507
11187216.42947355,0.0001353047456145457,4244696931.455213
13762229.86198347,0.0001290656407690804,5388671542.903331
13769866.92655232,0.000132313016713194,5303078170.844604
7098528.62716469,9.688339107390757e-05,3365132098.644909
4780471.373091927,8.950138683461543e-05,2389191046.960986
4066218.230086848,9.599215731864245e-05,1939546435.627904
3101979.663861761,9.39018628906083e-05,1501491256.388452
3729479.700635766,8.740791468416704e-05,1893568737.295563
2700550.307656371,8.850694123490696e-05,1359776038.897759
14442174.07893484,0.0001095649032011829,6307417845.976762
14207669.42312526,0.0001064218947484691,6326577789.474905
11139852.51233863,0.0001029744673381524,5070604508.219786
14057082.47003918,0.0001128435268704746,6019735720.218327
14615107.7472377,0.0001121050974903214,6286155419.257197
12048503.58585127,0.0001093003462821873,5270503256.398973
14589028.09656624,0.000116957763320456,6100147334.276288
15130430.78782848,0.0001099183196180805,6593832431.930882
15372400.29410922,0.0001130586972924995,6574645892.012296
9656094.343255017,9.179120863149624e-05,4745341165.625759
6047485.98956191,8.844998179012451e-05,3046325966.253599
8626210.860615339,9.58371013406673e-05,4119055308.180196
10255557.09448768,6.61579033035209e-05,6269574991.829921
12767760.26785819,6.006836192362981e-05,8324360128.661095
11167552.6393993,5.961441338730218e-05,7317967757.891252
9806658.212551121,8.15512594230948e-05,5214755182.128166
8635395.268764772,7.497600830805013e-05,4856618740.212576
6072788.556370045,8.223187240620224e-05,3211402249.436878
11603842.22912841,8.039291714993881e-05,6229549246.794351
12700914.68198011,7.759405600143986e-05,6981509972.690923
10326499.72413578,7.381149794634507e-05,5868635346.772433
8315781.918212391,6.799899961518228e-05,4991542145.772336
9138944.450011214,6.145688376188509e-05,5868345576.93149
5282273.843710599,6.74352784203785e-05,3188326647.023827
22378798.6535123,4.656135365151021e-05,17290983790.25014
16751985.16880862,5.574529009091731e-05,11479619499.72034
19467405.82674697,5.762310354769913e-05,13048992620.59007
20222218.31678875,4.300049346688705e-05,16475799630.54752
17663259.45077415,4.341278764118439e-05,14299660686.81646
16034359.00857325,5.219667277580706e-05,11480383338.62507
22928840.25408119,4.287143374580454e-05,18718458605.18953
21560437.1921106,4.286531807969934e-05,17603007034.58875
17228329.33591659,5.205845812209018e-05,12357073536.68019
25718897.32979122,3.749762820663363e-05,22957071083.17483
27905817.4248673,3.055105985055743e-05,28554675415.06779
24268383.84533333,3.748727577032491e-05,21666309102.83339
26076865.77423517,4.024885600274545e-05,22203410976.889
27224629.81285955,3.779883231871201e-05,24171840912.29977
26576966.68519923,4.713336913118008e-05,20368220550.49534
26329281.8853055,5.256845227707004e-05,18762421449.00785
25856434.40396842,4.394143856032745e-05,20764387343.10656
26354427.17726991,5.08232396973392e-05,19207846843.3037
22927474.05293336,3.535042832952289e-05,21285952583.35835
22488896.44499652,3.499739518759363e-05,21018949025.07715
23785835.86564627,3.033857473561253e-05,24452408067.65731
23849922.23558592,4.254523256301821e-05,19569799042.69312
23389955.13112498,3.869562492586955e-05,20445048517.18822
24759984.48591562,3.951240393431992e-05,21343291682.40018
23659283.49058184,4.398362223264123e-05,18987783001.17728
23987577.8932703,4.528307054549448e-05,18881180883.73312
23201167.36174283,4.013552942823985e-05,19792037544.37669
25736137.76158478,3.650968503648937e-05,23385032708.83244
25214449.13498108,3.216614107864429e-05,24929687978.49063
26876459.64203735,3.405749935972719e-05,25579784911.62678
25849034.07799521,5.128896338468442e-05,18725282197.94862
24459036.33151386,4.569326712146371e-05,19136882970.45152
25380538.45422861,4.266137152589472e-05,20787916123.52053
24402058.68704448,6.403494007963926e-05,15245738357.99617
25958384.08078321,5.759151638998113e-05,17406253793.80679
25983351.67746859,5.58470432745019e-05,17783956252.6746
23477636.82217324,6.701905972650546e-05,14229473348.83056
22273695.95609233,6.780159761030939e-05,13395707898.14196
25004658.52959347,6.058002179897292e-05,16210682925.17007
23357098.2272389,3.429456808148964e-05,22127651799.88635
24223391.32686007,2.928123955082017e-05,25498148151.4271
24214881.69183256,3.076874126359158e-05,24660915683.18823
23683776.98376358,4.388737616435175e-05,19035219314.41736
22464067.26544528,3.838447800548458e-05,19741703800.32502
22902403.86700967,3.873462420520151e-05,20005442912.80852
21817589.66159775,4.508773491413546e-05,17222696852.71284
17363469.10601411,4.349456808978557e-05,14039333271.60139
19184262.08454258,3.961831027366263e-05,16507493424.92507
24425538.54403106,2.52005793248735e-05,28416492089.77987
24205051.66022881,2.205988395596319e-05,30773049223.48423
24367895.1022207,2.25961409749032e-05,30487969367.12366
28687457.86610993,2.410420005681242e-05,34379291015.63361
26967416.03297854,2.289037751674657e-05,33450609210.08873
26749766.84527056,1.983973216669898e-05,36500274538.56166
25793694.39676278,2.433423111057645e-05,30716269150.71751
24808974.96827156,2.762791951382045e-05,27146261779.96721
24759483.86575985,2.353593247980506e-05,30147685832.1139
26365043.06221149,2.632821144727534e-05,29790714093.94033
27036398.90594175,3.151199898094989e-05,27099724538.18023
25369371.70647974,2.962099093641646e-05,26499844337.32299
25840761.3328734,1.917059959202866e-05,36075706140.16973
26054688.05836277,2.221969380490929e-05,32965563057.43693
25015204.97164965,2.142177661774155e-05,32431502921.27136
28995224.33166721,2.685042186676828e-05,32336454280.75868
27948495.25157782,3.08203355906744e-05,28431527185.60765
27265838.35722054,2.563535637578778e-05,31361195963.1489
26599302.48439503,3.650879853277773e-05,24169734933.33778
27779002.07569807,3.353693381831629e-05,26711671860.90208
28822581.61186755,2.956723877872699e-05,30143408922.56296
26050232.09408394,4.094550805707203e-05,21928424042.59176
26570243.42894581,4.730960941050818e-05,20312464764.58375
27217825.1238961,3.797148691258997e-05,24092489782.46492
18350326.26921846,3.245840832767394e-05,18034010193.97535
8937749.261227243,4.399227306229051e-05,7172059743.485736
15659385.37522738,3.966128792426244e-05,13464704814.33703
10726718.14534042,5.317355940391455e-05,7585828980.611286
13727423.8902482,4.484122499914899e-05,10876038398.93622
7493723.254157769,4.917794527254377e-05,5582782787.827136
24217422.36839181,2.844439377588356e-05,25989432397.70249
23899681.96206397,3.522328606801666e-05,22241916625.58648
27510346.64674111,2.828873359879801e-05,29631506056.01319
20368220.55530643,1.267746274980161e-05,37462624014.86021
21816509.3015308,1.15925973227478e-05,42592333056.31611
21820797.79616393,1.399197428465138e-05,37579525547.47891
19916881.07694556,1.166066030779248e-05,38732235841.41958
19982159.49269643,9.92522410674883e-06,43266211933.24547
21349310.69018571,1.05761711935593e-05,44309638762.10806
24438676.45297247,2.413838065606942e-05,29259861129.77594
24487846.04381057,2.822955533844176e-05,26412807201.11705
24496403.50302622,2.67424513471391e-05,27392700607.47122
24148884.48089817,1.466732786376339e-05,40302291572.98091
24463577.88542976,1.25149075083292e-05,45383871921.70836
25906507.89327474,1.295565546599499e-05,46964454480.17883
24516370.86254758,2.016455647681604e-05,33092562644.5381
24048253.19518968,1.718877440482983e-05,36106627705.79098
25333721.61786104,1.791323988225372e-05,37004076160.45334
24469176.67589354,1.5626252797093e-05,39148590112.49054
26238213.54646868,1.391455561325485e-05,45354602855.33734
25765700.44424923,1.635064754996868e-05,39996192373.16923
23605014.90099759,1.48644592571248e-05,39045549180.68275
23894800.56078298,1.29921993134253e-05,43236277313.24547
23583798.88705688,1.514455680059594e-05,38527963201.56743
23708883.56402383,1.400953487215163e-05,40797037348.43932
24000455.13438511,1.172551773721137e-05,46501267660.07512
23999304.15021042,1.213736287252102e-05,45441126817.92188
21361436.80016657,1.962115835583036e-05,29363919989.34999
23036608.47170349,1.713113748090117e-05,34665255661.75223
23313833.18186508,1.985088898188558e-05,31799994456.03015
21882613.76273086,2.5844741482455e-05,25033278635.04753
21080983.05199058,2.179981989780138e-05,27014001647.62202
23020801.71995023,2.202882707885983e-05,29294956785.64228
17712232.73967798,1.945652181014371e-05,24484796946.45213
20852488.02661572,1.69295014133955e-05,31627274541.35727
19813489.95551478,1.950225597810433e-05,27346667533.03464
23296420.77879585,1.058436739601062e-05,48325823607.86236
22595716.64178589,1.240836441672092e-05,42158300339.45637
23562219.72575545,1.203476399569065e-05,44866736682.02127
27985430.2281007,6.638962268574825e-06,79225536266.84047
24643125.67821108,8.684898539430869e-06,58324715061.5518
25052037.71815815,8.304052856626969e-06,61091809238.89204
23306401.95453832,1.070680982548277e-05,47977230332.02779
22532960.32570749,1.207860555744229e-05,42802951724.7061
23232698.16836416,1.02549031273896e-05,49220415492.41647
18184166.34293227,3.071379898534289e-05,18541194246.01987
18000675.07480614,3.08490265462788e-05,18300423909.83387
18782310.44316037,2.647394078055827e-05,21144785593.80167
19898579.83280803,3.515223807900447e-05,18543288753.93771
21317732.86505982,3.113324924536431e-05,21540612593.1177
21388383.67430523,3.51177573720686e-05,19944666714.00583
15895081.2523568,4.121515404274649e-05,13321653521.11592
15064430.51745277,3.892224995116881e-05,13116584470.6302
15448027.66988222,4.258231624491892e-05,12668353825.86761
16684441.68370558,3.097198661456613e-05,16917348777.06235
20089116.87397843,3.00961979915435e-05,20762823965.87299
18712180.79900042,3.41159128840998e-05,17789063027.5944
8749199.862444581,6.562728235333195e-05,5377479010.121477
7776648.260631223,7.208379402297196e-05,4489872738.642307
7626458.657811256,7.178475415227161e-05,4415380230.246383
11382532.94401883,5.258202347054191e-05,8109872992.026684
10089445.05789869,5.853193652349547e-05,6692761532.714982
10685627.76663934,5.580276123831713e-05,7317503103.478328
11525492.15138968,5.296351101297902e-05,8172249824.210321
11245090.94290579,5.732794480341027e-05,7563428812.167679
10224065.34949162,5.891188276527042e-05,6752869365.077575
14049741.08128113,4.322791275812208e-05,11406668228.50704
15579637.66010332,3.806990288866408e-05,13766900501.66427
14525974.44388918,4.20671715134039e-05,12009264247.06405
7452782.932284034,8.360235640926254e-05,3897978684.110381
7090605.98540684,8.819350737247012e-05,3578702609.538532
5182452.121943358,9.45962391820084e-05,2496238352.295547
10251403.89922997,6.429017438106729e-05,6387833813.548371
8748622.398769848,7.436889969838039e-05,4947040147.48807
8275288.513457819,7.233038599802877e-05,4766899058.829543
10720942.49437756,7.243548233005324e-05,6169719157.821988
8481290.027605357,8.265621140155611e-05,4469698726.884079
8876972.287078574,7.806085902168375e-05,4860071366.709102
26787102.46446171,8.102932051381321e-06,66399418226.32763
30269990.03021747,8.032267593283187e-06,75472169152.79604
31411728.71356719,6.278000658704423e-06,92301962165.40935
30354718.01953683,2.28655883201667e-05,37679455318.4427
21184170.03633117,2.852854192859122e-05,22689507534.48587
23760949.13044865,3.061114841504219e-05,24281603839.30379
24836485.8867748,1.82955322970574e-05,35770645821.20062
20003026.41386127,2.316494265457278e-05,24615475082.77213
21753718.76786179,2.075853695305369e-05,28800653929.00278
30131852.66659765,1.093966652314294e-05,61144366006.00948
28087805.55218306,1.43957962080544e-05,47463600865.59595
27333758.686817,1.349458820713327e-05,48223596674.776
22447721.50990538,1.39537500749099e-05,38729774860.49846
20870261.34238526,1.599540152932618e-05,32874901207.23932
19631824.45563276,1.656763400767161e-05,30207886021.09378
14698065.82110865,3.237415668970116e-05,14469756129.87133
15783443.33262135,3.465536419459094e-05,14848688976.72568
14856819.69398475,3.58578453739116e-05,13662695602.6403
15774942.57392358,2.493472853835162e-05,18482669199.41688
15097741.17962951,2.846583069180386e-05,16194320671.5325
16928305.36839598,2.603429407751112e-05,19271533774.61588
23738389.35186284,1.873117621267907e-05,33656933845.15219
17795103.95337014,2.2501121874209e-05,22327036449.86659
19018829.85322366,2.360055234103668e-05,23115449780.0545
18610147.07885796,1.972557182306849e-05,25491579011.55363
20912116.63736138,2.31298797245824e-05,25760190847.61983
17215499.38545679,2.26050180006579e-05,21533587383.88483
20312440.17672987,2.720344757502267e-05,22456710204.08809
17106145.92230862,3.249330504392713e-05,16799237911.1205
15975410.57926418,3.020925206447901e-05,16469941124.65458
23810414.522342,1.740483367876179e-05,35453058277.16476
19277383.13405837,1.829465680771938e-05,27765056891.85595
17857471.6794576,2.117483451623727e-05,23331354550.78054
21341193.81938591,1.857645680149424e-05,30425901531.31472
21938857.06067747,2.086910846495574e-05,28943079292.02373
22477698.91104089,2.255153822871731e-05,28160113617.6969
60847873.38253011,1.211037752091764e-05,115382589949.349
65701802.67499609,1.060714405483027e-05,136095878781.8928
65908355.05232453,9.038637429242504e-06,151893257288.8556
43396632.07083066,2.306210821229874e-05,53561988139.30939
51056024.08463459,1.658931477476541e-05,78492475579.21722
40458181.33393151,1.897286527377531e-05,56874519604.3697
62069914.80401454,1.7232344862214e-05,93036114472.36452
64732924.55348439,1.263956485926931e-05,119299094270.8397
59915606.83192179,1.416057462430032e-05,102365287593.1774
63060558.17468576,1.571829999743586e-05,100497230800.2497
64857243.24362346,1.272825213042177e-05,118972331358.5397
59544466.65234278,1.605344869252701e-05,93568395004.32948
31795687.25009663,1.807345568697891e-05,46167966988.00191
26891129.23007813,1.589396476969302e-05,42539026061.59007
24381428.70257019,1.92587110714389e-05,33934464924.39963
61234194.36951238,9.021188399589241e-06,141303040381.3
48066388.91368002,1.05574645553618e-05,99877671315.27797
56360103.88316921,1.210235453634595e-05,106919898389.414
59676590.38928215,7.702221852828512e-06,153012408999.5803
50504819.9299049,6.801921333455592e-06,140684123916.1885
46687527.47633183,9.230183435532295e-06,106102916093.7513
32336491.83743229,1.006007936814299e-05,69389213313.52184
29435391.91713485,1.261180669967402e-05,54327320487.39845
37074354.74425478,1.08682368884188e-05,75561552172.03938
40491824.37712365,5.497007199454501e-06,130001932245.8287
35873511.82047909,7.669944350555169e-06,92238539665.4686
44430891.62433787,6.046669009220789e-06,133867215853.1106
30627121.89354679,9.859035703198786e-06,66611604390.56303
28904547.33767764,1.348711054392903e-05,51013708284.74422
30977581.94501229,1.00308144916546e-05,66602426000.89328
34204886.61470769,5.584899322094816e-06,108662057165.4429
33013006.80380937,7.338778453918829e-06,87418341588.73495
37836479.38805277,5.335348482105753e-06,123918322412.6771
45312109.04880239,2.060428472756524e-06,279839649633.5291
37148140.90290036,4.26295186492752e-06,141296085948.0008
40928895.69998492,4.018020447174876e-06,161940421554.7039
29667575.37325181,5.905082141398521e-06,90809529522.74886
26644905.00589358,7.571069242626486e-06,69104982949.84242
31257729.28301638,5.746178107948526e-06,97432692312.87386
25711504.53686604,1.234233483746358e-05,48142570428.09592
27588967.07515065,1.406645199613638e-05,47345538654.83578
29272457.81477134,1.043734798342929e-05,61291334872.44606
55545488.31414482,1.68224955523574e-05,84603534625.68719
47543048.79664622,2.329508671477751e-05,58287774540.95414
57620450.51817358,1.990516946024336e-05,78451164910.91809
30134023.27299683,1.418974922234094e-05,51413121513.29742
35313867.88191969,1.636960947982452e-05,54775507327.23793
37857914.96557537,1.244394790035516e-05,70499261658.55344
22910524.32313756,2.187088999972419e-05,29294812605.49424
20982077.89220181,2.63430260720919e-05,23699438347.83092
30112710.93398411,2.068226199690426e-05,39965430758.2068
20150692.79780051,2.30701560853052e-05,24865066606.6558
18467117.38793984,2.547718551562623e-05,21328720847.65907
18344758.62314095,2.754403172859372e-05,20113778433.7498
15758903.3498998,4.102918616808889e-05,13247402248.10904
15595207.33081623,4.571998714098398e-05,12197020483.11293
19676834.90262842,3.768178999621053e-05,17506563032.30749
82382791.75137514,1.838578455424967e-06,548927591118.2296
78326111.45433344,1.147945783218735e-06,714428846180.6036
68576115.02321643,1.353261730346276e-06,560512124003.139
38348903.26174941,2.196993339830757e-06,226917045944.7149
32980406.34963648,4.19599218246144e-06,126774786743.7156
36486341.63718286,2.574614128030189e-06,194232643784.2113
34395047.36019598,3.167271617652403e-06,159479808599.1735
31571618.14512997,4.643463714521018e-06,113431968953.5664
37610225.08392487,2.404743120104317e-06,209536718662.6967
62210625.19465464,1.097164136727783e-06,584812747141.1394
71512487.01955591,8.857887748546206e-07,775345195970.3623
56275547.03367618,8.024390246091132e-07,651695963533.1718
45404580.63575178,3.374322780985805e-06,201825135544.7168
55619047.46404175,1.711271786357321e-06,388756401411.0073
50015299.54493231,1.430610730455756e-06,393932569385.848
84350690.92032784,2.606044226031129e-06,445417685093.2676
76024977.39811589,3.71072808563699e-06,317188095155.311
80118184.07655355,2.654365628468323e-06,417917541601.4651
56777719.49521265,4.329132632929921e-06,213752244541.1969
76522613.08937697,2.573751375873491e-06,407454136057.0741
63238971.31247356,2.134639814188372e-06,381447752055.8713
57792894.32834619,5.373166043352214e-06,188388449005.1676
67577474.43243025,6.279429855102063e-06,198543259708.1478
77700435.90056923,3.573288918401651e-06,332438540419.6245
3119100.971466408,6.663756721626337e-05,1897652461.921832
3814780.400098549,5.666484058808031e-05,2585793037.421793
1670612.044033275,6.881052431743154e-05,994883809.5799907
43337.83108350929,0.0001299605946164351,16891156.25065941
43883.73292270039,0.0001207293453266977,17965045.97089288
36599.38763832136,0.0001325468425626371,14078646.18187832
287560.7744701481,0.000121320937776275,117338123.5698905
299803.3146760518,0.0001252195913296264,119781084.8436999
187876.5949071394,0.0001277169651589511,74081020.03624636
5215114.797311857,8.345572776547431e-05,2730820201.583925
4308462.563773321,8.75019305645322e-05,2185968504.702428
7836411.734566592,7.274090136419112e-05,4497088773.899596
6999163.913831527,7.500178341882844e-05,3935486595.65714
5724356.904326209,8.097177121567664e-05,3058470368.442266
7694802.714923893,7.282167408212399e-05,4412557561.774802
2507234.527907767,9.803514065212666e-05,1179253324.135075
3138921.175035947,9.382947886608681e-05,1520153837.887482
3919129.048743417,8.977928093569887e-05,1954664155.555523
5116105.460649079,8.966940425895328e-05,2553739723.079456
6978605.403923581,7.86765927434487e-05,3800770208.777349
7413813.683641645,8.071045646695571e-05,3969676642.336776
8188217.228521298,7.124149519766653e-05,4764682927.711967
6150986.298378649,7.939154332197489e-05,3329880104.890676
8974906.217262829,6.868121414498137e-05,5351447589.980392
3580473.08658319,7.731240510549729e-05,1972911590.997829
2834552.059311244,8.395123808676876e-05,1478426371.638637
813361.0455891712,9.343347199633011e-05,395016324.5759401
353140.5935870211,0.0001019015853671199,161867757.040258
2623994.011145579,8.179554832518888e-05,1392546568.484153
396303.2349442951,9.792129086962744e-05,186541814.7334657
29895305.05089511,4.028284318670926e-05,25440340056.92941
36320101.1900795,3.210547404725142e-05,35955140648.91667
27388315.8281849,4.053268878626092e-05,23211064113.25435
17034982.04858702,4.619437997987452e-05,13231698162.22842
21928840.75631066,4.292652986134615e-05,17886765740.34404
21290165.45075026,3.815601188569823e-05,18784676467.64584
9784251.013726832,6.528792102164628e-05,6034468523.264323
10642519.17255286,6.272896680228705e-05,6741124555.071771
12574177.87756294,5.557953691874441e-05,8633819872.385063
10871078.48413313,5.720057106557728e-05,7322719322.343547
9838823.235835882,6.39050649982951e-05,6155353095.5316
12636033.11064085,5.419816818517763e-05,8823096238.842199
6180165.479324457,7.882552728984779e-05,3361673372.421137
4560586.545487178,8.811932463089758e-05,2303067119.613458
4986125.511863085,8.479671719326749e-05,2583313896.754523
6375577.094221228,7.411037306302052e-05,3613545287.837137
7472522.596668145,6.746204241048083e-05,4509145474.727881
18210499.3806429,5.40583757706224e-05,12737372807.34163
13371911.21743879,4.471289761224774e-05,10614631971.71905
12698783.06094087,4.680829107777376e-05,9777179312.097187
13966553.76296392,4.075730202303222e-05,11792855372.24951
15625525.34819322,3.713624309193272e-05,14037916357.53268
14093319.21203747,4.229646605868756e-05,11609421167.6942
14703619.22057892,3.833799211742225e-05,12932168007.87419
13934429.64596095,4.644626111163878e-05,10784218807.46824
13968403.40978183,5.083449804759733e-05,10179061601.96505
12715763.72323334,5.235437292236233e-05,9086022502.760593
8445134.066450223,6.950002134099888e-05,4995932819.339183
9457418.927254947,6.304591274317418e-05,5970371231.976783
10440346.65615229,6.145905632959998e-05,6703850601.374833
11508880.85021905,5.232846480342356e-05,8226361016.551828
13474287.23704,4.463602641964514e-05,10708174763.61144
12231717.67512774,4.91082678272984e-05,9121180243.830862
6161.06077591923,0.0001605759508482398,2085459.809696217
12018.55705499139,0.0001576952941750799,4117559.090838353
10812.61511864125,0.000158417954188289,3693128.996522705
18500.51885837544,0.0001445819600217011,6715955.914815189
16578.73324370113,0.0001465502282188281,5964311.869213405
18360.13197360526,0.0001485264358937826,6546461.611365434
28013.00733914122,0.0001399193976905013,10393802.26490209
21568.0456714505,0.0001425490280612872,7903775.951876412
22833.39554284876,0.0001450016095307251,8272852.566852413
41227.44654848595,0.0001371124785500242,15504881.43623468
86321.66030129918,0.0001337786750918435,33001108.24267216
33319.09763618735,0.0001397447728429582,12372843.4059365
296353.8232195043,0.0001299592858493531,115506295.8984909
106504.6358710462,0.0001342674830133496,40618256.71709383
278521.1179558438,0.0001282577657792064,109513842.2206739
142910.858035241,0.0001384223917525724,53406525.82803883
387677.0498972772,0.0001348128984928553,147451477.2262203
207776.2326927165,0.000139233591558205,77345167.3683136
1041750.145681523,0.0001182205659316373,432482176.3678988
515468.9719328088,0.0001259503514452903,205149095.3070633
491862.0651088575,0.0001242446618773455,197541419.3363749
1172306.511939168,0.0001307881647185096,454983395.01513
934966.7210395792,0.0001355731099136633,354280389.9409706
907098.1979187585,0.0001342267266437945,346015035.9516158
168738.6664757281,0.0001364429453502682,63666927.05398334
344328.5788580436,0.000131311907314137,133281640.7491699
429522.6454121324,0.0001328316765433967,164987723.3007056
65047244.96863726,1.06777641949795e-05,134145267711.5329
59241853.49199198,1.509118360404791e-05,97009240068.21907
64837443.28600501,1.085178805811216e-05,132279236339.2052
78689672.12630239,6.111635042516422e-06,235403434139.542
78462213.57955244,6.508953287984352e-06,225071127437.8103
71326132.88639078,8.236622376831416e-06,174883663110.6163
73677511.21589273,9.69468338577753e-06,162048815317.2319
66528100.5771674,1.386023886068146e-05,115298762942.5339
68283546.75673725,1.015859703339348e-05,145577273789.553
90206935.78025502,3.49537465993409e-06,391661402713.4966
94022693.4978205,4.153609458146652e-06,363872232424.545
85542124.92507756,4.705842503200214e-06,304617681929.4845
45535570.24029601,2.244665912656959e-07,1232867219356.804
31451941.14058659,7.665593219978202e-08,1742944699683.375
39963041.45977475,1.012261283738028e-07,1839910858776.426
82935438.78991456,2.231520045650287e-06,485668144369.4633
63755671.21911909,9.475014925717433e-07,660894626068.6836
81116968.56444792,1.578706506495284e-06,598288671491.9689
49922882.02448843,4.79663939771073e-07,814719795908.6368
68421177.94337776,1.760730610733124e-06,469240263879.0122
63617825.36094693,6.500373959139282e-07,847786685550.8466
81367410.37387519,5.314039162331099e-06,267198486469.6609
78891018.22556539,3.75318593872374e-06,326658658626.4571
82320470.22609678,5.98577473411392e-06,249705205880.8879
64438472.03861893,1.793516211237867e-05,94046296133.99164
77558187.25944182,8.613421964742628e-06,184576823468.282
78488736.64847985,9.343813744660924e-06,176925822617.3889
76869792.2356346,9.259232546416121e-06,174330100103.2486
80134187.05241548,3.593872748052222e-06,341540889449.9198
80518786.64616314,5.835971229040397e-06,248402022181.24
32866323.87475537,1.979014214412848e-08,4492125230143.589
24816724.36250896,1.005004178827486e-08,5328838340157.884
21184525.16784384,1.061135433911462e-08,4387039278927.307
45406938.70843377,2.137511017922426e-07,1270135287132.974
39482140.25176761,6.14102106171587e-08,2536531708375.514
31345052.0573963,6.58102307811002e-08,1922973884706.875
47800435.94683821,4.782431110030922e-07,781626680778.4434
54298793.18728628,6.343864283416677e-07,735451867461.4304
65932496.43511683,1.761929626585698e-06,451967438655.6434
78467313.42075039,4.19572574772031e-06,301636612460.1817
70967475.89505443,1.526915256704581e-06,535199956227.5146
76035797.5438623,2.66811463661228e-06,395259013262.0296
71124792.60993631,8.831773591328763e-07,772661124273.7563
61763613.99103528,7.389257438604817e-07,755669977896.1621
53154201.63754369,4.608332971585146e-07,890926134530.3195
78771235.6940289,2.24838129543283e-06,458973575453.5019
73661955.36045536,1.923417580880975e-06,476278366512.2429
70192022.26037039,1.492496997161261e-06,537459129157.006
55778978.55252717,4.858670316650177e-07,902524367245.7838
49592024.0099033,3.629583474459223e-07,974631942926.9434
72085425.31829992,1.124003117771768e-06,666810538016.8514
83481328.29288746,2.802875402704344e-06,419939592434.155
81769517.10910422,2.709436929036374e-06,420731862100.5596
85110781.79826593,3.553660931373965e-06,365483061927.2334
86241564.83792375,2.07596815858938e-06,529951553350.7019
79325191.71424967,2.260423286274101e-06,460558302013.9139
91888025.01188302,3.388997040627168e-06,407265970853.9216
71305097.60397069,1.558803537753688e-06,530387145800.1306
78275087.40398103,2.212164697790334e-06,461047059241.2189
79950113.52390186,2.32054336519066e-06,456134189122.7983
16518345.53104478,1.061562693879185e-08,3419816325449.58
19742474.73220902,1.299443316776023e-08,3571878664494.065
12811838.14753075,8.593324190004603e-09,3053776950388.788
8533949.816677403,1.290469536959233e-08,1551142081159.698
13570288.57057678,1.105484450006741e-08,2734559165268.752
10232790.50750364,8.608717689774953e-09,2436137361818.972
25707466.29610138,1.525670401787252e-08,4179125960353.141
33120823.9825186,2.105082086431525e-08,4344319679815.984
21388947.05052598,1.219001894115713e-08,4038187546019.994
53635333.70993162,3.703281066439594e-07,1040063536039.229
59762014.9295605,9.84393983417098e-07,603919794499.0775
55030212.01296045,4.639692395435791e-07,918209384311.964
55374035.55865548,2.257539540508139e-07,1493536812409.417
66940775.30608581,3.732935559122443e-07,1291190759904.522
64281971.52105614,6.738587963718186e-07,836327903172.2831
33520220.30088643,2.9010257100158e-08,3550360712358.826
45138734.56878115,5.849791620482983e-08,2995406600350.351
46178686.85441466,1.07341296691358e-07,2044546634332.447
46923059.72853258,5.150622634039258e-07,730263905698.4636
56717770.74695726,8.114067791962459e-07,651968677773.704
52343622.50052229,1.920943994211195e-06,338730242599.4636
32255404.35467744,4.744885627538906e-09,11423135409223.63
40377979.6237011,2.577639997942363e-08,4627322228124.325
43669045.19223955,3.006660360297741e-08,4516313855696.471
23921589.23621719,5.791607792164813e-08,1598050868788.034
25997172.68845639,5.143447740648915e-08,1879705871332.051
36362448.20874031,1.66484043804046e-07,1201539460441.673
38318637.36328825,1.440581384947531e-08,6472193970056.749
26665200.63707234,4.829665631598215e-08,2010636116388.391
39727733.94551429,1.568783972448415e-07,1365793467895.581
22665380.63881988,7.35582907127753e-09,5992507657388.237
15684429.37444213,8.037585691255668e-09,3908873766913.127
19443081.17764422,1.33964877891836e-08,3446972254702.059
70058896.20746808,1.171932115517524e-06,630272444380.379
67156602.78246208,3.60664092200181e-06,285553035538.1224
67338253.01333836,1.495675124077898e-06,514877204824.7814
53248995.80445981,2.52644455843368e-07,1332411095328.241
52131828.21251114,1.956019576980645e-07,1547108684708.623
60784913.70884978,6.454039565243123e-07,813906884875.1195
61458472.34853219,1.07981701697261e-05,125800292073.8533
70158277.28703333,5.55343938402208e-06,223719698792.7327
58811390.03053186,7.323958741895425e-06,155942389577.2759
27726275.61229195,3.467608171701767e-05,26073831675.44101
47920600.78886022,1.94443241980947e-05,66271533260.72632
38365192.10941166,2.1486170080823e-05,49639954080.65693
58198925.51341209,1.385966558293076e-05,100866387206.137
69990703.82251666,7.209536650988136e-06,187543546675.8827
61301638.82426076,1.244327704535447e-05,114160423507.5871
23265924.21728719,3.603785108253395e-05,21324607760.1126
40753408.90745074,2.429791766942763e-05,48579298367.6711
26493594.2222392,3.607470028611221e-05,24266420888.70812
65712844.02590035,6.710928371518422e-06,184697859097.484
71153393.54225795,5.784691358670087e-06,220804959101.5717
59259580.07688218,1.24216499159002e-05,110485608747.6753
50664891.18584158,4.420107786658745e-06,188112883646.6613
60490486.35750688,2.547943343147527e-06,324260388405.9199
61760575.5236124,4.458553831554399e-06,227989751204.7809
37651455.76210926,5.657904954974413e-06,118579971257.4076
43217829.51431345,3.747883583375517e-06,179117859370.623
33479229.87983401,7.842052481916937e-06,84818182700.20392
37960168.52347385,4.333022983055952e-06,142823872209.8212
39283985.25793145,2.68046251749469e-06,203583408053.7256
38663250.01214857,2.241936642680942e-06,225709307151.0927
36648901.81467584,1.390228388290876e-05,63387486421.51693
36072395.11989939,8.197068450747582e-06,88729752794.618
31991191.16811835,1.038183359288521e-05,67222454944.17596
41828618.45491436,1.378052257543141e-05,72771790856.95384
53447215.42636326,9.897866690640659e-06,115939302543.961
41212561.69491177,8.077906192237491e-06,102367887231.5036
38062100.38918861,8.582148058327011e-07,421465550139.4391
33088827.56857023,6.579223907962661e-07,437419629035.6711
37412187.62310322,1.136320996555353e-06,343567769991.8417
30545416.18496284,9.413506265732224e-08,1476086368124.87
31043490.581353,9.84014574069736e-08,1456474418076.095
21617871.19987736,5.601474759731618e-08,1476651472198.083
38567136.2696271,1.061185544379448e-06,370700503114.997
34175517.88423742,5.718417762939294e-07,496056545477.5275
42826888.4713129,5.486776053440573e-07,639006142379.993
38444464.80372201,6.650024525749311e-07,504605122179.5693
38940029.99125854,3.405898867154288e-07,798439075157.0328
33445402.2299743,4.655538235688343e-07,556787946260.4946
35912416.54613497,1.786532138724139e-07,1132150269380.214
42118006.35824655,3.351568889556753e-07,872909135822.5818
33542586.23867121,3.468068195846041e-07,679523988049.5491
16368209.62687949,3.379536696436315e-08,1565896550303.095
27734114.2747553,7.456283105911943e-08,1565546750719.07
21194790.91713429,1.091040039004733e-07,928257950435.9673
35998721.52543426,1.209844362341644e-07,1471637143095.69
42796625.98667262,2.860813765677781e-07,985711462281.9445
36539259.53426903,1.476195281416328e-07,1308169041041.354
47151672.92840259,1.59047657150423e-07,1606246725227.269
48460085.83184134,2.603008481636918e-07,1188685933763.593
34844944.66154552,8.132504222670306e-08,1856337398254.421
30184774.05807008,2.248864429885544e-08,3788602828634.359
42248601.18833075,9.931989874981899e-08,1969948271893.249
30648906.90628906,2.227526667744421e-08,3871385168888.403
63326222.15850168,8.700663050572209e-07,694835523109.0017
61865699.32938316,1.091350585082796e-06,583633756396.0063
55629228.04774223,4.715313020176856e-07,918253688042.4557
31428769.26218487,1.250279228003386e-07,1256963588424.827
29214414.04880628,3.217648779284204e-07,622163824125.6949
24439160.83207893,1.797483194581726e-07,767319785996.3223
49384663.7350897,1.282745553109188e-06,418310169164.3443
48723893.97670023,5.935969848126126e-07,689838663973.1056
51968653.56763838,5.093419582803251e-07,814832787366.7557
39119304.49153754,1.446429690375769e-06,305862503948.3467
39743675.42845857,1.886736650180788e-06,260291810133.0491
39783816.48122487,1.159789944661466e-06,360401743653.4358
46783808.96182899,1.476538634882458e-06,360799312047.5056
41715011.93221857,1.276959592125512e-06,354411334189.248
46140733.71732344,7.839432507504086e-07,542701988197.1093
45018868.73276868,2.321431171089092e-06,256777738593.3075
39333737.93458212,4.237681132499665e-06,150203379227.1935
40049368.87058926,2.144606222512929e-06,240822633910.1725
54601356.13197856,6.762157580962794e-07,708728511992.4789
59315066.19393191,1.228199889922702e-06,517192617017.2671
51951898.9824346,1.424800680456678e-06,410297323792.1122
64556477.35693284,7.954808888090961e-06,162001856225.9701
74854251.19129117,4.317350444608978e-06,282317804960.1161
67344819.23554152,1.132612827185495e-05,133531340133.7527
64894830.73653763,2.22957620212715e-07,1764934356418.627
49864540.83916146,3.768582711665866e-08,4436152391478.377
60333852.28672276,9.350502243346766e-08,2928674437310.197
53635414.81003954,2.662623412140178e-07,1295920856665.913
32056857.44269209,7.152005494911763e-08,1860525897720.267
41128552.67431143,7.978504723508578e-08,2219196484934.973
35136611.47512335,3.001623188121495e-08,3637941925986.427
27590137.62983083,1.046234661397309e-08,5767679653362.387
24022204.58585888,6.567101386878608e-09,6850102139771.428
16594192.39692179,1.566130389084048e-08,2650966115576.039
13137168.9885409,6.79492951415319e-09,3661944987912.945
11679179.26267614,7.436215148620391e-09,3065568513330.565
16740471.25129561,1.145900739514287e-08,3293591093689.614
23931390.96944004,1.102487430222345e-08,4831168417305.539
24344853.51589242,8.68850716843177e-09,5760281707829.833
13783933.84104973,2.609126353536933e-08,1566906584903.778
14414832.86244873,1.491025894337671e-08,2379502437245.55
21522412.39411472,1.23789461913128e-08,4021936090577.768
13223623.29670771,1.039087866365009e-08,2777040967420.243
20252859.19418484,1.455114161162832e-08,3397986364636.29
18425947.59922995,1.880016656560082e-08,2606085743200.514
7422615.468535541,1.103814576693783e-08,1497245026186.454
9487595.747919453,6.380543751723276e-09,2757937231746.55
10805920.29125079,1.039492980998912e-08,2268719056021.062
16491863.00992653,1.36847022737655e-08,2882567482412.324
12249054.79573723,1.666625928490869e-08,1877343837525.729
20308109.34122228,1.806320451157555e-08,2949893206196.76
351281.8586624701,0.0001049489467484749,157883592.2169971
794590.1137590314,9.396119172090367e-05,384453789.8150808
1014247.767895795,9.281454061659814e-05,494766227.9279554
13833.16685409618,0.0001158703039117466,5820230.50287458
22890.79823764891,0.0001152157420109381,9667623.381298579
14857.60101760996,0.0001227393308569259,6015792.633203862
10418.66293449239,0.0001365633518658006,3928763.407286166
8049.472160841347,0.000134947100695732,3059555.698623872
11335.34825817017,0.0001308242486153932,4398548.329702923
38128.65228061342,0.0001086604792300221,16744430.34970965
440735.1984082787,8.957227075665646e-05,220155064.1294172
55133.67968923117,0.0001079248819948489,24322185.16716981
688113.7899326571,8.526083919795254e-05,355217095.8601494
679260.126230489,9.205756501877588e-05,333167885.5503868
188473.659158548,0.00010295619297787,85799023.58742087
255097.7035949907,8.888926152652594e-05,128077748.2584153
1353061.621228893,7.543109553278732e-05,757909409.4318711
121930.4707935948,0.0001020214568542949,55845035.3364896
41464201.60138453,5.632254833649845e-06,130984058605.5834
53733729.98112299,7.445838795598556e-06,140919546107.1703
42847257.38119951,3.975205803040674e-06,170745768586.5567
26523083.69981634,1.588986715601589e-05,41964028329.80297
34103735.18878977,1.582730804492242e-05,54099997375.24902
29616259.66233663,1.230660399247887e-05,55561171200.65968
15796310.50167347,3.153649848724293e-05,15825107932.6912
21367642.41487908,2.05597333077695e-05,28471583546.45445
21806617.98067936,1.995743646478836e-05,29638199149.5004
13134808.69630316,3.697659615548963e-05,11834206188.34972
10684512.66129841,4.171807943895547e-05,8882567440.745161
18252163.91402552,2.599804130652935e-05,20797953714.25778
19318924.73873775,2.718193803527783e-05,21369580915.94758
15348068.07294752,3.319228958822877e-05,14860345592.47322
21279394.9196984,2.16127179707615e-05,27425402943.03212
4151888.282961029,6.272413115114439e-05,2630000855.304144
2141278.575363174,6.993521742264606e-05,1261466975.463803
5710248.112895429,5.56547641596814e-05,3917299235.432346
26549422.59625896,3.428878100330034e-05,25154771876.32346
48915872.06036695,1.644040104297992e-05,75655678209.96935
37831514.46241189,2.032999780885681e-05,50788124164.61353
12712.13157096508,0.0001586864473814877,4337023.954841483
12981.13011476952,0.0001583955468231468,4434219.539316768
11314.07131522522,0.0001606657303107373,3828277.493971784
9841.288894030769,0.0001647831714331231,3274236.730489483
10390.50126014331,0.000163091490053699,3480825.877474756
10253.27752222933,0.0001628242780286269,3438612.769847272
16335.71273501192,0.0001450969204033801,5916060.742814298
15401.06404949724,0.0001465244438219958,5541287.363086746
16653.84242166062,0.0001424428597567904,6105960.562320272
15430.81606458114,0.0001491402524401555,5486882.313723201
16480.60035865743,0.0001460318191358339,5943031.48881807
17360.09529351711,0.0001445015353783973,6304303.756808808
10967.90732838771,0.0001544811917888818,3809547.252291025
9066.245928570439,0.0001574902810461881,3108791.93628293
9601.712427465643,0.0001550387345415566,3327018.517268758
14402.90444253879,0.0001509482980128923,5080400.291494699
13207.24439989084,0.00015173288517307,4642576.519613248
15417.70611557745,0.0001478394657093613,5514331.11379193
13570.51401847856,0.0001531694642343237,4740398.323213674
12119.77458702555,0.0001567240150011002,4169373.89809603
12410.67826714899,0.0001539541369236648,4320505.956770959
9489.740721401553,0.0001538137714909236,3305655.052952003
8834.246235599934,0.0001542667805243203,3071292.807623264
10627.30145927674,0.0001515799248265819,3738194.337239736
36507.73789120759,0.0001121812101844937,15695368.25983674
23990.49711472394,0.0001171956459748045,10017628.66364845
40875.50172121229,0.0001114530797015544,17649607.32057323
37036912.39956204,3.924648722228817e-05,32070144269.82788
57938878.46273459,2.289584808774872e-05,71856422992.73912
36727071.84041874,3.930860755673767e-05,31768340665.73393
37326831.12469232,2.986485446404972e-05,38777593477.25809
49810442.31191844,1.80008335005261e-05,72520143531.45128
34379331.78789902,3.636587155957888e-05,31320938320.35795
17047165.58165879,5.6231956000309e-05,11614398399.61032
27581772.91554758,4.063371088975422e-05,23336256394.09421
20281971.57967883,5.199588635618266e-05,14558976529.2882
19427018.80169001,5.124202138427499e-05,14081707689.40508
31569817.18857931,3.20399684086873e-05,31295172343.05374
30587791.40531514,3.563953791778045e-05,28244035159.24972
77372007.93678094,5.0361863614434e-06,263339499598.9641
74164957.45707852,1.078832673056567e-05,151901719974.7505
69734019.46468413,1.198393581227926e-05,133161409198.855
35283.94122440163,0.0001155809071755991,14870298.64652648
27386.09429276607,0.0001186025631474198,11344901.14481068
35190.5431966058,0.0001076486416178544,15550830.98631947
33925.98710021827,0.0001274075193347385,13398899.18121217
30708.94308003465,0.0001296868800607952,11985813.28229482
35762.73530551779,0.0001217496780706225,14558574.3022155
17442.51480503789,0.0001496128390908491,6189133.597734547
21186.03046626072,0.0001436656294419195,7723503.348401011
19839.44103044879,0.0001464897292044508,7139338.619926875
16413.52551476522,0.0001515642364323687,5773919.402646499
15812.29363502127,0.000152110086721413,5549103.961519608
19848.77220503388,0.0001477944189215893,7100598.526783461
29409.09356797261,0.0001318221981803677,11354184.30409611
24962.29708759549,0.0001266316391194451,9898963.631613832
27714.47910580179,0.0001315479182138891,10714799.95881577
20205.46834308832,0.0001471312393914051,7249905.168062891
16130.83201580317,0.0001514478389670329,5677381.105364086
17730.61635997306,0.0001489126298159615,6311067.290089514
23730.67919733221,0.000140192719826192,8793461.384262396
23511.29587720896,0.0001423706235629993,8623091.122459451
26262.11418330049,0.0001363698843510694,9912519.099109534
21574.7729538689,0.0001434493072000269,7873127.125505255
17795.40799145451,0.0001493989891612011,6320374.953877944
21365.61593120692,0.000145628465683251,7718825.708561329
21612.4142568039,0.0001399422043436059,8018087.837468422
20410.33664341566,0.0001464459138234593,7346243.661634644
20904.95292919068,0.0001422097348701212,7672960.741957285
16846.12474604153,0.0001511320065284775,5937391.869382733
18167.11442355483,0.0001511135677030314,6403493.585161823
14739.87515647539,0.0001543554894619574,5122466.013946518
13184.73668630737,0.0001555015716375288,4559476.052653894
15575.65517743076,0.0001522289991381711,5463212.112825016
13553.0878789277,0.0001554525047760535,4687843.502479672
34451.92156882359,0.0001271583105281932,13624386.34823577
30198.21918254214,0.0001285814310387898,11853933.76790637
34397.76212309777,0.0001219101657313189,13990618.28768205
20560.74293641309,0.0001465140968169791,7398082.927120614
21767.1783040997,0.0001400101846996042,8072890.263829844
21517.12383285546,0.0001424816706887071,7887600.151947544
22128.45610901071,0.0001390851504643081,8243227.225116443
25455.69233643284,0.0001339478068587152,9723616.946343707
22856.15604642416,0.0001368173974855218,8608133.144260261
19231.59020412002,0.0001444223728171021,6986487.379948405
19952.64929394654,0.00014333453338489,7285063.546824539
18101.09988401555,0.0001475890942200422,6481399.429993443
20484.29003479434,0.0001417851625757945,7533562.448662661
23201.88381270205,0.0001370410310776515,8728832.69143459
21228.25002096442,0.0001406970615735352,7847370.828597702
1760337.206157513,8.252567688364023e-05,928687937.8625998
997434.7466240569,8.84376465488686e-05,502488787.4152588
2296312.859129619,8.019422246334005e-05,1234816253.077582
32014.87139332216,0.0001303401687121766,12453733.72256244
25193.68416588646,0.0001346310903626254,9590945.840461247
27919.42234704213,0.0001317617851932381,10782350.57524316
31085.42109075667,0.0001293278385561269,12155199.05406082
33227.18512076861,0.0001267231202192614,13170117.3878808
27651.34579764581,0.0001189801873591425,11430533.68221381
30494.04988053442,0.0001341633477463632,11635699.99673928
25455.06548715064,0.0001383210701309747,9517334.318414712
32615.6845024092,0.0001315585433842699,12608994.633905
112865.8131157474,0.0001015217847128866,51862834.88185821
474547.0329810717,9.513126098001444e-05,227717859.7940267
91844.0859649499,0.000103796837486488,41584209.3670047
25290056.26780374,4.228553050575437e-05,20836364201.58686
16281900.74867929,5.293007999739733e-05,11549683132.67607
27739054.45761871,4.032868642343521e-05,23587519317.14603
35976.08175208844,0.0001126955149698535,15419706.46796657
88743.91630812411,0.0001044774005198783,40005866.8120371
45984.70880519284,0.0001042457703481152,20760659.49077566
23964.08939040169,0.0001388833344906578,8935677.940226728
24227.93945463553,0.0001364120196446955,9142845.62983657
30925.01005343651,0.0001321206460948707,11921458.47234256
197528.2294422393,9.947678241241111e-05,92005689.55333178
601932.1354131512,9.269318158537438e-05,293888327.2421736
130308.5559821389,9.924628656427691e-05,60789712.32165862
35947.60527706372,0.0001119788338883187,15473171.43104275
85082.29296507641,0.0001064106718595459,37889225.57749925
33658.72355943779,0.000114629769542214,14263716.42177062
63427.60597797357,0.0001087339644574528,27842068.93686704
64915.40145093349,0.0001059852319235498,28985725.66684149
282615.6036419119,9.883876390698411e-05,132204001.1631726
28538.47441769559,0.0001276305723457994,11257992.16585341
25252.29273178128,0.0001172834684061177,10539247.77077716
23339.98745057005,0.0001199348684542502,9597032.73385462
856904.4629017647,8.990013761958882e-05,426997665.21255
1070554.784020985,8.838184469509029e-05,539552267.4516499
2080326.734107161,8.16596530428382e-05,1105248319.61424
347627.069471104,9.695701031582052e-05,164712835.5308145
588713.3375833381,9.263070689128639e-05,287563585.2043384
1199763.190637021,8.671627720104042e-05,612390507.3630893
149761.034237859,0.0001022278707198647,68499271.68344262
81167.75554335602,0.0001077949518130393,35835867.47458249
318849.0521236482,9.789908709966749e-05,150106455.1195782
1879186.162987208,8.79911309324456e-05,949898509.4263422
3118937.523737589,8.315513331825158e-05,1637120446.57437
2483227.425569193,8.531530611724798e-05,1281342389.713327
373858.360383514,9.7855182550312e-05,176056153.5964754
1171116.0606587,9.166259470806078e-05,576065463.6163485
1656814.324298621,8.89834456091196e-05,831255174.3843395
414798.8760729724,9.657423448509467e-05,197059202.755574
1119401.003357048,8.97566464307264e-05,558394690.3638989
1087581.807876773,9.156368921053815e-05,535360608.2950924
1314641.830436402,8.589752191510801e-05,675284876.7633899
945254.0055689185,8.935584291606738e-05,472933294.1137632
410676.3770546185,9.613838045599849e-05,195689949.3805988
147739.659457318,0.0001021758838370719,67597633.40613499
593184.9667307081,9.35073857212748e-05,287933939.4859275
437185.6923282093,9.503193282154777e-05,209935668.4381813
3638663.470488635,7.444195653690248e-05,2056190609.550673
6591506.925489159,6.542214714241992e-05,4059770813.892167
2954775.754160998,7.676531214602549e-05,1635866453.81474
3315107.301407951,7.797337626645309e-05,1816352057.320009
2775878.70577472,7.867370587446266e-05,1511868714.458951
1583669.322672602,8.539072674367118e-05,816690237.5795928
6713120.558438342,6.432254490011632e-05,4181662395.972016
4007332.052088635,7.005247759793718e-05,2358158525.028395
3036383.389408583,7.566929188599469e-05,1697240919.099846
6382045.701993708,7.062841404806615e-05,3735140478.913143
10950460.32934724,6.393749809496075e-05,6848497224.844418
9878609.80901181,6.333629330055876e-05,6217188996.522091
2972129.233915478,8.278065644576536e-05,1564762557.231632
3664207.120415505,8.062465887349743e-05,1963366700.447536
3855238.229591812,7.786045896618018e-05,2114332312.232646
327373.1033521722,9.779704609640219e-05,154226559.5042787
1557251.147915876,8.891667449939403e-05,781693532.2214957
855780.3009053301,9.141110655031177e-05,421725285.7452209
168237.7373434798,0.0001004255354675103,77868291.88045172
232407.3237288587,9.924157468246394e-05,108422823.2606532
776001.5763407581,9.422557841481958e-05,374757266.1104992
5045161.504500262,7.682031455946683e-05,2791843175.137642
9312956.525864897,6.760121642944063e-05,5612003093.518645
5268897.309938495,7.406003413499224e-05,2987655114.125654
15744835.80018551,4.908859430368668e-05,11744045862.85205
12134010.98143948,5.248304186202049e-05,8656155537.422701
6892763.713251195,6.236030061729667e-05,4383166056.339386
22993371.55960861,4.328070148673505e-05,18652618020.14532
19742007.76950006,4.536766321449737e-05,15520071282.59962
13614371.97828468,5.291295253884315e-05,9659536366.936321
29495366.70781216,3.788713240834655e-05,26147247403.47767
38851024.48355111,3.129993585070778e-05,39117717903.40244
25796456.45554351,3.995446357288271e-05,22072414852.7253
1949411.830481,8.485342638126338e-05,1009541108.595849
1440675.081188581,8.706892318816337e-05,733371331.5199448
4742024.429770787,7.655463689258334e-05,2630163741.317801
57219436.95636752,5.22053849783629e-07,882537926891.3723
47036952.08431972,4.750944211072584e-07,772536875294.4545
52463909.66864645,1.884625768917651e-06,343856497270.9968
49449574.8619101,6.013208737535327e-07,694104791243.5973
62682826.99048489,1.082445571667396e-06,594581231496.2456
65964205.39624647,1.51518630483338e-06,500031822881.4323
27210410.90936182,4.767335936292637e-05,20695913288.78355
17721633.61253418,5.650662762692926e-05,12034761670.13383
26164846.21878516,4.762827368380258e-05,19913226161.71427
52392085.53030609,2.474070312423061e-05,61705564219.19963
35682613.79153459,3.97340215952725e-05,30644201575.75593
34483803.24657822,3.967899493588064e-05,29642037326.44209
27207501.75890052,4.77074584850562e-05,20683838837.82969
17934697.48626355,5.650785989039534e-05,12179276285.15342
27474271.79423295,4.769277810029897e-05,20890930122.42708
48868037.11564621,2.397723374789827e-05,58770426664.6294
36578447.12520163,3.537126802584931e-05,33946227040.04381
50436326.35234739,2.625183813392002e-05,57100112996.5379
73316519.65438432,1.16090156469634e-05,143000726236.8503
58052077.92927922,1.805689110824452e-05,84344308802.3369
59760281.20162296,2.036310350413968e-05,80140119657.9836
8993543.684630008,6.300466719475739e-05,5680009131.865994
8337006.173860834,6.198741959458246e-05,5322811474.965189
4961856.550571317,7.099171385385282e-05,2894048226.229731
4900747.629467851,7.308365666426905e-05,2803596393.994208
8011830.471244076,6.57814263856643e-05,4916577547.779121
4239960.609871343,7.37599954445456e-05,2410726273.522878
14922390.99169744,5.84189801257518e-05,9911417442.110998
22481665.70922954,4.857827201869129e-05,16886271883.52338
13666542.2785513,5.779179213565845e-05,9142841853.886946
11082867.21069859,6.446524039533965e-05,6893425061.929561
11260488.22299051,6.422346259524336e-05,7021470510.602243
6619239.24470365,7.090257061640217e-05,3863967139.638541
8256126.867319573,6.969924778645716e-05,4874809294.449812
10742555.49293083,6.575109127149581e-05,6594354581.651356
7826310.191885279,7.194369882972784e-05,4524409254.400384
23906106.54197663,5.054945513519323e-05,17486297578.11668
15482767.6788696,5.912666525046405e-05,10201397576.89666
15274369.4437636,5.93694376846586e-05,10036631991.91135
25976120.57755037,4.419650708026812e-05,20780165068.18952
27917768.11293479,4.081295655176502e-05,23551323850.72119
16418887.08423651,5.337297143724831e-05,11582335163.35891
26947397.60589235,4.722590129984008e-05,20625128371.54169
26163720.07938071,4.598093325580722e-05,20385168530.05417
17948067.60712408,5.575977412253151e-05,12297127980.12456
34049711.43735176,4.08770603082923e-05,28694169883.56507
46417174.20615179,3.04115407288909e-05,47641608477.53398
33168075.55398139,3.962999191609707e-05,28534544978.87343
2411725.259588442,8.432086242464932e-05,1254212540.528165
3212922.38758346,7.939094647017655e-05,1739347063.819913
1513289.414934744,8.67986377426509e-05,771933795.3915739
1749528.969122092,8.6472169201532e-05,894685163.6748821
2899423.317536142,8.344251220213721e-05,1518401811.804386
1709692.303878646,8.828049175856197e-05,862332579.3553801
2442813.384229247,8.384422180472334e-05,1275189903.190444
5146375.621880412,7.778762125818394e-05,2824193747.310181
3775334.165473318,8.082136533341561e-05,2019627503.94555
21574744.39614211,5.187938624843565e-05,15510141959.11239
13983192.724455,6.074190971465383e-05,9049280469.687651
11123389.83123933,6.467932457166445e-05,6903354468.162635
12868986.146923,5.680530214033227e-05,8708668327.399929
20987165.84104112,4.614193352612438e-05,16313855136.35351
12081189.75427904,5.576987938999878e-05,8276433606.3012
81300272.60414642,2.404731394494126e-06,452947242055.581
74746449.43374492,2.243762580707709e-06,436119963623.8871
62322997.55306289,1.115228092501624e-06,579525476823.2416
94984716.14933319,3.55097209118713e-06,408089627697.6911
91149285.38458844,2.883009858624222e-06,449975826281.3234
89242403.65618156,2.22392405002612e-06,523790910981.0232
83734243.89776324,5.504853182641707e-06,268579344383.6607
80275156.58370824,3.298969782397792e-06,362239330918.3517
87062035.4749188,3.458400669728686e-06,380696261638.117
47226356.47966175,2.790737570730537e-07,1105872626588.865
55360053.90524925,5.530890463606048e-07,821611417787.994
45688872.19301081,1.364474923894679e-07,1723852350580.132
54518385.81831925,3.004823187832646e-07,1215244620933.088
44266400.86721092,2.237183246362964e-07,1201175614944.82
32740298.55868657,1.082358915379972e-07,1441567899278.018
65206781.93946096,4.396274437558092e-07,1127810769343.092
72038908.28494449,7.965939796821834e-07,838318614188.448
53944837.92049198,3.839324179151025e-07,1021206028525.998
61903354.46749978,1.783900965213385e-05,90670711404.4487
59262379.95803116,1.658511489232923e-05,91124137845.02919
64562826.36322643,1.324404518486207e-05,115337030310.317
35568810.5459051,3.633712431852413e-05,32421689261.18573
52107929.63477775,2.477307142367932e-05,61317425886.94012
42548425.85273722,2.816861373892074e-05,45959276244.11428
46002029.95133998,2.420604516099015e-05,54974476646.34341
54538982.3723547,1.931750719702609e-05,75754128882.54739
57073695.74710304,2.05838647342744e-05,75989114356.97415
18279182.40497651,4.520650579812718e-05,14404210962.2884
31737373.24267264,3.3564979461944e-05,30500951578.44743
24205582.77251309,4.153114416335879e-05,20183645631.12161
17826220.758826,4.53051628366344e-05,14026871443.8089
22152991.85902364,4.19221021947907e-05,18357083625.55399
31139616.0119921,3.366125884080356e-05,29869389808.56215
336.9915172100496,0.0001912015406020546,101537.0895609736
376.1433777795428,0.0001917765561075963,113107.0676617911
415.2766394174637,0.0001894246043835721,125906.0431224281
319.3740172427609,0.0001945038224803716,95136.56950400618
300.3403304868827,0.0001953946743325139,89194.58846100135
349.2247703976726,0.000193630994798538,104341.0307589385
299.2026628012983,0.0001946305230530869,89089.15117918096
295.1691077508449,0.0001939483465583088,88094.10509646327
307.1404866411974,0.0001930804483642471,91941.48957199683
7074.360963478318,0.0001744799137425277,2265636.626877865
7101.070929489888,0.0001750294129918619,2269428.440461545
7191.60703945757,0.0001740194426288456,2307247.053179515
476.4523191646041,0.0001858934591106483,146277.2227067075
485.0706620099044,0.000186713770108481,148486.6615190129
472.0031247922616,0.0001869389170494889,144370.4772551024
432.7129964405953,0.0001827792155450512,134353.4222568261
455.6883763112975,0.0001844745929499156,140618.8613437254
422.0375555907884,0.0001837794653270114,130562.8965892621
1062.965364964201,0.0001836757355978551,328966.1827646359
649.9816699054898,0.000184028481347211,200898.9874289108
609.9603209621689,0.0001847037673043372,188069.2309021786
6875.310896206788,0.0001759516614463889,2189593.154777506
6359.568095649744,0.0001755525401283878,2028412.181748473
4523.835446966936,0.0001770968254306199,1434496.903263324
5974.328395603092,0.0001756111559485372,1905114.240708934
6152.375709754278,0.0001746100073341372,1969382.593796577
4998.457158218113,0.0001739158228751778,1604266.729347358
6657.330641025734,0.000178180743715828,2102452.932964776
6429.703110020025,0.0001771526669191877,2038414.297326517
6724.431462895552,0.0001780526679080322,2124662.313189101
5269.115493001498,0.0001777669943633532,1666621.441709569
2114.846183856909,0.0001763976467975012,672383.3146665784
5066.8253082141,0.0001767388193691511,1608846.579231975
5274.072390324432,0.0001738474730788874,1693169.7397342
6575.221022960057,0.0001747401684018232,2103690.550052299
7099.466319655637,0.0001751393267377373,2267966.242142386
6924.590044060499,0.0001775755273947379,2191822.217540158
6625.458645769162,0.0001766754484585211,2104255.540451901
7471.602206615836,0.0001762719695219133,2376611.734002741
10772.3458963324,0.0001620907143441395,3623582.880600133
12887.07821972829,0.0001603069693972769,4367030.200169757
12109.46310966943,0.000158444747206538,4135610.772147534
9188.765732792621,0.0001658647461891243,3043835.096924914
9646.58192350711,0.0001641927558678538,3217146.184825261
9968.371875578354,0.0001633967284903819,3335252.05131947
10626.1553922828,0.0001642673772790903,3542761.750019202
12495.0651791839,0.0001617626188140986,4208749.519216403
10414.19680850996,0.0001635464568151202,3482290.683639206
12639.63674500322,0.0001591224259401587,4304410.332675343
11387.79137790758,0.0001615941194509446,3838449.230658317
10995.40987282546,0.0001613926339723221,3709274.296643239
10218.7231742371,0.000162419987632074,3432708.975151203
11522.04602071898,0.0001587738944391228,3929556.527838212
10549.84124648223,0.0001616239325413489,3555566.546714224
12232.91526756273,0.0001624012169323534,4109640.014963281
12977.64383010013,0.0001614763421800997,4376462.875366963
11071.5387019894,0.000163981048993914,3695548.239379406
13290.38570153298,0.0001573180046065078,4560564.811464689
12750.13855509,0.0001572516529096884,4376410.9048428
13547.74327640308,0.0001591137874356512,4613831.708119235
12798.75702888831,0.0001609676794071503,4325224.680203234
13302.78623932215,0.0001582469770696476,4546937.634015355
13560.26327385679,0.0001600428072337984,4600206.717258634
13958.8259205665,0.0001549280305113804,4839073.566247598
14987.54981875029,0.0001517008291734371,5269127.044100201
14810.29837801781,0.0001517429803894418,5205847.019440314
14795.99828238031,0.0001275631870209026,5838850.62491239
15843.89043236395,0.0001303984205268095,6161412.373833287
16591.78251235039,0.000125011059409592,6636321.577119935
19768.69130888506,0.0001328956317013315,7591089.572306856
17067.8936704418,0.0001281875397241062,6713506.088208214
25315.08965142119,0.0001256365303714958,10091804.92315713
18084.84757023834,0.0001357896828363141,6845476.280898259
18123.11297332211,0.0001372086784696759,6812582.010820002
15505.94912189941,0.00013108019208656,6009066.015734423
14243.78571479914,0.0001556299520859766,4923001.585523639
15181.20813825132,0.0001533601880500279,5298642.024862506
15120.76394563181,0.0001521647283278566,5305150.843940313
16095.29476191349,0.0001504379792951965,5690196.624885308
16782.36347331074,0.0001479133847146553,6000417.551411318
17172.27387880894,0.0001452712104444705,6214050.374556141
9743.267764973732,0.00016634894023512,3221251.341265142
8749.603893514803,0.0001687381335798862,2865362.448358081
9685.653838459026,0.0001669787103225098,3194146.823286822
9328.806843015431,0.0001664538716721507,3082928.83748125
9110.747068956667,0.0001664300516964472,3011153.010760608
9887.103987872073,0.0001639619698246094,3300453.996621334
7517.204620017038,0.0001684397014250395,2464677.289745018
8210.324524804899,0.0001691033885316404,2684883.525850091
9173.715711888992,0.0001667141762773823,3028518.680635636
7061.404698695439,0.0001702401796225862,2298880.46408202
7091.170156283859,0.0001689616768216759,2320201.835357709
8081.030177416047,0.0001681872625210248,2652190.167461772
6303.614021131747,0.0001712192571371198,2044346.657620637
5090.408777676985,0.0001721036188037697,1645227.616605884
6331.738759445984,0.000169940770900653,2063754.019084124
866.7686261147786,0.0001807672773316523,271116.9302310425
872.5834505682136,0.0001792047967212919,274519.9335862582
2512.061415456728,0.0001792515303418928,790172.0641770549
354.3631210885902,0.0001874026205091836,108209.3392483919
295.2697062757038,0.000186910150866122,90322.71149675276
343.1923486999459,0.0001857782612191876,105408.1847556552
674.1954300694271,0.0001840471804599932,208368.9605902743
515.4643152759528,0.0001825853839268556,160160.1987809619
460.6746342690373,0.0001828368129018883,143005.213764834
452.5173858833882,0.0001823570234226544,140719.2806913671
362.0647559076089,0.0001836860711578466,112047.482112051
391.6283009196632,0.0001827189153777761,121623.7517513394
11884.70149601103,0.0001607580843311045,4019818.056415184
13162.86321556595,0.0001582863490840897,4498365.366953821
13012.54247785557,0.0001580483660394053,4451456.70068692
12325.75906722868,0.0001613803651027216,4158275.044153788
11683.43865570192,0.0001615316464864702,3939117.504362135
12801.90642164874,0.0001588218058331524,4365170.67011601
13211.22187918684,0.0001577024406396565,4526029.462954704
12708.94708353869,0.000160423035547339,4304589.594351565
13192.36952492354,0.0001578645258295073,4516476.70559938
10449.86768604155,0.0001650259026777494,3473303.336741597
10390.19814437136,0.0001656557045076241,3444711.851449066
11578.99206616826,0.0001634460545354368,3873359.393982284
9849.79517369733,0.000166204331255385,3258359.316975996
8913.498254976817,0.000167069416206275,2938440.359600175
10401.56420182147,0.0001641459638749308,3469592.856923246
4439.237884099549,0.0001746183320784653,1420960.027056493
3239.370808635359,0.0001744878403106341,1037410.293153194
3815.877719449269,0.0001723161207588008,1232283.149311122
5160.82844422838,0.0001752328831365706,1648070.117248963
5459.074939244019,0.0001750215925837101,1744715.563799096
6912.10835604928,0.000173587351091716,2221255.350849894
8228.665077899694,0.0001706744283930976,2674342.840601076
7614.57818299404,0.0001727065065987076,2455312.173591435
8026.172188113699,0.0001722126455082366,2592975.701037685
1577.144833935733,0.0001781607749139472,498115.6449548663
4675.547009688173,0.0001780461024854056,1477329.761949036
3850.479052280149,0.0001767524639921034,1222562.622370007
4144.260678889506,0.0001771964090822494,1313642.288878728
3313.873838062324,0.0001757079279905162,1056351.367410834
4526.381944046452,0.000175838411200581,1442144.231105662
4839.011826333932,0.0001687620351198367,1584553.282862008
3586.78718913706,0.0001707724841140999,1165271.199487746
5221.303849418627,0.0001688220092247019,1709331.34872046
8534.24632000943,0.0001668852751020729,2815484.630412494
9145.063255807676,0.00016665689851616,3019751.346416787
8638.598298412007,0.000168399032136735,2832806.337725454
5146.659846064309,0.0001698734126174551,1677935.225341061
7466.443524744198,0.0001676893985563375,2455330.996425873
7564.069679986267,0.0001692031610967285,2472577.270673366
10167.64815693585,0.0001622786915950554,3417534.003992859
11086.18741402767,0.0001601669755205432,3758953.035434915
10622.72501907037,0.0001620591550032509,3573717.559162364
7475.549662503325,0.000166517420714017,2469846.791802439
8955.307463682393,0.0001643462847836987,2984745.04954751
8260.07545722541,0.0001660468409022878,2734199.941993153
7713.133529360849,0.0001630642954867966,2584192.911953686
8323.546044013137,0.0001607171234654353,2815790.15268529
9020.217588503501,0.0001625897509103068,3027993.254732639
10609.75465562729,0.0001532137543960777,3705443.293103243
13289.05821975181,0.0001501907829597826,4703256.703945665
12043.55075180328,0.0001526563689395971,4216427.090728817
12199.3841692174,0.0001595322931513483,4147364.149577328
10830.63917415673,0.0001615115144172164,3651896.225641865
10971.66086917088,0.0001617788028663379,3695370.296621057
3385.449796563321,0.0001712277690774726,1097910.433984231
3177.72335605816,0.000171373910040956,1029958.237978379
4361.877721154428,0.0001693634708182791,1424930.41469374
5804.148927817404,0.000168244055163871,1904490.142137058
3986.411433367468,0.0001704452970888756,1296757.508353734
5040.706025538855,0.0001685810048212169,1651780.284127202
7455.946738750846,0.0001644122382227827,2484353.370345683
8741.91396941536,0.0001639376491357332,2918462.11160461
7280.693136500015,0.0001661087606848081,2409411.811150708
7531.634660536775,0.0001702204998109624,2452155.486311672
7337.962462569119,0.0001717587058038419,2374814.251042716
5119.911307129844,0.000170890751535074,1662583.238872407
3244.922782720741,0.0001746515875911718,1038538.676399057
4847.624551871711,0.0001747854288336446,1550691.811041999
3483.275107667497,0.0001729677229705989,1122047.039209038
5803.403269565667,0.0001737349564468183,1863908.59183964
5932.092169546401,0.0001731548659988944,1909493.084411275
2291.86477248625,0.0001748745890528387,732888.4058667265
7301.329516553826,0.0001732738944110812,2349163.21329316
6909.011090130391,0.0001737677658870944,2218722.962797396
5497.871521986795,0.0001749194264692902,1757799.042640227
9013.054592365748,0.0001716681405575979,2917956.855834787
7882.953340885808,0.0001723532416383573,2545321.535078549
7734.497574396891,0.0001729333659456078,2491798.449169691
8513.121120593323,0.0001704172955593616,2769574.379672856
9179.029795767508,0.000171184153885139,2977289.546315906
7888.306211736026,0.0001724493855696087,2546103.144961427
8894.749101821231,0.0001691592307679833,2908059.141284005
9408.561866275551,0.0001674170873942156,3097348.385131963
9575.141986148516,0.0001699260617632056,3121082.35099838
5321.629102482453,0.0001741837506159191,1706237.610014539
4636.885717109131,0.0001718815540876969,1499938.816865086
6757.338859885054,0.0001727495194682122,2178534.620705982
9345.22087776119,0.0001672250233113154,3078851.391563982
8649.695983341046,0.0001683911553176908,2836533.991097429
9511.241783820087,0.0001697340495084698,3102591.322255665
4107.893324356645,0.0001778751108315011,1298800.263264665
4375.301060153261,0.0001785532125137648,1379842.432693022
3281.361893565645,0.0001763866289687645,1043302.76131222
8724.276748134811,0.0001669018118258084,2877986.370038474
9422.735892919336,0.0001657357388342653,3122958.689770974
9825.959129790055,0.0001637768398621636,3282514.315177155
8613.161016582266,0.0001697238696161071,2809747.431213463
9173.653626180172,0.0001702919545033693,2985929.743216117
9542.069957374304,0.0001679644712639576,3134471.399508599
8029.788102193871,0.000171483894648675,2601488.193444466
9170.015159046419,0.0001707987721109197,2978838.037527218
8324.435114596421,0.0001694559172340697,2718422.441573105
9544.778758842127,0.0001676663197456241,3139077.068886761
9176.309623667419,0.0001699938083362863,2990285.511976314
8623.457669426523,0.0001685313435754489,2826361.099780377
5809.676169034781,0.000177888471536632,1836764.131300079
4766.476913216781,0.0001777415454774685,1507780.743457149
5175.670828554692,0.0001763835440673695,1645613.864808703
4925.338963368382,0.0001762126052966837,1567033.001091652
5853.244918244628,0.0001775062343806083,1853194.301533374
5216.798175987504,0.0001760013115819296,1661091.028113554
1526.373101960335,0.0001789233914239137,480709.4095601782
3537.203997814476,0.0001798029012934664,1110356.170497613
4587.828921877393,0.0001788087130542373,1445488.907374303
160.9225814735372,0.0002007174869761951,46941.84807374341
141.3128995379995,0.0002007839905743688,41212.51199357081
121.1018391988916,0.000203556524923607,34996.72354706546
255.1571510192504,0.0001970424079679177,75353.1259949645
232.7461847511022,0.0001985581345356778,68384.46411480944
248.6780497909844,0.0001972097310757464,73398.16891667779
290.9830379358904,0.0001953316711018316,86434.25572079055
274.5125833958522,0.0001958850793115506,81388.18289782546
287.0054624592559,0.0001946495118863983,85451.81335649875
316.9657639229847,0.0001984650832275073,93158.59901773794
248.520155755898,0.0001988719714100654,72942.26270112714
271.6609406658329,0.0001973562380493581,80141.96033242962
294.5508015288381,0.0001965319007569341,87137.44853447532
333.9929258354221,0.0001977416736526507,98402.27319703717
304.2891138709633,0.0001960794293615216,90156.78007175306
236.4076557396453,0.0001945916848380002,70400.97668720486
270.1914886362753,0.000195744450396705,80145.41683844938
279.5217789251744,0.0001952919123911399,83041.04633367017
187.6468253235389,0.0001980797576318085,55222.29995636249
210.3185384206784,0.0001956661495914858,62402.27491802004
181.0172140595648,0.0001954833756426717,53741.93797256407
193.2442475062013,0.0001939973742408224,57664.60748402122
223.4825058384279,0.0001941782370573275,66646.36947643783
239.8253799749661,0.0001921317126226744,72027.07389790376
390.9213061530226,0.0001915570267649407,117640.6140680725
228.2163592542499,0.0001933425904654635,68254.04860011768
278.6193985738357,0.0001914773183253322,83868.67710575741
203.5226164887841,0.0001945373390756928,60619.26921402519
228.459785939288,0.0001959640856722696,67716.12664047394
187.4246047835576,0.0001948357968899358,55767.44773980221
3659061.508707481,0.0001318741360467985,1412309753.534304
3559230.813892955,0.0001309707549960099,1380087424.639991
5075974.098440655,0.0001250916507321575,2029397782.996602
1543504.153872201,0.0001441268507140949,561493247.5893923
1510315.401846242,0.0001429139395637184,552524139.8533665
2493922.830141785,0.0001380681429736839,933585336.6325593
1385244.395106536,0.0001421871163094827,508494473.659481
1125114.246145657,0.00014210899144989,413157447.3926495
2252869.145397807,0.0001364392927019718,850047108.0525339
3052713.682118393,0.0001380555219738724,1142835050.494942
1882223.805527211,0.0001429106094625458,688591431.609748
2919925.956468187,0.0001368554258850836,1099504872.802186
388652.9991123819,0.0001523772219293105,136232896.0747212
308521.3610626633,0.0001520721036337313,108289297.4609984
810726.4932003212,0.0001473665615825464,290586253.0100966
83641.82190843447,0.0001609991552633631,28262316.30417344
238903.2832122105,0.0001562065075144775,82367528.82806408
243469.4238942821,0.0001575818838925952,83452669.97295049
30384.42870168369,0.0001608187145255637,10274483.93545089
24115.5514926978,0.000160326555122322,8171345.193350975
100237.3539525296,0.0001563561217151587,34537137.05279009
32165.09420147539,0.0001556543932920111,11115881.43039053
59167.43192396505,0.0001548159863255349,20521330.60797944
19302.25566920144,0.0001586282682859362,6587000.175783858
663295.3827525481,0.0001422534135987167,243406315.8231592
1507321.452808756,0.0001362347716151384,569307932.1897662
1701170.264889122,0.0001356947970830265,644227093.8365144
537521.5234723493,0.0001437236304356632,195904196.7410495
958843.6514873053,0.0001415610202289449,353008645.004209
1314368.95929344,0.0001377026921095465,492896430.9872689
185738.68011571,0.0001505854522693512,65621629.42278461
289450.0431451737,0.0001471703166836669,103838913.5926825
516854.5128189768,0.0001459324816373974,186466291.7057343
98402.08787579949,0.0001524114777297416,34487300.19602161
62396.94382370647,0.0001532450724053865,21789083.98517572
177007.4901243053,0.0001490007486521822,62979519.6191555
377213.3393870367,0.0001469070370945993,135485237.1346873
563988.2087837078,0.0001440149037018931,205272954.0000582
767929.258733046,0.00014345843892277,280223023.3805612
348132.7734357175,0.0001461518016028772,125470644.20456
329402.5704055413,0.0001474363178667995,118029526.9026003
699021.0752982059,0.0001439947149144212,254444207.3675448
11102.20294037429,0.0001611608416430995,3748890.974991302
20989.38961836291,0.0001572437796432483,7204726.399106901
10912.60500217439,0.0001602127111038457,3699392.875572151
11355.0953901803,0.0001609304376562139,3837944.221743434
10776.07900354755,0.000158821897457972,3674406.323900015
15481.66737638249,0.0001603487840800719,5245343.714505841
13453508.01376952,6.619485126958424e-05,8221531680.573689
12021833.03214277,7.33853059826558e-05,6858533837.504024
11732804.60365641,7.377253315655555e-05,6670197714.26157
6232139.96728978,0.0001122046398456696,2678942062.276255
6652964.916742592,0.0001080247865668802,2933141099.519326
8058015.543071474,0.0001037970969341848,3648418333.361654
5325953.519934691,0.0001202099305825729,2186605692.64318
5895033.601074917,0.0001160836920931652,2477263154.039604
7661346.791380396,0.0001110404035945245,3316279299.856373
3205103.563258645,0.0001270319925505084,1268333101.02652
2238787.061641094,0.0001312003016622595,867074137.6432587
2792494.228579658,0.0001257349328301161,1112640800.496352
4508714.382484746,0.000123506174982821,1817998874.684181
4121696.642873276,0.0001242211348577131,1655562940.21277
5033470.074092066,0.0001193860260945946,2076021403.037368
3919493.193422668,0.0001263287743676691,1556784119.61124
2785995.665741817,0.0001306792574177428,1081872291.163003
3559236.367716512,0.0001270450728667561,1408374908.818785
2348242.811784971,0.0001273668324830506,927624269.6828972
1843022.502349107,0.0001328294535200956,707947491.3730158
1526628.666070391,0.0001335602853763931,584272152.4394202
997813.1922204011,0.0001357291968965101,377804438.0394812
1242556.689500957,0.0001309456950530256,481861315.1897216
1167034.97991795,0.0001348566545340516,443781253.3341323
171537.0084811009,0.0001423642227494683,62915442.82163809
256914.527089791,0.0001431271527310691,93894605.30578277
81528.94733780307,0.0001457622390432687,29436204.70262272
72394.8059628863,0.0001409250477300704,26733056.40393154
120306.3703105095,0.0001417307050896797,44256730.37445243
34874.21430097548,0.0001448118500119449,12646442.21861913
21164.37530420053,0.0001454454781511764,7652534.655689705
47838.33337756201,0.0001418523846107515,17588073.84657777
18605.86603982487,0.0001457420160796072,6718310.026661906
74650.49453529931,0.0001365458869200929,28152282.2053211
241332.3003129296,0.0001322386874359654,92977193.41688336
99375.49277227883,0.00013737362089077,37325909.45229492
530321.4241132546,0.0001340758133714169,202444296.3018518
640662.0469968889,0.0001354668072297553,242888563.7975064
315191.6526250881,0.0001384926757313143,117748894.017953
288062.1575131877,0.000140219595605447,106728499.1483669
601723.7948128094,0.0001371962553418275,226205076.528425
396158.6155379588,0.0001409889340666223,146244346.8487124
1806496.635553068,0.0001179261605921752,751214077.122625
2811013.51675908,0.0001125481315501905,1205879949.911586
1888883.877451118,0.0001203716696660715,774799032.8737862
1268528.275119866,0.0001170920494510238,530007335.3358105
1263017.965188937,0.0001197253011667663,519938810.0412307
678299.932025345,0.0001248194154040001,271581600.9164173
1836792.466457473,0.0001123067785080188,789083162.1356452
3026082.612537294,0.0001056880935038665,1353723820.575496
1830160.598819529,0.0001149439689390372,774161807.3938731
1441518.14941721,0.0001263582073238311,572467906.1825469
1302234.617901688,0.0001284831333284888,511436622.5129432
1021799.396520292,0.0001319244909292243,394289631.9149516
555846.6116727694,0.0001279021032295735,218962548.1937725
1093702.391001832,0.0001228095763508261,442667535.5335253
662817.115448682,0.0001294265741485985,259046707.7548009
2592557.722046159,0.0001186419215648909,1073749529.372482
1666630.008852385,0.0001251645138926973,666067718.8941311
1823735.993139769,0.0001230352200147697,737240190.3704687
617516.9347591142,0.0001397930160242745,229258381.5940573
254591.9310790612,0.0001438914446075908,92715992.8624924
390631.8295222972,0.0001422404861015521,143356968.664721
19490023.60282529,1.857386489606843e-05,27789293793.99821
20724048.28304775,1.800222189422515e-05,30171056753.58592
21844214.77639314,2.197992606957079e-05,27838913809.08322
15834907.77424422,2.827195727266655e-05,17062589970.74685
16528265.57254587,2.474163711722308e-05,19465922671.51011
20153969.63186966,2.526489254537371e-05,23407172885.46117
25370319.91489775,1.557313144300063e-05,40682594708.77509
23571287.99809268,1.384880557243213e-05,40873494429.07899
20683448.15443312,1.646325588122806e-05,31960418429.80997
13866158.64914792,6.650014337981898e-05,8447751116.417801
12639558.86220714,7.333765367017305e-05,7214073718.259921
12280793.89330196,7.335710423119379e-05,7008068258.975747
14099958.1585573,6.378062614862685e-05,8832669321.31653
14240607.7250256,6.410968979003754e-05,8890224739.181644
12633334.32663412,7.096953308239639e-05,7370043040.073768
15831899.05540783,5.284551117384858e-05,11242449445.93615
15433569.57542951,5.377035713750807e-05,10833557766.92213
15128845.68650829,5.89759389891684e-05,9985179665.050446
16841405.38868713,4.293124821060819e-05,13736074979.30027
16370203.04055377,4.842467528548189e-05,12321859559.74336
16400119.01346815,4.771115517829477e-05,12467145991.89753
15736881.96814842,5.444295291961593e-05,10955299096.41091
15035965.49773333,6.057419848192423e-05,9748539063.994637
15060036.09582026,6.016383963060888e-05,9808493670.005594
17340951.23002502,5.31110582127723e-05,12272968335.80808
21649604.49376144,5.057822929796264e-05,15829755957.2493
18426444.37221077,5.746077626552254e-05,12374487307.389
16021616.89293664,4.378391100127501e-05,12897235831.07066
15572774.74709423,4.514911605710102e-05,12281926680.79545
15560207.07170768,4.919409056874002e-05,11589732563.74826
16323657.22110413,3.918659019830073e-05,14149002272.9751
17172420.66744006,3.446520127252212e-05,16214776717.17356
15481733.37872084,3.689244753172675e-05,13969942064.857
18776638.22514324,1.69638038467091e-05,28440398498.83239
20640660.01667294,1.601614291088547e-05,32485156013.5514
19536214.9916641,1.415571091354716e-05,33385096505.87545
21066097.84685994,1.528862609197142e-05,34198347744.31359
18877699.7075296,1.678139413059727e-05,28800302439.46026
19639297.62761879,1.397471739240255e-05,33850409675.57331
16308054.81381412,2.085209089463981e-05,21526285184.98325
16121033.86252757,2.359042956352174e-05,19599078729.45577
17232884.5867279,1.981809395039775e-05,23531524145.11509
17840152.34553825,2.961571039166872e-05,18637334031.88977
18432657.48355674,2.537638971493892e-05,21345257396.45961
16651324.02423978,2.645463123057168e-05,18754880328.35238
21139525.87557304,8.845335885715869e-06,49425646249.48458
23185406.57429491,9.480479977119194e-06,51760027584.3493
24072836.49511533,7.359836952464208e-06,63623145593.45023
23931063.05732233,6.935847203511278e-06,65800467579.84672
21316485.70336867,8.209388397168941e-06,52381155169.7166
24261650.3074087,6.725516022655431e-06,68093124781.14589
20116594.55773469,1.165568056874941e-05,39131759142.14873
22182300.26183658,1.055539286263801e-05,46098873373.29295
20182199.17472648,9.919248858947356e-06,43716893843.60423
17350152.96949295,1.909671028134965e-05,24284598923.81344
18303672.75031146,1.806215437219563e-05,26588379932.98748
20459461.15142394,1.656876691712121e-05,31479952304.147
21594706.38229391,1.471398444592968e-05,35963375011.8148
22547744.12508225,1.175476540021493e-05,43614120629.72116
20464678.0837126,1.28534366472005e-05,37295698318.86709
21447232.274408,2.070318875470613e-05,28445468701.37241
21299395.63717845,1.832608977553879e-05,30642256301.378
20085660.146587,2.196744452071527e-05,25607454982.0477
21775209.86256545,1.898968584525984e-05,30592654540.56249
21179795.27066546,1.669402117520096e-05,32425084592.02612
21818780.99774097,1.502270989270514e-05,35836998577.24493
20300919.98829111,3.831531972162924e-05,17862164457.59023
21805439.56044868,3.828053585940766e-05,19197566179.5318
23007373.91985294,4.378522250472676e-05,18520328122.75591
15472280.874475,3.80857022482519e-05,13668253624.8085
17603245.59496121,3.786732830524995e-05,15610481712.83339
15861003.62743175,4.174533153413507e-05,13180302812.31517
15398775.87412817,3.574561647106973e-05,14190716931.4941
15564358.82374606,3.238497082524021e-05,15319181480.73657
17524836.14802196,3.552780018352927e-05,16215926021.5289
15727466.67137323,2.473070205730561e-05,18528253185.32245
15912197.24352909,2.199278573030722e-05,20271069292.64587
15634085.33942948,2.438067353416295e-05,18594107843.14653
23611677.21377828,2.889290703249368e-05,25076447461.14942
22319561.24998552,3.355311732189454e-05,21455093073.58776
22247387.61850924,2.956808751588513e-05,23266454003.18332
10054919.1443314,9.230121738036497e-05,4923118581.065924
10420172.69298827,8.823006886394347e-05,5257716574.826477
9630521.548388317,9.586234255191673e-05,4597811007.411967
14019314.86912776,6.711673550835661e-05,8488668493.950964
12973991.66908313,7.378048481626538e-05,7375292999.320569
12808000.48049317,7.354281068792408e-05,7296610871.753019
14408142.23046709,6.435148473575255e-05,8972268727.96237
14384598.57015944,6.475819638688357e-05,8920062901.793758
13157250.64916114,7.118780593578425e-05,7659987771.124375
15209572.77219573,5.607295780698701e-05,10382008295.17234
14934205.54185035,6.205262855699692e-05,9528151830.155018
14907079.35198292,6.127606931152237e-05,9591031060.188211
13113778.29970285,8.085807199454814e-05,7013135815.524755
11314818.20777665,8.830642157117865e-05,5705837379.709975
11358159.68034247,8.443671282094024e-05,5901382415.385935
73708539.68640859,9.943764561142539e-06,159398385562.3517
68403070.75917783,1.1195351850796e-05,136683817655.494
66557585.3543846,1.417423715460743e-05,113639965854.1639
58761045.74550667,1.630129039728051e-05,91399017376.47359
64543382.51841716,1.177497098654564e-05,124703456473.5107
62837007.19999012,1.55324473508479e-05,100938202247.0658
70951852.5393957,7.731921778681817e-06,181456322422.4463
69503353.92287211,9.576795904203601e-06,154119978886.8309
74850529.02603696,8.369079200152429e-06,181583516517.2238
72694536.31892775,5.441045350297044e-06,234988643157.3112
71751110.92005856,6.696831543213181e-06,201952412983.2669
75671392.00127967,7.344947701447642e-06,200265397893.2606
74364975.17004953,4.459454030556347e-06,274482067487.739
82601665.21550982,3.345881078106379e-06,369245435465.0345
73410736.70956163,5.684594077884426e-06,230476478816.5524
81677322.25467616,1.354187069432913e-06,667291689508.2578
85818792.8819582,2.008921602957975e-06,539022725303.5367
81549140.11229561,2.101452893428828e-06,497057097940.5231
68044755.62068547,7.916222485267782e-06,171309979970.0608
67834879.6665471,9.479846506033872e-06,151444040713.6815
69265976.7812409,7.613198033168447e-06,178981665538.6638
81820691.88105229,3.804158818133482e-06,335756210353.2882
71423558.36891741,6.479146425190052e-06,205508419851.3268
72674599.23190515,6.201191794844291e-06,215310827313.0618
44557559.53465182,7.039450763637092e-06,121309704714.669
35987338.9890798,8.665233800099012e-06,85302719725.32877
40976613.26300292,9.4756770648024e-06,91508736729.53934
32740739.72711243,7.981075663883777e-06,81981186971.72502
33103057.07563664,8.156078959285295e-06,81698450887.16782
37544960.15743183,5.978736914264995e-06,113975634582.1745
50976950.54842056,1.392373088093022e-05,88078539623.35371
43105403.84783232,1.237907733990259e-05,80551358174.79672
40387794.7184399,1.630113681436722e-05,62821004806.43439
27588349.30829972,3.008734017316743e-05,28519146138.85101
37385763.55198875,2.643806648381039e-05,42126281743.30312
34662096.43671875,2.234568288453874e-05,43691042295.98685
16332732.60159111,3.765626434859809e-05,14537867148.85847
20317438.07968364,3.430996730078172e-05,19242230325.21445
17940247.38238154,3.222803981674507e-05,17714918813.27584
14980859.35016033,5.12558354576542e-05,10856950274.37355
12865063.93400453,5.840249314570561e-05,8546553667.000628
19589386.44644567,4.798671895626639e-05,14834518782.81618
31697507.74210069,3.643106041156756e-05,28843231002.69521
40242914.18766287,2.848578350437996e-05,43145679169.42316
50636945.82323702,2.484149813092006e-05,59476989885.85368
19543585.49733272,5.315944184159749e-05,13823477230.08057
11204670.98347349,6.382527778916769e-05,7015693906.05166
7173971.770279177,7.320013438938775e-05,4099696852.251002
24241012.31135321,4.656810765234362e-05,18728012560.75837
21988981.80689875,4.681447312647093e-05,16928495404.48191
14822818.67002453,5.723111802865275e-05,9981044130.478094
20609678.80082181,4.741144246435693e-05,15733153419.14196
22763162.80461154,4.738562867487835e-05,17383404656.7907
10480052.9773003,6.078699449267415e-05,6778855306.258881
29912778.77859793,3.907885187391324e-05,25975399076.50367
48374358.94663319,2.748250390549815e-05,53118323220.31757
32496211.50447675,3.906776558538413e-05,28224116142.5363
35113034.48519746,3.060456015189824e-05,35887587816.37125
25641023.52300344,3.425882773988613e-05,24308249850.7005
26341467.29457142,3.902661766844571e-05,22894580319.27485
11856767.82497436,5.240219226507178e-05,8467073795.658911
13697058.6473453,4.940084788202246e-05,10173515396.81677
13850496.38965527,4.470903140398608e-05,10995167022.91974
14166881.06244036,3.99659519564797e-05,12119391263.49289
12889835.19852845,4.601822437498012e-05,10037543950.71507
14164596.75255618,4.154576523726061e-05,11808272679.63587
7987424.934849808,7.005035506413349e-05,4700382807.621527
8729429.003130024,6.786943609381969e-05,5246499993.526034
9703241.922731027,6.116314275291107e-05,6250628161.290243
4066414.236320999,8.953818794007863e-05,2031761608.781069
3683039.986242847,9.285993557807874e-05,1796060032.186897
2625310.891992577,9.779146216759366e-05,1236839786.844939
32131.59827536016,0.0001078199173440082,14184030.79620819
24695.77911320829,0.0001187757451084814,10220470.51501295
23865.94058327716,0.0001162703967309746,10018417.33039974
1435121.1754398,8.255038402649879e-05,756965071.8659844
301800.5319419831,9.50135264594121e-05,144942709.6367186
929727.6187817975,8.846137940760007e-05,468295438.6682198
2824772.728911654,7.417449989330759e-05,1600099884.559122
2192771.598379113,7.734228369256351e-05,1207949383.50557
1555157.171899323,8.325059864919202e-05,815672919.8828974
6372859.900252747,6.709641950404065e-05,3859533435.16133
15825538.96078537,5.233384062967876e-05,11311063428.33758
7159023.624678248,6.572144902847273e-05,4395912528.808982
33598.72791210794,0.000120870366646462,13743888.03365015
28706.13605244267,0.0001288098581833621,11254909.42009846
25903.8727773212,0.0001238934387372439,10423154.14099471
1419845.917396187,8.305829225942687e-05,745851816.978568
881070.613960003,9.048974392783942e-05,437130534.3476135
294817.7193435439,9.551914806469743e-05,141089043.3298005
26584.61340624993,0.0001400166844861985,9859248.721176615
24530.47414786528,0.0001432607614606229,8959582.495750807
22279.04809845712,0.000144485363022498,8091220.975150477
49802.14921012411,0.000115515838538288,20996829.82783761
39331.51610649307,0.000122947053957586,15907255.97345418
38266.09435433853,0.0001248099780704466,15321969.73330793
533135.1669694843,9.871904291197497e-05,249595474.3746963
127701.7753031031,0.0001080431896598446,56294418.43014966
112042.4380571537,0.0001116799462997606,48313194.34973832
106833.2502081765,0.0001023189089867743,48835522.7358628
522058.246416516,9.728664606439964e-05,246802832.2746345
106995.9381293176,0.0001102516856709637,46534722.89394636
430827.5131423657,0.0001005896424287725,199190178.3645725
1059215.024802334,9.126327168163129e-05,522540684.8111876
2343379.531464325,8.185770623492895e-05,1242995581.650506
2222116.340489878,7.82464226163625e-05,1214666719.171738
3025462.185926284,7.627144797175537e-05,1682223652.664891
1532042.918404078,8.567762500379226e-05,788302043.1775115
3715689.410746064,7.141353603205002e-05,2158667301.153745
8913214.849493144,5.836237888116502e-05,5923963646.238231
4736375.125325552,6.944437081597583e-05,2803419306.983197
78049.09442520632,0.0001070981109753373,34608278.31695839
48075.21752248639,0.0001185181213772061,19924988.77224661
59586.18575196593,0.0001110867334823116,25785216.87170517
77841.86597487709,0.0001089632533897324,34121375.50293094
53549.39285315735,0.0001148346280822292,22665882.81113069
52946.18249639916,0.0001240637524608593,21284888.38079547
6965518.800872449,9.862335050165656e-05,3263124422.635537
6123964.320215069,0.0001024521042645252,2796954468.180042
7679658.521872932,9.339963528658341e-05,3730598023.990919
889894.6510716454,0.0001326070187875518,342211228.4794724
758920.2940277624,0.0001312108529873713,293911329.3701872
1283992.066005013,0.0001270393630584029,508085500.8873808
3907933.131109193,0.0001074953192855541,1728571790.390914
5222785.888473509,0.0001021124031337393,2390653076.233962
3741488.317278361,0.0001109250581733311,1620657649.350105
3454061.717139758,9.988880480928702e-05,1604423011.034178
3481892.549100461,0.0001019243773699411,1595744366.635579
2195441.563484307,0.0001085430674995306,964836714.9133854
1776991.470022857,0.0001084820213470911,781232251.4678495
2976572.021983652,0.0001015264554424539,1367719102.473585
1818360.853262472,0.0001101847828743068,791162437.1213944
4968068.466397725,8.622565571705513e-05,2545442172.771372
6653084.138804881,7.693470360044821e-05,3677969802.401476
6793410.574895269,7.72308880539687e-05,3745937357.452732
2120784.049971746,0.000101884976407018,972201639.237831
3080498.44229793,9.695183659916988e-05,1459655270.790608
1851165.780179997,0.0001059091739881404,826969691.5046173
471799.4366881087,0.0001218123538595249,191997921.7281419
456409.0590907825,0.0001179119166697679,189808558.1001405
981648.4576086384,0.0001140854011678503,417320071.0239833
4099054.704267017,8.705854898055374e-05,2086777271.999268
4323808.605470549,8.167777590215539e-05,2296838852.863889
7553085.627288481,7.229478246075017e-05,4352309501.80895
448370.3095097584,0.0001084716561187234,197133000.6390988
2085660.123332061,9.85023630901069e-05,977865456.5655698
1577300.702930936,0.0001027067789718681,719197922.0927194
563427.2117702815,0.0001052751023089603,252708996.6580265
2496272.041463912,8.99219864890344e-05,1243697183.971806
2326219.07573049,9.530603584693557e-05,1114902806.825584
9505727.988557348,7.317049365989313e-05,5433688350.801058
11069663.62752105,6.309707940872002e-05,6984386313.389092
11410858.83144788,6.754663892278235e-05,6879905982.89601
4457707.496954513,8.999048801382591e-05,2219799911.942605
6194270.44139869,8.099471818156915e-05,3308915654.263506
4447902.379439655,9.199250837082929e-05,2182664272.583719
8115951.361673014,6.87232581082409e-05,4837306528.471645
9844849.585299468,5.98380354672914e-05,6435133098.994736
9272945.599035772,6.256594641897832e-05,5883815323.799533
6647988.224227717,9.265067148601684e-05,3246817369.803462
5984680.528005798,9.754445723115669e-05,2824268015.158651
4570481.460216589,0.0001029260456829393,2081030408.71398
4570033.761186074,9.401419564494028e-05,2210330001.945176
6753318.072245712,8.505423921227698e-05,3491831100.015181
4602037.963923876,9.605428600067625e-05,2194180569.8596
9606187.673773061,8.177988243361171e-05,5098629007.973022
7218570.873051532,9.22599541988498e-05,3535431293.271659
7945342.812257362,8.736296583346264e-05,4035472517.501887
26296.39862330502,0.0001394847403978133,9777139.435714277
22015.26918978328,0.0001439584014639733,8014922.422236862
23432.59881259376,0.0001411327764475694,8644406.877539735
28206.09050187302,0.00013360824941473,10792466.58150761
31292.58411887678,0.0001313272441056512,12111693.57123051
25580.30570717445,0.000137432141909953,9605357.209595969
36539.57361094063,0.0001281378839902892,14376233.22973786
40951.25329633207,0.000131822363690124,15810337.2734459
32607.19454831223,0.0001344552808689376,12424002.35845098
7716.751198069515,0.0001724503274718195,2490721.382367471
7438.711412942518,0.0001713610252380707,2411143.227381073
9474.607507032313,0.0001703027369745159,3083756.961566593
7009.764746853626,0.0001760152092024969,2231875.572049702
7175.29663214969,0.0001744032677040348,2298635.526370159
7084.863572773972,0.0001754132366766357,2260944.579888308
6906.782710313468,0.0001740831587125659,2215327.579848833
6837.690631110473,0.0001723061269779631,2208219.803234953
7104.366788432751,0.0001733954411503638,2284723.201709236
6348.150449045564,0.0001778227276530042,2007500.670731383
6872.341985526758,0.0001765192096547782,2183953.799290881
4521.42724202277,0.0001776643373706403,1430678.463687532
11093.93668915346,0.0001603922757177922,3758057.178110343
12090.35098929395,0.0001575423002317747,4144836.979997507
12443.19134358728,0.0001574934175077487,4266681.009063379
9636.061886007028,0.0001654346775581969,3197534.31804683
10203.34612123788,0.0001629428105802393,3420207.72654069
10355.30475769117,0.0001623533451716288,3479541.792723347
8518.068754234891,0.0001682695928199838,2794714.052327837
5934.732401611192,0.0001702300844627551,1932162.274333087
9290.09022959202,0.0001692404058739431,3036341.111980519
4440.282173041088,0.0001797156982747533,1394290.366183864
4585.050792812572,0.0001785745852154747,1445876.007081017
5609.19489394737,0.0001787215129270627,1767865.857959356
751.0524760497956,0.0001815274334096583,234265.734882594
2439.60458305807,0.0001804825779275635,763887.2303871784
840.2334638088646,0.0001796030697279566,263951.5017616044
486.3555962466257,0.0001813931556353329,151777.2407815197
423.1502461905276,0.0001817550728821317,131877.3577424167
490.7137754559652,0.0001798306907746939,154023.0460886862
370.0959529325518,0.0001845331794008497,114182.1000654488
488.9392748352421,0.0001857454882449913,150190.5963446203
399.9791860142591,0.0001835660405926429,123834.7405383439
850.1436688519742,0.0001821244752136347,264594.0756708916
962.6126368258612,0.0001829987292011314,298643.345962059
2368.72283416683,0.0001815807791688445,738699.2584508359
3491.397784766454,0.0001790161191937535,1099186.130933112
1388.604231672407,0.0001809506606025025,434048.6093390082
3738.253724507304,0.0001796942182487516,1173940.373492528
2428.391034254086,0.0001810402210083398,758813.8341231294
744.8363902005567,0.0001820850715682552,231852.2558894269
814.0863091757152,0.0001818336449611809,253641.8748790633
937.2070517872406,0.0001720520100391301,302967.2702035956
574.2160497988493,0.0001745199209992433,183870.4710731356
779.8784934263319,0.0001734412006790975,250760.2898379678
5645.04688885052,0.0001590450073656301,1923036.496280946
7354.833834350564,0.0001568191627602389,2529143.345122873
7407.807553196083,0.0001563607375922153,2552336.224725639
1936.848560743292,0.0001689675697917805,633714.182439631
4079.8623468819,0.0001665030841303613,1348023.061968054
3024.376391384352,0.0001660353746482976,1001156.769528663
6018.51635520863,0.0001592953213341288,2048113.867707342
7169.371025446801,0.0001557854619692091,2476261.119228132
7946.681198110821,0.0001570907350677856,2729514.522026159
12616.96340908973,0.0001506651912067515,4456010.704910081
12032.23253286845,0.0001504509249014742,4253531.386836724
13132.13141835157,0.0001487965718794831,4676704.573543539
9376.695377349282,0.0001546310263406966,3254758.088219746
11762.84052558112,0.0001521953859463281,4126462.330912555
11687.89534847027,0.0001522679434058262,4098868.570826964
8717.950440160646,0.0001548310080080955,3023493.934282348
8660.474809873345,0.000155289856756096,2997641.159518253
10886.60687537347,0.0001529268094209573,3806888.193358383
6415.537432442199,0.0001597305888341246,2179252.97821408
8141.525109717276,0.0001574552151710063,2792122.061465965
7671.200235536462,0.0001571754047518307,2633946.366017623
9919.655235120636,0.0001549090124375754,3439105.151424034
11223.71202569845,0.0001519790496533974,3941068.942463952
11788.69254730384,0.0001521932921665175,4135569.276604316
16664.14415933276,0.0001406148179254226,6162575.997496294
18678.51507949176,0.0001385076005494775,6977394.472045978
15960.49984546436,0.0001434344140004726,5824753.880067783
24499.55322078521,0.0001376479693473142,9189917.768228112
27786.72061219682,0.0001352082392177295,10547961.18464285
54512.45498558279,0.0001318998584317763,21037761.21585308
9584949.25544852,5.963782532593575e-05,6279262211.869349
14535681.63402393,5.518276807171512e-05,10028433088.91688
6166707.491510775,7.683726483814569e-05,3411971677.756713
13600068.50632907,6.168883186110718e-05,8711041143.664677
8295805.727051955,6.965218690216328e-05,4900443676.256987
5865080.649080801,7.570003857417861e-05,3277504181.82503
39804337.85064191,2.285973397830323e-05,49417748598.19105
51395579.45806824,1.460633735740032e-05,86013155795.61751
38700698.13101823,2.647959159784762e-05,43562347762.49666
22841814.81346995,5.054620339439657e-05,16708530117.71876
12038287.96537714,6.335982776101998e-05,7574524984.71803
18294496.61836801,5.540357337592288e-05,12588151079.70925
30737191.68042044,3.760929476136246e-05,27382140358.10368
28068099.72322471,4.411496700891015e-05,22481349208.71524
22999976.25094854,4.896560584170177e-05,17184357511.02766
60538140.60044926,1.929054835164912e-05,84165226334.95715
64671256.60542324,1.791392231576736e-05,94460630914.37772
42456703.07750572,3.424544359370656e-05,40260367585.55331
19973.99113389333,0.0001350849305620299,7586828.206783744
20588.40439104617,0.0001301186143829561,8017944.947983674
18289.31170237433,0.0001368211178288911,6888033.839870228
32990.25584011944,0.0001240028578197566,13266750.2665795
20150.07250402598,0.0001289431859737562,7894858.466499876
20342.39951057519,0.0001316878258120882,7859080.929904062
594436.2749847086,0.0001027496010423024,270968334.0128189
254459.6017239219,0.0001079827800053895,112214550.3765719
420991.0304257116,0.0001063090167408472,187597094.9034154
20081.82855232122,0.0001214553454824041,8188270.21129942
20085.08197059574,0.0001263850736238839,7975227.575960022
32907.08305227431,0.000121446464905449,13418360.90947763
90616.63050521008,0.0001134583743540816,38664898.24212629
32955.46363125857,0.0001182231697912299,13681247.29025815
48942.32551973092,0.0001182151117067418,20319012.76990414
563697.8368456996,9.589691384916872e-05,269056371.4720191
280825.6654604736,0.0001053793845322901,125873128.0353447
634391.4059397223,0.0001001469013645597,294170383.5461433
53091.70626705933,0.0001112138558054167,22957296.90268864
33794.6492401049,0.0001164729334431996,14169828.72410007
92004.70645257839,0.0001117077927151769,39666242.59924209
77423.99241501746,0.0001084986817578825,34035013.02537045
83728.3972730181,0.0001077705019271459,36971991.20146389
253628.4889956664,0.0001024676197841953,115826233.9488436
31032.10923736599,0.0001143584025267916,13171419.29971347
20316.02577907029,0.0001201650937265967,8342954.380924978
19593.84268055985,0.0001193742333673211,8081882.890921228
174325.4414343554,0.0001010210589294862,80368555.48676431
169924.1404848383,0.0001034371225911135,77114751.11709419
309182.3418141053,0.0001001079005517878,143406591.404901
20733.46320404248,0.0001372762677544429,7791269.165927159
18312.58840139566,0.0001419807285377221,6728684.015966186
17909.86703777177,0.0001446227407837174,6500318.49979085
17005.57042642909,0.0001262324854324965,6757879.580533382
16584.75374136687,0.0001215392966636052,6759240.221455728
16403.64763717048,0.0001220239523690632,6667715.177133971
27467.57948011801,0.0001267650027214953,10884808.9272559
24695.91172983235,0.000132703402265382,9492276.039171195
21675.92889089926,0.0001340248684003043,8276641.125651105
14305.88204769551,0.00015513533806754,4954967.561692697
14902.43939457235,0.0001541756644243172,5182987.305903597
13694.65429777351,0.0001567364096794522,4710906.421425143
14928.97160837762,0.0001534401255383183,5208794.958669215
16213.45062293092,0.0001499555679215524,5744255.154815457
15538.25068675609,0.0001524803655558041,5444101.006291357
12254.34496838356,0.0001580624806237586,4191835.57961943
13633.632786432,0.0001561070491377456,4702512.03916212
13037.09761769843,0.0001577080989751011,4466269.44029191
14838.46836700754,0.0001516277479684273,5218391.02663104
16033.1895727057,0.0001497425177966234,5685777.232937401
14756.0186599279,0.0001532269026894903,5153225.895322215
9413.952978237563,0.0001582277839938736,3217981.385225977
11350.01908602574,0.0001552186410195298,3929771.879925314
11071.89916528888,0.0001579887023847202,3788536.134404722
17417.50339910148,0.0001449090430681658,6313287.663113522
16704.91382899988,0.0001476628567857447,5979479.695463773
15484.94298998778,0.0001495481549415876,5496111.96271424
18759.73883527338,0.0001418320504667274,6897798.979037191
20851.86171700077,0.000137239335883773,7837166.936960995
18019.92043496999,0.0001445853205881226,6541390.374245022
18737.64748694822,0.0001232162849797286,7567219.366500035
25020.35916419045,0.0001232177937282381,10104416.84349316
16826.04250187011,0.0001257679820517429,6702990.23097234
20523.19848841672,0.0001314238030282402,7939546.413705665
18013.44953269243,0.0001259758546585573,7168121.282654251
17233.8124745182,0.0001313637621895063,6669055.183353765
18148.92997602707,0.0001395118169080395,6746994.589165825
20559.29932435868,0.0001348079198934099,7819843.073265821
17266.8953181691,0.0001347479323444377,6569508.055809258
17575.50234539354,0.0001392115755902011,6543209.831279068
15860.03967018197,0.0001361355925276408,5993168.367923606
17091.78598983698,0.0001325892943312061,6573275.075247886
33896.12396310834,0.0001146229330851746,14364891.86183024
29507.23199781942,0.0001204314148111852,12099533.11067464
22645.42461029323,0.0001204293272487276,9285934.75942618
13863.97450337688,0.0001568820923567743,4766198.976419412
13585.9320417635,0.0001571731130733037,4664845.53545717
14789.01475463669,0.0001546122700755613,5133851.131593565
3348007.105781968,9.090328806506673e-05,1656024062.093063
6145848.231634506,7.207494247147536e-05,3548615635.688375
1909162.796788822,0.0001033062930953047,867145106.0161365
18494.7293803154,0.0001389963607329493,6892535.75978102
15975.32509046624,0.00014257020654339,5853700.775431592
15790.64577684016,0.0001439233638310017,5749706.69188274
108667.6131409338,0.0001243648503674948,43614914.64319444
42739.97925752753,0.0001323023309986435,16460990.95995678
76238.11344972751,0.0001286618684158654,29913844.95347035
94397.30995747683,0.0001239234726959875,37977283.93981607
34777.57559446661,0.0001268954374159578,13772157.00890917
33977.63690466373,0.0001318597727348328,13115503.14068536
18881.42459531849,0.0001379328576659003,7072771.093137906
17244.49769636536,0.0001396692014851214,6405948.582528357
16334.85936698692,0.0001415066095323855,6015396.371273731
1783883.314164362,0.000101385014439858,820447126.6394653
374383.4567134148,0.0001166360550647353,156829624.1617877
311736.4244178192,0.000120931690937795,127475717.8098901
246648.3057807811,0.0001122921654986751,105968917.666134
74224.55100179103,0.0001187248035672614,30726984.35870851
58558.6251922671,0.0001219404293986762,23813636.7882318
16484.72499348915,0.0001378077762374471,6178730.079537491
16647.14652195633,0.0001403238281782743,6164798.025814778
15225.0130363569,0.0001432174478118544,5561949.649929989
17021.4472744598,0.0001376051106272997,6386164.59905337
16857.20547170507,0.0001350899265232845,6402804.922147275
16682.16827574701,0.0001323436704212432,6423677.279585174
15546.38500557161,0.0001358401128665795,5883160.946707774
16687.14409349711,0.0001377927041991218,6255055.976631545
16351.2302087692,0.0001325311183904876,6290307.231030619
16646.3307006874,0.0001230217174538553,6729725.153568332
17067.92299064778,0.0001277145522082783,6730082.965035476
16649.29279759861,0.0001279526233576346,6556866.297756475
17439.31893390765,0.0001419297171765554,6409349.615104699
16557.7934219309,0.0001434598416383102,6042020.974382482
15730.68623515315,0.0001388529662453251,5866479.546287344
15039.54412795202,0.0001466046506033096,5409239.044355288
14871.90514814227,0.0001454174562470416,5378017.915523671
16277.82065756869,0.0001425227548694104,5965865.440987214
16456.7381615608,0.0001377138437008324,6171044.705411742
15198.11725023937,0.0001431238375025808,5554544.825016332
16534.79147672021,0.0001399486554894905,6134128.958935345
13504.60951614392,0.0001477859964176564,4831253.676515945
13664.37863545069,0.0001489732188782403,4862404.520917394
10945.39020220389,0.0001519960651604085,3843052.80572611
11684.17998844087,0.0001500254943859576,4138295.772546201
12998.05162095502,0.0001480490410009163,4644523.789525596
10489.83222637054,0.0001522592120212466,3678856.295111225
11550.74220588901,0.0001518782871159189,4057695.28998068
11152.11473966776,0.0001510960281716131,3931170.349641954
9313.300097688079,0.0001537827288398486,3244630.317212106
12731.42250091979,0.0001503289999882353,4503136.225227838
13910.3967559208,0.0001475849614268669,4980941.562023506
12312.74289245459,0.0001495464305392739,4370228.147521136
15378.08951607031,0.0001431440134315389,5619792.212478199
16261.05244124719,0.0001413063508869792,5993872.900818706
14935.72304831971,0.0001444821448858119,5424380.321364022
4879.267271480501,0.0001609962100164951,1648709.62418631
5688.607809940362,0.0001602773789653328,1927929.603633835
4899.610001277382,0.0001626581817250925,1644286.799771464
3268.727844758909,0.000164557179737036,1088514.46722655
4262.68413438183,0.0001620661918252626,1434018.874878849
4281.699517022856,0.0001637280696971288,1430652.280525348
5726.419959149015,0.0001603792123647155,1939922.933474031
6915.826881259177,0.000157823985029401,2368074.947647497
5261.275435627452,0.0001600494012750071,1784794.980148939
14464.28175597313,0.0001448614002452259,5243988.780044667
14035.35724756704,0.0001461996989045252,5057382.707387361
12668.69569366464,0.00014817599252924,4524250.826434834
8573.758822486749,0.0001553645108399132,2966675.520737284
7023.442023341789,0.0001577828550816947,2405341.779911647
7951.282600371236,0.0001558174941259212,2745952.657721462
15454.62593629909,0.0001472792679255538,5541543.58473562
13241.41689575731,0.0001511725874634599,4666082.661245141
14545.90870777582,0.0001487072116518125,5182263.647547324
8107.348330304505,0.0001584823309771295,2768375.089001716
7059.980645543134,0.0001584491041196894,2411072.771045015
8614.124228133778,0.0001560307102639583,2972152.394079486
12470.93119666326,0.0001569956070729168,4285227.495752309
13941.94767325365,0.0001534409121180562,4864400.608215918
13862.03104445359,0.0001550402248639238,4803199.301448197
16693.02412002964,0.0001404317511260926,6178619.916327596
15552.06050867717,0.0001384786559195605,5810310.982735395
16374.518616025,0.0001430852375600117,5985567.352349785
20467.09264181985,0.0001187061277932536,8473719.095935946
20669.33217291801,0.0001182227753291685,8580758.473516127
36233.69111966796,0.0001129634676736972,15505552.08108036
20559.53436392528,0.0001293637364210302,8037819.338298258
17367.19827084624,0.0001231255894730912,7017205.803901983
18047.49227150761,0.000123916743474502,7261007.244487444
16792.48620241592,0.0001304615698489216,6528197.228139462
15571.77479769359,0.0001340073135847144,5946377.09394473
16377.26866527245,0.0001306989062220443,6359068.523411663
20537.78305628206,0.0001305029697505733,7982519.085584136
17966.04599047706,0.000128473682065793,7056289.541374397
17347.20731787754,0.0001242648223617853,6966223.969550383
20937.70775224451,0.0001341138655903817,7991224.777281415
18841.1690225803,0.0001387063649549312,7031428.829982537
18340.21905815519,0.0001320835293459829,7071400.072416046
4087.850322292089,0.0001754638959391188,1304276.913022787
5315.740796278923,0.0001743122297900246,1703512.103772741
1989.381233279208,0.0001754518291560139,634764.6747866013
3183.009220436181,0.0001721991964220529,1028372.567480039
3507.059396743275,0.0001717113419889156,1135212.417582676
2955.347751419888,0.0001738830538451373,948645.0648513486
8969.435052500477,0.0001663160724731506,2965802.833260877
10086.0323555938,0.0001631909976627529,3377454.901702527
10461.98304015286,0.0001633926008594865,3500465.119092896
10066.51533944169,0.0001633299392493854,3369007.356512624
8902.422255628311,0.000165249964912894,2956291.620533892
9623.644808333802,0.0001635494410246778,3217907.40254817
12413.83459110688,0.0001589906711565341,4229848.954065469
11175.08252117928,0.0001612371520173046,3772309.579792248
11650.31471204398,0.0001593449639713172,3963803.306783084
9493.629499299244,0.0001655122613780546,3149286.444668003
8871.081433698255,0.0001657406794788057,2940066.515857663
10033.1866155183,0.0001638206142361277,3351144.772432764
6329.385798872601,0.0001646828968870111,2106667.05202225
5380.157248899951,0.0001667163531958559,1776135.799792056
5115.63827163672,0.000164683399426097,1702680.957541296
10670.86880917538,0.0001596160051270145,3626453.857048309
9770.074782107737,0.0001617276607541236,3291357.204436258
9044.453652585737,0.0001598550958067381,3070657.283820596
5550.114280848489,0.0001687028747156444,1817831.411449281
4128.631170475772,0.0001704163054422167,1343173.113668269
3776.367803114641,0.0001709041289635491,1226231.82321769
6706.802585786944,0.0001652482385208615,2227191.859602278
6540.640138406551,0.0001669448071498145,2157272.357788413
5728.550530712766,0.0001672817280997391,1886886.355866394
7181.94003704135,0.0001673416955268009,2365042.765253216
4910.921532949385,0.0001695256867922693,1603267.491292326
6451.725108199113,0.0001678122920324912,2120606.112048863
2983.235400314094,0.0001800197125857393,935709.016970477
3471.255443239068,0.0001808970969006051,1085255.950157081
3226.625385183288,0.0001816850818821258,1005855.743903884
1522.156571215499,0.000179262724811626,478776.3225037726
2135.682753688775,0.0001778613840083812,675277.5252526024
2015.181717958287,0.0001800580810319812,631983.5919822815
4388.548909203493,0.0001776097156268587,1388917.5434733
3343.32487776596,0.0001763202742171082,1063270.451389113
4446.80615714262,0.0001784868602792166,1402740.593085295
4557.876732330851,0.0001769321382327934,1446188.015322227
5147.786612877149,0.0001757765324562162,1640513.999659413
3491.322794669181,0.0001756426881738369,1113191.68508348
4072.826930925774,0.0001801593759930959,1276805.397093605
4589.442847075907,0.0001785694974342046,1447288.512461796
4649.014244406919,0.0001794466295376871,1461293.1207231
3307.556076364479,0.0001783658121821431,1043837.285112754
4153.297835828757,0.0001766593686352203,1319173.625532633
4321.279301621976,0.0001776533124707252,1367403.847850007
4339.140900194451,0.0001750942694856844,1386401.855541941
3478.594569106202,0.0001732610387539552,1119274.317561462
5097.751198032859,0.0001749326028753511,1629789.303881028
4858.8515380566,0.0001742728285643433,1557329.496224752
3281.747257226915,0.0001726012337873131,1058625.94544782
3492.792932751015,0.0001724551200714663,1127341.369602486
2290.357923807822,0.0001800093028499261,718411.6891174287
2418.707455505618,0.0001778125672426121,764906.5415881388
2589.024693009021,0.0001790676167253469,814938.4774841957
2937.888708030382,0.0001781849117665978,927800.7567992605
2756.2700680271,0.0001769298216960337,874556.2389050699
3737.735576691331,0.0001764784566310206,1187993.623490127
3474.42344489808,0.0001818824614170998,1082319.620924505
1780.6309568052,0.0001802679789751021,557992.2832686323
2311.058855843731,0.0001810633620357922,722088.8168133865
3474.556870834357,0.0001832646050398036,1076912.358820895
3985.548708313086,0.0001826316344247337,1238142.935222345
2731.153141386123,0.0001818125175324092,851001.2518814051
2646.743987109962,0.0001845724303535674,816458.3743234189
1119.241762158,0.0001834553099442458,346659.9863300505
3348.978349624198,0.0001832217395024673,1038152.144140441
3180.757514901909,0.0001760315384864946,1012675.350177734
4871.251204566212,0.000174591617356256,1559402.648263791
4229.556002387112,0.0001755801009811529,1348894.291454255
583.3259945035829,0.000177451376435039,184724.7476223438
1013.981832879791,0.0001757445978444043,323178.2943103928
1023.553660908676,0.0001783179912832029,323082.8017894143
611.4599808920773,0.0001761487623151428,194587.5161152222
1176.169112517492,0.0001731080423885045,378667.7101349579
1050.969231216574,0.0001744421344825003,336632.2657442074
5288.724502567154,0.000163212133097077,1770853.567403073
6107.30730482874,0.0001608312478741703,2065076.53587627
6521.751848358025,0.0001632116273224912,2183719.60579093
7740.593601632928,0.0001600818732389022,2625504.869984427
7152.359007078076,0.0001624290181166884,2402556.222318163
6718.018530512518,0.000160048694108577,2278976.118135819
4705.930953765702,0.0001760366568924709,1498224.2055177
5494.689130943343,0.0001758750158341368,1750412.315770678
4884.631910916467,0.0001770306271140457,1549290.663911334
40120491.69846461,7.819180233914163e-07,472707069822.3228
39324063.02682386,1.628016655590956e-06,284153158445.6321
45615440.37379321,8.929242575925869e-07,491928658686.2013
35265590.79354335,3.188121945127839e-06,162802554122.4126
31820298.37894645,4.809459679494425e-06,111679481496.1553
33466394.19781373,4.65043235964975e-06,120119459025.333
44645151.07587121,1.653670087266731e-06,319257946940.1325
38423540.35900973,2.397453490231447e-06,214501623993.4353
36544481.86529876,3.859414895265308e-06,148527713818.0636
38735885.48610612,9.04702165291222e-07,414104295102.1827
39852566.04410791,1.37465382392761e-06,322349791645.6641
37953389.82222371,1.751740521241564e-06,261178478181.378
26973304.29565468,7.236745258250155e-06,72095024711.57037
24397117.27811926,9.497245563850273e-06,54400981538.99793
24321707.2306697,9.043737409919339e-06,56031049928.16551
22608163.39315088,1.369563122565701e-05,39495163336.94344
22603798.2089469,1.12973477523069e-05,44894908423.22025
23495723.53725099,1.149432939324219e-05,46131728886.29512
33741441.15866954,3.733760029378238e-06,140195054363.399
28453424.77019558,5.14993646261558e-06,95411333710.2099
32982000.04759051,3.536037950700912e-06,142101624570.2508
76048744.88329084,9.504800759116437e-06,169484520535.3586
63063264.93260697,1.893191955460898e-05,88779634180.63708
72503675.64900595,1.309818246311661e-05,130482619498.2212
78777672.46078448,1.690020905318818e-06,555232774532.3274
71625357.88812624,1.278743982454961e-06,607963821689.7297
79159006.81520434,3.96071989325812e-06,316216298109.4587
59619938.53776026,1.830028120065689e-05,85852513645.52811
56202507.28775927,1.865287244470152e-05,79908297351.64653
51476429.40920243,2.31283150538496e-05,63413114708.4458
55468379.01285099,1.913132634736817e-05,77544099028.3775
59430438.38063482,1.841702824985169e-05,85217586662.1304
51300356.84784871,2.321350645693458e-05,63041502446.06162
49662427.58663109,2.18424544456704e-05,63556550646.96044
50996211.19438346,2.115301460612768e-05,66673982723.84941
39584870.28620479,2.985353422435608e-05,41133789796.42327
84297242.49029021,4.974996716058369e-06,289257638336.9715
79916947.98484068,7.005564224014266e-06,218278089537.5045
81339584.97863534,6.005029378035441e-06,246202161370.9062
55484033.87802774,1.755180116183702e-05,82152396079.56685
62379405.97165596,1.251979172432018e-05,115693732368.4373
56893323.48992071,1.68445023133121e-05,86580983558.54141
59781716.46644879,1.559322458664251e-05,95780645101.30086
75258729.15922914,9.279732190450314e-06,170424980065.9211
66931486.67899141,1.067997066712507e-05,138012079090.6836
76046811.76365528,7.119092894842896e-06,205493412608.8928
69240531.47691669,8.718149821259184e-06,163459753897.8348
69024067.56801306,8.915066398339326e-06,160540333375.8057
92338808.41395178,4.669423642181171e-06,330528374108.7989
83701401.52426913,5.644007924166916e-06,264042794302.1365
83936326.04603271,5.250868379823773e-06,277840702090.7954
93300158.3292665,4.476614013774825e-06,343491462778.3521
87632929.76845355,4.440928458367512e-06,324353170002.8578
84616804.49639001,5.439418133044018e-06,273582506384.2859
77887559.46061984,1.187335004538909e-06,694628473269.9077
77762387.59395415,1.931451903536139e-06,501395372329.4586
70815794.9118275,1.274497032066463e-06,602426751300.6617
55462414.5130707,2.536852745101037e-06,298173195613.7044
45263070.19160625,4.210095490268305e-06,173599862927.6452
49422515.7895439,4.765080760980549e-06,174533181377.8213
48973620.12505376,2.282336843838064e-05,60866133484.52773
45062121.02789455,2.700627921083644e-05,50061262054.79046
34936815.01020756,3.355804029622392e-05,33580378180.52913
32371.5366947784,0.000122355166043147,13134547.30330787
27842.67079809022,0.0001118626202863143,11992808.54015672
26871.27476426538,0.000114613893875311,11388418.67276574
24579.21711049576,0.0001349667181977835,9341506.504034393
25903.99179826798,0.0001334856659527952,9917684.129475115
22546.56442634158,0.0001386217545147311,8417687.146144859
15034.46623677589,0.0001304558944674716,5844924.103344552
17613.09605358397,0.0001365841892753221,6641029.622694853
16090.62523580768,0.0001332920005477068,6166473.399121533
17187.05628276109,0.0001405266878195996,6358611.517919642
19201.35721230596,0.0001374661456835862,7208884.872185263
22049.5230437582,0.0001361441023620479,8331693.998507992
15809.83917985522,0.0001463488453113296,5692913.505084164
15275.72309401535,0.0001495981399686896,5420645.19081395
15455.72990076495,0.0001495560920506221,5485549.191926562
15872.83021513941,0.0001421861083078953,5826614.148800565
16394.97054787138,0.0001427802706128174,6001574.114818326
17810.76259029896,0.0001391249960023254,6633545.894203836
15656.44107731612,0.0001444863894791938,5686020.511757756
16902.62351231365,0.0001483263977399352,6032191.936391406
16175.03900823922,0.0001450806476677537,5858309.960054842
17158.28631393447,0.0001496462196127429,6087375.289911966
17691.7912701073,0.0001495582824575453,6279111.005963889
18582.92458432928,0.000146078577021711,6699715.761377782
16461.75003076435,0.0001445205120257738,5977547.12070911
16100.37281236734,0.0001477273767887317,5761407.695966429
17918.41145586261,0.0001422844741297244,6574476.281044228
18323.59888295999,0.0001447693167858004,6645991.165432701
17438.78197582881,0.0001482486371514394,6225711.740148592
16172.61369175777,0.000144408538529915,5875592.002358497
13649.59217538491,0.0001557877286200342,4714447.951664789
13630.42948658353,0.0001559498944072984,4704565.113030249
14471.97556197703,0.000152764569305311,5064221.902023222
29662.3573828004,0.0001239584315261519,11931314.17127544
29999.68331004195,0.0001227941144049883,12143157.72263837
26779.19597982511,0.0001298947338050332,10440865.56973684
34246.61944255818,0.0001179391745277389,14240076.37595697
29633.79339071078,0.0001126944119335961,12701421.47303842
34300.65981669341,0.0001231850967529674,13854696.875206
3056950.838578883,7.826309438462612e-05,1670771702.473179
3608467.211843398,7.688015188773585e-05,1995782797.827241
763837.9614002272,9.698949864876043e-05,361841266.8866711
28148.72870353038,0.0001293490482023594,11005673.56194624
22987.650381146,0.0001216534406037773,9362927.328293242
23802.20804054563,0.0001241579379162207,9563882.961956352
7528353.760682162,6.386335050894328e-05,4711930603.212285
12623552.28130506,5.278829284581589e-05,8970634693.969345
17618710.49536251,4.91008230098731e-05,13139583677.62389
4457373.834906898,6.785032704552321e-05,2679442422.976923
8816343.07736101,5.796066143470979e-05,5886623501.343133
3653237.15539029,7.101693368434227e-05,2130279500.38997
1964466.607897752,8.061221548531569e-05,1052714842.701185
2758603.255086224,7.499167719807008e-05,1551245494.612021
1506161.554331909,8.406863765673508e-05,784841967.8130863
9765179.375136299,5.803238960679649e-05,6514782521.974486
15041682.31973724,5.047610554074178e-05,11013005403.46825
6430240.228021381,6.374674340251845e-05,4029537446.437659
47596152.71905486,2.488465447880148e-05,55840689569.61683
52144603.41668643,2.039043424819253e-05,69864794431.44238
43805209.22506069,2.528306702628787e-05,50851752157.49838
27593003.29226046,3.789613940828552e-05,24456951736.95469
41048906.56835581,2.924457148946142e-05,43245217434.89532
37533952.5855324,2.965854704333115e-05,39173380725.32517
32748846.57377069,3.510089559063729e-05,30548077019.99774
35527878.3659841,3.319926012194894e-05,34394077845.59493
46376631.18078289,2.43753269218021e-05,55165246780.44893
13592.99148806144,0.0001562400637099803,4685832.641728592
11647.31495623494,0.0001593298616223422,3963033.104283028
12858.33935519352,0.0001570204940630846,4417880.764466333
20694.25662878264,0.0001444222130488928,7517853.06719142
18552.70827047465,0.0001477724393819968,6637609.325402625
19756.55103694324,0.0001484548590690418,7046630.82629458
18177.88126631595,0.000148638929539176,6478207.925349703
20033.25798803541,0.000144383675121437,7279019.047706858
19549.12614870343,0.0001486203306732847,6967471.488953572
29381.6715995839,0.0001354621266162205,11139471.1767046
27687.85910183216,0.0001351866530803998,10511551.73772304
24861.32031686842,0.0001411891122970499,9169029.795180932
9131.96516012718,0.0001615051919912929,3079214.337998025
10189.28944475809,0.0001592380812686255,3468267.678896382
8908.605111958606,0.0001619478966447652,2998422.540560449
10670.35909338463,0.0001647049192153709,3551196.098578617
9244.855424685113,0.0001628739408843372,3099790.817423749
9020.11049685372,0.0001633142003729346,3018996.145162793
4387.054422774255,0.0001664588234565003,1449779.011643251
9181.203756017163,0.0001656010876999449,3044557.418672435
7655.45031012812,0.0001642105870087645,2552916.672054301
9330.09883170827,0.00016699711611427,3076665.369907646
9668.646139305041,0.0001657130420366544,3204752.826997483
10827.83546037496,0.000166009623160838,3584699.911523929
10245.6086678689,0.0001631335043525632,3431697.409506696
11204.76139138214,0.0001602111710754778,3798458.762637793
11936.3003853006,0.0001598977176363277,4051739.945792618
4425.054433624404,0.0001672513313025721,1457713.676754136
7857.118537183628,0.0001673811411240606,2586975.340653821
9236.139854862908,0.0001663943473804599,3053032.691153186
8646.529501888692,0.0001671819250559361,2849151.960814588
9496.661323142742,0.0001655475948346437,3149843.911772196
9271.17017872338,0.0001656575851394393,3073691.920073438
20386.50029877856,0.0001455646630135077,7367249.39348831
27392.56028048702,0.0001380570028140277,10254795.37608001
23034.40064481695,0.0001437838682974497,8392734.295535708
15094.1516636546,0.0001522907631246218,5292891.614454077
12515.17646144328,0.0001556407106172085,4325352.508220097
14819.32768974785,0.0001531670840422332,5176682.608456834
19414.10052226401,0.0001486886429264801,6917227.757091397
20764.27334524441,0.0001471940969668815,7448288.240978318
19558.45308940697,0.0001447411548402908,7094794.387752551
20196.19756687165,0.0001467255852097673,7259929.057831324
22342.39421737369,0.0001454981798319994,8076527.388270768
18078.008929632,0.0001489744753093368,6432937.819845394
16371.18816828008,0.0001513010398247557,5765702.879922419
18695.74413671004,0.0001481798072009159,6676518.738445462
16659.97909408783,0.0001504260487058472,5890141.845144133
38555.60031489054,0.0001235475636305112,15542874.69777749
40512.06633221231,0.0001178883224849476,16850153.82307385
50132.3464653835,0.0001142483775573735,21292075.86132169
30953.52852382649,0.0001338531413420345,11829265.64390622
33786.21287448262,0.000129396205882054,13206624.17673639
34787.77000197201,0.0001275297685654705,13730474.38848751
28690.17779939599,0.0001365094525793116,10821598.65278732
25695.19522781964,0.0001381558424924689,9614774.094904155
31419.64200331108,0.0001320539425460064,12116215.36995067
20787.13149850678,0.0001424493568788795,7621156.87828494
28272.013699331,0.0001399993887084668,10485906.55080479
18746.88046618636,0.0001444199665238797,6810476.785605249
39337.40909897974,0.0001350007971372431,14947946.34972653
32930.94965012141,0.0001375835684509955,12356435.5607704
28941.24176559191,0.0001408808649580919,10689297.26912167
30592.27298035302,0.0001376449560239759,11475498.08910706
38689.31882793987,0.0001350120740632284,14700857.82749412
28385.73166616529,0.0001408969751182681,10483323.31535299
46103.32305054113,0.0001222241994887594,18719493.57291849
75530.92896435331,0.0001108070944835619,32740083.39909006
51043.33983269104,0.0001259138165877011,20318430.49742217
86999.75249887205,0.0001338412564776209,33249976.83607738
43119.48863002645,0.000137354972279228,16197351.66419269
33740.88448744817,0.0001398043023996654,12525914.37242858
75296.48873829897,0.000132988361086416,28900074.91227235
218988.1559181474,0.0001232597980234097,88417790.62791315
133343.3646414121,0.0001296580269402055,52052125.76822052
1789259.165400903,9.128246190690178e-05,882568360.3836763
258359.0340237184,0.0001066409910462857,114887876.8833552
309007.509895857,0.0001007656883460384,142701076.8351796
72028.76278546399,0.0001183506177969435,29880803.31720407
196928.807431204,0.0001204328078276926,80750653.00396559
62603.52631197617,0.0001301620571716549,24374882.30977068
1115507.015977034,0.0001067245686825277,495788026.2200755
416358.9008020965,0.0001145764347897924,176497131.0558634
220781.5011236168,0.0001124910953943604,94743753.13066347
1487678.692260504,0.0001061461234555336,663600010.2695675
1263350.557526155,0.0001101692186465035,549731171.4313011
654137.181870947,0.0001139948727714586,278235125.9082402
234425.2579157932,0.000128523023834021,92048584.10686567
79961.3057603208,0.0001345356202811923,30454748.72244719
136958.5994656775,0.0001310207469803591,53092021.1661485
432.292125432001,0.0001822077437597717,134503.247726944
484.4950212434601,0.0001813311818003103,151231.0580200294
489.6308871554891,0.0001829409291027006,151936.3023330769
737.479936203062,0.0001847127517874437,227380.0148740621
481.8178476649521,0.0001842883872330899,148782.1751407677
581.3651854956187,0.000183190396863963,180238.3564708934
548.1120063289386,0.0001814426088430589,171018.5136352054
483.2255412307163,0.0001800863258370106,151529.1043045039
558.1841849013051,0.0001802168255858761,174950.0094825204
741.5157113333752,0.0001843333050764472,228937.9645945649
584.9490467747891,0.0001828102652379871,181600.7558317093
494.9364260361805,0.0001827823131448516,153671.4910551531
638.1845052628825,0.0001814308801560618,199130.9583960077
649.0043977775439,0.000181161145265281,202708.0214258896
1040.540085051663,0.0001802305351197808,326116.8463344831
431.6325967855373,0.0001837152523447029,133562.3625664791
504.3734990130156,0.0001824185134324329,156809.7219717944
526.1030092523857,0.0001826164268529766,163447.2276640581
662.7032085494195,0.0001833801639858357,205313.4979145511
1079.216719547275,0.0001830274269915932,334783.8879487358
660.0024342849107,0.0001821104857269617,205426.0752561287
428.6886732813711,0.0001839828143924943,132522.7695550561
513.1607146195877,0.0001836862031543611,158806.7811304608
501.190758760473,0.0001826863239621039,155667.8868392459
415.8784864760974,0.0001847368358727266,128212.6236949303
446.920436706498,0.0001857032620241751,137304.2118123389
499.135989793713,0.0001844404938746873,154045.151792504
492.3810419352341,0.0001863359418822184,150928.1450118431
519.4065252752609,0.0001848403449417048,160069.8560829351
466.1122637692224,0.0001861032310948047,142995.1323811746
539.0085241545075,0.0001803670710555843,168846.0083814485
496.5537360752208,0.0001806861731988925,155363.7304537258
443.6867906988998,0.0001815651719228303,138374.0978405442
540.1940244116201,0.0001818858301799776,168274.0695928815
550.1935197789632,0.000180663481573756,172161.176064128
453.8400174833484,0.0001818678159852919,141383.5513481492
549.3138969732914,0.0001782502926597664,173433.8048510788
679.9449136921279,0.0001763580741083705,216210.5248579326
797.3414296141201,0.0001761425068484909,253747.3693651363
605.4517162405723,0.0001793679672829775,190363.167987968
494.0570113940448,0.0001798750931156679,155046.8851397445
559.6438874090824,0.0001812372042013311,174748.5289898106
542.1895990404979,0.0001831643144559472,168108.8609735097
539.7469699047078,0.0001818946783452645,168129.3565154233
529.883767170624,0.0001821642828832391,164894.1049207148
999.8768484253392,0.0001747500547309242,319890.7133277478
1157.966006871689,0.0001731264419126353,372780.8046825101
833.5209503063844,0.0001750557557900358,266357.9049547967
718.5091911746654,0.0001775464887862041,227452.6159328034
888.9258700629779,0.0001758586329203092,283197.7185395526
732.5030439618133,0.0001761585220253174,233098.9560466299
3533.702675697201,0.0001769693730093034,1121066.212973657
3933.043588052879,0.0001754685539734528,1254861.788149563
1889.874282738806,0.0001756048180626153,602664.0654360274
3841.607188215913,0.0001743000253504176,1231160.448468296
2890.27684650883,0.0001739789989729755,927416.6574404828
2069.333997606451,0.0001727564412902345,667125.8361695994
1286.114030495032,0.0001724649136908255,415093.2193508783
1119.194322256047,0.0001740906121797265,358967.6098221773
1310.794251750508,0.0001724143520124681,423141.4650080149
4190.300927056013,0.0001773011652466164,1327712.833486546
4176.132044426163,0.0001769285028796713,1325080.776908501
4624.212318965024,0.0001757993094446516,1473532.287782634
3332.388760860318,0.0001659322672318551,1103574.769581547
3233.3079017045,0.0001642465674452318,1078076.374697978
2636.471123752938,0.0001667057198815855,870407.6208902928
4597.890179067908,0.0001701975604518465,1497119.176973477
2851.980654818266,0.0001684471775647949,935055.5586694685
2637.003478666217,0.00016955660395711,860797.3005064842
3540.645620798145,0.0001630367960598874,1186384.250730857
3469.371375359011,0.0001633282181149524,1161118.759111408
3571.978651485911,0.0001650158221004516,1187294.519189324
12499.70919059557,0.0001490957414148802,4445525.268669315
13616.71183022592,0.0001520549792132785,4779749.639924913
15500.94442359012,0.0001520205544145615,5441975.945574031
36151.98727703229,0.0001394574997315787,13443249.50108996
53895.07087590224,0.0001402804154079356,19962626.68368566
25253.39565903245,0.0001438753945701652,9197336.96254053
22358.05490388532,0.000148545621323966,7971268.694882228
15115.8407176198,0.0001511846758986404,5326318.404236902
13937.67398429737,0.0001482284835806989,4976253.827328962
108835.7688633559,0.0001431345551182949,39774859.53922176
40507.65805977416,0.0001465358526259032,14573858.15176223
28831.01067903158,0.0001462133790327487,10388076.145154
765157.8509347416,0.0001379795260541219,286554966.1874182
509676.087909206,0.0001404273361207426,188651307.8289336
739966.8773908479,0.0001366382523912087,278931404.9467602
142270.1568936715,0.0001455774730645656,51410405.10336546
76334.48858691119,0.0001465591467358947,27460736.55414162
247627.2479948209,0.0001439316989748347,90162815.15857072
80127.55185690965,0.0001481855678529801,28613957.96102956
22577.45583402584,0.0001518158584347168,7933477.145477103
23425.92377140464,0.0001517245674525382,8234921.312931346
78092.02132486294,0.0001504107491661475,27611335.60048291
33071.79183355196,0.0001514870769032731,11637883.40849737
99015.10360673445,0.0001478643456063817,35409989.8697971
51150.84772276309,0.0001541498142124428,17791975.22871003
55351.84450136555,0.0001547248245023804,19205491.75429686
145162.9583137589,0.0001511873672381245,51149980.67798201
9914.36400482333,0.0001571362571884257,3404713.637239726
11174.81516575827,0.0001579996411433141,3823575.012802776
10834.65807271964,0.0001548623441612326,3757087.626050999
14044.2834331748,0.0001578643509824849,4808137.438023689
27344.93149465671,0.000157110018888198,9391628.804426618
19356.05319122116,0.0001593961053345094,6584129.078911583
5234.792981996073,0.0001681803533098878,1718103.56048746
6862.269979908173,0.0001652740144619802,2278582.458160397
7488.655097619499,0.0001643621740839681,2495758.606446135
7286.650335091804,0.000165624207863222,2416084.133895473
7794.926129210731,0.0001644916165254983,2596467.104571442
9147.735097040608,0.0001631182839904806,3064162.667556826
14007.7953524125,0.0001580928846984769,4791022.814211667
13254.5360799837,0.0001597208195076839,4502532.383782972
12781.65462034951,0.0001583365680944325,4367164.923241132
15338.41015240773,0.0001552376694799883,5310257.780084045
14855.08069196786,0.0001544489390510374,5160420.149211802
17342.38968961504,0.0001522370090407012,6082686.666137885
13441.55560621883,0.0001568863129983997,4620895.655927631
14782.46904290509,0.0001561557492832881,5097708.437879842
15953.81589765349,0.0001544008564578017,5543253.919659249
6355.0559679421,0.0001600841460086346,2155528.80401688
11856.69346360514,0.0001564109197731035,4084311.702467342
12288.91077564475,0.000157193531301922,4219136.83638138
65906.98518396265,0.0001540533746364085,22934219.69459171
97332.05376870645,0.0001514530911987789,34256037.56102465
161971.1544951576,0.0001505105077504226,57243537.45836654
37066.95134126423,0.0001554829061317209,12819323.33443441
21220.72310971297,0.000156236504275708,7315407.162481823
61397.45111879633,0.0001528863178181501,21473586.92876663
14853.0207701865,0.000160367020411997,5031970.444300244
29065.92869758482,0.000157020853329534,9986484.870086953
26044.51518085272,0.0001564431942162792,8970400.382358385
15032.22648656054,0.0001615170265868381,5068480.382513419
9318.1225255261,0.0001634937976691725,3116455.252963177
10970.66073170158,0.0001620980873789518,3690179.775388244
13493.61868030685,0.0001613212931953928,4553380.779268224
19193.16470448073,0.0001602595278822284,6505250.391630173
27151.25988488935,0.0001579772534036627,9290953.377841216
9746.530531679704,0.000162735315003381,3269857.613502045
9030.001855237555,0.0001636498505239037,3018172.776868358
14665.66527675781,0.0001616778053846317,4941606.561497697
10349.90949565282,0.0001607111130532185,3501380.264455452
11050.67875142115,0.0001594622293385329,3757944.827441393
9797.458044133315,0.0001585981327498908,3343859.58621338
10201.85272054546,0.0001569021720308703,3506924.470085144
10909.38347135334,0.0001547996421908434,3784021.303297639
11250.70251166818,0.0001579430622025832,3850459.904941368
10281.19352210294,0.0001558277557320069,3550424.839538006
11585.79382067669,0.0001536421323168012,4038799.045953884
10991.42418494516,0.0001537230317519192,3830257.819816242
12252.60476407241,0.0001602371087011063,4153233.591112536
10519.59849227099,0.0001582657506974002,3595350.234428272
11584.26025867929,0.0001593012533020801,3942050.446520692
14158.97297726535,0.0001586351310711198,4831687.509067638
13364.23427046933,0.0001605003795171384,4525084.612450522
13401.60386387689,0.000160258051407551,4542311.056885954
15309.52937795813,0.0001521404432423527,5371951.161817642
22593.48352080579,0.0001495051389520481,8020703.264755663
14689.11930956638,0.0001520609995450048,5156050.920132929
178896.0118957864,0.0001462263505864417,64454052.94192313
378266.717987328,0.0001449412820613394,137089249.5370781
150345.2911517019,0.0001487760176691348,53546925.99228837
26795.05266435451,0.0001508460254098601,9455809.203794537
37173.59686455875,0.0001482912098815081,13268575.88246233
86262.48169128889,0.0001472989907366128,30928256.19118971
865982.3698459378,0.000138261064373389,323873777.4061628
1024082.616689616,0.0001373893246164463,384621008.1198711
707959.3911714348,0.00014107402203427,261242389.9680989
1452.742264674453,0.0001745974363799764,465046.8030951078
1925.90835366493,0.0001727833469287219,620822.8531407369
3026.775058481845,0.0001741162098214224,970705.1715342206
647.1656797095642,0.000178620199101043,204046.1626696741
817.7145914387521,0.0001763848850598902,259992.5098397548
669.0562229591967,0.0001771732465870255,212095.0431866459
820.1635048679358,0.0001750446533162976,262100.5147050129
1134.909683217377,0.0001730196273281887,365508.7011032315
948.6386659671575,0.0001748402999733735,303393.6314931682
625.4449443840292,0.0001782788722237405,197449.4072425922
638.5056326140185,0.0001768918370062962,202624.9269994124
512.1332884493989,0.000178789802504127,161369.3969255778
1320.039884647106,0.0001723468907213813,426237.2668051365
1537.755600735934,0.0001723383195122158,496553.5391140021
1118.495174462179,0.0001741596219673808,358648.593916414
1210.72811955148,0.000172551510269224,390631.6720782993
1203.209176173236,0.0001724455026166586,388364.8241090713
878.3744109137451,0.0001744743611864538,281314.3787327247
1462.272738383933,0.0001712451251517507,474186.9218341649
1884.776004093282,0.000169272180653164,615936.6092783541
1454.00839019228,0.0001711507672766515,471680.2357975998
2259598.256463745,0.0001262969327373606,897641029.9737186
1455319.978534986,0.0001324997260789278,559949039.9748759
1539517.074170811,0.0001285801110924115,604322334.8467834
5159696.200866506,0.0001161802341608923,2167051836.033207
3759521.330304209,0.0001197189014233703,1547714095.640404
5543223.985180402,0.0001120065546103648,2385613783.201666
4720824.046180733,0.0001191848117160197,1949263439.836792
3839257.437250155,0.0001240277692377179,1543717920.876335
3386327.881283145,0.0001227250567832909,1371219072.339972
2371795.971939406,0.0001323047431943407,913468798.6004951
2141845.859391428,0.0001328395648691693,822690691.6691415
3088902.094276258,0.0001286755817743526,1211918410.047677
3138965.443490509,0.0001314182592356876,1214365427.32006
2690944.615049037,0.0001317695174840941,1039189592.91975
3806598.737383924,0.0001274252414037836,1503257765.061275
842521.4639494554,0.0001426125678242231,308656746.4064627
543123.8257728978,0.0001438425499431147,197836888.3337376
1505109.515321589,0.0001372925616136259,565548813.9156039
958002.560866966,0.0001412688151394858,353185177.0657035
728379.9855707269,0.0001418230196553098,267830594.3493174
1048613.377574337,0.0001381438296064442,392398856.4047003
11129.86647801578,0.0001614958859126455,3753032.386266108
6173.10137420169,0.000162624278168558,2071952.624819162
11163.97165829783,0.0001612563723028176,3768259.490673227
9024.065302557547,0.0001631422397186666,3022441.816521551
11837.21831590024,0.0001614562505379721,3992207.280218065
11180.46078803167,0.0001605202964295506,3785353.132936451
7575.81239707029,0.0001638245403760238,2530326.551666052
5463.271709423767,0.0001632621581906287,1828924.501431672
10169.31946585426,0.0001621415071362154,3420023.47507541
10040.10654111305,0.000161868661465769,3380361.429963648
8620.271665140706,0.0001632416209270937,2886026.76015992
10730.48115043311,0.0001606249053440226,3631426.620009927
18517.82433985512,0.0001534549826902662,6460547.100161093
54603.16224429527,0.000152376804192,19139851.07484137
17308.41477227585,0.0001557323479779147,5979589.990663195
7594.791080114472,0.0001645178378855911,2529533.892518305
7238.042096190473,0.0001656275862380649,2399934.134508129
9093.262155584795,0.0001631277777828651,3045798.009203242
5928.997227925078,0.0001668454707587852,1956312.813665601
3868.368038162885,0.0001680155734036721,1270461.261938151
6388.322476185508,0.0001657187961374598,2117413.369740676
1158426.06351001,0.0001397983752665659,430064476.1673364
1257861.459574915,0.0001366698056930727,474079408.9834167
1546430.837025901,0.0001359356570142768,584935851.7726197
164968.6344237529,0.0001493086394125455,58615357.85942785
401263.1831471637,0.0001454792339515759,145064777.7549723
246650.1532576065,0.0001483679199490824,88007844.48266113
279259.964127144,0.0001440108297099468,101643257.7722047
655617.2514266148,0.0001399179325496206,243258553.4608256
519154.0309712422,0.0001427278098127216,190089077.3721319
1524.040350410792,0.0001740611605409202,488872.0582451017
2848.229734098326,0.0001729161946569734,917665.8487890938
2009.509163836118,0.0001743967719330456,643770.4376626754
698.2112473723681,0.0001781508718743862,220526.8830190485
910.1051301453394,0.0001758086600409305,290000.0369134912
751.7257329826871,0.000177836990091228,237708.4851241623
3059.416646363408,0.0001739498025129491,981799.1806954686
1951.963547206839,0.0001726194025116962,629620.167108256
1544.355823256153,0.0001739222053474426,495652.5531016086
1078.979657671445,0.0001761055226599437,343424.4988138544
2754.013140547508,0.0001748213333256905,880852.22563838
1329.695600623494,0.0001747915688405561,425342.3030611417
1059.630529715594,0.0001762759813882141,337048.4764908985
1244.788107627851,0.0001754732556999349,397150.2203810971
2723.048069062459,0.0001749893688962797,870390.6117248802
5284.79312959418,0.0001680898900267496,1735136.30329083
3932.96862959182,0.0001706972411003163,1278113.673766982
3351.577059903901,0.0001692603239031465,1095331.970744599
1531.482132687323,0.0001754583878881113,488647.6838250927
936.0683609600152,0.0001771677609875509,296745.7005015917
1111.926758983824,0.0001751259448292064,355229.6333528489
2728.428200576729,0.0001718664761055612,882643.0002098157
2316.150273109254,0.0001738566081743093,743542.7297531494
3211.223506826905,0.0001723672424915928,1036813.663098852
1372.697412598437,0.0001777478121433736,434215.4836652456
993.5939719549983,0.0001778190516214675,314212.4735423307
1604.823386560378,0.0001761226590278161,510760.2475616051
91329684.70850831,3.564548552718022e-06,391389288074.3792
78806481.73095258,2.430492038213891e-06,435945772580.928
84088225.97598712,2.765121274036292e-06,426834060358.9075
77260997.66215372,1.462277386049268e-06,599708865895.9648
57738473.05311472,8.91121343553806e-07,623506134249.4301
70722363.76470123,1.649198127519983e-06,506650192950.8081
44911936.69536561,2.584829502915441e-05,51373660943.31519
35356465.48005063,3.393319718876741e-05,33732794635.11683
33167013.67029517,3.734424067755063e-05,29686382635.59369
79172993.66037914,6.256620460483123e-06,233176006242.6379
71786320.67520194,8.403384790249074e-06,173675621271.8738
80401586.43113273,7.106810746410421e-06,217511113224.5476
87824016.40125309,3.920226160186552e-06,353242171812.2052
83222054.36290556,5.172941661373412e-06,278236036761.731
84481552.291905,5.984953407343145e-06,256283926572.0136
82761591.27801745,4.697151154121588e-06,295079569856.2
75390900.47786771,4.949303697974609e-06,259590938258.8153
78421912.95086873,6.78961749160327e-06,218712645220.9507
71101212.17584704,8.468835745812232e-06,171130675672.4819
77996208.7049581,6.838101665575277e-06,216495957005.2587
76603246.80851163,7.933762972811627e-06,192572541978.9352
93775790.24247819,3.916798360958292e-06,377401182286.7746
86436008.15184061,3.106339029283144e-06,406002585769.9031
88093908.65400958,3.849917970972875e-06,358628579125.9064
83118739.63121074,3.845914071222969e-06,338609572481.5065
79817201.88501491,2.976663985420528e-06,385723966020.183
75731791.85976355,4.003624363536033e-06,300360406668.3362
40675277.71127938,3.581595458606143e-05,37435143850.03373
62872054.92013575,1.957010975923956e-05,86575594180.69641
54103663.90852682,2.546065627298408e-05,62514430724.14777
2878886.526149376,8.209043423019851e-05,1524156322.0058
6141147.004323132,7.379815754328477e-05,3490485304.89387
5771239.502159103,7.603068896674088e-05,3215707068.575618
2668426.351371775,8.642621821173247e-05,1365080347.136354
1346375.214968829,9.514109090131415e-05,646031989.897411
2150422.937501478,8.982414056360425e-05,1072165520.520801
152869.8904000661,0.0001045291454210145,68891190.15900235
468896.8848819667,9.554155853318674e-05,224361912.4134312
366318.6224157846,9.922954199548836e-05,170909028.7243879
59311519.89967514,5.898241362477071e-06,181687072128.8889
55468657.66699099,3.244345208197332e-06,253102412050.8997
59968904.95143668,2.130389140691996e-06,362204208482.6202
74111339.99240485,2.025979377184633e-06,462872435475.0922
63866689.73803511,5.582643218668973e-06,202946309373.41
64548783.42701124,1.871419584380453e-06,425050581522.0111
57799394.88961013,1.860900266778338e-05,82307844102.91513
38895737.51226623,3.354049370649493e-05,37398631441.67801
55218378.23048422,1.520221713761557e-05,89979938698.65538
6584752.779672671,7.445742282386211e-05,3720495705.862833
11953489.32904356,6.468812232993859e-05,7417854913.467922
14685078.75030795,6.044900652771263e-05,9534183390.868422
1710688.002904219,8.631962948557938e-05,875852750.1605417
3337268.648588818,8.185862045915258e-05,1770169638.975323
5222461.038758498,7.580634434118369e-05,2915668687.204571
994772.9911584241,9.124595165094445e-05,490811709.4939653
1087998.891169985,9.549682126160094e-05,520757870.3176578
2299073.564310028,8.678017434924974e-05,1172931155.535764
36155778.13492832,2.518413129573981e-05,42081679349.55607
27398466.98130997,3.619574565250753e-05,25039245889.88297
44558335.24785858,1.636038793533138e-05,69140612911.71228
3733132.618470859,8.41531500435253e-05,1943986151.955341
4528470.443856773,8.408024328505674e-05,2359512221.185156
8966093.361237478,6.914002099622766e-05,5322515301.759227
4361272.420964416,8.026213870186816e-05,2343901713.370311
3691263.612114074,8.365699023261516e-05,1929776015.320496
8878436.383436875,7.04854794313291e-05,5203194355.685503
2691021.033693553,9.437218509385777e-05,1298238303.34946
778618.6697568529,0.0001099951380210313,339163535.4449462
2579704.458555675,9.474616173202697e-05,1241258410.196223
13102765.63314508,6.079093488109052e-05,8474948961.015991
5404594.231236756,8.207252302155552e-05,2861747005.49936
5246348.900661648,8.244558708571864e-05,2769569233.290209
1503422.252951637,9.609118641297753e-05,716624970.9138222
636619.7351293679,0.0001049713681817988,286087923.6335938
631273.5165842469,0.0001079574055571197,278429946.5549008
23794.71850105411,0.0001266479026288787,9435144.808348011
34117.1573968622,0.0001234292274312263,13762399.65043109
21229.33162388992,0.0001311138658829559,8225656.559590802
17717.26886376299,0.0001366550843247962,6677997.40701948
19981.19356445417,0.000129953527774642,7788061.600380467
17636.4695225406,0.0001344217350336637,6720970.477617126
321366.8862107533,0.0001141358388567281,136579788.1620995
325184.6231516334,0.000111145084796804,140670541.7837424
99604.31536217614,0.0001207930929754386,40761493.37378778
153447.790805876,0.0001200490357555482,63055289.33739047
272756.4825914038,0.0001163617368723955,114437479.6711454
73424.81749804461,0.0001230215646885985,29683974.15396999
468752.8483950223,0.0001138490295251427,199552741.12971
2081368.130078045,9.822671453096656e-05,977677952.6345698
664538.1347845865,0.0001101635021931605,289175449.1319304
443.3657521109083,0.0001916280213006791,133389.8546817306
371.7119990850833,0.0001905205342998385,112265.2600650308
508.7344394526507,0.0001927496188533481,152462.1781906235
2065.599005156812,0.000184259760938075,637909.4171990164
2510.007528846519,0.0001830995649887216,778425.0725696865
1195.113712031598,0.0001837295218823408,369791.2233308244
700.7136477553526,0.0001867158434833761,214496.2953447076
1563.539449797123,0.0001851638186395371,481287.6943016759
821.5774274201228,0.0001846336085198322,253381.358436995
3176.358279897346,0.0001865856335428298,972771.1502206293
2959.319752295134,0.0001861809261828347,907615.216969058
2567.098985041443,0.0001854472601661095,789397.355976647
2581.787617312717,0.0001849238634927705,795411.5164273413
2975.089091129781,0.0001856575279715273,914165.7228784148
3241.956182369261,0.0001844920503663359,1000357.81452811
1988.364921862165,0.0001893229026778201,603060.1849636969
2564.348696830189,0.0001877591275292181,782065.3429334183
1016.088013598456,0.00018817277262042,309428.3766007674
1050.087119028629,0.0001894766071666583,318313.4073981615
618.8770127174855,0.0001903907310065049,186999.5167389535
1475.91767187957,0.0001889966898409428,448152.6831020807
2463.611513531427,0.0001871443537184714,752987.4524160144
1489.530285601982,0.0001886650125020833,452815.9944865842
1989.7897627625,0.0001881850911763886,605922.4580822689
1545.833621819843,0.0001904730416655253,466953.6103081907
565.491411616136,0.0001916573684694809,170114.8916674959
1047.525330430551,0.0001900252043520984,316925.4103875654
3386.037473094937,0.0001847055649058001,1044011.077035463
4174.905730082146,0.0001833548899713759,1293555.327504393
3651.504511990221,0.0001839878682499978,1128787.998467867
3874.693996535644,0.0001691478169948291,1266853.741444713
4409.503667526799,0.0001682391059239017,1446899.634780559
3221.496664960342,0.0001668757367490901,1062826.127163807
4867.808413682311,0.0001729049095190822,1568418.394341909
3993.238522443838,0.0001711179329158199,1295572.044897356
3377.681500153167,0.0001720601563998762,1091855.466962545
4454.058058099645,0.000173275773084663,1433058.689734512
2115.449765700498,0.0001735436828027936,679928.9149446076
3619.360967264862,0.0001714888645477971,1172576.758699402
4305.520600209416,0.000174818613183808,1377105.536614982
4952.750209014339,0.0001738300548375225,1590119.805346666
3448.498975711033,0.000172985390618949,1110769.169410908
1688.417287801029,0.0001728853990258797,544052.6280605153
1846.164943784086,0.0001715514426991759,597962.9148277164
3530.084605432588,0.0001699218551651481,1150673.965059675
2608.118217691077,0.000175791355456339,831117.1859663342
1911.540901404205,0.0001746192903026012,611864.7716178366
4155.850103207136,0.0001743514023179652,1331607.537533028
1954.065789325972,0.0001767384431997592,620466.7282442286
1369.458366183974,0.00017813975612388,432555.2603622775
1358.383151165079,0.0001755663746756391,433239.5125800555
535.0235928493925,0.0001753648853751287,170769.8418913058
1022.292064597567,0.0001733385999281616,328835.0736986973
502.0152673377564,0.0001763794887619684,159619.1053053651
654.8078880328032,0.0001742040423488444,209930.2792423081
1039.433483313946,0.0001717365947778172,336424.9044507289
1185.55846824849,0.000172178004322283,383063.8746266886
2722.539235246255,0.0001800411401483797,853872.4031016477
2955.26483142682,0.0001817064984115905,921190.4620864494
2416.035286055019,0.0001809827876670677,755112.6699040391
4206.514537005127,0.0001785146007492318,1326803.36860366
3712.577634277461,0.0001801044829838307,1164106.002754492
3207.247549947997,0.0001792270792881782,1008935.485637208
3245.227726549907,0.000180311570183653,1016785.741992555
1311.916674744691,0.0001811050000867618,409844.670038007
3369.15946231086,0.000179170456960402,1060092.997441985
563.6002717513753,0.0001827929873540658,174983.9329387713
729.0918680680765,0.0001842547697221633,225166.1463038411
655.8230824881639,0.0001836672151789153,202970.1958139248
1356.113346033627,0.0001830801422586627,420599.2519114272
2741.046328125128,0.0001824501727404364,852092.7234806377
2966.868873379699,0.0001816622133979524,924957.8686752414
3644.617955036114,0.000180157820528331,1142571.177040328
1331.767605451779,0.0001814142517185808,415573.1805771181
3136.637843042227,0.0001808705482944726,980736.8065081619
723.2819306853892,0.0001852402516880774,222578.925016442
543.3126286974955,0.0001867349534244831,166302.7336267948
650.3134017754885,0.0001846527124751803,200548.2652577016
273.7820079951342,0.000191443159120478,82422.35191552305
280.4139250556557,0.0001931917427446781,83908.74064375451
259.2721730028338,0.0001924847020119003,77772.3272423716
705.5205912631284,0.0001857591415202057,216708.6416819468
584.2946738028861,0.0001867282215853299,178851.2391652529
527.9335101616845,0.0001872538098888957,161296.6896360838
284.7954320763868,0.0001913895159278865,85753.97427000458
303.457302008513,0.0001922701836019587,91093.97040777614
291.5586346989268,0.0001931381074303255,87259.74246976338
429.8941381679176,0.0001888422509337697,130605.68391693
390.0612078175239,0.0001911942519379251,117530.2175945846
391.2299357358514,0.0001888722042325462,118846.5864885462
292.97925524794,0.0001930743799768381,87704.20942297921
241.6575151288767,0.0001939241558685894,72129.40766038171
285.2277961793641,0.0001946244686192267,84929.82315942839
355.5834096805982,0.0001896394831401452,107726.4416467793
319.175508189756,0.0001913955353663702,96104.0499846457
300.0288529798254,0.0001905148464390369,90617.16514781518
321.9183025812438,0.0001916283017748195,96851.39976779418
249.9145460424829,0.0001931751340144835,74786.64539568903
302.0638844288607,0.0001923253173731225,90658.35429166061
359.9028671629381,0.0001888421459721461,109341.750337369
296.3903479943339,0.0001880226373043769,90307.5298432017
343.7971284999856,0.0001899011655745565,104060.0007683992
412.5025236066636,0.0001884973829356778,125474.765646695
379.0064510890362,0.0001889149132995736,115116.0219462297
321.5748997135302,0.0001897903187542185,97371.7045679243
323.9532260388875,0.0001856152523698998,99557.32117440448
291.7340669187425,0.0001869511572384692,89228.11283403318
354.7700140274125,0.0001877706850571443,108191.9739835936
226.2622245806498,0.0001977777443513204,66654.13648238186
211.0775277457136,0.0001991261505039554,61899.87900794514
170.6572235471658,0.0001993151470805173,50014.71588861404
173.3024571722089,0.0001989065201769018,50859.4946578326
166.9336019327782,0.0001963118712534827,49421.13582792509
152.928415096677,0.0001989774945166714,44869.60182959325
235.6987044002431,0.0001936748557333739,70411.19274292879
287.797066227269,0.0001919683251564423,86483.51087890119
253.031342370804,0.0001926863582002189,75847.33754693097
2297.294154136584,0.000189592461983663,696096.1471484808
672.6628343573326,0.0001907467348029432,202998.4357080693
794.4028271651922,0.0001906610363577892,239809.3700174843
1009.17362584832,0.0001885921684118751,306866.9540975154
2439.177878671416,0.0001890538194992316,740491.0868834327
878.7127742780561,0.0001901224309512991,265761.072391714
2790.497584526898,0.0001873503016207223,852272.9796556721
2403.086892709716,0.0001881764977179554,731800.2504297514
3303.399453583397,0.0001884162389144759,1005114.501833886
2607.085529160202,0.0001855054861197109,801525.6785395162
2394.106699584368,0.000186567089283288,733252.3744189881
1293.058014580459,0.0001871713863791054,395177.0416030589
2821.167746891794,0.0001861119178112663,865458.24665402
2297.39560820254,0.0001876004404815902,701046.0565090814
2676.512833245768,0.0001867742010979611,819139.8830146394
2484.609465702401,0.0001847108658645048,766060.6818007168
967.4610136449986,0.0001839930797364615,299065.1541761504
2276.801339521632,0.0001857725321458471,699311.7162074341
583.6217321939565,0.0001867951497307552,178602.5787158189
1723.259185019323,0.0001850916826164413,530590.3327748385
846.5395531983042,0.0001871341811862163,258748.8969879048
951.9637467728373,0.0001841262695781325,294132.6529147533
2385.868679816341,0.0001852433839629335,734206.2301921754
2252.993998381187,0.0001859056384980388,691669.0244736521
1753.699634486717,0.0001817201048477064,546621.3104406329
878.7889524876356,0.0001829799955688509,272656.2852628884
2341.224006735904,0.000183697732324427,724503.4178358272
1265.40174231817,0.0001805758714609707,396085.2001307806
536.7261597506414,0.0001791210595068381,168909.8579894472
544.7398874820311,0.0001818358228020434,169721.2464994098
2537.462845890389,0.000181780702735876,790741.4533639547
3089.403313595038,0.0001825044130738081,960194.0881707066
3255.634948051945,0.0001832327993637807,1009175.946687556
228.3861536342102,0.0001952650279029675,67855.77137459064
254.0117638148309,0.0001962191391598896,75224.54786775871
247.5473147296433,0.0001963864433520528,73268.48581498543
211.2351735986266,0.0001945398346668846,62915.91847300123
217.9017821189622,0.0001948451818477207,64833.72902147177
236.6269281041407,0.000195966623416762,70136.28516404175
248.6601692002422,0.0001931613810723366,74414.80651881345
269.373301797428,0.0001938684241093896,80417.3633112133
231.4805632154437,0.0001941498811609622,69038.25054687922
234.2356301865406,0.0001947974187942082,69705.03648267826
272.3446830879229,0.0001945159622652588,81123.8843223252
260.1786627158287,0.000195751526270728,77173.50750160372
1674.735076997393,0.0001884530067507021,509499.8603603249
2700.244317495968,0.0001869323557225028,825936.6568694164
2907.736830263491,0.0001873370722062155,888121.9660682738
2672.246079229399,0.0001891563249139924,810953.3461810744
1869.685065160122,0.000188916587622119,567878.0260362232
882.0555454363495,0.0001903106551047028,266596.1450117095
2864.670476033416,0.0001860404530075175,879028.750669505
2848.018231891427,0.0001864882209600406,872519.5389349594
2336.669105766442,0.0001875289424692737,713211.5158809666
1339.810553308791,0.0001906699167902285,404441.0938015886
462.7155469064843,0.0001908127021372488,139607.6565981366
443.7930114727817,0.0001918542471491531,133413.4189352963
400.4488947939351,0.0001910947628764192,120702.0305045381
758.398069501387,0.0001901806300850002,229325.8600264562
359.2387805160964,0.0001918127990332946,108010.2135894205
616.4874300478616,0.0001887416263747296,187360.9575268558
504.0705862595649,0.0001900345437051004,152499.9335467537
1409.560578512994,0.0001898917615786095,426657.7738099539
2612.978816177508,0.0001842925788597835,806858.3986934872
3276.897160443712,0.0001838607707856024,1013452.568603194
3110.116488404386,0.0001831323935435056,964420.739709828
2163.385136390497,0.0001895570012088927,655602.5314899572
1565.041819523844,0.0001891091730852045,475026.1847203954
2762.607963163161,0.0001879932297519215,841830.1060496375
3135.603253880677,0.0001853050583972232,964708.8366548114
3391.253429919926,0.0001845873480620533,1046065.692912246
3118.18021323576,0.0001857528267379905,957806.081826195
490.0460482283148,0.0001867863509451383,149970.8315328732
371.0589502790408,0.000185574045271005,114050.7349812925
403.991078831733,0.0001877294948712349,123220.6325247749
462.3002720716667,0.00018789119201221,140924.5103728286
515.1335347692417,0.0001873656248513095,157323.3597539687
426.798370090446,0.0001883087530878979,129909.949453447
689.3741294170118,0.0001848574770180792,212437.0688024978
473.2362508633624,0.0001836471179069574,146472.2187809865
569.6091331702747,0.0001858265694603412,174919.5714096489
301.870386983512,0.0001961131507136649,89429.89073754808
331.4586628281327,0.0001977753787399841,97644.52357351831
285.090187790226,0.0001966665306666279,84300.20530828185
273.5049061081583,0.0001436702422535932,99705.8342655141
52.98354052656877,0.0001345223697799682,20181.09079412118
393.9351661651868,0.0001312203601429101,152554.1177438396
260.7419788478509,0.0001948851693081529,77569.63776493051
230.3010806732738,0.0001955163089049537,68366.07535829871
206.5467659782751,0.0001979306043165208,60814.86760419374
498.6134128564254,0.0001873588997076122,152281.7078443434
316.0895758947948,0.000192409505050454,94840.20676996371
236.3833108137895,0.0001937646940878913,70593.87904010333
503.4326608240167,0.0001854972857617044,154780.5366113998
249.8097121333718,0.0001863429039705777,76571.54547917323
319.929031193053,0.0001905623860325756,96611.50841721764
399.8291265902616,0.0001729355162603996,128810.6084755619
47.81465150645917,0.0001474588990229531,17130.90618763726
212.2624291790606,0.0001666238881646427,70099.50540281268
364374.4463752607,0.0001059305981841413,162754733.8015159
22774.0136440821,0.0001325504623803628,8760295.282600855
22773.70613807943,0.0001592245558171188,7752236.529403941
24362869.50684315,1.570845114402013e-05,38842412428.02842
27330952.84224978,1.212422086997234e-05,51786776612.15015
24831452.01040447,1.510350145702207e-05,40639686988.97025
16613399.51134297,4.985383719570606e-05,12264771124.86724
59433589.36773215,1.976194191085857e-05,81310296944.979
23821460.80928522,4.086218509570382e-05,20079551086.52127
68301526.40927918,2.537525926982744e-06,367132995030.6772
49029159.59850977,3.201808042199756e-06,225696204173.5143
60631611.89756743,6.669778808363337e-06,171116344165.7392
49246055.30870838,2.345448811528878e-07,1294854019070.343
48688558.49531426,5.573108540052247e-07,718944307189.2971
79078951.02169685,3.465743376398854e-08,7439263901114.462
56377978.63291319,5.211040396381201e-09,18756848651390.32
59703934.91772445,6.922760379235532e-08,3541197010446.973
83551520.31813779,1.348475539661923e-07,3177305501547.504
25289794.44498845,2.156080734482128e-07,703345349236.3273
30143767.12710401,3.522504420230377e-07,604361088677.1902
35370718.43914208,2.331751135716818e-07,933660709630.764
24283938.93187552,1.603268457091647e-07,822839187230.1726
23895289.88331041,1.685762073642078e-07,783035498354.3088
33717922.90200409,1.879939984818772e-07,1027459763081.526
11917224.32013467,3.575614682031972e-09,5096530641516.646
9931460.340657333,2.4268135299421e-08,1184828542089.666
14066411.05550879,2.327293046675525e-08,1725636254573.595
11250361.0882058,2.06767073981826e-08,1493409376218.211
10693820.62560714,3.068022421787053e-08,1091173664292.888
8231736.08334436,3.713998205405651e-08,739486605201.2692
25159867.20471505,9.190706500744003e-09,5734238420677.341
28128495.76310617,6.80080008034085e-08,1688261962489.365
16723256.95325845,7.068771163649549e-09,4540373508698.818
47972683.86230404,3.88521151003756e-06,194111338776.514
50296552.03875771,2.238528053758559e-06,293920483304.2891
57545380.20554806,1.983560691807827e-06,364513374897.5936
44639494.04005896,1.103121428747182e-05,90081798725.97719
46838372.35126995,6.557256345142449e-06,133696597060.992
57527959.10888893,6.541886039664226e-06,164466323444.9362
34537349.36919554,7.757875403076241e-06,88130683226.61691
44418913.50058857,3.678089736850241e-06,186417373248.8296
42236701.28223024,5.333170008283151e-06,138367164123.8921
240.6671862899041,0.0001825528033060589,74786.72974465661
490.4181731521361,0.0001817026494685111,152871.2142762569
279.5212264376215,0.0001754007675423701,89205.94539464045
241.9365934666962,0.0001902677810350695,73134.90907984423
271.3680023532094,0.000191897596127053,81566.58529254237
244.0412281162378,0.000188248239400755,74297.79410467745
264.0503376984186,0.0001876260399823027,80567.14712578613
240.2005498882596,0.0001892008430216186,72882.83975862892
242.2976363005762,0.0001871818355081538,74046.87073284574
239.0513217965603,0.0001939574301443135,71343.35607902675
270.0473515984575,0.0001933255960518357,80769.42984810544
240.6897034391619,0.0001916950678839968,72396.38580717213
232.0870104737752,0.000187386308495739,70874.86814217168
258.7540665255819,0.0001910369799720169,78008.55282968833
196.1300534712064,0.0001868216426374751,60014.93718254053
602300.0934077651,0.0001075931296283832,266250176.0811226
2506581.562582761,9.056235665530524e-05,1242939616.422903
499923.1769613356,0.0001127373661439453,214219013.680605
6417407.680597099,6.55033128043055e-05,3949275701.528984
8248739.250168719,6.245575216581186e-05,5240096441.631166
4270071.265211554,7.612862570671143e-05,2377222305.796972
4138942.046208253,6.700505925191917e-05,2508905373.730272
5137241.687853921,6.716796158950473e-05,3109008330.738084
2466402.813856225,7.986522816039408e-05,1329919996.499658
14201950.49411248,4.664903664136675e-05,10959385612.61034
10874132.52251776,5.508197693106497e-05,7511412434.56172
8754458.387579171,5.813819004113283e-05,5833398038.638256
11112646.33381636,5.750430009659423e-05,7459057327.41876
17042304.94480231,4.907184221728687e-05,12714718726.92326
7722571.483142073,6.780948039708735e-05,4644101033.076406
2226760.109879629,8.345743619394214e-05,1165995139.468374
4788670.636017828,7.075829655633246e-05,2799175025.193868
2963417.403877771,8.137489743633774e-05,1578092748.925707
17192393.05079978,4.279653386915621e-05,14051756014.41049
19981682.76341382,4.280566634388532e-05,16329186591.17969
13508701.1452576,5.124816264627439e-05,9791022773.997658
6433225.211900309,5.894662603675264e-05,4247396327.188892
12803829.23009831,4.761799518167355e-05,9745986421.956715
7664535.466441335,5.910624351316237e-05,5051227539.869726
33452806.01013144,1.649988795875071e-05,51615311815.57558
23637824.97029279,2.300685907203451e-05,29221508004.6491
25801363.02590915,1.743393378746707e-05,38374764312.60746
53103928.41717176,1.419910648789954e-05,90563383328.78764
46132979.57913657,1.29264603391686e-05,83757767525.26901
59221731.60423245,8.463197397558575e-06,142601727941.2315
43970372.70541004,1.995954967736407e-05,59757578101.78024
25711518.37295569,3.172666870209571e-05,25655357762.17564
37649244.63071491,1.875056829272569e-05,53343312059.1995
5042328.177515722,7.518153585735245e-05,2830676975.678636
3977943.404643058,7.855063224545471e-05,2168829823.990351
7840700.01253169,6.487976619284716e-05,4856037000.512035
17071331.42136773,3.768625810102762e-05,15187235068.43164
14419926.84479302,3.720671942581094e-05,12938446596.1208
18275853.36177641,3.119981862414214e-05,18440652554.23518
1328853.240178891,7.696044920669038e-05,734455166.8169352
2982758.450303843,6.974793627680229e-05,1760342509.755845
1316538.493805851,8.37549013903898e-05,687743889.9392232
10153923.37819949,4.553178920962602e-05,7963257099.757619
6789325.66683493,5.230346835375006e-05,4854445711.733631
23812874.20251053,2.974125822047457e-05,24806886480.98819
6075628.419177537,5.638330877767149e-05,4131973231.89798
7934774.874850147,4.931514967513288e-05,5900394358.416021
10063827.52883313,4.457281288681087e-05,8005402217.32419
1923804.175619461,6.983696024249315e-05,1134411562.745102
3001298.812755161,6.233035599170348e-05,1909162219.729269
5351423.505305032,5.555598778130253e-05,3675491358.995152
30609877.10043265,1.011460039467272e-05,65447907563.46524
37880919.4992057,7.684835695032843e-06,97274152246.75954
27961195.67472416,1.309708676536968e-05,50323704361.50036
73823775.10078354,2.250808271046107e-06,429837117193.1101
71206276.17591842,7.388785008675378e-07,871236886467.3512
66424704.07884637,6.451172963820693e-07,889686848838.3494
32881264.23367603,3.172563643359307e-05,32810154726.87706
48592966.25143147,1.997973141169693e-05,65995397136.71529
51431557.02968083,1.856548340607099e-05,73354286593.80164
68904195.04402898,4.00949824726463e-06,273014456972.8818
71843611.77006242,1.567049382989819e-06,532516459039.534
74472693.15167527,3.090970819318345e-06,350967678294.9996
65942703.45365489,1.679170527489474e-06,466770656088.5778
65762946.65769748,3.789599435775696e-06,270553024430.6902
64452139.20886277,1.905917160222317e-06,419277273846.173
50934657.66028215,9.082339983512628e-06,117007820058.6269
50139863.97485462,7.08140951857752e-06,135967990109.3471
41920659.72730166,1.790724267152951e-05,61245703761.66243
55024851.32038636,1.321643326762271e-05,98434959309.05997
52521716.70467647,9.767858944194891e-06,114940388279.2829
44747633.89703576,1.525839238116791e-05,72738480363.99193
59463678.98189735,1.658870426240535e-06,424336248046.7933
54613785.54787846,3.019545655788097e-06,261421446642.3354
55443144.49053357,5.029812992985945e-06,188862888669.5161
70687338.17613806,3.283955783674362e-06,319946055822.165
63451343.46600975,1.711026263174044e-06,443543655498.5202
59295865.88087857,5.071818375419235e-06,200870095835.6689
62489463.7818341,2.212840179001541e-07,1708074329474.337
51332449.43823775,7.920308941029862e-08,2783324911415.651
47758850.80790988,3.079803580060196e-08,4860771305514.207
64064316.35901318,1.168502642726854e-06,577470402744.0375
45492466.94592501,1.094639070294797e-06,428310635028.9524
45449541.73989911,1.814945149193679e-06,305459642430.9001
87692725.48386551,3.492988737096247e-06,380918540168.0808
78412140.30559592,2.606810461496865e-06,413977754841.9182
70177807.44243127,6.745228550581682e-06,196578197747.2614
94912209.23054557,1.928475131980693e-06,612603377799.5302
97784822.08890201,4.873167482695002e-07,1579054882524.159
85246687.95277219,1.055251452410422e-06,822445020513.8394
58458972.02204431,4.744786199274598e-08,4460395910566.424
51618266.94698109,9.383182416657158e-08,2499788771507.789
82077559.81258239,1.159448621142036e-07,3451888539180.9
25446713.97571237,1.495349922658127e-10,90323998162742.33
44927360.58504302,3.925010862949801e-08,3890006525256.885
42048512.58074769,3.793022294990894e-08,3724720656279.637
29028083.88420067,1.218537284089304e-07,1181025173672.68
39270421.35703559,1.47736534617774e-07,1405206950534.975
45264274.82734332,7.539330339524574e-09,11772455350129.38
12450453.89783904,1.036721104859009e-07,564170739698.9707
22120549.36031726,1.112873555664107e-07,956089818216.3011
36522080.30054273,2.339611582827877e-08,4464707362496.296
8309479.755152265,1.170827299056607e-07,347199113369.728
11969780.78980331,6.045077992200957e-08,777114343010.6074
16462053.00457101,1.265930556594197e-07,652946212647.3978
7452466.432664373,3.232422697258063e-08,734425808715.2507
8388390.012906603,2.620949517646946e-08,950691280050.7478
10220700.8659331,1.18242197665668e-09,9140410119390.852
14731132.46380473,6.432303489880265e-08,917610659563.9698
19325971.34285597,1.372458735038006e-07,726343075847.177
19675649.24021146,1.308006522460753e-07,763582204804.9606
52377048.42315546,9.573755779223572e-07,539203610303.5551
51928494.72248412,1.029977821442069e-06,509159461212.3015
49332341.6748823,3.025042782044549e-08,5081329799595.799
340674.2623550673,0.0001120775033453839,146552655.5301239
1074118.38586884,8.543978530426535e-05,553705348.1206917
3541771.372164792,7.722763621637965e-05,1953014023.915065
10844606.10218677,5.524373715655617e-05,7476386569.853016
1846567.366557662,7.729539836693582e-05,1017644437.414284
6191862.73255156,6.423500867359239e-05,3860469525.635747
82.41206363858913,0.0001951424317867176,24495.68831704036
32.1968678014878,0.0001968983677167949,9513.030310454098
8.708799298073354,0.0001899480807678902,2635.532293798968
135.7947262450342,0.0002019496865948536,39450.64561546468
161.432873363821,0.0001974057754903324,47615.90837037356
228.3051412034365,0.0001960612242806784,67647.93614350208
94.42184841360299,0.0002028761480273614,27347.55499606439
54.25403957085924,0.0002000599249298587,15860.80937271604
115.9846028597382,0.0001983797461705965,34098.51399402357
649.2502870324911,0.0001718669721140398,210031.2255058529
1904.448764989287,0.0001757834797480715,606900.164454782
595.6337963750201,0.000178502926532948,187880.8160823617
331.1277976884804,0.0001571285215190069,113717.0604017457
354.5357292650547,0.00016586612072547,117441.4894527432
275.3053421477595,0.0001671560695794151,90726.30104449001
3818.447106423396,0.0001691078656350145,1248660.116952478
2807.620485755738,0.0001734347168902569,902778.1627791872
1212.946671294473,0.0001695182039290556,396002.0906871284
415.3236863851996,0.0001536082962554048,144802.7863012895
641.2353882288627,0.0001530761889224875,224084.7944009377
441.4912736343138,0.0001623463900082737,148352.1005336524
6027.16359356185,0.0001679584862815058,1979908.005267758
4868.360140749351,0.0001700999998807233,1585792.973306096
5433.517898027568,0.0001681289413597817,1783690.296459516
3908.215379893204,0.0001667256170519083,1290160.0819376
2054.834137301232,0.0001684521570856668,673688.3765841679
2121.450394799163,0.000169426052442086,692860.9525090875
5528.584190710663,0.0001626040364597004,1855779.527381649
5448.393175110791,0.0001645293190120141,1814566.575236308
5405.570831184898,0.0001642928580749725,1802031.752994694
5422.147572529524,0.0001621430140272886,1823500.299373015
4990.817940167076,0.0001624499686769993,1676326.612036241
5342.735062728814,0.0001640683682517998,1782708.76414641
3437.077298932061,0.000179049356965575,1081950.658720027
2918.837606097477,0.0001769845214797754,925947.5972256109
3031.329746801026,0.0001763487075400083,963943.6807242926
1616.860190091803,0.0001794863708411887,508141.6777559009
1694.609990777792,0.0001784924094104793,534551.9619450204
813.9577782528789,0.0001770168623873663,258181.6975210839
2583.846060205359,0.0001806073762867086,808679.2756130631
5043.176903670336,0.0001815008220430763,1573204.348929141
2681.891995769359,0.0001796136096889288,842458.3842640863
2808.60766222523,0.0001690958050959514,918478.9069755787
5383.053575301751,0.0001673635769821672,1772507.450478683
4783.405734503099,0.0001661588685717068,1582662.099552433
2392.836415313541,0.0001782571126893079,755466.3026276045
2864.064100535496,0.00018032188068986,897326.406142315
1198.471758777517,0.0001814389996461266,373944.6947116428
3836.047789673946,0.0001730956452125978,1235074.76329062
3034.931679176717,0.000175614283858791,967777.8862102964
3256.756670996407,0.0001754514230947507,1039155.916512702
3567.862687884489,0.0001719618098667504,1153772.350043909
2229.706260193287,0.0001715526022839043,722186.6339491948
2907.065746619028,0.0001738447617013353,933283.9157784047
2272.342723112703,0.0001741903866730425,728547.2307077523
1678.676078989464,0.0001718982203632564,542982.6859081823
1206.806820971396,0.0001733446220307455,388177.9313476407
1955.810441585296,0.0001772323783195658,619866.3345673671
2350.535362231552,0.000175523872825008,749795.2084197305
1263.969534854094,0.0001746782998541027,404492.6509640404
3000.267794815863,0.0001754566517249542,957297.2147662446
3797.064130377132,0.000172937890919015,1223266.718668195
3114.303570731373,0.0001748207477313228,996090.8745115069
673.8018470240851,0.0001758342722195666,214682.4345542481
1489.449675898045,0.0001773098152168256,471922.4626573718
895.2777632565293,0.0001747559963955595,286419.8238427177
296.0120447117578,0.0001800094386313279,92849.42056035086
220.1529783798397,0.0001818126380779546,68597.53653362658
334.1503890647483,0.0001733735165058261,107469.8887058072
9620823.507430049,5.534694750401632e-05,6624449574.021979
5090359.987373568,6.355835556706791e-05,3196195936.106998
29842361.05906937,2.45473147098646e-05,35331644623.47642
15984843.48699673,8.313596607820423e-09,3895074389556.13
17554106.78064796,3.092986743662194e-08,1781530916218.597
14180230.8410421,1.022378100802858e-08,3010294200384.689
37962092.69804635,7.993823384615209e-08,2045724341951.181
27233314.00811495,1.565403686365226e-07,937597107404.7019
24137439.90434753,1.949550989253513e-08,3332228746217.531
925216.8543192709,9.923311161262766e-05,431657339.0223091
705135.0757911014,0.0001027907405467162,321343600.334281
1607772.977755845,9.391418147344628e-05,778163052.7838603
118245.8795364628,0.0001064619677973306,52640865.74526832
173701.7225088452,0.0001069583543184479,77089338.14507869
406589.4255885883,9.747340173389285e-05,191969395.6304028
151312.1262521657,0.0001113128172053595,65389841.46806814
95599.54154308299,0.0001160680129058948,40177302.66449498
284501.6072687162,0.0001096379957373078,124196874.2460046
1606439.708651112,7.344750542911846e-05,915966795.9771849
850159.6143745785,8.095484654058185e-05,454295639.1737503
205596.6750452439,0.000100038830933649,95404826.98653224
9834545.919620028,5.511058560144549e-05,6790956708.917292
3459292.733929629,6.370656242303504e-05,2168691948.25996
1444269.420680818,7.716498897089904e-05,796834294.4061674
29246310.93615489,2.225284754471644e-05,36966984995.93541
22261431.7983194,2.231808558478279e-05,28083321241.32467
13798731.06384581,3.803469502578215e-05,12200731174.23209
8227.664937597498,0.0001500470922266906,2913789.729355387
10348.44106644809,0.0001485887556695305,3688793.128505274
8066.597692856782,0.000152235304217879,2829307.4612608
92212.53934698791,0.0001272045330802683,36457615.16340346
28161.76172734592,0.0001381094495185048,10540087.67608037
30466.87162659657,0.0001323816893865774,11729403.23123656
13433.33164757834,0.0001475118916706743,4811705.612408612
12320.61632970171,0.0001491666573839242,4380441.939520314
13818.52207119193,0.0001455276772615837,4994567.245508202
432787.6151161027,9.190951149925683e-05,212504363.6164016
239160.4737533345,0.0001136981283302506,101903052.7915134
3194536.846625923,7.88435265160482e-05,1737389560.56102
26128225.76654942,2.913518367903543e-05,27595064473.7229
8050653.777481104,5.169589349484533e-05,5801323975.542642
16920536.40496408,4.310380897710819e-05,13763757968.51364
5334.354237464408,0.0001209044722220628,2181659.361872156
3656.360034554289,0.0001242134115080351,1468711.944199891
52575.48080776775,0.0001024211326213084,24017264.2783367
6040.385512572802,0.0001126715028438058,2589337.131385881
5982.973333377418,0.0001180217733245859,2486617.447772364
54571.97663125295,9.953238775378411e-05,25409341.05869463
85787.90393787228,0.0001068075675881909,38108750.28674725
67191.45869508533,0.00010746170899148,29726577.28973326
473738.2170980331,8.911025460648412e-05,237457904.8344584
6806.209795627082,0.000140009479396785,2524257.78631049
8187.181833623527,0.0001462089893403228,2949975.342485545
6717.593324601726,0.000146490482124903,2417356.872621141
222.005485018456,0.0001511626583812762,78234.92861217141
176.7639129870796,0.000161189944811248,59680.84668938758
31.81912229943009,0.00014201338152316,11689.66369032351
687.2348307132626,0.0001460130655995814,247843.3950864822
452.4992574196791,0.000146545786735563,162792.969924938
604.267163952387,0.0001340952826179992,230649.9307667944
1018.1123863629,0.0001547535867183769,353211.8283693552
2182.803386463354,0.0001603168924154968,739653.6901346878
761.5911605370823,0.000164023780110682,254165.9392836446
685.327730291183,0.000122810338475048,277379.9205372631
753.0550146330263,0.0001400789396736952,279197.4673404162
666.0802188443738,0.0001281614115661142,262032.4121908463
4169.083564976172,0.0001630765706030268,1396731.368643733
5826.804847606006,0.0001662026200583567,1927548.121066905
5243.367602785611,0.000166373091646364,1733357.916738371
2346.536016821677,0.0001831469539025369,727602.3470346185
1190.254026166006,0.0001826614035911327,369721.8625370384
2851.352706394039,0.0001815443579511817,889328.9657646175
1279.818622352654,0.0001866919938967868,391800.1781795679
2322.406891318218,0.0001846493895366914,716208.9229316718
2588.272140897124,0.0001850260109400565,797115.7933469156
559.3319331936135,0.0001859525949599758,171685.9617984395
732.411027351366,0.0001837635112021088,226594.1469340723
1681.335580801264,0.0001842489650183775,519259.398257768
5609.916711098002,0.0001823652669215791,1744462.59770718
3427.035434650545,0.0001830729526098,1062924.630965161
4031.9818739391,0.000181470332039747,1257905.883632588
3503.66107533615,0.0001835756209937026,1084706.104538708
5309.528984474841,0.0001824913244175405,1650293.467500192
2775.470261520893,0.0001815978797204682,865491.3451397601
3656.23740091658,0.0001841092852397531,1129754.098623442
3338.88917779771,0.0001837326337754613,1033105.017352036
5496.978672912451,0.0001830250424251447,1705232.918577368
4133.217685319419,0.0001706204619055807,1343592.394306608
5205.8071797645,0.0001684790076684888,1706570.421534946
2680.990541712463,0.0001702111128678532,872911.0832102252
2914.056690316962,0.0001767061664019328,925401.4868333399
2472.498948108461,0.0001784144665390378,780158.3091239386
3312.127084359848,0.0001794067924306007,1041232.553589692
3679.974826443711,0.0001739549361703936,1180919.63395159
4825.997066631548,0.0001696280841120734,1574908.096398712
4294.263694051813,0.0001715991073682944,1390631.383812757
379.7012350303827,0.0001860467554646942,116509.3043887114
157.0267866185048,0.0001924634289542562,47105.85932295308
41.01110576419174,0.0001872209285971044,12531.36988585911
19.03579222038458,0.0001499248635701275,6745.101886700295
304.2902212025351,0.0001754125528281984,97106.33202014047
19.02690286963158,0.0001765790005476221,6045.172967052279
245.0994547106722,0.0001728816375224845,78978.66104681711
320.1395472501978,0.0001715913362218006,103675.4085888717
208.808741176168,0.0001800313284780665,65491.25070958034
11575713.69699993,4.314689914569875e-05,9409821470.12936
13962919.05970433,4.362488719256101e-05,11267303926.18833
7262137.906873655,5.495956807320075e-05,5023837899.287541
39789999.13924594,8.373399428394181e-06,96495277068.73865
37765379.19748954,1.284637979342321e-05,68850433355.0451
29604681.37632213,1.37736230959811e-05,51522262761.17445
32075650.27850638,2.052499872297499e-05,42787808543.50772
21144285.02410793,3.351870979742507e-05,20339244115.18534
22482499.96746381,2.702759401218124e-05,24963549909.02626
7259.625191622398,0.0001519586153320561,2549356.947332186
9100.44067311242,0.0001552111131863842,3150991.369446005
8798.274251152934,0.0001583478072610105,3006003.344016127
1247.857742621336,0.0001244451160599986,500625.7376314697
3892.960118420914,0.0001347013925530787,1481489.453844435
1338.690010863397,0.0001417142289939657,492497.9009713243
8779.884061530938,0.0001494535439769259,3117582.601971574
9095.762998796454,0.0001529875543036835,3179814.126992813
7255.447376757088,0.0001497350673516239,2573051.714856476
13283.60839688671,0.0001439005933161065,4837351.815512563
16242.21788044916,0.0001365559513083952,6124983.324153285
14571.38816964701,0.0001422836031418367,5346435.820775768
12040.47591017061,0.0001490444555977391,4283181.089534326
12282.3076242211,0.0001470227391524557,4409171.221018397
13521.74553649967,0.0001454056591631026,4890034.078830817
9058.754556751159,0.0001465872459309873,3258399.790585905
11194.62429926734,0.0001419279392953286,4114315.49637323
11683.86764950629,0.0001415980767401126,4300791.536755513
522466.7402007717,9.797858611107882e-05,245831691.9081779
179870.2437927026,0.0001089635445250476,78844579.59953098
110743.6933281552,0.0001088804026544518,48568257.72003976
1325376.919039746,9.154487036850413e-05,652504323.8377618
1905710.73427636,8.94724104492044e-05,952644552.6066458
679587.0674504876,0.0001031335972453638,309014122.7944873
3111162.444835196,7.16232401697625e-05,1803931511.352574
1689709.563634007,8.448053687635897e-05,877622236.9144759
1402299.900695992,8.563407054464226e-05,721788310.6468077
8215.974188203456,0.0001540740479114668,2858727.356826979
10293.84515519539,0.0001524493997639677,3607119.126185255
9046.679155978576,0.0001553792093807129,3130117.086871231
5526.30504705441,0.0001553464446872764,1912349.683846232
6361.647888807959,0.0001529882408072812,2223980.254890288
4064.870217573957,0.0001563415273836267,1400652.660095895
8671.77269512187,0.0001524235374277465,3039064.106749889
11032.43549567706,0.0001487772294871798,3929287.00733052
10803.30128779048,0.0001507989782005505,3813211.45402477
189066.8768026058,0.0001151776230588129,79867491.16113268
56014.18409894517,0.0001254967629806463,22346507.88958864
120609.874782275,0.0001157269091243151,50787865.86593607
877417.7967048199,9.628669442209134e-05,417665805.4000548
371888.2100563812,0.0001078700627823447,164113807.9226979
272794.6681408795,0.0001084279054264329,119970692.4249964
2373329.019606051,8.766204565673385e-05,1202680350.66245
3209816.003598097,8.429233418890372e-05,1669634529.863137
969155.8913149876,0.0001013250415969225,445911951.8404643
2553039.138200712,9.525381354287034e-05,1224059582.167792
832634.8634398273,0.0001096531905694395,363446431.8312428
3199285.132030556,8.747848977759796e-05,1623499265.673584
12866842.67402004,5.785157420494721e-05,8601916121.704197
5136844.180030363,8.230180301539566e-05,2714918680.370415
6038284.100112767,7.452621104199165e-05,3409632049.645264
877664.588960968,0.0001143825556068754,372467781.8012269
489347.8565425549,0.0001163789827277979,205290090.3657987
1917862.138513549,0.0001019792261489782,878637181.6965301
15345.04767603081,0.0001443939024584868,5575309.819387602
19402.40589737096,0.0001383315922181417,7253951.851271166
16672.58317949577,0.0001407715318545479,6161120.011277887
28954.25198576694,0.0001386593348195173,10808023.36116603
93642.12096598293,0.0001277543640126813,36916519.21946815
33829.11192728083,0.0001345812776101107,12881531.47631975
194468.0714394306,0.0001167111629431098,81427926.55826081
138352.6388728027,0.00012185449371119,56289373.3741063
58971.40601829792,0.0001270320244504798,23336336.02447885
5852975.316797798,7.861771848321565e-05,3189307555.806571
13986625.7361616,5.416878535132008e-05,9769677377.689131
9416419.060927697,5.979007755963541e-05,6158378344.324616
1945.059752162015,0.0001685689410345326,637403.692479684
3739.435679348561,0.0001671359009363388,1232422.361353363
1704.597124048929,0.0001696010736267429,556334.5348998617
4604.528473977412,0.0001658353217553735,1525458.759727194
4644.057286136429,0.0001660709759283424,1537098.656802292
2671.939292697741,0.0001687723055253519,874901.4396863378
4513.841469621607,0.0001652857022439042,1498727.848906784
4190.857730738753,0.0001636673815907983,1400645.27823592
2499.968564797835,0.0001670123533283663,824331.9839274588
8296.56816111302,0.0001569296116558725,2851643.420284181
6312.66617699783,0.0001572067041287019,2167198.951911951
6083.470938812924,0.0001616941804192159,2049691.553682154
4184.932140782751,0.0001637659500607292,1398103.579294985
4489.26754186346,0.0001656772896771731,1488218.963296109
2495.392395025081,0.0001671096727175769,822503.5632781174
3664.729970283638,0.0001590979213580672,1248146.72875795
4557.123601732237,0.0001612080337857613,1538507.746584246
4969.683580552769,0.0001608997352211586,1679932.576544424
3595.394790130644,0.0001590655136326982,1224698.624277435
4650.472604899876,0.0001607680857818635,1572885.817643051
4479.7679383469,0.0001611756629328622,1512594.581808136
17866.82416739352,0.0001266897321199161,7083040.931542115
15852.0308690623,0.0001254423193948095,6325898.108548113
24121.24021155983,0.0001179169340275668,10031106.6526394
28845.38963678501,0.0001285730153710922,11323391.50987237
28050.48740238055,0.0001274965682917421,11073240.9035957
78655.27112610255,0.0001188090015368071,32545798.77977997
13235.01056143839,0.000138302377296106,4948852.713703194
12713.96668633295,0.0001386348418977894,4746419.739538498
15125.01276263824,0.00013340942390524,5793016.212531383
4278.313602232327,0.0001558600597014209,1477234.323341007
6662.944214991016,0.0001518653864410067,2340778.451337054
6518.079309228296,0.0001540526610044934,2268159.044172011
12727.37189558352,0.0001365856980959612,4798828.726865668
13289.76120414319,0.0001301077058029021,5175851.784948338
15139.63357227745,0.0001313601910195333,5858766.41185326
8205.960683253668,0.0001491042078972072,2918341.864057896
10287.71137186196,0.0001438057962456244,3748013.765590459
8244.856835466333,0.0001484627869827972,2940614.174135787
4307.920741557316,0.000155343685224338,1490751.661077939
6664.821324136757,0.0001519879860439668,2340178.602921629
6699.879753311725,0.0001513485318122151,2359110.045982801
6591.420404170245,0.0001537459243158858,2296729.969888121
8308.340641903949,0.0001499340850760325,2943838.935752999
7501.011541706273,0.0001513861036977069,2640761.376346535
11413.27031994516,0.0001373458050321428,4287457.59166122
12371.81238410792,0.0001316058666559794,4781709.179761576
11829.40691954538,0.0001380810712851797,4427992.46113746
5647.909026201523,0.0001286991982882685,2215663.474382507
2312.07213924238,0.0001184439664109955,958648.5479611997
7677.972059052177,0.0001177073720705414,3196765.293136309
8983.309916713531,0.000144587391094897,3260989.760228276
7533.725049259066,0.0001383879945127297,2815858.468389135
9830.729405205246,0.0001400042523335719,3646069.345603524
4998.207605461896,0.0001467617089638752,1796411.324534995
2064.008125137925,0.0001472938849628951,740039.540017674
5074.686458469044,0.0001402806785666598,1879651.384939027
14217.74990325201,0.0001369204581390736,5352031.260643203
16174.36609594912,0.0001320231621578324,6238217.535401217
16779.31344362765,0.0001331039636268064,6436456.839577567
13011.18807137632,0.0001432620580873944,4752215.908984573
13446.77609365664,0.0001397309435821834,4993707.634012633
15940.8345116542,0.000135917164332591,6030150.940614802
11305.96618684072,0.0001461960388227316,4073964.858788351
9083.749460618592,0.0001476550573855554,3251618.578352973
11712.25172768013,0.0001426660160010123,4289697.906301731
8056.559434006176,0.0001307436299256109,3127537.960623508
10450.93314456497,0.0001197516598120508,4301639.8006373
11343.75829451251,0.0001266213781215684,4498685.230142039
38241.76992325757,0.0001154355016737886,16130396.93131036
82302.66017699898,0.000115526209341748,34697127.63596185
30245.28934613346,0.0001242126399876423,12149186.96246291
6244.066207126297,0.0001588286208191219,2129029.387594483
5394.652199367521,0.00015954757745282,1833876.030531425
7120.556545223888,0.0001568632608059343,2448122.321775025
5113.935036605634,0.0001670726925565641,1685847.26459424
3449.028065999709,0.0001658086772880881,1142769.283664168
4487.704795593617,0.000164979785759458,1491891.103374766
3059.923038525116,0.0001666079817667897,1010601.568173921
3965.355542459243,0.0001683524120090575,1300576.50608979
2164.443083585547,0.0001699819225982406,705360.2992015992
4774.579634166473,0.0001625897947493992,1602776.450326522
3753.584437421379,0.0001644410417150322,1250564.348796529
4920.457529477495,0.0001649086258938495,1636225.809911599
4540.559093681984,0.000162654738229351,1523812.456867828
3150.438049909482,0.0001648158420685929,1048024.997668655
3377.949390371041,0.0001644353238218088,1125441.848435889
8351.363690072045,0.0001485864810655805,2976947.65722798
9202.088150255098,0.000147136005399718,3301721.327662382
10059.53341956673,0.0001425523557398666,3686335.896979616
3383.801974888196,0.0001641127675832957,1128868.513744442
4819.881152957033,0.0001619511434644599,1622234.564431359
4393.953280554465,0.0001616218344117988,1480887.544727198
13307.48359170978,0.000148891898308846,4737129.180484084
12710.70268739024,0.000150832907738542,4485788.825873971
12788.85319540203,0.0001507607225824734,4514809.829149663
14373.4899059786,0.0001462193036814765,5178759.632041218
14549.71193156885,0.0001448663063085093,5274842.1784707
12748.65566367082,0.0001481807316129235,4552709.098433489
13676.27964324426,0.0001480013208014149,4887921.752172218
14265.44823443787,0.0001471987679159683,5117006.542427934
13071.19162588012,0.0001499425337469144,4631254.187207978
24229.98590690831,0.0001377589327769427,9083920.298758717
54109.98659652022,0.0001320105793078986,20870760.21236834
26647.14402064728,0.0001356515568415202,10093322.443957
14296.22151984649,0.0001461471267501281,5152615.645737059
15578.54353160533,0.0001425247184523066,5709526.035602258
14898.45630467227,0.0001453442301286972,5389428.827157435
15049.41076214704,0.0001449395703297347,5454163.881587259
15456.95414348731,0.0001429554978073401,5653577.419167962
19069.79532357258,0.0001388777160414446,7110895.909453071
6890529.714992538,7.696451705039365e-05,3808251111.995335
15366225.82207361,5.56808604294695e-05,10538122744.67051
12189211.3043694,6.201906321671001e-05,7779627528.238198
2056899.966748307,9.310754895705271e-05,1001282383.121348
1005157.992326441,0.0001049753662196054,451692345.8422638
2657155.396127435,9.304074737294605e-05,1294100962.09428
14579217.12609345,4.72460173279612e-05,11155543497.91186
20155838.52304295,4.162794680454764e-05,16780731032.98702
29353803.10768641,2.844185280733306e-05,31503522809.94659
407072.3705285599,0.000120525926196979,166834030.2213603
866059.7298097523,0.0001150121274327403,366200349.0538056
2003101.169592091,0.0001009786439475366,923740237.745945
445820.8818844709,0.0001214585199478286,181778179.7143548
95056.04071303,0.0001302810848848418,36987826.35631947
185239.5789618894,0.0001234541411424153,74713086.29389296
3529247.33268815,8.87314541580055e-05,1774041176.659688
1943076.655154525,0.0001027631769393634,885655694.3972634
6206577.715438544,7.153198871108097e-05,3601792296.478983
127209.64542095,0.0001281457795867782,50047666.96309322
84029.88116248373,0.0001314543059122122,32502532.78861437
421545.9234368253,0.0001226316244853273,170782450.016115
14694912.03999872,4.763616282904619e-05,11182591921.46676
29517871.86824714,2.883074423339653e-05,31394083398.72188
20702557.37529352,4.318104432263899e-05,16820099838.86342
18661916.21837474,4.695780433657204e-05,14337861495.78865
16813353.72351323,4.901834985575425e-05,12553029760.07475
8824837.757980881,6.568552952398817e-05,5420760997.161883
27550161.36011841,3.633226745854242e-05,25114766522.34751
44705081.38481357,2.315824903448284e-05,55024116325.18983
25293755.12571654,3.838719445812047e-05,22227420278.71228
10770531.4701623,6.477244637849994e-05,6677956728.15416
10745554.2449293,6.661214752781649e-05,6539228764.511387
4926787.759207291,7.978495339348546e-05,2658376709.00511
29049876.83017407,3.39103134760125e-05,27728290306.82101
17493373.83182381,5.125779291859533e-05,12677500672.94652
21262988.02014898,4.491641624036494e-05,16827550244.77164
27516672.72101582,3.663564360424088e-05,24945566334.97315
16277516.46424576,5.582767143996076e-05,11143504703.05075
16308254.5333523,5.398517164901866e-05,11417153063.14279
37849426.22658903,2.073294168834121e-05,50151664257.19379
45024211.66563536,1.525003270156287e-05,73214809065.58243
27764045.04312228,3.508381699583617e-05,25906665381.26592
51077798.23842555,7.242306774421736e-06,136452309384.723
54768025.33054788,9.801964643147516e-06,119578103586.103
42778651.81158829,1.806126129171246e-05,62143404622.95412
2030.882393688558,0.0001857200259969675,623896.1189849798
1023.660329046616,0.000187272041171529,312733.1434635047
2576.370033928366,0.0001868584115397263,788254.5218132406
2961.500063761408,0.000188342280268189,901321.7755625637
1354.175646011139,0.0001878805880037487,412813.3420991895
2477.015013173969,0.0001872762852646205,756728.5416998486
279.0203464213396,0.0001921959948904858,83779.86406639879
227.7624712383616,0.00019390253519314,67987.09865303474
220.9455311992645,0.0001935971506865106,66021.58016867889
359.2919039099174,0.0001903720911378639,108570.5182448579
583.6685868500296,0.0001889217138195263,177274.010130381
485.5337589043872,0.0001904519564640896,146677.1533005054
235.5071713616725,0.0001935661385025292,70380.31593592901
218.1652544118781,0.0001938646521473258,65130.81280505993
377.7315333554347,0.0001920792800075831,113465.2555313914
323.6786636996551,0.0001915985410675162,97391.10063776576
260.8679253459073,0.0001929997530319567,78111.71661170067
409.6770322896818,0.0001915128653069427,123303.7583108668
217.2182552799274,0.0001969520249829785,64168.61821828761
162.8149109347895,0.0001984898055916263,47848.54158228085
177.2559509953026,0.0001958240818118024,52564.20399083441
259.8973430284406,0.0001901599921445222,78593.94208129478
244.5238869949866,0.0001899447821573003,74000.79388529135
268.5822961255953,0.0001883707870014553,81733.7981265416
140.7202695798208,0.0002025245316722496,40804.20311490029
234.6787392907205,0.0001966380928094125,69400.40064075292
183.4251960660257,0.0001996814956899824,53690.87041236406
334.3260036280734,0.000187959506569987,101888.9983602349
539.2460636385503,0.0001882984897003868,164143.022347081
324.6279676561213,0.0001897490057234059,98310.42953034439
234.5899253945673,0.000193485480428387,70125.68292397189
236.2129727656699,0.0001912238212375865,71166.52339195345
251.3269292601802,0.0001914377321936657,75663.65754945556
5467.531765804128,0.0001815003200242023,1705583.75743364
3911.410648153013,0.00018060529004996,1224183.257974075
2993.66755373207,0.0001796130542866342,940397.8733838298
287.4364540474177,0.0001859271829090164,88236.15748805372
443.1259980221054,0.0001841829290106784,136886.6138591116
311.0871955348586,0.0001863719653786918,95344.37562041802
292.5904809037825,0.0001849892700012107,90121.65675925197
332.8058009585088,0.0001826195900627707,103393.3591269282
449.5198664667195,0.0001832447901574949,139335.2922073778
476.0358606294632,0.0001816397436997011,148422.2746785657
468.5464505526483,0.0001789251341638705,147561.0548780334
869.472338714318,0.0001797917677335492,272945.4767978584
2962.55957314253,0.0001822333239168933,921683.6730952038
900.8469533583823,0.0001824668458044452,280023.8598505268
1419.984588718864,0.0001806187983484971,444400.9703486593
747.1099113057704,0.0001816029004251542,232971.4186328239
594.1110643518382,0.0001809774711036901,185688.3385097212
1733.139137742609,0.0001784209371389207,546851.6819222056
2214.280495598317,0.0001773059483370298,701590.6039366059
888.013052888885,0.0001798625814416157,278692.6197492787
2404.32613043798,0.0001771431647999882,762272.8355342183
235.003420639421,0.0001853815810702977,72281.93927973734
198.8117788371544,0.0001848149238599204,61275.10808232681
271.1789077942118,0.0001830114041121372,84127.33636448502
579.6740073312244,0.0001768634859514095,183974.8142946457
545.294436638767,0.0001778780410420351,172404.8615889686
1278.539802558651,0.0001793327125726219,402044.9156330986
1624.937481292441,0.0001703779345293721,528722.4569306459
1453.044435185182,0.0001699364505918799,473610.3669649699
2411.15457841433,0.0001670038954667914,795073.574894228
1481.956791895728,0.0001708088233192251,481388.0896428999
1426.366302969954,0.0001698346314195266,465100.6020093701
1040.944236349709,0.000172255788486259,336236.5454119128
8077.185477249091,0.0001630097016274712,2706768.335941706
6143.641671028387,0.0001646372753600665,2045221.882176635
6820.862320714111,0.0001658420983426323,2259658.245256654
5140.95107809319,0.0001598645912781164,1745320.875788474
5230.796214605618,0.0001570654956634892,1796858.760349817
3812.007441625533,0.000158060646951933,1303980.918542043
8618.105415161315,0.0001610199637353003,2911780.627845685
8917.188242419481,0.0001578831772576534,3052605.598067907
6616.516768277531,0.0001626474462253267,2220570.597365128
7554.536790312579,0.0001592954858372502,2570823.106379387
4605.945625728144,0.0001590017855189392,1569341.547150781
6134.203483388338,0.0001529062758320378,2145233.83312356
3201.259557630798,0.0001570494405740163,1099756.723094292
1744.48783558164,0.0001514861312052472,613883.5970846089
4493.518685227359,0.0001509539574772263,1584979.136389858
6411.076385372849,0.0001652017127995714,2129386.946930912
4665.453870678863,0.00016207563787019,1569454.537804439
7630.694886101704,0.0001623693591338202,2563862.346485892
3858.260558677429,0.0001665667297952553,1274479.087942547
1235.430921830898,0.0001669770628810555,407424.6071539989
2945.47577408293,0.0001632701841713255,986016.5397907433
10884.19671030411,0.0001420078047831055,3998725.322118209
8739.586484809235,0.0001473054288869443,3133370.250898522
10485.18349867987,0.0001412693403386427,3865545.21197463
5462.825935040673,0.0001627188650779701,1832843.674003414
5680.126297936315,0.0001582316837781457,1941611.60613675
5586.485394220395,0.0001610294040035506,1887419.96187488
9004.41031788064,0.0001541635711701015,3131848.669705605
8690.135689724289,0.0001506294733118121,3069633.925120554
6931.954655782098,0.0001544402052327408,2408142.226871269
5606.171764059926,0.0001674741910317251,1845161.880821263
4949.53395887797,0.000165381217409213,1642757.72684164
5209.777615093419,0.000167414193311181,1715106.142593237
4023.498969988789,0.0001701861816724545,1310150.031100247
5002.110892630962,0.0001691780169042991,1635274.61670075
3405.516654048737,0.0001711284567336089,1104845.418823954
4005.987497359656,0.0001691147202341,1309951.797671007
3341.30943280712,0.0001668424608528416,1102500.94950987
4982.583411743671,0.0001681063955179432,1635805.837383857
3522.929924052443,0.0001705901697234639,1145340.638261465
2041.880192015853,0.0001726450920866377,658558.103738246
4033.688833097989,0.0001696814240836224,1316071.625588189
5038.135191322186,0.0001594622755984633,1713291.1784357
3937.193499718478,0.0001577591332947899,1348519.047020381
6095.372005267964,0.0001559520829217108,2103807.971386908
5948.065097366938,0.0001605587235502864,2013506.835820504
5729.277016877892,0.0001604885641682734,1940009.069761891
7613.792779558606,0.0001582837565149523,2602017.143043668
11146.97233783804,0.0001530765144113522,3895392.408988748
8827.717062585862,0.0001555117549760118,3052621.252475559
9331.74226196545,0.0001557919803590285,3223042.285265433
3090.516624038693,0.0001659910561846536,1023233.205314786
4256.033045668592,0.0001673546708494798,1401456.964215847
3315.891834500032,0.0001656101654525602,1099534.923260692
5232.42183913401,0.0001644274035609518,1743358.152528122
4903.435657904818,0.0001625161345432025,1646529.406804743
5081.956311420216,0.0001621085369336667,1709334.282920166
4792.288525463011,0.0001618404262047049,1613683.215375791
4992.562761758983,0.0001619109959568052,1680632.03287806
3769.288003126476,0.0001636916388301813,1259626.119992469
1140.381593793741,0.00017088556717108,370322.366330486
966.0909462554569,0.0001722747640715982,312035.186345977
1338.506208276553,0.0001698541559304268,436418.2848977958
74708104.63012221,7.620531246623761e-07,895455935629.3594
86473122.49382684,1.697748662986e-07,2820323178588.149
54526064.50100441,6.908938377842815e-07,697691245463.8523
33209536.67644664,3.191131340764557e-05,33009050369.80607
73811579.55145092,1.081401576229241e-05,150938431877.3201
57823047.22934008,1.406122375789046e-05,99254962298.50092
21111460.63713475,4.257942888427834e-05,17313507544.54747
48383041.48337471,1.18050049671466e-05,93321644442.38893
67701390.72360393,1.24925525949052e-05,125746758618.0223
347.7558090234686,0.0001930289396060703,104118.070214972
321.8879917492726,0.0001937687322001747,96127.79419238938
314.0220673729459,0.0001923206818649523,94248.87502190309
4989.755906940043,0.0001694640406170118,1629399.565244842
4528.076824192378,0.0001715400392433295,1466684.772895509
6372.075793778609,0.0001687379707424368,2086759.431209918
5695.533502762244,0.0001701000287255151,1855231.684946029
6581.451963473382,0.0001686248881076771,2156290.483296763
15397.6410086681,0.0001659861416807804,5098075.974991442
2772.717487218779,0.0001771419155695715,879072.5730326609
2868.778490219012,0.0001779888509505865,906640.5718594459
3901.060005335978,0.0001724383625403427,1259196.101629362
1630.555328662204,0.0001832864017574651,505338.1000404986
2370.739725925323,0.0001798123222275214,744167.8622063984
3114.479835062054,0.0001804967461394512,975152.649836541
1702.513924634912,0.0001860804764297704,522344.2276589458
1562.048433189904,0.0001876332243923601,476600.6910457743
1568.773158376521,0.0001857011916217821,481966.6887760012
1907.50822172238,0.0001830763722815811,591622.7780714688
2170.794102193893,0.0001792091873763385,682933.5564493841
2973.406461163425,0.0001813715582607284,927986.1431176292
1029.699937581969,0.0001867588445199114,315154.2979430527
1043.087542475339,0.0001843981274684736,321970.7512907169
1166.667509061632,0.0001870180628098908,356745.1414530525
995.2479919260495,0.0001831099189893773,308643.2117960181
1155.742178860078,0.0001796500692109526,363002.294848462
1034.042240537729,0.0001821867249450693,321756.3505772522
6272.861660187099,0.000169284872861357,2049841.471688268
16337.91976790618,0.0001651700532470962,5427200.752680462
9226.891933016557,0.000165362504881083,3062650.264456945
4961.253915968668,0.0001719572172763219,1604394.566068174
4206.23244835555,0.000170978142231599,1365419.832884414
6676.652589745334,0.0001670621756886378,2201101.265912048
2887.625619771939,0.0001757815035312681,920220.9220129837
4037.140803996967,0.0001710760087311123,1310029.745965698
3350.222732232288,0.000172546934400489,1080941.479740322
4482.159885237415,0.0001729735672653075,1443779.429062991
3733.239304839634,0.0001736182003671682,1199560.977458447
2762.639836033423,0.0001756367375623786,880874.4814321967
224951.6960203304,0.0001519042380876018,79014963.6625692
172262.6710889303,0.0001517661870383424,60544471.84392612
494205.094409782,0.0001471213389177761,177333222.2303361
62870.26545389053,0.0001595954967029449,21368049.06508195
154473.3451487357,0.000155132530611903,53503841.72559468
212525.0414342553,0.0001554320226830229,73516210.12901859
33479.44447479548,0.0001587967087745421,11416962.60220116
81247.54583993602,0.0001546882096929765,28195000.68599866
118532.0898995984,0.000154820539536416,41110260.05068942
7798.395799384149,0.0001780738397603433,2463798.527437677
4535.553753282244,0.000182382885968018,1410287.303246926
4558.842991009107,0.0001813451154574602,1422931.718259916
547117.1199923352,0.0001581804405916891,187058932.1104368
228266.8736135171,0.0001642786424379727,76100729.59876716
115911.4162395673,0.0001633191878612617,38794313.5057516
12138.57701937421,0.0001815317330326699,3786163.889529174
6085.641459067098,0.0001824278296246938,1891961.528262001
9795.561236074593,0.000178126856157471,3094162.050899159
579195.8742855926,0.0001644642008195723,192949892.2145021
1792881.267963005,0.0001588390553526769,611289119.9059796
1339871.035860232,0.0001636445036478195,447846017.8469387
39001.35495743374,0.0001668454851255407,12868760.62518944
112092.8990989273,0.0001677929752944651,36846444.33160156
28154.64454253257,0.0001722600232745512,9094113.726162618
956661.4259028125,0.0001566191431266869,329251958.6399346
1674761.698331951,0.0001570755930293795,575281685.3013994
512927.9340921462,0.0001627174245415152,172094494.4899908
44524.83443790788,0.0001822182252905043,13852912.94118189
18917.9222216698,0.0001849162157015001,5828499.598590026
20877.04382055646,0.0001828475354092578,6480516.12434866
1298.053708470148,0.0001894259709593911,393549.7561014551
697.4813353471254,0.0001881034798906351,212455.5286251053
978.8099579699909,0.0001879816713740975,298278.1045049627
448.7146547095361,0.0001965240870919503,132747.5135382101
359.7386732826915,0.0001941482297538193,107291.3818159614
567.2124706419993,0.0001952596204298388,168527.5123282731
414.4560960797559,0.0001938194457063295,123750.5013543907
347.2941422540628,0.0001921821648235443,104285.0540986768
370.9000799070612,0.0001916973193559064,111561.1289066635
2141.741712529716,0.0001753514595022132,683640.0622933253
3676.002568310541,0.0001717361536839999,1189783.617948257
4158.672117743474,0.0001720661303527005,1344284.174846874
1741.055686057853,0.0001946202548236422,518426.6325286764
1222.573878991883,0.0001956099594717213,362811.5775281545
988.4067852940989,0.0001966350601074233,292299.7302743497
1169.221598066204,0.000192137023209132,351147.4000759585
1719.56192804968,0.000193448041451719,514092.8885643066
955.959004757144,0.0001942460261734907,285017.2681880558
1402.267322499707,0.0001927650925733629,420221.7749687786
1329.864304392908,0.0001946437419529167,395956.0947941886
1868.654798561104,0.0001936515852989866,558275.2516927978
1231.656539492808,0.0001891255931932753,373814.4468670674
1245.055597230842,0.0001910559998604795,375331.4511292375
1141.947041161821,0.0001906309377211907,344760.1339530242
1303.493432856774,0.0001887574927853729,396131.5020944073
1430.999222711097,0.0001891629630167263,434258.8311847803
1317.276664089801,0.0001906897643082962,397611.3230541974
3416.645153252167,0.0001825098009897695,1061880.75121691
2553.241922048678,0.0001848976834351613,786691.2503241783
3574.81866653576,0.0001813631792055664,1115718.421127054
2405.450724419483,0.0001878780329885737,733295.6832316563
3695.623479837583,0.000188867035894607,1122665.236097035
2502.913270806783,0.0001899085359926563,757558.4447804911
1362.128419103283,0.0001865488036109255,417211.6323983768
1855.390199145767,0.0001872954769760529,566783.3255402069
1941.104742541241,0.0001893327413436165,588706.0359501697
3514.209274616515,0.0001840204626223172,1086217.699422166
3982.184287281658,0.00018739903370761,1216026.734192794
2637.67550192272,0.0001864060366664599,808316.3881686819
4402.813253197412,0.0001762611124440823,1400530.573610078
3894.770527222466,0.0001803522587999329,1220115.144063544
4063.528070841459,0.0001792018468567736,1278424.083311351
3627.408515381235,0.0001735934764694454,1165666.192912261
4330.780619612202,0.0001745679679930834,1386510.449006428
3994.33820076607,0.0001775139714381868,1264609.597765278
18551.32828288139,0.0001680624029942345,6091552.125181561
11344.19089597509,0.000173473767029945,3647127.838901681
8039.882463783848,0.0001726496823290307,2593019.865948563
3805.821526168805,0.0001845996368398841,1173891.226209441
4314.888299584977,0.0001869452350154128,1319754.923396938
3827.157638839511,0.0001835690431374024,1184886.418644746
3225.631131351604,0.000191470739469754,970986.2774078791
3038.067360451626,0.0001925817608839307,911004.7259720123
4014.413234502511,0.0001901232656616375,1214130.117151676
770.7282784571686,0.0001980210605691041,226861.2769654806
695.9350923097317,0.0001980676990655382,204813.9964734464
558.7319507215499,0.0001993785783552739,163713.506391476
844.5453724957739,0.0001920270147078521,253735.616675015
664.9057838524525,0.0001941387439519757,198313.3574151951
438.3295948123363,0.0001930209459815485,131239.4799736439
1280.436962829702,0.0001915721169840294,385303.8396934345
1389.487673525498,0.0001919947890577782,417505.0542011506
1853.8977001307,0.0001928851604923344,555332.6669230766
1321.238707907094,0.0001932458240677586,395282.7631097703
1207.39094124888,0.0001945423729779742,359615.5316506951
1276.4247332409,0.0001926627270507148,382645.6161277855
1251.666510416994,0.0001928502189250854,374980.3771929095
1234.227162925752,0.0001944026640256389,367784.67206498
1475.61945631833,0.0001914176703342254,444276.1727765832
1509.619285334601,0.0001914496774179573,454462.1052901119
1265.338458830389,0.0001944370885936891,377010.9538153536
1379.30583280237,0.0001929835748184901,413028.8055966088
736.6844910880545,0.0002003453158506815,215160.2623237635
981.7752456006311,0.0001994106381337631,287638.1777779001
1035.139803378247,0.0001996150706436554,303065.7024575328
643.1410878734008,0.0002007005853507149,187617.7095803672
572.3986715330639,0.0002010578014210968,166782.8270268576
486.699490362857,0.0002018582755430848,141437.0487235255
728.729087673591,0.0002000061320601551,213077.3225499832
817.9766635982464,0.0001990760286731165,239917.3199192802
653.2937055516852,0.00020036104100631,190794.6916665329
2324.410055279707,0.0001979643062296956,684313.0423878186
2617.272810006441,0.0001971356672984369,772690.409566725
3336.74108692568,0.0001985554390256837,980395.5175068277
3668.065238326941,0.0001915528675481126,1103853.094239312
6080.614823880514,0.0001903913820608674,1837310.835569567
3522.343920427451,0.0001927226761500525,1055706.542396513
2273.18391407137,0.0001987537361791259,667458.661638051
3275.308832912549,0.0001993406649179098,959816.7428000346
2403.197541609815,0.0002002859619986028,702030.2035081745
2733.614959256243,0.0001972938115177993,806606.4683512447
2778.440736423135,0.0001985944060754421,816249.8796884259
3467.941005562593,0.0001987128630680321,1018406.229264471
1915.495361045367,0.000198213393911268,563454.829926868
1926.761419300198,0.0001983701387407017,566470.2114488817
1898.45125935308,0.0001995252598009093,555990.7013149784
4051.132917613529,0.0001929436724158278,1213266.293339769
3402.151822160787,0.0001936151290636113,1016547.07929666
2940.225459194405,0.0001949112753739739,874626.5534772716
6433.866479929919,0.0001904802065161708,1943444.495294299
4829.820592143152,0.000191895307254071,1451737.502159816
3792.395325656159,0.000192806412913118,1136316.429664973
4396.533650404705,0.0001910927857427229,1325198.31132551
3763.650330025008,0.0001926649886189072,1128255.346323865
4444.77419884197,0.0001919879084126064,1335571.423790618
2393.159405517528,0.0001965944541629761,707822.1013805106
2113.496122714658,0.0001974280913507644,623345.4935684474
2382.132135568372,0.000196405407342024,705012.6143494146
3049.69296884299,0.0001943364670721676,908977.7436853154
2624.793736124945,0.0001958234570291804,778368.7152446576
2613.244522372677,0.0001956283211154062,775459.1001422438
11715.53274486427,0.000188039740107326,3569403.24422846
5698.347121374123,0.0001899353876937972,1724560.003258302
5998.186056970721,0.0001897530558200837,1816466.588083206
456.0134669148201,0.0001993189027943328,133642.731387536
492.4254043997686,0.000198109659015585,144900.5442157467
700.5233258442846,0.0001980187180227551,206198.3114393314
353.4498721765651,0.0002031248632486231,102286.6852711962
284.5387475829429,0.0002040704849386189,82089.56442465699
259.5895794277424,0.0002040237211147202,74903.16091487865
1764.810744630917,0.0001943096937016125,526059.8552031369
1434.869657513142,0.0001929494490058678,429717.8789205636
1939.484795735795,0.0001920128694857938,582728.3592552008
1297.49613874338,0.0001982190657930186,381659.2484610148
1693.359481476306,0.0001964667635549613,501060.0412589272
1730.765969016136,0.0001975281731019116,510292.2618157856
1044.423652910096,0.0001983935692384817,307037.6533620814
971.3734084375678,0.0001980439503518144,285898.4648277187
1093.619117274628,0.0001968369009494443,323192.8524276678
701.0989807891144,0.0002001707761824444,204885.9700530577
871.3686597080219,0.0001988767277893178,255748.2232579882
940.6264703974108,0.0001992275339839748,275751.3347444031
488.9410190588698,0.0002006176579368207,142673.6272604127
620.3594216181002,0.0002005931185734337,181036.4516895273
466.9080737027464,0.0002017405024192649,135738.3768745689
537.9779866557787,0.0001998185120381335,157400.9532426921
672.7498955004105,0.0001985097379305126,197696.5520274462
675.4466898135198,0.0001997857518084149,197642.9842758004
1185.584299031769,0.0001952162153774465,352307.465892978
1298.422542648375,0.0001939253757145178,387548.7013165084
1187.920325457181,0.0001953748409670497,352810.5432043105
749.8204536148098,0.0002017387576694658,217987.2310694412
1095.378187163018,0.0002003887222966952,319876.1823984355
1274.984363893318,0.0002017998881956275,370587.6235716664
1195.150146387965,0.0002025472479215445,346527.9248959517
815.24982626317,0.000203380030242503,235731.9831803067
688.8981903089937,0.0002024872478448759,199782.1084063799
1335.581605343569,0.0002000842229246639,390416.8313523594
1695.734494392603,0.0002005242313168357,494971.2201225241
1533.195078100342,0.0002015001599264502,446081.0965130177
1654.114990262673,0.000201184083128987,481766.5232465168
1191.055526013757,0.0002027118398585764,345153.7514964727
1493.633168213872,0.0002021568516616521,433628.9865945378
1898.297862073892,0.0002013629594827072,552558.1236847988
1277.501266084343,0.0002025113081970756,370449.0509017132
1755.718095925076,0.000200984102665762,511697.9148532058
1970.107825563138,0.0001989386584822217,578110.0767636641
2091.269204789407,0.0002004725749511181,610529.4669215628
1941.479817676264,0.0002000875932089098,567526.449743685
612.0689955767808,0.0002037246686545679,176781.9692593666
373.290854229702,0.0002039528202700211,107736.0064002412
503.2986367654217,0.0002028409312709896,145788.0823899453
1293.625719348353,0.0002027565020580153,374822.3230572744
1013.220866845049,0.000203307992299376,293045.1181735902
896.9213444508988,0.0002035830332334465,259175.1182874661
262.1564774380956,0.0002027612435303102,75957.49414085413
347.1143547296337,0.000202789628611103,100563.8938200384
254.1641515744428,0.0002037001486493647,73415.32603033879
372.293992800792,0.0002032579946837287,107693.0319937607
321.0876118467521,0.0002028453799351423,93006.53602948561
262.2205884894847,0.0002038290702626274,75710.48681995613
403.6196460589123,0.0002027596662630993,116945.7882257517
452.4930093259534,0.0002025921501100313,131178.7429876306
329.723901269239,0.0002037173563054602,95235.39966310511
408.0038322371303,0.000200993950064506,118907.4097751754
387.898923904792,0.0002021060880584046,112632.9980165617
297.7485356687324,0.0002020882097513592,86461.4105754124
815.8075231196452,0.0001974164680537149,240620.2206788368
1029.686659751281,0.000196396365714862,304754.0282868873
913.2234828434845,0.0001977622876014876,269038.6979228639
224.494482011884,0.0002040084394697452,64779.89625452186
218.8464248210505,0.0002040319911431346,63145.23893733502
232.0095697919658,0.0002030817627212254,67151.94804702033
288.1689123363481,0.0002006242540559642,84086.2214736375
280.986657969089,0.0002003863240153181,82055.36467250717
304.5356612378656,0.0001987748013132479,89412.3008290945
1089.542076185009,0.0002037747846333285,314637.4242099649
1432.570022219921,0.0002039649091079999,413439.7424754193
1152.721739018594,0.0002047240902292057,331852.5687042681
1246.287769024901,0.0002030771555631223,360726.1431759521
1860.206529787694,0.0002019360972477282,540445.4424762722
1611.532358458931,0.0002032682029551971,466150.4042068633
2227.354739727351,0.0001958721504720563,660400.8083300465
2523.195636886009,0.000194863269450061,750696.2879590902
2093.831745234707,0.0001967838147789078,618892.9417255472
2008.745828653709,0.0001974877499781704,592331.5697475552
2283.106858508904,0.0001966304839334665,675189.4897764139
2020.282459062594,0.0001976495372929391,595408.3101270341
1390.177281298307,0.0001993202396044013,407413.9729792272
1773.582270363413,0.0001984521581263562,521291.6733442655
1757.183127268595,0.0001997631743145281,514209.4701967728
1431.029422074009,0.0001985825044585635,420424.3943869511
1944.30212717917,0.0001968035250084735,574656.7372066804
1819.686916055854,0.0001977117750307357,536177.1669390582
2140.653768379807,0.0001967989449869447,632700.123335105
2574.569340789501,0.0001948819859418815,765931.8489708666
2423.596143889398,0.0001959386020598004,718423.0359388415
1809.754666304361,0.0001976628865990366,533338.5176578476
1941.732787837155,0.0001967886544318848,573926.2559973313
1428.825277417846,0.000198572060843782,419791.5534943073
2009.6935795294,0.0001966538100023931,594285.2278116067
1969.36959708005,0.0001955880991144306,584474.5587899867
2394.075996357991,0.0001947130499993933,712647.160762089
8056.445158123412,0.0001889459920340684,2446724.096377494
10026.11100317613,0.0001875840269240309,3059627.849913913
6190.613090998228,0.0001894681877474101,1876619.080384054
5186.037217722369,0.000191292150898921,1562083.321993845
6844.024817472393,0.0001898762771493871,2071720.214658212
5133.918571052022,0.0001903932755355329,1551248.015869096
3988.917663275424,0.0001907126015555512,1203932.518386037
4861.246005210308,0.0001893615626742104,1474188.594010944
6491.786222845098,0.0001895476782641588,1967366.311598938
753.8389862229795,0.0001994654524499449,220817.4903858272
750.9898396900353,0.0001981835657871748,220930.4799202342
844.5671247060483,0.0001985296643691293,248170.7348374004
317.8747517033879,0.0002020213641857597,92326.1021960069
342.1396954855628,0.0002009088851035008,99740.30733036037
273.6295850814221,0.0002020582316600132,79465.51213400127
817.332030399235,0.0001971802182242948,241262.3887754069
726.0661925906973,0.0001960101836994495,215174.3294742548
740.2539175242111,0.0001972242418413366,218477.7347523936
458.1836497381195,0.00019973910166089,134090.3504532786
703.2125016613953,0.0001984411102328962,206696.0374507371
501.4765586739454,0.0001997941377687471,146733.3420781005
545.0902896621898,0.000197283482895877,160845.1467130863
674.9866777677352,0.0001960227941949591,200028.011473884
763.0803852900597,0.0001971947541225074,225237.1648291541
359.7375386031975,0.0001997687378379628,105269.0592120944
286.1682033956977,0.0001998279749788837,83724.10597270761
392.1563022084097,0.0001985644538429038,115219.2016647128
292.2012121069561,0.0002017083842936783,84957.04130774588
362.870488169421,0.0002005542282076969,105908.4065751902
401.505704046079,0.000200612257005437,117161.9910618208
316.7468709743433,0.0002016571024958839,92109.26529185189
269.4561190217223,0.0002005992723152678,78632.45133594862
340.9695204512506,0.0002005433782497489,99519.91759464005
234.2571728480158,0.0002037115542427667,67662.6686837765
290.0601818675458,0.0002027198549892997,84053.78155951621
247.8692438809849,0.000202760728212745,71818.01771195549
259.3872685975766,0.0001994965212981234,75972.8533787979
247.204492957216,0.0001984389937423123,72661.60986988488
360.6935635082351,0.0001982307938378695,106094.0379623861
376.7246808722117,0.0002025855650962968,109215.7004725279
277.2600565684858,0.0002011123488639483,80772.12002701031
325.2032630672018,0.0002021664375808363,94409.46191459298
276.1401379295764,0.000201419317876262,80364.10705809835
256.5973065272821,0.0002019481691982185,74546.1947843831
269.1103384929777,0.0002011784400141519,78380.75185046255
369.3374748136046,0.0002024091941067072,107136.2773037791
298.1985168086629,0.0002014658237529467,86770.324792542
270.9278436498893,0.0002009376016131981,78973.1566438841
372.0294400288632,0.000202751736582901,107795.5716800764
280.2117111927597,0.0002023359786228656,81302.5572900664
300.6178713250673,0.0002018158110853912,87373.15204595956
279.805194413432,0.0001975731517405268,82484.14696761106
404.9780443217019,0.0001960271420295635,120010.8946593889
399.8629985415197,0.0001973593709464722,117961.2547775475
263.1342629779901,0.0002006261585920956,76780.75232746723
225.9041457090224,0.0001990405898952479,66266.8663866514
237.5566905455948,0.0002000938948316396,69440.26579196766
293.2590799973553,0.0001983251656132042,86231.56154619338
238.9525975986989,0.0001985972629442317,70198.78306818743
277.202433700743,0.0002001826741853379,81005.1656518466
248.7880961125058,0.0001994097066653528,72889.57201363858
280.2873710971957,0.0001982799281687715,82429.82192004887
268.3148676494492,0.0002000459921036262,78443.71773220955
346.4986929900577,0.0001940216872781162,103387.5116440479
495.3556820906198,0.0001936249886251153,148004.940339729
409.2058336304413,0.0001924936807304315,122743.2161144501
320.2464088528894,0.0001879039354386324,97617.35088864813
294.009009874407,0.0001893764279609916,89154.51856069869
322.2744330463456,0.0001876096174372175,98338.245253553
326.9268858489846,0.0001912028031444805,98504.13634800169
368.6249712457673,0.0001911080560908015,111104.6123342975
311.3037785778316,0.0001895162938062263,94352.48778732865
416.1095169474219,0.0001883414195233401,126641.8042371704
367.0894704594396,0.0001899037702468332,111109.0760288875
327.5855848696528,0.0001886917475975235,99576.34430914199
399.410555455295,0.0001944578861235682,118996.9502567785
315.6670306632229,0.0001942574946456008,94111.79053128524
333.5332669101803,0.0001928231121178463,99930.89230645105
291.688359958463,0.0001956046558723903,86563.13435879802
308.6048821337422,0.0001970778771175782,91126.39897157451
297.2288288182722,0.0001969223787004385,87813.41794837565
326.2214336862233,0.0001922434139879915,97936.55992783394
308.5548277775726,0.0001936833113351243,92173.10372463254
367.8758565978551,0.0001921508084442308,110477.3230326221
399.3092342836391,0.0001954269437443894,118573.1598503521
333.1629897156907,0.0001967049962435182,98502.32693167245
315.5769562155889,0.0001952293135807502,93772.45039062743
421.0031254515707,0.0001861120943270636,129152.3330394819
507.2028419183069,0.0001863349619939357,155471.9737987001
491.7276504616418,0.0001847225320746453,151604.251728793
323.5295834495707,0.0001885117200447071,98406.04128188684
354.8796584221049,0.000187059228717871,108499.6524150347
335.2053847763306,0.0001872636776622152,102409.902913759
313.2226530707886,0.000188937788188502,95127.7619208117
294.2354368191427,0.0001889714152728466,89350.61913584928
344.0809523550909,0.0001874894855193845,105037.0912966993
282.1093331659028,0.0001953074886823692,83805.30748441929
247.5638533730589,0.0001941546432740418,73833.82701931063
329.5436600577258,0.0001935437736536539,98490.30700042295
393.3472297861832,0.0001932249599506136,117688.4776999358
391.141042232838,0.0001918617966364862,117582.0562194027
424.6639698683308,0.0001922642330389237,127481.2799984588
365.2618296479126,0.0001922727796350792,109645.9059687731
350.5753202098679,0.0001909079969229541,105738.2030191356
370.805483756575,0.0001913997101717839,111648.2613366868
356.1267818479965,0.0001949868694975945,105909.3714740622
367.2077270781614,0.0001936327697737592,109713.2902534876
374.9198896527958,0.0001941228042142047,111828.9145874437
344.8053719295785,0.0001950700929690283,102513.3036063525
329.5424516531115,0.0001944557465138702,98181.76771810267
355.7101209163012,0.0001937164828778704,106247.4474958821
414.0249932679367,0.0001964976718239714,122495.9187617926
419.2295456782679,0.000195156092885698,124603.5663281093
328.7511606656906,0.0001941168088691939,98059.99481953167
343.6897861181225,0.0001905844404465461,103778.7251921707
320.9807453887481,0.0001910725835851777,96756.48080136039
305.5021136510922,0.0001893818723838326,92637.88160725104
1155.326604023031,0.0001899825759529304,349592.6227994694
535.1019899830698,0.0001902263048195414,161779.2626120599
593.9678269826542,0.0001886692642649815,180563.0231953464
317.1076764283321,0.0001929636305885502,94963.44202389644
406.0675076762719,0.0001940078487500076,121167.2840188742
362.9668264775437,0.0001918927801716989,109100.7771770665
318.9773219984665,0.0001972835520210788,94123.75003456287
383.7644439602996,0.0001960108353929631,113730.7792535808
262.2203408232671,0.000197554138219818,77305.24423571423
486.9363884599493,0.0001936456836896386,145479.0142205961
300.1835523565613,0.0001940953443495558,89545.44117314764
423.0321377609718,0.0001925191607736852,126879.2848498281
328.7029922035107,0.0001949714490546417,97758.9011365904
334.5828973622283,0.0001962969865680574,99059.16189585043
474.0321780723426,0.0001945782960662558,141170.805475981
276.6404825234872,0.0001962134960710987,81927.52140505455
267.0608953201193,0.0001950210574847714,79412.57818962258
444.485599360553,0.0001945814977691228,132370.1315315974
401.1003314117865,0.0001840445731218644,123966.5010593943
461.3787870322895,0.0001828666191785338,143208.2372673357
368.6838163876591,0.0001845761069163662,113728.7903745015
341.6472062311104,0.0001865761846262844,104634.2185531254
371.4670675680778,0.0001852528347382822,114308.1183737209
339.5590217809465,0.0001868753836729071,103883.65204116
355.216722836187,0.0001859577401453185,109031.1426138406
395.2581002554247,0.0001843927644437045,122007.0318954928
385.610742958797,0.0001846252872304725,118929.1555888373
506.9550515948198,0.0001812168162063659,158308.3385382118
574.1581307757344,0.0001816907919987125,178982.0895430452
461.3782579429695,0.0001828641853363548,143209.3437306129
616.1370597115695,0.000179407372632906,193694.4339822057
666.4678307055194,0.0001790983588763461,209757.8006473515
564.6151981537334,0.0001808446333560701,176555.8643095265
553.8918444102504,0.0001823151684095537,172270.0455724052
433.0104066351212,0.0001837141097816808,133989.2611106578
443.2299583470361,0.0001834824535746032,137266.9806940232
370.3683641827903,0.0001903957590984726,111908.3183526674
333.5193631721116,0.0001883453773753328,101504.2926545897
312.9060654426379,0.0001887976090533076,95078.64598620609
368.1216939259584,0.0001907281637822225,111100.2049259522
304.6880027843861,0.0001901493054809673,92142.25963061537
331.3875586420839,0.0001886856601799552,100734.1986123819
493.6238269776561,0.0001929313353767977,147840.7877123742
340.7240783863672,0.0001912130275790998,102657.6157694915
407.631902335097,0.0001917850533303564,122572.109528603
307.7198564105869,0.0001891668474027645,93381.06808700394
319.1093676421233,0.0001879262322896262,97263.06448960949
290.9862771229357,0.000189691246721296,88140.25736026891
475.3182324860903,0.0001925677954918782,142537.3568139499
343.2306855215765,0.0001903252879792959,103734.1558880374
325.5448080335082,0.0001908516481528559,98207.9917323207
393.0287443599655,0.0001910151786709351,118498.3749295823
330.3215102050294,0.0001902276795925025,99866.7803081688
306.3805407759609,0.0001899356556316726,92723.57724734634
600.3975638802083,0.0001780312107134979,189717.8340870016
535.6109481174083,0.000179807588701975,168129.5694911962
579.6702164814513,0.0001794737097107618,182185.4796508332
2478.890509694194,0.0001705151079905829,806149.214575681
2982.146783775085,0.0001719458725888485,964423.6364872657
1622.412865131489,0.0001730994181471065,522353.2599419198
599.0634903424756,0.0001789340404981991,188659.0051546725
540.2430023675325,0.0001796690845058622,169670.724263843
605.3011802971448,0.0001779050400432611,191357.7339998713
689.6841527660919,0.0001768773787433975,218877.9696162604
892.7548804209478,0.0001755675363357665,284731.8761394445
683.0247667920647,0.0001779153319724703,215920.6612064786
726.6857258023109,0.0001807460010016618,227318.1770425728
797.8105965477047,0.0001789732602956869,251212.3776208786
1140.692995756562,0.0001789044635018441,359270.3062734535
370.9973475514221,0.0001849795461691563,114275.9915405458
339.8471254128107,0.0001855069075775187,104482.4971203393
339.1099350368269,0.0001866036686245486,103846.9458752777
603.2866706056559,0.000179919058798222,189294.9157667564
552.3167092783717,0.0001813446689288996,172392.481121346
613.8097349505812,0.0001811240538440621,191741.6022443587
528.3151589161323,0.0001825009506464726,164203.7173350612
397.6253549033574,0.0001841983863396709,122824.0806941326
493.689922891777,0.0001824741469051059,153456.999135169
1013.993258292246,0.0001810290366529299,316861.5730928902
775.9867599180304,0.0001812603757884887,242280.8343508589
1202.256925282373,0.0001794241294871496,377928.8582886368
1246.333678298241,0.000178390897464746,393295.7050062985
1136.026277628838,0.0001803136784792467,355933.8250072983
1334.828502211876,0.0001787020227000811,420732.2723645246
859.6662460901458,0.0001845832474487964,265176.4913435967
617.2763533936277,0.0001861529645867421,189335.9148054422
910.2445977936164,0.0001830431214984646,282350.8944659773
573.0092665314762,0.0001819929632268626,178426.1814481969
513.6499796194742,0.0001822182742641984,159810.7497714859
449.93227704263,0.0001834043009865125,139382.2504008547
661.4088805615118,0.0001795847069161402,207789.5910198814
596.7974734122882,0.0001813441206238675,186276.4656996146
559.9595992941731,0.0001813244647139456,174791.009802033
610.9693315053873,0.0001808953567813747,191015.1429065872
541.5794299631483,0.0001804152176585453,169621.1681263821
600.4707485035118,0.0001796825827787253,188576.6290836656
372.1084928053812,0.0001861237143448873,114148.0355066004
391.8176406074377,0.0001847730490347453,120779.0385695117
351.955573345901,0.000186330290397752,107886.1113344001
492.3440374539521,0.0001831932707648046,152637.8845126072
487.193924270218,0.0001815936563191723,151926.9251528596
442.53537679927,0.000183234752391576,137175.356435525
400.7543374274537,0.0001855924874111009,123169.9135263242
469.8239098685323,0.0001841933292573753,145128.436401558
421.1984446229368,0.000184234149614225,130088.8285020174
589.9671130210875,0.0001861455923083536,180964.1851861428
761.2444061559009,0.0001853391729247041,234177.9324074201
573.2675959422027,0.0001845218479458797,176871.909179075
301.3971837407352,0.0001924432323298353,90421.30306866745
237.2568107900859,0.0001940655047345376,70781.50471543962
272.9726543015918,0.0001935502862450912,81581.17023952297
330.2922912935452,0.0001901933326227462,99869.96834842974
338.4223408153741,0.000190925185349483,102066.5756812722
358.2844694775983,0.0001898325786323764,108471.1268514583
472.49956166533,0.0001878706129618727,144044.1112690916
361.3475721859473,0.0001894325174730617,109552.4565847907
390.5999961947576,0.0001890639147346509,118575.0010913025
314.8992286824277,0.000191660063655296,94729.1945879319
84.37377603939817,0.0001925404658468894,25304.21139032507
259.0553629410737,0.0001908831792695876,78141.33277054106
66.11495971073791,0.0001933021016994601,19776.16242266418
177.0349867420723,0.0001939960722511543,52827.9564825499
232.9622542913998,0.0001923797883808798,69905.70153062885
4402.512960894017,0.000175192175613904,1406125.786100138
3965.582790981852,0.0001763214096051465,1261160.388979141
3379.332934207692,0.0001748727053276783,1080644.784339764
1557.530603816076,0.0001790958674283865,490207.0418828296
2796.335692715904,0.0001782995170153656,882719.1090710833
1149.093497135366,0.0001786241963019893,362294.5840152205
2093.650006314274,0.0001788645266987938,659509.8268099397
3488.286078783301,0.0001776953628421157,1103641.522689451
3501.236657174246,0.0001780673299719486,1106195.707693181
574.7384076222287,0.0001816266019600712,179205.1894319873
552.0163501800694,0.0001814274356602847,172246.3257179005
621.1478146650599,0.0001797556177973591,195017.378239361
2743.282270151487,0.0001787613740408545,864479.5163029789
4025.613831114526,0.0001779123324529461,1272608.274395627
5284.414937076435,0.0001777735439558573,1671419.602555934
3975.368993209929,0.0001775829759807545,1258277.872977094
2732.890242467717,0.0001786789325546584,861469.6014627849
5269.987849748234,0.0001776911625284041,1667371.58008873
759.52368588862,0.0001806835361799467,237645.1384220249
965.1003944765063,0.0001795933358192541,303188.2374476091
1359.626634593325,0.0001796795838361416,426992.7570816632
734.137707350414,0.0001792886866170041,230892.0292624386
658.8034450989567,0.0001809616043611926,205919.8609387695
1066.822987317281,0.0001797616381202011,334935.3760436638
577.1967239793585,0.0001811013876583997,180319.4907246846
516.8784719316849,0.000181350943987254,161327.559396383
757.9849528309713,0.0001800111644767044,237753.8856535114
498.3680830657453,0.0001861401023047761,152870.4658004191
489.6318841428507,0.0001853198449332761,150633.5594791456
525.5551881977772,0.000184644494826141,162079.2500822225
1911.471762129094,0.0001785917829799036,602735.6848861593
3307.351413366577,0.0001779878756494146,1045249.725959643
4927.278868735705,0.000177367822222805,1560835.929115735
566.6984246968627,0.0001812601056722019,176936.3997650336
801.2741854869188,0.0001807381700940962,250657.8041487961
818.0740351049693,0.0001799203708718531,256688.0891681991
588.0569545476326,0.0001843636758528341,181538.670861438
561.9166711642871,0.0001826682593281625,174540.6237049811
1033.986502126607,0.0001833356725972373,320393.3932112121
477.9603413114507,0.0001830403653796467,148261.1211372281
708.7236724972711,0.0001815181396357616,221070.2239673639
489.316790680701,0.0001820401160462786,152339.3329132496
474.2873150053871,0.0001832642843615988,147001.9015311883
474.5358378257679,0.000182936193025863,147254.7316872112
704.2494631753261,0.0001817421763985934,219494.0279133659
435.110748900789,0.0001861048126803591,133483.6507652192
439.4084896108919,0.0001872086412760473,134271.70879754
392.4801633684616,0.0001857937860946592,120539.7413035858
453.2090672412929,0.0001865281501420569,138825.4216737055
444.3632069283937,0.0001857673650606886,136487.1645622757
423.8474759217514,0.0001847877542807232,130645.4060014289
435.4657207487983,0.0001881171338998336,132638.1343985447
450.5536242519678,0.0001877889903148516,137393.5683044881
446.2015879074956,0.0001866856262354485,136602.0418077621
4420.486100028103,0.0001718883599163058,1429900.168890875
5183.595801785693,0.0001717306851776581,1677770.398295891
4086.906128703129,0.0001740706915978772,1310924.135622171
1433.46102605987,0.0001789756816290519,451360.1427234819
2996.412713672182,0.0001782128653623069,946183.9911495
1906.905200402863,0.0001790619222042303,600242.7755139257
1050.015647540374,0.0001826873787022958,326129.4926391921
573.7493731309908,0.0001820200010691999,178638.9465461075
637.2102311931484,0.0001817704529234703,198579.2566915247
1190.390787060095,0.000180090270473734,373275.4177164565
2360.64235943839,0.0001786684665460417,744157.601701869
1210.848396513596,0.0001792724191052511,380844.2927383775
6519.216642735434,0.0001757204553655747,2078007.927993966
6493.625407582567,0.0001751709527775564,2074177.111157071
4998.291833077109,0.0001767836139609972,1586817.339937463
2313.399658365624,0.0001781844744841209,730585.0148622062
5560.984754962901,0.000176960487335948,1764279.958456995
5627.896022392617,0.0001763585230043181,1789568.924672891
3816.47748476973,0.0001775754441134954,1208019.926963416
2015.940153361099,0.0001783382402935638,636279.5772168511
5158.214826715226,0.0001765122525673499,1639266.337249815
4391.507991167235,0.0001772718703957188,1391619.351779466
6202.490299324507,0.0001757275602577553,1976997.745497124
6233.648196139217,0.0001766517818258048,1979992.782145663
6973.817350113462,0.0001759077750625875,2221334.073054058
6940.859266229161,0.0001749835592092576,2218613.960245899
7138.926730237117,0.0001742958563371398,2287923.766445468
21809.59834348274,0.0001858277312134897,6697416.65406934
19138.06469258609,0.0001856591696452882,5880583.42929446
44862.2232727904,0.0001829660834131292,13919823.58996618
7267.815519641416,0.0001890682144173514,2206267.731925788
11385.21109401558,0.0001871859211362048,3479303.388442709
13465.70897271815,0.0001873500105318086,4112697.269632368
3362.818776011191,0.0001931201844232287,1006510.597556294
3719.416781251808,0.0001917287357876486,1118622.04478585
3046.44134150995,0.0001936468486019188,910163.0445931505
3941.813560737436,0.0001930234018366275,1180201.337128886
2847.204116271902,0.000194995870382923,846710.5937421598
3010.648891764589,0.0001939367483617694,898573.0111107433
2409.920016932426,0.0001948425160521059,717045.6567719951
2845.445144648104,0.0001926677309266861,852990.5683251139
2717.276022850383,0.0001938347380671107,811296.0262406695
2394.864260669298,0.0001948251320760174,712608.3660901998
2653.605078354642,0.0001937584520258996,792493.7616281209
2829.083362673614,0.0001926453395237732,848151.445699512
616.8015227001446,0.0002015058725546159,179454.2020959323
651.1418570894765,0.00020086567851441,189847.6051536523
933.249811923683,0.000200143582702493,272753.3738178001
2885.775377165793,0.0001924823836177873,865635.7777812945
2621.197209738428,0.0001910607500282997,790166.678534842
3839.059519474092,0.0001900167989228159,1161529.328796417
2069.180285294812,0.0001967143988013319,611750.3576856161
2458.963119520192,0.000194778386854354,731798.4836695294
2210.14028706873,0.000195840324973857,655367.7912021927
2016.328654198694,0.0001944683684228634,600706.0532129126
2202.751533841521,0.0001921766742699384,661452.0956230762
2445.823171543231,0.0001935941674794151,730853.2948457774
1109.516148736057,0.0001962617845054521,328531.0830804599
986.3589262825403,0.0001974763484161248,290865.0815613148
1107.258566983825,0.0001961048084061335,328037.5458503607
1589.92825195982,0.0001951356472730187,472592.0928560299
1260.008419050599,0.0001953284688231907,374279.8239587726
1277.628331207069,0.0001937796999332681,381533.2110012104
1563.464709614619,0.0001961730126324672,463086.2738413786
1184.116642385607,0.0001979303782802117,348647.2001560173
1236.462201406121,0.0001963665590785985,365989.9482247136
1255.375323491754,0.0001990858514287668,368196.783046676
1196.535924351657,0.000198867835613069,351195.8517804876
1613.844394705858,0.0001981828278777844,474771.1391486565
507.9197245449365,0.0002020074972784692,147531.0453971389
456.0564718662712,0.0002021777950861815,132392.3789006728
539.1250569839655,0.0002013854283217618,156917.2981472398
1456.635158386741,0.0001896575693940055,441269.5920899266
1165.536811041797,0.0001873729911915428,355949.1835505898
1234.186928011408,0.0001910933965458269,372006.466394522
1573.378737200333,0.0001846897904059444,485144.766898595
3035.263770287542,0.0001819070170289324,945431.6491662739
2100.668929444051,0.0001854405989098226,645982.963392123
1308.461946166894,0.0001912567901058033,394169.655860911
1237.747157476922,0.0001875416131316707,377775.253896284
1792.047095443388,0.000190321514301695,541615.1815192947
1559.433948677561,0.0001884704991289969,474392.7727598309
1634.27055435634,0.000186343786839367,500934.1940733729
1257.67671675862,0.0001861821059319016,385724.3554782129
5771.694754958518,0.0001847085674970872,1779557.374412263
11693.4723159899,0.0001838096337040155,3617134.395809288
8247.750154437663,0.0001872437173425185,2519981.351258039
4981.357482307372,0.0001881278970508108,1517209.577913873
4433.197867423103,0.000185788330739271,1361564.314865565
6630.473251684331,0.0001883195192061294,2018123.01988077
4746.103067563264,0.0001796376791961552,1490752.483359314
5305.311327412309,0.0001755474870124697,1692184.826288525
8042.733458613948,0.000176361165197024,2557417.915066123
888338.2548794172,0.0001495413363503005,315309841.6972919
431324.7842095877,0.0001547192629445337,149660831.9700465
425240.0701400513,0.0001533398340763331,148433133.2927744
972622.0957794683,0.0001493103370037961,345581814.8780794
1226112.273164918,0.0001482189582568927,437785193.0901318
2216847.163295886,0.0001433555561968677,809330795.3030493
2972870.284242115,0.0001425432464315737,1089460601.984693
1300606.81657237,0.0001478897255188246,465072532.5416311
2699887.68376625,0.0001419386881194793,992228825.7602972
6077262.337707082,0.0001301628177357717,2366192224.787791
4224642.738644728,0.0001381120180368095,1581135201.157684
3897962.053884375,0.0001374993104618945,1463200789.627474
3241554.98732485,0.0001436645573205843,1181735549.568885
1391848.048695052,0.0001483112707320676,496755160.7025344
3110023.759408087,0.0001429741151965811,1137431963.782156
63826.46865477313,0.0001624460675501752,21438514.12763053
47252.21951388794,0.0001621371503032702,15891584.04508243
314695.7390122635,0.0001559080143647911,108637201.3359596
105392.8436160816,0.000160481504871856,35688459.09094779
314298.2046552596,0.0001568698719368295,108055996.3606731
623038.4709969049,0.0001531570923552361,217649056.4959193
2958.929082115621,0.0001791974518908615,930922.0912227301
3521.717208745393,0.0001798972791842859,1105108.067882121
3593.559864661701,0.0001757196687013096,1145454.827567846
4174.454133741436,0.0001715593317616058,1352041.83468927
3103.885850989479,0.0001771135635243508,984172.427629945
3753.130374709775,0.0001736337483875813,1205880.365161348
2173.356804158957,0.0001798678062543624,682069.6720525188
1467.592332590169,0.0001833414419121253,454741.9352987943
2258.497741658474,0.0001807134467861558,706576.7579738882
189176.3680291839,0.0001495739077206384,67137163.69162919
203433.3268544617,0.0001482864141755355,72614139.05361176
78459.96468085505,0.000152540544873784,27482606.06412923
2831602.875979988,0.0001357471304727722,1072042261.313767
1775475.58785552,0.0001405963270442208,656647137.0608752
2743865.532509138,0.0001348503735767613,1043425361.118657
910080.1505129811,0.0001456689442092424,328726710.4923919
370911.0681911574,0.0001503797678265878,131162651.1838941
701793.5279216835,0.0001455976310340282,253575030.4002777
8792.209564526655,0.0001670459779501127,2898727.220696583
15883.88757011425,0.0001637724611683258,5306354.013830353
18694.50929548163,0.0001644021894295701,6229344.349161798
7035.393979099897,0.0001680836506171388,2309961.676552737
5958.551418086724,0.0001702417820659084,1939828.132842635
6560.578684627551,0.000167508731261148,2158989.428311676
14205.85287319092,0.0001631520794666772,4757793.297175088
9237.300087093376,0.0001657005328979499,3061933.698319294
10033.79591935507,0.0001626651245851166,3367200.392983036
4640.989992255381,0.0001720144652666384,1500493.040495975
5472.079732984873,0.000171365256384493,1773660.796171961
6505.891798471504,0.0001692131899832067,2126591.274344032
17372403.92597206,8.607175081579864e-05,8911541361.220676
15060690.85141029,9.19063909278915e-05,7395163026.973856
16987944.26738466,8.492742904223877e-05,8792428448.161619
16265205.58825875,8.916303834321891e-05,8149600458.185911
16126336.62372845,9.432789686238463e-05,7782317650.747735
17449717.34945229,8.741410791920627e-05,8859326554.89185
12717468.71486888,8.333091017386948e-05,6665968560.387383
14840570.27514128,8.558351485308516e-05,7641709266.72185
13864817.12247503,8.053842568242672e-05,7434390826.268922
15476983.22702799,9.524016922245425e-05,7421178419.725515
15641704.53130564,9.628108884478534e-05,7446006583.014621
15778475.42586185,9.112065073649671e-05,7792087655.109061
9472351.376529632,0.0001102051190560659,4120879870.731794
7969722.172815683,0.0001165877467190747,3339447160.85932
9328717.327827236,0.0001102633183888976,4056964691.085947
11394514.07727261,9.947987796551675e-05,5307283822.193471
10341660.04674784,0.0001059284238092205,4619361148.54833
10191555.14286514,0.0001059829686195721,4550750986.516368
10160379.26903867,0.0001099237206592001,4427741994.314137
9469753.805387555,0.0001146410428598509,4012779255.150236
8120409.650565783,0.0001173925289149028,3387019001.007257
12633887.80181773,9.976635814409505e-05,5873283119.138095
11360119.2340725,0.0001046164497724819,5116616940.994289
10805846.62502264,0.0001057003149723056,4833643444.601443
13582010.13599694,9.815601414522326e-05,6382920577.479959
14524208.94983285,9.923668304255794e-05,6776066534.998862
12260063.94845106,0.0001029998010864416,5579583887.575336
12981393.66393512,0.0001092844842281354,5679136609.199214
11175898.91000057,0.0001116599315176626,4819672848.088553
14159434.91006962,0.0001031921854611562,6435980425.465797
11590729.9649521,0.0001137294399814242,4937747232.037843
8815474.306014607,0.0001210142967109401,3603196081.159524
9888404.596604837,0.0001161262660475159,4154377140.808194
357.9216438516703,0.0001906492964995236,108051.5886750347
420.9063371729703,0.0001913495462994015,126755.6052477745
409.4381936667395,0.0001898652954212385,123943.7484124067
339.032636645344,0.0001910290310135092,102213.5782100571
332.7072856726336,0.0001905983619883185,100457.6162407502
358.9124112608467,0.0001899358878853127,108621.8317805552
322.411489678141,0.0001917602365463046,96955.28167054015
292.9886132227095,0.0001928666181873046,87769.98656442341
316.2438771509587,0.0001913315485794217,95242.5617388582
309.4707452366077,0.0001929587889499636,92677.97961607353
394.2330311305025,0.0001921230842454962,118404.0731444321
333.3588566241135,0.0001914224795208452,100365.250513668
344.4744993809606,0.0001944157018732218,102644.6187471687
397.2359520114408,0.0001928715946912725,118997.0970197961
312.1319799586007,0.000193707066695348,93234.06592220528
327.7789825982519,0.0001885615419903366,99680.99296343609
462.404724140455,0.0001872942361751056,141255.7018604153
380.2809789165916,0.0001870722144287294,116260.3818672404
391.3623798420883,0.0001909098765686313,118039.350645332
304.9094913602621,0.000189827690605844,92313.3618526854
324.2327057725034,0.0001897912071623682,98176.17215595049
343.5086002432355,0.0001894534436758363,104136.4125104674
452.0682048367523,0.0001878959657171532,137803.101633839
319.0855221210844,0.0001891537956477729,96834.56197713774
75.8563767263833,0.0001925280338603103,22750.77057910155
250.9546143682796,0.0001915961854707358,75509.90896239522
243.9604586016328,0.0001908699593338948,73591.51106215971
416.4943305549502,0.0001888587004064398,126527.3550220558
371.9109737775607,0.0001896515708542552,112668.2019483023
431.2527461323539,0.0001885303740957718,131162.8930792118
421.1143117601562,0.0001893395429973122,127714.1797177204
430.3017786804979,0.0001886952668150603,130797.4077567424
449.7864194398145,0.0001880243227897873,137045.1434275504
473.5513593014275,0.0001875006464241295,144554.5972424412
431.6193063196291,0.0001890411390753879,131037.8157936771
460.6409818902945,0.0001877256827558354,140501.225260043
380.301511639826,0.0001906807508019522,114795.1349187798
359.810336639867,0.0001901889165986385,108796.9780658354
403.6830986016649,0.0001893966015056693,122403.1080514772
428.9639050383417,0.0001915964596888434,129071.1254430565
395.2682069508075,0.0001911941425030605,119099.1956311616
410.0322186794844,0.0001905541309695678,123824.2590036353
406.8048582427592,0.0001899915541034232,123092.0299966409
392.0995987316375,0.0001906318363857763,118376.6676296849
415.8357306716419,0.0001893469985794452,126109.9982865839
712.1065396632016,0.0001853992645640578,219014.5508812686
494.0166814882877,0.0001859416489915303,151643.5101369168
461.351402003105,0.0001849762390508313,142108.8793458319
340.9115950077941,0.0001899696568780907,103161.8085103021
391.230733719394,0.0001891853057068833,118715.6651201307
349.5366413787896,0.0001886306672173705,106271.7522857299
432.1177290967018,0.000188890505547224,131258.8714080146
424.6349689109376,0.000189332491112872,128785.1108990204
466.2342666311433,0.0001877918361046174,142173.8478128447
359.6647212632209,0.0001893463469701597,109075.3345547206
333.4316257858675,0.0001900092172195474,100884.3214989508
341.9621202393464,0.0001886712694282608,103953.9078745387
436.5731543643491,0.000191235815843223,131525.7755665981
417.4724082850488,0.0001901934471980335,126230.4345468988
424.8920688528273,0.0001897513502309055,128673.3796178297
324.7999283132147,0.0001967119802362519,96027.44737784201
290.7899721590014,0.0001966361264156858,85994.47556580057
462.3738172563596,0.0001950029611595678,137498.8595073758
282.6495489427968,0.000199723183356023,82723.57797699301
294.9342611368033,0.000197952465697308,86832.96185649643
306.2667316585946,0.0001981072608510516,90122.43040030588
