5933510.071180179,6.766697481574825e-08,357322620148.5298
5909715.492915244,6.587334028938224e-08,362320952510.1216
6218236.016354257,6.676607060021082e-08,377830190277.9548
5440117.213840861,6.937403243397425e-08,322213424900.2738
5781063.69511501,6.88867184210754e-08,344020315650.9637
5927990.664986686,6.931027299215e-08,351325040343.5558
5373626.389051823,6.86565710627496e-08,320488705078.3247
5652774.655023863,6.642630827085581e-08,344642047537.0527
5712514.645538825,6.816267322331422e-08,342344154657.8797
5692865.096611637,6.314721543721706e-08,359000254250.6905
5328082.961544426,6.070926703685186e-08,344932660964.7517
5741603.955531565,6.010976946597292e-08,374170769874.9907
5254373.320983025,6.549172214295768e-08,323392531193.9128
5537057.286483266,6.575832597988007e-08,339869232595.9104
5260817.362121604,6.798944325241567e-08,315809774998.8928
5238157.965543183,6.391720557167398e-08,327667528037.4636
5196066.505505832,6.169803730947264e-08,332782491188.1391
5520411.121425483,6.418533715021614e-08,344361193445.7646
7182808.745213799,6.368761956762347e-08,450392301199.1198
7610785.125675963,6.159472345409371e-08,487978237719.5649
6949359.895828499,6.226532922442077e-08,442364850225.2794
6579207.785440495,6.539693836038479e-08,405323693402.4304
6925498.205577138,6.463815780811835e-08,429990018292.0921
6696303.775908414,6.321579615348322e-08,421973073532.6712
5602550.989042742,6.445209985902164e-08,348520052051.6194
6244155.481786872,6.535031031081063e-08,384865166724.4333
6358244.223723544,6.316879647421485e-08,400868690164.218
5865786.68283145,6.95755532656199e-08,346754271419.1182
6249504.30758504,7.011120874340821e-08,367553533330.8262
6277497.01227836,6.776359965862727e-08,377678447913.1549
8303758.609546074,6.660955560898376e-08,505340018108.6898
8837388.651266539,6.435931512041033e-08,550279092316.2803
7683818.960027871,6.510936018613536e-08,474768072296.1398
6001599.740674265,5.939449799830865e-08,394248047054.6457
5566346.684213312,5.776739938345002e-08,372490362440.075
5404317.872328961,6.217747736414375e-08,344338423522.9006
6346881.139521814,6.194074526140359e-08,405423962728.8513
6199173.93638139,6.043801283513765e-08,402525783711.4852
5591884.83510839,6.322296894628909e-08,352350555821.0898
6670286.065739423,6.065400110245361e-08,432087288273.7045
6855330.291019486,5.807442442849425e-08,457128650163.4326
6518840.53367977,5.915215392907342e-08,429394669075.6974
5742329.700971826,5.078286686859652e-08,418738906423.5614
5345663.313808851,4.710525530336846e-08,409847251946.466
5653453.872220789,4.76341479628057e-08,430230886549.447
5238367.331485287,5.866824116907786e-08,346944949848.3128
5326440.581717253,5.497000437284499e-08,368428517881.4889
5648457.385197316,5.806462941742882e-08,376694041661.8732
5670424.857218199,5.457843441503867e-08,394095567717.656
6196114.923504709,5.366111668291068e-08,435524903911.2967
5736548.338023546,5.196793588841705e-08,411933405723.1909
5124576.225085038,5.776645870442303e-08,342931564709.1249
5324826.125363857,5.558375134629658e-08,365600567985.292
5071601.551547767,5.294473975375114e-08,359691283941.1417
5156234.594659366,6.012154321829951e-08,335979352336.1586
5198164.738385133,6.235561608092377e-08,330572195813.8049
5357096.171581981,5.79346241362472e-08,357797509954.6846
5211030.115520351,3.025575159404395e-08,536683552419.4244
5985048.692866438,3.865112548778024e-08,523551721072.3809
5107021.854798837,3.365616952583816e-08,489919349070.8109
7416999.713200285,6.469250591581732e-08,460248391530.1478
7989625.424667696,6.403262084293095e-08,499181981187.4579
6918304.12102267,6.58026573003884e-08,424460578061.1466
6058485.112695947,6.498784670431053e-08,374808369485.8424
6540873.936427949,6.413735881160224e-08,408220738972.7772
6370815.712537224,6.589360066837227e-08,390510650266.1423
8158300.135767278,5.958043306997325e-08,534807195079.5873
8769774.744242556,6.004472912399866e-08,571924250628.2917
7815244.595400346,6.262960463224921e-08,495552260307.6317
6933960.754738782,4.68262227804874e-08,533730426307.5981
7644897.873715989,5.130284189012309e-08,553703674992.4376
7353464.424783282,5.352616026234978e-08,517743436879.916
8843179.607746089,5.522334134314017e-08,609808291907.4532
9035577.142100232,5.819940777490634e-08,601649446033.7643
8414738.968776776,5.773515324930864e-08,563309531483.7025
6558926.683681265,4.592227912223458e-08,511466453032.0985
6967096.807403262,5.264762779793639e-08,495982066128.0555
6131247.030397243,4.776367645827831e-08,465747267716.1034
5243624.35646467,2.78809625682548e-08,570286463523.3263
6278371.086323526,3.553252321344005e-08,580893186298.8691
5292849.018668057,2.847863579865701e-08,567557740764.8375
7432893.79318105,4.318152500219265e-08,603892000529.1996
8278230.222327872,4.56794576454728e-08,647823762789.1786
7933528.829560149,4.898293638459407e-08,592611206757.4279
5563699.617680313,3.148275384599175e-08,558018416060.7594
6573060.757647202,3.852568709195114e-08,576236439127.1702
6362589.652090769,3.987425846194096e-08,545136801568.4352
5314883.077948235,2.731734175231481e-08,585960162784.0219
5582099.718893521,2.622161752269153e-08,632447681639.1288
6356321.694955071,3.495729163013966e-08,594539459191.7815
6164812.755985529,3.490616580211185e-08,577189548945.9587
6525056.501071603,3.316134236046031e-08,632163681804.6168
5441607.122998495,2.33563555420252e-08,665973780548.6134
9092555.026594985,6.730377068471394e-08,549532025504.7021
9078684.682006463,6.532551086334629e-08,559716001261.4852
8921702.525266353,6.533443401547947e-08,549987707709.9915
9051392.846351109,6.401290232612394e-08,565636034403.2659
9019459.40388439,6.439872214003697e-08,561386987294.0569
8722136.760224987,6.604709566148672e-08,533810454985.7322
8907193.461787947,6.223561952743465e-08,567172119103.8833
8502474.18732707,6.295142894320824e-08,537289384843.631
8945746.180055862,6.343334138537184e-08,562433930013.2008
8244635.239602671,6.38551799236571e-08,516068507632.1716
8046226.132084544,6.4903490693651e-08,498211250579.3842
8503548.135863086,6.517539804835018e-08,525062553495.4976
11299817.44432955,7.238237131839355e-08,650603241330.5471
10740324.84656364,7.142642851364518e-08,623894935723.1689
11524146.14300463,7.42370543799431e-08,652421507721.4205
9275739.939211437,6.726425488867436e-08,560822815660.2384
9167315.97891113,6.580673225325113e-08,562421589859.3439
9181253.838386718,6.779210255984979e-08,552224824155.7875
10067009.51780185,6.990700704862195e-08,593225767091.609
9586650.904903671,6.860670901857922e-08,572034893988.3951
9847481.89679287,7.040299065464483e-08,577560901735.7084
11017486.67341231,7.063219330957326e-08,644783732957.8364
10405028.73542117,6.727576440308705e-08,629029273004.467
10465117.16145589,6.968930139634984e-08,617968997124.3093
9863100.963533899,6.559611459901118e-08,606403084251.1923
9335361.259666644,6.524277696110374e-08,576026995394.3649
9444771.554442072,6.671485906708035e-08,574173409340.4712
12381294.44559621,5.417003181750165e-08,864821858825.6204
12084549.15925145,5.294912177829634e-08,857020634525.6957
11798208.99189614,5.630072086960736e-08,803168710792.0891
6977322.713974314,6.588834672011734e-08,427710327459.8414
7547709.519492199,6.516404655490495e-08,466097185781.3359
7287741.264455326,6.445315286031807e-08,453346396269.9301
13852135.26644219,7.673112691366443e-08,767130069181.2919
14285790.15906292,7.653989462223893e-08,792463059105.5148
13380900.7535935,7.974108843169005e-08,722266119755.7812
14341316.52521999,6.881741072279213e-08,853997899341.3241
14030538.36878739,6.715353129825557e-08,849236070836.2424
13902381.69283161,7.083213375580413e-08,812086563429.4647
11664161.47953152,6.39790326211336e-08,729169359190.9222
13082850.99299786,6.508952148494392e-08,808527897038.785
11948990.39400812,6.536615067997263e-08,736369747879.2687
13345251.27109861,6.287926701124696e-08,843959828118.384
13247378.87264392,6.484733082017089e-08,820732983932.7734
13698744.42312907,6.47669275183235e-08,849399302030.1888
11921081.02404946,6.325511571485023e-08,750905358343.1692
13005865.08122066,6.247899378578631e-08,826006046942.8306
13354863.96993347,6.437032086206148e-08,831474662380.1758
10151909.29909534,6.67236167721611e-08,617108236204.7603
9308655.316411743,6.526257240615797e-08,574262984979.7848
10874910.96621506,6.595193131804857e-08,666204197699.0649
9726404.16031581,6.117262757067054e-08,626490113089.0833
10432938.36660841,6.014521809427799e-08,679630048989.9811
10694715.96723954,6.215065137272634e-08,681614465352.3477
8225867.717054018,6.531697886971452e-08,507182579969.6954
7945255.316431796,6.706275900195369e-08,481341802388.0439
7565406.651192182,6.588625125543661e-08,463769743306.7559
13199205.48168153,6.983929179247724e-08,778301568002.2926
11100369.10641904,6.786717357341354e-08,667161400333.3718
11855822.74592581,6.709626964065487e-08,718013782520.8459
9564091.782621928,6.997516731807315e-08,563223938024.7241
8632118.792977279,6.845208677218972e-08,515853379684.8618
9750558.250734657,6.816693946122962e-08,584314886297.1343
8836772.71646864,5.804325379805832e-08,589466576204.8199
9192174.966992278,5.720079723807825e-08,619179963691.4359
9942121.139800997,5.853232730863526e-08,659500590664.3098
12858258.69051496,5.775491104944706e-08,860576625897.5022
12612777.96748954,5.663737204167694e-08,855215088651.373
12918685.62184226,5.886108186823119e-08,853754166783.1245
11316755.99043348,7.049567955918321e-08,663152815123.4761
11262024.86633754,6.664138419689823e-08,685152335545.0933
11031694.06474877,6.783427001264024e-08,663248238858.7626
11736609.13816636,7.359990040353951e-08,668279015041.0718
12293172.67138229,7.049575645524008e-08,720369524840.322
11671852.61528615,6.988351761446751e-08,687949601512.5385
12492593.57598805,6.591511334979948e-08,765589453980.1458
11624431.6626287,6.562991891123982e-08,714447767691.6392
11688137.91546002,6.737572053569333e-08,705899778574.5624
13601792.49877321,6.611225447000791e-08,831907105637.8033
13152040.44104736,6.619315104003448e-08,803744039398.0834
12964554.6950386,6.826179732792008e-08,776197890743.3518
11714969.83994521,5.67575152261381e-08,793217448069.7899
12280459.50237465,5.561229058431244e-08,842883259404.7644
12403720.92909013,5.479329183793796e-08,859805841742.6831
11211787.23973967,6.37808940841216e-08,702340607922.7198
11278342.00918167,6.122658368138518e-08,726025556883.6879
10821777.52203136,6.279300572810873e-08,685000812491.0142
12668340.77823472,5.920892684071018e-08,833927465574.2954
12365429.48546954,5.699274782325568e-08,834954496038.8096
11873932.17554877,5.915259472818669e-08,782129555288.1117
12762653.3114769,6.450189996197615e-08,793522600517.6984
12750533.75615051,6.172740171258329e-08,816349944591.7748
11884989.73828222,6.421929143764117e-08,741119894299.959
12157003.08689974,5.656436541724638e-08,825020197645.4301
10755118.64127192,5.513917201324706e-08,742406408301.8535
11359898.44930375,5.439315855472076e-08,791306858678.2976
13167342.92133913,6.067796581549038e-08,852728550937.8181
12997109.64780816,5.876866874468702e-08,859837167608.2302
13057861.58425416,5.986985031860312e-08,853230973260.1475
12430520.46898713,6.144024779010353e-08,798338990772.7794
11370530.02216839,6.221481023268255e-08,724188329959.4834
11100557.61034898,6.02133939215144e-08,722574654420.6997
10497376.27695832,6.678477710155741e-08,637718639372.2928
11112507.30561763,7.016320128141569e-08,653239536737.089
10838018.02212933,6.779027551067604e-08,651885923012.62
10061897.03145503,6.653559120740934e-08,612788380658.683
9639327.379567243,6.763836955993886e-08,580654741721.4126
10120987.80719437,6.894140551975242e-08,601962558691.9209
7633266.205681631,6.565699770025177e-08,469018235535.8403
7059592.394009488,6.637464080103997e-08,430637161266.4882
7626932.501702113,6.641180050266039e-08,465071507254.5643
8002895.318625309,6.349882156943836e-08,502809366307.0342
7542992.279658216,6.383568467007319e-08,472245667946.0676
7807434.4613679,6.457413058423244e-08,485068011651.9847
5682528.348910004,6.603441144167976e-08,347825488244.9592
4939912.732296312,6.601519463789944e-08,302428933599.7379
5196014.485587314,6.752260337366605e-08,313355677286.3247
6319532.852313759,6.675458635328757e-08,384029190162.7612
6035004.422683407,6.622774375647819e-08,368681166441.7222
5533296.311383297,6.77075423479307e-08,333088184599.4475
6574543.745843862,6.244828837502679e-08,417687930880.9873
7089649.839804,6.287969982561069e-08,448350659126.4232
6969463.751985163,6.075105031417146e-08,450986459939.5705
5561051.3914158,6.804665656352282e-08,333645840068.1245
6151359.153304919,6.759719464201056e-08,370696628458.5767
6349191.96070023,6.710002606265029e-08,384506186513.3485
4793583.666534007,6.920835421978223e-08,284372740967.8444
4976833.592497275,6.831388080448533e-08,297815397716.2779
4726260.527350332,6.681958568269262e-08,287021968564.2226
7297642.309846367,6.249560824085506e-08,463393111285.7122
7393984.735549652,6.097574539039284e-08,477280624563.8995
7175698.506359926,6.039960586795329e-08,466131136027.6129
6693079.354783899,6.596159625861022e-08,409982389996.2317
6997178.740598265,6.45119962922071e-08,435006734559.9599
6400166.980468061,6.54194557072477e-08,394203086697.8361
7946502.152293064,6.275210964715556e-08,503219101692.3267
7585834.750059804,6.156446302375849e-08,486537867443.1465
7488246.369190463,6.307154495144281e-08,472597200924.7961
9203469.634132842,6.264794141709126e-08,583463528189.1848
9326925.575563693,6.059472959903703e-08,604572808263.8583
9171268.80853414,6.303941934025906e-08,579012518257.1888
9468238.676725751,4.101356320264088e-08,796130378525.6615
9376751.234015413,3.952073243803923e-08,808169403478.3513
9522053.523171524,4.125529987170651e-08,797524657940.7906
10648143.11936833,5.742818002998546e-08,715358668740.0774
11363390.41710625,5.711329066523796e-08,766213511160.2476
11644436.50094387,5.377322103263476e-08,817349452141.7524
9674170.124457786,5.821974628254889e-08,644021226116.7377
10013543.66240404,5.806711309111027e-08,667781380977.6379
10108394.46406425,5.58587078442004e-08,691759169352.9252
9073502.462493677,6.37018827608212e-08,568861814799.2555
9231808.688035825,6.368168826378014e-08,578909154124.6824
9713200.056876926,6.073923588873817e-08,628612169378.0004
10159074.55633038,5.963277623809408e-08,665575706469.3203
9666619.443118254,6.258770254236172e-08,613218546860.4719
10857973.23184179,5.931590656479063e-08,713895512005.5057
8608088.467209941,6.555964667015877e-08,529438661860.0186
8806207.858385755,6.472495202632188e-08,546270532562.1592
8985220.257350173,6.399006173930243e-08,561634409976.5907
9173627.666734183,5.210253073074161e-08,657610234642.6948
9674526.419402679,4.95494091852791e-08,717140188973.7291
8651641.876161652,5.184475659085583e-08,622245800386.3477
9893320.236286547,4.319742550010325e-08,803594256530.553
10751019.85589165,4.393757961964172e-08,863426905514.1476
9877133.525535611,4.258074833942729e-08,810006924861.6219
10473665.9347897,4.449430072519813e-08,834121138129.1714
9646643.151217746,4.339609090420201e-08,781164454404.4982
8928499.87356263,4.300411295561794e-08,727397550428.7407
11022993.19814734,4.486714018027636e-08,872999403632.5197
11043654.50715527,4.45018225276336e-08,879415832126.9935
10174119.32714709,4.377200218671594e-08,819154620845.2765
10123616.28607398,4.710815674201847e-08,776136786585.1984
10667140.1455358,4.5806088838444e-08,833231845914.7208
9369557.308688056,4.588849434789706e-08,730998579571.5032
10802448.75449727,4.852741200033077e-08,811952819570.74
11749269.68483209,5.02841839294974e-08,862428834334.9364
11724018.13845786,4.857481619608618e-08,880648036342.6259
10447086.63731105,5.680860327756245e-08,706945262642.6874
11434140.56134829,5.313788985720352e-08,808972932139.3967
10543964.20835123,5.459426498719867e-08,732665779425.5516
9263000.701670868,6.272027917704929e-08,586785952530.431
9081228.441850461,6.346090356534122e-08,570786596743.4011
9721193.688578976,6.049714242337858e-08,630806784159.554
11331302.63224676,5.895179712315125e-08,748080738501.373
11479741.04761161,5.759228870600656e-08,769760934053.9768
12161641.49435288,5.564709669705972e-08,834379944299.2025
10537749.41366088,6.334214178513704e-08,663161600239.1017
10954377.52669274,6.090728213527341e-08,707633238138.3844
11202676.94736034,5.971545793351469e-08,733270085113.5887
10432617.82027729,6.486451903847416e-08,646232055201.5944
10772215.62955738,6.585244851203503e-08,660577463744.6174
10847182.64047745,6.24433222053635e-08,689169875078.7023
12463425.78797414,4.96858625703291e-08,922179668258.7559
12565142.56909919,4.869971016854683e-08,942214614611.3243
12223191.18785617,4.848391851192112e-08,919290551337.985
12144480.27236504,5.069726092680623e-08,886589539935.8304
12358018.94078548,5.017957844698332e-08,908372931299.3202
12118807.31840749,4.899278731301239e-08,905117819320.5787
12593553.33616908,5.280135202059848e-08,894784097619.5914
12421967.31212247,5.126390862231242e-08,900152111988.7729
12509105.58387509,5.105197103547058e-08,908973555868.632
8741232.850594047,5.376368019816774e-08,613639578748.3013
9629303.100360172,5.482212758018095e-08,667253611644.7462
9112169.898679927,5.560109049115138e-08,625508096837.3398
11545573.71630916,4.808903379598757e-08,873074862635.2773
11564393.54884928,4.596374632127473e-08,901251326036.7599
12243939.42860688,4.788015419347586e-08,928576051752.7836
11473497.86927284,5.223757990659263e-08,821057943272.3177
11477533.49545719,4.997878036045419e-08,845911247834.5326
11988145.48760178,5.09521086740003e-08,872255861924.3438
10310961.76997128,4.692963802708002e-08,792503228842.5513
11079775.5659699,4.5710626290438e-08,866668174567.4631
11061354.44820088,4.785924070488283e-08,839133590475.4246
10674223.3209775,6.329309171410825e-08,672097187011.5651
10908506.33457379,6.204130695769869e-08,696056771480.6356
10833327.34537277,6.547643994040109e-08,666865874953.6139
5634117.382098999,6.581554260508437e-08,345626404521.983
5012106.258551239,6.665594457516749e-08,304879117172.0782
4894782.745700695,6.58028019895437e-08,300310485314.1176
5755734.223536854,6.416514735526631e-08,359115872725.5102
4974187.371887262,6.58976211068702e-08,304889393233.2151
5051005.885342347,6.633236032819807e-08,308243722219.788
6926057.876960643,6.389011452035214e-08,433374817700.8914
6417042.153545831,6.347156012855544e-08,403288133409.6253
6332155.754018985,6.479603311379098e-08,392511732781.903
6251755.778490394,5.969635781313702e-08,409295322034.8809
5619575.557085632,6.073723132308522e-08,363691809675.3858
6139233.423663578,6.181437078125983e-08,392694221841.6982
7021865.7196155,5.453120675853577e-08,488302687327.1742
6552957.851483136,5.253943031996972e-08,467140084486.7684
6014008.186697405,5.359129558123115e-08,423091704959.1814
7047018.924561922,5.871294728816871e-08,466497710475.9401
7282593.628227078,5.672225251348427e-08,493306794885.3531
6766963.437737324,5.828676413955347e-08,450139578120.0112
6355427.128075976,4.899229575898085e-08,474671200629.6197
6240999.425937629,4.471862154816325e-08,495368671739.3632
5806374.217132648,4.580742755894049e-08,453538772267.2349
7718389.04291903,5.067213821743185e-08,563655624260.3719
7234291.638581505,4.934967757623009e-08,537699706720.7955
7513127.359816057,5.332305104110396e-08,530327429597.3973
8016440.726101722,4.870377419501263e-08,601090467790.6361
8395230.147873415,4.631399031827021e-08,650965250787.338
7833759.383916563,4.637754542324328e-08,606873799727.6273
8016599.875559723,4.143403066723464e-08,669502318832.1042
7903985.599799437,3.933838270015981e-08,683337319373.9508
7547705.485909313,4.083839514487657e-08,636457146742.7336
10313148.50372435,4.487735077901032e-08,816657203200.7399
8780342.675293013,4.340342542388609e-08,710933198953.8401
9037981.391832784,4.496330545974866e-08,714769406647.141
9099295.537053706,4.216951484755957e-08,751061270751.5905
8286922.634747952,3.966901865769787e-08,712457528101.3458
8402223.113233227,4.180099606150821e-08,697594620068.3604
7223111.784528478,3.922998982841882e-08,625622278594.8728
6764669.081357047,3.955983635181645e-08,582653328931.4395
6228388.101957242,4.054592504218865e-08,527728875149.1644
7823990.118283713,3.870335388774446e-08,683800203870.6727
7696781.967873187,3.903200449611543e-08,668901157404.6782
7469538.369346554,4.027759030486148e-08,635698874407.8374
8611165.833738731,3.615091663389183e-08,787618201370.4337
7751624.639345404,3.678614537979642e-08,700814715747.3851
7907349.494396348,3.784133295688089e-08,701541419456.4049
8718352.988980377,6.497712927820788e-08,539420485254.6853
8898243.772141838,6.410871136208634e-08,555511347098.2461
8456165.217225265,6.364695242563367e-08,530462943388.7711
9522656.251930686,5.728117938101601e-08,640840779488.3522
9953504.29884446,5.490467609917067e-08,689027336489.9918
9404083.073071007,5.426049674339824e-08,656136120850.2833
9147534.047932362,6.278817659104361e-08,579053628389.6488
9302990.116713207,6.032469106811166e-08,604819551652.1313
9108548.473567849,6.15829878856785e-08,584084036024.359
9365319.993051482,6.178452561333734e-08,599242779690.2891
9826006.175206631,5.95435451471092e-08,644397589403.3735
9489853.138730856,5.970961109637872e-08,621197925165.7061
7661432.993447032,5.921376190318057e-08,504306894524.8206
7724248.50860568,6.04153658628333e-08,501677508747.2289
8483004.752554268,6.087389895386432e-08,548187292884.4745
8119475.055514443,5.779596347860672e-08,543162293269.8489
7758917.642415338,5.855061896400414e-08,514572787046.583
8585567.089839833,6.023225144462041e-08,558748351515.432
9556513.45623415,4.790930819252127e-08,724468559189.1265
8824293.755366804,4.670305346760301e-08,680429456629.0782
8435835.030126443,4.906933393262118e-08,629392122388.4189
11254335.20977797,5.109820833698066e-08,817302319280.703
10328094.43601864,4.936616917656695e-08,767480321533.4064
9810331.737138778,5.19018249756195e-08,705064108675.5172
12020742.67276121,4.763978975361565e-08,914712771533.7969
12359870.03339247,4.783636658937553e-08,937940121704.2985
11655822.96981106,4.629666981058772e-08,904016674150.3462
10678531.04420254,4.7517749009217e-08,813968518867.588
11594907.87972657,4.756055827665664e-08,883288697660.1594
11236560.36050143,4.623142042772633e-08,872318797322.1084
12251837.35838311,5.165737808245412e-08,883309666936.0635
12550617.11590827,5.289176258378309e-08,890716958054.3201
12466313.68615271,5.115703715560891e-08,904623353022.7008
8002603.740869197,3.806706981504244e-08,707182785502.6224
8132304.244544219,3.773837400142925e-08,722811125461.861
8710556.497076854,3.641535409687275e-08,792847285718.1466
6925840.705353658,4.57292543291958e-08,541597210327.6537
7071047.087670594,4.253800080079255e-08,580272976661.6298
6606133.928969201,4.336617879379456e-08,535196506695.5714
7640445.422345566,4.431992527551612e-08,610078890527.0596
7949824.257758785,4.267384638973914e-08,651003017619.9994
7482916.303688533,4.209021672753569e-08,618419885965.8357
8446351.471463645,5.138344186430437e-08,611111357268.2731
9457368.384431666,4.907007509289072e-08,705600951319.4694
8342700.106987898,5.024750833917639e-08,612675167841.5743
7611005.411822048,5.458492913803644e-08,528924312446.9942
7622294.399383534,5.442625876934974e-08,530737853825.4385
7817590.822220842,5.195718544743229e-08,561447549622.4504
8277411.713239128,5.541455409089446e-08,569480243413.4022
8823659.177728031,5.355979165620375e-08,620996957017.7156
8311874.161694823,5.331893812527595e-08,586738561571.8636
8934151.134784704,6.037156569557873e-08,580539358729.7229
9126732.214577483,5.911589903461623e-08,601421720952.1307
8458560.587769449,5.794545324779287e-08,564872226042.9132
10385759.38999052,5.363158370687751e-08,730282974626.0311
11269368.07625749,5.216482661802867e-08,807199811365.943
9824367.43541432,5.296761684264218e-08,696569265064.688
9332581.895211492,4.208534383314218e-08,771343616716.9275
9316860.784926444,4.144504861085712e-08,777955049352.4873
8509619.26656221,3.954300938629143e-08,733156998021.5022
7187220.890381696,5.949817774440872e-08,471583443556.0763
7405680.993508888,6.008494835645551e-08,482748803074.5086
7344177.124137076,5.886963792697996e-08,485305894190.111
7431589.709228792,5.665963591268765e-08,503770275019.7533
7193597.661696071,5.863991609373093e-08,476596209439.0325
7350623.132772138,5.801496700966564e-08,490490714994.0781
6560639.382202476,5.949745785997843e-08,430474298075.7091
6445358.345943976,6.159216628073686e-08,413266385665.9467
6836436.004658427,5.991509063769505e-08,446483697072.7228
5636956.725246157,5.566808777838843e-08,386640341024.0559
5497544.865229767,5.920090935242791e-08,361923289453.4686
6123007.322305877,5.816757895008346e-08,407859691879.8559
5321122.024027225,6.201503630987148e-08,339629352190.1931
5040548.046642444,6.481344801376838e-08,312392794472.7042
5827101.45071215,6.310023197515505e-08,367647775075.6386
7009004.539517276,5.572306457722634e-08,480433201256.7548
6002106.17057611,5.477970608197102e-08,416125063896.7658
6503332.035580121,5.730001781266035e-08,437555106540.3406
4718976.922356891,6.076506883641914e-08,305312925506.7783
4772966.079135717,6.423382816908992e-08,297585987408.1198
5046093.469605939,6.142692290041818e-08,324127677336.7078
14215331.46154056,3.469460780690727e-08,1336336002519.279
12844491.3102537,3.846610304186586e-08,1127192565024.97
15090378.57855449,3.561631625601289e-08,1394015071632.553
9622814.927753719,4.616606432181697e-08,747745081504.2744
9209210.411159346,4.634574089372674e-08,713755020862.6117
9454463.06256889,4.33651233625221e-08,765966563622.0237
9193225.377171181,4.605413034235992e-08,715520668646.443
9329801.402925914,4.496185658672312e-08,737863864256.245
9667314.503279364,4.30737686291922e-08,786738856657.3962
9560842.742113056,5.142714182667036e-08,691355225107.3931
8815558.486549089,5.17255636406304e-08,635008701691.4515
9562954.941089056,4.884332162648696e-08,715685110920.8734
8302573.742811924,6.936014961788865e-08,491819858811.0664
9217044.151551777,7.08839299188002e-08,538137358759.21
8387257.022474324,7.179934020144285e-08,485519096569.5837
8001211.653534999,7.041106338887239e-08,469240140973.6694
8006576.170625309,6.924130564032543e-08,474828386135.0401
8089740.080554151,7.167943680150026e-08,468818612563.5059
9060258.474359924,6.37495259124775e-08,567748437891.3733
9386401.369210491,6.207290746445654e-08,598730059104.3364
10338043.19718177,6.305226785417785e-08,652586173383.0731
8427302.369808048,6.736142989001651e-08,509035078837.0178
8716229.178940553,6.561425352037575e-08,535792355033.4153
9532799.875258384,6.707707456388926e-08,577436723213.2067
7616603.722651808,6.246636475716984e-08,483797781038.543
7725046.053393402,6.116211541882437e-08,497637093864.8136
8191435.10784037,6.344970174381792e-08,514920606171.5209
8446744.142857106,4.822127030274776e-08,637573475893.1277
8811904.33574656,4.778155692366085e-08,669210750694.8464
9359191.875913149,4.536472596107327e-08,735799502451.5037
7964794.578360209,5.07021845497666e-08,581420220508.2729
8092075.566009765,4.936403465647123e-08,601339174843.6622
8393845.838349232,4.809923048678301e-08,634651878357.0686
7799478.385947692,5.193205438396878e-08,560327438823.6932
7725313.927534092,5.300481256598457e-08,547485474329.8793
7925436.796824176,5.05872414575999e-08,579423193043.5513
8028402.891298838,5.063397939250132e-08,586589725360.5183
7826975.949018363,5.304387126061728e-08,554417833069.365
8212054.694811578,5.211270593513394e-08,588603378206.1648
7882856.792563467,5.066547890354606e-08,575716754911.9072
7758213.253159093,5.281877513727859e-08,551107298491.8396
7797623.410735215,5.191127329493119e-08,560343668752.3203
8934798.130956801,4.62116127602647e-08,693826145029.931
8279061.455762471,4.836249813133419e-08,623699346618.8495
8626747.043141562,4.700376607726322e-08,662356739301.1261
10747072.83968642,4.249800822170029e-08,882492740626.0682
9544068.116814699,4.474462594797351e-08,757250570213.6515
9225596.512339413,4.553479227931702e-08,723489473521.8204
10981618.43469475,4.161059916506414e-08,914528063238.2308
10110398.9685861,4.196796825323438e-08,837188004949.8813
9765169.91350021,4.384787611704216e-08,785321395577.3604
8704901.16362655,4.865805690073195e-08,653121534144.8828
8378147.247111258,5.135156352038716e-08,606427482466.7512
8185713.870715016,4.972258976745796e-08,605369774028.6765
7745107.6639743,5.435775279580065e-08,539742309534.5796
7680613.208207361,5.395032393664455e-08,537939197006.283
7754563.300959582,5.28756772615547e-08,550452755504.5149
8242013.661004076,1.138767859133367e-07,350813687259.6248
8382816.361463866,1.127860487473891e-07,359103549255.4569
8664803.347853456,1.112930994120916e-07,374495455954.2234
10342954.84155024,1.015885616170938e-07,475059587917.9915
11355859.53955376,9.755694784890306e-08,535855725870.9893
10165146.0650639,1.008439697700399e-07,469188113539.1693
11736406.43567799,8.322939042112151e-08,615673789205.9489
10683579.12378008,8.621124411886476e-08,547445423018.5378
11435396.2916507,8.560354238160494e-08,588739798845.6375
9015410.080213873,1.080264493034699e-07,397464871998.0371
9266586.224565916,1.074636427147345e-07,409963695465.2634
9748596.498210799,1.044516302621869e-07,439540211829.6936
8958290.216024583,1.070876917325498e-07,397251387633.8464
8854546.590687869,1.082011192661505e-07,389952604425.8015
9234303.040252361,1.057237765259732e-07,413005349789.1899
8658073.384490274,1.126025789118983e-07,371297795797.4525
8994920.800531156,1.095017024098391e-07,392991746617.3093
8747479.349150013,1.100633983888309e-07,380879542719.6117
12823904.71500165,8.371804839084323e-08,670101955556.0332
12620854.25372974,8.080893158329257e-08,675226028414.4115
12848050.22617475,8.199173384308868e-08,680754486355.3864
11718379.34223099,8.698264954311998e-08,596914961404.7211
11469828.47994677,8.982015220261638e-08,571883718525.6271
12359673.22671646,8.651867351484166e-08,631830258496.6567
12290456.06184294,9.291543986091138e-08,599113915655.4807
12485007.97870668,8.960058394252608e-08,623516950206.8132
12606485.14717803,8.961821829088283e-08,629501079991.0096
11469852.5909516,9.490575708267645e-08,551268018400.327
12034659.48990864,9.424428685081368e-08,581117273881.262
12347403.56996256,9.094115403643031e-08,610569822940.2795
10955102.75474627,9.283982164189089e-08,534310354417.8879
11193358.05914741,9.437525795969908e-08,539993205458.9045
11694388.14551794,9.121971580834835e-08,577100823966.4586
10907505.08376911,8.810157676006986e-08,550896022415.9441
10782093.96519781,9.113927329843903e-08,532393492106.0759
11098925.43966172,8.891691990521737e-08,557131858849.4977
10748968.80662705,9.665378218688173e-08,510372854326.1451
10226864.4070785,1.012433189310221e-07,470794718458.0055
10170157.64760087,1.000244148412516e-07,471980082732.2272
11997315.35031302,8.913491385068736e-08,601245965373.8853
11309040.09584158,9.189439239587602e-08,555349523377.4626
11188686.41801739,8.830156895206989e-08,564243834218.9753
10062752.46840549,1.00555883188987e-07,465348658745.6298
9806887.653312244,1.024043754991064e-07,448042134751.7615
10630810.92418766,9.816315666308967e-08,499575022821.9106
10844546.1323336,9.494332398490042e-08,521076825863.1582
10263131.81270574,9.830645265183892e-08,481827840128.683
10602332.36280842,9.438543493189368e-08,511444006372.6471
9675893.881647024,1.049639278098021e-07,434841562319.0043
9093616.358144209,1.083490935474855e-07,400116480478.7323
9092534.769309703,1.06965707344658e-07,403510888906.6567
9034080.768582184,1.08965394550714e-07,395996704636.9872
9614478.708055507,1.055827883429644e-07,430391471837.7453
8855579.77280583,1.094318518050418e-07,387068504053.5251
9166463.872462114,1.056449320301021e-07,410175187934.0325
9445641.096309382,1.042753617697984e-07,426360506643.1066
9696779.804814024,1.024251656791171e-07,442951745063.9629
8523405.971151972,1.11462550709134e-07,368010765153.6348
8806663.823105117,1.08592672085669e-07,386910995387.1552
8807728.273989594,1.09975089163861e-07,383708151958.293
8489261.567068854,1.113753714378482e-07,366727776054.1516
8669300.277910545,1.096153783078727e-07,378503344333.8438
8771956.131858321,1.084986435496847e-07,385608778344.3228
8357926.56360495,1.139022339546188e-07,355694423361.0968
8331297.780008746,1.160725904395214e-07,350127486598.6092
8448255.717890689,1.14683353940699e-07,357904199231.7637
8123330.600448275,1.142160609322179e-07,345076996668.8305
8177311.183806656,1.142336520736406e-07,347334415441.4962
8598458.876832737,1.116526742960544e-07,370829719004.0577
9849281.815369388,1.042408908087346e-07,444678181845.9882
9961734.63441572,1.035041767348835e-07,451886865506.8589
9474417.20926415,1.065178838239928e-07,421635806485.0812
9096830.11019543,1.10733288275183e-07,394491775126.1645
9630625.726412995,1.060493330023333e-07,429848957396.5848
9259986.100797674,1.083253239194135e-07,407496300750.7364
10059856.79215794,1.040141423753425e-07,454845116936.7065
10841461.96944421,9.996235970028782e-08,503342402491.6932
10140240.70339172,1.030321194854215e-07,461388226580.0323
10205118.05538981,1.024580853996233e-07,466072926050.9221
10908541.5194537,9.938634216947614e-08,508411717059.7083
10319578.49276393,1.017192158975208e-07,473579930607.3933
9744908.145209918,1.113037868383097e-07,421150954759.3046
9697221.420463478,1.078189477850768e-07,428072424749.6427
9405696.381433534,1.107136456002582e-07,407934266675.9954
11170032.89945838,1.040223353745294e-07,505013962731.6683
11160760.10263624,1.015979209694659e-07,512590507359.8143
10322802.16434295,1.045375741425952e-07,465174599433.2952
13227933.26690203,8.93553078471396e-08,661827931059.8372
13902126.64007875,8.659641691019896e-08,710255532402.62
13848466.07854456,8.647553481873028e-08,708173221368.8254
10896494.54328427,8.038485438801541e-08,585019918188.7678
10859525.35864222,8.153954636107673e-08,577517722985.5472
10196974.65895952,7.921242409449405e-08,552852321216.194
12717808.79994181,8.410344938570472e-08,662526243749.3436
12425910.63592907,8.354158354877161e-08,650219151739.4119
12515603.38953713,8.119790028356567e-08,667454900928.4055
12636627.66959398,8.778599899746689e-08,639755977406.0714
12515005.00852573,8.777237933931158e-08,633664115248.913
12409722.15271831,8.559141719158688e-08,638962317242.1604
10576627.75468996,1.003043481537264e-07,489930014419.5472
11107475.00178404,9.572376452778691e-08,530805602397.7036
11600644.84620109,9.627933041367362e-08,552238596833.048
10919502.10205899,7.935607835777267e-08,591311108531.7139
10219231.85914723,7.818516210569586e-08,558901607585.9321
10951545.01052216,7.742390162815972e-08,602872337766.2754
12037595.75368142,7.911508424182317e-08,653181022384.9233
11374832.92700639,7.958766049440586e-08,614772643872.5267
11407536.60452457,7.765374792519128e-08,626734482497.254
11896347.79656579,8.327185485389355e-08,623851887669.8918
11285157.8923754,8.255554884060434e-08,595219010766.655
11322843.99660001,8.139857165139569e-08,602852409418.4858
11180083.46461578,8.641445383733239e-08,571988704882.1576
11274463.51450238,8.434917632381998e-08,586194835869.0957
11988406.88444833,8.724857627309352e-08,609428240359.3885
10736534.32111962,8.159495607934795e-08,570718444179.7706
11005740.02258371,8.282079716348329e-08,579241467933.792
11032004.63696072,7.999133387123776e-08,594236252435.3427
11997298.38342727,8.502003252452022e-08,620491660790.3246
11334508.32621158,8.491290439991523e-08,586705584293.946
11426633.05814135,8.705015371123897e-08,581752939371.9774
9855411.161738604,1.034363960180482e-07,447259074380.0386
9266581.641529858,1.054307419910023e-07,415216606197.8931
9799745.204308994,1.022214455473403e-07,448249800869.8027
13643645.95085215,9.202547690760488e-08,669357894460.4825
13537648.07159649,9.613651304299937e-08,645086038535.4159
13584960.42213975,9.401505069626752e-08,657042488157.4191
8426183.15954823,1.125944698928718e-07,361370631590.5248
8516879.419718407,1.133737126206707e-07,363584688978.4612
8605555.261356499,1.108372571577993e-07,372953812600.8459
11607652.78663327,9.695639899683304e-08,549996708782.6285
11655063.73601687,9.806985039101558e-08,548055210391.98
12347956.56634201,9.396503522889198e-08,597426165151.5779
12430240.15822624,7.673691157194815e-08,688351043922.9098
13114001.47735811,7.41221874024263e-08,743195509277.712
12046142.36734791,7.569197624595552e-08,673206181831.1554
11514724.61949389,8.005417813745878e-08,619913204550.9728
12031580.83226436,7.821837362937506e-08,657834791644.1785
11653741.30019579,7.717711260204018e-08,642894467963.0817
11373048.82979978,8.262795353932272e-08,599504212877.0729
12007858.24722268,8.130462681836848e-08,639816415742.8297
12073988.21266774,7.956277992178554e-08,652695745111.1644
10218347.57180581,6.401831577869297e-08,638524905288.886
10873275.8304553,6.041589614752149e-08,706197632720.6941
9681058.447996955,6.367136420534129e-08,607146373667.88
9036232.733142614,5.465311521757936e-08,627447596580.517
8483340.028122243,5.650695428711166e-08,576101414637.0095
9152471.060397545,5.769084268572747e-08,613009364823.2942
6001430.64587493,6.403603750952708e-08,374948676317.9957
5281332.202104453,6.62034972597667e-08,322717758667.0381
5919348.474772037,6.538164380594147e-08,364728766309.233
8232963.293853196,6.241287101225438e-08,523246989922.5732
8631291.700126771,6.166792857606294e-08,552971676354.2141
7865777.830614342,6.121699557991135e-08,506399966148.1982
10192293.94324107,6.418485402098154e-08,635794697479.7531
8856256.557073295,6.61613215196426e-08,541394793509.0999
9961299.62256006,6.722883531651043e-08,602484129907.6345
15546100.74024145,6.076022369437733e-08,1005870106655.425
13336078.11081567,6.110003121843494e-08,859674099601.7755
14551270.39540117,6.28200879508187e-08,920806870123.2444
8404355.814757872,6.259583224648293e-08,533098530639.8516
7790636.210790509,6.34332632915548e-08,489810648482.313
8089746.20732863,6.509153709612698e-08,499940759419.4638
9061342.1912806,5.985849252760677e-08,592164017792.8441
9047662.317512838,6.121277386899178e-08,582516649857.4502
10047285.53197134,6.173455124756582e-08,643225442170.3906
8541571.513902573,5.921413449083972e-08,562238857766.0292
7948490.963912726,5.916272933063727e-08,523503051553.9334
8528289.932218526,6.057168752451289e-08,552945304237.2269
9927087.210065756,6.300341864059872e-08,626968555705.4823
8933618.453695545,6.248940022648298e-08,567313557946.7825
8609160.80042397,6.497428482883849e-08,532680110243.1921
9268711.592548335,5.59657715598953e-08,633486997258.9843
8735809.006331697,5.606725367649809e-08,596344119687.5299
8848779.636210294,5.766952196438818e-08,592814947446.8845
7651164.188751707,5.490310147009693e-08,529658894170.6855
7715535.142122491,5.531268977678568e-08,531475033883.5534
7636540.350536481,5.669590985697281e-08,517442581237.937
7473467.019909042,6.685895829443852e-08,453679391581.7934
7851028.901204603,6.803528250632845e-08,471089886862.3283
7845716.757879376,6.920777355965996e-08,465438931280.8709
7382977.453665503,6.318972508015712e-08,465372337900.1113
7300065.765819182,6.474352252106862e-08,452754271484.6609
7432829.308855623,6.348316192918783e-08,467069806142.8166
7552568.838363741,6.341980021930753e-08,474910143808.1262
8125022.781479868,6.440626285902673e-08,505676207957.3022
7468707.618357736,6.497588253897429e-08,462108545958.0324
8807524.81740889,6.154272598822514e-08,565027245002.5536
8491689.194735918,6.321763925598423e-08,535100357173.4492
8016705.271174737,6.093181209381169e-08,517725855727.282
9451701.580871595,6.454113403387059e-08,587424793886.1843
10755896.91751935,6.384148552552835e-08,673355856918.4099
11029479.83037599,6.523198063106688e-08,680635589574.3071
9603782.043064296,5.209447790791026e-08,688516737130.9839
9052342.764834495,5.256674089716483e-08,645089969041.8722
10545180.34463165,5.390595242272469e-08,738974630529.0896
12321083.99604732,5.485509787785164e-08,853435928420.3726
10396459.98537719,5.26706850772599e-08,739899683552.0103
11375048.62631225,5.447675704142263e-08,791551356611.3494
9993355.186906038,5.072424627975949e-08,729291113808.4015
9492360.248829527,4.778341875458391e-08,720868529140.7487
9586619.759555914,5.050166233680073e-08,701662693294.014
10622575.76964623,4.255622125558161e-08,871474061705.0863
11377154.41673396,4.164642910282989e-08,946924033979.7742
12260909.52288531,4.029662804025996e-08,1043142283888.701
8428152.311874591,4.795411847823119e-08,638530677844.0305
9339621.073636437,4.508755656347116e-08,737266990313.4696
8736068.561499553,4.669400069077036e-08,673713593453.725
9025431.400444495,4.720668187513962e-08,690980279426.1161
9298412.417066608,4.593044105379e-08,725006211719.2468
9579210.813012661,4.479798428260236e-08,759435245606.7902
12084178.93541608,5.648504823534228e-08,820845606714.9584
12923946.92055963,5.811200797099185e-08,861425871539.8055
12603129.08597799,5.885299417797808e-08,832976359576.157
10218092.45141147,5.213601108356794e-08,732168928029.8903
12126838.71715639,5.433468215352387e-08,845336291752.0712
10637873.20317117,5.236326577743274e-08,760040951609.4279
15745923.71481046,5.787138668854683e-08,1052427571359.428
15611982.43127289,5.885119494706854e-08,1031860996844.726
14239966.44064085,5.838594932672991e-08,946171949016.0151
16402081.37025277,5.963107182454109e-08,1074609193506.364
17787134.46971907,5.948418929530671e-08,1167270805741.897
16144024.2495384,6.067521971268029e-08,1045532561527.858
13801756.0294154,5.89464167244032e-08,911232930755.2303
15152985.52813962,5.940921408156704e-08,995242706670.161
13943108.6862627,6.010442800074139e-08,908703010960.0448
12931216.33500601,5.978015989603497e-08,845800613493.0101
13256157.06666028,5.904077350667236e-08,874278131553.623
13394694.82628635,6.019617503054449e-08,872074442986.129
12509732.94753799,5.612596964256827e-08,853372808631.1787
13122011.85960504,5.615943274759455e-08,894784840491.0443
13115940.75575991,5.750112993588801e-08,880403702599.012
16672205.23851713,5.797959799814314e-08,1112951522744.048
17924886.7848432,5.880981890118175e-08,1185286105120.076
16534372.29147562,5.89577131773378e-08,1091508927276.023
13804950.74390492,5.644771674825036e-08,938146382315.6597
15281756.22486994,5.727062148078671e-08,1028534041645.629
13798723.63963571,5.778450010496709e-08,923204706120.5436
11077780.782749,5.309005115774705e-08,784230997333.4489
12596223.30776604,5.505897961687635e-08,870338600844.4147
11996484.59497191,5.502202572087005e-08,829270628507.9382
12344484.37521098,5.543722539174441e-08,849060486868.9459
14344968.09335319,5.651866262396639e-08,974028509568.4043
13329219.82999194,5.58199195098195e-08,912596068058.4111
18548045.46875263,5.807211902801808e-08,1236857602402.727
18437605.69735311,5.858927250689884e-08,1222247392303.477
17166812.61035869,5.775649628782652e-08,1148918193807.314
14925068.47144474,5.774785983433069e-08,998985235811.7894
17512631.61643253,5.78278600847112e-08,1171098247859.179
15715025.61687185,5.738193205908443e-08,1056326841243.099
19184938.19197815,5.971387077931329e-08,1255770437721.867
18225552.08930119,6.045650591682493e-08,1183183207316.357
19041776.49614878,5.983688353363766e-08,1244690818055.091
17525949.74668247,5.954502657080376e-08,1149347176184.059
18977760.70177965,5.927409089857697e-08,1248346165492.178
18730337.7408519,5.855993158371299e-08,1242067604687.478
17376263.26472723,6.023262011788706e-08,1130841880931.744
18115169.05275059,6.127919441846268e-08,1165468016070.911
18821984.67849917,5.995272303382668e-08,1228738520017.416
16471355.43626618,6.181319260989785e-08,1053598690465.066
16182271.80670731,6.195225416000212e-08,1033557754119.423
16372784.21676483,6.26937037497607e-08,1037464519781.541
17626920.31580233,6.074541797401587e-08,1140689449805.27
16875105.57380046,6.138077588275367e-08,1084488412369.601
16956341.76191722,6.173989532662807e-08,1085479357213.224
18538919.33889578,6.01783381950245e-08,1207232599596.649
17733663.33606225,6.07978672239306e-08,1146936999314.454
17206285.35295882,6.107933106307479e-08,1109407096790.953
10747046.24852018,6.170012275217036e-08,688279919284.9589
11128263.6656731,5.91094203881111e-08,733369661449.8666
10982122.74976617,6.045444000951343e-08,712963820175.2557
9724156.280528203,4.522522517830114e-08,766063501712.6895
9554916.348511385,4.24547605064492e-08,785131904613.4518
9608976.611485705,4.266612917125305e-08,786964195530.3969
7974189.163982552,5.079489279902279e-08,581397511271.8542
8164134.496900411,5.242878771538792e-08,582814399782.1365
7848822.762598867,5.29481218310804e-08,556635391619.5804
9474560.812059917,4.24413831111052e-08,778692637681.5665
9229045.915236311,4.541167010031839e-08,725067585992.6046
9704046.166352127,4.24473676918093e-08,797478552267.7639
9425210.524507845,4.805173856415271e-08,713102002205.6266
8683326.220068034,5.092464819365151e-08,632024759718.7896
9015921.600392763,4.8241673587525e-08,680343984777.9641
11751481.2800486,5.449883429021108e-08,817525179711.2078
12319354.6150794,5.555019162252698e-08,846182908514.7061
12561976.94729956,5.666095382977371e-08,851534153306.9696
10105903.55216658,5.285176906041728e-08,717577473536.2371
10847254.79423078,5.346856476352279e-08,764282925130.3497
10256467.39002124,5.420966206942015e-08,716055475798.2928
12176436.30014253,5.205513014894049e-08,873395955972.2715
12223348.7388769,5.44023890522869e-08,851356693058.0842
11657718.6325759,5.334678492970723e-08,822636677192.9651
10060110.80498198,4.820614496978308e-08,759511748048.651
10801480.56947182,4.913452591694429e-08,805178386783.5289
10057944.39446546,5.077407866239539e-08,733524339969.6018
12616829.19758427,4.917082271847e-08,940037633482.8368
12514903.00084155,5.014446328334701e-08,920334063295.045
12427744.50377735,5.03564974781136e-08,911357221687.3929
11542476.15457572,4.572598308802771e-08,902658795835.5035
12243141.92094126,4.728001944032973e-08,936356262603.4821
11563618.48852358,4.538266844235974e-08,908867141707.7426
12580249.7260256,5.363407550164384e-08,884562918601.947
12456112.09228889,5.445551481833824e-08,867004321792.9735
12408754.66707906,5.212493762888079e-08,889264931362.5397
7726829.256138732,5.373005277497215e-08,542654160934.6027
7756697.015198105,5.430286085447148e-08,540914164675.1881
7766159.721828219,5.282042161259465e-08,551660314341.1732
8379866.741032742,4.813103671001323e-08,633315768873.3855
8037243.835515128,4.949467902386947e-08,596213038684.7395
7951177.588526561,5.073609261834474e-08,580167560266.3643
8334218.38906892,5.397223419476049e-08,583558786309.9937
8696507.396059019,5.581265645047409e-08,595465230960.1672
7977800.181076003,5.56636740405941e-08,547228333599.4133
8993764.017718907,4.63116831559727e-08,697398664367.0459
8859679.270638201,4.74036663224628e-08,676410040123.6315
8335825.948128927,4.846152713110383e-08,627119888542.4094
9608834.054729916,5.274708450731313e-08,683185100933.5157
9755662.247540452,5.410847370218116e-08,681940631045.9905
8861643.738865621,5.305138571968893e-08,627648455908.1752
11708725.56685079,4.914414534915573e-08,872693555971.4667
12411936.12515288,4.891429549286629e-08,928002180618.6409
12224398.87144698,5.01199453168568e-08,899263817831.7573
7412596.205474406,6.539296801514114e-08,456684540294.5465
7840802.652348315,6.579185204714534e-08,481111548525.2291
7546374.516496327,6.413386242480376e-08,470991884806.1022
7746920.42665983,5.713815945371794e-08,522209695290.7452
8114659.543388487,5.813083380544718e-08,540753412127.0024
7736240.326057191,5.90338829940935e-08,510264928173.8153
7701368.958820212,5.442250562438757e-08,536268443150.8359
7664311.550609884,5.559121731635618e-08,526181644797.012
7731187.516880984,5.499627878945552e-08,534593906021.925
7794807.566772582,5.405690017111641e-08,545219407009.3222
8109043.150001475,5.353483050077839e-08,570880650755.5051
7757525.762354149,5.522415678085182e-08,534938469685.1213
11391501.48856015,5.931571560675852e-08,748975804962.4318
12570863.21032395,5.86275208724516e-08,832972660379.5144
12738290.92989773,6.054407603150747e-08,826158533301.502
8856532.902108729,5.88275443585777e-08,585522057689.6849
9963080.104423685,5.931650245106857e-08,655053239264.2836
9272921.026320482,6.034067874984169e-08,602758162637.8754
9915011.502385201,5.713379059400105e-08,668391928288.9858
11836871.91024202,5.777639025311312e-08,792020966270.5284
10693319.01531864,5.846260057853306e-08,709894432278.4823
7983243.883607075,5.65591373349597e-08,541806501850.8974
8702190.977888776,5.670809708217228e-08,589565272278.3843
8356485.350778291,5.754933976386095e-08,560613337518.4338
10375011.55476145,5.565036915318222e-08,711775807478.1158
11752665.88242936,5.707638645532767e-08,792803228137.2405
9837956.73499075,5.643019392450915e-08,668698804047.5853
11053140.18362101,5.019558513625307e-08,812285431101.7976
11049179.87747557,5.246492890645021e-08,788407326360.4736
10300838.66323767,5.184382128025097e-08,740868702253.557
11332311.26293378,7.167420030163473e-08,656764884313.0836
11047052.24169328,6.902525359963218e-08,656509579017.8367
11324159.46579907,7.138731093836694e-08,658049597422.5675
11255946.2741776,7.443395089202836e-08,636113526206.491
11399826.01388089,7.377127766131795e-08,648097012727.1591
11450956.32999875,7.642605710655821e-08,635839429005.0485
11241685.10310025,7.284748380924921e-08,644498205004.3649
11393473.70077978,7.006979208755014e-08,670351010378.0265
11385473.95633882,7.217778048520696e-08,656773214078.4049
13191817.73019778,6.197418370790281e-08,842359410454.0773
13082234.47880382,6.116260423270024e-08,842735488657.0261
13094510.6278123,6.394661275261296e-08,818862360984.2378
10724583.22695521,6.404500476221417e-08,669972405683.5929
10884060.74144946,6.622512662321331e-08,664929741088.1453
11112853.12204942,6.502501615469018e-08,687234987945.3118
12478005.6664287,6.078350939130099e-08,807150768517.1033
11689684.41024817,6.072490431101163e-08,756643944053.0238
11621925.04114516,6.32814895786642e-08,731858196400.5956
11365716.9323922,5.899661074387412e-08,749972709563.6862
12197293.47668391,5.569579547624295e-08,836338069468.5283
11618609.36160436,5.780133323905053e-08,777193058265.3417
11275840.77409568,6.002437092343389e-08,735524578447.9147
11201813.52916167,5.899908066638159e-08,739136829328.3737
10819327.43969157,6.160050064176041e-08,693655930092.3096
11589773.44266603,5.87835074843145e-08,766604355685.1749
12075414.04489854,5.662807180462947e-08,818868530876.4717
11514721.08414195,5.775294881847045e-08,770673892177.0144
10162320.17938565,4.338499650398048e-08,823063158939.3645
11766054.2702247,4.111302024198843e-08,987744437227.292
9532311.498509571,4.497100685775083e-08,753777468783.1022
8638588.040783398,5.148570623914125e-08,624192166634.7235
9177466.101185385,5.100718541788997e-08,667270434506.6965
8815434.661753954,4.956387016825977e-08,653331488676.4094
5190799.184741803,4.084249499921516e-08,437682703877.508
5748546.259858687,4.24983586835227e-08,472037598446.1428
5956842.104812435,4.030178329480949e-08,506757182630.2309
10027545.68730393,4.574215377773242e-08,784001528978.7285
9910577.72971452,4.31961847823957e-08,805011427140.4028
10785910.98334528,4.45616312473391e-08,858122807039.1857
12945541.8580695,3.333776364563712e-08,1249767589431.687
11114715.3292596,3.311387487144385e-08,1077850038956.903
10712695.67058606,3.414568540357365e-08,1017829133782.875
12077363.36263853,3.86673113252399e-08,1056191859941.653
13407690.65627741,3.490521163950483e-08,1255337389562.948
11902149.68204159,3.64480510734691e-08,1082702651531.083
15600640.37710992,3.420689589087127e-08,1480471262809.794
14779757.50352579,3.289734007147078e-08,1439550105316.937
14710702.86777873,3.332990036921375e-08,1420400271230.182
9120296.181649946,3.897658858797784e-08,793365039605.8492
8458726.604164066,3.877740675748906e-08,738333340630.2207
9263605.371274637,4.066152329306717e-08,783413316715.1356
10684402.44071378,3.74714811391934e-08,954149289673.3846
9658903.333575111,3.858028207939339e-08,845962062217.8341
9751753.714346036,4.006310785334247e-08,832887415714.2191
9434321.184653323,3.541311422126529e-08,874851976376.9293
9072305.763177022,3.573219900418826e-08,836266146380.3339
8481964.167208098,3.711443293819283e-08,762315143366.3207
9168527.860076355,3.780147006022091e-08,814005144025.0654
9458803.122725792,3.594661452053763e-08,868422078782.994
8505178.385259658,3.764003189257532e-08,757268871549.7487
9890193.316685895,3.450688491433783e-08,933113079317.0492
10276616.57932472,3.351292965195709e-08,988648450514.8329
9519450.127534349,3.484654338577597e-08,892288700250.4263
10755684.55435508,3.634681012407617e-08,980228190940.1584
10025596.64478867,3.560384266008143e-08,926358261672.817
9726684.137716668,3.748495141004703e-08,868414057021.8165
11585589.00193672,3.5464495285567e-08,1073302799581.507
13071573.68705082,3.395001945802882e-08,1246716930021.405
10827372.03954095,3.471880627239524e-08,1017372209184.51
10094301.19419982,4.057370283990787e-08,854895759756.2345
10797922.60861843,3.795634017999309e-08,956057450445.3815
9860219.529501079,4.058391617433704e-08,834931057426.8773
10460223.22134346,4.045098184565049e-08,887676877731.3204
11346078.03681679,4.008745295393185e-08,968664664136.7859
11176271.46580848,3.781921815951193e-08,991947250013.4971
10194037.2344367,3.269980290127301e-08,996895094447.4595
8894455.467331612,3.34450886928712e-08,856836181378.8844
9493298.231445361,3.319231626245424e-08,919162048805.1235
13133036.44801557,3.288328570598724e-08,1279523732809.39
11403268.63724533,3.246438472346686e-08,1120532793876.625
11288495.99731086,3.269798783152694e-08,1103965237157.835
13072553.86851327,3.257637071084739e-08,1281618126220.813
10767978.4962751,3.324388447696362e-08,1041500948867.734
11286418.56892322,3.254515403928211e-08,1107214925530.934
5505188.012119842,4.483982414067513e-08,436177127842.8339
5928596.8673595,4.371749461570471e-08,477729151739.8801
5142392.395027296,4.500352119313305e-08,406444155091.7902
7368251.563694411,3.749300317742467e-08,657755203534.5745
7052170.801562916,3.879692496836498e-08,615353420438.579
7520096.129928744,3.847598685568567e-08,659827198962.7772
9057535.474819431,3.416627580438723e-08,860224119531.913
8029103.122101561,3.586894344007195e-08,738223693134.8933
8903492.405078903,3.523250958146077e-08,828446892857.6346
6357003.071860977,3.631151637982949e-08,579726070129.8768
6014365.925548702,3.706836021429867e-08,540987957966.2051
6914922.630250609,3.672828502413815e-08,625825937383.7903
5663136.751486021,3.785195877854299e-08,502340441911.9323
5241473.607004418,3.808750472291496e-08,463018548550.4432
6240394.869726702,3.877196488608715e-08,544753710825.5547
5183006.813705713,4.436976761240376e-08,413545859594.4537
5972199.723996887,4.308194132736502e-08,485964054119.0457
5674226.172449183,4.230198902750538e-08,467375687615.7388
6724386.917090275,4.191257493292025e-08,557300970393.2318
7193372.276080559,4.10671825919958e-08,604323195600.2563
7416407.22028627,3.98596572853645e-08,635581422271.2993
6156258.79619624,4.113787053040019e-08,516601500991.4597
6466472.371660789,4.195375044737888e-08,535574921305.7165
7145419.769585114,3.984533208412601e-08,612504729861.8606
5261517.232380641,3.870731752610271e-08,459814095545.0872
5746700.282211551,4.042329060137425e-08,487899947481.2634
6262263.470533411,3.942594422792057e-08,540600695554.6189
4926374.41721077,4.33945828489616e-08,398936467430.0974
4930867.270808908,4.445755252268882e-08,392909876307.9781
5410263.211605886,4.237890468886042e-08,445094173274.3672
6804814.766831148,5.153400781787999e-08,491383265163.5962
7282494.488759898,5.354699544752362e-08,512613563332.7953
7008012.658960247,4.957862940073956e-08,519276337823.0208
6493347.314656671,4.51089933461408e-08,512420555130.7419
6610055.068198785,4.942526316816256e-08,490801352282.9255
6810345.545772608,4.744630225027869e-08,519637997439.8206
5349522.177869216,4.626049261804285e-08,415121114403.9155
4922950.319983534,4.53804474886685e-08,386942354883.5529
5367245.481793124,5.048675498976766e-08,392916096411.0945
4801736.083166923,4.406507281624495e-08,384888815940.3618
5223133.390400789,4.493043076456175e-08,413273345200.4648
4869914.221991153,4.510342745162172e-08,384339435523.7261
8044089.642052709,5.367842120398059e-08,565297518599.3505
7746078.494373113,5.500955590678552e-08,535537394059.4154
8010187.459855471,5.578594959152881e-08,548646727540.7374
7547841.782378952,4.670562983124575e-08,581982553830.5969
7242800.362487817,4.767624258131449e-08,550856528376.1051
7727177.764182104,4.903498727357032e-08,576788853110.6504
8190739.454366202,4.344431324914321e-08,662777597397.1676
7876661.655042859,4.505358037727584e-08,622093959050.5342
8439641.224262092,4.500856324531026e-08,667002126261.0387
7280966.353407921,4.301010637333462e-08,593119241096.226
7133609.253908082,4.618840260149934e-08,554141516067.5767
7436366.37147721,4.518715547282136e-08,586161706164.2599
7616798.601594536,5.596255227701107e-08,520603955712.1999
7523602.565345,5.74841600647026e-08,505119016775.809
7878712.891671511,5.672825242657482e-08,533648964909.7637
7920592.929921133,5.147760901275926e-08,572372530093.2196
7724006.024725138,5.393176016972173e-08,541102500425.0632
8021596.28767641,5.260216414171348e-08,571380032645.2825
7515518.533681027,5.593509667802534e-08,513849598389.819
7434094.793311352,5.729612916736612e-08,500201019687.9445
7526736.50882172,5.575845566383581e-08,515702877925.2676
5286372.10204297,3.806026010977311e-08,467207595652.7339
4734909.035747077,3.95586729590965e-08,407834377144.4622
4879252.791816882,3.831397896654661e-08,429320686326.3778
4929354.592623684,4.213059602709575e-08,407122393775.9371
5413386.300250417,4.109148824197839e-08,454605241824.7469
4942798.813113116,3.940966736941349e-08,426813113376.5633
12812935.0049537,4.299652181752816e-08,1043982150010.755
11711937.00814619,4.25644783285873e-08,960720780273.6284
11748484.96815579,4.449013579081016e-08,935705921856.3579
12298800.27608836,4.97918641296967e-08,908706898430.9689
12470390.11744127,5.092448829262737e-08,907671969983.6802
13084152.62061939,4.573525092162615e-08,1023084622959.425
14872123.43927993,3.661105358026172e-08,1348853645672.825
12643193.00215875,3.949209506791314e-08,1090226293131.11
13377633.52551369,3.867400473425838e-08,1169768342265.618
15268445.1202609,3.726464442507653e-08,1368558893887.757
15558125.42122579,3.606910207538998e-08,1425171233229.784
14028654.04715219,3.811584868225869e-08,1238641450492.32
13868035.30759726,3.247332564509978e-08,1362480912785.517
12026392.5684959,3.240148160745761e-08,1183292548868.202
13801147.00033166,3.284159867509468e-08,1345753925287.136
5236382.189735486,3.816947474255779e-08,461906295361.6286
6049398.559596789,3.646161941844098e-08,550159009560.3358
6174945.673143812,3.636742379252281e-08,562546097294.0791
13222931.25425702,3.925504151397839e-08,1144803054198.904
12304523.8731919,4.060898606718887e-08,1041477877101.991
14427357.56769826,3.839752793252935e-08,1267606970887.013
16053378.10407238,3.487499462799068e-08,1503916307143.513
16077489.75754649,3.52501905310715e-08,1495468475118.943
15782991.53456699,3.644329770920309e-08,1435855968174.66
11391889.09323759,4.147100621846801e-08,950822316300.0527
9823718.206923721,4.449406334041236e-08,782362184114.553
12089565.28843343,4.063373362538865e-08,1022867858749.488
11472996.29575996,1.473519455158368e-07,411250340465.4905
11295938.93260944,1.473214471244567e-07,404959587127.7887
11256087.92489087,1.505299073955729e-07,397776339798.9716
8751276.584962079,1.827391235890976e-07,271758863829.6804
8183852.421699466,1.7483588114109e-07,261740389750.5533
8444958.487240581,1.887704594242904e-07,256630437220.8161
10050863.3756439,1.413791394495354e-07,370350680484.147
10100878.35544648,1.377204504078425e-07,378756578500.1635
10567783.19902828,1.396899196811145e-07,392530899892.7061
8464049.084393429,1.314925502460733e-07,327323666775.911
8573507.291426452,1.302725149007982e-07,333623517310.1508
8469823.148965802,1.343146853247342e-07,322942604133.3385
123718.1338168843,2.16236565668532e-08,15939716895.50109
44848.78510575099,2.300608087698256e-08,5544413193.157612
174344.5086880073,2.026262011723455e-08,23457291857.8257
15889582.60104216,4.78130852397828e-08,1206186999960.825
17531312.61964142,4.644926378977067e-08,1356735569095.285
15938462.6422963,4.940356833830676e-08,1183788772265.759
13524257.44594688,4.89761833777625e-08,1010315006587.693
14955213.89392424,4.685525681456066e-08,1150677833774.814
13525541.84586719,4.998317431764106e-08,996794079678.481
15697733.75512774,4.527060463690024e-08,1235831978492.134
14827676.90916686,4.628969467704656e-08,1150138752808.683
15830592.27339423,4.47799403787336e-08,1255378894074.799
10462843.76568306,1.10830513612059e-07,453464725858.3246
11488142.35854377,1.093349285224347e-07,502431884063.875
11264298.03021348,1.068301817000054e-07,500312654585.9038
14910085.03242939,1.05791440325184e-07,666571028203.2462
14900469.09899848,1.09591809201459e-07,650650663184.5892
14993915.01397689,1.063179948354566e-07,668103674183.5939
14156411.76728977,1.134028232537434e-07,604232306420.6155
13445601.5068649,1.134704742416397e-07,573664958479.5399
12806893.03943754,1.177058266131506e-07,533226602389.8586
14481007.5772832,1.062348210323753e-07,645586123716.2395
14017610.25875854,1.080252989293503e-07,618002639036.9833
13752751.74198376,1.101012801314164e-07,598679918779.8263
9246067.298960995,1.46519203723471e-07,332680503687.8914
9918694.362386035,1.436447538043152e-07,361627399597.1096
9167466.584198564,1.492892106227566e-07,325759473566.414
8178487.466319602,1.466538115237737e-07,294088080413.8852
8348488.603492331,1.46849396286532e-07,299934494213.982
8184503.919821789,1.513743807240764e-07,288153638702.6702
9744705.181352681,1.305898977931984e-07,378584053072.4916
10074933.2867756,1.294136877066137e-07,393781555801.0852
10208444.07165136,1.326353312580034e-07,392512419532.196
8225704.371914629,1.417284556591936e-07,302599630836.5947
8299867.16264178,1.386638740882161e-07,309810111862.6716
8177075.4230543,1.430875745652642e-07,298902849644.6763
9764282.280182777,1.24940621537582e-07,390695028311.9927
9514277.824738987,1.241994256511275e-07,382204771045.3458
9923480.004459292,1.206311140777287e-07,406466202280.0596
9231562.631645219,1.250758503985498e-07,369113200984.8254
9096521.594215184,1.261022017789438e-07,361737535248.4584
9168956.703078628,1.238421468086965e-07,369040707328.1543
9266429.043638237,1.373943436150114e-07,348016500357.8707
9129277.375052975,1.360006083562101e-07,345204012473.5847
9369275.864750728,1.328625373180132e-07,359835768990.2208
8546927.058531923,1.337947079264109e-07,326726259186.8287
8766313.375634618,1.311631920526816e-07,339580184593.6736
8878197.120661207,1.293124013393935e-07,347187967624.2837
8926393.971615385,1.357132613681051e-07,338008684841.3588
8605462.958778823,1.355013162133254e-07,326195949316.5672
9016147.333529972,1.333097048040332e-07,345498756619.8558
8636355.836251384,1.351904746913733e-07,327868579609.8533
8918991.655947892,1.347985798825685e-07,339254444813.4468
8792497.656382468,1.325409539012334e-07,338230057911.0493
8287438.479356758,1.402598744167433e-07,306995036384.9385
8424666.970802365,1.372125345884295e-07,316682125368.8854
8361878.423334257,1.371945090074039e-07,314349443394.7823
8322837.512431285,1.411271069881698e-07,307042002637.7714
8504561.02962655,1.406670426366475e-07,314429774347.5013
8460357.569010049,1.380816058758784e-07,316687921017.2954
9060122.198089488,1.290355808914338e-07,354808815007.6002
9467358.570866672,1.275248722507842e-07,373679174313.1562
9438867.132781142,1.249433398975884e-07,377668820623.179
9423873.339009117,1.408013886862077e-07,348196831582.4518
9985021.45028509,1.41520173056432e-07,367680080023.2465
9310109.766833486,1.443975828746474e-07,338258084906.2241
10703208.42741296,1.124662591611825e-07,459373370677.9122
9969917.219507478,1.152912733308029e-07,420882235169.7161
9878610.715799563,1.168021545827871e-07,413423636049.348
11416307.92282736,1.079084938947809e-07,503680634520.8914
11709037.01037161,1.074679498236432e-07,518006492206.9574
11069771.77353801,1.096230006750357e-07,483285994907.985
10046593.34013084,1.137026514321089e-07,428060441844.2056
10459050.26195616,1.109916420293283e-07,452861498268.6158
10547769.85520656,1.11483467794245e-07,455358728419.3622
12013185.73605772,1.025608532425172e-07,548281730614.0495
12507994.50666015,1.004474240520643e-07,578844368688.4668
11761756.42678032,1.05094231019588e-07,528144705179.1962
9890655.62182737,1.196123413548626e-07,407418819664.8204
9482137.902098877,1.231853971666996e-07,383001182713.5585
9634369.320217025,1.208768805504145e-07,394089134693.7377
10848867.64829321,1.153136725169773e-07,457928009719.8264
10437761.80136831,1.16641432212305e-07,437225502871.8922
11012643.56824948,1.138755038413218e-07,468746504543.1691
11355843.37935739,1.197282079964123e-07,467471428753.1429
12642532.86511901,1.159611214922835e-07,531650002219.9888
11650710.09612113,1.212644548783502e-07,475550581056.9802
10620867.72479129,1.195513886646196e-07,437646624656.9786
10927414.65187969,1.163492875807753e-07,458502390399.0092
11221334.55609887,1.161384017754524e-07,471404742365.3759
10287991.81213169,1.256713525617652e-07,410052770394.2365
10379656.91462675,1.225770252247991e-07,420639720763.6965
10639999.40356898,1.219337503618708e-07,432705400705.3219
9935737.337691259,1.243773177166483e-07,398754849161.2458
10096321.06222081,1.200716861665976e-07,414829289824.014
10200253.22841941,1.219461138252447e-07,414793851654.3638
12696588.29166359,1.082002708754843e-07,559158337647.3462
13237525.22618477,1.045482757273861e-07,596479539459.5201
13519313.86587961,1.056082707426532e-07,605093790915.9196
11246163.21376543,1.144377518659481e-07,477116940714.8091
11905474.27926399,1.119081899821004e-07,512671041529.3575
11544310.83120976,1.142319840573347e-07,490353784694.7687
11202846.94753234,1.140278868545783e-07,476417477485.32
11369263.35232456,1.125878135871575e-07,487608651760.606
11860905.17143014,1.114945688347098e-07,512014223298.601
11995381.01694735,1.073405918477169e-07,531093994171.9582
12294105.66578726,1.066066090949605e-07,546815548444.9337
11611556.78516214,1.102738926793325e-07,504942562944.5923
9647949.875660548,1.387701267293711e-07,359946301287.5833
10216818.04527439,1.362885835695859e-07,385782633680.912
10215634.26119136,1.394993364236336e-07,379796164729.9643
9830114.487630349,1.264269826181471e-07,390240249502.368
10093229.90032591,1.239951697082586e-07,405907417244.6958
9673806.585733393,1.282693823011555e-07,380348812325.0085
11036325.7947539,1.260800646935765e-07,438928280619.6867
10531173.5807273,1.315088217055106e-07,407230389841.0526
10395561.92180069,1.28284398510185e-07,408694451307.416
11408958.99244005,1.259467682702108e-07,454068457074.0826
11879663.44911902,1.277438597332664e-07,468357466268.4677
10895250.47654315,1.313642459131623e-07,421617958291.6935
10726239.58926039,1.34245335504863e-07,409117468795.0831
11703153.17702963,1.306179058045737e-07,454605213212.4933
10725026.65094304,1.374618445083696e-07,402664740378.6414
14258245.68683366,1.154302054218399e-07,601431884457.2446
13066810.67095162,1.226455848338927e-07,529340332933.0928
13676938.47003357,1.186934811945428e-07,566288377249.9397
8133932.113551749,1.44054255797156e-07,295994163759.261
8085575.599712577,1.454133105357057e-07,292398293856.7816
7934211.277551592,1.479670326228639e-07,283613642767.993
8881484.909730606,1.36543822150856e-07,334942978946.4518
8599448.784960384,1.369356601207213e-07,323687733160.1268
8644013.652954079,1.395217615778058e-07,321332123122.2227
8609213.108509924,1.339394049012021e-07,328870219567.0601
8941676.596882921,1.294550704738357e-07,349413420184.4943
9019985.916200096,1.317427415335507e-07,348381214044.7607
11849695.27126869,1.311640725148535e-07,459018920226.298
11292958.29220181,1.363909841038323e-07,426203765332.8474
10865330.76308871,1.379911302850643e-07,406888582687.1437
13079257.15586798,1.207619783165583e-07,535339882595.2821
12430005.54556152,1.251028145467549e-07,496927771677.1031
11948412.54940578,1.232943389279645e-07,482334268467.332
13264223.57399222,1.21234468872759e-07,541499122732.611
12663477.71491347,1.251756185398058e-07,506065222528.5597
12610339.00698581,1.255693931058898e-07,502887566864.4511
8390302.943169642,1.429848951187053e-07,306843928581.47
8209810.888086246,1.434469461281564e-07,299598026811.7781
8009154.873336572,1.473588910208992e-07,287079685675.8359
9267478.862500891,8.294021054903557e-08,487287026019.359
9622991.19344205,8.232780163630563e-08,508486088635.785
9740205.517180294,8.426781421991302e-08,506749856584.5848
9600437.340252401,7.891647732905917e-08,521810191132.5402
10333893.74098973,7.815779627615367e-08,565304515508.7073
9807399.896704685,8.030132917553937e-08,526912774870.2963
8732337.361215075,7.958992249052527e-08,471945429450.3273
8870078.296432583,7.977118452896248e-08,478663258262.5154
8794873.910102729,7.923968916732377e-08,476724833006.0355
9285351.325361371,7.886167844141573e-08,504918166527.3073
9169963.383704642,7.991035010102374e-08,494271511097.949
9374438.579428308,7.827464382768961e-08,512308074910.9297
8902969.48725282,8.051994872237104e-08,477455124005.6141
8897155.23526912,8.009138441935148e-08,478843909154.6768
8759203.403246716,7.990992680880672e-08,472132745785.6651
9783240.623098504,8.108662959511209e-08,522215673742.0732
9948520.277146783,8.043978477972487e-08,533881111742.6273
9312826.197735697,8.082497106187369e-08,498177902068.3407
11795457.49990918,7.891399089623188e-08,641129044633.6576
11231858.20791759,7.885614378405129e-08,610793755871.2937
10728213.62046922,7.961147164794876e-08,579709358216.4403
11690799.74835536,7.278877567148776e-08,670606788165.603
12927350.73312886,7.073330677262039e-08,755834812060.1613
11593827.67679401,7.289863772634852e-08,664375944465.5133
9739713.534299189,7.704606434050638e-08,537913624219.9149
10657080.36475677,7.499628295314718e-08,599255112894.1691
9648903.120090082,7.763179701526277e-08,530214401468.4888
13523869.22247828,6.93878460775091e-08,800900733634.4944
14779723.12185691,6.663510294884436e-08,899216463206.0985
13950348.01761165,6.880022366216423e-08,830854816782.4568
13991044.97872726,6.708306480536284e-08,847438561719.3055
14790189.66078782,6.62070713407147e-08,903727486978.972
13533881.29334167,6.895704569148402e-08,804828348281.6693
11852675.18508535,6.580141500132993e-08,727209529134.177
12937385.50895126,6.514009636938211e-08,799124149055.7104
11673881.67435147,6.720957184250247e-08,706200251439.194
16917411.54965812,6.16042935146766e-08,1084575842614.14
17637724.73169462,6.080204269911005e-08,1140679877608.296
16966938.70144214,6.179540588737992e-08,1085507174131.32
12396998.71538967,7.202869933917246e-08,716109619806.1364
14879369.53277371,6.825001859340905e-08,890941824569.9254
13965885.99553768,7.092191012948697e-08,815107476394.8757
12832487.9826673,7.079428886653141e-08,749857461257.537
13248008.05037716,7.020819768273625e-08,778440399909.4106
11995831.90855159,7.226218210242992e-08,691442903527.9855
15305847.77711427,6.59022649851446e-08,938117337730.5664
15592979.5343232,6.645735683044213e-08,950386807857.7438
14461628.56752729,6.806771320482971e-08,867473924919.2625
16822822.146648,6.127827056235284e-08,1082333714783.24
16247884.45233634,6.108566860707801e-08,1047539964696.702
17896143.71196217,5.989596780525372e-08,1169035593220.958
15897077.78381717,6.399525099100533e-08,993616515156.5615
16482985.49621842,6.240019893957828e-08,1047719982391.552
16531873.0705856,6.259347499758707e-08,1048663181511.145
14306050.81412418,6.550534025232494e-08,880376873102.1935
14239499.08923149,6.424493919379815e-08,887705199967.2213
15685444.84488808,6.303428456038497e-08,990327763814.1284
13875858.54727419,7.435187143923138e-08,784751090348.4395
12809976.73588325,7.662779798763328e-08,710053017309.85
13855216.54474066,7.306267723725173e-08,792774361375.7842
16576504.88287096,6.202064308034052e-08,1057958882496.203
16477619.06422223,6.290163723464839e-08,1041805130981.51
16601175.61181974,6.278323744965048e-08,1050936250494.999
15521565.11296932,6.321565197415879e-08,978105640775.3479
15886269.57661878,6.389404283964836e-08,993989237699.9879
15644745.42930952,6.385723151739241e-08,979253449329.0212
16093725.97591219,6.329583344244214e-08,1013304226049.689
15572706.2023052,6.306603902717331e-08,982879748183.5244
15696088.88084704,6.370767908941885e-08,984004142585.2737
15891463.13121519,6.204409527592201e-08,1013982003988.159
15830252.46367494,6.241006951552563e-08,1006123740903.061
15559461.00428024,6.255620738795029e-08,987372304749.6146
15555152.07353569,6.814342320902388e-08,932377168347.0503
14563811.09411403,7.222728473930879e-08,839732273332.2037
14542663.3874676,7.093965717098285e-08,848629051194.7317
14477631.6184075,6.634787990584232e-08,883377137682.7437
14737972.57355895,6.672246275464014e-08,895893458175.5323
15202473.09226307,6.504911554271813e-08,939910813503.7264
14263052.61913744,6.750341790223143e-08,860323875925.7802
14332466.37951311,6.967273216251136e-08,846471559286.4856
14521465.68958031,6.787871118300079e-08,872679407081.0707
16189735.21983451,6.273512070239398e-08,1025414027119.203
16752556.4494409,6.284115793175693e-08,1059867652167.138
16504552.19773565,6.338596448136314e-08,1038185622628.404
16675590.27943635,6.142638974174132e-08,1071135850681.539
17194833.44369449,6.114502204752757e-08,1107874508058.863
16384712.03122619,6.156526537045293e-08,1050868342320.485
19282332.97586367,5.935282062039729e-08,1267258860282.219
19176054.47993413,5.851959224812456e-08,1272208796002.371
19426394.43291228,5.922820577221791e-08,1278516934126.02
14049295.93736463,8.460166466087012e-08,729013025964.1964
13877927.93534585,8.174095567112455e-08,736825793856.3883
14262481.31137745,8.509433459417596e-08,737215838769.4419
12107159.03106139,9.436274876588712e-08,584128672933.3907
11232361.70420262,9.633048765721641e-08,534517474273.5533
10752763.19190594,9.948705213306284e-08,500813129943.2007
12568980.09115801,9.242156721688491e-08,614871673296.1564
12606652.90153923,9.280154644895766e-08,615030027818.09
11837654.20794111,9.559577562551395e-08,566204324515.8964
12577977.9628434,9.253387810990546e-08,614813865861.4305
12561819.02102357,9.235473022870457e-08,614817805102.4574
11830704.62327813,9.552904089122531e-08,566135427828.9703
13046190.11500371,9.056156799265476e-08,646925714392.6324
13698919.50959299,8.762894723526415e-08,694365153531.9448
13029733.06906401,9.037692827397678e-08,646989353782.5115
13436022.97765892,8.599049543310621e-08,689663280773.9648
12630293.99216042,8.54583390044401e-08,650994263042.4778
12478503.81937521,8.806462062748215e-08,630417418016.7943
13814241.11174135,7.814107409661683e-08,755800974367.4858
12982050.86770169,8.010390843206123e-08,698619711983.196
13649106.07527924,7.999927686845507e-08,735157120546.8745
17274089.19172345,6.957983441332135e-08,1021110864566.087
17611839.40095485,6.789866230057878e-08,1058190612470.943
16301396.41189069,6.983491713835757e-08,961264846555.3102
17562096.68303886,7.036885334006971e-08,1030360926306.663
18281409.67910234,6.901009588156654e-08,1086595562874.342
17653033.88195694,7.173308674577755e-08,1022522818670.039
17024293.5908133,7.284303228433351e-08,976061290523.5664
17249976.1094957,7.132703125634131e-08,1002964894766.862
17340102.64774585,7.268420964196286e-08,995615423438.519
16728272.22385808,7.238213101972159e-08,963156464433.8669
16160614.56264004,7.081186110188034e-08,944177977297.59
16951990.52308659,7.086061520781384e-08,989959486890.7754
16372415.89367454,6.931531461623163e-08,970271560978.5299
16892841.09261654,6.77735134350792e-08,1016239402704.911
17880195.42137854,6.800231284091283e-08,1073222589395.891
10501268.13890679,8.127523791306289e-08,559675438547.9272
10100737.53752823,7.943223475577672e-08,546623835968.4208
10760203.62842253,8.176220990277386e-08,571196331154.2936
11416011.7202207,7.599560840047177e-08,636290455120.4943
10085455.80777434,7.695827587743158e-08,557432104608.5309
10979408.50862544,7.769798119361002e-08,602983998812.7637
9607911.876630548,7.412931787243322e-08,544463798253.0145
8653285.585020673,7.37314216254387e-08,492129386204.9415
9275478.729576437,7.580102820695306e-08,517868628070.7599
11514261.35252355,9.327857352217208e-08,559819667910.6035
12208661.65972261,9.051398345214517e-08,605607073909.5781
12016283.42295792,9.383160019854742e-08,581930001753.6996
10758221.07076617,9.206706942732296e-08,527639845804.6422
10883493.6761213,8.903096689140876e-08,545851199888.9787
11002198.98824759,9.262931496691837e-08,537420044532.1742
11721982.75658982,8.996380089308038e-08,583833773517.4208
11301542.63190741,8.937834790155608e-08,565348415250.2517
10981811.42375906,9.160158810619624e-08,540429000942.245
12449117.57448071,9.225007021457316e-08,609762574412.7654
12070942.50496635,9.107045245818167e-08,596333927422.0564
11561822.24780892,9.423298293544661e-08,558330040866.7601
12172540.73429781,8.594363523934178e-08,625036563533.5304
11597672.12376576,8.795383618978035e-08,586409461841.8545
12023534.96363964,8.855596500778476e-08,605183330809.9038
11084001.82431614,8.533239053366638e-08,571856831628.4198
10983025.89661422,8.665193670096932e-08,560879833378.6707
11175104.90536115,8.746497251555943e-08,567146817464.4453
12241147.62331158,8.196071809073033e-08,648761345044.7592
11534699.91365935,8.363369448776711e-08,603140899119.6877
12203234.70640073,8.375716499310853e-08,637470832245.4233
10216571.94823593,8.033307701380523e-08,548751343275.7516
9630842.85035504,7.7994201868295e-08,527581329050.3181
9821561.118901476,7.849063443205067e-08,535757957941.1956
12110306.17514486,7.878510704986438e-08,658959975606.7825
11372248.89949927,7.92817551996552e-08,616212994192.1552
11345582.10034817,8.212083326038741e-08,600515955925.4486
12990615.83132518,7.596151764356848e-08,724270257432.7211
14441012.35244201,7.248925735326842e-08,830644523019.8995
12686273.47170703,7.475072753738687e-08,714919461783.2677
10446240.12989831,8.04126969163078e-08,560716822914.8654
10737715.90974685,7.880182526153797e-08,584190367168.8274
9853867.40950251,7.806998071120543e-08,539449340149.5928
10860538.92650426,8.52861328343683e-08,560530301467.0596
10692297.53209271,8.274049402241162e-08,563108775582.1409
10953563.28794103,8.322436368532186e-08,574630181682.5276
10862990.91102305,8.553273586471706e-08,559578698355.1
10963414.7988864,8.420589449512283e-08,570668871382.6644
10694730.45162608,8.298040768371913e-08,562150757686.9365
14484013.8757499,1.115696792088085e-07,624968520532.8253
14621101.20693503,1.12658622926372e-07,626811743326.7207
14032367.18416747,1.1592667349082e-07,590212891262.5948
14524442.21975202,1.037956601962371e-07,657627551034.79
14862103.5042781,1.055452270548791e-07,665458866408.2938
14631288.9898345,1.077219978189655e-07,646268500760.9506
13810934.37999776,9.99052903652018e-08,641451863101.8864
14174225.1107779,1.018018854008777e-07,650122871525.0153
13933669.41380061,1.034004943368212e-07,632485284618.7058
14467514.85098567,9.621361935677922e-08,689026992059.7769
15288638.65662172,9.716058743948454e-08,723394820771.5297
14575496.00194084,9.981515426442435e-08,677369578093.2427
15637738.64451899,9.564017146310779e-08,747733869660.1472
15376618.51411568,9.342878188585875e-08,746804710837.2178
15382462.35603243,9.498474365810212e-08,738907300763.3893
15112284.36197926,1.023897259362312e-07,690492867062.5599
15575089.32685943,9.851204369422229e-08,730192991488.0812
15337035.34551795,1.003834048916126e-07,710068320023.9149
14617834.79644862,9.459263871953142e-08,704116987736.1438
15183671.07450614,9.333051673977921e-08,737951251203.3446
15443154.67004623,9.554152245537596e-08,738937855940.7584
13855357.61831653,9.81726813762746e-08,651064433287.0193
14112577.52674418,9.646658883491028e-08,670947274320.837
14219228.35771788,1.000702197831802e-07,659689330197.2202
13474237.22749218,1.025188421194798e-07,615132104940.4911
13636561.46920016,1.000818733855316e-07,632607869889.517
13758520.9523112,1.035816832608434e-07,623806324206.1401
13669686.50572174,9.409856417273063e-08,660749064593.7471
13974698.07295468,9.497290076493235e-08,671340166096.4635
13718743.55635069,9.667975380888308e-08,651264362548.6255
13733614.12383342,9.197870051348306e-08,674000151919.7688
13975806.7233579,8.820108108704922e-08,705333125109.3109
14039334.1372039,9.285364352065111e-08,684668809586.5245
14191782.65226408,9.176000679502999e-08,697591735197.0073
14127910.86802847,8.710611821542607e-08,718972323516.8534
14341689.622727,8.759939368491055e-08,727109109941.7985
13417755.53029628,1.00491156347749e-07,620766081343.2605
13530932.55388596,9.547736924248868e-08,647730130896.5734
13579740.21659165,9.805722392305358e-08,638613947327.151
12026126.38699696,1.125178440705994e-07,515994210610.6593
12394692.13912477,1.101952408434897e-07,539254591852.5541
13207732.03360769,1.075955868001328e-07,583846404665.9464
12862620.95919698,9.815331774369714e-08,604495143125.5474
12360776.52532217,1.002685628858882e-07,572711487705.2142
13167340.10935264,9.592238502475152e-08,628373807986.593
13325081.72556449,9.047236327386211e-08,661189464346.5479
13105863.66119943,9.4774505008599e-08,630479972889.6367
13416701.32174164,8.88348247909055e-08,673891923863.292
12562741.48653256,1.002150682347392e-07,582276244175.821
11896563.95680415,1.045048968628858e-07,536204494260.5347
12647000.78699438,9.985965157660141e-08,587571670044.2595
13202399.65434567,9.564542406343889e-08,631262625492.429
12945794.12720476,9.692921170802023e-08,613515551490.934
13249922.61478476,9.226953613110727e-08,648895033678.5181
14222117.00697744,8.733041534822542e-08,722526693937.3911
13663704.29014579,9.225263524701855e-08,669241094091.1227
14299888.59843803,8.490083175213383e-08,740272058920.5505
12679304.05698387,1.056367398884372e-07,567394894235.3806
13027232.51232566,1.045519294847569e-07,586990126924.0311
12490654.46429773,1.082115537087558e-07,550050764453.7511
12614368.34911792,1.012329930900991e-07,580743186966.8876
12548028.0640652,1.043469097175847e-07,566138148389.8555
12246215.37934349,1.050803034301877e-07,549947224406.0569
13280871.63854094,9.902893139698235e-08,620466756039.9106
13226649.01274076,1.022588639433388e-07,604852091496.1029
12876049.73154134,1.03338675465381e-07,584710265018.4294
14036831.71277224,8.981045647682416e-08,699924438152.9626
13564006.37113153,9.481881907296064e-08,652316389565.5282
13482104.9561014,9.473128514385063e-08,648776958947.2006
13495158.99116487,9.520978415888632e-08,647227485179.9723
13382131.99169224,1.002286825962882e-07,620198380395.7189
13436672.06245133,9.699689420574821e-08,636482546150.1042
12046622.2984388,1.054686037275456e-07,539655361675.8369
11749676.81482317,1.059043426843871e-07,524908261832.8753
12411785.10719259,1.01619738643406e-07,569965889430.766
13078258.41412704,9.823841321048872e-08,614274313262.6072
12755981.0731762,1.026381225662524e-07,581890678178.1942
12822868.0920224,9.952038222807113e-08,597095527077.0964
10293695.69682473,1.117954251590263e-07,443562991878.8783
9884545.10130189,1.145047326640141e-07,419186926256.9263
9891446.341765093,1.146949387472442e-07,419015701095.1701
11267873.97721463,1.075909196617974e-07,498109587746.6039
10833325.70763462,1.088127705910288e-07,475308106750.6913
11204987.88652089,1.066941043997031e-07,498101416206.7592
11173421.12126163,1.08463271118165e-07,491282207016.3854
10830619.70229846,1.101751295066643e-07,471263994619.4249
10740715.92744266,1.096806722060462e-07,468755627743.9659
11301115.82478012,1.112352791629903e-07,488606934806.2515
11041360.54879918,1.104530854649534e-07,479627442193.9879
11679816.42345521,1.083024809715084e-07,514055977093.3233
10981492.35653769,1.131341691608339e-07,469460260861.3565
10407435.14799252,1.159042629777554e-07,437801696577.9153
10725458.1937425,1.123550082412116e-07,460632133041.3569
13192671.31136382,9.257344687270034e-08,644676420696.1378
12889204.40456753,9.723583596955476e-08,609548887298.1339
12974549.67182679,9.68730811905493e-08,615115802266.9982
13713034.04496381,8.322680982358401e-08,719379496549.1788
13476835.37572827,8.758929803285569e-08,683314378675.9822
13568974.31192092,8.594652127438538e-08,696725145408.5978
13876487.11516288,8.245001325696625e-08,732519263725.5334
14225163.75380974,8.283324501794431e-08,748607472082.2521
13638878.82970609,8.680946596250643e-08,695665738171.9786
14385647.67871553,8.19433708237003e-08,762524033179.1227
14576773.11779645,8.430137224763778e-08,758178791011.9417
14470564.75740906,8.507532004231943e-08,748082944522.0454
14885119.9978202,9.558576224246971e-08,712016735543.6622
14025111.33551882,9.492984375912647e-08,673965718838.6434
14524696.76462547,9.715036507315233e-08,687296474724.0443
15645329.10592391,9.700089255464989e-08,741084192066.4261
15389990.61529231,9.63452134386658e-08,732293073317.5446
15406736.88170368,9.887205311279862e-08,720545865731.8748
14372542.92855008,9.188925286695384e-08,705814323608.6366
13987659.40782554,9.361453911369018e-08,678447396017.0895
14846536.13552173,9.427052085469946e-08,716761278177.2817
14579524.3377978,8.803383438151433e-08,736733259504.3446
14519940.80456387,9.010564562573431e-08,722431782430.0376
14990568.64565507,9.093158495906061e-08,741324352325.223
14455878.68022096,8.66366193138235e-08,738318068257.051
13966594.09142824,8.921657739975859e-08,699509267317.3303
14291000.05740913,8.948152905774687e-08,714343378026.6904
14633971.72712279,1.069050894574339e-07,649675701639.3934
13901830.19726578,1.107698072840704e-07,602732180419.4072
14624445.2608086,1.107041558150898e-07,634312765430.9927
14724036.76984784,1.015997665327274e-07,676236206974.4761
15440760.79395011,9.894461890149864e-08,721783984874.3257
15063996.92075929,1.033513015573548e-07,684010735565.5753
14402520.45639909,9.976145865320807e-08,669571007510.8396
13857192.05897445,9.966044250164854e-08,644654020422.019
14442255.49041957,1.039202006110946e-07,653383815448.2123
15131140.65887574,9.716280467985682e-08,715931778451.8777
14767732.92483214,9.872580466961357e-08,691342689371.1659
14992559.78885612,1.01235468289336e-07,690219659851.5884
13728256.0311297,9.541757040317198e-08,657450612231.2941
13680694.59022886,9.753630276246293e-08,645650197729.257
14222572.58428408,9.763540666760316e-08,670769436522.4685
10822625.49470477,1.222321480348196e-07,439415799111.4847
11110531.09013552,1.237628592545892e-07,447377971691.6202
10467584.50835507,1.259640764413321e-07,416564258632.0661
9730757.431524832,1.284881152186126e-07,382153646150.0663
10151400.45147713,1.242173832016406e-07,407759770453.3447
10060751.09164994,1.273091257069987e-07,397549044545.2256
11716654.09749202,1.15525490912605e-07,493952354937.2457
12659687.84322447,1.145253797299652e-07,536811531927.3085
11372102.2709927,1.182939457916739e-07,471917132767.846
13407997.30555182,1.080425133826673e-07,591063482497.3464
13179841.35218532,1.119670972034085e-07,567348489881.8895
12217258.11354905,1.129578969473451e-07,522832629789.8282
14243147.17968269,1.117407901943904e-07,613947831694.0103
13795301.50206321,1.161022209005784e-07,579656679948.6521
13665184.29795025,1.133353958702696e-07,583496760602.1617
11443954.56658625,9.941470336042659e-08,533264137094.7734
11720668.57287671,9.854719347921479e-08,549358959489.6875
11549457.18450096,9.607028424893525e-08,550599132438.6025
11257981.90933481,9.975579476331875e-08,523401694620.9628
11262819.4275277,1.000772302694136e-07,522504782279.8184
11104281.25591104,9.816347199029178e-08,521823755641.3941
11799154.14628703,9.520257940127536e-08,565915685397.9823
11390867.61172829,9.853743974236581e-08,533936104197.4481
11236259.39390169,9.694455397278323e-08,532442620168.7763
11723835.96095922,1.02592925810286e-07,534964285847.0359
11412005.63276521,1.04228213103916e-07,515274261080.5679
11411305.28816084,1.01471537913114e-07,524532613068.4642
11298873.09806779,1.056087725950126e-07,505710301912.5137
11263692.19864156,1.078026849837432e-07,497272438419.7781
11303022.3788417,1.031753830139117e-07,513819435440.9067
11745494.43670856,1.038104248770166e-07,531753868180.0018
11496897.12079498,1.063408955275708e-07,512208879402.7068
11433374.26529225,1.05443213503793e-07,512265763455.1588
11144592.7264551,1.10734980818319e-07,483289818058.177
10549073.7260687,1.144922977470434e-07,447400858748.8162
11468310.2071586,1.089656988793289e-07,502696921840.4296
11154956.46197278,1.169451245569808e-07,466458629957.467
11275229.00242877,1.16471877932645e-07,472764276686.9215
11296671.63090256,1.202494695111023e-07,463690707094.0852
10411803.34573433,1.18806206696948e-07,430823981748.7689
11030563.38076,1.137455137779993e-07,469866890511.8889
10547183.43876882,1.204362792657783e-07,432478922222.0867
11621524.46642328,1.051609510405883e-07,521627041557.3733
11729166.80591019,9.906226796556414e-08,547849981769.6497
11660434.55827062,1.008166040539784e-07,538302867121.763
11186926.36707385,1.019450380726679e-07,512625317494.5693
11148657.59995024,9.868065664450315e-08,522076995381.6357
11025685.87288708,1.007906312053155e-07,509087193010.9451
11618643.1505729,9.513678911768325e-08,557514824602.2081
12310611.76510637,9.244115348050157e-08,602147283414.1082
12283592.2271116,9.257728338097799e-08,600236548145.4569
11128134.1421366,1.065919569230366e-07,495000983488.5549
11181784.92739827,1.039227348360952e-07,505868250935.3608
11020581.62451747,1.027684993563826e-07,502301535285.7003
11673537.84332634,9.642939972996167e-08,555131903082.1758
12156471.77616947,9.340440321349828e-08,590512795862.4523
11468911.68953542,9.610026773833264e-08,546645541460.4734
10210956.65771296,1.245719049177418e-07,409373471399.0169
9799229.527288016,1.274225779764971e-07,386985184558.444
9948617.246883035,1.288996535645063e-07,389877544799.298
11120948.41240554,1.146365674648631e-07,471259057583.4556
11160088.92529992,1.110135263065651e-07,483151934860.7448
11241037.96773647,1.14162703193617e-07,477665181757.0426
10688943.49138506,1.219097826265644e-07,434752822147.3528
11007711.96738917,1.183048074478653e-07,456767780193.4401
11148491.67675543,1.216088101928275e-07,454191937872.3339
10697763.32439348,1.197787980305526e-07,440257082858.3575
11184543.0767509,1.130863670329412e-07,478275438222.1249
11016662.32100996,1.161736563935615e-07,462712890945.1826
9981804.457098069,1.216734963054062e-07,406516707382.6765
9669754.32469205,1.231023175040085e-07,390755069399.7772
9698591.865618408,1.256848890859609e-07,386533055381.2119
10970554.34466418,1.17035453436437e-07,458511548202.3862
10409082.72533732,1.194414808689459e-07,429182831406.4864
10538168.31098059,1.206034509864851e-07,431709866130.8293
9995042.595076242,1.188226141191142e-07,413541006843.0507
9743339.188640712,1.21386756882845e-07,397429666850.1339
10056564.98027275,1.199579389706782e-07,413456985468.7553
9732229.427215625,1.164625039553758e-07,408089032285.6136
9725383.964456165,1.162722648277155e-07,408246686538.3046
9651706.49477696,1.188656551514099e-07,399239204053.1361
9542222.041656904,1.189014686692875e-07,394631158177.5506
9631964.092653263,1.173915019870286e-07,401751106915.8931
9337105.936159678,1.208657397043849e-07,381953191610.3672
9496539.276782736,1.220455615055964e-07,385967475124.3923
9508434.6013312,1.200648128940051e-07,390689606778.5699
9303683.933570515,1.220258960684484e-07,378169887525.9163
10169962.54946153,1.165268260490074e-07,426286987023.1285
10754831.04843217,1.127730538829195e-07,460751436729.8723
9928207.367878916,1.171103143117936e-07,414770068635.4971
10873575.14780053,1.10990879160871e-07,470811973672.1849
10541477.66850765,1.109136859347498e-07,456644327969.2444
10134367.82587751,1.138185709962421e-07,431507064707.0875
11781745.1589162,1.006141888569529e-07,544632396614.9537
11504306.80814368,1.014779433917821e-07,528785272334.7233
11792927.25435673,1.043368227179283e-07,532104029783.397
11172391.67798918,1.071258320501179e-07,495317129304.1372
10801275.05244299,1.092418636996721e-07,472660117171.4775
11137408.39703026,1.093161864909252e-07,487148268402.2375
9211663.799976433,1.234344496850835e-07,371575572514.5453
9139059.859136155,1.256972236380035e-07,364209328392.4092
9403567.93813326,1.234527157148464e-07,379279090803.7739
8677162.343223987,1.326640715028487e-07,333586787970.5656
8458901.512795119,1.352943439480112e-07,320967363193.6791
8522052.598962652,1.353141505155758e-07,323332033341.2228
9640443.264763748,1.280948879637119e-07,379381198616.6691
9485656.753908698,1.299344149499884e-07,369758308815.1531
9335495.634282257,1.306679017700524e-07,362541812749.4596
9360937.007459473,1.264990352572961e-07,371473508089.0809
9608931.745531879,1.272343854528607e-07,379844151727.695
9304486.919159418,1.298129416518737e-07,362922395404.744
9098695.323656853,1.276161193865538e-07,358956729622.4604
9233752.435571102,1.265936716225938e-07,366243756013.8833
9177687.726852406,1.299078168003255e-07,357802266412.723
9709953.279971441,1.192435256778337e-07,400799589491.1625
9783852.310164342,1.166522578598959e-07,409808651102.589
9967236.346295444,1.179813113523015e-07,414348664927.174
9263927.503657157,1.227291977305194e-07,375113951959.2437
9477841.047027899,1.216573660874239e-07,386026525393.837
9326856.278619343,1.239673530234556e-07,375143188910.9374
9340282.644305872,1.211604961668688e-07,381463207708.4264
9635190.565624908,1.176869546531562e-07,401212780298.9352
9555070.916921571,1.200858267093283e-07,392560031546.7751
10284405.13346,1.181906864621432e-07,427028643053.8137
10692508.99545594,1.168611016933977e-07,447335097094.6299
10389298.44008494,1.200682202148384e-07,426875116759.3398
10348596.0712593,1.376908670739587e-07,388100926270.6813
10390262.57629828,1.40342340139135e-07,384740035141.2864
10653865.7471969,1.386751666011951e-07,397656502936.5665
10721379.28028114,1.32684893416505e-07,412132003162.645
10430723.50690008,1.357749051868483e-07,394852381127.8713
10737193.32718214,1.367617803565194e-07,404496041289.1739
9819549.921309263,1.325393398839666e-07,377741801222.5837
9389292.298406946,1.348324519888512e-07,357083599846.8441
9979292.658444149,1.353618292011653e-07,378531724081.726
8978002.057350639,1.311528110789748e-07,347798708436.9055
9105818.738984931,1.334120841952417e-07,348756428635.217
9383408.98355801,1.296420220707845e-07,366322376772.0405
9128443.623693023,1.406253847195828e-07,337562547202.1633
10002793.87456841,1.408307632651091e-07,369535611928.1159
9961912.442335317,1.381770151316935e-07,372722418677.0527
10563728.21150663,1.314148190653977e-07,408684021260.7673
10113128.51244061,1.316844578799901e-07,390717184371.4415
10275232.04352495,1.345059459803827e-07,391408857505.9689
10869813.12727881,1.197654240716559e-07,447370943416.5463
10606656.7658072,1.204036142319504e-07,434996236412.3639
11206727.26835803,1.169934996831989e-07,468494303505.8749
10183538.71064315,1.806060266510368e-07,318720912260.3973
9791292.287572535,1.819998894397591e-07,304877891646.0143
10173154.8398496,1.872376665365454e-07,310832800525.8019
10980342.26113874,1.809665900722694e-07,343202367731.2906
10480141.71239239,1.803466723298871e-07,328318281823.5773
10469607.66973892,1.869795839649797e-07,320184974837.2147
10529305.48901306,1.678117169594886e-07,346086670041.9781
10637194.16337272,1.635260231759807e-07,355715265369.464
10424563.78365633,1.730283833912646e-07,335721888550.7093
9167540.270700015,1.673077129949153e-07,301931796630.5619
8947826.564289562,1.575664877212307e-07,306719688639.1042
8853132.151934182,1.709500099383789e-07,287420358528.229
11034353.78764841,1.666915045318492e-07,364310140608.1118
10640981.77404291,1.617240589781305e-07,358480286061.7513
10651237.37214624,1.661699531468829e-07,352396618034.0845
8818429.810315508,1.552003328100148e-07,305348762117.9927
8649268.799448455,1.578646906093234e-07,296112035034.8987
8724424.419013537,1.685894652455301e-07,285879597893.4972
10798787.47322346,1.439010644686603e-07,393247215711.6162
9528181.508340193,1.498278952215082e-07,337765200405.1404
10204718.19612533,1.557906621320909e-07,352457481852.6193
8745042.697573017,1.270479429979903e-07,346032461674.2501
8835550.451077394,1.252186883589108e-07,353010408580.1206
8957257.107437357,1.24480961922455e-07,359285549231.525
8197563.406643691,1.413603281738036e-07,302087731606.1615
8391786.053517606,1.395246429922766e-07,311951532241.3885
8380003.558629196,1.381340278883196e-07,313600745129.5922
8771597.801258696,1.404074345159991e-07,324702256899.9684
8997045.743050754,1.456517263048642e-07,325004597318.098
9502463.44996695,1.383056599666121e-07,355311752117.9734
8439341.47485506,1.361155803368506e-07,318935846184.0321
8451165.596829517,1.375155381180023e-07,317211382837.3251
8433577.811434118,1.333033105726274e-07,323185027640.9482
8219019.357346687,1.44452156998198e-07,298540999496.1561
8466944.761086326,1.505354137921227e-07,299204145174.8908
8413494.526154777,1.426355635836693e-07,308194252187.2741
10744943.9536179,1.394626346468227e-07,399544887233.9506
9996166.982311944,1.38073714133676e-07,374190563144.111
9477608.836418984,1.454161649497891e-07,342733841815.4651
11637386.28852511,1.166825756608335e-07,487361755061.8203
11920677.13892036,1.213828904362461e-07,486253352965.4259
12138805.66568918,1.159860069021899e-07,510394000385.7604
10192349.17394178,1.161221363934233e-07,428217372106.5148
11073894.00041868,1.147660654641105e-07,468912021430.2821
11062874.81917225,1.116968344840151e-07,476987964961.8484
10846300.02062199,1.215061029851071e-07,442129559862.6641
11593729.96466227,1.227601878171104e-07,469373051324.2148
11314374.5395631,1.180629058873902e-07,470133904505.298
9043955.835423255,1.240183682752604e-07,363664652805.7109
9308020.352873808,1.248956123224339e-07,372528242235.0906
9445929.145923352,1.206181570662691e-07,386933404472.8502
11358372.44503452,1.331408928045577e-07,435620653300.6107
11604856.26788789,1.265319193245981e-07,460439989508.4282
10857061.78889774,1.252686464759459e-07,433661352070.7126
11620090.03774983,5.217025016357967e-08,832263561052.7295
13885859.77886582,5.065092910287884e-08,1014334424012.498
13527260.68362665,4.941662230458362e-08,1004525936197.894
9822967.999186547,4.869552202440049e-08,736631091181.6848
8304693.307492579,4.97716853138608e-08,613764879959.0725
8457360.92308029,5.107892708116362e-08,614337492257.7263
13279648.24200745,5.910943603040328e-08,875149053782.974
13434293.74818678,6.246645960898237e-08,853329799273.0084
12890691.54705327,6.04854830494264e-08,836582510453.3739
9840272.309128692,1.026586732407676e-07,448824633958.7539
10198360.80256802,1.015584900228619e-07,468510738043.2294
10665568.5347576,9.840892753130245e-08,500373550270.7375
15024150.07167826,1.022722992418519e-07,686991293620.7289
14333169.89983215,1.060678485410256e-07,639665717604.5861
14801711.93718558,1.04277978644796e-07,668113445597.4818
11043331.2130931,9.307732590287801e-08,537696858846.0939
11353806.18434041,9.335575797453591e-08,551714083213.8705
11147220.97783823,9.13146604846187e-08,549717553074.0652
11024583.34067853,9.423519844976921e-08,532377981423.2912
11071972.98839471,9.594615472315756e-08,528291108880.0769
11334796.48629855,9.45134866920043e-08,546283232036.8398
10882288.90980154,8.973129747803087e-08,542947227716.0949
10926154.53784148,9.217110207816096e-08,535472886382.9268
11029492.95856728,9.040835002178829e-08,547540841250.188
11762606.71384411,9.071789471201475e-08,582605975286.746
11880878.07520645,9.28198198699074e-08,579546194179.1432
11268103.90830648,9.285022674132971e-08,549535218642.5471
12219200.1543288,9.465829352734098e-08,588306524445.6157
12920310.03117227,9.476807712770796e-08,621581703652.1335
11803646.31870606,9.799278312891563e-08,555332971872.3473
11121472.5505608,9.413238254642851e-08,537447763808.5865
11730299.61141824,9.410100959733785e-08,566995461883.8868
11169069.76115778,9.584344800219685e-08,533304666731.6174
12218148.90151284,8.941799815211122e-08,611020036243.975
13103852.92977819,8.764829998524168e-08,664104891147.7386
12338683.04101443,9.15190634725615e-08,607567353664.2402
10933014.88414427,7.830688405894894e-08,597319432670.8811
11610188.3440923,7.900084953432486e-08,630596308490.1313
10772372.58029825,8.096614854595963e-08,575584440252.6384
13900823.90723193,8.475388020321352e-08,720444972432.1307
13649235.57448613,9.04901664391101e-08,677185116979.9801
13711316.14801018,8.650941922755057e-08,700976642716.7396
12724367.04088126,7.901505713693794e-08,691029014118.1599
13786752.48924811,7.673648179893673e-08,763473656282.1094
13500780.11101236,8.260973080453902e-08,711767345065.8163
12218290.07500073,8.692755636105257e-08,622642532720.7983
12339250.51841693,8.156193640202851e-08,656090520515.3317
13103999.13062895,8.515923103533178e-08,676990698046.2677
11367981.50782244,7.564353060462136e-08,635577963500.9235
11556623.92376688,7.387831113099556e-08,656376476320.0599
13073013.28855931,7.277189531283236e-08,750009179061.2393
13631471.36119013,8.007544446015866e-08,733741635713.9528
13633415.05338578,8.424521627236448e-08,709427180113.4747
13881534.13523322,8.221987606219492e-08,734152451797.0775
13446220.47387264,8.952159557591702e-08,671916055200.1179
13135039.04912922,9.546699527004252e-08,628824130609.9442
13442949.33447865,9.323179319786392e-08,653810468777.6125
12146130.1185482,1.097946430679715e-07,529725031136.0386
11648549.85274523,1.108847981349853e-07,504689019490.2249
12332169.61697143,1.072218439839581e-07,546408325712.5131
14323224.64533962,8.492399335573422e-08,741345288242.6082
14314161.59470295,8.075298189556871e-08,766173047574.0868
14148620.13087292,8.436757763138024e-08,735524313591.4861
13610955.26689535,9.425083051484454e-08,657201404357.5013
14084591.18990572,8.92450898333811e-08,705268832770.5249
13669819.87156292,9.246458379093489e-08,668517087521.4711
14485985.90818498,8.186667759119257e-08,768322021889.1184
14398619.46454666,8.012533598621561e-08,774713180708.8811
14407709.20900083,8.430051511091604e-08,749390383306.0903
14770156.83658513,6.952905459177755e-08,873522757788.0658
15150075.28209838,7.088241613537495e-08,884550126776.2957
15052790.50354207,7.158604672928929e-08,873101560314.4253
16327915.20985573,6.835241305298305e-08,976700707609.1526
15816334.61870586,6.989606877143634e-08,932117534764.6207
15612482.64740073,7.030977695786306e-08,916490895906.0111
14548907.97729513,8.873002478978627e-08,731335511019.0291
14959523.47224322,9.162759468423184e-08,736037998170.6193
14397919.07782545,9.289041481986644e-08,701970928824.4216
10471626.46723689,1.128335790138099e-07,448458127789.0836
10157417.65281219,1.163821722133373e-07,426113870220.2666
9972284.256843923,1.150482157623122e-07,421574879226.5142
11309682.62437802,1.012053600804246e-07,520772538524.515
11310379.84361901,1.039613410384112e-07,511559249664.0784
11314531.23647023,1.015260544986285e-07,519898095389.1952
5318966.750348524,5.578484147136694e-08,364320106304.8286
4851952.431732896,5.864634480067811e-08,321432091973.5334
5183569.169039076,5.932284527590654e-08,340785349711.9115
5671060.72278656,4.758299781316242e-08,431880004860.6783
5689308.459589034,5.186059554945604e-08,409104711280.3338
6213823.611074221,5.078360786181856e-08,453116509933.8842
4776514.074066629,4.77472381570017e-08,362921105040.041
4752004.990052887,5.575165614516691e-08,325615476998.5632
5214295.230352331,5.286722297404917e-08,370172897353.0695
8824842.197046818,1.147815786193675e-07,373644693919.9132
8648881.221455645,1.154745357543001e-07,364728009253.6788
8870220.50781488,1.191416148093353e-07,366346540580.2574
9707603.034235954,1.06330150129751e-07,432521523465.8043
9786569.877427438,1.053477262720963e-07,438746559212.0375
9415920.796604944,1.092258565848073e-07,412077742058.6851
9024160.682825904,1.10117989271819e-07,392796827292.5432
8686760.994513812,1.1321884355945e-07,371175010540.9957
8863104.941906581,1.125255329095065e-07,380263965287.3459
9263964.974928381,1.104590777473295e-07,402404315128.5099
9631640.074664241,1.06582554012117e-07,428459223540.1477
9097815.947402066,1.112660624594742e-07,393274089053.7315
9793611.242770128,1.038090549107126e-07,443390144862.6489
9442764.681931436,1.049021958687127e-07,424531037994.8059
9058700.961488912,1.073854548369568e-07,400961138699.3539
8281012.566289337,1.140081878199722e-07,352202754892.1465
8141071.087337039,1.150989545301368e-07,344059822609.7742
8254506.68983413,1.161753001445437e-07,346695806310.3251
5394461.539157981,3.79166709572385e-08,477963391997.2977
5643779.031196178,3.736876910203238e-08,504929571862.5505
5975840.762374882,3.660699394961153e-08,542029559524.8809
15871123.84360056,3.404759141676477e-08,1510834003686.61
15066400.46466544,3.308512897081159e-08,1461911061443.975
15895098.28788818,3.437719171927308e-08,1503429105276.206
15906386.18517867,3.719642446583039e-08,1427482279324.526
16010548.57001966,3.536830248969448e-08,1485924470897.844
15740524.46240839,3.692802227445781e-08,1419433876231.398
11277970.395815,3.507350063387039e-08,1052555182717.645
9199119.54751946,3.597538788120631e-08,844129878565.9268
10015260.0442394,3.442390957825018e-08,946430589426.5215
14232857.94893955,3.791137825242678e-08,1261185781856.031
13339235.85432402,3.562849704836391e-08,1231967591141.962
15172295.66819969,3.527129866933616e-08,1410707570848.573
13193095.96745838,3.922840694521677e-08,1142736958497.58
11112220.3338137,4.054846468580157e-08,941494746005.5636
12333273.13363341,3.69497672390809e-08,1111741655029.843
10019603.85985523,4.968855827354455e-08,741332353558.5743
9537369.072843509,5.290267484274242e-08,676773744126.3016
8668457.250925139,5.159724785211903e-08,625447393317.5406
9785023.567231456,6.028730530744482e-08,636421184757.8723
9615158.326352689,5.860979489567853e-08,637249698725.2607
10451752.77591386,5.792613742138559e-08,698135005903.92
11413446.67228161,5.970979902910466e-08,747113196722.6832
10223936.45501525,6.056207015119342e-08,662955432288.6526
10905211.20766629,5.820061252178736e-08,726132225483.3708
8838852.347304871,6.384263733950186e-08,553335668528.9943
8761916.007569805,6.31858867823026e-08,552313547105.671
9290104.457975559,6.2385387855673e-08,590607119085.9303
9033035.48686773,5.769375110189981e-08,604989539108.946
8230793.520291208,5.327772475377927e-08,581314639934.7019
9021104.64964292,5.715018059267449e-08,608015498209.5171
5697098.893814174,4.252856971135792e-08,467591463074.0393
5200175.174853763,4.112103085969263e-08,436491018061.319
5687474.358110302,4.011075201833489e-08,485376689623.9046
6469691.961789908,4.421321259335285e-08,517426763275.8576
6015502.050684826,4.329884659908917e-08,487851518032.3055
6005612.108044041,4.088405425715135e-08,506043644070.6005
9586973.363268431,4.771894904633989e-08,728709235754.1714
8266386.332705709,4.963856372622892e-08,612025560684.4082
7906754.456564604,4.505376146766844e-08,624468996913.8114
7237961.560718223,4.86028562446187e-08,543469376644.1351
6313057.161402917,4.522388279804475e-08,497348894605.0671
6778142.758895301,4.614488735615297e-08,526859705497.2
8456718.503175875,5.331448663616524e-08,596996410736.1257
9315207.501343528,5.461928817038608e-08,647085760328.4005
9124346.150087075,5.655503686824791e-08,619280720189.6162
7129249.049151238,4.747820132865246e-08,543727060697.3832
7722255.319659862,5.05618245699129e-08,564757921946.4589
7600633.816382789,4.993735960515774e-08,560487707867.0576
7055980.657192152,4.616005715705226e-08,548335659112.0188
7300272.366171787,4.467062285603949e-08,579861656046.8877
7645992.867097582,4.924865293993534e-08,569076935929.3163
9670724.951085433,4.322577787232991e-08,785170221167.9664
9953680.660134614,4.611998004031537e-08,773970301160.4165
8240096.352502966,4.344627766997125e-08,666751356077.9962
8403466.172795139,3.865303197793355e-08,735082491814.2234
9276659.342546398,4.134816839420645e-08,775807709773.8418
7876659.80780977,4.158640616345952e-08,656207457255.7339
12872501.86035515,4.140287427668125e-08,1075579795170.38
11117309.44261933,4.561472450023157e-08,870822530063.9456
10818155.4415432,4.271649975672775e-08,885297921900.1934
12604412.60816629,4.980711425696775e-08,931097208695.6108
11197831.83826301,5.482265273671534e-08,775938397920.1179
10534310.05114238,5.357078769163827e-08,741288748745.3724
9004269.165887285,5.593505732028407e-08,615638461184.9562
8906390.704020876,5.020193717574924e-08,654467510934.3383
8203335.334946563,5.155213096435541e-08,592233155107.2006
4593686.585706597,4.07904674921702e-08,387664089364.0222
4311651.541933876,4.15667482096008e-08,359318535613.3322
4353925.239781704,4.100407119274976e-08,366153324498.1827
6648584.07656381,3.553165353106125e-08,615156408470.0741
7639936.939142207,3.445761629166795e-08,721494381604.757
6780170.879375163,3.543899324120645e-08,628424423704.1041
4800013.786432995,3.986992720967046e-08,411287511762.5676
5693186.437560745,3.734409857801022e-08,509574185421.5776
4905346.406512097,3.903821763948207e-08,426261747696.8325
4574970.928596114,4.078364667934599e-08,386127708982.5126
4880029.353768796,3.982871797976263e-08,418431992761.7934
4467741.186524091,4.276631504224741e-08,365331219150.2078
4789088.807350804,3.963899534637504e-08,411943636096.1036
5343611.361053054,3.81456141502205e-08,471561626371.2897
5101090.406033278,3.866585952813439e-08,446112687352.6134
6095492.776255758,3.765029018619048e-08,542621006204.4222
6693856.436445052,3.860833429994876e-08,585988397460.2354
7001891.797941972,3.730363740818123e-08,627164221127.5607
6964566.895800456,3.561017530384876e-08,643444915021.8606
7547991.600629567,3.600862854595961e-08,692192709866.1555
8546078.147126215,3.424628389513563e-08,810384684595.6011
9771572.600834403,3.348031646297824e-08,940671732455.2994
8961433.357921351,3.350999934266062e-08,862173228319.8253
10265732.61896176,3.277744612227429e-08,1002320332548.733
8230253.118763166,3.62459239907477e-08,751462088330.1804
7298728.508894623,3.617609722140756e-08,667266622400.2314
9003158.091477146,3.471028427302304e-08,846102079744.1559
4452121.909915708,4.042469978758317e-08,377980311838.4585
4653954.664839434,3.965223059435042e-08,400230701110.4135
4749928.018668991,3.979472099645178e-08,407508544057.7822
4255183.74306135,4.27836378984002e-08,347856277228.6533
4311346.651578277,4.357343336114812e-08,348175672028.8615
4403965.185228319,4.18603170946965e-08,365293715922.2484
4557701.482409214,4.114313905962892e-08,382426161353.2917
4463471.707523623,4.285949759412509e-08,364452893320.9335
4875567.178988518,3.992447406401831e-08,417380680038.7098
5771850.400758838,3.72192102686268e-08,517770095552.5697
4872266.148691454,3.973987679715409e-08,418388744676.8359
5200736.328186016,3.85117123580872e-08,456040013562.0952
4570339.175656262,4.017140867460172e-08,389646150922.7228
4318806.754150267,4.191649072197703e-08,357909995970.9351
4468686.829968555,4.10103356745953e-08,375766192187.4164
9014473.977674168,3.40379972786331e-08,858284079072.4282
7343329.056553599,3.506036978768884e-08,685512420396.864
8237044.732999003,3.408914444603252e-08,783478993543.7352
13352468.07116132,3.303373849496911e-08,1296949493360.605
12344987.41040458,3.43412737776814e-08,1168457852248.572
11022161.18416732,3.368090541418759e-08,1056844080486.207
6095869.660518228,3.753304373941644e-08,543784072086.4888
5785742.140777138,3.868626956679514e-08,505810497429.5674
5293860.501612024,3.902228513442908e-08,460147811738.1337
8684238.925736524,3.452182646663352e-08,819098102930.4905
7011866.302437853,3.599912131718548e-08,643140254315.2977
7045572.184282807,3.55317661277137e-08,651886127076.1594
7551486.391690657,3.712374684629993e-08,678575083989.0988
6336025.973188313,3.821578502326038e-08,558455310862.2129
6660378.593658824,3.705085100220726e-08,599285069635.4133
14436857.23992228,3.31383268809598e-08,1399326128876.26
15224809.73819504,3.40750169282835e-08,1448531088574.83
13388478.39490485,3.444711955548782e-08,1264627477636.235
4465424.366902548,4.083443156816007e-08,376569430566.0513
4763949.468206615,4.088471907182652e-08,401414572197.6975
4708195.435335993,4.062903043695685e-08,398379372237.4614
4207531.675029375,4.233418131900575e-08,346391013951.0807
4258406.528992408,4.13668336543046e-08,356023718936.5932
4216600.251421071,4.195519004300768e-08,349224980594.6454
4782230.85598396,4.007038812234586e-08,408396023342.0703
4782513.018130517,4.074553045526888e-08,403895960904.9117
4483397.455369729,4.069422819950715e-08,378953012250.0511
6206519.028577005,3.648672076422974e-08,564189330976.7614
6174886.23659433,3.69370682360057e-08,556742035522.6414
5265460.382778138,3.829205506148216e-08,463479539019.6791
5519356.146040949,3.940967969243698e-08,476599023856.5715
5039475.581052828,4.042601447708593e-08,427836724213.2475
5039185.937738629,3.974536062453457e-08,432682591475.6183
7185756.20804177,4.105067513798868e-08,603845187389.6011
6462324.18562503,3.921124950291998e-08,559905782832.8153
7689310.405426866,3.812975968938619e-08,678752352146.0315
6941383.658835096,4.252390192297753e-08,569758278121.3303
6703224.172661851,4.402195240285078e-08,537655645406.2469
6230688.314527729,4.068374369682989e-08,526730847861.8083
4800784.468247078,3.557268480180925e-08,443848182547.547
4958178.210258829,3.910680855240704e-08,430348753032.58
5707456.859441473,3.857534145801226e-08,499922616676.7629
4337811.450410384,4.092139000054676e-08,365289413459.5185
4286463.046348404,4.187351389296479e-08,355472612495.5551
4537065.18340733,4.015561448041226e-08,386910784124.8372
5001899.584423112,3.89394308329459e-08,435386777887.109
5889190.476989386,3.759356866592039e-08,524783169706.1417
5101377.941294261,3.90880644712642e-08,442919420080.3326
8291984.595104637,4.764697742715468e-08,630911218037.0415
6664675.472678944,4.560323803561978e-08,522133894459.8899
7614119.961772873,4.897319081298423e-08,568827757551.5449
8035386.764411634,4.57825981606912e-08,627874957622.4125
6655110.493464805,4.152759915000493e-08,554963032339.0626
6434838.899049515,4.37382597675775e-08,518358246540.7819
11140474.20911707,9.715449601661202e-08,527142957382.7355
11299269.62284978,9.90686656493795e-08,527747473482.7993
11404104.72397819,9.572200976854605e-08,544987646254.5165
13931630.34475333,1.071855885405517e-07,617415713040.4408
14277713.99737996,1.095114193394065e-07,623762228809.3633
13699042.95064661,1.111064991834594e-07,592739566421.2343
11417616.34140339,7.613409390989696e-08,635607953952.15
11202224.2732419,7.519850789767912e-08,628779123952.2018
11163706.58962875,7.786396163393691e-08,612233960312.2225
11417450.3950716,7.060832847648366e-08,668341629350.7715
11265501.63234589,7.338470899854769e-08,642707671677.8094
11481498.28788541,7.431986342147158e-08,649524140371.0779
12727155.0885025,6.670664074648443e-08,773781999441.4946
11915057.22486,6.816102694573317e-08,714066593510.7712
12542733.58958678,6.877215727080958e-08,747223346616.6376
11360285.04123031,6.682632020564201e-08,689854545414.6825
11415254.12015703,7.067637409566277e-08,667784103827.5469
11423264.31810728,6.856205191829897e-08,681921455158.6957
11445257.55395642,7.344494840919696e-08,652605831247.6029
11437065.22679727,7.314405241832196e-08,653925971024.8859
11496489.53929883,7.609522297629696e-08,640216681364.9086
12671670.441307,8.484463394310416e-08,656272615402.1246
12695672.2749183,8.311735588291663e-08,666593728955.7175
12022225.72356926,8.530732170403004e-08,620384120623.022
12491290.24969295,8.853828790344632e-08,628810647265.8749
12555720.53467843,8.690773412751295e-08,639935234059.0861
11658714.96610912,9.020846096705283e-08,579632198448.7257
12698916.7064264,8.724796413207328e-08,645549883001.1168
12471450.11042276,8.505150627278015e-08,644855310670.3016
12763879.56910607,8.561813604740365e-08,657060740304.4786
13473891.89931734,7.740478522693421e-08,741847297173.9376
13009191.68228355,8.041279404819596e-08,698286336902.1208
12780569.0576438,7.923276318090869e-08,692809216857.646
11845219.88308561,7.688292198720424e-08,655123542541.0618
13172513.4084105,7.651912832319909e-08,730839435136.8162
12487091.37836443,7.834924010450792e-08,681979673593.8765
13584345.19450304,7.099199694118467e-08,792317254687.7767
13711030.88992493,6.731419992471625e-08,828575937884.4884
13071208.68628353,6.946046910997928e-08,773553948037.5669
14102182.59786661,7.499828729685821e-08,792961502453.3784
14377427.04187022,7.280709508996838e-08,824578556706.5145
14539703.94786446,7.480537140379707e-08,818968204906.5153
12515532.23575922,6.629170364701736e-08,764087690127.3956
13675359.57728677,6.6015402692762e-08,837224450714.5059
13982200.57459827,6.768200251613972e-08,841899131089.3364
13996420.42610979,7.748255322894369e-08,770101017495.6895
12730214.92085609,8.049986862550757e-08,682819038014.1708
13100893.20310482,8.068386090478178e-08,701632652001.9896
12229327.53431468,8.679995572767185e-08,623815614110.4531
11508136.53615119,8.390368878044234e-08,600460305221.067
12125255.80298256,8.462297341932902e-08,629069634525.6113
10260600.50492181,9.863160974594132e-08,480649724740.4426
10834139.90662787,9.622667836889218e-08,515937913568.075
10599759.5621373,9.469578249269174e-08,510202116731.9033
13968329.19660738,7.004481571238177e-08,822041602106.589
12585325.6683821,6.73020920899353e-08,760639279243.3453
14055964.68608687,6.868909415984234e-08,838047814705.5858
9747407.810144901,7.41916942721624e-08,552059147479.1493
9972261.664985059,7.25431842570213e-08,573318455616.6896
10660632.06135402,7.526240351147964e-08,598040917145.3688
9439763.841017496,7.676838120211275e-08,522604174219.7045
9440729.562440794,7.543656540290806e-08,528791281183.368
9628589.996648323,7.726972139742133e-08,530749747779.2102
8618067.024421712,7.285654400048848e-08,494042324537.6393
9458926.76804675,7.194170228620122e-08,546833009989.2304
9239970.123095362,7.359019780308254e-08,526167379785.0465
7490481.59050941,6.659765585667358e-08,455900895982.7016
7863149.68506429,6.894628442459853e-08,467651823379.8159
7920900.27693772,6.69929720775492e-08,480199513177.772
11474802.06160494,7.47625205276111e-08,646580465643.2225
10760198.7160014,7.204214869342723e-08,621482904709.0004
13043838.22077782,7.220173783375152e-08,752269815924.2554
12133131.55832037,8.273013683517765e-08,639043484897.2233
11553878.24769694,8.085532455695899e-08,617905465856.8834
12221763.25497906,8.038678897731363e-08,656161501888.641
9926965.977948962,7.71845394844736e-08,547599431477.9119
9736202.761831095,7.535200916733083e-08,545749129832.8524
10648913.72090965,7.642275322943637e-08,591321298471.4906
7894611.510853207,6.344465706910024e-08,496288327222.4517
8853836.993666712,6.084109637520894e-08,572356783367.0842
8485049.093987174,6.279457564880467e-08,537080774078.4398
8257294.381174591,5.116182840988317e-08,599156667710.0829
8608884.999416841,4.783606587237549e-08,653295905415.6039
8725693.473920126,5.184546771547117e-08,627566021429.3868
7607165.532729407,5.60932620086326e-08,519137501222.715
7903535.27559358,5.385508311503747e-08,554204773765.0018
7945457.997237832,5.70434564421598e-08,536185478161.6539
6868976.075174118,4.415510408515965e-08,549842191440.9242
7087595.512629197,4.279505781957914e-08,579299534498.5568
7576655.389246263,4.861446684587483e-08,568809947843.2189
9115292.205763686,5.067950481282397e-08,665603637564.6334
9214308.777392492,5.641229533235475e-08,626441106109.5726
9020007.476495476,5.346249330276973e-08,635585662138.8484
7631640.966548264,3.944958384664078e-08,658551353215.7777
8678640.605749058,4.546129056259472e-08,681329505953.0469
8469807.873106617,4.423553006090502e-08,677162243612.2524
5512033.083761754,4.277376613900958e-08,450671562833.9708
4966176.007574778,4.110973863261084e-08,416925985209.4409
5023432.726435149,4.137216676951485e-08,419947576677.4771
4818552.76086036,3.152400397155188e-08,482861267023.3718
5726829.002821294,3.449119545474781e-08,540474718861.657
5030602.908346027,2.297107825310192e-08,622537881398.8887
4471870.044669795,3.601569601494579e-08,410041644052.5327
4340847.434431941,4.032444099834012e-08,369143833861.2966
4623820.653372533,3.953447252366301e-08,398428455635.7181
8155897.053923374,5.334191281612202e-08,575562749440.0015
8621451.146054713,5.401602194810152e-08,603344428800.4021
8198482.939502453,5.651735458220838e-08,556688539007.9216
6174512.506964359,2.958730831112481e-08,645454604300.4421
7807791.269472784,4.083537722675295e-08,658421211182.2219
6987481.834016775,3.833853716573911e-08,614559117897.1854
7233162.061237213,3.845390297070409e-08,634894032332.0107
6853604.304655096,4.021535885934278e-08,583881068842.0106
8253351.218169192,4.444747857923845e-08,657757144217.6343
6179660.592765122,2.884614085783487e-08,657011255401.9308
7009400.517190995,3.531134307216448e-08,651235478066.6296
7813580.202395304,4.006839542203998e-08,667291265656.6309
5582559.571719998,2.399570251216841e-08,671033785449.5117
5302359.367491489,2.068556737296926e-08,703651363836.0952
6372489.382318903,3.043184779210265e-08,653767868221.0504
8798084.555520339,4.715853297567248e-08,674033177242.1952
9010901.424551824,4.839329204175808e-08,678544176413.5262
8916165.317102211,5.114879025130852e-08,647074871317.9535
7852756.569832581,6.687519002743494e-08,476627155233.9521
8467314.209462896,6.549691378174932e-08,521112853160.1494
8351896.526125615,6.700975734667196e-08,506243828154.8351
9348094.113993844,5.901423625391469e-08,616715999423.9246
9515594.111523813,6.06843915723917e-08,616194627628.6743
9360239.185218804,5.95441615101752e-08,613847969893.8523
12930492.50205283,5.741196101702466e-08,868854015493.5806
12573631.33896743,5.501532396239798e-08,869237137249.7529
12968684.59158584,5.857070353321587e-08,859888816958.2938
13443218.79612825,6.15333408700554e-08,862507612747.8794
13148176.00379017,5.903819965976138e-08,867181701860.2834
13186687.99546356,6.020118550555036e-08,858484321854.4763
12618443.5712169,6.114986229199524e-08,812971774623.2738
12281037.18909255,5.997391316213511e-08,801542931926.0543
12800703.35333333,5.891961338512366e-08,845396750703.2291
8209983.503460275,6.403217401628835e-08,512952069531.2734
8284462.618197504,6.469866728718083e-08,514044582002.2729
7123460.96994163,6.580691708138182e-08,437028760822.9656
6114197.369567197,4.203172993751088e-08,505771799451.6252
5701520.342467261,4.386933267652961e-08,458370500076.6732
5226374.291100513,3.706975965014475e-08,470096836611.2984
7734577.593342299,6.021233883801573e-08,503476961698.043
7400646.524636699,6.329314500380183e-08,465977783097.1552
7079477.163582532,6.265250387180359e-08,448789027760.2502
6102144.144888382,7.001196515396069e-08,359225879732.8
6382002.59661284,7.069887295539447e-08,373263321374.7734
5702802.470359894,7.110579134729173e-08,332265318908.7531
11186513.86144984,4.813741449981395e-08,845355906878.451
10684339.44651193,4.964886066257674e-08,790936260261.0432
12770372.2553559,4.840634629987242e-08,961469152044.2098
15482032.49936339,4.465774392158236e-08,1229976428893.237
12328049.85836288,4.688504093635939e-08,948137919124.1089
13988149.1565176,4.715956569405061e-08,1071635412695.921
15159279.91235467,4.389905168165446e-08,1218171626550.454
12781738.9413415,4.413415496525348e-08,1023465951968.039
12040225.92720659,4.613093258453352e-08,936066019395.483
16428710.41863548,4.147150961195608e-08,1371208757343.756
17155113.15787509,4.265717589335745e-08,1405180735885.202
17924468.50263275,4.254782182116744e-08,1470713454759.129
15595349.62285113,4.117281199526523e-08,1307940825695.721
14570792.5197982,4.137146122094225e-08,1218099039154.495
16303290.75739895,4.236120877484396e-08,1341620578702.969
12753055.43320476,4.21532154175685e-08,1052916121846.659
10780164.83939786,4.405974330289813e-08,864166500127.5702
12064288.41413735,4.336981197569559e-08,977334774225.1204
11598744.48498805,4.444189047990561e-08,924448306867.0072
10340344.68217416,4.513427513562971e-08,815700448279.6334
10892904.38929137,4.644235524294476e-08,843077568449.0065
15690847.93096504,4.283166771504501e-08,1281749304154.614
13992124.83250666,4.184890659804312e-08,1160809429825.698
13270219.83583747,4.306389792015463e-08,1080113081443.972
16587152.6649338,4.160391038028099e-08,1381494224753.312
16288888.22346009,4.120755998926061e-08,1365337997216.185
17778406.55616332,4.228413378609647e-08,1464787216870.38
6326430.542835115,3.882730755193678e-08,551739267293.374
5303546.133892776,3.241205351323089e-08,521709389236.2063
8706276.303125624,3.743239163710479e-08,778037856142.848
4600408.986779457,2.660815084017334e-08,516162735388.0555
4893334.650512069,2.324877395107918e-08,600719248289.2676
6068136.12179465,2.821591927708227e-08,654725382865.7439
8371576.613610814,4.4473392232626e-08,666920015488.4224
7859657.06567983,4.620449729906044e-08,610399399279.3059
9082925.186871743,4.509131779683327e-08,716963618650.8871
8988430.574532095,4.609782203699942e-08,699139109504.297
7771772.865983841,4.720458813974144e-08,595018713277.2031
8011705.151922248,4.848131558104097e-08,602571648312.9792
6212046.051846894,4.544126956040381e-08,487829091454.5997
6084940.723580902,4.654758140133235e-08,470245814267.92
6832523.405896745,4.668906256935732e-08,526951961350.3189
5655031.235214878,3.8053516260636e-08,499848599178.0354
6213446.107002486,4.286394710391162e-08,507307281125.3038
7311887.226540407,4.236958866970088e-08,601626077692.7593
5105459.335958347,3.774376397460779e-08,453737509531.1421
4973041.519287553,4.110206861407323e-08,417554304560.5583
5636701.68405927,4.254795196746359e-08,462493830764.889
6009465.611864584,4.752841353641678e-08,458001579349.6389
5909825.029584545,4.936432363766466e-08,439169828347.1771
6752532.166030231,4.767189587895122e-08,513600036277.5545
5106262.687538758,4.311042650236533e-08,415318815441.3077
5655910.819788435,4.565285274722627e-08,442782660901.731
5778476.935763014,4.454885581330405e-08,459821225670.633
6099957.390712332,5.096284830861843e-08,443769727669.9217
6573581.068443771,5.265267648476019e-08,467938079407.0903
7182748.932335296,5.054484539305855e-08,525419400563.9773
5311118.082945634,4.755964341142902e-08,404600949329.9023
5557895.25908071,4.933670238419004e-08,413171426107.0346
5654536.10248411,4.749952865629195e-08,431125900531.2702
4524652.676263075,4.225793959033075e-08,372946356493.6187
4608900.777055719,4.325908629383088e-08,374006483085.0162
4537220.054554146,4.370769594118243e-08,365665988612.7861
4832274.594578147,4.533443824396291e-08,380072207022.1049
5061610.693752563,4.647470499074404e-08,391571412665.1662
5127680.277278999,4.998506527675989e-08,377885965173.0134
5016534.213372545,4.693378139474992e-08,385549443927.7264
4787390.501989304,4.516453953682168e-08,377485663808.7013
4943125.005156506,4.869335055736711e-08,370699346663.3458
4525172.426099458,4.051491225589839e-08,383611716916.0903
4539302.118162543,3.672871738607152e-08,410820317270.8347
4609425.343254081,4.150779959839414e-08,384497609857.2935
7920892.049429464,5.357795134784301e-08,557335481297.6996
7395748.807709725,5.585010327416928e-08,506173609507.7875
7995909.682366521,5.510689961250855e-08,552158668609.5433
5158523.008090534,5.135015936875373e-08,373391282837.1309
5413882.034174906,5.400023399027341e-08,378946901783.2814
5478496.800684229,5.138436893364523e-08,396376039733.4632
8538526.320848869,5.680956960716978e-08,577788094481.2838
8415259.9503434,5.946144274430631e-08,552387583103.6244
9640232.843329376,5.847766466817821e-08,639873576843.5514
8387187.761793784,5.252919402241455e-08,597974329756.5769
8464376.800879588,5.405917667437473e-08,592036801262.7988
9278954.192124715,5.165807570819817e-08,668970367934.9762
10195090.38789717,4.884452908517047e-08,762981127850.29
8802898.662672883,5.122584143165486e-08,638213963382.8497
9715946.623670429,5.035427733320525e-08,712515323147.3767
7611747.986818246,5.083799222762195e-08,554658246203.3984
6984255.117191155,5.294850150526364e-08,495318229896.6206
7757937.21737951,5.214157619055581e-08,555848993716.0109
7381482.023190868,5.72433130776686e-08,496966436323.0836
7861915.279328252,5.915264893453524e-08,517859833932.9609
7981075.043205852,5.650105431039851e-08,542030460297.3688
5792779.199024684,5.599438264116864e-08,395783180803.6376
6236631.860384056,5.761879128786632e-08,418061986635.594
6323985.552850572,5.507431173877734e-08,436875962714.4792
6875906.266134505,6.614787805155724e-08,420390283503.2104
6530873.855050026,6.690672962980112e-08,396270211944.1612
6502321.182894166,6.925440686371906e-08,385570212683.704
7079544.735128141,6.130428415489782e-08,455349411886.4528
7400922.875674863,5.794793182651591e-08,494227892106.3669
7734648.222091604,5.888808878446111e-08,511001600159.2983
6635674.537812751,6.581984903337609e-08,407049434430.2266
6809208.70290227,6.407174596119696e-08,425257785276.6014
7124256.533226265,6.470214299015179e-08,442038848849.4245
5972713.085801673,6.367851430783306e-08,374549916555.018
6022632.995706265,6.065126912410307e-08,390145381869.8022
6451740.691969954,6.28255826026093e-08,408243445618.9597
6718325.136994389,6.140145718626606e-08,431660092313.8819
6280290.877749104,5.920824840589875e-08,413420127700.5338
7031489.285388163,5.800270626497012e-08,469261741364.5263
6140446.579510308,6.883350556325626e-08,365594818691.0856
5990893.521531793,6.841033724730815e-08,358160026223.813
6276976.864352253,6.749684948515419e-08,378641483742.1993
5628220.115536977,6.423876043216833e-08,350891600711.0463
5300676.017383058,6.17561264462086e-08,339269299445.8182
5664534.298590597,6.416751349270975e-08,353416973706.4158
5458599.242431372,6.901992638675757e-08,324412975339.7782
5235215.385079538,6.631055751414773e-08,319555356006.8152
5241647.671305218,6.880102672707107e-08,312179618825.2292
4711748.34660306,4.414749818409096e-08,377205504688.1802
4939095.824282886,4.591131598574837e-08,385213020148.8116
4639269.142699882,4.461537909857538e-08,368801922866.0555
5087449.496266847,5.726252810940522e-08,342441532789.0306
5034667.56745772,5.240713177417717e-08,359509638943.5499
5174250.102452748,5.353252405846377e-08,364280230777.9579
5417672.072209556,4.992500967261109e-08,399577116785.6955
5174063.391797072,4.814738007155308e-08,390945878151.9092
5099506.280015944,4.987990235197364e-08,376337707081.1653
5334745.182115358,5.158640216804585e-08,384967015494.9902
5267350.514481416,4.809768878495107e-08,398268612177.6359
5661152.824061616,5.176221865823576e-08,407595728046.5714
6114027.976701359,5.257889249101928e-08,435632025057.1729
6022309.761371446,4.944409769030408e-08,447047275816.171
6850938.983253294,5.431652971542577e-08,477670868737.8491
6138999.122086701,5.750337838261572e-08,412067785906.9548
6143315.589719879,5.459133953482939e-08,426894269999.6253
6881939.334681657,5.630558790279165e-08,468464308488.275
5789985.052857592,5.689858724286232e-08,391390055704.9502
5463900.152792699,5.378871235884301e-08,383449923857.073
5794177.047228223,5.395936609304548e-08,405770560994.1299
4964556.021018528,4.962796368786667e-08,367617444622.5096
4808481.589155698,4.613567539202834e-08,373809242960.2064
5103169.920349181,5.075034360257236e-08,372289428876.7313
4711999.981666763,4.219509311906734e-08,388774090142.6276
4641097.841458522,3.74397971730404e-08,414697801102.9022
4938497.316857692,4.334121084900886e-08,400246425423.468
4758393.014492416,3.588968144820972e-08,437334669169.6928
4898685.523529505,3.553507751888882e-08,453218938089.5054
5359024.092713038,4.234483112849969e-08,441115284323.4948
14634699.69364157,6.994582537465526e-08,862070165962.9945
15531211.78977995,7.142276262495776e-08,902223729868.2903
14157545.23226318,7.187481581005595e-08,818974025620.8173
12783289.97705347,5.111002912664983e-08,928193568754.5094
14217337.45299938,4.935188768280556e-08,1056693637356.427
13925612.15652322,4.838645695888772e-08,1048733353575.317
10671499.65342264,5.637363736197349e-08,725840866484.1458
11712028.91775446,5.330972552993824e-08,826852108747.6519
12041755.73501372,5.236496362645082e-08,860325130904.5087
9746120.678659273,6.464093576826405e-08,605099361577.1687
9511294.792071544,6.389808993664893e-08,595087815578.7064
9781428.615978479,6.220335541579595e-08,623055042138.2971
9453709.980453657,6.434692451092505e-08,588731236131.901
10156621.27466715,6.238562921867607e-08,645693208933.504
9863189.045016892,6.058537798364057e-08,639399279733.7788
8084656.760199768,7.116602316589243e-08,470774706459.2459
8771922.638698889,6.777252871422098e-08,527706365269.1249
8523110.630908176,6.893309206605082e-08,506966916536.2152
8413404.900488047,7.388492851759196e-08,477823918091.6729
7997946.20395404,7.269351751533061e-08,459178300044.9198
8434073.582954984,7.046074875795492e-08,494393269437.1836
8204828.679799202,8.254062900706156e-08,432803736167.5358
8172885.218390813,8.4992887099435e-08,422785753945.2296
8463894.14857995,8.481002011052199e-08,438468884179.5536
7913122.471124087,7.529226253644575e-08,443793552794.9885
8119185.871385066,7.925624124037499e-08,440037986877.8057
8295162.253046518,7.808494320022529e-08,454060112844.6384
8266649.440695208,8.048674704609362e-08,443451986041.6726
8124216.199844095,8.391215895473298e-08,423868889637.4507
8156064.501472427,8.14606807478972e-08,434025548892.714
13977193.82502775,6.551875480776601e-08,860022006680.3038
15698103.41256464,6.530512975484766e-08,968015522062.5797
15406580.3654638,6.183023381013515e-08,985308723449.381
12948236.60443914,5.848842847920167e-08,859337950444.8105
13159441.21545662,6.350771332713533e-08,826709886338.9895
13941026.79809056,5.859775634638677e-08,924075459566.2062
12126372.31556666,7.375090530427367e-08,689529198090.0469
12845166.76826347,7.42897481886706e-08,726865109907.873
12776546.04939466,6.969984688150684e-08,754383617588.1058
15231221.55226963,5.697409720291865e-08,1028686642594.886
15864758.12069133,5.820059551674729e-08,1056367836026.726
16708947.43563794,5.566373195251487e-08,1146130877175.094
14739238.01865713,5.406247573976651e-08,1030887037758.142
14951739.49931556,5.593945469991756e-08,1022224383507.042
16416160.2494701,5.462969152713546e-08,1140212376450.32
12268350.76618157,5.937702415497739e-08,806072117988.8228
11227776.03870858,6.21540128144995e-08,715562587491.864
12473958.37936063,6.440018803601306e-08,776389286205.0985
10332271.44000714,5.831008228503378e-08,687121235849.3838
10632549.7350831,6.011003920533353e-08,692903489877.5344
11356516.56083996,5.524635028931788e-08,782905619021.5153
10663089.49008408,6.468590297999867e-08,661723600346.1267
9993347.294533748,6.950211748418659e-08,591169867738.4045
11878365.04340046,6.6932700533634e-08,720550519950.0414
11806179.61681014,5.492115400347883e-08,817114561864.3049
11067785.41817593,5.978383443116844e-08,723888292495.7104
12101084.52912821,5.700870384266363e-08,816952582505.8428
9335523.656248892,6.655202138927148e-08,568457302500.3556
9384742.618275363,6.940674836776951e-08,555675480770.3132
10034106.39808178,6.459077874640195e-08,623301762136.806
13348891.40492392,6.981744572112658e-08,787292104367.1346
13090828.45725621,7.18869960208596e-08,757181930387.1696
13873046.86063346,7.030081837198695e-08,814450947349.9094
14226893.25084218,6.624105902404398e-08,869010908617.4294
13631204.23742237,6.840216505465241e-08,814993839878.2993
14160820.23245459,6.889096826345044e-08,842649337557.3911
13166865.6730399,6.616500528205304e-08,804878210882.6555
11904695.30417136,6.955747042740367e-08,703864558387.4565
12966083.54448916,6.852589182928098e-08,774293626891.4219
14118301.60856687,6.528563349205781e-08,870771167337.745
13729961.54572668,6.509141416346025e-08,848503261853.3523
13524914.70563683,6.745469752445821e-08,816193381558.3428
13466223.454487,6.30022418789787e-08,850501624753.1696
14211104.68881429,6.437102387971933e-08,884777820826.1921
14250848.88883813,6.49788353140343e-08,881710717507.4163
12776039.68013301,5.618117153256151e-08,870968385394.4664
12960931.85756113,5.286039646083846e-08,920200821390.137
12834133.60906804,5.403861804204654e-08,897905021090.8606
13833507.76571286,6.280619877777453e-08,875515781156.3171
12961317.29140718,5.948317789062404e-08,850588879393.6598
12905226.47641047,6.062549661924775e-08,836235802945.8053
12781573.76747578,6.046107422443568e-08,829724202035.886
12363511.4870569,5.809992891286454e-08,824185119836.5272
12645845.92213845,5.850600430988212e-08,839101041533.351
15525971.85283708,4.968981698257082e-08,1148719155067.879
15847024.87385254,4.987590483655788e-08,1169554725056.214
17435408.1884539,4.692298507465878e-08,1340216717478.929
12530615.04580949,6.148004185254276e-08,804420170608.5067
11518836.91291074,6.489019655558093e-08,713327942165.6277
12997073.48969441,6.381850129538798e-08,813856507766.783
14553760.71121333,5.211558048646564e-08,1043110163856.444
13499197.8499478,5.662309747893108e-08,915473014755.7456
14864651.60130581,5.230053891588775e-08,1062879323475.778
13250243.1187517,5.242032292212371e-08,945999090584.028
11039272.80405865,5.394062254085132e-08,773267628416.9337
11107566.77020373,5.649593645487872e-08,754410037461.2556
16987721.69747843,4.632792779084552e-08,1316961930128.549
15804576.69601193,4.880493911310677e-08,1183423942496.636
17730574.30978738,4.603327771783671e-08,1380410339564.937
18870433.39365067,4.301702309461291e-08,1537051100538.957
17755646.39332561,4.488077913854309e-08,1405927402007.741
18514925.97748654,4.458685607549193e-08,1472484549623.566
17626234.05615739,4.419332364300953e-08,1410116809207.842
15302618.78656974,4.680287692696798e-08,1178286023850.695
16862575.39472288,4.55617248018989e-08,1321875236575.199
9850315.782552933,5.980960525595835e-08,644074634894.7744
8611616.472946122,6.079300780977469e-08,556991959233.9171
9343237.824258573,6.213609302957036e-08,595572690535.5127
9924011.467622958,7.596083928009834e-08,553300107273.6698
9446800.297872748,7.511405741774637e-08,530644808951.2516
9082018.427020969,7.61396410706336e-08,505562859921.9694
10156979.90856734,6.323177382775226e-08,639942592863.6909
10820187.09378378,6.474512402213742e-08,671063151706.7379
11801457.5301721,6.133585952505054e-08,758797708632.6107
10640649.46643697,5.962556065886741e-08,697182513955.39
10113357.84489839,6.195191660372669e-08,645940045668.5168
11754432.88660328,6.005600463179577e-08,766473933409.2802
13682599.88808464,5.341494353403119e-08,964702590919.4509
11503718.09240627,5.749098734510935e-08,772274542664.1547
12660688.70917861,5.792103766986568e-08,845732671866.4082
9980411.724924754,5.474280573503534e-08,692251261809.5968
8920040.838199904,5.562949516899641e-08,612110877000.172
10045353.0215219,5.729826757766107e-08,675881993262.2559
8067516.49517051,6.181877891060381e-08,516011737570.8754
7626702.45609361,6.391167434797152e-08,477107971960.8788
8776126.852018386,6.316158358152479e-08,553351237193.5078
9448516.162486849,6.46137769774168e-08,586786605119.1393
8896461.132135199,6.686402249698064e-08,540035470187.6981
10088547.81507869,6.612723651918891e-08,616938311988.6981
9660169.574635081,5.187293374229581e-08,694529786571.6399
8828647.176279128,5.427350847704129e-08,615888691238.394
9883724.755110627,5.338627395616903e-08,697109340810.5603
6068360.30566559,6.668164864791511e-08,369034644979.095
5436098.517406817,6.578388187492068e-08,333585875593.1431
5663683.473762412,6.849382795466075e-08,338322863735.336
7123373.579763411,5.835093160501132e-08,473500590614.1207
6934721.918654466,6.093105548174593e-08,447854129553.1556
7595466.014493627,6.026009474301313e-08,494160337279.8838
6834297.238162602,5.672400562299441e-08,462930649884.9593
6587491.874179354,5.525588146153524e-08,454082137665.1162
6498330.574431397,5.780153822537996e-08,434685883224.3125
7434575.107165814,7.17368824657223e-08,430620288013.7499
6630734.69319736,7.156775030110629e-08,384665651258.5222
6637798.112685008,7.28855005345224e-08,380419945388.2807
7187540.009309688,6.639498631654903e-08,438352429635.1271
6805465.900479442,6.950151316625641e-08,402588800212.0765
7787520.108078093,6.789513732707581e-08,467921930733.5348
5816494.841774357,7.058164449408394e-08,340565119261.8618
6074761.085501203,7.178780557488335e-08,351691671340.6053
6198622.413999863,7.111722825863143e-08,361114810808.7086
8129809.985706506,7.24954041608812e-08,467598825406.3445
7856671.153604385,7.42189916894356e-08,444865311227.9255
8830647.50495673,7.403574935795645e-08,500839105955.1763
10312205.80994601,6.79963930489314e-08,619005234564.8345
8924826.805631928,7.050893518025775e-08,522922135755.6456
10524620.16295463,7.031931154655568e-08,617765082741.8273
7935919.063929267,6.898680564260611e-08,471794860953.186
6944238.286651173,7.059321089027359e-08,406551896156.1578
7766324.996368021,7.076210180527576e-08,453957376801.0882
5113640.640402612,4.391005395977581e-08,410854036048.4072
4810932.322891753,3.799663221765353e-08,425662943707.499
5414771.958996068,4.442983082577247e-08,431648661099.7638
7251765.787715703,4.616016919427063e-08,563549637099.2297
7743808.781146506,4.443219012004678e-08,617290329308.7864
6612089.380125978,4.491259893014826e-08,523311073088.3337
7198747.539231665,4.034158819401435e-08,612004969361.8276
5801694.123386706,3.531486845135669e-08,538992968602.3859
5555585.639781051,3.616511502087815e-08,508007291958.4135
10726809.30219091,3.951091699603809e-08,924682177729.8099
12967966.00133118,4.051099918554046e-08,1099402094217.191
8064353.184082296,4.090495279281874e-08,679285393069.436
7058836.472201962,3.269647402741442e-08,690344454062.2128
8916445.871825824,3.585157156945282e-08,820073878840.0062
5467856.343994949,3.095164907106041e-08,554661345402.7941
8628396.518126294,3.471632519783706e-08,810788530177.224
11975817.15059752,3.918423393156785e-08,1038080220525.511
10670727.71949815,3.797206234402729e-08,944534694179.3866
15082733.26312856,6.659041865377188e-08,918062441388.4397
15868426.39775956,6.581828930233952e-08,973425685446.9753
15552593.42872384,6.491588243145277e-08,962872630785.2684
12336823.41753489,7.167484310815851e-08,714977181004.0657
13711268.01735409,6.951109627014271e-08,811038607551.2188
14813437.21979951,6.789934829092647e-08,890045285308.4458
9830716.576525046,7.761307503116387e-08,540292055536.0873
10754708.78049803,7.508825603061661e-08,604250905349.4238
10572756.39220781,7.685416899997035e-08,584893244110.6798
9918850.401013864,7.698576267218287e-08,548093177066.7724
10940685.34745059,7.435059139566307e-08,618759067698.645
10846882.43181385,7.446249714589302e-08,612839197594.3669
16513216.3734219,6.355353166805522e-08,1036903989232.977
16389988.19708084,6.367206004629748e-08,1027888577575.769
16226331.64236066,6.510639563290435e-08,1002623576548.723
14258128.07230448,7.441362161569898e-08,805924237472.6976
14381943.07518928,7.973697481756011e-08,776326472343.9885
14031338.38458323,7.935082751430407e-08,759856281905.5343
14601205.71116947,6.951098506211437e-08,863680453485.2133
14882225.93252816,7.156729149678942e-08,863359169372.5724
14471440.72480942,7.081055461628935e-08,845499015219.7197
15296052.02871944,6.478291720287675e-08,948285300257.2244
15108257.10568737,6.565663774635487e-08,928314799674.9923
14568955.89048875,6.608182185948257e-08,891333897664.0688
16126967.70524447,6.803906899498462e-08,967639989373.6766
15416000.64654564,6.999581788885025e-08,907660964252.4689
15032741.32252893,6.86422187851891e-08,896693404917.3309
14186110.58673097,8.738838864500445e-08,720378683711.303
14012346.38201487,8.683265586850417e-08,714587598278.2209
13769836.00088868,9.061246732004911e-08,682553655750.5096
15118556.67598777,7.251050747373534e-08,869446845111.4506
14645870.98242676,7.603959809944037e-08,815997188126.584
15021373.31006174,7.321312482233718e-08,858322196506.9546
15248294.68667091,7.160562741401939e-08,884280076661.4984
15449762.78618035,7.119229506212801e-08,899428172165.4528
14863752.67954404,7.353794523798111e-08,846812921930.3796
12088978.19727203,1.005998517898493e-07,558887891267.4213
11771585.28939878,9.947732011787564e-08,548300828656.0422
12886765.71954137,9.625392031317246e-08,613571221953.606
12331781.28776951,8.696206320411625e-08,628259778659.8829
12637438.74869864,8.599170307602457e-08,648666341440.5649
12706871.63812141,8.556293931349776e-08,654407366227.7037
11986938.61595322,8.715139895942187e-08,609806486265.0187
11838418.83406826,8.794761593486982e-08,598610485870.6945
12474578.46670667,8.599072537321438e-08,640311749177.3029
11597231.69905486,9.084436346196138e-08,573881656393.7819
11956283.49315262,9.144861709374406e-08,589039984064.6722
11974350.6389329,8.910981770493439e-08,600207753122.0309
11702799.83155634,9.772780873295273e-08,551583165301.2955
11373410.48082343,9.612938540576788e-08,541984171412.6476
11531719.48340086,9.524786343263191e-08,552913560033.2961
12295352.86104082,9.096140851156153e-08,607905695758.5695
12961577.79890005,8.889428773621067e-08,650741695626.5608
12313674.30375376,8.86212643019993e-08,619482489030.0298
11446145.431143,9.393666156083067e-08,553905713904.4073
11288426.94207923,9.481862715505193e-08,542880594530.3354
11359881.34303472,9.248413952580867e-08,555472148575.3734
12658667.16723593,9.114559514646556e-08,625025195268.3124
12686095.89430469,9.100831231259219e-08,627009252271.3319
13111923.16343497,8.940912943869848e-08,655760346284.1144
12360888.75503125,9.162944487959e-08,608171868448.3497
12577058.0210399,9.12994335103045e-08,620297945201.395
13028863.47734708,8.956483509941084e-08,650850904796.6613
11759638.2885822,9.644095339248345e-08,559181721655.2439
11327782.38798675,9.877229025659596e-08,530137039047.3144
12112664.62027172,9.410435144747592e-08,585463586035.0612
11682587.6451714,8.638368429204499e-08,597839444811.6952
10956077.11360413,8.298532346785061e-08,575865268525.3163
11800873.25837379,8.101879615829763e-08,630265626529.0033
13324159.22949885,9.236704308279124e-08,652071351572.6631
12612024.74611843,9.225595643381045e-08,617715554244.5662
13385496.92241203,8.838576862527337e-08,674599895956.6323
9911086.54522126,8.494506323696087e-08,512895835145.4976
10311323.71686631,8.503417369851938e-08,533235135061.9849
9434179.840619795,8.361615730085313e-08,493375236325.9836
11309664.7822641,8.751544057948548e-08,573755167903.2679
10337882.20710532,8.554149419874991e-08,532492740451.5667
10595031.47540221,8.411601862222434e-08,551886510468.0464
10658299.57097514,8.761225187104601e-08,540312100743.9499
10623841.70636809,8.603367858769725e-08,545133154275.1724
10217524.98867711,8.594439336552256e-08,524647178407.3188
11052725.06408555,9.204704647067391e-08,542162483369.6606
11008605.83919972,8.960881862940011e-08,549749894041.7904
11542530.08546191,8.991524393768832e-08,575102776065.8523
11189099.03273511,8.935918608211882e-08,559803549876.7837
11568470.99447906,8.797445585283436e-08,584841572061.9486
11040830.16125404,8.868202909028425e-08,555193852061.3801
11426205.04430761,9.599154718882478e-08,545021145442.7833
11646292.45980311,9.802295344851975e-08,547817417202.8959
11855619.05402473,9.426132741800047e-08,572402956830.2688
11448904.72263372,9.220130906058231e-08,560969457632.5028
11377170.44580763,9.453695395963688e-08,548234709469.8112
11805670.57487285,9.280517244471626e-08,575938183729.4869
11723356.46860209,9.869668200887944e-08,548929960905.5534
11613451.29035584,9.912974227299023e-08,542198923977.0128
11393675.88528556,9.71005061145472e-08,539323733038.0002
11011119.14989924,8.284066097285252e-08,579431932060.7328
11688784.98891306,8.23024093363728e-08,617771218054.1957
11504147.83221158,8.394558907724213e-08,600052431438.0076
10082474.22651464,8.371217758559542e-08,526875528565.8745
10610666.58097448,8.319378873000002e-08,556777999099.1415
11094746.07597093,8.429967718598024e-08,577076549020.5337
9716143.24493107,8.302970288483107e-08,510510783083.0417
9597630.762636399,8.156814335460757e-08,510289916358.7849
10234774.91268509,8.250985080836259e-08,540017409740.4408
10351246.75551159,7.767799338280822e-08,568583164278.5656
11016886.594348,7.919801924356859e-08,597378148207.194
9872503.552608535,7.983361473007014e-08,532480166576.1428
12143929.04531691,7.67431968771159e-08,672459236772.4447
12715680.761365,7.801344267740131e-08,696455416594.2338
11953860.67763877,7.864884229957492e-08,651198363269.3323
13569813.74575546,7.603681711611081e-08,756062910862.5372
13122340.58016461,7.736473951881919e-08,722740835747.1036
12541413.90517305,7.608661764166711e-08,698459103550.9192
13935175.53036561,7.424699544293093e-08,788847743787.2939
13974644.6429905,7.488214318260373e-08,786602391873.3127
13716668.86649228,7.342586211773387e-08,782256687956.5735
12929675.06793839,7.873841864766068e-08,703822509108.6339
13221056.67037172,7.8028644664205e-08,724041497345.9495
13670195.71421671,7.670086979049173e-08,757253355473.6505
12768291.74420054,7.979484984950736e-08,688889485425.8948
13012457.73540345,8.091982219775179e-08,695540973248.4385
13057859.34213659,7.908278743738466e-08,708735206793.7528
13017411.33468183,9.10001754230689e-08,643422842912.2469
13510317.21146599,8.94099408423366e-08,675680949451.3796
12835646.61985893,9.098042003387931e-08,634530438773.8645
11960716.871604,9.553736983425165e-08,572323646007.2717
12628514.56307816,9.253207727620717e-08,617292113049.9027
12449495.17432181,9.251238605872872e-08,608627847799.2423
13081459.41326343,9.419424848000542e-08,631887757340.4794
12913403.01907001,9.219147051230926e-08,632771451573.6156
12948269.40692158,9.219914985647693e-08,634444712879.7888
10843640.4334442,8.824079097697875e-08,547094287393.7292
10399009.6887152,8.657257941391341e-08,531379845110.2485
11373596.6601893,8.854723663076112e-08,572507457246.1841
11506157.6910115,8.722067875259482e-08,585037916386.6821
10944982.07613498,8.635099409710238e-08,560234900541.2087
10979956.44576477,8.793064534397917e-08,555273708101.6968
11467109.83728656,9.257178139161007e-08,560361417230.6764
11493696.95434097,8.993915134055627e-08,572568193066.9966
11259491.67594063,9.052909347078768e-08,558461626053.5654
12702825.01713451,8.375002716052535e-08,663606062023.3522
12866360.32287768,8.241198390990951e-08,679405091156.2579
12398854.7854471,8.259346509349576e-08,653759153260.7842
12672751.74080232,8.527565074848097e-08,654115186638.4983
12620086.21842716,8.509194845003818e-08,652333992430.688
12181215.32808979,8.643830005762103e-08,623093387182.7797
12926623.14535957,8.45085172541223e-08,671250723197.0364
13192017.42124107,8.3360749453559e-08,691305707528.939
12873432.17189649,8.431985930220175e-08,669485384402.9045
11507832.65335256,9.276747493379449e-08,561560278463.7745
11421335.98510696,9.131309945688594e-08,563241765666.069
11534466.9102905,9.013575479151724e-08,573763337684.6226
12893845.04645448,8.464946434284213e-08,668805193987.5103
11970917.38357647,8.439709680660093e-08,622170041414.3615
12159248.27149275,8.275573408972218e-08,640286967879.1302
10831079.05993867,7.187358899193239e-08,626554477721.3602
9861611.382044515,7.216806861755064e-08,568919948953.6412
10169153.43894179,7.050693335416492e-08,595840816082.5135
11421443.2953414,7.329136972808941e-08,652157403852.9854
10916626.62180636,7.432402703276914e-08,617545509531.9417
12238164.87238044,7.182262682872937e-08,708286193813.7675
9860779.467708472,7.639668725971139e-08,547681697831.8658
9093838.073133679,7.811856516956486e-08,497635145573.1899
9260165.446632437,7.736487528150861e-08,510022723723.6654
11825390.35443366,8.168952318883722e-08,628113187286.6559
12044876.23569528,8.03816932973522e-08,646692128468.6628
10683282.77638907,8.124482548884407e-08,569518169163.6901
11486502.6263341,6.912571239410911e-08,681963926850.2205
12726869.17689955,6.573218263689378e-08,781393050460.83
11264545.4172974,6.680059187931608e-08,684216374457.0413
10222324.5654511,7.368275639610698e-08,581619675774.2672
11893111.59216546,7.299022016305657e-08,680955990441.7333
11112894.83300694,7.195331841005562e-08,642381934811.7025
10633732.29788102,7.784399095861912e-08,583269132913.5828
10221344.93955845,7.664355094102503e-08,566488328254.0225
9366554.032573912,7.682204907414665e-08,518309598424.999
11255497.8092607,7.773962860857588e-08,617925901866.7993
11808891.47686841,7.640367255069037e-08,655842628766.1863
10831107.83604864,7.653886170770666e-08,600829913912.1667
14375059.46333474,6.836742655591774e-08,859759192570.4215
14481694.86973404,6.631667057178123e-08,883902271016.6952
14441629.83577631,6.572076193578398e-08,886777126769.8091
15353540.64066977,7.169154566445287e-08,889671981813.6899
14370471.05161263,7.077147515729576e-08,839908878441.1132
13574151.09591585,7.235173882215743e-08,781771853834.8324
15670101.9479404,7.048194904506338e-08,918374645421.266
14784529.39823173,6.750734052612915e-08,891743951753.2413
14676782.75587909,6.955754157102231e-08,867763508854.9413
17763517.9592267,4.452545594723448e-08,1414023832011.056
18878548.2789619,4.265875751170403e-08,1546309628981.997
18547088.80572603,4.315669111224266e-08,1507452577099.388
13136685.92095085,5.735167535033329e-08,883327485370.1239
12749844.15342113,5.873292684031519e-08,843821228882.3729
12863757.65213491,5.545165357346391e-08,884622908800.778
13263411.70454637,5.778739455188258e-08,887359986511.8875
13586774.44748663,5.677275755963961e-08,919792165980.0784
14617176.42257285,5.346698683148725e-08,1029926775473.19
12983121.82211443,6.000482605124603e-08,847074636481.3311
13457851.69355747,6.23451431857845e-08,855934740068.782
13303070.26378058,5.899177534560306e-08,877857938208.1511
17518372.8428519,5.789511485095936e-08,1170574750225.901
17291890.37544833,5.589564660868765e-08,1182834048048.607
16432912.02213152,5.842937731549932e-08,1091340715632.195
11735795.62909581,5.887176525723063e-08,775486959447.166
11185138.29421274,5.724997591525326e-08,752993370475.1753
13456017.34833478,5.628265723080545e-08,916220791516.9313
16183490.22575216,6.018816334528172e-08,1053735138547.656
13356394.13738164,5.994578082549545e-08,872000656622.0894
17091768.25953379,5.871787344482445e-08,1131375535281.9
1863062.865537538,7.615668788862567e-08,103694441683.0894
1960871.957406863,7.193227321026663e-08,113370495713.1092
3411419.427263223,7.097652841580707e-08,199002538356.1826
3797500.961078912,6.027609904973133e-08,247021336544.6312
4058312.672556732,5.610429717107452e-08,276916023596.3931
6001436.075948506,5.705743273136359e-08,404930385228.5999
6123083.076161531,6.142554222859057e-08,393312261683.5037
4258890.812353256,6.160006888533894e-08,273050121471.9117
6578061.128420687,5.83954774015053e-08,437030515791.3345
7060240.850365639,6.752032418650937e-08,425791026139.9557
5922650.134200102,6.749376028558474e-08,357278592972.2155
9249957.343449367,6.31661853448657e-08,583198810844.1516
2451257.387281539,6.808689351660348e-08,147009895525.5058
3290331.320823045,6.402485025151944e-08,205592491983.0357
4949314.320284432,6.384362706656163e-08,309837039581.7446
374415.599126429,7.08085213182179e-08,21875781865.53588
574394.6460832128,6.732291846495177e-08,34708439933.72102
1064775.026465638,7.012822892993571e-08,62612725549.62203
12439422.56047003,5.490732375514518e-08,861086347061.3334
12905869.45316696,5.09909859723665e-08,938551975166.7434
12907124.14604633,5.199108623154985e-08,926567137913.0436
11606919.69274886,6.225616964278592e-08,738916529313.0524
12102583.94093813,5.904403498040881e-08,798167581176.6077
12516248.03923538,6.139609423610084e-08,804230115447.7382
10413182.4640407,5.929933106848511e-08,684778761449.5834
10932330.11205845,5.655676114249515e-08,741975759046.4492
11536910.44633161,5.74799061721159e-08,774602369464.0293
8912533.434165403,6.736973907195152e-08,538300266956.061
9293373.511253966,6.518968569534678e-08,573747492958.9659
9525510.160467677,6.593251803577839e-08,583653556759.7861
10502996.06639398,5.682875152469564e-08,710560605806.3459
11862718.81181634,5.282135113220947e-08,842644839780.8411
11013836.70403384,5.513201147316772e-08,760331076100.3636
12960698.70895799,4.989128997922069e-08,956339130512.6813
13753631.29157289,4.811436487613432e-08,1039682832037.079
13179006.53184703,4.920904981854487e-08,981414989975.7012
11536711.67137927,5.35660890917081e-08,811874210130.7251
12405140.56432316,5.125416255761581e-08,899046721598.9127
12618738.03168075,5.057232479978527e-08,922728593427.6411
12075583.89851112,5.557311200602279e-08,829210885748.1255
11456862.5021069,5.464347255535548e-08,795622104644.8243
12535221.89455708,5.165550152097737e-08,903762473726.9066
10054746.53009317,5.956166330368375e-08,659264841430.6398
10064792.29565012,5.851394493184964e-08,667777678198.2667
10564990.6741344,5.681697209402233e-08,714853521705.6851
12434419.03036093,5.138042898236646e-08,899691632500.0562
13561381.52369631,4.865938741332212e-08,1017480690573.999
12774092.84709711,5.043666586660194e-08,935762898278.8047
17873118.15959149,5.67914609931773e-08,1209701722295.688
15924662.26123886,5.543147554089722e-08,1095382851060.132
17256951.90799012,5.50758882157477e-08,1192128531759.505
8308903.999268143,5.250798186209104e-08,592552530074.7682
7199737.499760715,5.51163734333954e-08,497121912250.4854
5053392.574789545,5.416144176830604e-08,353012074304.9151
3047304.828136037,5.119762211250604e-08,221012094029.0511
6490292.250946342,4.963163797549797e-08,480572056076.8441
3973950.383764201,5.281291841283929e-08,282311777076.3932
13324720.64322761,4.946790310417348e-08,988801488972.1866
12637467.73189582,5.180267127562258e-08,909407691068.7283
11137708.39851324,5.089821775292643e-08,810950089950.1073
14958250.97782257,5.270029339250973e-08,1064156397904.917
14645854.01615706,5.422170235656381e-08,1022349216543.078
13662727.42375989,5.311844178371165e-08,966882841025.936
14469658.03171349,5.235525356593081e-08,1033914808880.349
15158855.31001742,5.175811108009266e-08,1091475844601.138
14812035.78946598,5.027458372482347e-08,1087382728375.411
16717076.49640616,5.411610126035001e-08,1168447837848.744
15406214.33488089,5.447287345639079e-08,1072117567261.019
15726575.71187584,5.295112474853602e-08,1115280332727.591
12408466.31496524,5.340583630342095e-08,874968247014.1241
12710754.06173911,5.549435896483118e-08,873652565029.6681
13491227.78858643,5.372665732027444e-08,947527000326.1334
18756167.11245474,5.818987493355738e-08,1249048046121.283
18356686.69920631,5.847260974485026e-08,1218501245001.102
19150601.58909736,5.901963038845482e-08,1263333747627.835
10234680.5934673,5.622182410136107e-08,697382436621.5452
8853191.467833225,5.586013433413465e-08,605850131218.0463
11507812.48609419,5.415135495113508e-08,803994772082.6429
13730842.71146472,5.50504435244152e-08,948833429428.0824
11435825.23736814,5.602201182818526e-08,781079145691.3846
12779464.23092433,5.395053887083829e-08,895053074763.4967
14287872.74548485,4.962931422839416e-08,1057974964193.378
14867385.10764022,5.154768069554263e-08,1073400610399.671
13575891.70000814,5.197165034914006e-08,974819091585.2091
16746964.13686661,5.777286384891318e-08,1120607417162.921
13051791.88799913,5.90036822218362e-08,861160424975.3461
14862690.99300604,5.641359627758603e-08,1010434712965.334
10324257.24581116,6.008203160487762e-08,673021715969.1033
7939874.735048781,6.114273651729373e-08,511584136648.0308
9808186.571787678,5.846621832232945e-08,651106527256.6321
14847059.91979455,4.943444206705402e-08,1102268432489.825
15194286.86702015,5.091358540981072e-08,1106091870578.398
14608375.05229633,4.899493992107264e-08,1091024301069.854
7377130.033948285,6.048601557270413e-08,478759554350.8087
7875734.765148276,5.744494590708862e-08,529001047362.1397
9181574.975717172,5.780516488631947e-08,614147594896.2539
15576703.01935511,4.448858604024591e-08,1240632454205.647
14457666.99645161,4.583322133378705e-08,1128871813236.958
14824136.82214858,4.425337101413003e-08,1184873106350.373
2885039.333590167,4.459742511229202e-08,229409755445.4746
5257754.157471121,4.261923783101269e-08,430919839637.087
5971869.373962064,4.402932366300641e-08,478941301528.8575
655817.374398929,3.969483750828631e-08,56358604695.58283
1263487.455209054,3.800311343870581e-08,111778466950.2531
1294978.767550776,4.278926949596115e-08,105853705705.0017
51248.01822596655,2.936252825653591e-08,5384533839.050265
134205.5966520349,2.725466947596733e-08,14818696866.30398
226543.2065562792,3.469909784790029e-08,21294735704.75406
24473.16616000998,5.201468129484019e-08,1756330315.542333
11525.06920372877,4.613722810085372e-08,895933706.9331051
15715.16477075575,4.871839775685374e-08,1178122022.580624
104886.2268346814,2.152128420945146e-08,13556253262.86888
693930.490579945,5.537506607342483e-08,47764635222.96236
287532.7920134658,3.111137744519267e-08,29067513865.00655
14084.69668960654,6.032184829402137e-08,915723597.1675817
10450.88968049997,5.492863531656835e-08,723248248.3889349
23739.94560940617,5.608843802760731e-08,1620183316.326056
29700.33588115662,2.442503356040169e-08,3528075860.221145
197490.7568584486,4.834993499514083e-08,14880453869.26766
30053.59157765523,2.167156802016774e-08,3866364755.497845
1560501.352780283,4.722061425754426e-08,119447315769.6461
1762179.823382139,3.54208782751477e-08,163384432515.5671
549386.2744074679,2.180395738252457e-08,70391613810.12486
524324.8339294009,2.276409271407238e-08,65278003635.26255
1717064.381460866,2.748912579074378e-08,188515020781.5804
1394259.265488998,2.406227760437768e-08,167283221715.7607
13580582.51477395,4.390167167813083e-08,1091267011663.901
9598969.161731634,4.538884375107496e-08,754382925396.49
14635941.3855535,4.314223030344884e-08,1189831875979.888
272437.1548319687,4.843217872711521e-08,20504239466.5067
1182549.513549145,4.690883518533372e-08,90917935984.8387
1344017.999083601,4.978041700291157e-08,99319089900.05624
8633.533422850925,4.163165149423122e-08,718741654.572835
9739.075348638889,3.405516680578753e-08,926962968.2818339
12303.70657785473,4.417090662775547e-08,984642150.5651562
391835.3216756256,4.179764988821863e-08,32533865980.60499
910332.2391468262,4.490914786764607e-08,72051558693.65799
151023.5836233226,4.643358187210494e-08,11690236946.31185
33784.34002331756,3.336377199997131e-08,3259857953.158936
187827.2987125002,3.88905645452604e-08,16362985578.25136
38431.87345977155,4.3489935800879e-08,3107651987.284312
307223.2954229863,2.837879476909962e-08,33021098127.56403
956730.5936151531,3.430742437984239e-08,90614476386.40869
440765.8716659638,3.597733984825853e-08,40444107941.6661
2049415.110780318,3.834169349440244e-08,180239126216.8859
4161349.348085593,4.117325890440774e-08,348998864951.3774
2089469.092411048,4.316402605942797e-08,169806634309.7711
18953040.87837202,4.403470036510201e-08,1519901822019.043
19502747.23644273,4.267478724274881e-08,1597036648756.492
19312709.96969055,4.245753447304123e-08,1586865206334.714
6279749.063796686,4.762575055335991e-08,477948461407.0817
7159486.332019494,4.833084516477751e-08,539592127108.6472
3511012.4068102,4.990603670790202e-08,259018217092.8935
18384265.46618373,4.250700249092267e-08,1509405618449.701
15860712.66313562,4.318046220073093e-08,1288638709328.281
16999637.9775563,4.242281083870313e-08,1397569387099.531
13322236.56916152,4.776085393781696e-08,1012035513342.123
13498751.84680834,4.845401193862181e-08,1015641532887.232
11296866.26063338,4.989629714119508e-08,833513124146.7581
9919572.204315934,4.834195077620513e-08,747498218209.824
12382175.35719218,4.773284843653641e-08,940990811265.5884
10432568.82676463,4.986646933760516e-08,770049857920.9237
15514176.41495641,4.523877214757056e-08,1221953987571.922
14580907.5964173,4.728338892615566e-08,1115095749450.298
14397430.5148201,4.659529424222179e-08,1111877526198.598
14632877.55719294,4.861995884989564e-08,1098466155701.419
14395927.56802226,4.818530755212089e-08,1087167754424.306
14336897.79726625,4.765612475560625e-08,1090710196907.773
11452577.08540912,5.315066696656605e-08,810147465800.178
8804752.168635065,5.487082480842646e-08,609756086212.6672
10027131.12316149,5.225151032626364e-08,717426578646.1055
15348248.05312243,4.658237246858449e-08,1185525974677.877
15050377.24247065,4.790326986946477e-08,1141048084528.086
13899442.66013419,4.971525045139335e-08,1028026473189.553
13066481.15868802,6.167009669935514e-08,837096565911.2449
13613739.20077179,6.364417361776499e-08,854027113233.4873
14000443.63136185,6.384201726537066e-08,876470688064.1202
13163542.06425077,6.169474903306626e-08,843090050834.2512
13025795.71017317,5.975346928860849e-08,852240519942.4454
13900117.65393636,6.306614768926543e-08,877312412422.7694
13645382.01173026,5.225983470954096e-08,976203463173.8523
14922035.63364048,4.927164811491461e-08,1110273599429.034
14969405.26416633,5.085108509953251e-08,1090613986626.899
12696172.59176462,5.76621111556345e-08,850639981867.1791
12754084.86048497,5.553021657746276e-08,876253416083.3147
12640659.08063722,5.880782305619797e-08,835884585538.4146
13389366.49730471,5.114817158765043e-08,971717342387.5437
14519409.30818884,4.93474343307099e-08,1079209840063.32
13260484.46619627,5.233393636333434e-08,947771815814.7474
14633184.76127131,5.248691799350397e-08,1043850110386.325
13602208.39883553,5.579342860114902e-08,931581218357.2219
13324461.21226813,5.388546047471869e-08,933975013925.0424
13074125.70302783,7.231793964858345e-08,753208640162.4399
14019371.77147005,7.017849951649769e-08,823997385675.7241
13552440.22220881,7.210143087604548e-08,782326865996.559
10461132.85008281,6.569375422907801e-08,642533826850.6747
11140173.76668944,6.465617676001255e-08,691542090058.0304
11808329.02020898,6.672178356964212e-08,717810842700.7384
9526172.779944515,6.273687387236944e-08,603350769989.8101
9806432.279422943,5.999453677954724e-08,639886916726.4971
9796516.320296055,6.104175152592091e-08,631907740381.7659
9048926.274596348,6.630161677982095e-08,552392326823.1924
9174560.446910197,6.528234816102123e-08,565876190932.4177
8796188.212846613,6.746211629079927e-08,530788134848.1018
9267192.832298301,6.466094604573736e-08,575245853669.9658
9672655.393296931,6.089943960569283e-08,624889918228.1309
9394327.97735264,6.364173044638065e-08,589346983683.6884
11705209.20925131,6.355379618101718e-08,734995785951.462
12618307.17888944,6.269792360625579e-08,799525506869.4441
12506517.97065673,6.424621116266467e-08,779659061774.0778
10077966.91882525,6.210318593601072e-08,642633964071.8761
10707646.21847423,6.350140931408849e-08,672726348170.963
10042127.29144418,6.454170008545629e-08,624116198877.5137
10452397.65541342,6.067955257953961e-08,676894539422.04
11578185.43618161,5.886225134700904e-08,765154708406.8569
11093492.03756351,6.208106956916426e-08,707558168213.9366
12987483.01884254,6.609377959077713e-08,794482985437.6393
13860942.06473031,6.800695384614681e-08,831937179208.6204
12868593.55894249,6.747223369153197e-08,776451546174.5068
11631646.6563753,6.453477252228631e-08,722956242006.485
12430475.24091535,6.522196668248507e-08,767170343627.9932
12314169.1128277,6.660534862280596e-08,749432247186.3431
13184183.59109277,6.307323510060225e-08,832063562579.4235
13960665.79221269,6.504141875576666e-08,863202706159.799
13069909.72656025,6.461947360442852e-08,811640377150.864
12845891.60353203,5.34352539569774e-08,905480289812.4688
12661824.75348401,5.675215880034342e-08,857382682734.6068
12379310.99438911,5.633971310356401e-08,842338632553.9944
14219525.30425834,6.619495520372345e-08,868964104236.6176
14204816.09574051,6.768791150543583e-08,855253524560.7585
13320413.46122686,6.577314817724956e-08,817495340034.6221
9975158.781289425,7.537493140100759e-08,559030106559.1136
9371016.851886505,7.633978412956183e-08,520738195551.0939
9537212.696461989,7.40315977993746e-08,540932887605.6416
12250061.58058233,7.162260124284959e-08,710294107584.6228
10927862.81223293,7.412183200239265e-08,619304835589.1877
11467449.91498097,7.248799125158133e-08,659613408524.3754
9496986.154578706,7.742997202592627e-08,522772904609.5543
9152232.178469969,7.813490626463728e-08,500760770129.5901
9921582.249630783,7.641283145160751e-08,550981151001.5302
12064254.33183143,7.5490713672416e-08,675416185011.7629
12269247.38654127,7.408794985144851e-08,695535879992.5394
11075727.95256564,7.562601900814832e-08,619333806648.7697
12221712.42356426,7.842318730278159e-08,667066403038.7234
12400365.60314731,7.764806450979088e-08,681314136120.1882
11647896.51950204,7.836514645714147e-08,636061150783.9155
15000553.39023143,7.268390721942705e-08,861288081494.9401
13242370.76379401,7.334865232588585e-08,755737519922.4363
13029369.80934203,7.475224165484234e-08,734244322262.6799
7999776.527434232,7.288538678578002e-08,458476992573.3667
8838155.747086145,7.303162774173873e-08,505849117772.3298
7921412.918333311,7.38064295034722e-08,450201068581.3703
8479503.254431704,6.998109881610199e-08,499324918334.6542
9833091.997375611,6.746909168115907e-08,593317092899.4127
8656672.066478515,6.820576862239219e-08,518565429481.9097
9445276.59073768,7.339885040324838e-08,538792871928.7748
10302050.39841494,7.167081485596979e-08,597074846098.2269
8719963.875574149,7.185814847498196e-08,504503291354.9245
8595795.091861051,7.591705385937796e-08,479431417422.4785
8950775.451792248,7.489237967407712e-08,503773797719.2564
7970003.879535669,7.507392508288397e-08,447849868507.9227
10588619.71637138,7.538847076733577e-08,593338772207.7964
11756277.57754544,7.385013087110931e-08,667885967364.5392
10095494.46077258,7.454133765369865e-08,569984186473.813
12561844.70764917,7.207055807655478e-08,725350915576.0488
12814665.60113676,7.000238686712723e-08,754452749311.0325
11759625.69770528,7.103277149534611e-08,685626600400.4398
8541890.63276507,6.91548244594319e-08,506997344232.4745
7366389.556537352,6.997353133131245e-08,433809262527.8228
8264984.025130768,6.835784006277201e-08,494367369250.7866
8088949.395986671,7.42490884521842e-08,457893734529.0074
9015072.022173166,7.347237643770258e-08,513909298706.0086
8683730.884538887,7.465106042377186e-08,489796527374.1056
5453487.487553171,7.090361315746034e-08,318343077069.4417
5359814.878545673,6.988052542338457e-08,315921378295.0624
5844151.747055748,6.980509402073151e-08,344717559607.8344
5892306.830856785,7.259176012662619e-08,338605339773.6361
5651759.815078906,7.175954346914493e-08,327288379513.5389
6327999.211546507,7.133857966751793e-08,367888978793.1192
5903911.46978822,7.187889541429576e-08,341511689423.2135
5649342.65724225,7.067307331170257e-08,330492746569.2662
5522864.119369228,7.148508736872322e-08,320642232305.2156
11759506.08842879,7.067245127686903e-08,687948050937.2239
11665768.65865821,6.874264655835106e-08,695177745839.6135
12992263.27730293,6.793425527836695e-08,780355088584.5787
11133848.97874005,7.112959267964086e-08,648552461049.6548
10462590.61613379,6.97674878587853e-08,617358135250.8822
11042644.30747953,6.920113777788707e-08,655135188401.7633
9376484.322218919,7.824059379784085e-08,512568531761.9069
8943407.461237114,7.77241914676598e-08,491057342295.4171
9135059.698634794,7.765472647330805e-08,501879504242.0471
9025010.786003569,7.959821803411219e-08,487729284767.3264
9355306.016952215,7.889809758838791e-08,508565595827.2013
8949151.058342814,7.906674113174722e-08,485794521606.6456
10509958.9347364,7.842041495160199e-08,573651669435.7991
9274602.312024567,7.791551818663465e-08,508408326035.199
9715531.256817406,7.843225734091855e-08,530237057875.3331
9478990.621445466,7.045681951291396e-08,555665462152.3673
9833524.668605477,7.01549458635969e-08,578100949099.2932
9531139.633197693,7.181043659883055e-08,551679001757.632
11250456.75413958,6.644948942878944e-08,685765641883.4875
11867812.77810263,6.513260612949363e-08,733114342276.7816
11559228.16194639,6.564732526380338e-08,710314715882.1376
9721476.995262291,6.951432454896502e-08,575019687986.6992
10522107.91175691,6.803411949317357e-08,631371400885.2845
10080475.79010547,6.921016040577257e-08,597999921630.725
10025552.85255647,6.90206862351888e-08,595829701953.126
11346958.00551232,6.726009132680765e-08,686079557315.8771
10838362.93453336,6.754857686146597e-08,653460820944.1561
6816435.126473073,7.351556240266094e-08,388422563166.6976
7359136.609139628,7.408888033823616e-08,417181310312.4946
7623560.656644979,7.236679057031994e-08,439000470017.3287
5969590.232116415,7.321649887685886e-08,341092274193.5355
6246503.451912723,7.342188678498146e-08,356248701851.8119
6115378.803177085,7.277545297997403e-08,350832715820.4329
6741021.38498401,7.458170631859872e-08,380455758122.8795
7137392.510019327,7.464288731966494e-08,402606356315.9606
6603087.62002694,7.406926042147975e-08,374387828636.9066
6641026.739527877,7.393932083314635e-08,376979954358.4604
6546937.733699679,7.435249535865144e-08,370260893461.9117
6130437.414218838,7.363495594930076e-08,348954477733.9523
6938368.621717034,7.411948077194975e-08,393220173475.6596
7312748.79613321,7.435521178391526e-08,413561128483.0324
6842188.901725106,7.453370845490733e-08,386331309955.8152
6811828.068861797,7.263071264288758e-08,391306270675.0923
6707226.311566398,7.350677060799384e-08,382229965752.2415
6194047.685445804,7.320445610774178e-08,353956206803.3083
7574657.335364757,7.306508310138062e-08,433400827132.1614
7498409.518532088,7.39867470323085e-08,425467638901.3638
7119244.586834048,7.375201307299466e-08,404810088934.9376
8388276.647504072,7.115770238735121e-08,488492762994.6583
7821649.059180264,7.213880141849337e-08,451355817748.4837
7468302.002236887,7.195112708520126e-08,431714667439.0836
8778809.494111098,7.08176586601672e-08,512870731159.6058
8996598.713354032,7.05888023375951e-08,526729700287.1454
8198913.738446348,7.179726863354568e-08,474625464655.3062
8590324.94234222,7.573123348908184e-08,479909748176.2544
8571545.933101455,7.692911447424626e-08,473876677209.2972
8062426.35165099,7.61971069236911e-08,448580205619.2131
8048841.384911666,7.642468450099237e-08,446934896986.0365
8557538.427704111,7.715814165009622e-08,472165609676.4874
8534302.281242529,7.664107865232314e-08,472999065141.5756
7460153.26342684,7.472107812963926e-08,420519039173.2521
7521596.652103137,7.558800258586215e-08,420734502240.8013
6984795.989364759,7.490074407096936e-08,393093899959.577
7812295.616462714,7.479563245738419e-08,440076160287.9994
8396999.392043605,7.519924570186414e-08,471319200346.6085
7875169.504241716,7.56627437370909e-08,440222111945.707
9116034.4835588,7.628572862979098e-08,506808348435.8021
8943744.605847359,7.515966581125804e-08,502183950621.0541
9279963.672329368,7.397811606929657e-08,526595848815.0623
10878343.92123638,7.28746688245761e-08,623512343611.8572
10352968.57648197,7.450783934572953e-08,584696170652.2751
9906713.73089469,7.316904563957224e-08,566297555076.4205
8978692.601609182,7.863793115955202e-08,489168388114.5943
9385509.943504447,7.846904163817073e-08,512065647664.7922
9143968.394996719,7.788312815638428e-08,501386294922.4335
7837070.836001054,7.597130655014991e-08,436905362535.0372
8316196.880071833,7.618660998979161e-08,462742081740.1248
7700861.35596711,7.534380941918918e-08,431692252818.8928
9459693.740678109,6.982190752234692e-08,557890890283.9019
10985235.79562063,6.782450825036094e-08,660518441657.7732
9685720.340361582,6.959097793851331e-08,572483928324.5764
7030556.923674507,7.337889464214875e-08,401121202574.7895
7137640.600209366,7.250435878637975e-08,410498838088.7562
7483168.247514988,7.269547648940817e-08,429616136049.8218
6335244.539203425,7.380836680047672e-08,360047378234.6306
6056349.051421484,7.360150761880106e-08,344841683887.5067
6470366.428239197,7.432021837678699e-08,366036357403.9113
5941726.489692886,7.242807611295223e-08,341959513245.4708
5559440.44779822,7.203468606373561e-08,321121933891.9083
5798035.307302078,7.28702721112952e-08,332338453682.3902
10956287.95648606,6.529414472385999e-08,675689670324.6079
10976449.19628304,6.393175596397579e-08,686516188993.9626
11974488.64104428,6.321616495042174e-08,754579286243.5366
9204943.148879107,6.842963657436101e-08,550205534866.5326
8917403.245784367,6.764339497730633e-08,537140799979.17
9981579.807247464,6.708421093083287e-08,604578092870.6864
7502921.359604632,6.674610859259994e-08,455980664742.719
6956095.37862497,6.649337966231073e-08,423818512870.3395
8103894.744216194,6.537515353321083e-08,499365625458.2084
6730279.307628873,6.875571091303687e-08,401014955867.5764
7416800.445038673,6.768791494572777e-08,446555904975.8906
7902103.85118081,6.783033039890089e-08,475109204896.7158
6406706.419746079,6.861298573719057e-08,382264479317.1772
6546149.281044071,6.729297679058517e-08,395675729179.1081
7076926.879151704,6.755359399590922e-08,426657190058.5084
10149007.13249033,6.350483059256804e-08,637605982329.6688
9177537.36800926,6.392440980791916e-08,574048178816.8314
9637247.091000549,6.245926773930045e-08,612193059790.6345
12604802.29314855,6.417731623659011e-08,786348392984.0243
14255081.87235623,6.262559094111262e-08,903930744790.9076
12286718.29521319,6.46909254297756e-08,762442315769.7755
8868062.950997258,6.641064834416295e-08,540758831084.2831
8986981.654281091,6.490543870200242e-08,556450403927.2322
9948568.03913874,6.449369648805312e-08,618608279258.4115
5492213.665426187,7.019400447795876e-08,322760771593.3201
5274588.356036537,6.997750744288467e-08,310610590305.3118
5367516.474458657,7.100936977537645e-08,313013412495.5499
5796348.755298096,6.558295953201044e-08,356418715687.0883
5819914.231753487,6.739480174618738e-08,351424728316.7109
5759613.808721383,6.564552319464224e-08,353934818176.5572
8860190.808835529,6.231189486319618e-08,563718692619.3625
9236957.208177948,6.036303501581973e-08,600272185129.4072
9391289.892113389,6.151075006325889e-08,602686177900.2673
11359883.21971286,1.079420852580487e-07,501087225377.0912
11686690.24515173,1.061669219313807e-07,521233174547.8481
11399380.83513738,1.033117683840003e-07,517743592335.7573
11136994.37898881,1.135219444129464e-07,475023162162.0912
11298190.71904674,1.138669333878328e-07,480924776514.9769
11430005.11147962,1.106628148022596e-07,495882310603.57
11727587.28975968,1.009033429475266e-07,541092653693.1234
11838029.94823118,1.004705788958626e-07,547755606279.3554
11849238.71556515,1.04195811628806e-07,535127094812.5836
11638954.66164527,1.068375285033359e-07,516929623954.1873
11677893.8972539,1.024963602691737e-07,533202564280.5107
11799287.97785258,1.057838303278703e-07,527524873382.5197
10508198.37136559,1.152079122539782e-07,443819852718.9968
10977011.3059321,1.135937151549324e-07,468002215575.2299
11425689.43318079,1.096808180914159e-07,498649392615.6328
11334893.9190803,1.128065059668444e-07,485506104482.5466
11283114.06810725,1.092704611561168e-07,493659078383.7245
11466921.62306564,1.095989951622431e-07,500697929868.7368
11812043.26209751,9.635922439290462e-08,561991178400.0795
11953258.89788454,9.43526263690579e-08,576744768321.8812
11743068.26008684,9.811523576100571e-08,552023141381.7784
11350921.19389339,9.673853158537895e-08,538639396169.189
12008271.80065045,9.417836381457207e-08,580113646672.7278
11226835.8995286,9.884818818498331e-08,525143787870.0233
12864423.78330118,9.51987717172829e-08,617025020228.2544
12732346.12026316,9.32035110405903e-08,619374879812.5087
12061771.52540137,9.620883404443195e-08,574470585911.8296
13748763.13327659,8.784493007802264e-08,695748847468.7529
13526632.93975841,8.635121793395822e-08,692379275831.7959
13500227.25809811,8.781715949794274e-08,683315841185.981
11876790.20137767,8.802679276706851e-08,600190567371.3625
12141755.60067898,8.746980850698473e-08,616182513792.3257
12513966.49924641,8.607248254839566e-08,641926692961.8938
11316470.71305792,8.938747064466685e-08,566056660472.381
11551264.79933671,8.879611753868808e-08,580363674070.9794
11697977.91622008,8.80029635532343e-08,591261043432.0927
11516506.96733415,9.025046104304865e-08,572384443604.7992
11892321.629582,8.85143230783082e-08,598766661347.2043
11630107.1007382,8.907123662723739e-08,583121059330.8398
13071895.39534199,8.779159653182625e-08,661764195163.7975
12727962.20523501,8.654968844135978e-08,650501852669.9868
12421205.27881529,8.751818033716359e-08,630132026174.7113
11952549.23027506,9.499516395248869e-08,574107045657.0365
12308438.06831215,9.265720701492662e-08,601104724523.0964
12094599.78539234,9.298656571905251e-08,589265972444.5791
12916998.0553974,9.043896948145849e-08,641098150725.7499
13593775.94128267,8.886775087898531e-08,682617337914.6073
13346651.29197116,8.883819705366359e-08,670356497346.0223
13196992.1403964,8.428102167417876e-08,686523008492.8872
12453684.08973408,8.23901299807971e-08,657730103616.7391
13160693.12572525,8.292912504958141e-08,692055153474.8754
18420606.23599565,5.99203184255437e-08,1202969207057.813
18784356.75524257,5.93368364454511e-08,1234752940522.193
19001328.82557607,5.965388161732765e-08,1244585780934.063
17282197.68868179,6.096064315118648e-08,1115747549835.501
18042928.48969773,6.032623545842653e-08,1173013142396.054
18617713.40307266,6.006079218257056e-08,1213944885874.964
15894869.14438783,6.419659338230064e-08,991400123017.8285
16529620.76406057,6.279251355986922e-08,1046303418815.135
16473990.52197291,6.31965315533986e-08,1038332982556.74
15411314.73731545,6.475610408779873e-08,955694782255.2843
14595331.67516095,6.563450198644122e-08,897000129611.2195
15988282.90702004,6.315972912351303e-08,1008110918601.119
16074185.98107972,6.540103781926392e-08,990237180722.025
15782636.95031184,6.484870889293556e-08,977789442869.8418
16359728.46867463,6.384761976858441e-08,1024109237564.398
12854427.53265401,7.016328535893275e-08,755636270676.5161
12052428.15080779,7.102981353637308e-08,702717498478.9213
13300064.28560508,6.828785334028252e-08,796082541399.5936
17255821.41175397,6.107788679713951e-08,1112618565067.274
18342656.0194786,5.969296231135913e-08,1200918312632.361
17983228.63899787,6.027635099704239e-08,1169776871856.757
11360679.45304314,6.084458740506087e-08,734383661053.5763
10699634.31496532,6.273474637865833e-08,677688585127.8472
10173997.84987214,6.168966509544792e-08,651653451464.3656
12508894.13876968,5.526188656314017e-08,862187613102.1161
11993788.18664544,5.838645073000615e-08,796920485890.3767
11472646.44313058,5.687498946063108e-08,775739770195.0001
12212293.12873325,6.213351887199385e-08,778478435187.5104
11204177.72318785,6.285136012759496e-08,708767076298.2593
11880398.30954097,6.095610763482773e-08,767042656553.7892
12863761.39985619,5.541413038012007e-08,885022464694.0459
12862250.60432106,5.748562179151944e-08,863530095671.2843
12341323.70289504,5.854119489449261e-08,818566603298.8104
13186404.33629539,6.334803274963628e-08,829795292523.3228
12363294.24817171,6.522851265606749e-08,762973091858.8228
12711282.40773387,6.308083161230022e-08,802154013590.387
10896397.75036978,6.727663961515567e-08,658728955484.5779
11200304.85230279,6.64770830924361e-08,682519724579.0862
10446895.99005816,6.844929929430776e-08,624320985242.6757
13145901.32309217,6.094782058736124e-08,848825167290.1793
12985646.95800844,6.203137113983711e-08,828684732465.3739
13402037.00162811,6.228410670357561e-08,852941644715.4091
13127720.5434498,6.252834672851417e-08,833306352305.0155
14478670.26694753,6.20826544759056e-08,923453771128.9222
12815102.46036321,6.363807673738755e-08,803977791339.0106
6618412.010800358,7.142863796896856e-08,384449133912.1603
6789395.957122432,7.211207326514678e-08,391885459253.1542
6172657.814848212,7.267883322630455e-08,354432527033.1039
7765720.822508408,6.840620072067337e-08,464285150242.8311
6895482.729424479,7.002015867487397e-08,405897099588.6201
6604459.932735267,6.934376428026853e-08,391290256982.0132
8294772.895394992,6.991927180440107e-08,488734768209.5176
7314548.881511163,7.141909155441845e-08,424924069518.0103
7137033.989600913,7.074459334155655e-08,417242874515.1481
11236452.91398828,6.69903402205449e-08,681220612754.7035
9768343.036046868,6.826945162764709e-08,584794517970.5851
10567920.15381277,6.692000772856458e-08,641139009112.9332
8605182.26156909,7.059356118616998e-08,503790545133.0636
7673045.957121192,7.138251944865329e-08,445902476611.7747
8676257.825030433,6.988032980210902e-08,511402074149.4097
17615850.23927381,6.561141086932133e-08,1082889206667.277
16999670.01910754,6.460491951563135e-08,1055836727238.526
17824795.93573246,6.606536454189821e-08,1090708445930.719
15779085.12816594,6.55260663597444e-08,970820833675.5648
16215011.07150946,6.468920637682007e-08,1006227156586.586
17039870.08687911,6.552283932800509e-08,1048426058970.154
15019029.38596523,6.776062779317952e-08,903629193101.098
15360495.509981,6.6467316574496e-08,936123458703.3849
16112765.37909917,6.715698485520143e-08,975235025095.8444
14596193.87795292,6.767253860416768e-08,878950959081.2399
14396713.36361063,6.6804199499147e-08,874434965448.2045
14932846.19127817,6.637914210717303e-08,910866720728.0684
16371613.93235074,6.225565230233427e-08,1042250957580.841
17245182.35815521,6.14685202930308e-08,1107216677432.741
16937560.82231034,6.236063059443382e-08,1077069849926.69
16130823.15302293,6.379924574107102e-08,1010290262218.388
16035857.92483438,6.297499916031839e-08,1013087024261.218
16349182.44320966,6.36252646592295e-08,1025832149372.8
16267651.23003033,6.173330029485164e-08,1041466222794.619
17074908.46987962,6.131293692595645e-08,1098138129259.515
16205719.60538681,6.209904909520479e-08,1033423548925.389
14227457.64636838,7.468305857378811e-08,802255255735.4146
13778783.96034201,7.76854451734834e-08,756805799793.0149
14030188.1687614,7.982822923779594e-08,756761736646.8811
15596731.87462791,6.823289085955754e-08,934052079738.9124
14703815.30634102,7.128964348825083e-08,855222418958.6924
14604045.02793649,7.231391584970077e-08,841379468941.5894
14570319.07400757,6.876105972614319e-08,868108525969.7954
14381001.07303384,7.055471255967957e-08,842244985712.993
14457213.33512918,7.104010484976919e-08,842847223456.4391
13678404.34000425,5.724476461818293e-08,920898123953.517
14435084.96894224,5.68734727837744e-08,976066736745.9474
12428091.98979293,5.580112898356018e-08,851090615748.1978
12257686.79351208,5.977666932625311e-08,801777832512.5397
13046805.71322546,5.83737767247428e-08,867013114519.6145
11503105.93123328,5.861065141859274e-08,762366996365.5809
16562725.47348579,5.928503954576329e-08,1089352399209.423
17734106.89771682,5.829563204453917e-08,1179556220139.798
15129581.63251401,5.822650084275879e-08,1007116685299.764
16661091.17849852,6.260891794606341e-08,1056686054043.374
16717036.16888529,6.220600711544528e-08,1064807410556.109
16636375.95334933,6.1847098123192e-08,1063765353208.837
15282158.46005841,6.095340421487463e-08,986702105017.8523
14307982.51659068,6.06046768932374e-08,927344229806.5393
15533260.46417698,5.991203829277031e-08,1014502748240.197
9166285.497736642,7.591378684638821e-08,511265250564.014
8547829.256334158,7.384892874795276e-08,485616057313.8735
9167237.127804117,7.45810923850569e-08,517391518618.2914
11228339.69000802,7.519482648372631e-08,630265548606.1703
10252607.85516215,7.449818810759267e-08,579078187611.6782
9909105.971788406,7.615961074265691e-08,551507381063.3945
12271372.27888951,7.727449881878187e-08,676398029235.9204
11975625.6946793,7.607900550110101e-08,666993592924.178
11528346.26909751,7.777157371542233e-08,632731935046.3418
14652814.58338173,7.104874197923941e-08,854181430305.4933
13803564.68291087,7.019813647982095e-08,811161878905.3634
12884839.30476745,7.330963411076254e-08,735594215233.3146
16189458.3716333,6.904514501887202e-08,961930190276.6788
17495481.46119564,6.710551830314219e-08,1059466124360.905
16815463.27819017,6.641091339021392e-08,1025374551685.161
17685989.32381153,7.168179881023568e-08,1024920300127.753
18314946.26060303,6.895661448703609e-08,1089151668960.678
17693763.03547145,7.016134119036254e-08,1040131586439.593
15455053.19981932,7.379844748308031e-08,878427022633.1085
14873956.39617832,7.56247519420958e-08,831732863897.3158
16531271.50578327,7.372970592891548e-08,940180539341.7859
15831278.68794549,7.093305318757011e-08,923882820794.9489
15697973.7091362,7.22524837601712e-08,904916297758.5388
16790047.75930654,7.066660567473168e-08,982296154586.9149
13305262.65102869,7.668355489342801e-08,737149021965.1445
14078402.15923547,7.63613805723729e-08,782175459347.1071
14643895.96236195,7.453932860656548e-08,826798443453.6312
16577812.05349812,7.562420048311813e-08,927014827765.2163
16856114.14937701,7.391294098594868e-08,957070231452.3158
17170366.61451766,7.376074323118307e-08,976253743132.8655
19055581.0505062,5.845643970170169e-08,1265126507285.616
19161525.63549237,5.928770291217832e-08,1260241185407.695
18943638.23796683,5.897126472596255e-08,1250363910878.832
11264592.35945666,6.37917773930477e-08,705568220736.6776
11021682.8697643,6.681405854273327e-08,669374774599.1664
13183461.4648937,6.455797567932923e-08,819211772689.5343
18283036.36025741,6.143162316879347e-08,1174321455959.01
18038572.65548545,6.085293498244168e-08,1165953285054.21
18993088.0835447,6.011038268620604e-08,1237739508466.566
15641866.49349779,6.268143750382965e-08,991279084582.62
16164032.43362582,6.291106406999295e-08,1021876376375.386
15974741.99430354,6.216931045064034e-08,1017926652520.612
15432597.5659292,6.523596437478628e-08,952315763893.1639
15622391.36106342,6.436222512022884e-08,972732619906.4347
15863743.55634136,6.439907144741105e-08,987383677873.1208
14268238.13155583,7.28035287251369e-08,818343045097.0988
14192526.26656509,7.231345349920859e-08,817674218998.5801
13818916.73644941,7.580614670773957e-08,771503177320.7893
8330146.218325842,7.13557473743054e-08,484209513996.8718
8420471.090302063,7.26190017447601e-08,483766962454.1843
9362506.01619125,7.301928975387365e-08,535920504432.2937
14444992.99206267,6.746968101291523e-08,871588646166.6576
15922455.22325646,6.568505803457542e-08,978060329861.5078
14852239.73601148,6.508083338623748e-08,917958850949.3939
10676852.9947597,7.204054946957297e-08,616678184812.9967
12547298.20743626,6.962224729751847e-08,741398201485.4261
10787338.17844819,6.949265486043167e-08,638197391626.4747
15468766.31039936,6.941816822832854e-08,915813227984.3209
16080812.59598483,6.67659048014725e-08,977098091104.1724
14595843.07278953,6.855733484903276e-08,871351202022.7673
7742847.511365095,5.989187726849622e-08,505811565844.2221
7704834.995865773,6.213159786574078e-08,491158495807.5887
8315229.916109668,6.129876429217764e-08,534859583889.361
8398142.571577137,5.661917613446634e-08,569561833516.405
7916990.113731359,5.817122767409734e-08,527336642368.2646
8508915.433200458,5.822648426930964e-08,566405108935.3296
7563964.348018406,5.870994583310143e-08,500735466879.9317
7458218.478988503,6.111471022166234e-08,480696835816.9158
7545848.518291733,5.916965954936965e-08,496945431329.4812
7647914.763340053,5.624408663099503e-08,520984888764.976
7635728.706272422,5.703312349225677e-08,515346168822.623
7714719.310594975,5.564807571572323e-08,529281476826.6348
7439778.97818338,6.20189414892877e-08,474836177924.3543
7489821.913530746,6.231450464676721e-08,476517359779.551
7527300.939895637,6.006902245114521e-08,490763478948.9954
9489662.024306893,6.853877769634457e-08,566621664060.0775
8411874.502479736,6.747920630699265e-08,507511796021.1324
8352357.768183289,6.94262819103645e-08,494454670885.1829
7604239.579399475,5.731128980777921e-08,511558929216.374
7586075.554880535,5.777038877214856e-08,507629637863.1981
7618832.471949575,5.551511894225598e-08,523537234236.0057
13210229.221751,6.005037150452412e-08,861456239904.4266
15410199.93529302,5.972612591615124e-08,1008552963189.187
14028966.43676697,5.865916142291032e-08,929255434137.1707
9623859.71368823,5.899978196015011e-08,635012604706.4562
11381497.73891051,5.993801402570535e-08,743129526131.9629
10654822.15064142,5.876785078063784e-08,704887267751.4138
11598765.5979012,6.247377131132758e-08,736681826332.1064
13544778.56668507,6.325263379449975e-08,853203903091.9722
12373298.40229022,6.153064087044336e-08,793885484112.7784
9618899.116418125,5.971165261158824e-08,629630816354.9286
10633951.5202654,6.159062271015842e-08,681843878832.5017
11376103.08560009,6.064084666836071e-08,737026915133.8702
9722637.193783795,7.230336460880604e-08,560202541908.0861
9828082.684925672,6.974344387513512e-08,580051484335.8553
8670035.461157029,7.063350937390081e-08,507395974686.9719
10966419.47463111,7.312672704770768e-08,627115348227.5273
11974787.40454132,7.383625171131606e-08,680384979604.7681
12861042.92254644,7.070749555914285e-08,752140921251.6027
17278951.04238827,6.204911473831311e-08,1102453585582.544
16557480.782406,6.100275980458813e-08,1068467387430.065
15530273.51157581,6.305056641146361e-08,980361940520.9954
16646502.83409894,6.455838581088475e-08,1034398543650.836
17301663.24381601,6.293516494282336e-08,1093517165846.041
15551806.1829054,6.394508319856187e-08,972544310013.2062
11517198.89067836,6.787382579069451e-08,692168738151.7274
13333511.43325693,6.80228229286326e-08,800156191821.2859
13724887.71385486,6.561368032859027e-08,843682811332.4347
17447175.23455053,6.410420373440505e-08,1089266422472.719
17267320.75448345,6.296845435923266e-08,1090961943175.122
17819241.57990326,6.265829169731037e-08,1129544943050.263
17809933.66396385,6.618388742136413e-08,1088497544009.267
17416427.25534942,6.531226408237721e-08,1073896872182.878
17123771.3027841,6.548105860819458e-08,1054036437271.32
17762747.42756911,6.592971143142795e-08,1088402065447.018
16939075.93477939,6.446482626237534e-08,1053596947856.258
17369765.5628405,6.505771563504835e-08,1073811581328.26
17310619.68681679,6.229163909519531e-08,1101605534706.154
17621595.37459078,6.139700023497048e-08,1132262497596.103
17863226.62818992,6.197920518737244e-08,1140589159722.73
9209227.787435342,5.489460728988129e-08,637583046037.0721
8617454.597192863,5.335447512793101e-08,608039466535.9978
8678063.310811719,5.498388230417158e-08,600158387595.1003
10982884.77698132,5.556706152196188e-08,754231743325.0406
10077711.75454024,5.578688321939855e-08,690251247443.0775
10671413.97313423,5.72485342156789e-08,718421057455.0156
10564315.86479064,5.457067160964385e-08,734291518644.1891
9070072.790846685,5.324926653501358e-08,640818467548.5662
9676933.362571353,5.478706765111246e-08,670840148034.7977
8697283.806619437,3.37824210744809e-08,832255093005.4196
8124515.047142597,3.404370327724621e-08,773463070707.157
7101131.067551502,3.510826501469106e-08,662299788926.1302
10204496.88810593,3.326131086123579e-08,986655081125.179
9608723.602013782,3.352969085949438e-08,924086590236.803
9450042.869946582,3.46236048224238e-08,889581188401.0387
10499189.79401057,3.274190304371879e-08,1025856247797.244
10609887.53474095,3.253171784152618e-08,1041132768932.696
9894746.700943395,3.300319459591375e-08,961687625071.5519
18197245.61758373,6.671071355034008e-08,1106305996420.386
18477864.76327565,6.718308969028092e-08,1118094391648.713
17986121.84150321,6.625550380909589e-08,1098473431650.803
17780914.84471675,6.309011819483482e-08,1121966460970.169
17116655.56077266,6.470633146130676e-08,1061991545526.208
17409250.95841508,6.453853123877983e-08,1082016875146.518
12275297.27031874,8.081587857920651e-08,656700810710.3134
12339907.15146476,7.917664954332932e-08,669237824180.3947
11567850.21084712,8.249854136973961e-08,610410238867.0352
13357311.08347565,8.125363466468494e-08,712017239759.6213
12697514.45334477,8.136477094952585e-08,676230017641.908
12658900.73743422,8.317163942859765e-08,664373783044.9036
13611313.95415583,7.762264648668024e-08,748010603557.2926
12851290.71952854,7.795360938327601e-08,704243092362.4764
12785353.92575556,7.960027131728256e-08,690933721696.11
16700972.03639532,7.433733036478402e-08,944648940654.8397
15034948.08822137,7.621614688690431e-08,836380579604.2623
16116644.67865729,7.619703468042741e-08,896704296965.2548
17105706.92405656,7.260008370153511e-08,982915716362.1425
17113352.05739969,7.108825024888601e-08,997248063463.5432
16010637.88511158,7.26622454167359e-08,919466884328.4437
18152859.42699162,6.742344040964619e-08,1095816338890.63
17809935.84168761,6.909796201508316e-08,1057674894929.523
18433137.43485466,6.789135177988466e-08,1107617028142.118
15007788.64696696,7.21829422293889e-08,865685848561.3726
13528457.96717316,7.564536879481859e-08,756356831078.8235
14878004.43249746,7.34936266285383e-08,847965594172.8416
14273688.72725226,7.933814663209934e-08,773062940532.2831
15503094.57300688,7.744292990022378e-08,853291094015.1506
14442548.55632925,7.747181434567358e-08,794720992423.4976
13726543.00721874,8.449331727383655e-08,712874260902.4071
13617280.61691448,8.204398119736949e-08,721205842507.0154
12912015.73861112,8.394964743497485e-08,673464636137.5669
14168939.47407002,8.393920950215656e-08,739084501298.631
14670816.83454017,8.173493390140306e-08,778961185204.0305
14057926.83287179,8.148814176837633e-08,747925491812.6263
12555358.36443429,8.931955590532559e-08,628344873950.358
12940989.07199812,9.051224591489746e-08,641942175308.7638
13515767.2451041,8.725878931968783e-08,687017683130.1156
13058035.72394751,9.078919128029576e-08,646430373209.8346
13019693.90486846,9.040346924355434e-08,646364321752.9613
13635379.20296974,8.75347758818748e-08,691640056358.126
15195720.30202065,8.38177238731531e-08,793409474763.277
14187628.87984996,8.780235863870185e-08,718189466765.6831
14680736.77326755,8.522034187834943e-08,758086920544.5847
10792295.8260532,9.976597374432319e-08,501717070032.4336
11394412.29485895,9.742936315577985e-08,538144229059.7433
12149105.35326797,9.464029097814631e-08,585005910004.2539
15299290.28821304,8.217104491197336e-08,809453823047.2915
14782539.64340384,8.35748904815844e-08,773330563945.6647
14590065.52754687,8.121700439872078e-08,777963576898.8689
16285634.4094935,7.710473197689347e-08,898981304297.958
15996446.50273882,7.971045889334274e-08,863667634644.4823
16561483.37138655,7.540745994106013e-08,927875465641.7338
13785679.50283028,9.074103152513834e-08,682693397871.5803
13726688.97161244,9.273288094429589e-08,670002811447.0096
14107989.64385292,9.100530765112582e-08,697301582383.5283
14327816.1037567,8.582459139193279e-08,736385964812.0919
14100499.68510636,8.795294595204151e-08,712963958568.0034
15105544.08727717,8.396744848062907e-08,787763283501.7843
13850806.3581869,8.742334222213423e-08,703164257745.8875
13194424.32669627,9.035543551474957e-08,655270964222.472
13627321.1996792,8.954832827583563e-08,680830240120.4337
15006084.55509595,8.201967012375596e-08,794917473863.5526
14553359.56316938,8.434178586413763e-08,756719161103.9177
15337104.43333725,8.247906866318089e-08,809432943339.2106
14421611.24417898,8.003821807046948e-08,776513201483.1818
15042294.44904317,8.029474865535313e-08,808207091862.7539
15657239.79659324,7.815677711469058e-08,856519867971.6077
14224145.26519581,8.478300022176308e-08,737033098761.5975
14278528.10530999,8.490828008171172e-08,739123047651.8724
14726990.89640543,8.25951455609165e-08,776505142838.5371
13086826.57536267,9.243393418413427e-08,640147502268.7897
13412461.41602508,9.574130135374518e-08,640878351236.6842
13517969.01787522,9.162905396136982e-08,665103620062.1963
15527870.02246713,9.935488888988255e-08,723856356390.3931
15065772.43200634,1.032323206577876e-07,684616890418.2404
15150038.331026,1.037583849219664e-07,686117131050.0996
14657944.0014135,9.159005573654368e-08,721396740982.1139
15136582.22028881,9.39720870353823e-08,732310468976.5306
15130785.27626009,9.241627229541042e-08,740222877907.5497
13682682.68251372,1.101550071926218e-07,595436006386.7378
13143499.093341,1.147512041120832e-07,556595253664.7991
13421022.65408712,1.12230743316701e-07,576825409720.3573
14892264.3529423,1.036663309776995e-07,674842229362.8043
14355421.48503076,1.059154721870476e-07,641273081989.1967
15046931.49577404,1.02119507464699e-07,688719113992.0474
14836168.12959093,1.050796163955045e-07,666258496604.8102
14822018.42132836,1.077728061708989e-07,654487296369.9979
14300346.59508478,1.073289801538443e-07,633191721837.0707
14955257.4471223,1.048764996449226e-07,672473390731.6354
14770896.40155947,1.065227309959521e-07,657322740653.7661
14941051.04928058,1.075689441232754e-07,660576641262.8455
14701019.34434568,1.047911085434376e-07,661400460028.9028
14884945.14608318,1.031412946072384e-07,676797667060.8344
14660929.67758978,1.006330599892505e-07,677643158728.4203
12300458.83686971,1.039235591887289e-07,556474546105.0056
13900449.76085495,1.049549315402736e-07,624731809242.3291
13326580.19185796,1.007030315492566e-07,615682799166.2034
11776160.31841372,1.003499802566481e-07,545329320083.1495
11785685.28200835,1.027777118735822e-07,537141708939.2635
12790540.2365692,9.955218057843297e-08,595463350554.6033
12705883.62660556,9.407144324489372e-08,614279942987.3925
12002876.2400007,9.817371067620055e-08,564012233429.4052
13026773.36853367,9.737526676088368e-08,615466497436.4834
11095841.87489155,9.930779393767521e-08,517413833902.3452
10304949.70685212,1.033610573154766e-07,467887289838.2789
11142196.88378825,1.004184642153873e-07,515737184273.3957
12044205.09005654,1.058334713403841e-07,538306281914.4142
12275631.41909952,1.083442355332241e-07,540140365153.9748
13627954.12966896,1.068656776559754e-07,605162256715.684
10235330.70980896,1.130983801037205e-07,437654054772.7098
10334851.13584338,1.159040529264843e-07,434748885139.1994
11249682.46346185,1.116039996902795e-07,485311323541.8423
10066918.15849954,1.066796434092094e-07,447550624738.4586
10115504.28051515,1.101681039700435e-07,440166467961.7353
10903790.66933258,1.061651525462836e-07,486320802010.5526
9293119.885926511,1.127423376807037e-07,398202072552.3928
9244035.981894772,1.159334814895376e-07,388796525619.7634
9630313.565276602,1.133314844028059e-07,411219193182.9511
9126753.728801738,1.128157257179596e-07,390903810831.0128
8961845.31970281,1.136215645114381e-07,382023665329.4581
9078111.745138111,1.160072227012624e-07,381656067615.8809
12529150.89066081,1.10274082965646e-07,544844623455.2935
13064274.74074131,1.135584737367318e-07,557107417015.549
13895003.60103892,1.088026154759169e-07,609676010484.8342
15657692.04371423,8.026897619182024e-08,841451840348.6689
14940110.20844705,7.931386711455899e-08,809321449946.0928
16216766.24288877,7.596473371481367e-08,904113408383.215
15119648.76354713,1.015581957159649e-07,694595104412.196
15275489.17217069,1.000115501557815e-07,708970809257.4415
15258814.40723758,9.748409252329975e-08,720385487654.376
17151029.24749197,6.603115409382023e-08,1049842771284.066
16650938.40608993,6.672428376115867e-08,1012160614449.5
15886059.73286306,6.603479874830106e-08,972376121662.0428
16655180.26542417,6.417797293341002e-08,1039023428578.259
17265141.09702727,6.518583919166862e-08,1065944577409.389
16434780.16132398,6.435195426778494e-08,1023425119421.384
15570389.44158738,6.295308386813564e-08,983908702938.3807
15841275.57152813,6.280704620155491e-08,1002577382175.062
15935663.73063478,6.363148113839427e-08,999820725895.2229
17001583.05114881,6.325341785403461e-08,1070943838233.165
17180051.81716431,6.43874726207975e-08,1069441132810.874
16751735.46101456,6.379734598676267e-08,1049199475209.442
18233252.85423782,6.726126409998973e-08,1102437907099.043
17236060.41770412,6.702881321365049e-08,1044552616040.983
17744797.66985666,6.633732041522177e-08,1082843685913.945
17261415.61945827,6.98987606434424e-08,1017255607744.165
16462763.88816524,6.984611909574793e-08,970676605554.6434
17974606.40346124,6.853450334968268e-08,1073296902441.206
15362929.35729395,8.053286591673748e-08,823806593974.6915
15697840.59589233,8.098665430121376e-08,838618185982.494
15984328.79682631,7.839139725987273e-08,872667497075.1444
14746871.9754225,7.813798578540948e-08,806848077733.0543
14873881.44879498,7.556445451006819e-08,832171071731.8278
16015414.65482787,7.478847969742604e-08,902225402822.3154
14876851.10239293,7.37035137907697e-08,846289373234.2964
14069362.2690427,7.798795669906301e-08,770766299799.6425
14407989.25302055,7.723330822970286e-08,794450697364.4471
14419728.50453838,8.888163703945272e-08,724017483442.0823
14479106.27875554,8.680997025637984e-08,738519586116.615
14585345.92295591,8.603579713378205e-08,748394538008.6371
13920560.98912078,8.086131602028937e-08,744439714552.1652
14221269.30803834,8.108330340940336e-08,759132185223.1832
14305700.553981,8.421506939989094e-08,744587811761.2837
14198200.3973924,7.96149647658867e-08,767190995357.0056
13862062.46998857,8.037090698034371e-08,744323856327.0886
14033332.78932567,8.323181885721103e-08,736152685472.4325
14359445.38416249,7.660738438482891e-08,796080971443.2529
14234656.39741932,7.918133832725919e-08,771966456512.5283
13933805.82096402,7.895969827646101e-08,757064300162.8053
14906986.53800138,7.317068639443729e-08,852115450352.5549
14526800.19537559,7.510428520007774e-08,816068883170.184
14098668.86579035,7.745622860095032e-08,775902609321.9824
15701571.04852998,7.157814204441341e-08,910799593017.2887
16261178.53267017,7.314911948588075e-08,929706675862.4536
15110758.71755776,7.392428178833437e-08,857883263262.144
14437798.57012095,1.076721728950666e-07,637918690441.3616
14089768.27749453,1.053430473420931e-07,631684081017.1348
14331661.94388844,1.037431928705908e-07,649117745698.3865
14851066.41255341,1.104880816978501e-07,644981638625.843
14712902.68242533,1.09391622191582e-07,643243866737.7821
14944357.53069961,1.072178871057218e-07,662164285252.5634
13256694.79769938,1.183941829340233e-07,549813013233.0734
12118032.52095389,1.209268582445095e-07,495545572775.8021
13129149.02800176,1.156318158637131e-07,553161162701.7627
12867226.65016641,1.022374613030573e-07,588497894035.3655
13190897.49251043,9.784013073631269e-08,621245127962.1554
13271910.90847723,9.79231160104492e-08,624707386766.4506
13544097.04352375,8.938835074879958e-08,677479420242.3903
14128362.72850968,8.541344943379581e-08,728463275332.4087
13496048.95615935,9.276846392544398e-08,658576760151.7208
13597168.6879513,7.984404045509148e-08,733308661662.2089
13743329.12795019,8.129019235267927e-08,732374441321.028
13599109.9331089,8.401069222418277e-08,708958437892.751
13719504.97355273,7.728943921026755e-08,756121645282.5155
14091777.20373654,7.379924568967626e-08,800936009421.4381
13866319.70411415,7.873932472002202e-08,754802654006.2047
13629671.18961296,9.057546622360723e-08,675789842804.8242
13881079.97190833,8.484432864092695e-08,718910308910.8146
13632964.96726172,8.68664541337056e-08,695059935915.1243
13249572.28595265,7.359024179216189e-08,754492694448.7087
12227885.61286276,7.715601518912163e-08,674690881710.5068
11532664.62690095,7.646325233349809e-08,640168772012.0179
15670211.4584619,6.713538612959392e-08,948652588927.5898
14889503.33973317,6.790612856058691e-08,894556063774.3467
14775163.03804162,7.018650584151151e-08,868353449406.5293
16321994.55130506,6.414909047369125e-08,1018543448753.658
16241068.19543095,6.54642866657655e-08,999873281381.397
16158678.66543221,6.558536764027524e-08,993576260459.9387
16242350.20193966,6.380932686450954e-08,1017168169653.848
15842869.79644473,6.422095480858159e-08,987906889679.426
16161621.77615378,6.512246894244955e-08,998460834750.4309
14117238.28520674,7.735099196158798e-08,777629069094.7031
14018149.34905148,8.147108616680997e-08,745913289997.3058
13827840.79187455,8.322265679719774e-08,725426338770.4681
15784231.34392642,6.695187192383746e-08,957300505444.9141
15865661.88737234,6.682895376798468e-08,963418733245.088
14842948.37196655,6.961880623915376e-08,877073108323.1064
14345688.9274126,7.402395161073857e-08,813716706250.9661
14147598.62808203,7.917164035657563e-08,767307838492.6879
14247143.22278936,7.505266949982041e-08,800725564263.6278
14243264.88691948,6.76682198527814e-08,857734838243.1896
14441683.13114532,6.853623848366654e-08,862324982743.0088
14312630.53873132,6.983649526342719e-08,843978085261.4869
14469771.68443184,7.301919528582823e-08,828266920744.7153
14880533.36860762,7.377454360870943e-08,845955419599.489
14594500.26064862,7.834315240501231e-08,797116624361.9493
14893047.00042115,7.496825773187353e-08,837655185747.7991
14519162.2280804,7.779242062077442e-08,796740146030.8716
14606893.0659849,7.953358212464533e-08,789812775761.2308
7611584.5190218,5.896650675977159e-08,502425269155.7701
7610012.726982807,5.786272906094838e-08,508689501246.0778
7622178.254533054,5.707141402821667e-08,514201507785.4446
8776969.233803561,6.048065990190237e-08,569639673210.3339
7987554.944213702,5.987166153287981e-08,521914846973.4083
8371998.787650643,5.896577631175685e-08,552623237800.4719
7464738.400920231,6.13328760967434e-08,479975465938.2049
7570530.318349946,5.892498553742103e-08,499950085107.631
7572098.027897106,6.003338885958307e-08,493879486377.3527
8211118.782388905,5.585096064384757e-08,561972723110.8551
7768510.968316927,5.515234142625711e-08,536160909063.9273
7735433.502489203,5.740173779930393e-08,519837928467.471
10220533.30990599,5.788986553852242e-08,682975614286.6261
9639690.194138484,5.64256360264787e-08,655257651753.6002
9211340.38330657,5.811910616000143e-08,613917782665.6896
8293506.491760592,5.314584457883192e-08,586712462840.8806
7906499.872023652,5.40850662179793e-08,552839871980.2562
8352967.10418084,5.478576994721055e-08,579067145010.7196
8400204.869643835,5.116290227162412e-08,609517851650.91
8574606.814223545,4.922895669068857e-08,638362147161.8558
8214449.286502705,4.967895297473991e-08,607850572387.8274
13175368.49748432,7.273935332512543e-08,756106805212.1472
12670090.30896125,7.121090130401063e-08,737477410417.0702
12104960.79441805,7.431314444512786e-08,684835547571.7456
14154382.34710466,7.53872908473041e-08,793156397975.8335
13647075.66984592,7.404795692780663e-08,773922630314.0234
12949371.411429,7.666311060103771e-08,717559187711.2783
14543462.98068337,7.384462041009847e-08,826269879645.6375
14470084.12874656,7.04909324818222e-08,847973380270.4463
14029167.87021221,7.250446575466818e-08,806842452343.1293
12630404.0007393,7.985779547078681e-08,681091872088.8289
13891753.79333767,7.68400958254822e-08,768596635600.2002
12698224.23087516,7.811550067852553e-08,694893385818.28
11911060.27492451,8.467040574082295e-08,617726162102.5426
12581428.550637,8.24803748797585e-08,663992037636.6322
12218226.76043091,8.229680806773759e-08,645782373584.0419
12858689.67894231,7.069462373518534e-08,752094577210.1536
10592097.47389541,7.053244989847536e-08,620472668801.2994
10788282.34798164,6.872655102528842e-08,642987609837.8098
14662428.86160944,7.362399289383071e-08,834692170850.3101
14499466.61379179,7.162421868439932e-08,840708479873.9933
14588750.12177791,7.027035537102127e-08,856715555381.4275
13494224.01931359,7.517926926277674e-08,757557930435.8123
12150392.44378569,7.554289038077366e-08,679925360721.4198
13763499.06317945,7.298957797653727e-08,788052145794.9442
8897095.770684863,1.403693357596475e-07,329407464017.796
8336568.179073984,1.393025069870186e-07,310228256008.8262
9537494.027472649,1.370768025768706e-07,358749773259.3718
15608180.51774823,8.998374277198085e-08,777277764061.7987
14421371.73599969,8.824317511672223e-08,727588491135.2704
15048341.71123681,8.505791161412393e-08,778058349248.4738
14889969.30968574,9.221371694636909e-08,729508098247.3575
16364895.60589363,9.531184127605061e-08,784299610886.045
15779994.81384815,9.013879353969496e-08,784932591839.6417
13960095.9532164,8.529813451642799e-08,720435958494.2996
13772120.99673703,8.712079861945724e-08,700787367157.6659
15062651.10098764,8.711553924387835e-08,766486182852.4034
13211638.28346436,9.182680714035507e-08,649098121312.1989
13286095.83271369,9.370685287330426e-08,643995964210.9344
13772699.59987713,9.223086078986481e-08,674685795955.3357
10091479.85986944,1.091587007185711e-07,441823982489.3254
9943162.33024402,1.136263290773694e-07,423843192552.7454
10107696.87833481,1.133487468543137e-07,431559876940.1313
12151746.85446403,9.893615364297544e-08,568070232324.7308
10641730.80304853,1.034588346176464e-07,482874065407.0689
10718361.96740155,9.956339891217446e-08,498955648263.9449
11485031.22326378,1.086163501566485e-07,504508758468.8105
10276526.81153304,1.124418329299852e-07,441124401358.1713
10427301.03767257,1.079736209436849e-07,459861234957.0804
15548465.50339317,9.467346557594299e-08,748517602311.4296
15155376.11111522,9.958645011511603e-08,705396365410.6522
14032164.25809971,9.719067797673325e-08,663806629428.3737
11696476.99386773,1.134953443652855e-07,498964567205.4232
10584753.11620583,1.138190803716921e-07,450682489454.1927
11810747.21096461,1.099994345296829e-07,514458569583.9208
12859126.49378308,1.119139012945845e-07,553718174150.9908
12688823.73069059,1.12381892678747e-07,544866954993.5084
11833553.99847758,1.160940037546791e-07,497250624826.7142
16135440.9644369,9.019484605960267e-08,802280723715.4657
16726832.94721296,9.536800094521543e-08,801330980389.4335
16295055.30769805,9.243588611791443e-08,797068108575.1995
15608278.91734107,1.018937679899715e-07,715467540736.9911
13511425.43970191,1.067469397081142e-07,600432530369.6754
13558968.61090035,1.085113619638603e-07,595995772201.9666
11533679.99513238,1.243449755503553e-07,462965970474.5148
11187295.93226705,1.233329055397959e-07,451515313615.0805
11766033.98297168,1.182680678748108e-07,488335650233.2435
11085636.691541,1.370367439817049e-07,417063919771.0569
11223075.03293003,1.337934018680991e-07,429031061145.4097
10931508.95313827,1.342610331647394e-07,416914300066.2084
10412885.69937217,1.13499639514344e-07,444196139503.1621
10922103.86195347,1.146799071844501e-07,462716244941.6147
10649295.44482977,1.088559129921362e-07,467110388557.8271
10224080.437613,1.075161424840011e-07,452177006959.3359
10240403.61036555,1.117086880866646e-07,441494983316.3138
10474858.23447078,1.070632284520406e-07,464573675252.5127
10364259.15781979,1.205895187177198e-07,424618152172.2002
10849569.18390677,1.176113625580823e-07,451973500470.2094
10342064.93517713,1.164329673840795e-07,433733815800.3972
10207391.93906379,1.233579802474214e-07,411910906173.5663
10164105.78190448,1.220972202465277e-07,412982826094.7329
9977311.337469704,1.182165832039926e-07,414217003400.353
11063372.2332403,1.252778182508715e-07,441880398609.0671
11031914.4809198,1.19822072213494e-07,453899463251.8197
10542496.76059077,1.228009465247132e-07,426719346644.9478
14440593.14469753,7.354056942232006e-08,822685242004.8333
15200535.24783055,7.072572359986946e-08,888806621011.3821
14663932.44430095,7.441057781815117e-08,828884464513.2366
15646843.65529188,7.280813035814503e-08,897374016677.2256
15091017.73094201,7.423978735804324e-08,854333395734.8649
16161024.4006507,7.063556776030134e-08,945772304986.2292
13596162.70059969,8.075487940632792e-08,727730378191.0547
13689492.42241802,8.286093452207568e-08,720256955608.7253
13859966.87013438,8.129742833477343e-08,738546175622.467
14586460.22918797,8.327756374978154e-08,764888100354.0327
13969290.25421724,8.646907918559054e-08,714387398397.7153
13769531.87762726,8.2889063313522e-08,724304229445.754
16549165.99937887,6.62262170781175e-08,1011011618935.417
16340149.20878897,6.718000396587552e-08,988771639343.7703
15973792.7819548,7.050557340788801e-08,935963861074.5978
16147056.5291246,6.267529043853953e-08,1023361628705.055
16383870.09980255,6.522448917421009e-08,1011135531085.212
16593165.44588922,6.427464983049766e-08,1034116411794.878
9751040.259696741,7.883792450327591e-08,530347868692.6537
9413769.43080676,7.953825564810615e-08,508994217923.8502
10546889.88184771,7.882633879261603e-08,573689420765.962
9515638.867696118,8.122004098137752e-08,507375098589.2682
9162133.827388721,8.183222682924491e-08,486086677339.8704
9311794.564110361,7.983480423917777e-08,502232958681.0361
10373908.20889071,8.144948079771355e-08,552098864719.2217
9999991.633461526,8.093454361217489e-08,534454028868.7753
10531562.57941229,7.879038234652892e-08,573029975480.2228
10236673.57677425,8.281141981600213e-08,538805517531.9576
9983937.46451626,8.423603933429566e-08,519561018667.5516
9865261.246978639,8.229538088582637e-08,521424721007.3599
12372729.16829615,8.177491052240796e-08,656727881684.8685
12839746.46547686,8.159129669329269e-08,682538611643.4771
12597213.9646673,8.047000404540121e-08,675852343192.9197
11022084.96282858,8.295187582558701e-08,579490445998.803
11567831.15029892,8.233208928685549e-08,611231672095.7303
10438547.1913099,8.188959508744279e-08,553546670817.1481
11498963.65544589,8.347911352673508e-08,602014311288.6072
12356016.53829981,8.401309140185057e-08,644140348430.618
12056249.76965409,8.28620089349608e-08,634320281887.5812
9470654.863580916,8.261842231956391e-08,499262267771.467
10491285.67516579,8.302356487731429e-08,551265899000.6907
9922165.638094725,8.196206443917717e-08,525853231266.9189
11257697.43842257,8.566280479988261e-08,579323811036.1639
11826733.92685637,8.65357469095676e-08,604506713869.0629
12259228.87607547,8.518766080041718e-08,633206490703.3842
6205815.910408795,7.240514477158579e-08,357233850198.7497
6337901.443939692,7.30522461883037e-08,362679575573.7773
6330999.474738053,7.173485590359853e-08,366706654182.4614
7314600.089326605,4.941552689740126e-08,543185664843.1996
7085424.818549447,4.814178593638757e-08,535407473809.3395
6221511.627108957,4.983671281716281e-08,459405641967.4807
7115927.116084685,5.560759163003837e-08,488437238439.5983
7631212.04398368,5.333599058209432e-08,538575521840.7814
6864041.584892282,5.414006581725307e-08,479623793459.8792
10120228.96616287,4.746472831568927e-08,771986440239.337
9587887.012125557,4.61636267551501e-08,745057218631.5234
8578196.057677601,4.854488001607447e-08,644614910090.0963
12024601.8522915,4.215320663215918e-08,992773768963.4011
9359949.091034716,4.344327047898022e-08,757399728565.3722
10111286.19231872,4.407730205359962e-08,810332144760.0033
11745089.37895855,4.080537118481009e-08,990934093824.9069
9106305.340123199,3.875433351836126e-08,795173735154.353
9113537.177197481,4.211699695277709e-08,752861990013.019
5500083.030402878,4.604031877528185e-08,428164212361.3186
4958254.378093076,4.34956544486849e-08,400895847222.3315
5161461.667786419,4.609728291460209e-08,401472517347.5267
9718927.583613664,4.48314994448507e-08,770127863192.4817
10738690.28929083,4.278049194441206e-08,877918365603.5853
10005958.53721377,4.368828477916836e-08,806644238064.9092
9329616.765489455,4.994875362691589e-08,687882140542.8778
9236632.459056325,4.721961714060318e-08,707020525030.4032
8964566.582556376,4.849306644406392e-08,674128775450.4264
10133696.72435593,5.066858812235332e-08,740074375876.12
10142355.01463802,5.026361315112847e-08,744679969036.0186
9629151.120119018,4.771794879878104e-08,731925410038.9526
10825924.94307582,5.24636057423773e-08,772490098185.5359
11725021.23466443,5.479500911156457e-08,812742497041.7084
11492824.45102209,5.454409144798076e-08,799088655355.5225
12383520.08610815,6.458043302873911e-08,769325529490.5421
12282089.09205139,6.561094983820372e-08,755013458720.9779
13102535.15818787,6.372033678181224e-08,821302778463.3582
13657920.28390859,6.398097724409863e-08,853789207623.129
12542761.08169272,6.464404396262824e-08,778707107186.8293
14530770.64483516,6.257559460905764e-08,921903204341.527
15970442.36888197,6.214447522856912e-08,1017923785672.293
14511103.53434373,6.335621818275693e-08,913077435229.7642
15410387.75926671,6.19493609160209e-08,984288353436.1062
13395334.80920392,6.660036000077346e-08,815271990403.6626
12047871.15647624,6.741078999246982e-08,727373324720.8839
13330938.7495872,6.533836863366766e-08,821766706043.042
11070066.15252637,6.808917280987545e-08,663893134316.8524
10489282.98457037,6.865553533378925e-08,625598113243.974
11244192.15256814,6.667874713880901e-08,683811874281.2784
9968055.789264567,4.516376507685641e-08,785990023302.8657
11035903.2187834,4.502685390763919e-08,871953812784.1787
11000481.84514034,4.311453039207773e-08,894669437687.3037
15193264.06275146,5.692312387790997e-08,1026735556738.156
15641916.66111294,5.705612689956206e-08,1055411388266.769
14147370.35036745,5.623254014487625e-08,963867317657.401
11363021.2522045,5.765362562830809e-08,761393917615.2917
12897589.38520903,5.743608516726947e-08,866400430025.7633
11684355.27354637,5.598757807743912e-08,798381195906.51
17956355.26508608,5.775145205326596e-08,1201829658237.401
16597761.53541342,5.743402778805841e-08,1114987515678.708
16135505.82634015,5.730510334451551e-08,1085559713626.892
10769669.07081809,5.006045085276966e-08,792877062513.7917
11604790.48441077,4.994522746275318e-08,855673286366.3397
11322609.36318438,4.738029413545768e-08,864731651939.4091
11495165.54194708,5.423398052965657e-08,802295290129.2708
10605102.37278892,5.189955598687751e-08,762206129476.8901
10596248.72550812,5.229750259224003e-08,757701552636.5575
11472399.26343301,5.373051782175054e-08,805700380800.4282
11642607.91683,5.153451283449771e-08,840720212624.8005
10806101.4897097,5.16476652790966e-08,779175424002.861
12229320.45318983,5.603118999593142e-08,835184503967.7062
12828776.34491,5.740671344711182e-08,862071811223.6582
11992158.07896518,5.577865277640616e-08,821457938590.6439
12919793.07787111,5.426390259729113e-08,901394440360.402
12561587.58838791,5.394003886249666e-08,879907516378.7339
12918278.99547036,5.633532264022555e-08,879057875481.6711
13203838.82103823,4.968914330272228e-08,976920466588.5922
12812229.28058053,5.308805061121422e-08,907040856420.4761
11763222.61828512,5.470266152767188e-08,816307922162.6985
13445934.79600753,4.904217711095454e-08,1003562689231.18
12690695.83111286,5.211624490624133e-08,909571179545.1108
13050724.52998839,5.244163260956e-08,931502061563.7906
10483429.26441056,5.208421267926656e-08,751679374052.0522
10988728.34335471,4.887117459462378e-08,822076535533.0776
12548750.81722108,4.831754553145957e-08,945940715974.8748
9623757.544550572,5.740829830884964e-08,646688131620.0389
9819745.938253717,5.547349441635104e-08,675113152450.9518
10460718.21053254,5.672142421191104e-08,708592827436.0598
8793105.206960222,5.589134931445186e-08,601514184662.5898
8013075.496776479,5.202390920213854e-08,574994793907.0048
8137940.327893939,5.26655767935955e-08,579201846512.5748
12925356.61832114,4.450236227817119e-08,1029249088697.111
11856145.98286129,4.599019746951104e-08,923634234896.5339
12144858.5107117,4.855667940467189e-08,912486553339.3456
14437941.77873254,4.050782892141845e-08,1224088002677.577
15281915.17751374,3.967114894660344e-08,1313795991306.437
14240522.93277347,4.416470983495718e-08,1139748466547.1
15464943.09781547,3.860663691255685e-08,1353859756246.423
15301405.18716628,3.834495044693245e-08,1345630622117.393
14276236.05793201,4.098259854274819e-08,1201012126730.645
14128343.28483092,4.467500226768638e-08,1122142944558.81
15165698.14851272,4.018741748703662e-08,1292614456345.953
13988779.00971552,4.256300873286507e-08,1147514712980.191
14816782.13120053,3.840361165209757e-08,1301684845582.836
15774992.2469716,3.575232156016813e-08,1453560087114.614
15671600.20461596,3.756458415214592e-08,1397207646079.245
9229885.932490274,3.737882876287623e-08,825618104640.3328
11312033.45904742,3.649568394253918e-08,1028126002473.954
10143972.46157215,4.007810605372926e-08,866170259938.9404
14500100.82466523,3.899087283928154e-08,1261040545827.574
12371709.59376139,4.119210548023942e-08,1037258629088.19
13502607.27070155,4.162052080396831e-08,1124292454534.978
11811872.86725953,5.406977670654261e-08,826067837060.392
12153963.51818426,5.300801246338382e-08,861304893471.3118
11984572.23419261,5.187548493163422e-08,861617327725.1963
9483968.882843085,6.895646477934895e-08,563992672468.5594
10931304.50204395,6.767148991193154e-08,658266115072.9543
9409651.908170084,6.966151422917705e-08,555791137732.9929
10273449.58732105,6.480770845775547e-08,636744472863.0199
10253944.95670857,6.617774000018036e-08,626733670592.2046
9174940.792628389,6.673757250734103e-08,557643100511.1252
12202111.5042557,6.368493391836759e-08,765145193257.8457
11861213.04583794,6.583764243485944e-08,727466378061.3212
11174064.94743567,6.577440323285452e-08,685761733193.7117
13073660.88308956,5.9395483225068e-08,858805734427.531
13367871.07922463,6.189032721853764e-08,854372109548.3784
12889461.20058793,6.162975128956778e-08,826116228130.3066
11995082.65081486,5.563283554567638e-08,823093390125.8505
12731188.37161498,5.812689271603646e-08,848432974328.4417
12339797.25393545,5.45694175516552e-08,857712643325.3483
12765648.84892477,6.033422599987197e-08,829851525612.2374
12827620.06439071,6.154379941429998e-08,822917981766.1478
12986899.34803629,6.046047025707725e-08,843058660507.6628
13367004.28650628,6.189494289694166e-08,854274237738.5225
13773790.76050002,6.110067086650023e-08,887883861464.7639
14729910.46423778,6.144681375465545e-08,945947851131.2742
13242489.74560128,6.301117205827443e-08,836291995579.9423
12828605.23712475,6.276272931276393e-08,812290848606.5431
12519590.76252805,6.386734891042995e-08,783557502815.6187
12844486.12065073,6.043009248338871e-08,834093162734.5919
13306421.41807152,6.084719809600678e-08,860136842882.1906
12906648.16917913,6.164295870874407e-08,827099619621.3555
11938289.23006389,6.530773795883295e-08,736148902078.3452
11319078.40598352,6.662126291062497e-08,688761972002.5618
11838702.10977569,6.633837003420191e-08,722427431730.5946
10322662.25074498,4.923985241194575e-08,768387968675.3241
10864150.88846799,4.656236689997105e-08,839406683814.8333
9804857.719263835,4.668710826096406e-08,756211560797.5582
12569848.24103232,5.914242925314287e-08,828064046142.6334
12789402.72109666,5.92712438693098e-08,841306482505.896
12051590.94157386,5.67764646830814e-08,815828396758.6528
12775574.91789583,5.027616371595704e-08,937862199297.4453
13533298.86655415,4.719948885262513e-08,1036204504342.056
13396712.59833125,4.508390289837222e-08,1057589758820.421
13532940.90973928,4.218891706937695e-08,1116674503787.081
13341831.14321485,4.584648131621117e-08,1041545148130.405
11731656.81769149,4.639537206075675e-08,908607343094.9698
11776939.29631591,1.791719645378953e-07,370554762609.9094
11474836.18510072,1.790117339334819e-07,361264672585.8533
11512778.22209529,1.825175160733679e-07,357802830765.0156
12814619.99211089,1.823761822817891e-07,398468185195.9352
12259573.44148113,1.80692400754729e-07,383573652068.3213
12594080.58443492,1.867251626089282e-07,385506084498.0737
11952468.88628591,1.82448642318561e-07,371561349218.6514
11805865.02921128,1.826069410059569e-07,366791806984.1204
12239669.47321585,1.79102733002956e-07,385213543699.3272
12125710.52617154,1.729470566807482e-07,390629537429.5795
11815433.30602746,1.719993244857603e-07,382030900583.0198
11968595.59753386,1.75861865719496e-07,381295847388.8317
11537940.64237002,1.682945054080958e-07,378513763274.7132
11349762.39849667,1.629654670435321e-07,380413901900.0328
11355577.7219938,1.673508016860059e-07,373930338498.8772
11814715.87560341,1.767712473921556e-07,375101554819.2311
11662544.550426,1.729126582683943e-07,375758480327.678
11512125.48295364,1.766094019534464e-07,365717970905.9189
12196733.92280327,1.708592539282638e-07,396111890404.338
12252089.7193836,1.675085747004476e-07,403198405699.3735
11885543.46281003,1.699067987944695e-07,387446616712.8058
9844965.864635369,1.459651000519416e-07,355125230364.2025
10671585.60402778,1.409490664250018e-07,394022313575.269
10271042.96761843,1.416562510078325e-07,377970045981.7506
10373981.32031171,1.331598865792375e-07,397829072512.5665
10434839.27417763,1.305685617022163e-07,405440084792.4308
10908008.25729861,1.294969729621326e-07,426159702105.7899
11282889.27510711,1.398584798249451e-07,418756078293.1633
11393629.00244153,1.426620243893113e-07,417307784007.8801
11753791.76062674,1.395253948449315e-07,436927270777.6046
7837328.43089782,1.399244351186427e-07,290785226694.5493
7951528.516291512,1.422854399194442e-07,291749629682.2056
7908999.837621026,1.382534078497548e-07,295804200303.3022
11162849.72986376,1.384207325150538e-07,417164794019.6736
9586723.010688251,1.401455268197712e-07,355318117486.2263
10251054.04529649,1.368593923355302e-07,385998353014.3659
9587797.157832006,1.475232152287638e-07,343409199069.3273
8628754.890415011,1.493947765999046e-07,306472273737.5891
8966785.98955537,1.44477360672231e-07,325664389078.4696
10251313.3523432,1.145425835990768e-07,434645171105.4124
11124301.9112777,1.10110251198688e-07,484232868306.2795
11320744.93682825,1.084210185093373e-07,497889174685.8595
9128406.485878594,1.223388093286138e-07,370412361198.6018
9532231.85297461,1.189314724367224e-07,394151696353.8406
9653062.428119829,1.181524522592909e-07,400900521895.7116
8638089.973090619,1.283112815353423e-07,339553200419.1814
8528218.9532446,1.295389042984532e-07,333112959606.1443
8728043.993670279,1.264861344237018e-07,346381732301.4537
9064961.656018112,1.264485893378253e-07,359823877237.9908
8801827.233871436,1.273600796824046e-07,347710088644.1166
9014725.395799618,1.247919655041247e-07,360989651278.6996
9258304.381969774,1.305248820016075e-07,359806702085.9222
9067118.291586606,1.325044317505621e-07,348858261633.8455
8850134.589118108,1.297154265221992e-07,345373323645.251
9576359.740999484,1.244621464001173e-07,384157156407.3209
10124966.57475284,1.222650932584001e-07,411015887197.1079
9716235.0276738,1.201752497989673e-07,398983242788.0153
8643179.944024483,1.292050035317234e-07,338184734542.4478
9105494.684324963,1.270290156504752e-07,360330969341.548
8844339.531554213,1.261647861158195e-07,351592797219.4866
10073792.50752341,1.341988408460853e-07,384320742652.0747
10825418.78667421,1.355860788868571e-07,410173852785.4336
9781767.136161383,1.299185080799913e-07,381332045784.6268
9867574.563640425,1.277624803648213e-07,388992767933.8094
10915678.03326596,1.334341540122298e-07,418028648780.7633
10424345.13749349,1.255783994324753e-07,415692465541.467
11586561.09581574,1.334405466740427e-07,443706728298.5469
11815154.86245544,1.292313085439271e-07,462232974607.7814
11661948.36139543,1.3845689391196e-07,435740630680.1663
10659759.15889769,1.338415238294132e-07,407399174059.0754
10049402.11186371,1.371062874741449e-07,377950835754.2035
10248259.64102726,1.366505972199102e-07,386286114371.3271
11383079.73531761,1.417532752773168e-07,418701364745.7657
10712581.24565681,1.4241708171005e-07,392813200467.6227
11308600.75023886,1.367369889419886e-07,426073833322.7982
9846144.944019014,1.40008739921872e-07,365170870428.636
9834739.666038705,1.454518632261216e-07,355590384724.9749
10042991.07599891,1.395528718397447e-07,373282151530.3011
10003696.8085948,1.530434194938832e-07,349637022836.9977
9843875.302234309,1.499866162186187e-07,348710024254.5281
10148925.07008905,1.47324146730464e-07,363834677509.6136
10037639.91518716,1.553769901791442e-07,347301886505.4985
10286023.5767726,1.566937148409889e-07,353899376570.261
9877546.405981487,1.523303209236106e-07,346304531160.3431
11401200.26352488,1.750149489566572e-07,364390582011.3885
11550895.25207826,1.713025841473927e-07,374489549289.7474
11368429.57573659,1.70369814808785e-07,369917923816.8073
10001957.4463517,1.571939329703674e-07,343395407301.7021
10157750.53716971,1.639977141329309e-07,339030689615.3519
9368912.554287612,1.618899061899061e-07,315410396598.2567
10047654.43239394,1.479172629706449e-07,359240629385.6065
10043697.9767985,1.514642806424041e-07,353470759901.7693
9679243.276406322,1.493221303722927e-07,343894545255.8013
11016622.02173133,1.561958941053843e-07,379841174496.1656
11755631.32490583,1.617185409469833e-07,396040330737.4526
10644197.91103007,1.555991583653601e-07,367938114564.9518
10574603.32964683,1.576684331499387e-07,362327182938.2173
11682487.70708407,1.637880645495189e-07,390253822290.0803
10734777.19724264,1.644722975930353e-07,357600289814.8717
10245650.99424173,1.509957271264749e-07,361323703371.8466
10642890.35096139,1.526277370983986e-07,372652418642.934
10280894.76377215,1.484823008619657e-07,366646706254.5651
10427641.91814182,1.532425773214953e-07,364138398221.5338
11019716.72078324,1.574622401002025e-07,377908053141.8376
10828360.37521684,1.548700148241161e-07,375477981350.8051
12483632.58355894,1.787136229948805e-07,393461767568.2227
12778798.773745,1.810506470817782e-07,399291419112.4887
12193566.94761502,1.820596037010865e-07,379596067865.9446
12277941.79575031,1.696019839112776e-07,400717477532.4604
12322190.43985703,1.752118556905555e-07,393530976916.0197
11889259.9545861,1.759985086798421e-07,378572297684.4893
12390307.9611084,1.685852765073166e-07,406009011051.683
12334640.4478854,1.719333331631279e-07,398920577720.5049
12434758.44135904,1.741953059491039e-07,398669539476.4551
14457325.83341439,1.054932810203254e-07,647547209005.5402
13402322.53127578,1.096618790922162e-07,584982592580.3981
12777986.86245274,1.11750477284587e-07,550760576897.1041
12683299.12705496,1.104655376054679e-07,550910472469.0974
12201209.56289925,1.1676995112252e-07,510719163686.3554
12729363.58158354,1.122298369075666e-07,547101371264.8872
12950870.39193239,1.030152939891944e-07,589338056100.2468
12932202.70183325,1.056798783546271e-07,578554532230.6171
13220428.02201684,1.020797118348215e-07,605274752898.562
12369872.00978097,1.139976081070589e-07,526140072107.9937
12112751.63690778,1.172123519219457e-07,505739908349.4583
12593107.42427615,1.109073837788056e-07,545539164525.6769
9853988.960828837,1.413102258997601e-07,363214360473.3597
10111120.58171872,1.44388000902948e-07,367376935667.0051
9806643.833979027,1.47057372613751e-07,351989088610.6522
10943201.16331458,1.241803379978548e-07,439652105814.637
10219334.33864715,1.340023051727395e-07,390254358068.2559
10834754.48102883,1.307265504506061e-07,420639326693.4456
10993451.95008916,1.359284042457962e-07,415840965252.5952
10405909.28613499,1.416080855308782e-07,383019896581.5518
10145032.30630732,1.385253142005018e-07,378937284354.6676
13932822.15511895,9.487039899972794e-08,669810485989.3623
15883581.91743712,9.649180435895524e-08,755013694156.6644
14431023.15997179,9.339714192666263e-08,701037741222.7433
10476019.51634631,1.266905351545733e-07,415304705428.0007
10769036.41289363,1.262890451659192e-07,427825229802.3621
10719219.31607034,1.306902905209341e-07,416230858196.8933
13141129.91801726,9.373465400816247e-08,636843306385.7375
13363626.9436787,9.54566888002859e-08,639813549669.5155
13102140.21696994,9.247689824327664e-08,640698056207.6255
11787132.63694013,1.129634309604641e-07,504409109147.8543
12291733.84600198,1.122629071785568e-07,528188520503.3401
12532629.90894465,1.065044236790601e-07,557781086551.0331
11896849.71115118,1.170755772613504e-07,497112217357.0098
11701902.86090853,1.185688526096395e-07,484852244609.5977
11663201.20552448,1.231499564656347e-07,471188764420.9272
15395185.01856395,8.48930912136427e-08,797021458161.7554
15803412.61384951,8.757609581560759e-08,801359074442.9749
15961380.24451869,8.981766204023575e-08,795846443291.0625
11154920.18698241,1.128745842964976e-07,477605175911.4108
11323847.12981336,1.097876773503863e-07,493883972795.9154
11247929.80925793,1.065829644606453e-07,500357868703.5672
12357715.61889761,1.057179551601301e-07,552720654565.9005
11606232.5297136,1.090969802529827e-07,508334338298.9205
11617519.00670499,1.121698173518229e-07,499492973424.7638
13395671.18294638,9.851276619214358e-08,628014208055.9988
13066055.42969727,1.012254292950384e-07,601568025671.1132
13336802.9691882,1.002865963588899e-07,617859611777.3113
13342037.2517417,9.784417939315533e-08,628345947921.4689
13394127.59441132,9.806704793382616e-08,629843082171.2444
12746242.37278736,1.000788276782795e-07,591317455611.0996
13403055.99915245,9.505761216677291e-08,643496069153.8981
13504643.74908237,9.638152037405524e-08,642422313172.2795
13229101.33790725,9.443888392945824e-08,637915438145.4758
12033020.37311518,9.328687178898525e-08,585006868785.4814
12897486.40993585,9.415516358673785e-08,623173510175.9259
12212427.32513192,9.300705235490623e-08,594919318647.7291
11620553.81760032,9.123591130051926e-08,573389342879.0532
11718715.81529755,9.255730498139694e-08,572716315489.2908
11895772.92001286,9.227707419786388e-08,582545861456.775
12159024.50114415,9.272304736167492e-08,593526711933.9849
13187609.11052865,9.410389605155373e-08,637422901739.8302
12078183.78733493,9.321950961627071e-08,587485417539.1676
13900645.71687179,9.662103302753643e-08,660167069554.7926
13802030.48347793,9.880644186036579e-08,645782307078.1293
13925211.46279574,9.972498725652416e-08,647538814649.3468
12259939.06515656,1.029355638284745e-07,558184809230.6648
11765139.8708928,1.067898536342603e-07,522689489501.5945
12521669.54741537,1.034111130076685e-07,568352049056.9554
13534774.2409814,1.012614404631488e-07,623000337824.1337
12419840.90643464,1.036370909179645e-07,562910336443.5068
13365274.44189733,9.946350968953889e-08,622589837997.4982
11044781.24878311,1.103374843645205e-07,480111085113.1671
10388791.13518148,1.136247674450036e-07,442842890390.3811
11333473.73878093,1.082842303079767e-07,498868673669.0541
13109377.60276973,1.033374798995845e-07,595310435558.7583
11715215.03228092,1.077657357096209e-07,517324602062.1143
12012484.7774305,1.057116133074695e-07,537301083618.376
13551841.02938075,9.630573119968286e-08,645005686072.4049
13825305.05655884,9.942966911490595e-08,644165399258.9701
13653990.01577706,9.762890554592918e-08,643982353788.5605
13303443.57201604,1.014416354408623e-07,611626898734.9695
11954152.22342142,1.071628100852938e-07,529853799416.9861
13424384.16905801,1.023614698655725e-07,613484172877.8618
13395433.69077124,9.603256701503019e-08,638769866209.7749
13669215.64679488,9.788488454243664e-08,643575999389.2889
13767356.10008239,9.569950774009787e-08,658027549612.0436
12580063.67602904,9.717881480533026e-08,595161880478.9679
11786475.7196549,9.818896619361145e-08,553786257419.0312
11619860.6027916,1.011241250750981e-07,535341691322.595
10133151.8698198,1.149772129284608e-07,428551842818.9627
10009343.68661238,1.157577039302322e-07,421410804031.2424
11066393.50312931,1.09639982645615e-07,483088616117.5874
9538411.936087204,1.199890999870869e-07,392086188163.1386
9945458.708183264,1.165487371993e-07,416824371244.7449
10587515.90279425,1.13263001756356e-07,452274425629.5075
9159660.220010167,1.22475821167873e-07,371403327507.0085
9036581.493102085,1.232216444300217e-07,364932746752.2789
9558628.89879505,1.190382712505029e-07,395006758979.6118
9315602.524474919,1.250209654395429e-07,372582441585.3327
9264675.539806794,1.233625871651057e-07,373859053244.491
9810340.144801673,1.216463957090401e-07,399593027643.3485
10172766.96615484,1.232479528436924e-07,410757926671.3531
9539254.423809001,1.249927393922689e-07,381584953301.6072
10039819.35857383,1.216180196025949e-07,409003741338.064
9274076.758647744,1.292924834438568e-07,362706357382.7864
8865555.519064588,1.284840276123273e-07,348182168531.321
9129633.813025178,1.275747715902122e-07,360255117544.1084
8681204.149685388,1.307947266324836e-07,336914585810.2548
8896119.593844309,1.335838027879537e-07,340432811090.7012
8576868.846173145,1.348423420799352e-07,326170423586.0936
11164034.16193062,8.825382484183731e-08,563203656631.2446
11563385.44091805,8.938547726211579e-08,578416082761.3361
12173441.68429467,8.734035904899974e-08,618400830771.8109
10050464.14770937,8.473309716649766e-08,520975617379.0278
9068336.758651709,8.563812619705223e-08,466748433230.0811
9384662.722257309,8.69468558798596e-08,478170465059.652
12572105.00274743,7.825645984369424e-08,687165269359.176
11320276.10722491,8.210636498850638e-08,599246909134.5337
12254667.15790759,8.118791481244422e-08,653592803813.5293
12250613.72516907,7.674752308402739e-08,678341312777.5984
11548893.76419138,7.62067783685228e-08,642507179420.0831
10489296.58342511,7.952146963708819e-08,567226832401.4429
10494647.59520685,8.955398473948712e-08,524297656648.3183
11143061.29727586,8.994103110685085e-08,555093248097.6583
10751099.6897433,8.881122389906044e-08,540100176035.6757
10403511.72973171,8.518155983090043e-08,537381736200.8309
9725918.634296779,8.73920048110392e-08,493874000484.8186
10446930.74177658,8.742510681547236e-08,530352476501.7291
9570292.662318144,8.928492982510088e-08,479078238906.1875
10038313.34684377,9.027674380490742e-08,498819578089.1994
10039558.37140774,8.971584099397153e-08,500958620191.1423
13301214.51589085,8.739531022227129e-08,675407499760.9294
13327424.94152964,8.592818362670438e-08,684419683145.1772
12954257.62521779,8.615175122886563e-08,664104551138.7881
13618057.72515125,9.441263339080702e-08,656792870554.8497
13079043.96931832,9.274333263780562e-08,638343148399.5076
13248171.29054837,9.474734603351611e-08,637447710231.1779
9748827.305586357,8.652384821918546e-08,498343149594.048
9018448.729234541,8.586792218001539e-08,463352173541.8312
9503114.45297876,8.46923810837817e-08,492761079329.1276
11100805.27127946,8.741569553494547e-08,563587742994.9706
10268754.13050133,8.691084364086191e-08,523361508286.4738
10016532.90386866,8.507989331261305e-08,517804870253.8357
11208927.2175773,8.859942539289767e-08,563996980634.5139
10430552.96912416,8.981527447574704e-08,520084445514.5533
10372755.07757881,8.809435616860906e-08,523916487940.9962
13145220.73472857,8.777504655791907e-08,665559935298.4528
12082365.73896788,8.777762686802964e-08,611734190572.6155
12003867.45203168,8.602890313888476e-08,615968165397.6989
11179464.10479968,9.173865581773159e-08,549607610154.9589
11538911.95430199,9.242249461672028e-08,564477196055.0464
11441507.52224355,9.110022518388013e-08,565115149765.3499
13066597.96614563,9.100425503055589e-08,645834731032.3639
13031572.51914894,9.099677216207994e-08,644138859960.5729
13560425.54976743,8.941414093106257e-08,678165740652.4924
11910135.9603036,8.980948588177758e-08,593884392988.5026
12557788.4589498,8.995996383376737e-08,625480317779.7823
12529154.80863118,8.777153036374598e-08,634384643598.7451
13457295.18332603,9.455973551066068e-08,648366070032.6616
13211441.21057369,9.45429580917639e-08,636596244426.6934
12336335.50408202,9.367555396166899e-08,598092916339.4546
13600516.69958214,9.587197490259079e-08,649273422306.5044
13849948.02424728,9.588702244046034e-08,661111819649.187
13874468.95160515,9.899277287184075e-08,648356759740.256
11718711.87115642,1.082004418867853e-07,516092070911.0349
11541717.21427224,1.086218200510524e-07,506981811733.9622
12868155.66312554,1.029028118584084e-07,586000712906.6469
10215829.34896224,1.286234149736416e-07,400922354598.7512
9582007.399857555,1.26743909925042e-07,379756399844.4186
10216915.1987813,1.249998468901361e-07,408676941671.1656
9728130.733548842,1.190207205129557e-07,402050878107.5662
10787345.88315609,1.12290807898806e-07,463466626171.4443
10731487.45464408,1.126642841599173e-07,460047223997.6082
12856534.40104665,9.293516067419621e-08,626619463098.752
12710768.62644394,9.151269169008428e-08,625918219881.7175
12339465.61152758,9.240661674494168e-08,603708983976.6016
13134653.00079588,9.423657837627358e-08,634267216478.4812
12962454.63030626,9.361524261003416e-08,628718449254.9847
12443238.42767802,9.308895414766814e-08,605807513651.2408
13521123.36127283,9.674966119326214e-08,641573582724.3605
13468786.41517936,9.652436502457446e-08,640084283580.3655
13245412.01405646,9.480506428894327e-08,637056249829.8176
10815801.62119571,8.468917768504849e-08,560841448598.5205
10860071.73219321,8.693523025707969e-08,553395327605.6876
11369067.88165617,8.542553807907578e-08,586137774293.6958
8693047.640957069,8.025951870495771e-08,467205226369.9383
8776724.394293869,8.370065552865213e-08,458683609426.4529
9249005.62014295,8.172244080267957e-08,491134931338.3245
9658219.062977279,8.838848738392043e-08,486743227073.8214
10124841.62432544,8.916669224524923e-08,507286300827.8986
10376762.3377887,8.842115643543615e-08,522826681607.3241
8358689.242144137,8.618307573718858e-08,428407290788.9949
8962017.908041881,8.730817948855946e-08,455375001477.999
8652958.739595326,8.600230679445701e-08,444110695791.1582
9418301.199395573,8.883935695769562e-08,473044834256.5143
9883870.422728036,8.927049098712469e-08,494828943300.0131
9422899.997996844,8.849479704173783e-08,474503503891.0322
8097510.397020981,7.932218576374447e-08,438619968161.912
7891724.009229248,7.535873965717491e-08,442333132524.4142
8207699.003840986,7.834866496304264e-08,448263819914.1604
10760388.59855057,7.664443240405191e-08,596358683573.801
9167783.744385038,7.849584221654097e-08,500072828721.4977
9738488.524838729,7.995820808976374e-08,524706190857.31
8817784.167594489,7.325366820767819e-08,503662804881.1074
8082884.975337679,7.379171005700076e-08,459439166425.2491
8468952.969228458,7.65842529055684e-08,469609349106.8589
9115929.220967866,8.705098170939064e-08,464107402779.2059
9850167.889022715,8.770719416212434e-08,498984230768.4735
9906493.063669745,8.942714185117848e-08,495382171674.4968
9382926.735893477,8.359502331605407e-08,490777574311.1328
8901375.828807618,8.477032679375235e-08,461276397234.9662
9266470.473188654,8.213405906098791e-08,490416968914.1624
11074267.33216336,8.023284760757478e-08,595315054929.1102
10574631.20770949,8.181089354355001e-08,561122658504.031
9926826.350603174,8.086580494252372e-08,530844288381.0662
11283818.95532529,8.52508734177281e-08,582537048874.877
11359930.38302906,8.700033815737486e-08,578577724975.4136
10262752.75433872,8.466459007185647e-08,532266736535.5702
11955722.13816344,8.951111504541662e-08,597481553635.0499
12495146.60532102,9.109124166531171e-08,617196718104.9386
12000135.24657017,9.138107470734373e-08,591491670487.8444
13498509.89463034,7.577971558590893e-08,753790249187.8926
14148915.96615159,7.436631729248106e-08,800090260392.3932
15291512.17721028,7.309825803709415e-08,874673058738.7477
11644325.16029947,7.790067726362829e-08,638391117093.5022
12396680.6832452,7.718333580722827e-08,683842967360.6663
12207082.60057033,7.656478399263404e-08,677005986309.3313
12682753.70024744,7.770949394971187e-08,696462126664.5096
13499868.74712093,7.551720548298216e-08,755612161223.0482
12864733.25365478,7.693453202034994e-08,711191528403.4417
14294961.42615572,7.361618384891473e-08,813830797672.299
14073640.90229424,7.278904633688169e-08,807289144453.3373
15443325.27034394,7.234891638204777e-08,889445751215.0127
13023699.62824094,7.542659010629606e-08,729543829108.1824
13219512.78570922,7.604642152884899e-08,736483340719.0304
14994469.34996447,7.336013254680411e-08,855639901881.6079
12903928.73511867,7.743598892045124e-08,710275317964.1283
13767201.97955448,7.58757990798002e-08,768145514344.2964
13728027.11416017,7.525178402315669e-08,770188319681.6823
8923319.088094916,8.065274638098052e-08,478021007399.4479
8779388.125799138,8.004275244289886e-08,472697065430.5355
8978666.45066344,8.062262019326485e-08,481105770481.9045
9064419.751788683,8.006673461536184e-08,487946189159.1466
8864186.729240324,7.948712590349535e-08,479484272809.1565
9267721.323105758,7.84309451197236e-08,505802922041.2095
9057075.722760273,8.172014022959797e-08,480952215812.6568
9090987.885098437,8.077207624501688e-08,486523229967.5859
9205879.424765162,7.972296774430292e-08,496984652661.243
9000500.536504926,8.208019182176776e-08,476549209691.2906
8978787.8610071,8.116216488149645e-08,478977701540.0276
9034306.715571351,8.113190076961501e-08,482059223581.7689
9578276.858881203,8.152108936191469e-08,509456846616.07
9112877.25058368,8.125940601992522e-08,485742859124.8528
9134751.35647204,8.217758077868671e-08,483275185204.6041
10493886.57895755,8.472647917894163e-08,543989177335.9721
10636700.03112612,8.371469601054213e-08,555826320860.882
9608840.020898839,8.330887818330234e-08,503744253813.34
10862041.97034402,8.026041024770523e-08,583772849993.6884
10337155.53359939,8.029843574990902e-08,555387789530.532
10168665.12086483,8.094545646909622e-08,543420011760.8309
11898746.86668175,8.000465859389493e-08,640851946770.5813
11251590.39663227,8.018574136374635e-08,605084202384.141
10545686.47169343,8.086966714115705e-08,563920329989.9817
12328840.78282728,7.955697673819716e-08,666504976863.0981
12212004.06755593,7.907770979940245e-08,662853496632.8901
11669929.96884365,7.973780595717329e-08,629929666847.9368
8818838.093066331,7.917725643084127e-08,478275062066.4728
8881683.064549558,7.882727941396806e-08,483108019118.1782
9221350.636748711,7.812143338490019e-08,504600566804.1852
9787059.974647641,8.020967541374981e-08,526220476777.7446
9150734.504414726,8.016631178973843e-08,492184598340.6879
9156631.017322116,8.059495935286811e-08,490753938276.3898
10162747.99719924,7.982950973481298e-08,548153487939.1339
10653094.08551562,7.907431000375483e-08,578254234784.0084
9514121.165841054,7.978615193621447e-08,513354056604.4486
8807664.582132125,7.71505761050224e-08,485998189807.576
8826700.344484007,7.595222307570498e-08,492158197409.9657
8997864.550318588,7.708223781650343e-08,496786640407.8928
9097906.865108578,7.70539332737856e-08,502433141176.4458
9121897.489303675,7.757097257927671e-08,501517043126.8515
10347361.06680665,7.807569647287953e-08,566437971946.5103
7497464.261150475,7.566974026201295e-08,419082547691.7713
7364251.75052329,7.504321974796525e-08,413924361114.8442
6961541.38068739,7.498127591654974e-08,391504590040.701
8285011.042479215,7.217390758001909e-08,477939522668.2653
9086776.405642394,7.096021277376874e-08,530151387436.7382
9137836.625048295,7.231700141650206e-08,526441093254.1112
10346263.30708673,7.549643447025295e-08,579205351590.6013
10837866.47331447,7.446393738063918e-08,612321908410.4252
9912576.952444948,7.651179663684811e-08,550006267447.2643
12793471.38751704,7.881323624003936e-08,695967503154.1744
13530135.7604219,7.676622289017992e-08,749069370672.531
12674448.25826958,7.832614890011903e-08,692348167184.1047
10738293.78273804,7.985032195944207e-08,579096358093.8833
11273142.62580368,7.981237391205156e-08,608132456477.6643
11806027.04972046,7.915311761854522e-08,640410470412.5531
12331453.91836376,8.034027716617733e-08,662306067776.12
12025849.97080645,8.10093391399073e-08,642331255820.584
11855496.9968151,7.996818707423407e-08,638716689884.2604
13013076.67231451,8.101740528670758e-08,695015412068.155
12770744.24295796,8.018787534791639e-08,686768556762.525
13058479.35785722,7.918343715599871e-08,708168123128.5706
13049100.4979984,8.175248646457109e-08,692755414615.1904
13203124.40133889,8.213102268630287e-08,698776935018.3959
12806431.30338252,8.092477467848596e-08,684500534537.855
11119920.82850422,8.503625812346259e-08,575041163488.2686
12115435.77259406,8.455583097108348e-08,628892861336.9076
11266918.30145602,8.402290932099724e-08,587318032360.0354
13287525.1938194,8.363486251850489e-08,694788363386.9738
12950879.57551224,8.521159675797138e-08,668805951969.2212
13323998.57915291,8.498598819429796e-08,689291662299.0929
14800511.64062233,6.880719275159045e-08,881429339536.0461
14815526.02661728,6.732288090536428e-08,895245089670.5574
15702012.92458821,7.028603202960695e-08,921954127833.1134
12308911.89802231,7.218256809494951e-08,710010509339.9885
11474950.92293452,7.210840073926988e-08,662359232680.2242
12257621.22987145,6.951145166265148e-08,725051115366.1713
13739062.18081678,7.468092279590982e-08,774730472877.5011
13006198.7477995,7.344123118862055e-08,741635346599.5969
13483280.27705896,7.322781475649956e-08,770332426432.726
11934815.00706274,7.48000138826278e-08,672276462353.026
11396481.97708774,7.342947914712625e-08,649915921351.2227
12227636.72336391,7.350673520791022e-08,696826146823.4071
13867403.02319017,5.244526886075278e-08,989747150382.0543
14202621.94498106,5.036745547454425e-08,1041362304048.364
12769336.53654453,5.212403374847827e-08,915116364030.5051
14137356.78315924,5.634007529767312e-08,961959090348.6689
13930744.53212865,5.446164183122447e-08,969572989223.6995
13137471.70543545,5.622749814070417e-08,895115931952.3376
16583950.35969805,5.380683014142137e-08,1163580364746.78
15597461.71403382,5.264233347079343e-08,1110445308593.4
14898249.76099806,5.323821438174362e-08,1052736296443.654
9951336.548966201,6.944348544483204e-08,589015975193.8414
9071567.228465179,6.843173509151413e-08,542222192754.6069
9689898.170863317,6.699563885630465e-08,587428290060.2003
11667612.5410213,6.78848021058401e-08,701132815970.0975
10598573.4073583,6.930756281394272e-08,628145607703.9965
10328711.25503337,6.685639060645493e-08,627024030909.271
10429399.12722536,7.296751450214957e-08,597273050250.2928
9220957.189881383,7.420483080330973e-08,522181185180.6971
10130427.29739189,7.179377669748455e-08,586457526303.2875
13838078.31946092,6.935781476099284e-08,819745138821.1719
12899070.923533,7.149688294026814e-08,748802050832.7665
12846563.79932826,6.882188331604915e-08,764955097024.9373
11660263.0829717,7.644824288041161e-08,647336373773.6554
11474033.25320496,7.835489240891226e-08,626621596062.4165
10794510.42199268,7.682921530046401e-08,597290148397.4417
8353130.981314687,8.638937174722781e-08,427440577199.2461
8634750.998589519,8.64748694473702e-08,441560152771.6714
8951779.043334041,8.785966892273773e-08,452949355145.7346
8374009.604842495,7.562602413888666e-08,468258793744.3331
8276853.430446712,7.742443052123643e-08,455630986122.0108
7959537.058902661,7.44343743453443e-08,449820020407.1838
8651989.952058023,8.286126342042625e-08,455213331543.7068
8560675.562140798,8.522561388351288e-08,442039704003.6189
8280276.156692325,8.514043389700705e-08,427846104204.1959
8557680.04498378,7.700543177680859e-08,472797463709.2949
8687861.187827457,7.994967762670081e-08,468132071358.1643
8459461.075875226,7.880310437110906e-08,460235885914.9471
8722302.740736805,7.729616273149274e-08,480683483834.8847
9123590.325926611,7.996729074559613e-08,491538478670.0675
8853725.352188878,8.024025582873033e-08,475916953648.3461
8866828.901718436,8.200977387951447e-08,469740405744.4211
9136892.003825797,8.173710902509241e-08,485123496374.3344
8774384.75371334,8.437450952737983e-08,456116552706.0762
9732746.874198869,7.106441029700564e-08,567284160489.2416
8841730.492603317,7.347794456057329e-08,504002402756.7026
8862918.445648739,7.00520039275023e-08,521550513688.2814
9833904.050479215,7.700101282768939e-08,543327484721.4249
9367421.122272948,7.915809033509954e-08,508108553488.1576
8960746.726574898,7.648531737110276e-08,497308047231.3889
10421272.51908666,7.394402601420822e-08,591541689997.3014
10098409.26714239,7.56972925264811e-08,564329478579.193
9213315.976940541,7.517998636720474e-08,517226940242.5061
11014137.90872468,7.398934593018777e-08,624939129181.0399
11543468.63378282,7.535581634238473e-08,647031078215.0107
10682146.59684317,7.57397322267003e-08,596727459956.6765
13474285.16037031,7.517932045526892e-08,756438231036.6473
12449583.00877915,7.523487673406689e-08,698567960021.0576
12748615.13799863,7.394380224366505e-08,723649875248.618
12813472.27379872,7.877694781688306e-08,697269603806.5035
12528464.33286361,7.978357065780829e-08,676013748124.3715
12048683.20903501,7.940608290366988e-08,652184396216.7648
13015976.61494026,8.207864072892514e-08,689165173509.131
12312919.30637011,8.153640143336356e-08,654827143432.2622
12622126.53340888,8.087059830941736e-08,674950762160.1936
12910447.81463386,8.381324626599131e-08,674113252580.4364
13229487.96031077,8.285042429942607e-08,696113213372.8521
13075309.90787353,8.247593785678161e-08,690081655576.0046
12920996.8169469,8.471476641652841e-08,669869093970.1379
12850980.5620905,8.514339222304694e-08,664001357622.4609
13186333.62342697,8.356908857647372e-08,689858917154.8418
11694393.80774515,8.141097031779515e-08,622571296685.6903
11016562.97341373,8.19467958298354e-08,583926434911.7979
11526413.30085288,8.03721121340764e-08,618904917841.8506
13435866.43083064,8.727460518385783e-08,682873745821.6577
12281679.35937881,8.552887600506391e-08,632677774817.8567
13216288.77481501,8.577851264132554e-08,679501643836.7102
13359888.07915815,8.888461373116866e-08,670787704816.5554
12834999.10174231,9.046713100048923e-08,636896160584.72
12288207.62365017,8.888723743048618e-08,616967472798.7174
11869643.58588611,6.909650734402238e-08,704909907823.6313
11099665.34179859,7.169289377371077e-08,643170047835.924
10791167.3181048,7.051636831977272e-08,632230050900.6089
9644025.908065515,1.212014522039849e-07,393779544947.3312
9894451.430281719,1.186362136928555e-07,409807783365.2427
9656013.21849644,1.192164578392351e-07,398633423130.7683
8963919.710514437,1.289221961140732e-07,351247165311.6558
9340669.119410846,1.248274600505356e-07,373970976972.4531
9077053.469188537,1.270688817836152e-07,359130333063.8359
9843882.633794475,1.255935278582433e-07,392513791250.7109
10256537.13566146,1.227434481111067e-07,415274448924.2274
10129193.47958826,1.21584559529308e-07,412720381425.1389
13113762.60119726,8.799942515249886e-08,662838044270.863
12832165.67216388,8.732005863416118e-08,651964495336.5048
12861143.30227618,8.950656766217296e-08,642751316731.7445
14967738.72315783,8.35391235071126e-08,783242510229.7362
14256325.94901243,8.44026453171585e-08,740918167728.2875
15370296.55890656,8.62220381974328e-08,787535350052.3108
14732992.44885094,8.147907127033989e-08,783899257087.1951
14255896.43832687,7.954975063409937e-08,770729502260.4987
14199806.81267314,8.078052544122548e-08,759879368949.4675
13761947.68588899,7.826588596088754e-08,752139214301.2001
14083574.85792189,7.542858303193506e-08,788900576861.0635
14304146.70258702,7.629338246333351e-08,795189632288.2
14655301.16189872,8.241127493017199e-08,773874124272.5841
14123536.17594002,8.171219102626922e-08,750041930235.1887
13951443.44906841,8.327591430780946e-08,731598607156.0065
13674563.03480903,7.575544040674531e-08,763784614805.5092
13926082.56849238,7.529405205057625e-08,781007466628.6646
13606269.19648192,7.813480367347701e-08,744462298665.0786
14014154.06820175,7.834351163517725e-08,765417166497.3839
13762310.26121109,7.665183505088034e-08,762681081201.6042
13958542.51260586,7.957300707947774e-08,754506339776.4618
13816602.32563302,8.118296649698184e-08,736927301695.3075
14159413.59593356,7.964794723957572e-08,764883940967.4835
14634905.69931401,8.157317422386964e-08,778081376037.6603
13665325.71903927,7.995421014011373e-08,736307283029.0879
14017085.68732227,7.663046506159279e-08,776944662309.7826
14006266.651201,7.840997394749013e-08,764554033480.8007
13555782.34888059,7.990784944342979e-08,730687411781.7268
13565294.80594886,7.825540718793417e-08,741457619888.546
13906138.57515274,7.658732898590614e-08,771084435879.6675
12232492.59505221,8.996101528135214e-08,609273182409.1825
13179084.49932488,8.456570832571756e-08,684051892259.0105
13374528.65047725,8.813617700114788e-08,675319068898.1935
13012995.23517636,9.500813326725255e-08,624985700183.1324
12192395.31591502,9.257143944547381e-08,595805293598.2161
13332599.870578,9.07467480191475e-08,660228293556.729
10755687.8046888,9.534954277296506e-08,515338328693.3356
11585265.53082542,9.098837563928491e-08,572684441103.9388
11376228.79232474,9.032579023030947e-08,565098044694.2037
14232821.68085796,7.400612088443654e-08,807444314862.5353
14786017.20840911,7.114917220401764e-08,861135129244.239
13968207.47408453,7.409207930143202e-08,791819431363.001
10887789.71494681,1.06455748507273e-07,484723020535.5132
11163616.8214999,1.122806550556923e-07,479661612329.0636
11372119.87860861,1.039048250382444e-07,514538195229.7507
11662129.22317491,9.411536981498583e-08,563643038303.6633
11009864.64793836,1.019138438545765e-07,504614654320.6119
11496872.96165883,9.936460322380136e-08,535910086051.4648
10318830.2250948,1.00926292539727e-07,476022616425.9852
10243643.44098959,1.048212560899437e-07,460774263337.5609
10494659.59260088,1.043663622113305e-07,473436051315.0892
13542522.79202705,8.309998706833077e-08,711157188589.8696
13449696.27261174,8.099858649481776e-08,718446086789.6957
13273188.57330075,8.227156322143346e-08,701684847521.4807
17601024.54368538,5.922844235698213e-08,1158380063244.51
16574807.67979172,6.068706161669743e-08,1073291667859.527
17557755.71040484,6.030703715709826e-08,1141713160648.147
16215024.24513631,6.43810225965101e-08,1009436541338.01
15979438.54242647,6.18375216785562e-08,1021864861192.996
15918717.99998856,6.091448224059067e-08,1028239739516.245
13757198.22740949,7.421496025064305e-08,778996827427.8628
13937478.36158691,7.198308779386517e-08,805435111483.1326
14009473.1233784,7.375658367865876e-08,796565098843.7239
13784281.26096935,7.564667239671604e-08,770650693584.937
14036325.10626971,7.733507038214128e-08,773278191247.3109
14047155.74314393,7.555242021891021e-08,786000478188.46
12114315.65364662,8.762690071847315e-08,614054970748.1775
12866445.30716546,8.189118620179201e-08,682287063523.3643
11900537.79907976,8.696090257693129e-08,606294872875.0217
14672907.84993265,7.501456002118287e-08,824933890227.9353
13411758.46749131,7.648414774545153e-08,744340133098.2794
13083824.89919031,7.94140088841806e-08,708168562334.0259
15700679.42628798,6.909681007143252e-08,932423293155.783
14051399.13502791,7.390625531867276e-08,797869943135.5781
15341604.24381866,7.243268731060096e-08,882905813806.8658
8504722.95180851,4.549556578863935e-08,667340461163.4076
8746487.796893537,4.43368302340105e-08,698217292434.6399
13276989.7217385,4.325716205864157e-08,1077442915753.36
9499344.49346753,4.707954024437628e-08,728571472462.0498
8481618.06284683,4.637101842154218e-08,657124443639.3542
12244999.9439564,4.489086281234025e-08,969438252565.7753
13184805.07850056,4.648489016307885e-08,1019841093775.953
10639289.62047006,4.710784940705612e-08,815674926765.485
13534874.4504263,4.491074520629125e-08,1071241504287.052
8538905.424527681,5.112778789985785e-08,619865599075.3008
5233108.344413086,5.279612470202053e-08,371841931537.1369
8075412.666967032,4.961203060298706e-08,598099431288.9246
2504295.342263496,4.947218220343735e-08,185828148935.788
2282001.715236209,4.659696540638738e-08,176229067627.9834
4904762.02055603,4.719371522030466e-08,375573690649.8751
5949278.275772463,4.604433411321794e-08,463105727607.7338
3010482.077226904,4.545460496492587e-08,236365518382.066
6151762.025886941,4.488622275846518e-08,487069370807.5312
825702.7971200628,6.23080495107994e-08,52536481654.95127
811772.2907778713,5.893452248738422e-08,53602828894.53439
2240285.970330535,5.689607805579239e-08,151442779544.6622
517449.2423350988,5.561193328171394e-08,35515867465.80231
184837.4473511727,5.060608621407439e-08,13509982760.01437
1139108.015608124,5.195987066461807e-08,81806196362.65695
12977147.78332442,4.198755374480108e-08,1074233937370.865
15509059.67227131,4.170414906320928e-08,1289632465065.974
15817491.65891876,4.202076194327587e-08,1308664531932.857
6997281.437402637,4.20609540450394e-08,578553149952.2184
9657010.461640645,4.234753284845295e-08,794859970319.6577
7817610.624174188,4.346287554164291e-08,632404664690.1746
8115427.276629174,4.146520962319959e-08,677416046891.5767
13032711.09747175,4.107094847000923e-08,1094825606932.739
10963346.67032648,4.175190530523168e-08,910945261680.5394
2568775.217952041,3.034858835884867e-08,264018143412.1733
3865029.82648063,3.069958789187073e-08,394213191264.6602
4744836.846429339,3.692346250847203e-08,427910559204.7081
448851.7035090329,2.674359429180913e-08,50190673981.48296
1269337.382996631,2.879511304293905e-08,135113230743.3463
1196426.323423555,3.246495655487069e-08,117564466031.5941
2451294.620633529,3.109327753994623e-08,247904556895.3184
3045984.725609992,2.866598766477998e-08,325199434282.7776
2062327.517658046,2.318934240615618e-08,253609400693.3405
6287420.70820095,2.710554531250127e-08,696787613617.7711
5090450.018262068,2.406187740391665e-08,610758947148.2766
5388496.19207028,2.464736060286382e-08,636239508926.7025
7523486.246062934,3.321343774360654e-08,728131654424.6923
6912412.294535079,3.094082618616818e-08,701361135334.1094
5968186.340830114,2.640976392197501e-08,672975667144.8682
13534914.06501965,4.064362487539028e-08,1144969399412.614
14523010.53053264,4.044271191028797e-08,1232621690466.152
12145095.15798618,3.944473465595053e-08,1048113293481.277
2067506.32588015,3.540227861486788e-08,191760595600.4174
2163013.135592787,3.149308061660402e-08,216894760150.1672
4187111.681174558,3.813441987971935e-08,369575450898.4355
3867689.07321978,2.664979377729965e-08,433499883451.7296
4359366.717225652,2.456948660316037e-08,515813474578.5381
4083138.586023599,2.345056353118151e-08,498377696244.874
14688043.3210458,4.808549164125775e-08,1110762572393.917
15061613.03392973,4.931944403784303e-08,1119934707442.099
16217121.71173682,4.684363443368796e-08,1247977400333.888
16863643.49626103,4.388517613122828e-08,1355416751242.539
15302873.15804243,4.638333394016397e-08,1185400221566.693
17626507.057742,4.37746746827733e-08,1419115165001.306
10596970.18696024,5.065747058815653e-08,774020943276.3625
10831053.72402204,5.217204129415355e-08,775732803906.4174
12674837.22523509,4.941687858175286e-08,941222248014.0973
15557044.1520988,4.528748604063224e-08,1224451559887.161
14562973.97729673,4.681718134200591e-08,1121105710435.358
14622466.86676582,4.734317236556565e-08,1117332442073.927
18258736.72450237,4.282417079677782e-08,1491688305085.842
16519414.92360777,4.372769983138008e-08,1330935184536.647
15744132.57385345,4.35091502632508e-08,1272716487873.87
19015195.92219828,4.197828153741367e-08,1574288660344.993
19203767.33424553,4.219984005718829e-08,1584330923353.522
17788018.08104442,4.212554642821789e-08,1469255067686.329
18257236.21478663,4.501090864681505e-08,1442856635536.444
16581034.31196186,4.638374162908046e-08,1284402371477.999
18796830.60074428,4.36643440864994e-08,1515886436393.995
15157306.21009301,4.614224543144584e-08,1178210461176.952
13716471.5958765,4.827362790455862e-08,1034592000544.813
14302572.65561423,4.716782247464527e-08,1095595595784.262
18486739.14888348,4.305548449191188e-08,1504901215239.093
16599706.21062659,4.446342723681221e-08,1322609928156.502
16736320.43404012,4.396982767310784e-08,1343456080391.862
18329612.11871032,4.367220972526e-08,1478029708482.417
16142395.96215863,4.639648330912046e-08,1250195563813.238
16450831.92706817,4.506340688235716e-08,1299087838877.059
13686361.86372655,6.394977922196532e-08,855845396116.8345
15101162.99526863,6.026848212052974e-08,982389154678.3213
14483218.22726179,5.90431863281753e-08,955179991951.6161
13610335.32838205,7.286537994347969e-08,780167766264.5394
15234248.08007203,6.806372573949425e-08,913854829580.2251
13539697.65495828,6.827873062364779e-08,810498112027.5204
10318489.61154821,8.098145896049043e-08,551263282489.0562
10840261.76736189,8.205405072519131e-08,574080884093.9541
12065965.80273804,7.820898672949434e-08,659767599453.5522
9461775.098297982,7.356717293711788e-08,538910414049.5237
9100303.954012992,7.689847865552432e-08,503242602463.2152
10687271.78562935,7.504650589299515e-08,600684652997.4362
12083566.97967478,6.903020600219197e-08,718073733286.3579
10181636.92063094,7.160016985893601e-08,590484140395.5425
11451504.64802657,7.307881313651138e-08,655141177214.3792
8871620.737573789,6.833694534869727e-08,530761312560.731
8180380.875567712,7.173050847165403e-08,473846399638.4641
8919602.846127843,7.119171748673584e-08,519269168487.2775
9121801.51288268,8.454317655185283e-08,473545350493.864
10106745.53931295,8.363636737054358e-08,528462964990.5722
9603157.166296355,8.256516888811705e-08,506465018723.613
13319809.4500935,7.940563352555233e-08,720992037703.66
14380055.41473676,7.643531026171279e-08,798419627148.7108
14922750.27456379,7.499838595798912e-08,839101041173.3137
8235372.209568025,8.396977301942892e-08,429471728064.4705
8378772.310830599,8.054410972624399e-08,449253219912.7866
8606087.812188135,8.169075363303995e-08,457113279429.1533
9064738.964752307,8.785927824091197e-08,458666352286.9344
8457902.461174615,8.673371958074434e-08,431655578693.1805
9060228.422932616,8.820590394223705e-08,457236309117.4291
8534435.689520871,8.360241728838867e-08,446370604791.8376
8451924.78749354,8.016259383516488e-08,454612231240.4384
8274284.509754601,8.133308171377953e-08,440777040486.2088
12777866.69402259,8.2785620090365e-08,672700497583.5969
12451424.98629179,8.250749438621827e-08,656987022242.2034
12079927.68112537,8.415912605091764e-08,629018651218.2349
13415986.45139359,8.417807103126735e-08,698484271872.0964
13147919.79953692,8.335375595424922e-08,689033382984.7208
12948856.23925662,8.532365234251859e-08,668115864552.2971
13596148.69697235,7.96379142109849e-08,734518357492.6522
14135103.35446339,7.766531184186657e-08,776510968683.1809
13418679.44686358,8.091667122726515e-08,717272927769.1012
13656082.56455741,7.688184114104473e-08,755283998447.6085
13587834.94742348,7.926141224627804e-08,736391994820.2657
13851558.70174875,7.980148011499541e-08,747293748559.4434
13959946.20675207,7.800081496762181e-08,764688075551.5867
12915601.13734431,8.096754647969042e-08,690092496167.2419
13248032.86718729,8.124754059373887e-08,706227429308.046
7234779.148078628,3.336653211639616e-08,698046837534.9065
5711355.4673443,2.706137045284815e-08,633635255234.5046
5839834.355971768,3.209673065034194e-08,578220294078.1172
7791477.994127756,4.067648871477095e-08,658755433984.5811
7784791.352514975,3.733764501203995e-08,696865603731.0891
6335008.814413955,3.55131087547821e-08,586347074443.8468
11483929.44655336,3.88799503262786e-08,1000629682126.491
8211655.130155987,3.448180039446884e-08,775123218284.3062
8876522.230396774,3.684399977421906e-08,801674982678.8345
11834015.16886565,8.793499081287523e-08,598445087890.0103
12788032.77125707,8.450978939891624e-08,664047369903.7135
11855853.95358165,8.991306018117417e-08,590723599614.1279
10695266.24771031,9.57865848318678e-08,510883418872.8889
11314086.2677758,9.07610394364245e-08,560212994717.0863
11335440.14282072,9.273059682367055e-08,553294497687.9355
12234765.63963918,8.653652728338598e-08,625358915946.519
12381653.3624086,8.25991213023302e-08,652822362981.8042
12990569.01187237,8.079397163219804e-08,695091860160.6259
14122036.3118544,7.488122638566301e-08,794905236891.2134
13778540.52165574,7.656725571304746e-08,764142749542.6243
14418445.61236879,7.311315065160696e-08,824621734695.0701
13109715.0104362,8.21506975682497e-08,693722446575.7676
12143541.69865712,8.558787419668749e-08,625274247185.0225
13119069.67730584,8.051297464878756e-08,703599934503.9739
10086550.80986148,1.185028162219207e-07,418077600276.2684
10608692.57629299,1.232422301368311e-07,428373074563.8613
10317880.37513488,1.23644392318485e-07,415726337042.0182
10611810.42452201,9.817045643847918e-08,498657408939.7308
10790107.992794,1.016156283452372e-07,495509653734.7249
11435924.29437543,9.381303954798076e-08,553897153678.3158
9955780.086530855,1.164091748460956e-07,417590382313.6534
10142373.80405079,1.202907311621963e-07,416215423495.3539
10120418.56952664,1.161321167829519e-07,425170946629.4397
10369534.35105877,1.266334986038846e-07,411206701868.2134
10144878.31944876,1.228683150864046e-07,410475184910.0406
10810096.70772802,1.201083615514124e-07,444065892477.8194
11078492.50837643,1.264584086887496e-07,439726048731.3172
10601599.38312722,1.275302476095152e-07,418436204082.7944
11047013.25149398,1.210062895721356e-07,451550414648.0588
11457649.28838921,1.327517042175802e-07,440286586346.5064
11790420.82951122,1.356616240558747e-07,446571803733.3719
11398866.12726032,1.30435564423334e-07,443197843573.4787
10798385.5492016,1.320017445157243e-07,416523058825.7764
11088182.57029415,1.31535364925583e-07,428711709283.292
10554284.18881303,1.280021771858316e-07,415544188447.8877
11292144.25935837,1.37845291440951e-07,423170249068.5923
11763237.86446871,1.375102443299828e-07,441540125236.269
11430852.89638291,1.346047767929774e-07,435216134895.0273
11154997.89659676,1.405331394726861e-07,412683394173.571
10220973.53326496,1.453096462415779e-07,369796361202.6072
9579446.677490104,1.422581403913094e-07,351524559603.9426
11586389.97714644,1.410076977931779e-07,427680642631.8047
11228821.22749824,1.441403701306746e-07,408454556891.6478
10634085.36010848,1.457779867320238e-07,383918326066.6042
11195954.5464386,1.30884100812677e-07,434313368522.9712
11584038.11781154,1.361098616827841e-07,437791087651.7395
10654837.10932098,1.34544225169574e-07,405791961800.6423
11108227.5340861,1.282877725099176e-07,436704758341.373
10630459.53243536,1.270736088329267e-07,420579850850.3246
11166257.4247974,1.306058986198343e-07,433776254717.8144
9548723.756654514,1.529465576031604e-07,333876248458.6082
9057115.326339325,1.560004458088463e-07,312540285673.7633
9082516.685586968,1.583855749369191e-07,310262380828.7632
10920030.79806807,1.418195282816416e-07,401544028942.5587
10307717.13292193,1.473549891814701e-07,369475740964.5731
11028979.65860886,1.446170464984323e-07,400303152744.6572
10503253.05668773,1.437508347450144e-07,382751509630.002
9402145.91052109,1.523412923297312e-07,329621271022.6519
9902908.153183777,1.492878022053428e-07,351895085386.5585
11469048.28282354,4.245124805234678e-08,942468996331.9844
14147667.40318013,4.249405635770033e-08,1161803592597.136
9455774.392812589,4.35749876248911e-08,763611136378.7595
16898294.39304828,4.167041282372375e-08,1405910485244.84
18427938.51304858,4.185399868320546e-08,1528687743748.828
17220177.61133499,4.198894552410262e-08,1425435753119.123
15024313.99615923,4.107320174401778e-08,1262085990142.091
15310820.38580829,4.147171676647663e-08,1277900732794.632
12795865.06323463,4.175347468813721e-08,1063182704485.031
18398785.49992859,4.247468563666615e-08,1511363886734.89
18728923.01160869,4.197659016116434e-08,1550629468039.282
17186568.12417307,4.179698682639561e-08,1427006159334.342
3323903.201692433,2.465064596017086e-08,392430570410.96
3523846.504444726,2.518031207127818e-08,410181665223.0866
2292084.327836942,2.524047325705327e-08,266378352919.957
569122.5459551018,4.113635511422496e-08,47759002963.94314
1105034.418027307,6.644038691108465e-08,67362940481.26154
1431819.270035682,5.946514935191031e-08,93982399085.5517
322306.9650692406,2.010249755022253e-08,43594966221.44508
401361.2507078839,2.870987425732128e-08,42806979145.07803
1157163.14234822,4.576520874408923e-08,90442167188.80261
26544.71543354086,2.256374784155489e-08,3324328366.893379
24441.125670014,2.031645055444065e-08,3282635388.027894
135936.7324528678,2.053876297719239e-08,18125387681.95506
7506.84739805121,3.684069033130624e-08,678014655.0660166
7365.603989808617,2.586330974431563e-08,842207228.7556728
8539.979470717948,2.947744978266583e-08,894946116.6710082
9538.999006271573,5.156766076604392e-08,688522044.0718036
10086.54440622644,4.685878557500017e-08,776035732.733822
22355.01395812017,5.271700836253873e-08,1590038991.467401
6566.416648975428,4.563318303095071e-08,514210878.9376121
6885.42350144462,2.964587789616968e-08,718821591.7814391
7022.007564513669,4.091925898861928e-08,591347528.476675
377562.4434129926,6.005733539752992e-08,24619434977.59268
726901.1281595948,6.291131885776367e-08,45953946722.8573
117938.323838602,2.672804565547042e-08,13192997543.23618
320448.0191162667,6.611127823250458e-08,19599299758.02866
176474.003972027,6.959256405102345e-08,10430509288.94573
70040.35072250401,6.525459155903399e-08,4321232114.295051
66291.5945631791,5.705676619235882e-08,4472877764.819008
266054.6479985117,5.876837102321788e-08,17601178552.45578
49316.31971164743,6.128600934726598e-08,3172608114.428265
2258742.266477325,6.450235961649126e-08,140437452802.6131
1574104.993669109,6.855851605509981e-08,93970763944.80949
961659.3687482922,6.574083079285093e-08,59037932690.91404
1045843.127596875,7.270483612637524e-08,60037741557.15303
519883.8167548199,7.759369834916161e-08,28577352855.07794
363223.7141446091,7.336996676900709e-08,20725036944.85596
2800314.677549231,5.760298112398489e-08,187748667490.1249
2584398.436149883,6.176047323304788e-08,165406431740.9627
1177957.470758136,6.301135153061413e-08,74390432031.89244
5904659.658655813,6.64005730817773e-08,360092148245.4194
6981830.450574012,6.312670803606584e-08,440379610794.6124
9227470.915864713,6.206316542352318e-08,588653960308.8359
2662728.989065737,6.911303183952242e-08,158107936205.0591
5247963.067347181,6.488639395350883e-08,325003729025.894
4320072.866058143,6.815935418291867e-08,258905192681.986
18018887.24489575,5.762395941473404e-08,1207793172828.595
18414694.84948868,5.734053825460304e-08,1238387851554.607
17789181.71586342,5.562421180784169e-08,1220806195721.073
16233024.07432186,6.050653928001608e-08,1053249407567.748
17248764.90380191,5.904636689903149e-08,1137529187887.761
16171823.16958013,5.958334344687644e-08,1060089185942.271
4749914.387452925,4.304337259292514e-08,386736284359.1315
4648722.697095336,4.432039787566974e-08,371191372662.513
4948849.925452512,4.565745855592909e-08,387403132680.6695
7639.625657102,5.574854345466871e-08,523499649.5017797
10785.72060693234,6.111658713723101e-08,695146653.7334511
8983.089641023435,5.935326208303014e-08,590376875.370679
6616.680108690933,2.765551796236254e-08,723522887.8843532
6783.967138617685,2.658466689477567e-08,761604649.8280977
6467.347258574043,4.173765662357181e-08,537494642.1095515
8507411.409182411,1.334773797337868e-07,325730920793.8343
9820733.861190673,1.315637662751463e-07,379652627831.0199
9761696.507799082,1.341530016894927e-07,372498937448.2421
9189161.233506979,1.64285463689154e-07,306344282923.7669
8759192.640030539,1.699148800136916e-07,285524339618.7479
8561808.833627509,1.715126491616988e-07,277354206330.374
9892081.75153726,1.513286125417841e-07,348342926960.1492
9601757.623094747,1.573641711810998e-07,329417626019.6967
9468046.091858752,1.555300564919881e-07,327378994364.1423
8995906.773043359,1.62537121305736e-07,302048421378.0822
8867939.238301443,1.676736720462931e-07,291639352331.5682
9300536.78284956,1.620391273555059e-07,312916226397.7847
10764894.4400421,1.481115801255665e-07,384547889370.2238
10052466.30667779,1.508452968841938e-07,354746492438.3718
9888152.923201513,1.557907331880522e-07,341523631793.4084
10265398.3221972,1.430313837910642e-07,375337173169.6125
10320083.37488811,1.401277016261423e-07,382531502907.3236
10488863.16603951,1.362406228762829e-07,396147883043.6091
11719144.38811663,1.678147798637831e-07,385190676675.8962
12083135.30617558,1.654091836885151e-07,400995863951.363
11529488.17702237,1.62482529892533e-07,387203178114.4239
10691608.6550515,1.314861514983131e-07,413481780606.0551
10773529.59765094,1.318898768531492e-07,415799249022.2572
10823472.5912312,1.274877090106349e-07,427288374802.6868
10478998.57490437,1.348647578043552e-07,398462507326.1321
10701760.98399448,1.324779991388335e-07,411806066677.6733
11174595.23057437,1.294918776082532e-07,436586312105.3177
10421392.26293941,1.37999329006258e-07,390248365983.9325
10672530.41704948,1.345174712174584e-07,406519707973.4505
10590995.10744243,1.341140377710558e-07,404222616351.7986
10653498.75942886,1.529739732043978e-07,372460791452.3204
10287317.09831178,1.523770679664817e-07,360597228988.2795
10291321.24544751,1.488299831076158e-07,366446726692.0912
10903339.573681,1.383535853404957e-07,407598514538.5712
10750488.8149595,1.355773319613825e-07,407352284501.4857
10498429.64945351,1.390592963244586e-07,391132878441.6281
10953228.72139181,1.263561277007257e-07,434988675982.0328
11295997.77242566,1.273667039600621e-07,446225095652.0912
10820574.30619857,1.303552000517758e-07,420886250138.6658
10364484.82358881,1.166755464929322e-07,434071385384.021
11464870.70005319,1.163477212421112e-07,481057776957.6618
10893681.3428658,1.214164136467379e-07,444279628661.1517
10913694.46561149,1.266915489205411e-07,432653306832.52
10396397.11005681,1.242160085460599e-07,417603836576.4012
10440174.58315966,1.254759231445341e-07,416550341401.2696
15812034.76432601,9.972430530269161e-08,735281683457.424
16213495.89216216,9.481759058025917e-08,779741631416.5275
16644198.69094223,9.774701748029453e-08,784381270536.0317
13633418.33407677,1.089395842249191e-07,597696829422.1477
13809925.50075896,1.084706541204976e-07,607178655724.3098
15688149.50208237,1.023232693968235e-07,717114956735.109
12923733.23308619,1.049103251423149e-07,580999594859.3046
13387580.97828503,9.97541431921124e-08,622417052059.824
14485193.96678457,1.021398676342109e-07,662919490569.374
10966251.7995394,1.049706088784055e-07,492810254437.5002
12498361.26588033,1.004567163187938e-07,578362893494.7938
12050320.98585865,1.056216212551543e-07,539299555627.1667
10955768.94916683,9.724602313888934e-08,518077778323.0922
11603579.62569592,9.419898400556338e-08,560481360725.6591
12404446.08737446,9.66272587822423e-08,589084509986.6561
13776102.99641908,9.497514143224706e-08,661789311253.0449
14104889.22275207,9.072255323057162e-08,698596121501.5543
15278862.13950254,9.245733989541751e-08,747245685586.6289
10623820.45760611,1.711839210588019e-07,344592173401.3845
10518608.52988317,1.763997664126197e-07,334420548750.0514
11019715.52814447,1.770163398685591e-07,349538334302.3749
10242940.53372347,1.950072166818224e-07,304595999837.3572
10081548.32990341,1.994303801317129e-07,295347313645.6
10238270.86060078,2.020678701004012e-07,297322954037.0145
11016309.93271153,1.841418526108738e-07,340356832856.5231
10504729.58141037,1.901549579809431e-07,317672612598.6718
10621052.83223888,1.930453986682998e-07,317976188684.2065
9735171.288388237,1.856720861521732e-07,299120275783.8118
9955563.757247686,1.953239791775876e-07,295730067576.2029
10115948.38438516,1.909135012566416e-07,305104661567.7136
8278371.697399069,1.43462076483495e-07,302078753494.2032
8726314.316477669,1.417762954142807e-07,320943390202.8932
8456662.45839298,1.464071175786897e-07,304432398565.1619
8775030.801852481,1.489811406789506e-07,312244252352.0923
8552399.61759479,1.437609800763827e-07,311645338704.752
8606288.576854751,1.51665875663672e-07,302615140553.9791
8463384.739843814,1.38194182959335e-07,316629160183.0314
8728021.214532603,1.397232224742364e-07,324143062465.5352
8280034.210918364,1.41413704956603e-07,305050071221.0013
12273847.26382474,1.901905013611569e-07,371126101071.5095
11985306.06751837,1.88671196907094e-07,364344366910.7883
12693487.93699627,1.846669456729674e-07,391430681411.0477
9265697.894284714,1.446362442589317e-07,336274068760.8582
9826012.856006972,1.424448691625871e-07,360257298148.3514
8959600.750440644,1.422419366184814e-07,328803844180.5757
9496906.496334676,1.370259126038375e-07,357311526757.9634
9601020.97289696,1.324949580253777e-07,369417827921.7822
10061368.16938367,1.345344345277783e-07,383208149165.5289
8692458.120576838,1.445901410560168e-07,315536898707.9025
9101866.906272443,1.415735415321436e-07,335075301062.3412
8990069.785986735,1.451692256932088e-07,325471792730.4558
8475940.947723776,1.533686649138389e-07,295821792489.4604
8537509.638806373,1.475409953147281e-07,305766147279.7136
8832479.244452203,1.481152339838779e-07,315512187413.3597
8305493.911611478,1.42134663046232e-07,304952450825.7786
8429242.519674355,1.377086790446327e-07,316092608874.9161
8746900.798607923,1.379184838406672e-07,327671914226.7499
9113917.241988244,1.347365544518001e-07,346775273223.4597
9204606.115396883,1.323302269365056e-07,354458860777.4402
9353715.056656282,1.315926522649453e-07,361545568155.4399
8684546.613689948,1.42930201675975e-07,317685807188.3972
8957908.060450014,1.385198896139825e-07,334604550479.9929
9093771.187815703,1.399091193446936e-07,337427137154.8809
8492686.496772265,1.438723402897838e-07,309309710069.111
8321215.967937087,1.436746041473941e-07,303342634532.1012
8763035.036948126,1.394621553969798e-07,325849430381.731
9736657.012798479,1.584469337529646e-07,332522200268.4384
9240318.667043932,1.567863324021703e-07,317795796223.6311
10390353.62387471,1.521253886590966e-07,364610519655.5188
10275047.2549176,1.43256333793198e-07,375296579473.5431
9701886.710858237,1.454459286063504e-07,350796420498.8062
10735821.69873113,1.454853368031021e-07,388110871042.964
9057570.180087188,1.811958442579783e-07,282865220580.1919
9687651.992679352,1.928992439899172e-07,290178242250.4544
9470261.921234723,1.832303217433468e-07,293560145592.7242
9302628.931494463,1.899542857855916e-07,281518085369.8193
9612480.041907042,2.014781082479582e-07,279694252122.4543
9766823.656765129,1.982836708453614e-07,287229282151.9726
8442708.222692866,1.541238941552525e-07,293698547088.9474
8584958.194877755,1.585488742138671e-07,293064182169.1673
8347698.343275961,1.652463785988014e-07,277212055453.5256
8104905.882907509,1.481153187050682e-07,289521836166.9244
8281328.796940836,1.510545879906891e-07,291973933560.0389
8024848.038528943,1.603803757626928e-07,271854170210.761
9279481.973508926,1.39617133700562e-07,344797880262.7589
9778384.063413609,1.377023918957708e-07,366695940040.256
9729174.982069641,1.413623466881662e-07,358525610223.5204
8273008.513997938,1.710924490744156e-07,268437329263.0425
8509212.009894719,1.643939050671116e-07,283551665846.6461
8144263.581071437,1.775111904827525e-07,257850510946.9771
8052108.964322339,1.650667692075815e-07,267589997758.7937
8309021.570800088,1.557491956612705e-07,287033560414.222
8214769.050004707,1.668729387384617e-07,271022126614.2577
8635773.210229633,1.761762429504015e-07,274791312895.9854
8230617.150019089,1.716485818370542e-07,266484684637.8445
8799633.082019275,1.795803000355055e-07,276455627755.1615
8374444.800485997,1.552167704733714e-07,289954773091.0292
8127887.477039097,1.491521588136122e-07,288995659569.7155
8047715.92885824,1.614124279472087e-07,271465508851.8632
10823294.11189619,1.403013237374585e-07,400852824160.7582
10557590.09242189,1.419697153116793e-07,387942763505.399
11024587.74903326,1.44199117542101e-07,400916524431.6136
10892544.96333738,1.3955386067519e-07,404856818238.1083
10809681.30079578,1.37973837201237e-07,404838426471.0312
10946529.50842755,1.40440744740607e-07,405148625234.5749
9717126.673651922,1.311064372766579e-07,376520407759.6775
9569493.819302769,1.296311972565214e-07,373607808782.6584
9289144.042945277,1.334001347120676e-07,355799105515.6454
8925590.493239682,1.39565212928852e-07,331730575768.1163
9749949.963068482,1.371164999053025e-07,366670446788.6187
9166872.54614434,1.365892922398649e-07,345628932473.0634
10504534.38681473,1.267607086815301e-07,416281427076.5866
10388587.72111078,1.244081297936934e-07,416860428235.9105
10123961.52070801,1.287333843808473e-07,397090680495.03
10637238.15614153,1.298186899373978e-07,414894235953.1194
10566765.20060904,1.281134043731886e-07,415794757548.771
10185056.32278292,1.300852928411284e-07,396714403791.5701
10878715.18514111,1.284479168869347e-07,427326241487.0979
11146589.2305838,1.246016883470562e-07,446813252297.3647
10807445.48979755,1.267421933938304e-07,428327121460.2
10735474.75925556,1.350556793012213e-07,407830173465.3389
10582174.98378661,1.319710035846503e-07,408246614954.6075
10885983.21795784,1.334305008955763e-07,416899060306.0744
11357693.71123078,1.270459639892558e-07,449417076969.2371
11284985.60211751,1.246791005115934e-07,452173634448.6574
11015443.63906064,1.285224672100183e-07,432529722646.0845
10052202.60417666,1.297778288473213e-07,392157835770.7232
9570299.319074808,1.29617078366568e-07,373666389353.8282
9423558.703478893,1.278988393605996e-07,371224990407.5028
10963850.74451542,1.303179880843166e-07,426540431229.2009
11076828.07509664,1.318566812421664e-07,427576657515.0897
11305304.51776147,1.288396407412585e-07,443182491628.9791
9889859.870456822,1.346558405290043e-07,376449456698.5778
9442546.064607304,1.337815607987105e-07,360987036839.3415
10121204.3506203,1.319623418998422e-07,390480050370.3259
10035781.60002683,1.31010798966654e-07,389056914422.3008
9360043.107836982,1.328300163977956e-07,359539848748.1359
9554276.923845997,1.308498569565133e-07,370694085393.3626
10555080.91472122,1.354668521691867e-07,400165405329.5407
10168516.91886552,1.350767622707426e-07,386251803923.1484
10403079.2351531,1.323831843970312e-07,400503845694.0715
10859508.29091004,1.372971677876224e-07,408039721228.2462
10804968.94022199,1.363861374751874e-07,407796382966.5097
10955962.06512516,1.347613694938281e-07,416812027699.5483
10715504.42355861,1.386020768329395e-07,400097767444.7695
10245310.86627415,1.366310846039324e-07,386211732826.1352
10633318.21743336,1.370220375505018e-07,400075414103.4277
11386858.66644014,1.444250267188654e-07,413658823586.5036
11035976.85676471,1.411645109797858e-07,407061875334.117
11090315.23298424,1.420543232944173e-07,407356127780.6074
9467255.400194753,1.435446123056965e-07,345328823379.5175
8749484.572408432,1.464326013044327e-07,314937192307.4912
9023728.890337173,1.417993493732441e-07,331845969158.5311
10800590.31884199,1.461373983270939e-07,389289997878.14
10223168.3877033,1.434830377042167e-07,373008280092.7073
10744444.92466827,1.417943905779208e-07,395134196712.5222
10420437.47890341,1.49134886211523e-07,370538313737.7122
9268690.066491967,1.537954001429116e-07,322891140667.8109
9853409.279675547,1.464838725819825e-07,354590133504.2963
9149835.966105139,1.381056354498785e-07,342456732014.3223
9203602.626343878,1.353171720332266e-07,349185271760.3645
9645286.438982263,1.361913922162254e-07,364375098827.1885
8897611.691673735,1.382332652321249e-07,332811560859.9493
8630396.872169595,1.367026995246614e-07,325221593550.1744
8950633.200729951,1.354449515299332e-07,339373982813.9212
8311821.443990857,1.867214326497363e-07,254429085997.9246
8052797.982942285,1.72808304309032e-07,259559581438.3622
8215464.993088763,1.745990198521637e-07,262989019053.8928
8673298.946266849,1.330399127562468e-07,332809985374.1871
8691134.813863466,1.372665612783161e-07,326612887530.8374
9418707.793355856,1.351310012257695e-07,357674512417.4399
11149379.34236397,1.069674873602625e-07,494784586839.3753
11120047.81023447,1.073532647734025e-07,492299978498.1819
11012534.47148411,1.035297428794051e-07,499471283341.6926
11403227.47280801,1.072739237017537e-07,505085627410.1384
11219933.18247322,1.069461138278658e-07,497981946733.0071
11082654.67907651,1.035085224051528e-07,502720268577.2328
11263978.98014621,1.128265768431131e-07,482411394000.4254
11182947.22915042,1.096772706408281e-07,488065960351.5156
11212361.54516259,1.092915347656573e-07,490500449917.9443
11607319.2800458,9.925298648723335e-08,541463943246.7427
11500238.80930449,1.05352165018581e-07,515558417809.7054
11178295.58958437,1.015837205775894e-07,513443719787.9938
11219731.12121666,1.234996978623953e-07,452416587053.4123
11292229.04929678,1.258667145209395e-07,449613229343.6125
10758701.57923169,1.238002123323895e-07,433124019044.9964
10731797.31034385,1.210603793471676e-07,438535182445.7145
11189438.42323219,1.212765685143508e-07,456692301264.3239
11168097.85753307,1.174985338582668e-07,465540618241.4984
10627241.67359352,1.230352494607416e-07,429603213072.1725
10744508.90687404,1.253889754345559e-07,428891067282.8821
11082671.35199205,1.232477031635623e-07,447498824048.1285
10563851.2980514,1.143346701573951e-07,448439283944.3285
10122969.41522852,1.189734641296075e-07,418479819799.0187
9568555.152684392,1.206921002517989e-07,391796424108.9512
12984958.08161938,1.041464889642318e-07,586602797383.7172
11539692.60167987,1.089449394418627e-07,505890121317.5616
11597613.56478727,1.085741116947084e-07,509586339454.8394
11136289.61181708,1.116539501914877e-07,480276261845.6638
10514528.59693292,1.167149425426829e-07,440256219002.4868
10963766.28817896,1.12073667389768e-07,471654570022.8035
12939424.41778096,9.745851115318658e-08,610991417447.557
11965333.11064832,1.014026954358019e-07,550247984967.8427
13208529.73706726,9.930913457427139e-08,615925729799.3993
11204750.13433775,1.064047767742265e-07,498993351946.9181
11151044.2169958,1.090741382021424e-07,488466005211.0861
11111919.58198952,1.126971983962726e-07,476263182655.9108
12903217.17099262,1.016926933257391e-07,592249687637.3481
11674829.74281977,1.037862370365766e-07,528636783042.2963
11752171.91643511,1.069928121538886e-07,521452876583.2435
11459711.08342127,9.841614447593356e-08,537604345377.1761
11256976.00614357,9.808707287581945e-08,529273996524.7427
11295430.07133454,1.013514528155808e-07,519616323325.7725
10046746.97140495,1.182894398196929e-07,416928402072.8383
10462301.17206766,1.203862471265036e-07,429117243960.674
10922103.55211037,1.169408575647508e-07,456732700648.9162
9525227.93337672,1.699815900305933e-07,310413632005.9462
9620684.63820421,1.756632224464076e-07,306727052994.9781
9969813.620931409,1.661821731767952e-07,329835515348.3634
9195961.262160018,1.55066893630961e-07,318603890823.5364
9418682.25810522,1.648289132399331e-07,313305401698.8249
9860802.903430423,1.610187501598494e-07,333166487921.0785
8956438.647759469,1.760770038864615e-07,285101998861.7464
9366845.718658054,1.781256660161129e-07,295875519104.8604
9272659.890552595,1.724513650056297e-07,299290712285.4359
8153341.470881383,1.669512184275761e-07,268911413885.7482
8556613.98082605,1.714847154346793e-07,277216022819.0724
8482186.234201048,1.607993137347306e-07,286847900993.2044
9144446.221783504,1.849883978853807e-07,281661669667.3969
9604725.669930588,1.933265927547837e-07,287270193644.788
8977391.837174894,1.816362533928499e-07,279907901217.7996
11655216.1853742,1.392589052884342e-07,433815450460.7921
11808378.60305786,1.300319568003881e-07,460069599700.559
11559731.24648344,1.366445997116347e-07,435731966424.8846
10519643.09578504,1.573278005254761e-07,360964111535.4332
10774446.02233343,1.559112354356181e-07,371943243954.3311
11122680.74459814,1.454334991927756e-07,402191760733.0267
9941269.15330188,1.511356468812143e-07,350372941639.4352
10314195.81110006,1.558121626272974e-07,356205921708.3836
10112700.80717072,1.521580936049123e-07,354816482557.8539
11358891.90714489,1.423406617452917e-07,416661442490.8765
11006949.64950777,1.528183396072045e-07,385079141890.607
11453545.44486472,1.449562840705322e-07,415064170101.7828
10567258.32165557,1.575589776112881e-07,362243183080.6926
10953564.72916712,1.581332681223993e-07,374576029067.1501
10363294.30240023,1.539089816176425e-07,360845966604.6326
9836449.901063833,1.512097183191392e-07,346565436831.6482
10244085.04848087,1.555809572705966e-07,354135025523.392
9872439.725565895,1.508959444068541e-07,348315482591.5131
11161641.33454524,1.653959896009697e-07,370434487667.5271
11155875.88982883,1.609971249066367e-07,376956810161.7546
10765986.41079442,1.604367251415727e-07,364629079954.7619
10786006.97188935,1.696088469477003e-07,352015426015.0128
11184884.98865582,1.754471915359846e-07,356889613505.5453
11171518.20078753,1.701213433244071e-07,363864479558.9305
10584312.44255988,1.598653724853623e-07,359329645435.764
10476692.96541053,1.641514934254411e-07,349457466728.766
10215955.01481815,1.583873764472081e-07,348978438535.2366
11207295.40562323,1.479554033036478e-07,400633196940.8185
10765574.5712265,1.558172399703263e-07,371786436695.003
10394048.55968235,1.543379905062471e-07,361245833850.681
10335827.90363045,1.639874677608478e-07,344988667897.7072
10376268.48945815,1.720721668085015e-07,335403390941.492
10588408.24573609,1.62570854264008e-07,355469398256.204
10133592.45756911,1.676164024161265e-07,333338715516.7312
9781582.052176557,1.770931601173247e-07,310175799633.7408
10173635.83774448,1.757026129579945e-07,324307785504.9603
11325863.10882616,1.771598774400727e-07,359055067699.7717
11345102.22831073,1.7647767457043e-07,360591289745.6183
11312412.31985481,1.718426746562129e-07,365988868831.5615
12122605.15361519,8.490664399247185e-08,627530506169.5531
12625189.17797668,8.550766888692649e-08,650480851385.4375
12821758.66628805,8.353806817663233e-08,670951785487.6743
11101328.83092706,8.363474752711898e-08,580475374253.3961
11661759.89660189,8.43722867280323e-08,606220868289.5929
12026819.67581719,8.272092789656907e-08,633491124397.5486
11202172.85000181,8.737411593890445e-08,568914592194.8173
12213265.80331386,8.646192502491951e-08,624619025674.7476
11719032.65241546,8.586759503596551e-08,602104996783.8475
10324537.18769445,9.076233636151356e-08,511210950775.5402
10712510.28249324,9.12287556994168e-08,528611675066.1896
10325799.83673906,9.020316141107984e-08,513384236559.261
11237447.01223029,9.201526758102041e-08,551350443176.494
11677037.98025846,9.22020736987734e-08,572144288520.2842
11597818.43914975,9.269662713297381e-08,566239746580.484
10538483.86507706,9.014426035923183e-08,524186801723.2304
10929120.19607048,9.11698307588821e-08,539532697913.2695
11188230.09769133,9.052950704645723e-08,554925419663.0112
10593076.87719465,9.116716254038284e-08,522953610010.595
11420709.73202068,9.182095794494543e-08,561132229912.4237
10986016.91342921,9.163309568188513e-08,540512021413.5107
8984004.796309143,8.729405549937627e-08,456541430060.3766
9768946.682779217,8.967071481569235e-08,487619035883.0688
9307323.557366068,8.868046313674766e-08,468029086049.5472
11509360.66726011,8.93903387536122e-08,575692817325.5061
11552937.59369895,9.125983267389045e-08,569953356096.2026
10720437.56436017,9.060691213733341e-08,531420485514.1745
12853310.7697685,9.217248049026743e-08,629913367534.8984
13387699.98605872,9.384063951315867e-08,648303946794.7317
12351183.78163454,9.246268615524833e-08,604037979997.3699
12076314.54438685,9.188353473714005e-08,593074548548.7928
12443666.52639492,9.098661941060763e-08,615124952648.5265
11799002.63696935,9.084072731777917e-08,583881743743.3993
13812427.63476218,9.631910169399819e-08,657347577335.3018
13944026.77276366,9.919330851476364e-08,650728693704.068
15755017.39194068,9.794125875796764e-08,741495351422.243
13375440.1535055,9.566470781293112e-08,639450477868.0717
13188019.14077053,9.456467256636171e-08,635370363258.63
13113837.30666829,9.26864964762353e-08,640302917355.3486
13443528.63074997,9.724394139951031e-08,635728343352.4475
13384555.23861386,9.901650415386406e-08,625363051703.4304
13255629.50386047,9.614680429653459e-08,631602423533.7689
12871617.89167219,9.126812030589339e-08,634970771501.9163
13018300.44720152,9.268889802220716e-08,635627206335.1227
12979493.52700138,9.14284441240736e-08,639543653152.4214
12075663.66775458,1.03498534363783e-07,547799387049.6543
11785084.29582892,1.056601678271567e-07,527300879648.8856
11584635.58190303,1.073491165612285e-07,512881137303.3134
13214661.49301893,9.867115461214082e-08,618864972634.399
12621750.0038405,1.009070818612779e-07,582333546592.5559
12887294.20656548,1.013797062775203e-07,592735662104.9565
13091961.44295869,9.953364183348191e-08,609571688127.834
12156422.85123893,1.037091330802278e-07,550716128529.7573
12451517.01953096,1.015447982936112e-07,572071719744.7781
13014739.48569516,9.045450556802935e-08,645875300473.5338
13159781.48631968,8.878505216003622e-08,661234404153.5737
12906717.175525,9.028880746894224e-08,641297945912.4711
11445116.33203109,1.255126123231522e-07,456557308039.0543
11255679.34365819,1.319042187732382e-07,434376099801.0663
10396998.68378582,1.345035634708828e-07,396051925153.5404
12455693.28698235,1.140533844524533e-07,529617654987.7473
11933308.01443567,1.185921520516604e-07,494375435857.2556
11608454.55960163,1.177619234293964e-07,483175026033.8318
14222196.08346898,1.069261214900472e-07,631312108803.0688
15308387.65281231,1.02752004758452e-07,697807953712.7001
16127362.53447367,1.007732735081715e-07,744731581539.5244
11840611.16852501,1.165427283061066e-07,496269211453.9909
12642879.96190811,1.129550236502659e-07,541056120226.3763
11626147.25425061,1.171295469470104e-07,485651622167.2834
11977917.86760793,1.158474868660876e-07,504030618608.9512
12175141.00092915,1.143412115757908e-07,516819398578.1937
12784748.89546445,1.122492273713244e-07,549418521127.2458
15696351.54154524,1.001029847160734e-07,728060325621.6014
13888838.78869318,1.013510695044337e-07,638920828799.9043
13593377.46790801,1.049550914538727e-07,610930352563.8206
12144748.68772751,1.182291854734851e-07,504164273724.459
11696892.27039418,1.278375910040679e-07,460926245557.0418
11889991.10949366,1.214450923521822e-07,484836026813.6663
12780024.15504303,1.052406314638455e-07,573336218699.3806
12536750.58572773,1.110002507513108e-07,542794800986.387
12761480.04917492,1.079117033504506e-07,563017655526.0645
11938770.8173729,1.243563458934726e-07,479197246485.3483
11708978.5066462,1.285657254395954e-07,459658757725.2081
12157064.07330353,1.189561479388366e-07,502617312990.785
13259717.50008214,8.689286206969775e-08,675893396397.8406
13444174.39047061,8.506701131466711e-08,695067028071.2047
12976549.35349932,8.620589961624788e-08,664968741316.4651
13797002.66157301,9.104887062847031e-08,681713204151.2316
13381704.63674844,8.897841921084981e-08,671410789374.8386
13235441.39937725,9.064458362519297e-08,655909403521.3317
14271581.28053326,9.049166881931141e-08,708053972438.743
15143200.26279757,8.841373590408926e-08,763023366438.9225
13849146.98064674,8.841925559474044e-08,697790611065.6324
10903684.04748788,1.153911759662726e-07,460035689739.2104
10499320.86651192,1.181384990109948e-07,436080743153.7651
11063189.08724601,1.157322208081309e-07,465847901983.8907
11686620.55418953,1.08184866728108e-07,514728166307.6628
11232797.04508081,1.121025300496627e-07,483145162900.0131
11527057.18301762,1.092393182140543e-07,504427931929.9669
10231606.72000356,1.174286937513592e-07,426672204641.4069
10293851.79747989,1.185662605335268e-07,426517802302.743
10694276.35028683,1.158164122632147e-07,450095493099.0231
9422952.149751395,1.46563423061049e-07,338976756129.1267
8851345.113720812,1.538776226205089e-07,308242341889.3262
8706895.880543306,1.494527258505918e-07,309167706383.3849
11387724.19068084,1.455722080102752e-07,411514011689.5021
11093732.14977008,1.466567330029679e-07,398911299704.6884
11036828.94151186,1.423159344826675e-07,404894576007.3325
11268938.27279986,1.454694462181625e-07,407413244210.157
11445784.72269172,1.4550238176677e-07,413744440897.7239
11148469.93023921,1.431295658001756e-07,407438781423.5186
10940054.61353349,1.402654544182618e-07,405246253049.7108
11142426.11634177,1.441598560252279e-07,405275362671.6741
11022637.73108465,1.418204622771056e-07,405315242532.8351
11364279.98259604,1.480541851079072e-07,406064290796.6086
10944653.90347627,1.522367360774263e-07,383874316822.8759
11070592.70201335,1.491352607426833e-07,393656398048.5535
11528965.8420447,1.214448500784502e-07,470115189711.0056
11207066.47146751,1.285727222134509e-07,439939261803.2618
11490551.46579412,1.260113673899171e-07,457159472332.0873
12731261.08055895,1.077962896435866e-07,562085284966.6771
14281383.55332168,1.050209108140872e-07,641583366634.3317
12612610.75000359,1.11293657570989e-07,545119079057.6529
11259916.55186362,1.207047692847062e-07,461019064465.6096
11149907.8650325,1.272575055521861e-07,440706045344.0076
11470991.12477447,1.201185715793796e-07,471187945262.3309
11131013.42580855,1.45554587254218e-07,402269811378.3096
10320591.17645865,1.519390557402788e-07,362458503397.894
10468093.53099258,1.462173903783624e-07,377168060613.024
10127556.49771833,1.48147838186208e-07,361721615902.6513
10162596.73822209,1.456333142127278e-07,367139295916.7806
10165523.03867368,1.41233544231006e-07,374833004250.804
9887603.803865159,1.47611484738661e-07,354006272239.494
10058574.09751321,1.486428221259316e-07,358459799929.4004
10096411.23687084,1.417246609856675e-07,371424100526.696
9753868.493189463,1.475224865539835e-07,349358579646.9012
9765226.795123369,1.420937091179615e-07,358618288457.2258
9718095.644257924,1.47838686463324e-07,347580794991.5368
11240237.53170766,1.293320451142899e-07,439512662989.327
10959876.69371167,1.318888310826065e-07,422993462515.0187
10542568.03954352,1.347184025451264e-07,401170013343.1999
11084302.5165881,1.222734101409864e-07,449939050092.9394
11401788.45760695,1.231029058458036e-07,460745153911.7557
10355704.29773936,1.320984153523368e-07,399252737226.0356
10177309.42951685,1.583190017072453e-07,347758390458.614
10437556.85466322,1.640824285864199e-07,348249742427.043
10427404.6743297,1.596227389904614e-07,354361383978.8669
11401355.44634767,1.598393734106342e-07,387109628073.8624
11951953.67997669,1.627729558929754e-07,400913549885.4794
11206699.35561038,1.572532171975511e-07,384660886636.2927
11011803.31913756,1.318827981390508e-07,425010517346.3552
10706232.03454419,1.304244684506355e-07,416291235970.0408
11239611.58537412,1.28867658019369e-07,440543379811.5671
10872411.5463514,1.362440358579257e-07,410627045034.1204
10968922.4800458,1.337071909239089e-07,419495645824.0383
10856498.19777829,1.321698494368254e-07,418409465755.12
10854803.23740418,1.386627379496403e-07,405180722633.6952
10937064.56353511,1.40218921368291e-07,405225121536.9069
10800275.71788729,1.377495377074921e-07,404925141499.7319
8820336.965468066,1.308965685538103e-07,342136705460.1866
9571908.027198609,1.330145166374082e-07,367337971363.053
9287304.241542822,1.287469580771344e-07,364248988958.3988
10606805.55586884,1.251080803059332e-07,424027835800.2868
11136599.08317604,1.271746021405901e-07,440371286158.9214
10605699.18078478,1.287312585398885e-07,415990386813.0679
8523893.890595974,1.720590445123603e-07,275541084594.7913
8844965.583408106,1.780742307557192e-07,279444411914.64
8523056.174813401,1.771049729019726e-07,270255690335.9771
11551029.90056273,1.881873815891452e-07,351744278308.8451
11251267.20934511,1.870895968919308e-07,343955041506.4784
11528802.60617409,1.853514786813864e-07,354639277332.6913
8988099.367693124,1.678419279444983e-07,295393471088.5126
8790997.220796084,1.668747893890405e-07,290030934795.1163
8900154.855092373,1.713025019542736e-07,288550452038.8913
8767242.036932353,1.725427290854636e-07,282877597149.2549
8658905.059828451,1.681074614648367e-07,284274770651.5651
8459817.558824176,1.727975615450839e-07,272690028671.6677
7764095.008502131,1.376321306083643e-07,291257836481.0642
7835431.537842262,1.359652073885708e-07,296331437198.7894
7658525.908536568,1.331263334268188e-07,293744135861.1851
9328359.041794727,1.357535250880477e-07,353159730158.9166
8141118.205275648,1.37981981360153e-07,304884825312.8694
8103197.509559854,1.350834655025755e-07,307790323549.3503
7917698.016336884,1.439102499367621e-07,288317574185.302
7703415.460072302,1.464255413268465e-07,277292907819.6259
7875260.026587978,1.398801791159349e-07,292254214348.8852
8541494.871735115,1.418991342199124e-07,313964626924.1012
8107787.980813405,1.431971527770781e-07,296218920386.1128
7992467.214786801,1.408366379344758e-07,295259421242.9835
8616679.251098847,1.438941735574829e-07,313793869164.5108
8285377.068575126,1.488146190802553e-07,295040666182.3134
8181042.932384603,1.451914574439106e-07,296151971824.7424
8069000.326189577,1.50084097463925e-07,285712964751.5787
7751101.69197251,1.489755175115354e-07,275816451149.8957
7966041.916438033,1.464625760359661e-07,286698095743.1334
9238787.591753604,1.541449345783583e-07,321362707146.3321
8695089.893349752,1.518101231121537e-07,305543879069.9396
9657714.582306994,1.499410073057957e-07,342184828557.3951
9001667.339379424,1.570050482014633e-07,309300447478.8607
8706325.324040771,1.613818702395148e-07,293718788612.4825
8465098.668609837,1.546722800405981e-07,293780996450.4788
9227982.817892153,1.583882097345557e-07,315228065799.2122
9359994.311985163,1.602182634062077e-07,317298172962.7167
8928920.406901371,1.627616667637219e-07,299523475167.0247
9931130.082165731,1.554230686995976e-07,343548732705.7908
10226354.99926981,1.49379245882971e-07,363240297798.9118
10809734.42112471,1.477446030366506e-07,386788844938.4161
10513465.44805293,1.914931971691179e-07,316453807201.1428
10899090.84868178,1.887928417306799e-07,331181897620.2645
10804851.90566643,1.905697349544694e-07,326274299100.1971
8792504.199514361,1.864808461899103e-07,269374468300.3903
9587546.613901075,1.861345432430396e-07,294096261048.8034
9251211.67622547,1.885425665526066e-07,281357831666.1042
9170911.451828388,1.834205313955424e-07,284084279732.2282
9201469.910611451,1.817590264878245e-07,286765269127.0015
9655722.746048031,1.841656907026811e-07,298294768106.2444
8192864.713958378,1.823820748972445e-07,254750091547.3199
8718983.601426128,1.836620969788589e-07,269848185268.5533
8413749.879142093,1.847539575926251e-07,259374392721.569
8197761.793919335,1.811427833230193e-07,256063653081.0607
8433609.239470236,1.797924981311134e-07,264747842826.1327
8724035.449089972,1.824215782699561e-07,271227226123.2925
11127674.51276651,1.882598998019486e-07,338765518153.697
11425797.09634054,1.8935897452922e-07,346494154342.8932
11032450.33939157,1.900360227464586e-07,333770559095.6656
12055942.61311861,1.841726535356326e-07,372435503879.5181
12637901.2326787,1.831634369874941e-07,391846315448.3372
11931293.95954223,1.871665118140849e-07,364643756152.0912
8816997.86949911,1.590442853256201e-07,300359949905.8626
8581714.079416502,1.651184640875623e-07,285130459562.3367
8842060.490599727,1.614274385136488e-07,298241845445.0958
9500415.36284817,1.585132339183208e-07,324363697478.0569
9661488.380659603,1.535730585017908e-07,336899743382.7601
9192502.232228965,1.590120735218146e-07,313194175452.5865
9468136.85122931,1.520697402965409e-07,332329828699.9624
9828632.14937002,1.542119370258146e-07,341780871693.4475
9201186.331649249,1.589079098359686e-07,313627027631.3436
10066992.71306356,1.457656428782046e-07,363465314695.5386
9698223.885842001,1.471706522836918e-07,347918932810.7271
10121147.42696904,1.428600664799793e-07,370358672716.4818
8823076.96244492,1.626019154483979e-07,296166747543.3032
8577036.713777237,1.654131201926854e-07,284636527957.9543
8812256.809367841,1.593387722481988e-07,299828446127.0209
9256928.38173254,1.525473618112905e-07,324237893743.7403
8992993.534478875,1.593854557796388e-07,305918087393.8467
8982069.658108329,1.561223365298855e-07,309789283781.8699
10025161.43554145,1.671947432494431e-07,330326155104.5952
9480923.521271175,1.699819828892948e-07,308969338166.6905
9241593.089727931,1.650868606331278e-07,307094357291.684
11551762.24272409,1.743566266914824e-07,370131405474.6454
10976821.72959114,1.686443549846909e-07,359607498152.988
11934932.34132438,1.679601279846133e-07,392056955790.6113
10789403.95797965,1.777522618251494e-07,341287746987.2661
9520789.723709788,1.787570777508491e-07,300029627301.0015
9684048.921829231,1.748273584352219e-07,309730550431.9654
10573644.85898735,1.874099139653758e-07,322871475676.2065
9692045.777929567,1.887756789600944e-07,294522240853.2239
10036230.1869611,1.863664142193591e-07,307604143151.0518
8461309.509774897,1.755820818067557e-07,269846911809.3235
8594696.38661423,1.719812248563799e-07,277913630587.0939
8462144.185632177,1.705342026209347e-07,275173172593.8796
8913128.853845693,1.822955724761052e-07,277233753180.5876
8619545.526551479,1.796653752870506e-07,270712374736.1988
8943255.131533265,1.80633653320669e-07,279874400713.2305
8083107.331307354,1.795970912454789e-07,253928908901.1372
8255719.173621191,1.762384613503106e-07,262636117624.0523
8317311.416028437,1.782434603367862e-07,262607560966.5244
12360354.22736156,1.747984071506849e-07,395372024537.7245
12201721.49037342,1.777098024358368e-07,386023299439.5427
12755471.39591203,1.793962592669148e-07,401009127513.5167
10419188.18186752,1.853320194575886e-07,320528690981.1675
11240651.45570666,1.846380091649533e-07,346665595348.3738
10966627.63152512,1.863754890970473e-07,336109328814.4562
9055819.440733653,1.84338494741476e-07,279587057585.0715
9537618.316165771,1.850835328300073e-07,293671240744.2363
8744693.595380221,1.854307302897902e-07,268920219910.0655
9619020.515954958,1.808696460715258e-07,300760218630.6813
10893958.35793948,1.798645165308732e-07,341891823372.6644
10083342.92339785,1.832768418206164e-07,312511599900.9396
11335799.7889443,1.8043579557228e-07,355007096290.2277
11333508.02477372,1.831531255296148e-07,351415948071.2067
10508594.53389168,1.838475424035927e-07,325017004186.0182
9920918.396654688,1.725887690266314e-07,320044368643.6325
10477467.50201924,1.698015218260017e-07,341687116369.7956
11039347.13601248,1.755138029697804e-07,352156632637.921
8682209.141923448,1.710737384119778e-07,281735352263.6242
9165026.446045931,1.731577367515097e-07,295011619689.0787
9006221.333567277,1.770875220320877e-07,285595027628.0501
8657143.771382989,1.681325330262151e-07,284188691710.0055
8904322.217489922,1.653213236395288e-07,295607161611.7171
9139273.065286262,1.702164267213617e-07,297561911973.3206
12547465.03307066,1.768442944672969e-07,398255662043.6693
12446893.42171381,1.745827142619444e-07,398468024495.3688
12843380.49329146,1.791813750152442e-07,404095585131.8885
11816215.8177994,1.845616324770891e-07,364516730240.5377
11692815.91323868,1.875553822807371e-07,356861276505.6272
11670452.55218454,1.847194930064061e-07,359814956668.4809
8286842.645007621,1.776330241945734e-07,262244639230.3251
8672874.045374466,1.749231756876441e-07,277288252258.7223
8367123.360363347,1.751850607650474e-07,267246151570.8039
10471460.07418402,1.357361435897261e-07,396469914373.254
10251120.28765053,1.381266783782925e-07,383636232618.0862
10248181.69190543,1.425310803850637e-07,375584013423.1249
8378251.370668518,1.74586131091332e-07,268213248159.3288
8573519.969382811,1.729933897842105e-07,276146467009.7954
8440298.162385024,1.765930395017627e-07,268148517988.6552
8562762.265760267,1.704747264713508e-07,278509845069.4141
8763050.396175966,1.657770276682699e-07,290383817433.2762
9190148.977818003,1.632450116980068e-07,307677642130.8104
197371.5983806618,5.314659651080899e-08,13962644683.9876
29654.1372848609,2.711727722602632e-08,3285397379.922946
29867.91679493707,3.491313498402074e-08,2796054943.024101
6222.58664922762,3.093464322682941e-08,631452778.3343816
6077.795013280944,4.525013682216239e-08,478629486.9095327
5260.082114732016,4.027354635042504e-08,447691939.0791059
26536.00161169975,6.676417779636576e-08,1612401331.854012
101337.4659921842,7.110591651587288e-08,5904270070.035249
25303.50855370978,7.216411830470289e-08,1459821887.594804
365398.3714468005,6.045852729846273e-08,23720739894.83873
374764.0295172444,6.382526885502001e-08,23465481202.6709
96565.45620316685,6.297620641448217e-08,6100575402.216879
51907.70523330823,5.125480215376383e-08,3761913356.681176
267542.1995622972,5.625843071798572e-08,18222189165.73243
67035.16617097663,5.454999068013837e-08,4660575735.825922
1856003.61725547,5.294199716134828e-08,131637190503.0699
2592666.981609205,5.454982138345458e-08,180253835655.7135
1029010.711515466,5.659592193142881e-08,69806597414.07294
8537459.949504551,1.61354827284999e-07,288054084327.636
8324711.273193874,1.569140844982687e-07,286150534561.7687
8298600.643494786,1.546503038177503e-07,288029970785.2566
8682644.040040554,1.639141486988305e-07,289895207057.0667
8878534.486605247,1.648845058913542e-07,295271403148.7957
8468082.672790542,1.594710494930317e-07,287958910071.0328
8548171.545614405,1.676227222198934e-07,281180135656.1203
8681393.203652652,1.690692385965322e-07,283931141957.9461
8808012.468113882,1.639344610712783e-07,294056702303.5494
10427581.92531913,1.43575923582853e-07,380302515607.5203
9610658.635485755,1.485936675305896e-07,342572857588.629
9330558.425317535,1.521686510673604e-07,327358917677.6552
11760310.43618793,1.79036503540716e-07,370218167999.667
12190907.81350119,1.782498459848693e-07,384901796677.1185
11757976.15250217,1.817539392441086e-07,366446029277.6015
10940805.00710209,1.857992445884722e-07,336010860828.1284
11251483.34121406,1.79968110778362e-07,352976730768.6
11232323.79976616,1.806442990506251e-07,351495773888.1959
