14578043.71950661,1.619030898894063e-07,490752465536.3221
15285919.82707831,1.779483188912336e-07,483165204937.4797
13942374.54059774,1.774582009057188e-07,441508798130.4304
12813317.10424128,1.532818375940777e-07,447370945457.6146
13954576.57635621,1.557368458715317e-07,482083662106.9008
13332802.08706018,1.712893724955444e-07,432282665012.639
13016308.83510149,1.427305673040832e-07,476588087895.4751
14170572.92753861,1.290563296381377e-07,554882723470.6058
14166380.79819836,1.451854302240651e-07,512834091283.6506
11981168.00233107,1.707085999943349e-07,389339880169.502
12327257.04549054,1.570247020240367e-07,423533531942.6141
12836892.54504539,1.750330986889539e-07,410247980243.5316
11741572.48158147,1.660848232881306e-07,388603132908.7461
11859225.41987169,1.565375153303808e-07,408298107362.2474
12084208.32064125,1.524040272308629e-07,423532987180.9214
12975589.67377136,2.017304051410256e-07,377235766985.9177
12139431.42581511,1.818736996195207e-07,378168262972.2861
13000692.06285936,1.862142571155354e-07,398680063804.6426
13177877.38154576,1.493103714503284e-07,468222354920.1148
15221514.43662286,1.497064578254353e-07,539880333426.4022
15471767.1052173,1.326133654849133e-07,594951716072.6436
17701013.70613068,9.843657593015493e-08,830284899294.3673
18185688.24189188,9.994151552380604e-08,844434148778.0109
15875441.14805355,1.111489623536861e-07,686734491557.3993
16146793.25970261,1.284319278839186e-07,634313980510.7264
16454814.10417589,1.458925969575111e-07,593750712260.4467
15243859.51815975,1.456816540347323e-07,550585828213.5199
16669150.30949282,1.27614350167816e-07,657628239039.2516
16409355.62634323,1.44705512179391e-07,595344223413.2812
17872737.3959768,1.293099763331649e-07,698934351987.9995
17963278.2064382,1.034772481262958e-07,814996384973.433
17054035.53638124,1.173168640585297e-07,711628828427.9335
18271197.76676555,1.190029691310305e-07,755199720033.0569
14851828.48863815,1.311117477993403e-07,575464919489.7493
12838154.81645096,1.436608489474331e-07,468033554189.291
12606227.16426864,1.477977022033247e-07,450962061784.4153
22141637.36584485,8.022084796943022e-08,1190378026199.948
22598725.78199636,7.698186059633168e-08,1248796530241.484
19746911.04005821,7.994085502476125e-08,1064110291928.579
21038894.02441535,8.473779030500883e-08,1090531336323.185
21847024.12764511,8.435825430542931e-08,1135814038882.599
19835385.3655116,9.287591979048451e-08,967175360255.5997
22255382.33327655,8.018358841628976e-08,1196863807010.868
24767224.49877799,7.464259384167084e-08,1397074370575.095
23086330.49961522,7.98017082061243e-08,1245508751549.221
18929953.67314875,7.59504512263221e-08,1055510712914.532
22718211.57060207,7.343526774269836e-08,1295500797420.807
18720379.03457853,8.10494949027478e-08,999572798867.4502
30449698.01733168,8.059717824982538e-08,1631935908006.887
34258376.73740898,7.532246073667949e-08,1920807227404.382
33580941.30968917,7.075407449168811e-08,1963022282626.385
20678379.00245368,1.265385132207064e-07,820417041343.8832
19273677.93530775,1.315917610180716e-07,744981460385.1007
22358673.4523465,1.168895231273032e-07,935252709892.8942
19840711.52324018,1.554252842507457e-07,686345508234.6992
19634184.62628782,1.496394397276927e-07,696597890313.4337
23534960.18395326,1.321136981519093e-07,907294409442.535
17411229.60204474,1.588247498317643e-07,593677590522.4254
16148080.09156454,1.694060865276153e-07,527434120487.4949
15962039.41924605,1.640784623720251e-07,532583033913.963
23875201.01795169,1.259340007119384e-07,950280249930.043
19945058.27196382,1.434726480600219e-07,727761762395.5321
21105354.07565653,1.307324611573536e-07,819351684726.1656
18368461.79799857,1.65289642328122e-07,609877150887.126
17451475.72103088,1.715815490565454e-07,565177808567.9514
18169765.5167572,1.595107744341984e-07,617764062601.4847
26101105.79371221,1.017051031447253e-07,1197927157233.474
31924177.16225287,8.486460262545932e-08,1653110905494.649
26931128.63181056,9.738200193985216e-08,1272336800415.504
15691470.18047529,1.421259021603561e-07,576166689286.0444
19786361.95284325,1.159983809959097e-07,831887625653.7776
17690733.3813975,1.312623285715184e-07,684939850103.0126
35305164.12340488,7.424572061327775e-08,1998591105155.564
34859299.01974618,7.700001641577698e-08,1926008079026.547
31660543.05942829,8.556963474672135e-08,1630441575258.523
15147293.08362366,1.434004535499721e-07,552884835978.2314
15435945.5414148,1.363452774105941e-07,582693049522.3772
19174701.07145923,1.172621309378283e-07,800368671215.0447
36060016.47123504,5.992457225352469e-08,2354810474644.129
32937704.1138603,6.05672508449812e-08,2135672962691.331
32789980.01728157,6.072621515774607e-08,2122382597637.006
21397880.34942951,8.594172212133968e-08,1098756321658.672
14796686.08652347,9.649796008560905e-08,703319035460.1156
17621084.69847035,8.765302090456507e-08,893006691407.8137
19966564.58665786,1.096817104566798e-07,871392606911.5275
16147250.14317667,1.287905868668898e-07,633153713460.3391
18062214.71492432,1.131859976391922e-07,771926348646.8667
23587038.1198652,9.37354062402134e-08,1143065099687.289
21883378.85067638,1.009228341442142e-07,1009535093189.477
19887475.81054674,1.044202315598632e-07,896857057006.9644
24035553.45376625,8.742018512839706e-08,1220242964311.105
24135689.43385022,9.03518635342663e-08,1198675510610.944
20391523.7064165,1.010727731468297e-07,939781498497.5408
33476581.12906067,7.637015966440547e-08,1859767408194.408
29930203.51229494,8.770224787620381e-08,1516244318909.107
27883647.80470939,8.548929555795286e-08,1436840065649.872
26035979.05606044,1.006345807239421e-07,1203397447074.117
20172318.46574175,1.208949337817521e-07,825056610053.49
22406130.54910497,1.056271116426109e-07,1002728270043.736
15878412.67690147,1.051857956668831e-07,712583377554.0386
14389901.30798731,1.00879847360278e-07,664030770223.5552
20908127.1005853,9.03241469460413e-08,1038594182783.963
18631086.15024534,1.050345647960502e-07,836918845233.9839
16937468.35037836,1.06220608476726e-07,755166368083.0161
22120875.82086915,9.139285488143608e-08,1090253497572.307
32707455.57406085,7.464124008041795e-08,1844990762587.604
27182095.76918213,8.375374077541264e-08,1419973139604.085
27075821.57685915,8.080508905902608e-08,1448624529107.534
11617756.49643308,1.388890113367529e-07,433188592977.2338
9785736.663671447,1.465726180930932e-07,352012669248.1699
10339581.84420491,1.390072438128781e-07,385310952176.0261
8575709.664255941,1.259443063358991e-07,341311595873.1133
6966442.164204945,1.349656262287371e-07,264766023699.6022
7115041.908352783,1.273692874312792e-07,281061256220.1249
16067234.24373814,1.141159260293316e-07,682931197874.0582
12050400.19135441,1.278022382908756e-07,474944099604.4716
14497336.809741,1.153282973109036e-07,611877253515.1818
8799330.397808081,1.494886753082716e-07,312399811134.6982
7623586.513381186,1.505281540551815e-07,269410287810.8399
9324914.74476249,1.419316769354059e-07,342708845414.8196
19464080.79959717,7.238326026837356e-08,1120663270816.826
20046743.35999626,6.972351669960899e-08,1183380225819.038
24211154.15210607,6.689759417645219e-08,1469180514698.18
27808122.38129149,6.591465366224353e-08,1704186090958.433
30040575.37345627,6.284347425982957e-08,1900501085832.857
27501321.79556552,6.519846292870268e-08,1697704095449.082
23674161.15982336,7.794573508515375e-08,1297417330975.062
25849387.97576768,7.083813226837489e-08,1509867592616.7
24146724.07119635,7.470677831557421e-08,1361292799357.186
30750184.52314837,6.263538951542846e-08,1949700356808.814
30871436.08487518,6.220922041629585e-08,1966317570300.988
28607729.26045287,6.527369866162728e-08,1764647257695.004
27217682.83051955,6.889172691556757e-08,1619595027219.099
29817031.55447662,6.430155135164598e-08,1857733606761.506
27707925.85333246,6.694517596857767e-08,1680574715186.346
22704181.33930776,7.678971307752761e-08,1256716017081.617
24667957.06420194,7.388842502136261e-08,1400927232498.548
22161288.38159088,7.942708537268258e-08,1199359154662.21
24328631.81088136,7.341651680472764e-08,1387570853099.419
28919022.5087609,6.592076104712493e-08,1772156753925.407
26360014.9813862,7.050866228055722e-08,1544486094821.075
32507348.50783511,6.31983032296122e-08,2048855209827.598
35914427.11731213,6.068908842001911e-08,2325565273829.236
32526454.58081927,6.19189120294014e-08,2078202435371.777
21205580.68386662,1.11786961804711e-07,913810339297.6914
24760024.41579559,9.734129593961272e-08,1170091037188.755
25445642.08746368,8.735546655906741e-08,1292468664241.027
35964774.32206508,6.012103607087254e-08,2343471638920.401
32699161.83099823,6.092223381587527e-08,2111961877477.413
32574369.0830673,6.134990070476009e-08,2094112954399.909
30504388.4285861,6.976521358371343e-08,1799988388939.621
35376740.19114435,6.265006138405475e-08,2242694638897.67
31995899.80465712,6.516018370098727e-08,1975935640463.483
29271109.47006791,8.035656600246772e-08,1571900086467.965
32342652.89582517,7.05145907413241e-08,1894914621077.37
29394615.18313903,7.437204958069829e-08,1662115803966.569
23753931.28988744,1.099895851734254e-07,1034747660521.24
20488592.89086039,1.219742234668019e-07,833041732266.8944
26395124.8286463,1.01723225543284e-07,1211277467319.718
25161889.53094668,1.170292801275259e-07,1051671800518.476
22316115.28564117,1.218242742054676e-07,908091006484.6636
24857581.5190493,1.07841573613685e-07,1097155188844.364
15579967.87346022,1.596086708172337e-07,529495455690.6458
14862163.59325851,1.591455665115688e-07,506079805608.9379
16772872.20845667,1.466640531478681e-07,603103223315.9393
35554707.47608702,6.764315930253404e-08,2141646828058.643
33503941.60476148,6.399752592852634e-08,2094050317626.088
34193225.64227097,6.555435660926674e-08,2103160255060.381
34441528.86117299,6.387060616982159e-08,2155501831994.84
33749733.92249355,6.231509796653452e-08,2147211536473.193
36572855.25868905,6.090380595768424e-08,2362631075014.492
35269728.98140232,7.194645066260304e-08,2038899753352.076
34353563.78030548,6.709116969877686e-08,2080630150676.681
34582317.32690517,6.737734572368465e-08,2088549756009.093
35650032.45812497,7.254484079483829e-08,2049536112715.617
36100910.13472812,6.97798016169763e-08,2129928365620.697
34728908.71342136,6.769117431728788e-08,2090915286761.98
30489770.75227397,6.387022912542573e-08,1908190998837.848
26959903.05433448,6.777995304782732e-08,1621750910412.115
27936070.71949663,6.481150804517449e-08,1731399297196.456
34980275.67277869,6.476993538715833e-08,2168906940695.593
34750207.51512108,6.448404897426002e-08,2161005487069.577
36890920.46874895,6.151735392624678e-08,2367305971960.367
34026340.38029384,6.841219907949783e-08,2034196369583.042
28400698.62990958,6.86699150014573e-08,1693627967954.193
32020797.92083116,6.477368005873735e-08,1985331813784.43
11242845.97857765,8.86804150154558e-08,565359181840.041
13486838.3401771,8.156046097770885e-08,717117582370.265
12407696.32312287,8.768856572038712e-08,628631073497.689
25275718.96476152,6.506380675420887e-08,1562465865549.808
26351828.98773991,6.516187832129707e-08,1627352743468.362
26759284.49010257,6.347505673759229e-08,1681663500812.156
26917597.93471786,6.408622067555837e-08,1680840592890.198
25413695.2541545,6.479482240345783e-08,1575339932731.606
26901246.88975825,6.320627949823354e-08,1695374286983.73
30418154.83584405,6.157278846900741e-08,1950774117571.95
28161422.34944952,6.327874443544514e-08,1773438028698.47
28144697.73448703,6.24053359673655e-08,1788883692672.052
30998137.83449014,6.121591192482396e-08,1995688352802.547
31141773.56134717,6.105930341339687e-08,2008362539755.782
28840911.71551615,6.188969296558492e-08,1843303154686.935
36222928.76417986,6.012794663117494e-08,2360112181647.019
33413617.45819536,6.153989294120999e-08,2143642400318.197
33093411.86375064,6.077083130344815e-08,2140974162377.277
24442840.90032873,6.99130122301252e-08,1440278036852.042
20506988.97088268,7.242419218615538e-08,1180264808072.656
25372738.25496362,6.695202117375323e-08,1538833189240.264
23214117.55141274,5.586363383201292e-08,1588544521135.001
26307605.17113073,5.012647447903352e-08,1935099087596.113
26253199.8740078,4.974817123914985e-08,1940874695878.179
20825923.86609806,6.437734855856763e-08,1296528951863.081
21261246.65981722,6.140518413903209e-08,1366004197608.606
21657695.20026767,6.319304078261964e-08,1365105034285.025
20257093.04615389,6.492689404993097e-08,1253989897672.529
19384326.00934148,6.538752650378328e-08,1194320167282.732
20686460.52520513,6.195369833763278e-08,1321218656526.118
13646927.29141677,8.497384092034897e-08,706065044959.051
14777580.50770791,7.882888596309161e-08,803797050147.0283
16320876.21443653,7.780491547981503e-08,895513452072.9492
21575321.13305224,5.811585648827863e-08,1438006470326.736
25093869.32227033,5.221855020157083e-08,1796185111125.156
22074842.78108292,5.795713524544353e-08,1473984823941.488
26269761.99247842,7.019833199054685e-08,1543730943436.611
24076532.20436482,7.730577970177342e-08,1326740413201.54
25792468.9195412,7.214703343558871e-08,1488266125902.059
19987512.74153183,1.29626840169144e-07,780360833360.1394
20106904.48151667,1.47395722812761e-07,720590657796.4261
23669966.10129612,1.265096366595918e-07,939251499344.2892
8517748.735580383,1.081779861074896e-07,375173564877.0349
7109891.013350623,1.199823559634516e-07,292270300817.4788
6993308.179513128,1.157784088491242e-07,294395352189.6989
15585708.29278461,8.89074462118561e-08,782410109127.437
12936771.72376067,9.778466396494979e-08,609507073027.5295
13149976.11041998,9.098102055332767e-08,650066462694.7833
16786306.21659864,7.917555607464896e-08,910390519426.3641
16588988.23959058,8.42632831315145e-08,863099731760.2827
14072805.77645797,8.632501812125712e-08,720481623774.7664
24019712.52757972,7.457830269647727e-08,1355687136562.072
23905944.06623246,8.049418305905031e-08,1282319463898.29
19903499.25015473,8.218115477207513e-08,1052966635983.03
27201821.47063687,7.194571387073378e-08,1572514656116.687
32712864.28235858,7.167941462306541e-08,1895784370897.67
27080742.68354514,7.786703985940842e-08,1485108306421.238
16929267.39064308,2.433809834945789e-07,434290574001.6862
15897714.56706962,2.644672166954561e-07,385851446015.1801
15126110.7454523,2.70319077598151e-07,361806316430.6187
15829627.82987703,2.039112624701221e-07,456923219967.6791
17352055.23053726,2.187679916027344e-07,477927185515.0797
17248082.22768791,2.077904634198652e-07,491651165286.7867
13810209.63751461,3.263545233410315e-07,291344739014.5277
14346702.31140558,3.459238228759121e-07,291137694882.79
13631430.87072006,3.381535616449028e-07,280844205724.7128
13824051.92531958,3.186976597517367e-07,296289394754.4221
13686482.1589651,3.075240175890353e-07,300404067735.0638
14360810.84022042,3.382682756190535e-07,295804503763.7102
14848457.50360311,3.032671850148109e-07,328950885876.0003
13932492.56213179,3.156869303436238e-07,300509185763.2951
13752921.46607081,3.274902750803143e-07,289464976562.8638
15168945.46171811,2.918425861260392e-07,344764822156.0779
15007463.79769222,2.817848293984669e-07,349163548900.4882
14242991.73580862,3.04259178252564e-07,314851256134.869
13263173.9308862,3.297603296339798e-07,277874392272.4196
14674103.83790935,3.067894159995717e-07,322595278022.9393
13585142.39276943,3.310031129446102e-07,283907027542.4738
17059783.08955749,2.729932822388132e-07,405389222145.8304
18078290.29280525,2.541520950362637e-07,450569261078.447
16334426.89186565,2.800583340144939e-07,381596955231.43
13448992.53905357,3.086917483514417e-07,294446506308.0175
13946718.75910502,2.946236434534901e-07,314987736785.4149
13402398.18058383,3.206387723590341e-07,286091634201.0355
14894853.40626739,2.732051340043568e-07,353761306471.7612
14861277.00906267,2.686947787758796e-07,356902818599.9864
13994188.67580465,2.84509801964227e-07,323506419289.0638
18624983.07835181,2.216783665766425e-07,508487574675.3766
17845432.12453697,2.312952079490476e-07,473604672918.3619
18709781.99666123,2.341375992617044e-07,492517069282.4813
18402116.04908882,2.160433793821575e-07,511101462710.4078
17824329.39757217,2.115960194961208e-07,501966657193.2599
17627293.198036,2.256615890022514e-07,475569360973.1883
14000285.54245551,2.97368855398643e-07,314248518756.2633
13660021.32383613,3.197274169955321e-07,292144775791.1084
13454910.25471286,3.233973179746393e-07,285576979676.47
15327406.53184617,2.445253703997817e-07,391969907234.1165
15949177.16648786,2.580114431369893e-07,393531019225.4934
16982372.04602733,2.36892866085211e-07,443571563061.6672
11296673.75938594,4.088559546540635e-07,205070741587.3838
11095494.33162834,3.92663986059014e-07,206918477997.0901
10556022.65303023,4.247228788221952e-07,186822799746.1334
11746323.56163317,4.255840684298622e-07,207608462266.4318
11459089.73755383,4.170848562492785e-07,205273950045.415
10713043.40870476,4.329534937315373e-07,187191172955.2527
11913623.55805334,3.81896668590645e-07,226332346876.5143
11435503.24519052,3.81957203503798e-07,217226169879.3181
11639728.12897867,3.98149297652315e-07,215069520698.4237
13193480.7673704,3.879416045147352e-07,248036246072.2752
12424305.34728899,3.855026544947612e-07,234559953984.4285
12440215.17539331,4.10260549878691e-07,225313935727.6387
13311150.70221436,3.336207867670862e-07,276724024733.4001
13138507.54932542,3.313425255637845e-07,274385558299.8651
12585274.03737709,3.588660477654072e-07,249215143538.6652
11883749.0604641,3.020379589694784e-07,263984921590.3741
12185525.69261981,3.049336471964495e-07,268972184942.7322
12695116.33364491,2.788679637695697e-07,297420524092.9562
12065423.7301822,3.237104501691347e-07,255920317291.1554
11356139.5389069,3.476777995721381e-07,229674482613.4861
12632253.38116718,3.271368395898623e-07,266069152208.3945
13400439.71198925,2.979208087502288e-07,300412839573.9703
12575714.33608417,3.11273820748454e-07,273802619813.1329
13154270.35681274,3.146941097584318e-07,284320181354.137
15031387.40499779,2.811982236358191e-07,350206352380.5244
14012767.24833899,2.903694078436888e-07,319563132145.1991
13761010.63382441,3.071662589134252e-07,302274370151.8878
14208405.30170545,2.534883465991394e-07,354737148983.5069
13484760.67768141,2.633856029614705e-07,328182350937.1675
13796414.6128585,2.76101573819019e-07,325377098896.7424
10207691.88472525,3.976975403881376e-07,188752313124.8891
10894365.73322283,3.801017485057366e-07,207619770136.766
10650203.93644556,3.730652002436612e-07,205510854114.5057
13464354.47964307,3.965614293553298e-07,249447155566.556
12703282.51223439,4.188474979452932e-07,226923081780.7049
13492419.84869942,4.199175883285767e-07,240610072046.4326
13736186.35280179,3.135139959059578e-07,297642459892.9341
13912699.98352601,3.158046238922299e-07,300007719949.5071
15005442.05613041,2.875912817539135e-07,344401459482.131
12728916.52152422,3.397928562385564e-07,261405833851.1589
11700888.34106131,3.673686433026973e-07,228113390050.196
12184468.24981927,3.673029181234304e-07,237569305525.5536
9841737.771717427,3.846747579954295e-07,186069845261.4994
9948164.620121613,3.988406875235296e-07,183601683524.9975
10385075.15487148,3.742099288811281e-07,199985928867.8441
11578829.50311693,3.279908314779857e-07,243457704687.0414
10700306.47901802,3.442453191441251e-07,217846634287.6456
10884213.93293566,3.51955347727777e-07,218342707050.2783
8768932.612523684,5.335211407908635e-07,133304755889.6338
8840678.097398298,5.361019158461349e-07,133963762937.5618
9188891.775034128,5.146460632016944e-07,143083877194.9882
8728594.406415721,5.117039514331799e-07,136436886347.9491
8740958.94927755,5.27424926255452e-07,133901460318.6052
9160255.563327691,5.085487614275365e-07,143775821037.9093
9072021.735668575,5.60694656429034e-07,133419652128.2222
8918665.359461427,5.887845626967331e-07,126958639279.5294
8761527.40287591,5.532693752043357e-07,130003607114.9989
9195748.642707549,4.481044394990449e-07,157036615739.769
9579342.65926989,4.228687966257756e-07,170032503248.4977
9194202.827977013,4.309259127568662e-07,161155700941.1018
9462186.847453976,4.928387154854459e-07,151654385994.1105
9693332.800689423,4.87224984589353e-07,156550126628.9076
9271390.725964179,4.733559569003109e-07,152646313211.2181
9014849.274837412,5.436177839861825e-07,135340995296.7384
8705343.397156505,5.361922164702768e-07,131898210599.4346
8693004.078959314,5.2047154696385e-07,134350273547.2123
9054900.379600819,5.279432266752729e-07,138619883135.1655
9637745.393227492,5.008745093477674e-07,152811543493.5399
9407267.162567927,5.064837776629981e-07,148053877111.3868
9808157.185010042,4.771385596868054e-07,160629166952.7686
9920047.925386984,4.525006817699992e-07,168306521815.8939
9383695.643925708,4.632725174121941e-07,156729069390.8595
26215951.29438489,7.695298287899895e-08,1449045365909.012
28251908.94336625,7.123941264877736e-08,1643996585013.981
21571979.34836678,8.585748922461057e-08,1108420475660.287
19974019.95637804,1.114219081777169e-07,862617805469.5902
24094805.15498449,8.69957392441164e-08,1227226609742.741
19652011.7702397,9.589772606605232e-08,937997057640.2653
30992229.07426221,7.001085764498567e-08,1824494456543.555
34017432.05860882,6.615011038152308e-08,2079766015192.782
35901949.83379942,6.289824822069447e-08,2269999016449.64
26450230.58425281,8.882508761401256e-08,1328635032423.734
27805462.5265314,7.773384128798699e-08,1526593366216.551
27158706.14566648,7.884463854919646e-08,1477046943881.085
28987115.78286448,8.629154429161034e-08,1484429276292.361
27649530.73462299,9.353462762605288e-08,1341856735551.848
32705925.72609778,8.101765697646362e-08,1746787169571.048
26622921.29895283,9.045059857975961e-08,1321239081793.838
27862015.48293072,8.534079998229272e-08,1437390343217.38
27982514.95309033,7.93543841720627e-08,1515326183074.002
26257282.28589719,9.792719225144997e-08,1235893091915.818
26498120.48828434,1.092537832991247e-07,1159464387333.973
27487935.29807269,9.281835410933336e-08,1340868570494.878
24844233.1988379,1.157722062546768e-07,1045898139932.47
24611049.50677485,1.044456900926727e-07,1109693694325.348
21067729.69432388,1.188923959701445e-07,871328029124.0872
26474177.3367094,1.099615342633348e-07,1153440721327.521
26162010.93739089,1.007670479102257e-07,1208162725085.309
27463548.95816458,9.352736270546092e-08,1332899890987.273
22933310.31742615,7.761042480750434e-08,1260433799494.559
20809517.63800018,8.601964567847798e-08,1067899165699.679
27378355.1806436,7.140100155977474e-08,1590759348401.907
17772491.86899728,1.229920362074937e-07,718616188531.6761
17092496.24166703,1.165064062304009e-07,716537551965.8838
18706043.85257097,1.089727858529177e-07,819917040191.6099
8280165.044035218,6.871124011746896e-07,106337668874.8804
8728643.176985655,6.656124621493666e-07,114498318925.2848
8714809.835418317,6.602394878755169e-07,114936222119.9056
8044795.146140407,7.258953726550962e-07,99601444667.18228
8045135.390632999,7.07698907435379e-07,101305806988.8307
8205443.707312273,7.028138901558107e-07,103802667235.0974
8032659.33002907,7.154714920498012e-07,100414815046.2886
8292779.531468512,6.840498748845786e-07,106817302827.2785
8059964.004403151,7.018414500336842e-07,102056442725.7203
8555849.935200028,9.136486528187785e-07,90867869691.1897
8913449.194986055,8.994124340347068e-07,95662090797.10509
8531803.530509312,9.189782136260353e-07,90261809482.97182
8378577.821718119,8.97939295511553e-07,90019996034.96609
8451662.226838188,8.998082832520574e-07,90679435420.74486
8438023.511697074,8.925187031384481e-07,91025382803.79013
8492825.534777528,8.79743745290894e-07,92501351353.91264
8388814.73727005,8.929195223201523e-07,90467458769.83734
8448296.66725919,8.875009241128663e-07,91479394218.63786
8247064.942111522,9.037433161648826e-07,88227237710.57712
8054269.520585476,9.137763854952945e-07,85532835849.52405
8260634.20347543,9.029765413926379e-07,88422423231.73315
7997419.756528937,9.150008518417821e-07,84853330345.03558
8189537.596295351,9.049724747331512e-07,87532460057.17966
8031543.324226558,9.078862582422936e-07,85659994981.73444
7894201.320765325,9.222753540166779e-07,83317160846.88443
7693406.11737222,9.290534214233579e-07,80802512875.16756
7911441.248256543,9.14161351740602e-07,83992473223.02357
8125442.281928119,9.343468619963512e-07,85017485392.3002
8028848.562309244,9.430955927955913e-07,83486474695.70738
8202278.272081334,9.433823958928163e-07,85272563797.84233
8324330.687689377,9.065994541630273e-07,88866693656.13783
8222901.773896193,9.212522352668831e-07,86850581928.48708
8395582.627408937,9.144105102985262e-07,89116208461.01733
7893102.358663652,9.362782771548337e-07,82472869106.99915
7951827.167747894,9.413208862358299e-07,82789476313.33069
8047957.843696869,9.325692911378887e-07,84313726742.60463
8316499.900017553,9.334984667966403e-07,87069258776.01276
8197307.99604705,9.319393571121846e-07,85917075221.159
8274482.229532826,9.409836667403657e-07,86169340847.30524
8204883.920257811,8.875641676006074e-07,88839464899.31717
8310815.430697605,8.938988053819654e-07,89560821026.09145
8428049.174474029,8.799642338586306e-07,91780491794.62924
8254637.907638193,8.648649759242763e-07,90935296574.11636
8190911.624675117,8.803080307886422e-07,89174865769.51552
8413888.05650245,8.727058308108862e-07,92133621963.71335
8094170.693159982,8.794988095050299e-07,88175687552.59721
8275176.457673169,8.884327126077451e-07,89542160555.50919
8131407.862334433,8.863783207953308e-07,88122402390.4063
12480191.33199195,5.409143746955662e-07,187990352220.3181
12029297.2538683,5.564409936444444e-07,177811909224.8557
12083148.40391655,5.382291587206181e-07,182614515231.751
11819098.89332359,5.642627454979395e-07,173086600425.0659
12444858.138033,5.664670211341593e-07,181777529353.4474
12749631.56951263,5.418358041275657e-07,191831166923.2628
11066769.35476982,6.254987872910221e-07,151310782581.5162
11068628.27318456,6.465665493059646e-07,148030650500.9435
10992157.79343094,6.430110828992618e-07,147549354920.4101
11588988.74734938,5.780788510642814e-07,167001672459.5007
11204325.09597664,6.00572197916916e-07,157401506859.9377
11163555.85972953,5.867969717495802e-07,159273665097.5536
11486430.53914822,6.257257936965824e-07,157010628515.6168
11191601.78500959,6.422367968811523e-07,150347239674.6964
11189732.56830588,6.211866544131253e-07,153699207881.0631
11397895.26252445,6.02533633260343e-07,159773150552.6692
11720118.36638243,6.111367371497786e-07,162744531230.2204
12151671.34353602,5.87980377391279e-07,173138689731.1785
10936008.1812396,6.184005873083232e-07,150664949680.764
10300707.23326648,6.515842374105045e-07,137052405975.8772
11251680.87203631,6.270281631793278e-07,153588738761.2114
12203781.09973412,5.255845023995741e-07,187384087600.457
11760150.87265046,5.540229587464288e-07,174338933620.3061
12688404.13720192,5.316325744891835e-07,193344852392.7469
9724797.091666423,6.400117907348861e-07,130944893036.5273
9925640.985597599,6.548368064811306e-07,131624431358.3936
10549443.13830341,6.216433826352269e-07,144833377658.0934
8702782.191710861,7.742930040059837e-07,103209868375.5046
8596301.053630687,7.87962025275875e-07,100764624645.0719
8719620.407928875,7.888429983101555e-07,102134044217.1382
9574927.640098007,6.88059441962892e-07,122852744042.7799
9083114.480292281,7.067842943332035e-07,114474879314.7603
9304183.90022132,7.058507291392413e-07,117364397600.8907
10691650.8752905,6.136233818598782e-07,148061962782.5352
10533885.27684864,6.375940093040912e-07,142197654294.1189
10347871.37301396,6.250052489613998e-07,141556096621.0558
10126954.70009118,6.007980223116607e-07,142230653136.0453
10588400.30388454,6.044352401768266e-07,148114360300.9512
10246298.38433001,6.158034030519959e-07,141559474741.5479
10483661.01996981,6.064044111820941e-07,146331582316.1161
10442804.05175369,5.844550401049324e-07,149388232954.7908
10145311.80955423,5.949235497590934e-07,143424923066.7998
10163142.54098684,6.42278146308626e-07,136525126163.7604
10443440.18789069,6.2461748351416e-07,142922573047.8781
10224964.98714903,6.281400779967125e-07,139409004766.7566
10689836.55625234,6.069854317711484e-07,149114160072.5499
10965170.01035439,5.922922568216943e-07,155474081426.7626
10697398.71093656,6.103925458054289e-07,148663847647.2235
10507896.9087798,5.68505921581746e-07,153117845023.3653
10742659.34115449,5.550345235481214e-07,159061523991.3143
10212489.08475958,5.664788647005373e-07,149168045047.8132
10662360.28331938,5.706598848589984e-07,154977430843.1495
10903929.88288485,5.835912997915162e-07,156138682671.2501
10829465.18368183,5.919555541737088e-07,153608156187.5671
9969754.356094714,6.832418519302814e-07,128519240523.6374
9165228.961436076,7.055720161390455e-07,115642042468.0081
9413647.349801539,6.914288392792319e-07,120390697794.1769
10958629.56432566,6.616792171203456e-07,144319356595.3606
10630107.42012226,6.860319447530289e-07,136660003427.6072
10882540.67080637,6.581206624133219e-07,143833466734.4821
9321419.239117295,6.911686783654068e-07,119241109543.6494
9087370.346481238,7.031072231959304e-07,114927472194.2206
9579297.192957986,6.843976538435787e-07,123346824282.2865
8819555.606034605,7.330658879146693e-07,108480421065.4
8404847.463349,7.454465621192043e-07,102231678619.1706
8296942.47538443,7.390593304940888e-07,101499805384.2128
8751164.576819358,7.228194120301673e-07,108654065205.8164
8907568.381801041,7.274136419118949e-07,110129805107.1762
8382314.354530361,7.334001135260612e-07,103071032969.4737
10121382.35449875,7.107385708366242e-07,127086643122.5509
9839950.671102822,7.206643156344819e-07,122415828409.0829
9471125.682484668,7.224466520849961e-07,117633515958.3006
10538121.85136016,6.649820473560839e-07,138321578214.6554
10591725.63694271,6.533243128199544e-07,140674109806.2693
10790333.97094655,6.5225501460503e-07,143468514728.3322
8915091.487738086,7.521258476724069e-07,107795044218.4745
8798329.045050634,7.46376478997522e-07,106928851805.8071
8693766.063442687,7.384782601434968e-07,106410089043.3869
8992442.372087814,7.802463961566195e-07,106101897079.4984
9155482.589962786,7.914776537364352e-07,107001238044.7878
9117817.408020323,7.81182870436758e-07,107495202727.9786
9094269.151942784,7.674435748407721e-07,108493445191.4812
8977256.865783144,7.742373130978456e-07,106470081557.181
9102526.363379443,7.751776408512521e-07,107868453861.1903
8951088.386272084,7.657550029152392e-07,106942241742.1514
9314684.71820882,7.73577191021102e-07,110534806552.6379
8990593.576439183,7.735811234475954e-07,106688544378.0774
9057999.388926974,7.799336827239557e-07,106903970625.8104
9383292.442060398,7.799297590910519e-07,110743503150.5733
9221630.163531303,7.911666794926307e-07,107802551952.4898
9039211.898174832,7.645224741781188e-07,108111127387.9225
8883200.238146309,7.634921843300894e-07,106340750569.8443
8922555.497914629,7.713155137732619e-07,106088395278.3844
9594265.700311057,7.759837719655228e-07,113616999404.5377
9773265.314071113,7.594835702468469e-07,117407029408.5811
9359931.286017548,7.739288371765285e-07,111038087866.4081
9648635.878866345,7.307375205745004e-07,118930062125.915
9751226.984833473,7.178289666177142e-07,121631280685.037
9736848.59040813,7.147578991834163e-07,121799575379.5772
9153052.301420918,7.585531271395973e-07,110046256938.793
9379252.702860728,7.474404755099971e-07,113880796414.8783
8996057.04230842,7.575205219704747e-07,108256986089.8544
9344133.076752892,7.566570990168954e-07,112531197623.4938
9765674.676684871,7.499462993393767e-07,118308371109.1381
9572668.04713444,7.455509307815202e-07,116425502553.8657
8956948.620257676,7.538513893729913e-07,108135822999.9605
9074755.426469533,7.596040982366351e-07,109004241290.9983
9332982.273488833,7.683925163628013e-07,111249574000.1522
9215156.142279251,7.321402747045885e-07,113441815023.7257
9564152.181481857,7.147216688852703e-07,119643335392.3512
9328706.368874539,7.162547701508505e-07,116531428921.4249
9096242.261805343,7.15092169987722e-07,113750680472.1811
8877672.105174476,7.160245095969545e-07,110921016636.3095
8745178.162596617,7.250016146360718e-07,108361750586.4148
9280626.690327844,7.673722984714637e-07,110723522067.5529
9788955.689527228,7.849362262960183e-07,115039445737.5582
9541745.766589426,7.761692973859325e-07,112977042386.8889
7902099.135261616,8.479644871121576e-07,88204490887.71893
7776089.140910991,8.344690601363462e-07,87731267637.98405
8194028.140210796,8.342403878571545e-07,92463425090.797
7848652.637586648,8.596975774656827e-07,86808977348.49695
7912889.871714955,8.727304244121996e-07,86645971850.00667
7786814.859142987,8.546414423486293e-07,86464377023.09355
7973485.559556512,8.71274121508561e-07,87406755985.16736
7909829.541907471,8.774501877845743e-07,86301592620.52151
7885345.893428217,8.63952839082131e-07,86928207522.06941
8580480.60380533,8.267010204047038e-07,97412038440.60361
8376651.762679162,8.441482047352293e-07,93783116440.08243
8452353.209665302,8.318847716477131e-07,95558396682.13097
7925718.93418019,8.84603252606731e-07,86008157835.76871
7971861.960747394,8.970241821261558e-07,85708455551.38376
7994040.011763314,8.793026489373658e-07,87097842385.7603
7914544.6224923,9.138738755906419e-07,84043040709.88725
7930424.826754954,9.215802999354514e-07,83741550503.98512
7704482.459500207,9.266636842858448e-07,81057905041.05606
8032999.328637197,8.465791778141494e-07,89763409958.66005
7753786.45746448,8.304610677904822e-07,87760883069.95566
7791599.801509598,8.435650784266143e-07,87273201827.55446
7972736.755680082,8.720587851922919e-07,87346113113.94566
8088421.141024287,8.569804681766468e-07,89649899371.96027
7846183.964262397,8.539597887301252e-07,87169965169.82895
8382216.802191693,8.129215373900327e-07,96233541718.81058
8524466.515988849,8.101967764534808e-07,98085964870.67613
8340065.603660082,7.99072283832932e-07,96852779497.5117
8137429.65884943,8.418338554022482e-07,91271738431.28165
8207063.774917425,8.245745449472855e-07,93332849595.42966
7856391.742140886,8.257088453060741e-07,89263074080.50644
8721446.580663547,8.458721634415807e-07,97510646605.10153
8620049.00312905,8.219017722064347e-07,98241832959.85695
8477000.663338402,8.246193335773973e-07,96399150903.55537
9068034.064502122,8.857040618085578e-07,98322757953.65829
9058338.709820343,8.704609170350194e-07,99360943060.67479
8792081.188415945,8.936311087049776e-07,94766062731.3913
7557323.25240149,7.987347579836314e-07,87787552883.24998
7546457.523929643,7.808565640046337e-07,88994319861.91037
7683117.058312943,7.980368601822956e-07,89300827352.87688
8216406.900025527,8.142064781226054e-07,94230660728.0325
8174675.211512332,8.003599693806196e-07,94830258425.48401
7865533.138761876,8.153392560820504e-07,90123060169.40961
8241367.951492367,7.755426902115032e-07,97632744704.04474
8234033.324967789,7.567778322671326e-07,99151742806.97409
8177768.252415613,7.48704435857735e-07,99180858131.14284
11471523.98138081,5.773204674037471e-07,165453698993.715
11336361.7376346,5.940712972889271e-07,160416110599.6101
12088132.98500649,5.795387118871421e-07,173901873856.5971
9197091.098271511,5.667823079309353e-07,134288750020.116
9051665.118683789,5.82063377479489e-07,129841929744.1719
9856604.256445821,5.531250166599001e-07,146277810962.2806
9700811.347119151,6.111197973826982e-07,134707101098.1809
9317545.518301168,6.310091043668943e-07,126651724081.4975
9831196.34670211,6.139384078642783e-07,136099490930.2306
8699735.013531229,6.846415608261017e-07,111994626336.1441
8790990.345971148,6.755283564461519e-07,114184918732.1933
8912294.017375616,6.579757037827675e-07,117810211038.1513
8497080.716831444,7.147052461595924e-07,106296369210.2278
8550987.988257874,7.010205646200311e-07,108358368515.6745
8460601.580966895,7.006565175926604e-07,107250123259.3635
8242899.865253567,7.280301229397665e-07,101854555551.3317
8419774.16699302,7.21454087043347e-07,104671386692.2768
8383461.533015166,7.074168303499717e-07,105594131843.4307
8346805.48136595,7.478641034337191e-07,101306777392.1054
8517478.248593323,7.464325630030735e-07,103510398775.1113
8467533.654885542,7.332284448681637e-07,104135161531.5018
8671283.690268626,7.478855334165101e-07,105243021107.244
8772827.864463717,7.526742893366781e-07,106023357666.7843
8810524.470987694,7.356140434684642e-07,108118933718.0286
8525930.653942613,7.237862721188595e-07,105763277695.1336
8576046.922325941,7.369732524352225e-07,105112088323.7498
8579929.218296053,7.100891111618681e-07,107797445579.7158
8326646.199753468,7.579749036806263e-07,100161363387.0317
8386461.346486366,7.736881628508246e-07,99510318146.41896
8497113.780750049,7.565652943589464e-07,102338840066.6661
11858157.55054863,6.049908052502941e-07,165774617066.4948
11947280.1558083,5.779792028873448e-07,172184573785.8698
12292221.59060808,5.818461801522427e-07,176370084224.0574
8649915.340115113,5.513927880030515e-07,128638549951.562
8706396.922604995,5.861838014142562e-07,124303279650.2096
8721173.270217312,5.539862629900801e-07,129293170271.9563
8872626.372386156,6.44711437501073e-07,118889073817.5343
8886584.356558673,6.500564832522359e-07,118422476357.6369
8904056.361336105,6.249296527073971e-07,121814918457.0804
8531656.11859587,7.026571752272859e-07,107945452681.6519
8463359.92078248,6.936231598022252e-07,108009118101.6488
8851720.274022456,6.849137284902508e-07,113920994337.6308
7896108.868445189,7.589603887116916e-07,94900183951.2379
7871707.13343432,7.424748406122364e-07,96002181086.27457
7650937.238705302,7.618007580285722e-07,91724856102.80023
7532959.980409433,7.863055739340178e-07,88424257966.39908
7810591.048134295,7.699218018144336e-07,92979274729.30698
7566761.180527709,7.727362782532392e-07,89857809181.66571
7618483.210757745,7.850382205977123e-07,89524378320.11151
7912515.052114799,7.675705103139619e-07,94384865625.36072
7897671.612332642,7.686224157813824e-07,94121832576.30309
11180778.6111493,4.801900550391686e-07,182332158756.132
10344950.04623955,5.09971614055656e-07,162068170306.7387
11176307.43320305,4.959836832060406e-07,178369288551.2591
9050411.644617412,4.762828530344373e-07,148396970590.138
8805398.677979536,4.989187116367666e-07,139978874089.3916
9238931.936327565,4.957622034821748e-07,147493480939.3795
8716198.072568337,6.135230390131308e-07,120718317410.1903
8772476.200406607,6.281447052045365e-07,119604925007.3042
8743797.569377381,6.064228985355416e-07,122043981282.5165
8889055.014095401,5.708627893934986e-07,129171817562.6769
8780806.812795686,5.954132538184563e-07,124066755149.7036
8951975.544695854,5.7300247596939e-07,129762106793.8754
9523030.265171081,5.377406780281072e-07,144010194719.1531
9072905.214692915,5.564513219491708e-07,134110131431.5837
9136471.958773827,5.585771898740126e-07,134706864607.907
8770621.956016745,5.578223508451318e-07,129429453500.0119
8755803.759247493,5.900342809198368e-07,124464220277.0475
8847740.251302689,5.667549921934341e-07,129191952383.7707
8671201.516760251,6.187626696245668e-07,119416189656.6937
8540488.40195824,6.483459174222213e-07,114010500865.1222
8655220.240062162,6.20055251869473e-07,119030391809.941
8786138.277010631,6.52840393432319e-07,116750842188.2687
8572908.947588129,6.565319240000966e-07,113490012906.1931
8703868.986180838,6.269722928259263e-07,118817418567.4819
8348558.708731233,6.877922998639818e-07,107145342956.3052
8186851.56305757,6.926608695593582e-07,104577072551.6326
8619071.708081102,6.657781877135858e-07,113042248005.2426
8920727.498094,6.745640445431184e-07,115980456540.2809
8530839.32657673,6.83269162386559e-07,109967381034.0963
8804266.125579942,6.612654490873791e-07,115995891505.1709
7908184.269101186,7.384922140560472e-07,96793493839.87422
7660567.093793429,7.53200832618386e-07,92538060520.60902
7908521.612362321,7.202433961401633e-07,98425836811.52271
8349251.187362668,7.132531539110352e-07,104588771031.1302
8120293.580759075,7.272894530699738e-07,100407665845.7086
8281690.487784085,7.041989759644929e-07,104629801828.9489
8425671.346341716,7.240059447766769e-07,104498428689.2448
8619566.656295117,7.327896539955902e-07,106047201690.8562
8165099.066597578,7.525904727752093e-07,98686023027.27507
8215361.879937652,6.901575339103234e-07,105194865588.6715
8450395.158150554,6.72348343416557e-07,110106795971.8427
8662104.786932878,6.68634043686006e-07,113282922136.6656
8666894.175673351,6.693859582402357e-07,113260661862.7956
8527737.243933592,6.822839854214705e-07,110033186992.8295
8719097.44750575,6.54505095297443e-07,115663459233.5262
8773476.67009983,6.500464159697056e-07,116916412305.1097
8581517.351428166,6.778560104631328e-07,111208790509.927
8884774.235570151,6.515754406518811e-07,118214275744.8742
9702407.59661979,5.916280440770269e-07,137672441387.0096
9986058.062270544,5.593080870734107e-07,147104747062.7826
9175738.051214805,5.88276928448744e-07,130693241427.8356
8651196.375043573,6.303138485234878e-07,117680617224.217
8536491.298791291,6.586154397736036e-07,112769450342.7517
8655096.815688493,6.59808763624329e-07,114198362664.492
7983663.537696862,7.576373352197396e-07,96064143260.97299
7998587.530505695,7.56540824622203e-07,96336690512.78487
7959126.783995939,7.411126317597418e-07,97187246761.80263
8193525.068412344,7.273824920214755e-07,101304535870.4107
8333666.905366089,7.068004847704417e-07,105027955630.1127
8221054.043116664,7.189106393253668e-07,102441885326.5532
8834293.395276556,7.380062317462829e-07,108176219330.5996
8796545.919810871,7.550933647308528e-07,106082823766.8192
8765797.730819916,7.575338268755742e-07,105484850439.5829
9122259.069539279,7.426061983485715e-07,111240608373.5952
9594897.414896104,7.305803993734622e-07,118284632483.2964
9254320.770622188,7.401592890101794e-07,113099604492.7463
8642762.109890172,7.103591599978979e-07,108559350411.9249
8638865.622750565,7.372956100114177e-07,105851159562.4184
8777846.917653017,7.250066811125832e-07,108766043335.9811
8678047.58839131,5.623724523194365e-07,127371618744.8818
8834438.48294853,5.97895926105283e-07,124478750832.8758
8734620.794941407,5.971577540023052e-07,123173704906.6634
8796625.098376118,5.242996858819788e-07,135289165593.0026
9038026.149122527,5.406446545528575e-07,136185954143.4565
8715763.734540313,5.174984485818322e-07,135217451864.4497
9219129.799091602,5.684380773044548e-07,134349015524.9346
9032982.31341688,5.92578019118271e-07,128036600489.0001
9187314.224038124,5.644855283149486e-07,134509625045.1727
8564837.135576108,6.826797188198326e-07,110469174438.6945
8313264.761728009,7.07736679226794e-07,104678416148.0495
8426505.27684623,6.956062663151498e-07,107334294646.9397
8708312.171076452,6.257226942492426e-07,119036290499.2499
8712225.464580761,6.552562673940331e-07,115483955399.1199
8764564.875561694,6.403562763203041e-07,117972988106.5157
8453642.117279947,6.76717994459993e-07,109674427203.8349
8319999.179327088,7.02960461947114e-07,105237216100.2189
8571672.670255227,6.779712703794444e-07,111068622160.7825
8881058.860070689,6.18094114204505e-07,122394436269.4306
8863609.444417709,6.432264645836061e-07,118950975662.5614
8780977.396543251,6.173802178121893e-07,121108433339.4694
8066018.718246914,7.182884577099613e-07,100568035576.1214
8194042.681805126,7.130425734358205e-07,102664724924.7422
8326674.196751314,6.867931173167675e-07,106968100190.1664
8215064.858646764,7.375821910087937e-07,100632296069.0703
8271457.87050186,7.456478068973558e-07,100591101890.6666
8391641.855582209,7.310303017239805e-07,103408606960.0444
8066134.982516197,7.504639722695031e-07,97673988008.0399
8126802.263951776,7.383049274023677e-07,99486124915.03973
8154219.014569155,7.298160379101808e-07,100594314796.1482
8078056.234948734,7.622307342277118e-07,96809037301.38019
8202216.404673198,7.768924895538115e-07,97056347008.36505
8138768.247141229,7.500793550876181e-07,98587201873.93536
7993214.641218797,7.338827736675813e-07,98243466807.59746
8032759.695579278,7.493097183133537e-07,97369707369.77574
8120661.801186435,7.287139328382629e-07,100281319968.0977
8426788.933349736,7.927852869507842e-07,98376581808.03006
8558999.492098633,8.06967924235923e-07,98745842355.5974
8466756.65263799,8.030541065753769e-07,97998750742.81712
7663445.590065726,7.895621650871057e-07,89708416783.6739
8081575.804821924,7.867547981888353e-07,94827969380.0562
7958335.604344836,7.72101467583844e-07,94559680797.27505
8406026.293119229,8.312810696339872e-07,95080651818.48079
8335551.380027041,8.485350175164654e-07,93001043130.70984
8649454.025932217,8.52525663344134e-07,96201915712.22139
7602987.532170719,7.994428608797551e-07,88265840130.3992
7713321.864091435,8.116471973744978e-07,88646839930.76375
8019487.082965933,7.966514051304063e-07,93318491092.85728
7481435.877073133,8.018233874672438e-07,86682709577.83344
7525964.564917088,8.061136759138021e-07,86888968808.80138
7590887.867981574,8.139991587094212e-07,87071616125.13298
7574906.212464763,8.145299776274913e-07,86850544396.15016
7677575.120733623,8.35540573354369e-07,86545743237.68834
7640039.820278986,8.224343945850158e-07,87035169451.23416
7489950.374804188,7.796303501532707e-07,88420530318.44539
7500775.360731036,7.975277765544772e-07,87218567057.39964
7456321.364158906,7.93213298977271e-07,87015768413.14888
7660310.43987216,8.37349723900105e-07,86226703379.26067
7785382.614672592,8.508559847219426e-07,86704689835.00446
7723795.079627694,8.457935431062857e-07,86361696695.15967
7699980.791870034,8.081806765479838e-07,88746384059.51625
7613421.107985955,8.214392128386757e-07,86801966577.32726
7574048.439287866,8.088898521349975e-07,87243916534.99115
7850742.621099272,8.122816236064742e-07,90179188080.16188
8180937.923443758,8.253163306971634e-07,92979984937.34824
7763337.263644231,8.255471832364245e-07,88217318729.76903
8625850.759224055,8.254125926852538e-07,98028994126.00627
8516421.442196,8.112150537981362e-07,97911373716.0981
8608933.695950823,8.151117190510913e-07,98659279207.63438
8459614.87145612,8.006007040634499e-07,98116025375.36259
8366169.886559221,8.149415909039408e-07,95890523755.94983
8372335.68008728,8.113860103371213e-07,96241331377.91623
8654491.75610685,7.970017115727599e-07,100678190008.5301
8531635.456973385,7.961115193957397e-07,99322967159.13779
8443984.567878446,8.069028195209151e-07,97424146309.04424
8710881.59592714,7.692185413189575e-07,103759757461.8411
8599258.820751606,7.808311434757561e-07,101412059521.3199
8573940.636986978,7.853333897454291e-07,100726659339.7081
8416301.607306713,7.877998868101942e-07,98668232335.95
8456244.477923978,7.98088753016469e-07,98282622557.43892
8516761.468159195,7.87086871888852e-07,99906260788.44466
8280009.201899594,7.834690310128949e-07,97427807614.23328
8332278.659202384,7.804058889377731e-07,98299225000.27788
8272657.39675155,7.647088518751709e-07,98926875811.81256
8343491.979384945,7.934275629734048e-07,97351578374.28394
8527930.559757115,8.045639242658552e-07,98583284875.82565
8395961.114250205,7.903752493785556e-07,98215838925.02769
8319774.620120662,8.346627505032907e-07,93850705165.28293
8255679.618705712,8.437844045046311e-07,92455304799.29128
8314915.144260704,8.28229205651102e-07,94280988565.75243
8576957.175725164,8.28887503244085e-07,97200727105.15517
8414385.299146567,8.289724184819373e-07,95351824493.24022
8467839.427771688,8.146812270796984e-07,97076507069.90099
8670114.755626306,8.402652598403683e-07,97367474803.28249
8841117.329433847,8.602196737472228e-07,97746430498.94505
8506658.173733253,8.403629975628589e-07,95524410750.10971
10263979.82935608,4.251881095587493e-07,181521629963.7333
10796030.2927248,3.931328440954218e-07,201173702505.2113
10112513.06968649,4.107273235279218e-07,183016410164.6558
8894320.010588702,4.730999594643149e-07,146490955051.5134
8616214.694002697,4.830260233401227e-07,139959642904.3547
8651443.651505027,4.957351524233566e-07,138119640629.167
11360174.73348466,4.544525859449239e-07,192187863441.6045
11721245.93827597,4.349267164513936e-07,204187767662.8181
10689094.76654331,4.422902547427595e-07,184134859100.3175
10203318.04288322,4.776041794839796e-07,166992132856.0299
10976923.33680953,4.651227571707399e-07,182853062514.8245
10317434.18101032,4.529581558223289e-07,174930814308.1846
9758829.845907101,4.250019516212566e-07,172638291545.1075
9371622.280980395,4.502400058345669e-07,159533559524.1772
9907634.203356465,4.394667733117274e-07,171403334734.4524
8947834.864038385,5.438230800124469e-07,134301089836.9857
9025726.665044159,5.527614331978138e-07,134005828379.2013
9474694.063424313,5.340531650524833e-07,143938023023.1763
12611858.75318212,4.777361181184378e-07,206373397509.4043
12449113.05830185,5.010883511423323e-07,197331101392.9118
13066514.4756487,4.853852857437681e-07,211560872503.1966
11754989.49884201,5.15330234710937e-07,182879557891.4609
11391895.9238038,5.065617786516428e-07,179270045981.5039
10837380.95381953,5.277366894912562e-07,165950849903.1637
11295644.53933855,5.561294339846049e-07,167029723789.1249
11730507.09388757,5.277053110574802e-07,179634249169.6178
10813874.0334723,5.401090892801144e-07,163052319937.1131
12491712.31882064,4.705351378366843e-07,206487579620.5662
12696531.97511216,4.86125202761734e-07,205361811156.7475
12422465.54835548,4.80669057640079e-07,202446539221.3488
13570965.36318855,3.153051882291995e-07,292947635789.3222
14336621.37398674,3.409132892356745e-07,293776822060.0661
13631215.6555683,3.073753736088034e-07,299287475017.9491
14537507.84656595,2.751069925650746e-07,343681015270.1443
13619701.22322043,2.988536113506604e-07,304692601145.0045
13680059.48394497,2.90923487479631e-07,311579442378.3231
13488568.58369832,3.338546643906869e-07,280281370428.0369
14299975.77093623,3.475232301589889e-07,289298428668.9286
13535312.36108431,3.219179357292808e-07,288162966620.9274
11760809.78880491,4.589059606728237e-07,197676371304.4547
12285653.21756042,4.601003025508402e-07,206140459569.8521
12128143.33816896,4.393705873857649e-07,209849046673.1246
12556840.96063115,5.108953841910042e-07,196483344078.5554
13048356.41805631,5.169279734096024e-07,202582746462.573
13176875.69886322,4.951820280532257e-07,210524445924.3002
6646519.789010755,1.020960172488859e-06,65552375601.69069
6554434.067503752,1.036282586782234e-06,64005367985.02893
6540969.986380136,1.020464239572713e-06,64532273071.77444
7053099.56910331,1.007307813399691e-06,70189456533.10471
7005369.634013868,9.919616469928363e-07,70431640073.34792
6887245.6067537,1.009573009208432e-06,68436388521.00385
7004303.349877658,1.029901615872731e-06,68680659010.10925
7052832.083849042,1.016795489576893e-06,69749506112.47688
6886981.285202606,1.019058731345264e-06,68008431689.26196
7250437.506011636,1.000055775306115e-06,72501679216.27487
7244512.324907549,9.812343188113985e-07,73365858310.80716
7173763.19011582,1.003259504103745e-06,71582168033.69331
7307838.698220327,1.017404139685595e-06,72242586384.33748
7297082.652021868,1.014135836887866e-06,72291157550.55023
7343493.482773799,1.037484078294618e-06,71655316741.4408
7445946.195205725,9.434129383650903e-07,77407909979.73476
7446645.977079573,9.484366494595486e-07,77141572761.60339
7511639.141270266,9.401384662074759e-07,78272072748.99742
7288398.955574193,9.65702388228637e-07,74599617426.0797
7253632.542960932,9.672006798917436e-07,74167075697.5235
7390223.465757377,9.58480652912809e-07,76021307847.50044
7291819.742399941,1.006438380722205e-06,72606883714.23154
7272225.88588437,1.006001785836365e-06,72432730832.9857
7288220.861650083,9.907974115032728e-07,73332802566.66977
7485391.87256474,9.594429472935485e-07,76948785818.89296
7688634.393252328,9.500371602201157e-07,79558908234.14644
7699627.314669769,9.537846342932899e-07,79463829409.59644
6967635.429600048,9.778570651256995e-07,70724274355.29485
7124350.074994794,9.703298120583235e-07,72688493576.66911
7226246.010665287,9.683043757545524e-07,73830897250.68883
6718841.004784674,9.931101961005051e-07,67498802833.22867
6706347.205346705,9.851364978944264e-07,67736345404.64512
6720120.606767489,9.8047589436027e-07,68090384557.94246
6760364.594332061,9.797755765156697e-07,68530785915.80524
6732337.586920434,9.917710278067222e-07,67695262032.62713
6733618.473408059,9.791301327869407e-07,68289651252.47431
6639057.413734244,1.011127033220001e-06,65902609274.21142
6745803.586172699,1.012903243028368e-06,66883919809.90088
6710470.37350248,1.004794792760227e-06,66891055077.27132
7459565.460760066,9.509443178293061e-07,77139497284.74171
7602062.32735057,9.498186545025002e-07,78675159012.12631
7296857.116970154,9.612624831883979e-07,74915988403.74651
8148146.270525705,8.773326985406284e-07,88909726152.49469
8047164.367418422,8.840526333798056e-07,87362313027.05325
8000483.2490484,8.712510606882795e-07,87704256995.77528
8147872.468205297,8.95654390419595e-07,87690103631.67828
8083992.404223952,8.901449512134319e-07,87361230292.76881
8185204.396998477,8.83459240730317e-07,88900700644.15158
7839622.582721042,9.348845385336145e-07,81995465742.91498
8041185.177423245,9.128237473269016e-07,85453287819.68802
7899111.857846675,9.246181980507979e-07,83228098523.59694
8198644.991978295,8.687963920859941e-07,90045789254.03249
8050523.012340166,8.627357919392747e-07,88832568319.35847
8248841.615207353,8.499656590034464e-07,91930307321.23419
8038767.657446549,9.136945821580934e-07,85373308096.09492
8047487.373918874,8.977082395437014e-07,86477573758.0228
8111223.326658175,9.03209419562751e-07,86808193835.57076
8009364.773552405,9.145818451927626e-07,85006021236.2793
7993405.689216667,9.068516984152255e-07,85318067154.8573
8018068.532968835,8.986201182814814e-07,86103143213.90067
7603976.514047907,9.43282946961473e-07,79058052419.26114
7876503.986353635,9.305756752479146e-07,82635317434.98853
7747839.586337387,9.42124142481001e-07,80619827588.86693
7572042.644436327,9.411243885909081e-07,78846369179.48259
7619303.339858566,9.334612801143922e-07,79772106174.23718
7844002.300578038,9.284211596638253e-07,82421597115.4496
7812555.157513264,4.870856436418696e-07,126199086219.0727
7877761.24417943,4.753451108506898e-07,129339186989.745
7910611.491409963,4.825969564611721e-07,128574152412.7078
8058267.30608793,5.126493024329014e-07,125804088577.5906
8305124.451891719,5.136562715575422e-07,129488464617.7589
8433311.80955475,5.25034068709368e-07,129580554683.7247
8693621.721567243,5.645559290751173e-07,127270990469.2982
8248631.664395698,5.352886704728534e-07,125118984239.4678
8307965.839327799,5.423215151578387e-07,124927144314.531
8095325.574782277,4.861382382644327e-07,130936621614.6611
8326620.178428975,4.806779937497131e-07,135695650739.1376
8291402.881368415,4.99480856498303e-07,131709000174.1844
7806862.521524441,4.936143455839858e-07,124992709644.7583
7904883.23584423,4.891389461510716e-07,127332900013.2825
7854908.303664974,5.01481807479884e-07,124443150604.859
7990449.721579929,5.155915557573945e-07,124270303546.0334
7828078.276123957,5.00229188511233e-07,124225038534.738
7876189.197972708,5.080946628076151e-07,123695258167.9517
8434600.22989702,4.687800632139061e-07,139771431965.0694
8436246.62486208,4.567209266004438e-07,142248815915.3734
8488110.731245747,4.693975381845625e-07,140534784310.5652
7951873.509174712,5.04424721723675e-07,125488873599.3203
8002155.466368666,4.920810366902772e-07,128385476895.4607
8197107.938954317,5.054072862248698e-07,129191216626.649
8069443.864070998,4.761223274030229e-07,132342064776.8504
8186877.415831023,4.593719592796191e-07,137512433129.3668
8300371.03965402,4.706444845224695e-07,137183598494.2219
8412531.41522911,1.073588371877163e-06,80235796163.76105
8728019.957798973,1.054211898687839e-06,84261746172.15254
8379604.906118306,1.069764848405321e-06,80112077379.99213
8322379.222247959,1.106126354740447e-06,77811599215.7506
8105044.224324361,1.111705584762167e-06,75525834158.61034
8210143.484638514,1.117689608383845e-06,76231875567.37407
8954472.257245785,1.072205554127622e-06,85478054089.14273
8490409.265975118,1.081401590198495e-06,80588045433.61189
8547705.289314147,1.090966395436604e-06,80656980153.14792
8364609.22458979,8.428991406924148e-07,93740784227.13004
8568292.378565945,8.254018261717087e-07,97375715252.55247
8404017.782750398,8.267318980200105e-07,95406324782.50282
7961181.300787081,8.746764514062533e-07,87045413235.69084
8159133.868523817,8.606136842019091e-07,90178960988.41548
7985474.366333727,8.660531505210204e-07,87889640754.32191
8135257.30288225,8.616859917805377e-07,89840454060.9682
8340780.721242686,8.406083135311928e-07,93643488310.67056
8265581.697473392,8.52909562341638e-07,91904780151.48018
7605704.536119478,8.286647620844542e-07,86209184284.82954
7668962.96633805,8.370905050386993e-07,86341918957.17027
7566351.851405477,8.161030164178046e-07,86640951078.32628
8062393.425039176,8.621691675182946e-07,89002525119.89145
7973762.361398466,8.548826734023488e-07,88523575130.65707
8267000.136006306,8.411375500741115e-07,92776203618.57507
7901939.711858049,8.793599386837826e-07,86090638260.11687
7941823.093501918,8.789143945841375e-07,86554401417.91692
7877468.28676312,8.658661551701338e-07,86713387783.39891
7963906.404362963,8.88104549757239e-07,86195266622.63506
7923967.540905777,8.885563998568496e-07,85733921381.94569
7965627.117931294,9.026279149049067e-07,85286599529.65115
7485193.018561998,9.348963300292238e-07,78287790077.21872
7748270.503314669,9.227999701299054e-07,81745977795.90451
7329050.879970498,9.425936339404559e-07,76236813413.00935
7995574.067271416,8.796107699322506e-07,87094211552.26282
7973393.886896742,8.973074662891299e-07,85706882403.5748
7931829.762660864,8.857870627291335e-07,85997764624.8196
7926532.579959008,8.877512474391807e-07,85813520946.85454
7997308.842526781,8.919015459846506e-07,86310955324.51128
7972677.971524937,9.001728940367373e-07,85517225393.21394
6936507.971675448,9.625628953911271e-07,71152169275.25652
6811226.610661074,9.72472281099657e-07,69391643786.11243
6784379.96570796,9.71829045455579e-07,69148629944.71368
7408618.422478063,9.467291497101013e-07,76839888808.62003
7189303.417016589,9.508619256771997e-07,74349007331.93916
7455367.129757303,9.390831512362469e-07,77743902218.61545
7276644.010651623,9.539784274860632e-07,75088269013.78015
6932915.458442315,9.680147821932206e-07,70848051649.72163
7059305.92178889,9.58095375586337e-07,72636711419.76006
8098376.464754462,8.836999260788201e-07,87941678244.05318
8152053.497809513,8.64415550220157e-07,89836324205.76587
8035913.318451206,8.794970425378618e-07,87541164854.75879
7909408.918308989,9.147279401185909e-07,83936218499.78906
7909293.297826867,9.121876872739186e-07,84090746931.02756
7699301.303566466,9.249575149314594e-07,81102976292.49062
7970888.781019374,9.024316246536408e-07,85355310245.41515
7910634.963050058,9.127615337908492e-07,84069756870.52325
7644791.704535026,9.248476117058417e-07,80535162110.42889
7924501.07438679,8.925358065220602e-07,85484654991.29538
7966046.017499835,9.040720496469268e-07,85200232981.95018
7966162.052053341,9.066258200752427e-07,85041402631.75507
8094814.472227237,9.069192596918031e-07,86396168519.86842
8418023.085945312,9.031647859568556e-07,90094604178.22154
8162901.788037518,8.969243162406764e-07,87768910192.55865
7642488.973646147,9.24736181660616e-07,80517371200.16559
7901267.325012573,9.123124930084411e-07,83997754106.50584
7968537.446557814,9.023181203315641e-07,85337287004.83136
7761785.827234841,9.262183721390507e-07,81686958775.78624
8315222.170779357,9.104982596634732e-07,88515863573.94917
7994012.5065244,9.142443941994671e-07,84863958559.59422
7979756.973517571,8.058428613058153e-07,92148744605.27448
8282834.33843794,7.997696642375474e-07,96132231567.8479
8312626.50563744,8.188611697064636e-07,94972546461.50391
8059185.579165007,8.589202128703635e-07,89191323350.92702
8233640.435451189,8.534701681935455e-07,91509531864.34743
8257610.202306862,8.461410033390391e-07,92305139761.11554
8573398.28134701,8.154086661928987e-07,98228184585.66031
8384797.784914669,8.02878146898329e-07,97064294381.59312
8409074.509810843,8.167231982479008e-07,96242066516.62532
8554681.090969553,8.19613411915477e-07,97678231179.85948
8445728.025933806,8.167148526064344e-07,96662225411.46899
8587330.410428049,7.987470849544216e-07,99751319504.38963
8645469.404402051,7.797727832658052e-07,102049260754.2702
8504187.526044309,7.846038164183959e-07,99969123436.44308
8753930.83588906,7.691005579137416e-07,104283202572.8301
7975872.158512253,8.757750570094991e-07,87133094144.22131
8044408.596853755,8.704917880798777e-07,88237054553.17049
8174006.163202868,8.617340102658364e-07,90265017712.18347
9043545.772489913,7.496654457800067e-07,109587346712.1289
9025887.301808849,7.340144974446948e-07,110922627408.653
9578551.955017254,7.331946363296943e-07,117802273765.3235
8467627.848921139,8.214617926767024e-07,96539160267.31071
8437558.956695346,8.023380244043821e-07,97718900229.93265
8595870.528028579,8.162358900994919e-07,98419104138.99924
7868057.222081942,7.639704552067645e-07,94149163856.73262
7650601.318412458,7.641802895927252e-07,91530327531.75685
7898058.657736586,7.494257078748452e-07,95727040027.89601
13166817.49559574,2.31761898937326e-07,348968415997.1434
12965500.66187823,2.619746223000728e-07,316676966725.8585
13113697.23185863,2.562286946215784e-07,325067319278.4901
14574723.36553551,2.326124398728231e-07,385340830742.2487
13119931.1916256,2.2473916816976e-07,354932453602.2591
14100121.16736227,2.192609735075042e-07,387776916302.8589
14071119.77719869,1.888716862974247e-07,427448786020.5443
13110736.72285206,1.885140981486299e-07,398778014373.4805
14679841.86090832,1.739224484226e-07,471141054962.7489
15465077.05766548,1.761467512519465e-07,492155485231.8699
14661791.60751382,1.857801449894714e-07,450319594034.6758
15283024.82296402,1.708269022501278e-07,496407660455.6951
12280682.39387953,2.21970502197e-07,334985228331.4108
11235419.9516012,2.310642296350044e-07,298378480058.7097
13191061.6520126,2.06969649915377e-07,377000541001.9299
8305395.158199942,2.767407802795462e-07,195574183720.7965
8831772.056269003,2.677660584701364e-07,212590653884.657
9041069.170106737,2.739773512119502e-07,214326900517.5042
9793879.2204393,2.330405853766253e-07,258622934736.7901
11393270.21384099,2.09246102184078e-07,323253681580.7899
10404776.21818376,2.337374852143696e-07,274208238726.5796
9774302.492297711,2.118056429552124e-07,275081103383.576
10405420.82599074,1.984911700384911e-07,305796272923.6322
11389180.41344196,1.979777624580299e-07,335285571677.3696
13082460.68897779,1.83364773722476e-07,405333190495.4213
13954127.26451848,1.683124589104258e-07,457746644809.6171
14649920.69477465,1.687822079715708e-07,479679138396.6808
11498798.75390789,1.701205213772968e-07,374525451757.9255
12760825.03291043,1.633037921785397e-07,427118032600.6024
11010133.71518406,1.832163883419129e-07,341310551718.6193
12734082.38850945,1.422738956879262e-07,467251645853.634
13549379.03573761,1.442878810731763e-07,492530150962.2455
11990970.3119352,1.581462903062708e-07,410029391234.3406
15686825.53188496,1.182510036473272e-07,651126207843.111
13079751.4421775,1.31819081926178e-07,504987509146.8172
11721262.22158085,1.31909056059989e-07,452332688150.5569
16503645.48024563,1.189072415503066e-07,682507900460.1493
14675531.09995071,1.344796227118726e-07,559100017386.5823
13826513.96425601,1.324643337111309e-07,532083825217.9608
13434965.68697132,1.119487250275141e-07,578394019407.9329
10856666.99592469,1.173964737241085e-07,452820919553.4559
12068701.15072398,1.076737502726246e-07,533237446537.6741
8849246.251188109,1.67486593699477e-07,291241268409.2169
7939669.332958188,1.647495682794241e-07,264191936813.627
8772953.703973264,1.574457396260172e-07,300879012649.1233
9191233.722806608,1.884173444393164e-07,279657555734.3446
9436594.480612336,1.754496341660127e-07,301102005268.27
10456384.07755541,1.736010979880938e-07,336005625603.3893
7643953.066593662,1.865431819620913e-07,234134327110.7873
7664343.490745532,1.720214043818629e-07,247791630963.9901
8558441.749170166,1.74763459989792e-07,273796321828.9696
9513895.839558741,1.196968441877565e-07,391714750220.7269
7971772.248541731,1.211229314390321e-07,325639665845.8941
10650551.86583923,1.099760685134867e-07,463987896186.2661
10764565.24371744,1.300300104181013e-07,419405475568.4688
10540929.0193277,1.22978932420053e-07,426244128654.8259
13083469.54755471,1.175470041619623e-07,545232687502.1375
9370458.622831322,1.348438164008252e-07,356347314507.6503
7495719.028975916,1.368293923812078e-07,282288834135.2048
9161884.409268156,1.278083550692965e-07,361087103834.7483
7195393.693562303,1.486667963925618e-07,256396389863.7467
7031628.157941918,1.420408675124189e-07,258293624093.7475
8850691.273215031,1.400636611163472e-07,328165969148.7927
5095522.995696195,1.477275506724859e-07,182339643358.7222
4379439.085380043,1.393311260524322e-07,162949509931.7788
5713258.626019051,1.417155395983658e-07,210186862536.5789
5517153.296107387,1.621410005801647e-07,185546664662.8535
5424425.706551174,1.550853603487685e-07,187920097794.2957
6213338.335357889,1.556929746155463e-07,214690251848.7357
6185765.955395822,1.778791197246048e-07,195573572785.7775
5777576.291048522,1.694043402326596e-07,188710471720.8412
6804588.273081961,1.692222915782877e-07,222414691565.7208
7139304.34669531,1.885137879736606e-07,217150324537.4417
6523897.769039941,1.826553040648872e-07,202652650479.72
7159010.653950122,1.739982695129607e-07,229697563967.4435
5870242.919544286,1.964751005033457e-07,173693830822.2419
5452992.756227029,1.940598044795093e-07,162683882258.8081
5935463.516070599,1.882619151323863e-07,180695078864.3481
4070360.829073471,1.707275715307752e-07,132260593842.5695
3701397.694676138,1.625460051593019e-07,124274364176.1033
4202758.796997294,1.646123486791574e-07,139924208273.7786
3630501.704215889,1.464824663437065e-07,130650040655.7653
3291138.871690938,1.461190375640652e-07,118633772051.0543
3661140.760257986,1.392482092593968e-07,136277245666.1336
4131487.756315354,1.601979566861737e-07,140066783348.0186
3634531.447118699,1.581302881897045e-07,124290629966.5574
3793479.355189442,1.530741170016148e-07,132567342285.7598
5138542.443529249,1.637272662907305e-07,171695642937.2522
4685275.480158484,1.620375216418235e-07,157636966839.0467
5049066.801957788,1.56671168256056e-07,173734097322.2884
4966202.254071659,1.675557016321946e-07,163399828192.8865
4383422.849639943,1.719800131470813e-07,141740746362.2101
4520778.056783617,1.658647583795431e-07,149753542973.7716
3154450.070773221,1.578392175712878e-07,108005791715.4133
3052221.498146406,1.609853807391685e-07,103139515645.5532
3373547.036192344,1.504049782698399e-07,119283020794.2278
3905464.73189748,1.721120097402379e-07,126221092939.1703
3552880.014962879,1.701519026051936e-07,115706032289.9517
3544231.812008572,1.639277751646988e-07,118327881625.0539
3686342.157747615,1.7575539232703e-07,117487015239.0598
4189488.735850471,1.842226264297824e-07,129399435169.7537
3949743.142479941,1.798148605214738e-07,123980047982.0622
27487201.67425033,9.314617566070442e-08,1337684956796.077
23753818.58659426,9.813422001692086e-08,1116485580967.157
25527457.22186668,9.092629099221602e-08,1262451123314.414
12166026.35585663,1.611376653860247e-07,410850709715.879
13735423.33758006,1.473125008499494e-07,492435077155.6247
13463211.83231846,1.543417705081559e-07,467907163180.1831
11130041.0683267,1.63378860791995e-07,372419881716.9269
10077084.57586651,1.652227117965676e-07,334673819057.8525
11846387.72169471,1.475171040171216e-07,424317578522.5217
19895275.11363452,7.223419066552358e-08,1147065122500.797
21071768.16630012,7.207880871379924e-08,1216641368509.838
21259008.62185505,6.890541783083384e-08,1264855055813.662
23807185.69845461,7.308449544071025e-08,1361939735232.149
25204295.94206561,6.850702443586027e-08,1505397419618.93
22620459.41386979,7.217689314759357e-08,1304876165293.599
17999249.60650781,7.188778225521875e-08,1041080572993.899
17447369.01502099,7.453614936975235e-08,985111323982.8379
15850401.26111772,7.555433984594786e-08,886885016076.3452
19867350.53568026,6.659020836355118e-08,1209297175673.915
19133690.15492943,6.860298363342453e-08,1141747494953.531
19003113.09458053,6.70496816147929e-08,1151401894523.445
23951403.13092547,6.602699385817166e-08,1466166449821.073
25412028.96213967,6.531107958653412e-08,1566924603659.853
21140779.70438734,6.813194078260279e-08,1267322544187.206
30078456.84235258,6.204521922083646e-08,1919184241746.876
27954054.30944362,6.272358323538329e-08,1770751279378.593
27537567.42523013,6.440145862486433e-08,1713937986714.339
29009257.98630726,6.325185649285068e-08,1827347327421.593
31299059.73480016,6.154981279697007e-08,2007767716107.075
31610484.63828775,6.231490348701658e-08,2011113292471.914
24771337.68931235,7.209883020848474e-08,1429982252558.893
26495510.06209949,6.822913266110093e-08,1586812881991.938
26196058.20090886,6.751769347699894e-08,1579880413250.25
8685632.200793143,1.043480856684443e-07,391872791736.014
7145505.281632545,1.119483124285717e-07,307624728766.8793
7733535.919256371,1.046650158178259e-07,348212008922.2664
6399207.399151684,1.065735381774644e-07,284681948520.5381
7163946.801563044,1.052217693395921e-07,321426701797.9671
6598421.31646361,1.125045791721908e-07,283134794117.5015
5579294.521930073,1.176504278579424e-07,232371902539.4214
6007596.950892181,1.096801595728516e-07,262189566665.1636
6200666.47817919,1.15612289367717e-07,261277716209.2574
7083261.841864948,9.435884850170999e-08,341752375046.6693
8131725.481232053,8.92839438486128e-08,407068157789.1599
6673016.206644868,9.97551129509982e-08,310240674883.0195
5559643.95525625,1.078943560825993e-07,245309572068.9212
6441483.216613819,9.901530871773986e-08,300966147382.8835
6050547.695510862,1.044061207354468e-07,272883566389.6908
4208130.156356685,1.293285537988619e-07,164548104258.4104
4901726.238406796,1.174701416838221e-07,204360704192.9139
4959055.487746988,1.219513512572055e-07,201654486976.547
6203349.054509053,1.000462648921431e-07,287845183026.1252
6480712.123743655,9.791910329856107e-08,305054740675.0742
5596093.080793788,1.068062897159289e-07,248591940148.9771
11147807.08099869,7.115524335209334e-08,649209458988.524
13802640.92651021,6.117138584722237e-08,889057759937.6262
10931781.76428007,7.227478373560514e-08,630037528542.8527
13976650.2559757,6.486603099377056e-08,865748100976.9672
10286980.43997267,7.833242812544237e-08,561901495706.8473
10789210.64115856,7.444946595429854e-08,609651922304.5422
22069212.56360858,4.187186611418754e-08,1830228413295.244
17752455.54931011,5.297712280339382e-08,1258537581218.389
17375474.30022665,5.145943872799797e-08,1255914202634.304
23168936.58576207,4.854448454328975e-08,1741056393075.135
20379091.45612162,5.83191002961527e-08,1355119541464.13
17988927.74459694,6.266098372037753e-08,1140268529473.146
5299910.9134485,1.123493071932661e-07,227625879657.5359
5779456.022065236,1.088604057341664e-07,253497490437.9568
5359516.595266989,1.168341003066671e-07,224256930919.4674
9533998.662217036,9.200683825239424e-08,467801577682.8776
8256424.828160283,9.748121908779794e-08,389802598578.1862
8969484.887883684,8.836682317575441e-08,452107114225.3753
10436338.03432186,9.277216442998953e-08,509256223130.2502
11559679.23791971,9.178429986226207e-08,568111416843.9222
10127863.17717514,9.79352348891941e-08,476678077819.7582
6402694.801085784,1.513333089887973e-07,225461875408.4728
5601446.154361135,1.507293617230703e-07,197773572629.8496
6248266.682196667,1.447131332029593e-07,226684030717.6637
7535194.077139387,1.617496869515706e-07,253823684081.2538
7203447.582638428,1.554808313933717e-07,249127974727.4957
8347512.155077903,1.544438611650416e-07,289985729509.7199
6909915.441841085,1.642451643077735e-07,230397451837.5179
5874661.813181578,1.644311996259212e-07,195731197783.5909
6592389.61810643,1.579808566108505e-07,225583098284.9026
11449187.22440172,1.447735493430071e-07,415255292206.5291
9711007.753523113,1.624942224088059e-07,326116183789.7626
9631078.859243063,1.524421345333894e-07,337498301380.4742
6901094.308450506,1.941374013141853e-07,205831491522.8831
6229095.856096727,1.964924015447476e-07,184301063061.9223
6296274.954034265,1.88278829720762e-07,191667888414.9935
7065757.331954353,9.402264339291893e-08,341720012202.2078
7010018.009624845,9.52522149067325e-08,336100437891.7586
9617262.698319735,7.93344845913189e-08,520886948799.8349
8262792.550162975,9.063797811427523e-08,409499500718.3547
7578992.772605347,9.97553622902124e-08,352360588047.6541
6791796.299572307,1.011041828437772e-07,312947800159.2587
4983294.910740523,1.134770711616732e-07,212607139323.4075
5907006.681030907,1.037841103298421e-07,267473165508.9033
5958182.251363763,1.02560805738668e-07,271931488998.2433
3761625.179197754,1.377501870367548e-07,141030827461.0065
3750895.5129773,1.443935016559953e-07,136281383578.0179
3782037.38950799,1.371541727021821e-07,142206615835.5216
5910797.341148696,1.263330109426694e-07,234765804083.728
4433888.150332866,1.315433694730131e-07,171424184444.8587
5203877.591406232,1.241681211125258e-07,209083774972.8138
6110207.090793799,1.295833486225734e-07,238610635545.4803
5972557.159673894,1.37178388870805e-07,224544893458.752
4606818.923566596,1.347963169880511e-07,175232957692.5157
3484634.518013,1.481471356561585e-07,124459598306.6216
3261604.750073337,1.54630522616501e-07,113214272920.1153
3484329.987301894,1.471948036031519e-07,124984922810.9317
3568193.17235965,1.505769053971714e-07,126069330431.3833
3414088.555501927,1.556349937604587e-07,117996723117.014
3231826.845290907,1.502168818878075e-07,114367401955.1589
4185343.813039917,1.252782772123934e-07,167165746255.4092
3868156.934354571,1.329699177240947e-07,148480180024.7946
3888855.782096191,1.323760510267658e-07,149720829119.0694
4772524.433215373,1.537354762057e-07,166302493957.2959
4419024.848670834,1.590983282334557e-07,150504458725.0696
4069205.444028526,1.51978184442511e-07,142885705058.6996
3135776.375010137,1.623712646521699e-07,105359160528.6344
3296630.611296309,1.685245459236768e-07,108050847238.3158
3033853.333368528,1.655143734840528e-07,100640033363.5802
3153655.651885177,1.497877011933693e-07,111814167278.922
3180143.628926178,1.552793757838165e-07,110078934535.9926
3400416.957102874,1.487928606061111e-07,121099991038.7681
3375392.603199331,1.612216251169251e-07,113948539904.233
3383832.42928656,1.674493857306736e-07,111383230315.6188
3220838.205640225,1.612965872353729e-07,108697308420.8604
17516378.85191518,5.386943112556479e-08,1228050058661.215
18219485.4100949,6.483387753161682e-08,1128932846471.395
19838381.74602745,5.936715104494446e-08,1303593253716.57
22362157.93709102,7.559755228877959e-08,1250763563255.692
21212478.41401629,7.468980828013163e-08,1196053253999.243
19525813.66167176,7.855892089775682e-08,1064499514270.952
22488227.7361486,6.762691453347144e-08,1354801020708.355
22295638.31876757,7.081013354392561e-08,1302635676157.327
24861359.63813663,6.713895544765534e-08,1505018445064.28
24334532.28084662,6.579142797361769e-08,1493172999851.288
22991738.10694093,6.63747563393879e-08,1402500992759.872
25390627.6022554,6.588358619575312e-08,1556522066542.556
21509685.7367988,6.561586282032669e-08,1322192946287.157
20001248.06273745,7.062170638901751e-08,1170662279234.173
21368548.62345783,6.729178026286858e-08,1291616784402.717
18787184.00108193,7.829739887935516e-08,1026510664858.876
20442306.38259957,7.443072512519217e-08,1155300761786.151
19283773.10990361,7.457492460148101e-08,1088420712367.141
15666607.80754303,8.344680286375061e-08,820417981125.0677
17586414.80215302,8.054907913961116e-08,942910038157.2374
18066977.54268265,7.683259724395052e-08,999666553472.2197
17617392.62733037,8.910864337727358e-08,883069893690.7412
20851681.53535418,8.325245197348808e-08,1093645057286.477
18529785.00943817,8.297175858223293e-08,974055083243.614
19325378.92382463,1.003996037362698e-07,894622916925.8585
20111496.96668655,9.058358862420068e-08,997113776025.432
17812993.46224676,1.060369631784852e-07,795118858796.1931
19727472.85084912,9.423439585643825e-08,952646597449.3792
21265745.1774055,8.432935119359932e-08,1105846292346.618
19941999.9995444,9.677361026622495e-08,946086291479.4929
14851922.60359951,1.402459928185478e-07,550202259908.2416
14856214.9603097,1.241157820025035e-07,597067597326.9066
15743341.09970241,1.229844537701299e-07,636595299259.7523
18985650.56336121,9.139403706730829e-08,935722147764.7831
21016551.11635211,8.29872735965248e-08,1104639199221.523
19487487.82206887,9.290047624973702e-08,950044387258.7657
29773982.60178801,6.610168215336695e-08,1821217952024.869
29792267.89748695,6.482341264047136e-08,1846215122693.982
25130115.70245811,7.231284441779888e-08,1447829845629.693
32292564.42283547,3.543683949786988e-08,2993178017038.49
27619702.13346454,4.658727065070658e-08,2133245371907.994
23921793.88773723,5.248468712305943e-08,1706496240144.148
26262622.86030023,3.427227898178621e-08,2489102460884.654
28166807.80020816,4.156035978366929e-08,2347567551375.578
32944811.73178486,3.078877224140395e-08,3353709564196.63
28835337.46420701,4.411679865265626e-08,2309523460547.937
28892354.19120349,4.449511983235252e-08,2300954388246.756
33667504.02867951,3.334227687690766e-08,3249980473738.597
22569958.19670799,5.301950902849884e-08,1599215364114.494
25603580.22446039,4.712120450081521e-08,1962560751957.031
23789655.78809919,3.983132494522931e-08,2039725175756.483
22316161.53951104,5.808376495996399e-08,1487931678866.742
22755933.03364554,6.008944268499343e-08,1483300681797.743
25333218.07308771,5.218418610845596e-08,1814113347553.043
23296945.14385462,6.579137051117679e-08,1429507225426.787
21285835.01751987,6.589203396836259e-08,1304774366298.692
21983500.78317655,6.638154841259342e-08,1340906823787.843
34438689.2667139,2.691567594355746e-08,3834508928069.312
33201379.67130367,2.854903713314256e-08,3554363338394.14
28596176.61616468,3.207595245503216e-08,2832619648546.35
33120532.69710739,3.027477240867327e-08,3409651995363.471
34418094.88762659,2.734510070616199e-08,3791989645845.402
28577410.55815335,3.250839078807844e-08,2805600904892.358
40882858.71132739,2.022803565514852e-08,5506877921746.209
36284619.97582527,2.558841444884298e-08,4178563388038.429
37577591.75115591,2.395407832703328e-08,4522125736902.241
34518251.27555294,2.055942712921461e-08,4599473415625.286
40639912.82196044,1.90949666797366e-08,5688618784740.126
38234098.94494265,2.335407019880917e-08,4679604380665.409
49403738.52663537,1.511298564657436e-08,8082138737768.363
41348856.98825565,2.211025835322406e-08,5248891924117.067
47003662.97397137,1.737326707227134e-08,7007192357509.218
41648260.22753067,1.98497405400485e-08,5681028588223.643
38311547.46585742,2.357970111840743e-08,4659122867752.025
39212330.4945219,2.410956337751521e-08,4698541755631.101
36803956.27608484,2.687793120261341e-08,4101700516715.84
31070081.08336898,3.41380359293448e-08,2952455536083.508
42149186.55263418,2.211843716536585e-08,5349168015321.157
25581454.72872115,4.123550944817715e-08,2143273831115.286
20605723.5821708,4.953576212129608e-08,1527713689369.646
29575096.64247691,3.490243471751703e-08,2769208717758.215
41665463.36495205,2.242405973427251e-08,5239623181573.755
30654967.43620936,3.445305015183407e-08,2895225586857.28
35013026.53621713,2.812361348117705e-08,3786014206229.956
14513044.73610158,7.396918188965752e-08,823615776585.4805
14019249.73333765,7.81333608152926e-08,767067828746.0787
11729399.51697707,8.52577156001131e-08,605508138081.3604
22470347.48071709,4.805170160834438e-08,1700084889645.752
17374001.79857956,6.217322468073067e-08,1107042430465.583
17823859.71443788,5.635578403740461e-08,1212577274163.822
18505814.21669449,6.441327149293166e-08,1151660910841.679
15709199.08570859,7.29223516885718e-08,900009167223.4679
16231659.47539141,6.875545491078421e-08,967144759965.0204
12160227.9277028,4.718808099046109e-07,200625826036.879
11638099.77332816,4.706698411984031e-07,192340686568.1332
11633538.06167206,4.864602595063103e-07,188081856806.9473
12122444.08179262,5.03398908933685e-07,191564637825.1625
12283047.3104084,4.800552337351141e-07,200345066329.5565
11753674.95163464,4.946456721525483e-07,187921960119.3352
13290729.4840266,4.342621014972645e-07,231764829517.044
12507601.72946264,4.331939547763148e-07,218466970130.9029
12667548.78314926,4.539423719589073e-07,214466157295.6803
13365390.87104137,3.725069196248524e-07,258161871767.478
13114678.08068699,3.484755652716834e-07,264835427195.3498
12591145.51559399,3.700385902234384e-07,244287117272.614
14439168.19838095,4.015154558935906e-07,265302085347.2652
14602430.840042,3.792689643692473e-07,278693573429.9315
14068006.81155207,4.129913270156625e-07,253671658893.2618
13663927.31819469,4.606639604127956e-07,229079407891.4311
14202957.37898893,4.218613170949047e-07,252502479802.1049
13834864.27758572,4.333485788915581e-07,241592428025.6109
13473456.21665222,4.091462346244271e-07,244470602552.1955
14409079.2849937,3.748251975524901e-07,277172652938.3434
14279262.72599791,3.998611780658839e-07,263087142264.3469
13098752.70008257,3.392426024042742e-07,269291731524.4378
13301141.20796873,3.356025410151529e-07,275426301569.157
12575541.33708422,3.608271822104428e-07,248119287043.9731
14370886.94981023,3.594984972938635e-07,284240213086.7961
13557441.09268521,3.458504702327564e-07,275160112977.993
13812331.02595324,3.698754506582348e-07,268058740827.4179
13935846.10228717,4.090375760032152e-07,252905265192.8121
14467777.35993584,3.752946110709138e-07,278069654985.2779
13907323.0412835,3.85672085133829e-07,262481120935.145
14552895.45174119,3.457234900959599e-07,295436046956.5516
13874017.93081129,3.149789123838334e-07,299696220060.983
14585599.45163667,3.485174790188739e-07,294515330977.1028
15015116.69700988,2.690583520418828e-07,360272455835.9747
15444987.10435087,2.593839613971034e-07,379745064054.6765
16811832.02116504,2.421130242965604e-07,432782415905.3552
14086023.69187217,3.091111817408173e-07,308114358581.0176
14431520.54341045,2.867369116126077e-07,331886578414.6981
15185423.10794639,2.809040876336487e-07,354042058957.1462
13765433.39552912,2.968036931358999e-07,309369163021.6454
14688057.42901617,2.730585213694225e-07,348974643666.2825
14268928.17609692,2.82729968618615e-07,331240518092.5446
12080400.00973592,3.901283774230834e-07,226260957520.5579
11804583.03114856,4.063784187676904e-07,215161003184.8167
12096088.1712034,4.148782714397144e-07,217452539480.1864
9361184.799874766,9.120906290668657e-07,99534160140.04941
9450283.219060948,9.071936040386234e-07,100842786533.9709
8884262.517964305,9.170360929101496e-07,94123289495.61653
8414824.677624037,9.336876880835841e-07,88086762923.73166
8542201.204446057,9.296695345502471e-07,89677617940.65186
8518272.121946588,9.258456476052044e-07,89672466799.12054
8363422.299654723,9.31698695193787e-07,87673235670.06586
8370288.953643552,9.341924415072448e-07,87588996616.33617
8473463.122683262,9.263555963953966e-07,89168020179.50325
8442253.795579117,9.483925933319627e-07,87458018791.46701
8413782.492186652,9.500605451480519e-07,87061021578.79866
8374140.975227739,9.422761400754207e-07,87127410166.14862
9519183.551701913,8.722999689155303e-07,104269141172.6579
9268604.954809571,8.695359848909839e-07,101739437557.5
9463797.297465181,8.635741962918545e-07,104359580569.1521
9747687.578625903,8.679124584076617e-07,107131615249.9055
9639410.450998351,8.718949515295793e-07,105618751906.9348
9583675.022503119,8.631676762294364e-07,105714680004.8335
9894539.661619522,8.875877683583197e-07,107132536593.5771
9757507.262491504,8.920276171901884e-07,105297974275.1545
9703324.407514054,8.816012241560736e-07,105537247086.4831
9054974.150805568,9.178458455494526e-07,95875443047.47505
9529514.140743086,9.040788246851482e-07,101921676945.8639
9411871.61380388,9.116292744835551e-07,100106855346.7287
9072823.385846304,9.063587379086635e-07,96874403088.70009
9034097.914215298,9.128703919239728e-07,96001653300.28514
9162862.752272412,9.022676412762011e-07,98131309283.88382
9496688.087746652,8.970280257404982e-07,102102137214.3106
9160663.237525266,9.013159881485642e-07,98176798991.40619
9143124.030485384,8.928727822114589e-07,98605594297.45058
9029318.124450132,9.146649476085793e-07,95825316819.49281
9000856.131295495,9.159795521647752e-07,95431840743.86815
9039510.366581185,9.094638670773748e-07,96298888470.58908
8979716.564840559,9.184933652799392e-07,95033913337.40318
9106838.138504613,9.142220925718785e-07,96679221134.97858
9452305.678196101,9.047278675130899e-07,101047547976.2433
8291591.42563729,9.389233848293667e-07,86473782597.40536
8635155.55654544,9.287504436127242e-07,90713267251.20435
8540606.941589547,9.312980458632744e-07,89556327113.40221
8234579.440796785,9.412361183863112e-07,85738464391.65823
8266618.039524795,9.464428459028353e-07,85756084379.02321
8497512.421636913,9.38826094645617e-07,88627474352.25552
8216152.264708576,9.40707964951106e-07,85578617251.82027
8236410.8367442,9.384312572942641e-07,85928327360.80939
8558165.803551214,9.305326036303641e-07,89789654383.25485
8067851.45636394,9.461700887422624e-07,83710207235.42781
7960789.926522578,9.523657158865307e-07,82240737281.98599
8087926.476216459,9.43887681619972e-07,84053728415.07344
7977932.438250302,9.533409533013885e-07,82361615071.10469
8136991.425372361,9.500748039792228e-07,84196103088.11198
8105205.258316306,9.448644109712914e-07,84175238709.83661
8120101.118379497,9.739531073643594e-07,82642365400.55869
7967816.703240418,9.623784256711341e-07,81741402012.98677
8071110.537780489,9.661658083945372e-07,82584558700.65617
8138690.920488863,9.715888079098477e-07,82965885641.16179
8145372.75161623,9.567453328619564e-07,83890618284.18056
7986231.46381848,9.600219348928929e-07,82064335223.0929
9076048.772321478,8.997265244113643e-07,97384492435.49675
9154419.897784414,8.907009558086724e-07,98887838315.08195
9058590.794455657,8.912920346949867e-07,97809406745.64529
8397467.33583031,8.483685507245391e-07,93704104815.1021
8408723.291574879,8.523868045373201e-07,93534590514.76686
8191740.38686236,8.343042079021245e-07,92432895454.42262
8756164.904985445,8.843377532995287e-07,95038991998.24133
8965343.394545147,8.818376403834683e-07,97493240816.2173
9084943.692017654,8.91665270598238e-07,98066574492.61816
8650735.897358753,8.718956006361345e-07,94785825307.89885
8856520.371020988,8.768959693916667e-07,96671341057.79248
8648622.797011342,8.794036581127412e-07,94222533491.71355
8987147.691766495,8.36000215531243e-07,101270810519.2299
8982940.849559214,8.487317814615545e-07,100208577371.5488
8669848.303092785,8.47976541241454e-07,96773312440.53203
8707917.220578752,8.892949635514196e-07,94163748071.30721
9035797.306424489,8.966322631376643e-07,97175527226.42586
8770857.651015799,9.016933017379217e-07,93972944181.59135
8642974.77097857,9.174688649196146e-07,91538197265.96043
8839170.47443855,9.132808894297152e-07,93902091000.30609
8546216.488759084,9.201224642229374e-07,90339316566.98848
8304847.35941271,9.252854427834939e-07,87461012681.75468
8495787.647538636,9.218576468818621e-07,89693521138.4281
8346039.027697747,9.300662785871526e-07,87593351892.05011
8472879.38184461,9.206261763393412e-07,89531421080.00055
9029921.064363027,9.114382141321544e-07,96057762210.75525
8665730.722738661,9.172012561124865e-07,91797057950.79622
8795979.101332508,9.146636626502853e-07,93349050494.40315
9162868.114954755,9.089028818043197e-07,97653193123.42065
8993894.084965983,9.10476750155446e-07,95741860378.47958
8304189.869597679,9.367416695244219e-07,86739592477.94572
8257287.463242404,9.290052698023711e-07,86727857740.86827
8298361.160809457,9.337861479221106e-07,86861511185.12624
8302255.947036741,9.246980930032176e-07,87470741871.78014
8350697.918916422,9.286033415593621e-07,87734272432.33865
8477990.943083813,9.20389114562711e-07,89600816213.93663
9647522.791499766,9.001714341582989e-07,103482202091.0753
9737271.852133296,8.917552693168429e-07,105100997762.4606
9482504.188355189,9.022593202550788e-07,101555190512.9909
9342512.531282492,8.334986382438056e-07,105485741318.8472
9196066.68290396,8.277570274597602e-07,104311821092.5706
9353115.48480675,8.219861766513915e-07,106589220782.2463
9539766.883300629,8.564077054782682e-07,105783366677.8304
9481214.247910665,8.580064906551849e-07,105003452375.7258
9685860.748611065,8.479976707684511e-07,108112302006.0864
8486644.556873018,8.557250985882478e-07,94155674691.4787
8546890.413814202,8.637297280218203e-07,94237312143.78847
8497960.10134311,8.597445259929577e-07,93987134328.31213
8879310.461647479,8.324464399726672e-07,100340218165.0767
8563937.620945342,8.444192903060092e-07,95859405505.26622
8555598.499904171,8.345015169518156e-07,96523332725.94685
8897079.392149094,8.55396515063216e-07,98734549342.47444
8646095.158801688,8.626435747651765e-07,95411139597.68796
8585500.053741951,8.546364794362673e-07,95333303908.15276
9665153.818298243,8.447589217784671e-07,108156737534.2725
9460727.354997974,8.547664749996838e-07,105041167477.0209
9457699.472004188,8.434552499637572e-07,105944271557.7664
8941503.625711527,8.719771905705913e-07,97965646129.13852
8734728.411897389,8.669776763715352e-07,96067715371.39548
8986986.636320872,8.597313278281227e-07,99396767535.07626
8784340.511712745,8.455287636814454e-07,98240426225.0527
9034591.758376401,8.365205928361145e-07,101763204740.5991
8621273.418389317,8.525046105333955e-07,95890060890.54433
7036914.042605571,1.048399033736372e-06,68186411966.24489
6896237.116761457,1.072897927590481e-06,65802124370.1307
7207737.303565621,1.055440762693488e-06,69530663591.99879
7267819.685841083,1.014112734567484e-06,72002347010.64903
7191053.271427826,1.017317803261129e-06,71092110866.69637
7314137.511746524,1.037466256843811e-06,71369688448.04268
6587764.480471402,1.010470199550896e-06,65421785229.05822
6650582.842206396,1.002800578902205e-06,66381947612.16136
6548428.908917774,1.011674490886338e-06,64979532743.03215
6725108.767317286,1.021440084782263e-06,66306694989.58236
6618527.112372244,1.019670569639876e-06,65331319415.71925
6628099.096153605,1.038960194960518e-06,64613468295.64094
6765573.906360826,1.008130797293888e-06,67291476010.71371
6717684.536405497,9.92046304280055e-07,67535425910.54877
6730188.887089927,1.000025218200843e-06,67300757406.3101
6853953.08366753,1.0345115620136e-06,67006596846.65939
7178120.111973342,1.072744739805879e-06,68498299809.02469
6959564.703058008,1.051698504650121e-06,67295791566.57896
6349652.635245417,1.075772299061029e-06,60478785684.98853
6271144.924800177,1.090675954605481e-06,59185639553.67102
6366699.118108928,1.078471056091241e-06,60539941477.5495
6491800.733036195,1.05078241752519e-06,62809207802.96729
6412721.171160629,1.062413474870152e-06,61590440479.11956
6461627.337795296,1.05154321821997e-06,62487117223.2205
6538785.527818844,1.058606422353774e-06,62951692335.58984
6650146.523703573,1.082820530570915e-06,63065749282.67487
6459419.435088115,1.070234129119767e-06,61736350805.46562
6293633.935571509,1.118245392809354e-06,58417558284.77388
6239716.340465701,1.108258503512529e-06,58264514520.7442
6264793.824076082,1.123919337901512e-06,57953991629.53876
6350600.19145743,1.138393311442969e-06,58248741759.77603
6321382.328804177,1.125779192150543e-06,58413054026.84298
6292478.636831844,1.131455302222314e-06,57951339901.39904
6389293.932117152,1.120252468182834e-06,59234618379.68079
6380776.09493821,1.107181001849619e-06,59620336357.75136
6346755.281553043,1.11729627919837e-06,58943988316.88468
6960623.629320959,1.068674547555358e-06,66591353285.85786
7162276.005462024,1.101202659830473e-06,67164463780.03544
6874713.648499052,1.091025132994259e-06,64868139673.8468
6466560.252991086,1.142386211681038e-06,59174058958.57111
6716736.975739066,1.144466415640188e-06,61388870097.462
6479916.299483893,1.13272807838528e-06,59632857270.69121
7312050.45317388,1.045409402419722e-06,70987450384.96761
7411802.953946452,1.068888420155072e-06,70898266533.65976
7309350.073889271,1.044344903939537e-06,71009446573.10031
7308128.492586067,1.018772191227833e-06,72180760480.85957
7353549.076371768,1.040119859589771e-06,71632163676.82428
7288512.721947425,1.018329169335883e-06,72007896892.42665
7487552.81655323,1.114132256673988e-06,69670468890.52118
7412379.999686729,1.121310784945657e-06,68676319019.03049
7381923.616124223,1.130553528324245e-06,68020861370.81652
7340796.134157124,1.049450402667874e-06,71083458661.16701
7443468.396420837,1.073981015795905e-06,70975906119.25879
7438262.890255493,1.065808605350087e-06,71288373917.86909
7349563.409473454,1.101322582278061e-06,68915753923.46542
7224678.585037867,1.119099423749721e-06,67025400236.63783
7353228.347459438,1.116451369835884e-06,68325818899.56705
7273807.33532522,1.15345531104339e-06,66134480252.7728
7301310.056974913,1.142330781875761e-06,66814830616.98012
7222810.246594945,1.140885753170009e-06,66152272444.77198
7357332.273733525,1.149383192308717e-06,67051805335.23073
7404232.538356384,1.158124983123891e-06,67139241353.2979
7389787.894245967,1.147648926106402e-06,67415423972.68724
7333000.375245786,1.027094989343737e-06,72034625090.94049
7503505.762639347,1.008085679982515e-06,74633290572.79059
7323225.160098312,1.013584341455012e-06,72576461822.19347
7574312.922427416,1.007815398374085e-06,75351039912.32068
7400283.198184413,1.025758546431957e-06,72758696592.86632
7607788.273089507,1.013488004988372e-06,75401388296.95064
7672816.363641253,9.712531275992123e-07,78234777299.32484
7678790.336785495,9.898764349545726e-07,77310560040.67873
7857725.77619204,9.783004133277841e-07,79734947103.69492
7335358.558245626,1.031241813410536e-06,71864488383.241
7332653.878084411,1.030195217638561e-06,71886636831.57278
7505891.201895023,1.012248012401001e-06,74452218499.01028
7350250.217063374,1.044471158478114e-06,71401031988.24249
7294978.315786551,1.036194900790971e-06,71240950432.48502
7285228.484584371,1.022687083471127e-06,71770834579.85133
7386783.46822222,1.056803603358346e-06,71196587528.07042
7431257.894530822,1.072011460299271e-06,70946239589.34705
7331374.118219396,1.048525508032062e-06,71033963619.66725
8073123.383579462,1.026773577644137e-06,79321661122.10553
8431128.214308131,1.018514544201581e-06,83286421740.31747
8308665.699070559,9.98686083072684e-07,83159516082.23027
7442156.489841786,1.03224733263003e-06,72863431146.68405
7744470.115724761,1.033784791227851e-06,75748077670.90411
7650243.750460809,1.019982846180148e-06,75499955234.98291
7591452.345318425,1.069394152510238e-06,72593822760.63611
7757224.424836565,1.086787537895192e-06,73385443475.80133
7796317.715323748,1.054568894583689e-06,75249951490.36604
7523504.198657062,1.09641686732833e-06,70757046344.68367
7484029.733461005,1.077548863941976e-06,71205059772.44009
7489251.226735311,1.085730432664354e-06,70896325257.10641
7457914.026919379,1.136839712287107e-06,68467512315.08942
7597667.392664477,1.129369738739999e-06,70057749068.55922
7505595.783268949,1.124115752040331e-06,69424242413.59435
7284792.618290229,1.161509231592123e-06,65927825095.59915
7269546.662996463,1.169147237208067e-06,65502999886.64388
7309407.761808281,1.154367563793215e-06,66423146823.54424
8699044.636417614,1.012796172306929e-06,86256174233.3508
8942946.292495728,1.001562244705097e-06,89336443543.69565
8774586.197364841,9.953272671382912e-07,88020272773.80594
8629824.347476453,9.799034365488847e-07,87474157630.46446
8622873.557131099,9.726716121159022e-07,87836399198.07407
8298631.642384556,9.645821979499023e-07,85005493439.37598
7828301.832536532,1.011131888852687e-06,77707396269.20808
7923615.104991246,1.024932844488657e-06,77945867972.96951
8156981.947171468,9.968376662348371e-07,81742241260.59543
7991649.06478229,9.835361801850125e-07,80805857684.98917
7845180.669280314,1.00078273859172e-06,78410895206.35025
8174211.290380361,9.864893135531054e-07,82486764573.60855
7405921.057130361,1.04179195117482e-06,72065114317.06589
7503817.781181447,1.0581454187478e-06,72263452803.32304
7707505.14614966,1.043319576259256e-06,74926524103.49066
8894749.887338445,1.052411179300542e-06,85969309547.93222
8576234.633923972,1.071778657156475e-06,81889191736.15778
9042606.095713302,1.062555522240555e-06,86841208356.40543
9511658.598891342,1.027776794007137e-06,93395019130.55247
9128259.294835296,1.041395867358147e-06,88847265963.94469
9278035.780223375,1.051571196311737e-06,89721581839.27972
8977984.503348287,1.010756356805523e-06,89141758507.73807
8733602.214723175,1.021984628311211e-06,86078990479.73322
8913825.839494206,1.032096825537441e-06,87280491449.28618
8453598.223958459,9.901091398311967e-07,85098039878.85463
8577120.321280442,1.00994014972099e-06,85207484453.14915
8652131.773751114,9.924630379575154e-07,86958805256.53796
7743311.506997636,1.105598659584407e-06,72420534964.55624
7588648.298682678,1.113010574151937e-06,70658578920.83168
7729532.293480015,1.105101610732003e-06,72313337817.52017
8335238.886499007,9.712091477414788e-07,84991639761.7309
8330068.456910206,9.548003311511801e-07,85909303192.43034
8304815.835105373,9.530979383079384e-07,85750827437.81238
8966078.061918722,9.93335268701999e-07,90061383042.53828
8790481.328982601,9.798607110155865e-07,89105208947.77878
8797499.333932191,9.870907014529806e-07,88740363242.39267
8425113.398869794,1.059947342638878e-06,81043756203.3987
8774463.644742835,1.044381606731437e-06,85240849497.53775
8595661.635310872,1.034288255243964e-06,84046232296.14899
9557712.779295642,1.006148038385664e-06,95187382685.94418
9394782.451542396,9.863815172960174e-07,94810574308.85918
9238461.255142629,9.984337695158893e-07,92481202361.61938
8545208.786558235,9.187023903778259e-07,90421723514.67139
8838145.64585229,9.118647415289652e-07,93988388886.79266
8638921.564266548,9.118027193987738e-07,91873926052.45581
8151031.140573165,9.35635819823737e-07,85206879194.36104
8344752.729197158,9.274063786688713e-07,87747230858.4882
8321224.910317549,9.315314735153136e-07,87241322114.82774
8377727.789448802,9.298073617360745e-07,87942253778.41408
8527759.164708134,9.216006896398995e-07,90047791552.31131
8431649.788013944,9.242540180120885e-07,88862459262.24936
9185075.30350456,9.716587727317074e-07,93628242320.98985
8900755.555846509,9.607082546227781e-07,91418170522.12375
8854286.275368644,9.702495580616634e-07,90343710543.74336
8751539.616904302,9.148523575423177e-07,92864656232.89113
8733926.351926209,9.177248994681423e-07,92484264855.99742
9295211.880705619,9.07886231875913e-07,99137586180.90337
8467825.365627136,9.20333041258365e-07,89497014923.39003
8645294.895878596,9.160252493687398e-07,91658943848.53717
9024703.532305527,9.111428132123287e-07,96023008329.98257
8259693.501937509,9.287119628224309e-07,86771393515.54253
8306602.731417313,9.364527047849406e-07,86782643471.86424
8308011.323500029,9.326221478202239e-07,87034865645.42749
8651931.714134319,9.483656552698745e-07,89631886645.86925
8402263.861833652,9.415836063315411e-07,87462869871.44217
8396400.828994201,9.386226720989659e-07,87585551583.09529
9009911.119441107,9.629061516808225e-07,92398417383.04343
9295955.287797023,9.738609564897739e-07,94615594611.6859
9293762.244081646,9.790746031176641e-07,94257163836.68596
8316371.411330914,9.497060292881662e-07,86074481122.36014
8630099.723725356,9.503942213391385e-07,89278446120.46735
8374893.859018869,9.406551630166286e-07,87235318139.59589
8104175.023787398,9.409796690362465e-07,84396023632.83934
8185790.171640942,9.473535780710561e-07,84863161747.10474
8243852.15892644,9.383046999160085e-07,86013694146.77124
8208086.261455595,9.587615657006185e-07,84417956426.76367
8530571.437523488,9.668554743241735e-07,87244304301.94524
8263446.761042151,9.566206319546475e-07,85114079084.73907
9138687.117674896,9.989341731619583e-07,91451863959.34219
8986234.097004062,1.014365623130697e-06,89011894876.58965
8556608.066567557,1.021645724738963e-06,84353173299.92113
8897324.596538659,9.829300773692539e-07,90000381832.2632
9149849.840719122,9.892828733432019e-07,92158127034.16011
8698152.816319309,1.004817527881431e-06,86703287599.94531
8550076.406319316,9.589516703509449e-07,87923610923.77397
8752771.034549361,9.707796364711071e-07,89275398196.78995
8575720.396978065,9.743755309821969e-07,87254205163.94606
8474743.826552946,9.478554815476128e-07,87827764482.7912
8399618.306740213,9.392404702712685e-07,87580688138.02596
8550838.223384909,9.504257175778044e-07,88456531007.61673
9446443.986761391,9.841038325385736e-07,95478972856.85724
9609819.751092225,1.003880634914614e-06,95850384052.78685
9444233.262092231,9.893250091121723e-07,95120482951.81102
9341667.713225255,8.94255732183014e-07,100642927281.9772
9406240.601373825,9.007786663991389e-07,100848789259.7246
9659988.509206347,8.902798624394288e-07,104381991013.5982
8754509.989372943,9.820122410300467e-07,88610919192.29112
8556952.253610076,1.003904251637881e-06,85347521371.07306
8577441.675079601,9.856164326997619e-07,86606897886.59679
9616888.753363574,9.055576903179387e-07,102744167324.8904
9735801.71336502,8.980171263090758e-07,104596055608.9024
9872682.145221476,8.935735606469111e-07,106417964595.7681
6694341.686535284,1.054948488811502e-06,64598193427.03015
6768966.045393247,1.072773004853829e-06,64592750472.94477
6908345.403341291,1.048273967185848e-06,66945929552.90593
6377131.793093937,1.099601867226307e-06,59859774988.44969
6273732.654641381,1.095959183716994e-06,59019621658.16307
6352256.51078128,1.081058895914801e-06,60306175945.76434
7083310.034142238,1.126480951369947e-06,65426499200.00018
6624381.14778647,1.11037831738702e-06,61777642450.411
6791790.023813426,1.104420898039733e-06,63566432747.06226
6281135.65495281,1.121801052680681e-06,58178288942.59682
6256025.452327918,1.106144640491153e-06,58491203942.8849
6359279.165751198,1.109785492923611e-06,59326472753.22208
6439272.011580975,1.119194777007671e-06,59735566689.45086
6547170.543213574,1.113064504833454e-06,60959317790.61586
6430720.914263748,1.106122672833091e-06,60125329006.64387
6490089.308034707,1.149735608266791e-06,59136009958.84812
6392665.370122408,1.144381189651853e-06,58429858027.60381
6334351.198366101,1.137440525437928e-06,58132143930.09335
6796562.962631729,1.142557937216826e-06,62187608633.1188
6782708.304476394,1.134753315059285e-06,62345077173.22116
6558326.588172531,1.13081976248858e-06,60422326941.26608
6729068.671187428,1.106522364645232e-06,62899640451.44321
6989738.976181648,1.099307950392429e-06,65621785851.21196
6792027.097974983,1.093295698940183e-06,63999166343.72738
6458473.590117423,1.081256992429854e-06,61307075822.72112
6450881.228821956,1.093330247764147e-06,60783374025.8678
6629712.261704579,1.087042438418249e-06,62709068103.74507
6515838.220825982,1.124863491692354e-06,60242605249.26543
6739498.046004767,1.128797850901521e-06,62165596107.37349
6624373.683871676,1.118733980419877e-06,61469583458.79402
7020804.221158471,1.174890035089226e-06,63055365747.92344
7165611.564084816,1.163199902508862e-06,64786376518.88672
6965766.178812492,1.15705966195363e-06,63202131256.99668
7362254.132419703,1.045688840018486e-06,71462107913.1571
7372031.493739146,1.04696003335851e-06,71499078805.86478
7326553.777345852,1.025610552513701e-06,72040727178.32672
6949385.599089758,1.126443915728575e-06,64190884636.26355
7093193.766897039,1.122668164782636e-06,65666048837.62047
7095121.244448901,1.109164592978581e-06,66215930997.00839
7489855.459766246,1.115469252075236e-06,69636195264.78996
7384209.960853217,1.131884584276837e-06,67988575216.49905
7421546.347818541,1.126653649925897e-06,68543685476.04124
7536951.483170554,1.080627836517972e-06,71572296530.00192
7576565.086982971,1.09948728659109e-06,71123352103.64268
7702130.65132962,1.098016717527852e-06,72366612950.46019
7350914.850010996,1.126305070459684e-06,67905356344.8726
7241981.495591435,1.134098244708689e-06,66592240235.88889
7320585.135213845,1.135543182712768e-06,67257908713.62668
7477277.784511149,1.094420428094045e-06,70407791402.17883
7436210.143465464,1.11227829583168e-06,69269599874.59586
7511503.395755336,1.105097386923396e-06,70273756033.18996
7450965.338829868,1.091761309926849e-06,70273903298.94337
7406291.066333059,1.094480813598401e-06,69736798744.19182
7409970.119296753,1.109621258646587e-06,69135314739.26671
7725744.641910914,1.003654557287741e-06,77069789961.78761
7871099.010258431,9.864076269966672e-07,79432413958.5529
7692010.492036305,9.979752503320698e-07,77024109731.1411
7887771.337718799,1.087638702191055e-06,74581516557.65067
8114589.756706594,1.072831434571212e-06,77430531733.73993
7927191.796022644,1.055432826748809e-06,76471387028.64822
8608925.988416979,9.803861166151636e-07,87233682413.52895
8405697.799368365,9.616253118559412e-07,86278618273.48953
8410891.643657405,9.780284036205245e-07,85363928421.18542
8480615.551623775,9.166608319882429e-07,89871417728.7458
8427042.171191365,9.250583224465857e-07,88762411119.25879
8543913.641969936,9.140358987834134e-07,90715468548.29834
8023995.307183178,9.666037922137828e-07,82077666903.89206
8176736.777363882,9.514465088377776e-07,84526022433.11134
8003578.74774274,9.511598457849973e-07,82752644983.41704
8333956.832495765,9.462727805514896e-07,86465000445.95999
8350802.658387964,9.370902264605102e-07,87204845145.53922
8308698.313095732,9.445656758423237e-07,86306773960.88911
7989992.480349571,8.848974804088165e-07,86686419439.90009
7919248.672093499,8.807390751147482e-07,86189124770.74292
7943477.724522667,8.721289381724738e-07,87020895996.25418
6789941.69492039,9.889340165166993e-07,68404998008.81195
6826511.242038551,9.782753573617509e-07,69272054323.14473
7008148.989831205,9.745437094896189e-07,71296647848.1066
7766946.158202559,9.221708957046769e-07,81980271745.31366
7558752.144562478,9.324050671866377e-07,79197904027.15701
7347214.595541284,9.419709378282153e-07,76459429903.18225
7199204.558380607,9.537300814705891e-07,74302060903.32524
7421673.243992135,9.401350537213415e-07,77334805741.40898
7394217.265523436,9.405899918406936e-07,77023864590.61751
6978667.086434361,9.784307035688605e-07,70808560577.3679
6994927.475778227,9.692627594152927e-07,71420386841.60976
6812543.655759105,9.799593738984096e-07,69051097227.99945
7119873.676148552,9.734227820899254e-07,72488862372.78922
7379126.599058782,9.599251895735439e-07,75830985917.88126
7136297.653051744,9.642511546437822e-07,73116070735.78821
8239895.291850121,8.800036823522735e-07,89728835872.35927
8607165.775673583,8.647081483560271e-07,94830301935.62483
8294038.524511699,8.607135132277901e-07,91662908605.00372
7215262.498121515,9.566625533416644e-07,74315536823.69981
7459420.020901577,9.523265098760271e-07,77063337291.00711
7437977.268840043,9.430609635466528e-07,77344303795.23737
7100371.372858175,1.035863881472452e-06,69355238700.75401
7271958.52022367,1.042905657147781e-06,70711173405.70364
7149231.200614195,1.022757481311897e-06,70427817805.29494
7346857.960478882,9.629303446704474e-07,75342216921.00575
7449088.600036026,9.556997767053398e-07,76775411022.16652
7488312.356085672,9.561074791088443e-07,77157735779.60275
7153891.613776848,9.74248778868933e-07,72794032114.49419
7273012.509992504,9.67563796385065e-07,74346625519.0992
7413757.608013426,9.607534597578609e-07,76143074953.76897
7262520.705425103,9.932116101746659e-07,72955749783.68449
7221900.213788474,9.75882666175082e-07,73404003521.95998
7256590.588069413,9.743856359734764e-07,73832125708.15028
8978689.853137059,8.461901920699145e-07,100361615938.7778
8741002.88697467,8.341568701698584e-07,98642206049.46909
8723973.224352479,8.238526988478661e-07,99269220461.34308
8738392.240774907,8.890935267405675e-07,94507564096.09013
9003841.637585493,8.659093258573456e-07,99108956419.59869
8850915.542939702,8.675494471558496e-07,97302807609.85603
9017194.192718977,8.904458911358438e-07,97424099404.56247
8657498.636632061,9.046933408656378e-07,92553213593.12459
8941429.832919138,8.831261191821916e-07,97138595482.89342
8306795.537104512,8.8850088850001e-07,89879699126.96263
8564138.397103958,8.947330392907194e-07,92233359406.13716
8675537.732747296,8.732114949211833e-07,94962055582.88902
6779654.174941803,1.150816467214112e-06,61735764366.95666
6528297.35938849,1.14873599943239e-06,59518654813.45532
6728878.858135269,1.158127696720889e-06,61015252243.66827
6387711.200897464,1.12782897515304e-06,58954429463.54512
6345177.82821425,1.124872124515816e-06,58664453362.32467
6374450.568089688,1.137486975594547e-06,58498554649.8782
6436855.807367728,1.141904216464739e-06,58918814000.18007
6809495.675941267,1.162272805372435e-06,61599364376.51866
6593841.34251465,1.154209683041925e-06,59926008408.98036
7355103.500015558,1.143407151261374e-06,67264851183.00053
7387554.209637403,1.141667378199454e-06,67630243780.23304
7395291.097073874,1.134203466902099e-06,67997763180.49116
7299050.072282807,1.155259093525325e-06,66294893787.94957
7323689.271524144,1.148114580911469e-06,66794354141.3892
7326600.429800477,1.144139436242046e-06,66975588293.55732
7816652.82758104,1.124892943160447e-06,72268109716.22017
8083094.670933746,1.122348709108245e-06,74844367824.14934
7978814.395882937,1.116395699070712e-06,74141196898.73659
7778790.774176321,1.146384122416345e-06,71016399314.46231
7665922.214133168,1.134936315228721e-06,70455799335.5247
7525539.596875573,1.14238936160738e-06,68864417525.34834
9007350.961929277,8.507332470164673e-07,100323224218.5764
8752225.190663662,8.284233839392193e-07,99224042604.12799
8854394.940442072,8.523879835690001e-07,98491936597.63786
10100380.82878274,6.137444587237101e-07,139855438585.4628
9767896.807550261,6.297468133163604e-07,132950633337.929
10594331.08633221,6.114083329153972e-07,147068378937.6607
11053984.43931748,5.829379679852784e-07,158405632664.7915
10419706.95432106,6.020405469893414e-07,146140866213.4285
10921312.16347828,5.997013967775279e-07,153574147710.4949
10838613.28689986,5.827907099269357e-07,155345487078.9342
10077751.27844262,5.990696217669128e-07,141811713297.919
10210636.91765532,6.018753388435576e-07,143234774052.2361
8799564.694325166,6.117886227246041e-07,122103165867.0093
8828334.560062692,6.335426172663213e-07,119681831504.2913
8939978.443422658,6.350390947813075e-07,121004864571.5809
9480765.718582606,6.090519376374954e-07,131949331807.7614
8960230.96243109,6.056635968649842e-07,125169415272.4527
9101915.730368799,6.289192818414448e-07,123994628117.0228
9437794.821763892,6.362079678736745e-07,127586423140.2229
9764659.89422272,6.202106990239201e-07,134265454222.4787
9252773.539109828,6.372747221346244e-07,124945553357.2921
10892105.84622673,5.710558028169057e-07,158243599726.0669
10419113.89169928,5.54986922567417e-07,154279759140.6398
10129334.46236091,5.873292556433013e-07,144430801720.5718
8924990.845362026,5.788049660011511e-07,128504877980.9066
8754081.538473539,6.012154684130842e-07,122892059815.5164
8781740.901148241,5.940838128352069e-07,124264994981.2053
9766058.188429089,5.338900739242005e-07,148394592848.7566
9374547.692857921,5.547411958429867e-07,138853461439.2594
10040283.43708794,5.410816133468525e-07,151206614227.2557
10990233.37224418,5.083067450251844e-07,172553192750.9394
10165959.93862145,5.222885856888691e-07,156750176122.2574
10445704.88426759,5.294680392681699e-07,159604299153.3886
9697475.003668405,5.04753694119099e-07,152969787991.7046
9112798.577718476,5.318287249610069e-07,138825925468.8684
9644423.083423637,5.22041055776294e-07,148755539587.3801
8837396.583689878,5.779102973563483e-07,127374958659.7296
8745513.98802964,6.011749934327135e-07,122777296791.5912
8729464.345887402,6.024404381480585e-07,122380301377.7293
8548179.954486376,6.872333814347491e-07,109766754926.6298
8639031.726996878,6.875531455724542e-07,110898980433.4583
8850852.339686142,6.609327686520896e-07,116648790236.1754
10312244.8400138,5.346850543600461e-07,156538506474.1883
10001759.91385438,5.217126451249423e-07,154331833801.5594
10476150.52402569,5.255922144517274e-07,160855450342.4081
9304658.469065046,4.30744943416614e-07,163137440727.9228
9503858.64784437,4.422294158741152e-07,163732496413.6882
9167105.650965771,4.382856320254464e-07,158876896400.9802
8748008.002592647,4.455032221053182e-07,149971455145.6037
8811159.61242174,4.262723796044927e-07,155563703163.2725
8917976.270288093,4.380437276616229e-07,154616083564.4649
9494550.148991939,4.050895630555986e-07,173423131270.5907
9723619.416977126,4.107821129923219e-07,175962558978.815
9413615.662492562,4.178156759704481e-07,168435375690.6603
9988486.986307181,3.85552157539761e-07,188557704712.7288
9693930.529292215,3.967904541241011e-07,179525340626.0696
9731969.430459199,3.854327651372451e-07,183753230195.6762
10013559.92871729,4.628379773397755e-07,167353902212.601
10156621.12012669,4.811038991992776e-07,165420755808.8082
10113130.84134536,4.775867248910125e-07,165520120966.2327
9835222.998812752,4.274884542542443e-07,173314388119.2885
9710718.154579936,4.152731985706953e-07,174459817553.2753
9969333.649900032,4.358837814533621e-07,173414599712.2322
9691108.803710792,4.194718125903841e-07,172943780264.4188
9809458.242159076,4.293227441702165e-07,172367649086.843
9859731.185443152,4.408604586860987e-07,170214926826.5097
9633232.863679018,4.115585020697329e-07,174107577691.1098
9627259.084571855,4.091920103720997e-07,174669829347.4312
9751229.451598786,4.214047141301216e-07,173484142043.4746
9545504.705682063,3.809431385546614e-07,181645841166.2144
9416588.672709646,3.861156063305777e-07,177588714383.5732
9334040.843837216,3.737566240520232e-07,179891412291.199
9653945.943846487,4.373625991339333e-07,167549743833.4903
9453170.720196219,4.258851802167532e-07,166999748017.254
9763819.824064039,4.18844441931154e-07,174415302468.1801
8580277.019327838,3.492565457704737e-07,173010159529.7672
8562626.072749395,3.58724018668818e-07,169602926390.8643
8554086.467801802,3.478773892134084e-07,172937629315.0852
8868442.963722799,3.678300063837197e-07,172749158617.2663
8793256.976977196,3.654565035459928e-07,172025423388.2095
8589849.390136249,3.590502223262581e-07,170039081049.0238
8707494.104372839,3.678861918515501e-07,169596752038.0576
8846871.151269097,3.68438785012995e-07,172139078777.84
8568619.318084767,3.596614959058664e-07,169426582642.8597
9054798.596228249,3.85742986583228e-07,170875619628.2981
8909695.645138446,3.721334432988607e-07,172212128489.7652
8985376.738079503,3.745018947723293e-07,172941920716.5445
9001606.314286036,3.96219738262223e-07,166863984827.5722
8837025.235150125,4.071845475886091e-07,160858952476.8692
8794202.23640291,3.918737816825501e-07,164222367958.7997
9277418.979358478,4.181709029947491e-07,165904422533.6206
9175857.282029361,4.122040346614577e-07,165667947304.7233
9357767.108132243,4.054453378488274e-07,170824709901.4445
9022297.367760278,4.175454663884675e-07,161503258316.0209
8986809.513038242,4.310534707471964e-07,157489440035.0596
8879580.176865911,4.192916442096915e-07,158506944589.8629
9636564.392858779,3.89967303356666e-07,180538611301.6386
9598712.586548258,4.013281148204594e-07,176419504427.4635
9604677.503807636,4.036984767979271e-07,175837451209.3235
9086345.195250884,3.798581346641596e-07,173237381633.751
9315254.535153961,3.935648503208801e-07,173453815210.4166
9156155.261244804,3.911005834001502e-07,171206732671.0469
9074698.905496527,3.68386713809474e-07,176588703704.3107
8903491.557061756,3.747030705360487e-07,171304530881.037
8765409.115655379,3.654665292172325e-07,171477490262.8186
9656201.390344845,4.033523053156666e-07,176881855713.6964
9427932.362524619,3.976693176346507e-07,174341884253.2286
9149691.889083853,3.881274488859982e-07,171958466917.924
10202841.96204867,4.267687946123491e-07,179994563839.7386
9940293.34245885,4.142830477391419e-07,178868730967.03
9784707.297293551,4.136492142863411e-07,176248881433.2407
10218052.41176163,4.331551956005542e-07,178486664624.4861
9844357.785535688,4.391826379067231e-07,170382092442.0826
9955306.885635475,4.206591022311428e-07,177324111258.6088
10418618.45768963,3.427269524798224e-07,212737782389.1696
11521343.76679903,3.332872234898664e-07,239675711220.0502
10910272.63347386,3.462050914806282e-07,221282279266.8099
10335569.18837216,4.581188801269753e-07,173919764350.6772
10854106.22072973,4.78739282723602e-07,177362318594.4854
10530840.11889375,4.752015076194053e-07,172932974977.782
10093027.93236966,5.088581262451784e-07,158352041069.6512
10918815.5254023,4.790956900698984e-07,178331208476.6145
10147297.99611267,4.915705248805098e-07,162914544453.0773
11457778.98082115,3.650454400031178e-07,224320598658.5063
12475297.41826623,3.374748859762703e-07,257369217462.1236
11207347.90318161,3.580111630097444e-07,222282432838.9605
8956752.019693466,9.159096128106795e-07,94969059893.85583
8764771.145292051,9.185166267495928e-07,92757542219.43068
9084966.413923725,9.053082395807845e-07,97079085685.99724
9190375.697722051,8.9215478446841e-07,99168358880.75197
9111850.483522164,9.011722711297461e-07,97664044325.48601
9202082.818459632,8.970999947394136e-07,98929443974.29257
8258582.75738587,9.743922846756283e-07,84026505173.57452
8172269.956225906,9.657699255304673e-07,83642483540.84502
8336370.966713654,9.599593173531416e-07,85665998298.20522
8463314.282935057,9.763637992528639e-07,85993578686.53334
8331246.313861697,9.770405674096874e-07,84612574676.84006
8409375.185180448,9.626079716506756e-07,86257611140.91272
8245812.118944358,9.996440148936381e-07,82477696238.60818
8282611.974267439,1.000542569300277e-06,82796174008.74078
8262617.209544135,9.892848214567167e-07,83221729320.77548
8219144.272496193,1.00766176642428e-06,81774283982.11813
8156096.251466263,1.021386095156661e-06,80418453087.29898
8255884.638574924,1.008568091986846e-06,82090606873.68808
8144382.493795209,1.00192491377841e-06,81339477409.53911
8190977.33496284,9.888102648989083e-07,82526560795.90816
8247877.884528546,1.000906599940773e-06,82428966306.08441
8691260.594697051,9.322810194977908e-07,91072000584.41669
8616790.253049348,9.311061568903342e-07,90367594658.81375
8847988.839010859,9.238273002699765e-07,93279033618.91328
8771617.881339772,9.258330305939552e-07,92340294850.87059
8867433.169475837,9.232903284963029e-07,93520265942.40837
9220651.280491708,9.17067144516533e-07,97684916134.29277
8851545.110952308,6.253248987675999e-07,121045488113.6181
8954468.349093994,6.318689576120152e-07,121606034261.9466
8751342.366008187,6.119315810903432e-07,121415117075.7197
8896559.780058164,6.520992725362148e-07,118307685320.2207
8699125.739223452,6.572688459893546e-07,115074803836.8027
8832879.775432996,6.594947129110425e-07,116581088821.7669
7951137.878723007,6.824096875949118e-07,102580740276.8145
8191467.26046594,6.758779740203968e-07,106361104215.2578
8068171.532608214,6.743535729394415e-07,104918002675.6937
7785662.934322787,6.594752251844464e-07,102761383173.8599
7858955.138390868,6.460642399544977e-07,105159297009.4753
7635244.350140449,6.541235843339867e-07,101324950849.5595
7565285.438306172,6.764895307969079e-07,98171312797.65422
7731141.669938977,6.68907961977552e-07,101080191188.3495
7657041.093616839,6.708302464140348e-07,99920029585.15985
7372235.649848588,6.925104925718237e-07,94184977155.69148
7431224.751973566,6.846649980199097e-07,95662482236.97841
7344356.268823633,6.881051785747398e-07,94228841518.26091
7428645.103834651,6.809918422960797e-07,95972838093.01085
7578113.367517681,6.774616177233191e-07,98243682915.42178
7687548.579837864,6.711208378162922e-07,100289174721.1513
7370204.598458531,6.921248676670369e-07,94194000427.0126
7336249.119311311,6.865595257102999e-07,94266041950.06204
7429185.590464076,6.842781547133089e-07,95672272678.26492
7333665.200311541,6.933157145808232e-07,93619657975.839
7319206.311587015,6.916116333295059e-07,93588494818.64116
7307038.827229072,6.882597447476236e-07,93736018435.79036
8148675.432241876,6.530345263253108e-07,108258729088.3503
8029867.916854293,6.571410612269615e-07,106235418183.4568
8181176.6451542,6.436954312846939e-07,109739291536.1938
7503559.145524302,6.791360379136253e-07,97117193965.22188
7410157.179096251,6.814096378804357e-07,95694851330.5056
7668741.044326845,6.715456392323505e-07,100001623495.6265
7633822.091492,6.869860567155317e-07,98049056589.53717
7601337.479122838,6.93477142908597e-07,97021633049.71391
7746585.157573363,6.884565312782019e-07,99355660882.37485
7347394.194628078,6.854030030790233e-07,94515420780.54933
7359595.218102458,6.887497886450618e-07,94365434260.57021
7496046.887299484,6.818758899903306e-07,96759898589.27185
7363278.979596335,6.96886551175912e-07,93676329685.83464
7425636.952039385,7.025586021882998e-07,93960504896.49318
7348790.912965139,6.951817343562292e-07,93644797734.42599
8227425.399381264,4.812889084489027e-07,133965627989.8877
8175846.606975281,4.894519063167318e-07,131641468558.4023
8233851.049421571,4.785099056004211e-07,134588840404.0203
7796252.195264616,5.348286502615793e-07,118324888358.8971
8007093.54253687,5.391287940944766e-07,120877800931.1231
7923896.737719189,5.271241240141174e-07,121431179202.4783
8474669.006424949,5.125240038330178e-07,132326432736.0634
8318055.043671459,4.935333417437768e-07,133191790782.204
8241645.762286795,4.987361945914962e-07,131048891726.362
8552011.149099603,5.169547598987041e-07,132769982923.2269
8421761.108525086,5.103371073764296e-07,131875712668.7812
8521565.074942008,5.04113401764739e-07,134534562059.9622
8423396.506746076,5.712243851957798e-07,122353412073.4237
8584007.989811139,5.658456134721601e-07,125475271531.9263
8263833.445297584,5.541636627159197e-07,122486866773.5991
7884624.420384249,5.713616043074681e-07,114509181202.4137
8199944.554267037,5.742694783310391e-07,118686254885.8862
7855729.234228699,5.639592477606093e-07,115085698428.8931
8377420.895763742,5.97090277898088e-07,118145450445.0687
8645803.600367231,6.0563607762271e-07,120780699474.1422
8458511.51143383,5.877616661676825e-07,120547934292.4775
8813602.773902204,6.199269136775927e-07,121225265945.377
8704533.87328673,6.260816255652721e-07,118939163802.8167
8966235.99222276,6.301932382898093e-07,121981603855.6974
8978994.498564981,4.238031885053393e-07,159142029513.9064
9196075.779949069,4.008702852616065e-07,169147908180.975
8922259.478790842,4.125573537758591e-07,160997312867.9731
8328737.554019441,4.666405421555762e-07,138438706227.0563
8219404.551024351,4.640972780548779e-07,137120064543.3394
8662276.067218484,4.472747533575784e-07,148109334548.8199
8311653.830028148,4.728975311162407e-07,136933407675.7151
8318112.28127176,4.700791775486317e-07,137587010858.332
8514278.997986153,4.557718724064096e-07,143763795747.3917
8247740.979596972,4.881933460236669e-07,133027197838.4953
8315295.3849158,5.061923771355738e-07,130918377436.4027
8196098.445897581,4.963802626718896e-07,130736693386.0317
9587128.246408429,4.017198506566623e-07,176092019931.8221
9750357.45314806,3.959821247820928e-07,180815982828.3401
9608061.701871974,3.902176836351391e-07,179927613229.5843
8330209.195137983,4.576646711693254e-07,140267691214.8191
8779335.634974595,4.408874732374445e-07,151557167295.886
8776016.83095463,4.408234360617617e-07,151514546589.9943
8888501.686793067,4.448428850835428e-07,152530769067.327
9241686.506426347,4.321959674319383e-07,161670491570.3209
8985246.839302326,4.365992403239129e-07,156125806650.4202
7605856.566104726,6.67997689740684e-07,99532479723.32645
7530323.09340897,6.607142188773633e-07,99266911123.81975
7510533.548301614,6.705190243956264e-07,98038514193.28911
7481232.466249783,6.801647797405994e-07,96730564786.33212
7572478.519632696,6.744976872080282e-07,98458014486.49651
7394071.3288465,6.8359938979292e-07,95283095588.46764
7736520.403880727,6.645955646485744e-07,101587603728.8263
7586579.605625722,6.592360959109758e-07,100157936103.6171
7662393.993246125,6.665172518317902e-07,100420770497.5549
8079528.627489816,6.539493705274811e-07,107239950957.7749
7970440.99685037,6.460108379236514e-07,106656947090.3795
7896629.554395005,6.594332070720256e-07,104230436417.3978
8037071.383882218,6.213314035988776e-07,110377941235.4118
7997926.554633017,6.217102023404013e-07,109795721137.2381
8152305.171048149,6.302462134549571e-07,110902226479.8776
8051910.634221055,6.136810499594445e-07,111498871272.7462
8092132.48804027,6.181608554914419e-07,111513809193.5977
8376209.732897243,6.224131814520851e-07,114902203008.3192
8615617.703969307,6.156429120055813e-07,119051214674.6257
8180923.344729346,6.130500718453638e-07,113363094270.5074
8507784.635676676,6.217869071185971e-07,116785459125.481
8102110.896363761,5.921372607457481e-07,114899090159.449
7866892.319820857,5.799017166167492e-07,113127175179.6033
7863228.880936163,5.888222069198157e-07,111929560051.9836
7828378.849009102,5.845984051509565e-07,111969588997.7084
7832034.161597636,5.756929011838083e-07,113174171423.5515
7961071.213024672,5.752411627121523e-07,115098996835.3354
8559319.826517498,5.320221236478134e-07,130362533741.0749
8676005.871497246,5.456425992634279e-07,129931461798.2566
8368845.350645427,5.263692479110772e-07,128372461921.9049
8345762.630157474,5.074820032345042e-07,131175359975.7642
8476720.767301554,5.224837300793157e-07,130671044649.0543
8287172.7601483,5.168322324210753e-07,128678700194.7675
8522294.400348404,5.377111050859539e-07,128881484210.5839
8545003.184335249,5.490880589257049e-07,127433681382.825
8564093.867292844,5.349809481192797e-07,129953867248.1024
8801106.949318111,5.2032122395417e-07,136047198877.706
8665144.896379624,5.264174109734366e-07,132909390377.4861
9028760.942025153,5.072984120027514e-07,141944690531.1203
9746652.148218673,4.90754810698116e-07,156655539395.2046
9067573.73202279,5.11401911218053e-07,141791282654.7688
9298626.472748253,4.983857794913364e-07,147925044190.9077
8772626.160217661,5.548274337133863e-07,129924485197.7001
9081150.163727263,5.684538736420886e-07,132335807055.2385
8697227.508657001,5.592072216110493e-07,128134373555.6969
9001296.990104249,5.364001702053828e-07,136347073166.4211
8781275.134733692,5.424468353928474e-07,132023973071.2715
8819018.471982835,5.293474399773788e-07,134769941814.6003
9290415.188149093,5.455414133658902e-07,139150030761.5385
9991235.432035662,5.65939637298288e-07,146029002286.4166
9066866.063166076,5.515934696113216e-07,134806589983.0534
9096475.926673435,5.581501942204486e-07,134185561465.4752
10022316.83604779,5.725054812101381e-07,145361153962.3943
9410594.287256554,5.71779308508076e-07,136604422708.1225
8154243.703257766,6.116314633416394e-07,113168043627.8745
8155699.073791427,6.000955730866451e-07,114634210504.0105
8455385.989697795,6.023931177557574e-07,118544143641.7378
8489052.921976266,3.53917761369254e-07,169664508056.5644
8240219.797757234,3.423831272488345e-07,168369682610.064
8354935.656641294,3.429654277422983e-07,170520349401.8182
9398347.263587806,3.930063065004421e-07,175166804858.7986
9648711.683259064,4.021852182997254e-07,177086420482.0526
9142401.300180919,3.869630985459344e-07,172165943068.8972
8633510.81372484,3.653041671407406e-07,168947208253.7541
8457118.895039208,3.544063350513384e-07,168870887298.1813
8588788.036596932,3.607924491381185e-07,169470297433.1446
9008450.114631081,6.389573488350853e-07,121432657173.7617
8779449.336465212,6.444109875629563e-07,117677107746.7105
8947909.348622117,6.454261666856934e-07,119809299779.5592
5041017.682368616,1.768030161378822e-07,160026451270.8445
4508890.323346782,1.747154441119995e-07,144272029266.8963
5099693.025542198,1.702899232638929e-07,165991073954.4159
5829696.744444079,1.80111064930793e-07,182789972582.568
5373061.439667705,1.781515438088146e-07,169705302888.368
5433632.892065797,1.716376050124993e-07,175933548628.6428
5801312.663982359,1.848701919874783e-07,178764664325.6836
5324441.570920418,1.906685388236685e-07,160726704437.7916
5345813.059414736,1.829095869317666e-07,165903719033.0905
5100572.877067726,2.016497989318305e-07,148327073542.6125
5239400.814052456,1.998838400908868e-07,153260357288.694
4984210.671894641,1.956547425486026e-07,147889090403.4551
4578410.028923728,1.905484923510935e-07,138264601497.969
4934525.623935384,1.93883225975563e-07,147305371494.9023
4624612.589225848,1.933143513005517e-07,138324558524.4226
4134168.768237472,1.835602439040424e-07,127997784051.2233
4379366.222661486,1.879668906220953e-07,133461814845.5776
4424555.857386917,1.907356744249764e-07,133530885592.7129
4686763.30943297,1.881529628871336e-07,142735602838.9589
5067797.542980388,1.837301358895352e-07,156807076928.2723
5046989.763096563,1.914891523361234e-07,151915809701.8621
5308215.766342464,1.976392019015003e-07,156446735949.8681
5719992.445836542,2.000545884065202e-07,167223166970.6552
5342797.742591975,2.025798186935449e-07,154895195951.9602
4753306.521352336,1.960729910495768e-07,140837174991.3077
5067432.664224646,1.96641961360237e-07,149854752809.7741
5101222.499394378,2.015833937859464e-07,148378541607.2296
4519167.508290041,1.848704386248687e-07,139255853100.9934
4369398.500441875,1.783604033266315e-07,137897383168.4786
4893461.270118103,1.804480340101083e-07,153243261142.0675
7112139.877733235,2.011060203805931e-07,207197053376.646
7165233.452996879,2.104656129540148e-07,202508339460.4055
6388706.1734001,2.091343944212049e-07,181327054115.9773
6230135.295501432,2.620798033231882e-07,152127749968.1108
6404977.84321852,2.596437946685744e-07,157373764382.8859
6494902.775718044,2.693622205822242e-07,155721363800.9253
6758512.233832179,2.8404669398253e-07,156407633481.0534
6415357.28179057,2.758517679437726e-07,151392258115.3554
6603141.549823073,2.769976138895455e-07,155393645493.6351
5898386.931300804,2.578978984661839e-07,145579890990.3765
5804453.78074231,2.514644621649886e-07,145694652596.5134
5991437.668144291,2.581495871072819e-07,147780372070.6978
6422208.547284751,2.401909511163025e-07,166205979067.2196
6124691.347599071,2.395727216956662e-07,158778841758.8087
6335769.558587198,2.315562501724047e-07,168020278775.4441
6771242.968816441,2.665645304371712e-07,163480826127.5259
6630852.844639761,2.704854854859825e-07,158540447481.7801
6539988.377034765,2.607654460118269e-07,160229919600.7104
7909846.577753305,3.014013569520009e-07,175956206790.8815
7711208.26237932,3.070767547188631e-07,169417318860.02
7598792.239036803,3.006785000159518e-07,169307548152.372
8894110.523756642,2.801520428035751e-07,207733557964.9131
8258034.505043551,2.924633989883867e-07,187425643738.5397
8164567.402385851,2.829153848234314e-07,189450374795.8695
8431146.459020644,3.084108111312865e-07,184700003873.6743
7916735.940630665,3.090098574207201e-07,173206666608.8173
8117987.292067835,3.033344231879111e-07,179818305911.1981
12080244.4514194,2.972032994286978e-07,271252222309.2592
10704803.78201837,3.090081551144659e-07,234206395572.011
10501777.81140843,2.995520150112049e-07,234574785944.5833
7971989.101601456,3.268665906978595e-07,168004020190.8954
8030537.529284758,3.339234535356454e-07,166845052834.8582
7822243.480703264,3.277159102606319e-07,164563296709.859
9711801.088711603,3.189668637964141e-07,208034836880.51
8725865.14971018,3.306735516175481e-07,182477304520.7108
8911030.263778636,3.158697244636561e-07,192127375798.5848
9524811.689543156,3.476025332176988e-07,192664238234.2579
9194458.866050839,3.588690208298066e-07,182068799120.9148
8745910.173706802,3.449971230358725e-07,177798474417.8922
6928754.414483232,2.849959054000086e-07,159991197126.4637
6771427.754483746,2.77947004922527e-07,158990893578.1065
7091627.383831452,2.796403092366189e-07,165836220938.8085
7320559.319478635,3.024860997024622e-07,162457830550.6344
7090637.27324931,2.936157771079816e-07,160508860103.7895
7357201.143018664,2.982021915548527e-07,164830942685.1063
7746385.181207946,3.177896279183818e-07,166343541068.258
7915749.500068583,3.239943497488061e-07,167803269284.5572
7652100.113545712,3.181672386436907e-07,164188853709.1592
8727924.776297659,3.612941701402604e-07,172056212564.127
8607458.877666106,3.511739955704238e-07,172925905011.7292
8525278.66723142,3.548821304838786e-07,170079705802.3161
8777243.241599955,3.467313096806405e-07,177839990846.8958
8774058.666780153,3.543212431089748e-07,175227557203.7068
8899293.963100996,3.574245794297927e-07,176698396942.6035
9326655.646328148,3.637088310757731e-07,183044511593.7563
9015640.344581354,3.527973285531687e-07,180570327779.89
9057283.060624091,3.605443959000805e-07,178796401691.1326
8488627.131500114,3.265475418646002e-07,179008304072.3008
8242709.939912038,3.243910093698078e-07,174591921472.2892
8587796.226429185,3.345746080790969e-07,178191265524.0964
8365801.825895257,3.347441617483966e-07,173526403233.3578
8469996.400209667,3.412918435874365e-07,173433352638.347
8203287.03825498,3.320119428232048e-07,171087693208.7904
8972491.707651621,3.661379811620854e-07,175313977843.4237
9289049.783295598,3.829029864774698e-07,176161954986.3751
9391500.725692937,3.804376711728525e-07,178873492529.0928
8571782.163146967,3.616082876373421e-07,168880254736.6779
8616968.456392091,3.608086708649301e-07,170021245219.4163
8563237.992543787,3.507630383212616e-07,172171844465.3718
8601599.171730192,3.685928948144588e-07,167320014943.2681
8682757.237807723,3.787273296610992e-07,165872056151.4917
8646863.883968737,3.678052430904189e-07,168440560776.3917
6498063.454812287,2.876902345290466e-07,149107859049.7028
6375037.387968788,2.815116305381483e-07,148417521440.8434
6497523.746661082,2.871458625768691e-07,149283852229.4053
6926702.467474057,2.960755995739333e-07,155928244051.3918
6667609.222003609,2.925325411199336e-07,151305256494.8725
6797763.853300744,2.967977242640447e-07,152777369875.2432
6978011.077817716,2.94274428949271e-07,157723584137.703
7002218.653103666,2.89564630510108e-07,159982320838.8686
6717950.87532908,2.907171827643538e-07,153081610587.1037
6612845.700033978,2.859076098935932e-07,152371793440.5227
6417747.918687857,2.780815319480723e-07,150638005327.356
6760965.969104914,2.86271722916708e-07,155652624827.0087
6001415.146785305,2.672301675682693e-07,144653855677.6518
5956282.423529333,2.637674731016132e-07,144819748712.4138
6084395.595826752,2.717265532670424e-07,145031628432.5449
5986438.957405816,2.62171162974574e-07,146143199604.3731
6080178.95149345,2.624271376555298e-07,148335078544.0923
6157770.764313124,2.685655280991194e-07,147930141336.3141
3813457.591832416,1.333629170356835e-07,146092817099.6613
4043732.836902305,1.303378040233967e-07,157302462607.1389
3397136.255618815,1.417154252593367e-07,124978377836.921
3970785.786735803,1.338266208521423e-07,151768433185.3634
3862382.9603692,1.3399173438506e-07,147503840046.4912
3700958.901322221,1.413457505266669e-07,136393107704.265
5369559.954248342,1.138731319983849e-07,228555241437.4428
6407266.344573837,1.029463965694764e-07,291697032658.2451
4629805.461773241,1.223209283617319e-07,187886494623.7732
3815434.792482183,1.777266244852186e-07,120700492075.4865
3937690.730463326,1.788755442498572e-07,124034059479.4971
3283474.790785212,1.706564362642547e-07,106721496084.3879
4077450.245646197,1.770104181458054e-07,129337000547.3871
4222172.11850054,1.835220685930265e-07,130740578708.2986
3717004.126847295,1.750532858284625e-07,118780787033.6381
4384847.489743328,1.896508212560095e-07,132836678426.1755
4222421.696955163,1.836249578428782e-07,130699461565.1604
4095788.544660001,1.824754263651392e-07,127311588101.0788
3787975.748752975,1.594689619777966e-07,128812026205.0937
3903484.627241798,1.48312997569739e-07,139315572826.2582
3272120.080159782,1.608819399287437e-07,110617635269.8989
3932525.573227059,1.760407333022175e-07,125197630525.5378
3795117.869326627,1.663981563646879e-07,125446802293.7034
3278758.332093804,1.678164307967867e-07,107767155667.0703
4918671.208621792,1.877253314945868e-07,150025772934.7891
5148746.672182136,1.841401740067744e-07,159075204953.9464
4860699.317096728,1.777991544960007e-07,153725398964.2821
4960388.150125772,2.005414919137926e-07,144781420612.3001
4845645.431657307,1.94545544427643e-07,144323628781.6113
4682749.381503323,1.954481466804842e-07,139042172238.4278
5278181.956852974,1.966800224588996e-07,156066919522.165
5254490.286084466,1.88854263062859e-07,159629345018.8332
5022037.352068237,1.924514748016847e-07,150660397689.883
5610908.016786861,1.81107404628106e-07,175284027913.3415
6141344.72574534,1.774279255053214e-07,194498157997.03
5966227.245623698,1.730195707109205e-07,192148192848.4219
7316094.452669481,7.306221494633244e-07,90188413559.70428
7347653.102010888,7.210182821095846e-07,91379994230.02676
7341800.170438884,7.172048028062466e-07,91630579578.02872
7566375.031077521,7.19636447016883e-07,94220577769.40761
7776824.023020352,7.170477344813159e-07,97074141779.81897
7733014.63637518,7.132062166869041e-07,96873595446.23958
7301759.62231466,7.287865680997409e-07,90162779564.47072
7396568.244771886,7.237340858766119e-07,91758065837.59958
7355718.382445909,7.219571092333093e-07,91400975064.72018
7300079.636117266,7.341686683550473e-07,89700948133.33998
7277733.68629489,7.313939877560699e-07,89652396273.32314
7331603.763029167,7.245667557671347e-07,90882454859.36919
7281213.610265906,7.465626274089975e-07,88476162007.46719
7227030.940409119,7.481496297137097e-07,87693540372.06767
7253072.326453263,7.385905650283761e-07,88767264745.29626
7291532.723586894,7.391013551860028e-07,89196845756.32878
7297372.391804472,7.443006980410798e-07,88852071704.21893
7269199.868911901,7.363279109986732e-07,89146801981.75327
7306292.094371077,7.017837914148912e-07,92518406001.46632
7338910.54592728,6.972535685054744e-07,93333545461.12103
7346174.659228948,6.977691777094116e-07,93379898020.97755
7458142.926876381,7.028561593199295e-07,94345183138.88983
7493182.333307673,6.980532218759975e-07,95222725947.67189
7381128.436468171,6.954706942363448e-07,94030816259.65294
7520826.686538412,7.048947473621129e-07,94954612207.06209
7528246.978871904,7.004097271344707e-07,95453622052.3893
7493125.58802337,7.052194729815548e-07,94575827034.72203
7720441.29034459,6.826292771301885e-07,99583071561.71454
7833839.961380494,6.840963348666592e-07,100901243684.0695
7950010.312608606,6.760429373068235e-07,103209143025.3193
7411554.861017895,6.885644011550256e-07,95048722413.90324
7556157.372981684,6.84649682082186e-07,97272196004.31949
7548485.157434152,6.8168489340526e-07,97454977495.99347
7403409.782908676,6.917145654627046e-07,94655787863.901
7515632.043770302,6.942889968202872e-07,95852914166.79848
7547933.200032427,6.878016495206358e-07,96869243011.15817
7324549.846686373,7.035033902328114e-07,92598398547.10434
7419541.301328165,7.046444503971626e-07,93698009754.91113
7357208.982711724,6.989654497333936e-07,93413423012.52718
7389744.669598489,7.084921423572527e-07,92983539561.23204
7470014.038600945,7.174967381833332e-07,93205483559.01657
7635594.928249783,7.110669186834039e-07,95844949156.75591
7976487.601682608,6.850344480542242e-07,102644752922.7992
8170555.430673567,6.848534179337801e-07,105160625902.4457
8217196.936469625,6.785024929033158e-07,106419871568.0962
7794383.240043998,6.907158302817081e-07,99750592191.3037
7648686.028974807,6.957377434270648e-07,97414392033.14044
7824501.977576062,6.960269588572809e-07,99625993151.75694
8014710.037276628,6.716536466449763e-07,104501910440.3468
8092318.130064276,6.665330700526879e-07,106053534359.1784
7784201.925811462,6.782391491750829e-07,100838301894.0155
8147552.364456877,6.456783276862919e-07,109064401559.0682
8180051.339827772,6.363389612210127e-07,110568228879.22
8025408.98008547,6.27779987326309e-07,109461701745.4274
7724615.451431547,6.723431500824266e-07,100650563832.2894
8017288.8407567,6.60538305549415e-07,105704998637.4379
7835099.641779275,6.660140938920384e-07,102735903390.6546
8103320.159137154,6.598059277190709e-07,106918335590.9916
8245136.59744212,6.587643789843697e-07,108904155052.6584
8456954.703541178,6.512513226672991e-07,112559354078.0968
7745883.729321716,6.718976252725541e-07,100972297041.2713
7920954.004730509,6.641958390636376e-07,104051111637.7525
8038956.009093978,6.600797859646353e-07,106039750348.1586
7651976.27619358,6.768265566452452e-07,99263295090.90265
7659700.893129779,6.797862605292146e-07,99074880217.93182
7825988.028308781,6.691235094817573e-07,102298277212.2555
8439839.8694128,6.608484089559722e-07,111241364567.9422
8256890.200371806,6.62185556514913e-07,108683439377.9613
8178495.036727996,6.673048995572562e-07,107100258419.8608
8317901.58586896,6.710340938164089e-07,108521899502.0328
8455239.406383932,6.630554531874097e-07,111196898692.1065
8193654.38023686,6.695156523090035e-07,107062443493.6392
8861600.950733285,6.493037550060364e-07,118180796591.0339
8693959.230104964,6.482922277961133e-07,116065653923.3923
8664557.376483127,6.544692919258541e-07,114944148115.3019
8100159.883015653,6.461386725680245e-07,108378491309.8754
7978373.600471641,6.282713808093416e-07,108763418923.8218
7990932.58930834,6.382261912999529e-07,107798913900.6714
8460390.478609394,6.471094106483523e-07,113085068140.4967
8258710.701486651,6.422097314342186e-07,110950091607.7565
8106683.339609499,6.556642744600588e-07,107412674079.6215
8429024.049552012,6.268925931245059e-07,115075234146.822
8144044.906364745,6.226255560849677e-07,111692033511.7962
8260040.319867168,6.315627217003898e-07,112211622539.6531
8572383.525592219,7.303839789103362e-07,105698161696.9507
8703566.919032376,7.214001266672544e-07,108204784226.1808
8401603.567605587,7.366123497779685e-07,103007659992.413
8821801.654567149,7.515686455042706e-07,106719763304.3361
8601644.575893726,7.379252649035874e-07,105335131092.9968
8430571.930223256,7.441563698530569e-07,102663067321.5794
8803929.519748351,7.438229507557068e-07,107241654979.7246
8937652.211947868,7.419111055711643e-07,109057499640.7458
8699333.164803674,7.359266067458416e-07,106724212894.9814
9683598.146782627,7.375385136681358e-07,118626110074.5966
9877714.291318694,7.41933895745392e-07,120525697044.0921
9786374.465402488,7.246176672439555e-07,121306074908.8847
9858316.158654474,7.384625304079361e-07,120665680345.5663
9606886.593313653,7.236621274716006e-07,119186052030.8064
9767066.273075633,7.211532924600796e-07,121454163578.7845
9279683.746355159,7.706689658680548e-07,110396319615.1457
9691261.27909328,7.56220586563895e-07,116756563826.7632
9271346.551236123,7.629387631482456e-07,111040913889.7202
9525205.362917338,7.600337385042271e-07,114371837941.2145
9429398.19410814,7.477097074295998e-07,114462166870.1777
9773470.410260908,7.510551574562128e-07,118286245535.7323
9325325.233384473,7.777645643930003e-07,110263528417.3372
9454731.059201419,7.716705411420166e-07,112381433026.9867
9523738.364487089,7.791874107556792e-07,112472454075.7603
8250086.638849393,7.339957452056041e-07,101390239220.2952
7758875.610065907,7.2280758671021e-07,96334900785.43756
7790738.156174157,7.142813934267946e-07,97498750496.94032
8996308.236303911,7.38468694832235e-07,110114100150.1918
8643610.035139155,7.39376489665115e-07,105710487031.4689
8501930.909425812,7.255094733380131e-07,105298498792.527
8846199.517234862,7.753522742102533e-07,104815140344.7756
8356390.8137498,7.791081768861625e-07,98693125178.25616
8252696.855208172,7.596952597300643e-07,99121899247.71625
7438812.239976723,6.886119075875578e-07,95393894212.61768
7359981.912192159,6.863458204359485e-07,94590622766.29529
7443084.444155186,6.797669023548613e-07,96274868957.7222
7779582.045674281,6.76333157766461e-07,100967703634.7636
7653905.872099085,6.848350913739515e-07,98512750864.39104
7569564.437471783,6.770138009074447e-07,98176122565.68085
7587641.825756379,7.069745054833737e-07,95610220545.41191
7556197.762005628,7.155034907324263e-07,94455839271.30438
7430032.940451087,7.04768585124609e-07,93819485647.89438
9470361.807533259,7.012225509302996e-07,119985653615.1976
9748742.400048958,6.882895532584994e-07,125055023686.0397
9743495.402858863,6.834430888578534e-07,125577899302.3901
10452102.54442605,5.166462877730253e-07,162333487798.8292
9978263.039546967,5.127623370594956e-07,155755791027.4353
10216974.60903486,4.988957876942864e-07,162423584021.3145
10477629.34386191,4.885048273086684e-07,168921057276.4609
10578695.13644888,5.105762643657908e-07,165599245557.6395
10342139.51374753,4.928344710687632e-07,165758703378.7898
11011882.89528274,5.587970803267884e-07,162315065778.3877
11014306.4232314,5.708032866801889e-07,160066154426.1005
10620161.39160186,5.511407222342681e-07,157987520294.5372
11271022.78584051,5.331231094171452e-07,171426643635.8476
11086513.66643514,5.446638891280888e-07,166229950226.6457
11157356.77261067,5.499622672184204e-07,166215960938.7462
10667690.68463638,4.943886675122192e-07,170617959269.9279
11107725.77204223,5.163782632474674e-07,172575781067.971
10769666.82051874,5.164636121843286e-07,167305075219.4784
11216356.21553691,4.95736982389894e-07,179067834176.4174
11332103.13525464,5.041445542822394e-07,178898678107.0263
11332203.45019606,5.141836189758694e-07,176564018744.12
10741540.35327891,4.882184306211e-07,173243567146.2595
11068000.05709364,4.917567826589757e-07,177651514214.8116
11183080.5737864,5.10199103404506e-07,175146579378.3731
10072351.15391404,4.625732351273888e-07,168400686610.3925
10350492.82643866,4.765106722432678e-07,169659926355.7976
10215830.21117192,4.808347210743174e-07,166447184207.3391
10052830.44056141,4.55438490553367e-07,169825096412.4885
10137306.5229938,4.522937313278199e-07,172045056987.0154
10330704.29256334,4.693763137890854e-07,171047140070.612
12055958.94345881,4.439804791301854e-07,207153611884.2149
11890504.32963209,4.159458871910983e-07,213390813522.8773
12051756.11375844,4.237781132069576e-07,213611511192.6255
10644902.24433354,5.822564563322549e-07,152662417564.0318
10686152.28368297,6.041970687533583e-07,149521030950.1406
10953783.6591611,5.861144786974903e-07,156402080551.9599
8976057.324216986,8.641883240330493e-07,98934255038.40303
8803748.357373793,8.44246220108276e-07,98557165290.93869
9042281.179680916,8.562742515692706e-07,100277327543.2704
9135474.63754876,8.806215372958607e-07,99434764094.36139
9059213.943314355,8.732858247240459e-07,99156131704.19205
9125743.286994269,8.653666290465579e-07,100492770281.5182
8087325.97446349,8.676698720640742e-07,88900035959.06026
8188015.512169886,8.591065905544655e-07,90603982940.13962
8183811.741489186,8.565604237799425e-07,90736835179.5778
8708673.776417892,8.700361592302747e-07,95556555688.60211
8215195.655877805,8.703993654463281e-07,90116752748.26826
8312438.952722114,8.592943569016185e-07,91967383108.97289
8269863.803735496,8.938071595883838e-07,89125600936.43797
8073164.046355163,9.010066791456918e-07,86541636574.97823
8126141.567681789,8.917558947757277e-07,87710931803.35443
8712700.859595302,7.629854793513907e-07,104345875688.7717
9218646.727572264,7.711467238161271e-07,109624887472.1897
9002771.113303859,7.619842619840703e-07,107914269301.4764
8176409.978601127,7.433419898311458e-07,99640725792.90057
8357196.635890555,7.541760356905078e-07,100866155606.053
8254174.557440526,7.457617267598434e-07,100370692734.2224
8837700.204046417,7.707548724234134e-07,105130423185.1358
9176741.68969471,7.733398029304955e-07,108920158569.2098
8671963.31088347,7.651776930576605e-07,103659529030.048
8795469.007451689,7.521995631781353e-07,106341704721.9108
8724551.178225478,7.643551330313814e-07,104362939647.37
8485328.001100406,7.543375075349476e-07,102398006002.4317
9149105.916808313,7.8618925282822e-07,107405681108.3051
9298206.232287271,7.785935599156577e-07,109864816938.1333
8956907.276978098,7.760076858320249e-07,106067108555.1607
8236711.381528614,7.362010820259639e-07,101023609329.7298
8314761.514922814,7.386151265048084e-07,101758570844.8561
8602378.69596478,7.256131054549613e-07,106532424736.4611
9940500.158076508,7.098082832029711e-07,124924473516.1873
9296177.028014701,7.215104616092706e-07,115560469347.6196
9136382.997188911,7.169231650957921e-07,114058035703.3916
8293327.866533578,7.510603564079877e-07,100371930145.7381
8367037.101645563,7.555017140869592e-07,100866757198.0596
8186143.457204682,7.446655770205867e-07,99641096651.58499
8854656.526292218,7.447275369455492e-07,107772207296.385
8543464.401534854,7.468652103900028e-07,103786100347.4445
8961537.339600595,7.344788350337648e-07,110085383997.3818
9586889.753287751,7.279832181450477e-07,118466844650.952
9114451.166229013,7.400027167420834e-07,111405931169.3928
9222883.910929153,7.297637152702753e-07,113783310390.0607
10599801.23395567,6.852876793874081e-07,136369036576.9284
10121453.02366955,7.113407308590091e-07,127015799408.0573
10406853.75457104,7.01445575968819e-07,131822678328.7464
9425390.971918507,7.194685991218032e-07,117388299481.8994
9330181.370071067,7.343651946910129e-07,114625707502.519
9672138.486418679,7.247968318073716e-07,119870315561.3392
9112831.242492465,7.478363792626222e-07,110606912393.0517
9025119.275077635,7.612993142276023e-07,108247030450.1532
8981786.618700225,7.502884682765278e-07,108778705328.9104
9248616.693599898,7.921896230437138e-07,108024935192.8564
9353988.105975164,8.000071974006784e-07,108542765835.5986
9398522.39722243,7.845929038269874e-07,110483306576.6238
8997491.857534068,7.736213977633493e-07,106766698469.8801
9074074.087589541,7.849455719956734e-07,106637337116.6401
8882669.372586528,7.747647193764872e-07,105300461192.6919
8709386.993838105,8.006763465759404e-07,101006562028.8893
8498209.136514891,8.105757626173443e-07,97753355110.51642
8750696.058103636,8.10793291776469e-07,100639661725.521
9044560.919548592,7.961179174379491e-07,105293741007.5529
8846039.741515534,7.97062002576232e-07,102901289108.2321
8887671.238029117,8.071792549326167e-07,102519855850.3506
8923077.487646403,7.727879862744357e-07,105959790211.7259
8784404.537093848,7.704970979729689e-07,104519740477.8615
8801321.492764037,7.850530638039466e-07,103422542445.3726
8914453.231573489,7.551568538496544e-07,107498713105.6751
8957623.35313105,7.661734422745328e-07,106981348549.532
8843056.361520529,7.673160929582001e-07,105508193825.7343
9258728.661183432,7.198767851110635e-07,115269013862.7798
9005700.780294828,7.264178120004603e-07,111444812203.3382
9164366.720694657,7.347557612779518e-07,112548693904.1719
10939400.24244828,6.656163839705516e-07,143497447702.7923
10805992.31033067,6.738880357572639e-07,140585163458.4756
10611168.65106347,6.899938697417606e-07,135893826904.5927
8922086.824202269,6.662951484968647e-07,116955866580.7934
9227223.855461633,6.477297786878252e-07,123256116780.7716
9044288.537430124,6.487632459496493e-07,120684154004.8206
8809659.766633738,7.129768574295855e-07,110384691242.274
8765451.781278701,6.892808030755517e-07,112333730812.17
8674329.443486948,6.9837973790889e-07,110198282314.6168
9550813.857532801,6.671918592405937e-07,125085380833.4506
9353818.311766159,6.523332665344365e-07,124358625220.3407
9046577.684348399,6.709318713906154e-07,118040770342.9442
10403139.7909494,6.781107951299436e-07,134781616947.3918
9887986.347420456,6.779211469634789e-07,128131252213.4757
9679273.984542547,6.988202168471335e-07,122913374729.1624
10789942.46067102,6.62932176508914e-07,141918734406.3186
11214547.33586405,6.381367564661897e-07,151300109161.9407
10265178.89254924,6.627521320073076e-07,135041037718.7005
9943092.084374549,7.128772186998346e-07,124598162405.8519
10417255.68983903,6.868142461872806e-07,133821880183.8801
9692890.096670525,7.075760907615729e-07,122068756965.249
11147152.13501448,6.520056417546772e-07,148250565707.5488
11441398.63121687,6.354628066685613e-07,154793371460.7518
11012479.50761875,6.602409837274782e-07,145239070376.2874
8853722.830488924,7.619267795402236e-07,106132997482.8972
8992939.70619628,7.64207957378509e-07,107587209832.2983
9080495.541436668,7.507463300966263e-07,109929454001.7599
8899162.194949916,7.350854229355403e-07,109259006848.8513
8830415.025651921,7.546286707977327e-07,106534984758.995
9056890.933954734,7.434538942118553e-07,110359513534.1278
8738021.964639643,7.661620037569609e-07,104359676753.262
8600866.994689204,7.822890814538886e-07,101304962285.1267
8707376.320819432,7.68624478904892e-07,103771439219.4617
9174214.950156406,6.880039635565622e-07,117717659272.6259
9505277.162263345,6.761211282859923e-07,123390515851.5504
9002260.800821537,6.798465578256823e-07,116433420280.2137
8550851.066952415,7.615537449106404e-07,102535826596.8394
8439848.146348922,7.786707512715794e-07,99716124560.21484
8540448.022250621,7.779445191549158e-07,100967492375.4186
8712029.555225814,8.250894961094692e-07,99034223603.14549
8469197.710968368,8.375900335277697e-07,95313540946.11171
8546461.762629347,8.451408046562366e-07,95609337053.44688
8794065.088353598,8.358813383665697e-07,99104472912.32523
8793818.440491419,8.246624172384304e-07,99998471023.94051
8627471.565593835,8.447135331104948e-07,96548137867.67555
9071566.521308038,7.886547020418996e-07,106273346923.0524
8994994.895927487,7.77329108433792e-07,106397388223.8615
8872747.544872666,7.895988289006333e-07,103861309611.4583
8261737.053575554,8.438537354364018e-07,92518074111.16211
8322904.055475116,8.222019739166145e-07,94832211428.8241
8316756.494172174,8.257544327849265e-07,94490187367.10184
8266774.141257099,8.46909370624e-07,92351675742.11818
8336981.023187105,8.379776084386816e-07,93796623222.31845
8327959.752349712,8.252595888380139e-07,94655291697.91614
8235775.153535899,8.476742012799713e-07,91950022010.01445
8239992.247385522,8.502198512720582e-07,91813380031.96397
8294939.355204578,8.321237711815007e-07,93760791053.22105
8492721.531130355,7.979062617470756e-07,98721626490.70256
8378948.534567513,8.231955319887658e-07,95393954631.82124
8374071.805437117,8.167502774800653e-07,95839341278.3479
8737659.891525144,8.767149006617747e-07,95387077756.76619
8426006.20658485,8.860158809301683e-07,91339950209.16064
8243349.236340129,8.770805319885227e-07,89965787378.95848
8113477.028930977,8.931821202746438e-07,87480984870.94865
8060540.873793533,9.024352332113098e-07,86315108871.39104
8218818.716934218,8.995161310136206e-07,88200307108.3017
8988249.507448232,8.09470739081599e-07,103484272290.1457
9250807.541103844,8.062272592426938e-07,106792641074.5417
9146020.548341028,7.984091279537969e-07,106271100294.1243
9391058.080641765,8.114142910885253e-07,107949199180.3881
9113232.559829971,8.294287970520527e-07,103233276939.7513
9723877.356577456,8.043975341267616e-07,112423987652.5489
7832939.2231227,8.099706622185118e-07,90145744742.9973
7462153.250373935,7.887332215949635e-07,87413278294.43185
7557056.388816546,7.903635309650547e-07,88403216659.12096
7339271.685501066,7.499318700925612e-07,88914329500.09798
7333415.273128975,7.44737512985822e-07,89256007923.41914
7437193.332706847,7.588730838940989e-07,89391516512.56525
7329249.301044989,7.317628136334971e-07,90256662524.03757
7466392.15315008,7.338680151547646e-07,91769596709.51073
7424235.648635318,7.267121573474484e-07,91849500254.03091
8370442.599039252,7.331078616128502e-07,102952406983.7925
7907707.847061958,7.133921002754923e-07,99044816533.33812
8231029.541727338,7.192406919188735e-07,102534809048.0603
7379487.317216958,7.176801653871009e-07,92060266586.07315
7499040.574656339,7.229130834777853e-07,93099706864.35783
7353715.649444161,7.310953389085384e-07,90613065408.02757
7386042.592652898,7.113723634327329e-07,92685930667.97458
7379908.39643678,7.058669049671416e-07,93089870116.49475
7505648.725213177,7.166055101393217e-07,93727738749.83507
7306466.603048922,7.044331333479878e-07,92288492821.44093
7346349.643547518,7.004174565001321e-07,93146588491.09941
7339610.149562872,7.078482483482877e-07,92408705129.98991
7401577.385381929,7.190467874116153e-07,92218810758.74532
7321677.552371603,7.100452523194125e-07,91992674794.17928
7360713.673975981,7.172721214598068e-07,91860884653.45439
7640696.34610013,7.084482902854337e-07,96145176880.23453
7490207.503468595,7.070222031603509e-07,94378226974.42758
7394763.301811798,7.058736597047286e-07,93276654232.20924
7409473.17222487,6.998340203529663e-07,93999157876.21638
7473433.831394136,6.957653665352221e-07,95179844104.41512
7566864.990469799,7.020421353202392e-07,95794490730.10034
7355378.187961432,6.997237631715663e-07,93322692163.45963
7342515.913578257,7.016475711695186e-07,92989135957.30318
7348634.552934133,7.07151334577682e-07,92583104668.31429
7337379.755405841,6.906515186833118e-07,93907803608.36452
7416089.270646525,6.929181590969123e-07,94708070119.5921
7352375.001258073,6.969850541378836e-07,93528795097.08847
8185317.852508633,8.296611442029843e-07,92704691825.9597
8382710.18350362,8.338054037339264e-07,94625455100.0645
8390964.638246251,8.437218808853275e-07,93975003256.00623
8058931.329713111,8.143375336740224e-07,92414720335.79398
8299114.737235988,8.264601257587828e-07,94236069874.48337
8102714.98453973,8.223162145963221e-07,92314798662.42303
7579403.236460104,7.763836679766014e-07,89725816454.05807
7808988.778273671,7.969132467749366e-07,90849129027.90056
7575866.165311309,7.852816586358732e-07,89005188543.13972
8382416.809698925,7.931879894657179e-07,97825445053.27263
8985469.432272576,8.018526210923907e-07,104106473550.1019
8247925.48238771,8.035912571302399e-07,95423335506.20404
7610927.681361615,7.290020374771469e-07,93961895064.70709
7828438.272179552,7.420391956839671e-07,95511844942.96469
7464517.348137144,7.371825956830971e-07,91471334710.87585
9086399.943906173,7.847131269331728e-07,106803275039.5381
9200233.180127246,7.971325122011448e-07,107015122463.3084
8589891.846889978,7.884680730245006e-07,100646409780.295
8130678.105079603,8.967355869876426e-07,87434701334.198
8167970.667536528,8.845253542371517e-07,88642224318.89554
8015594.205888771,8.944345443203036e-07,86344897849.88304
6390962.165001526,1.128258362889376e-06,58969467441.16175
6469783.787649296,1.116236256292622e-06,60124620874.26539
6700167.483844186,1.131963680293066e-06,61687522803.43694
7977442.015877628,7.783010645895982e-07,94282677313.22491
8198543.418993616,7.896330850579807e-07,95966534025.68935
7897026.551080652,7.956984306844046e-07,91966839903.12512
7614475.344788893,7.748342032719435e-07,90261136153.88052
7831420.831442866,7.746075153228988e-07,92850894322.25899
7751746.611266586,7.919947202510997e-07,90556169519.91708
8056734.326663292,7.398363517865733e-07,98492221219.58153
8284800.364114274,7.257716302152411e-07,102584573180.5738
8026432.732957012,7.54348235764026e-07,96859298132.45212
8152980.940014315,7.65904208285245e-07,97394281156.30388
8607115.726610648,7.460751190178454e-07,104633143016.4965
8376485.174272792,7.772065469580659e-07,99091755855.35889
7872581.808028736,7.323952852731636e-07,96891755004.02332
7899613.276890379,7.186998992056265e-07,98455679783.06631
7651799.560853682,7.516902119525403e-07,92555945503.73735
9010045.155949766,6.201492057806208e-07,123897584551.6976
9313887.137974229,6.308819649128664e-07,126619004910.4622
8978428.49319683,6.399230311689449e-07,120906180250.1919
9642751.065536268,7.032015018469529e-07,121940441251.2672
8987184.958802029,7.204450310301479e-07,111829516220.7008
8789174.79920141,7.11678856912347e-07,110261879906.2771
8474300.702899471,7.94364649608378e-07,98800072748.60416
8615335.128191169,7.895756499696027e-07,100850102686.7686
8632954.987302197,8.082657737098096e-07,99492425204.11
8767026.349703236,7.446645503013661e-07,106711655784.9443
8784429.881913215,7.603213671265115e-07,105450534059.984
8534248.747194704,7.758187806102013e-07,101078418454.8868
6675123.738466426,1.006497944270638e-06,66463630322.81002
6676799.233205927,1.013513512986241e-06,66173172339.03121
6571008.316923225,1.013018667692756e-06,65145894434.3614
6672183.834271927,1.001019445150649e-06,66676530661.42659
6673969.883938737,1.00336907703793e-06,66590217647.7578
6569863.496789918,1.00990895969463e-06,65268184037.66578
6790890.133781371,9.920415613052515e-07,68271607100.67805
6731867.553254413,1.008283099624044e-06,66949484538.84093
6730185.162771319,1.001256223894978e-06,67245546437.41272
7581983.071501086,9.525990288269638e-07,78314597611.38841
7380164.565563467,9.619871939800087e-07,75733236815.28914
7277185.32705273,9.640189125297359e-07,74571532068.17746
7267777.119529254,9.933101101715965e-07,73003726565.70979
6864345.718858281,1.006299078982518e-06,68356701538.24188
6923944.969002448,9.900468938854148e-07,69702726084.71109
7862811.205373969,9.344183347719208e-07,82265349472.32484
7992422.81103592,9.228482316996615e-07,84318899125.70941
8064669.787990292,9.123938032612879e-07,85729779165.54462
8305990.43124685,8.625934603872973e-07,91661575753.78513
8356514.099965434,8.437347510757717e-07,93588221100.05005
8480210.083504766,8.378340829683732e-07,95418941759.22331
8329349.895699163,8.389244008280321e-07,93640247991.18338
8305276.157355318,8.462803341453094e-07,92827768769.74704
8344544.862037077,8.301130473279193e-07,94473751341.28798
6729026.558883375,9.981181921271243e-07,67374816427.43863
6727233.156879388,9.957525415877762e-07,67463499330.1537
6789726.316207039,9.88895227848476e-07,68404616872.32856
6821113.764908956,1.044059162719086e-06,66278380325.13616
6623990.61207334,1.042184149472965e-06,64440178159.80912
6716561.95746906,1.026873200902748e-06,65988635068.97993
6492130.659662466,1.036729751337842e-06,63378731677.71503
6548160.991351758,1.018949921514844e-06,64667209606.82482
6508944.011633408,1.020157994261923e-06,64229160316.11998
6447247.308040032,1.066775727021252e-06,61753121124.98408
6544550.98755662,1.054737099979611e-06,63161200200.86726
6479065.499999633,1.053211318576168e-06,62589578276.76183
6362331.91469733,1.095467555438835e-06,59871017949.98032
6369872.002275411,1.083399609636349e-06,60386277127.82519
6274293.911915326,1.095599262995235e-06,59037827973.10582
6314553.319617599,1.112981257765275e-06,58796399765.23855
6348487.831893332,1.102863426949146e-06,59473359067.15356
6260545.998028533,1.102994099918604e-06,58644877649.33833
6604061.548792902,1.106612612234613e-06,61727786199.9313
6666433.806954373,1.093385323756187e-06,62812306968.10793
6487104.810261688,1.099669201410406e-06,60889565290.7381
6665091.364490266,1.079005893830624e-06,63356361640.34856
6591043.394710389,1.061187012130887e-06,63351886758.33525
6493393.412777501,1.07322168658446e-06,61945831879.38992
6916041.501727978,1.036491812106563e-06,67527448483.6473
6799464.104839079,1.025646497944647e-06,66856384129.97286
6701917.677432857,1.043164227792489e-06,65157432836.27972
6508335.491200914,1.042760835040629e-06,63291704395.43418
6573968.360057282,1.044291703539183e-06,63867471721.49337
6564435.557068179,1.024995383381681e-06,64572774876.23792
6513791.117943224,1.041638221491137e-06,63390263357.524
6483566.601619629,1.042400025004051e-06,63065382533.13759
6500368.867484167,1.025839010831603e-06,63907504801.39366
6742581.319556746,1.079560094592816e-06,64071020973.39331
6630445.798188097,1.055356236760977e-06,63965138098.61533
6827664.273511006,1.057224088755814e-06,65790137101.64347
6631873.614254307,1.092878902969469e-06,62505976769.87251
6466459.714997332,1.098830535028523e-06,60726664857.54655
6441410.648170954,1.080291397001938e-06,61181535879.52887
6392165.068069373,1.067185850893055e-06,61209844433.30251
6409268.482676748,1.069882594739916e-06,61270447117.52368
6440992.935951897,1.056325318432339e-06,62099441839.10637
6951603.554873361,9.700548767995964e-07,70939391855.85248
7295789.465651195,9.560267348058488e-07,75178259736.67276
7134887.081283456,9.663085135074721e-07,72997821640.84161
6633856.956318914,1.003976391543338e-06,66163291495.65195
6733212.625276384,9.856489268446464e-07,67984122060.45411
6696894.174468604,9.962895802685452e-07,67135110903.79614
6844093.302312005,9.677913216445144e-07,69951136116.76047
7052120.858741546,9.563115568380384e-07,72652987484.25354
6996885.622448661,9.585189729138692e-07,71973225383.09059
6636625.869342073,1.004428987065667e-06,66171022232.07784
6708025.785452465,9.980942237010622e-07,67165620080.3447
6736002.194169978,9.861056136202086e-07,67991287611.83655
6775075.871490882,9.770994046703009e-07,68805263748.42502
6996113.275647734,9.609608523996539e-07,71843315896.16125
6788919.633883918,9.724368681420196e-07,69166063166.71219
6933855.638403346,9.87357031842954e-07,69929213943.75424
6768269.640528733,9.888809561426098e-07,68189102862.8817
6816338.659544812,1.004962627667758e-06,67938802108.84181
7191253.757094298,9.49302249891387e-07,74450612294.87143
7400550.105106417,9.397430274615199e-07,77136144660.55461
7135475.241932912,9.51504188022351e-07,73759126940.15646
7138996.427432476,9.56449323448534e-07,73540941982.72336
7333197.421000975,9.433083511620684e-07,76241410820.56805
7178657.135241159,9.510100346586337e-07,74231199476.0811
7999684.236359326,9.038827829238054e-07,85571951327.39932
8060275.599502054,8.935666138409464e-07,86882425299.59357
7997959.848051941,8.893560684279213e-07,86482606631.92548
6830804.534143873,9.75088545256971e-07,69466564566.90952
7013431.015165977,9.643957598325055e-07,71850037877.48601
7052741.871439309,9.589534133052611e-07,72525875957.05904
7572286.194540732,9.316106325300078e-07,79384807392.66286
7801681.536506135,9.196372316079536e-07,82498082598.39783
7544552.767265786,9.320679119410468e-07,79068189742.30191
7583021.182479193,9.882729519069709e-07,76428909483.29385
7495143.519682964,9.754617367493729e-07,76203185710.57315
7855901.416986086,9.956558374189713e-07,78787356419.51625
7002782.943865649,1.016372258769551e-06,69273765764.97798
7410204.366381179,1.00339302461984e-06,73934896148.88107
7488373.064864253,1.030343927521537e-06,73406186353.26288
7029402.772222966,9.814504915707032e-07,71176970149.15063
7289146.68131146,9.71911686209428e-07,74289166717.57159
7375811.857484116,9.847128503287675e-07,74519527620.10332
6798650.544483048,9.901844890114453e-07,68435057959.71906
7016996.625797956,9.758122532609036e-07,71324777061.72878
6861473.78196669,9.833128037082118e-07,69388837577.84395
8502323.934753429,8.28562723089855e-07,96380103201.95056
8378466.183086394,8.345048894772137e-07,94524690500.34882
8393705.863825325,8.25644143991221e-07,95372933969.18756
8354320.237121941,8.615695469633477e-07,92267954317.56026
8305443.599174821,8.670708939607311e-07,91339737966.9043
8479657.546149593,8.42283267262149e-07,95076429690.24931
8319871.372946179,1.001535351440908e-06,83113663029.11235
8468863.150014985,9.904962671846453e-07,85229489330.34557
8448503.903194441,1.008791449825409e-06,83993474596.3362
8259351.215793062,9.942082259908361e-07,82913967968.09758
8153172.408041899,9.743266142698356e-07,82957740658.61429
8239384.56427984,9.829550539059295e-07,83343614938.0204
8282823.59211905,9.956641569529377e-07,83068524495.94807
8299666.336290411,9.853077932699669e-07,83819684402.18916
8431484.747933324,9.846264509329673e-07,85190217380.22058
8280710.227305862,9.661557758015057e-07,84729794094.88943
8219215.910819977,9.582791197332988e-07,84560791411.48521
8212503.854231436,9.73121751208684e-07,83630392114.07814
8371119.099539599,9.354357539543749e-07,87520047351.1908
8636205.939335251,9.33036755120586e-07,90446234014.96902
8820570.022951594,9.232673477985956e-07,93027568035.04079
8444996.492099952,9.572414614541565e-07,86946440290.14087
8473520.514390929,9.555666760520161e-07,87342017868.5305
8499049.527144177,9.709914129645828e-07,86674916891.60504
8148709.138219959,9.495824085723141e-07,84346495448.00829
8308704.089034402,9.537599772354382e-07,85751270362.14128
8144876.969936603,9.595653445257143e-07,83721080649.82411
8231875.979184039,9.437113467248773e-07,85560379238.25937
8479999.824081223,9.360777141660962e-07,88617856155.58766
8392681.363752229,9.478847463955416e-07,86975522278.82561
8433378.780764334,9.466786160841979e-07,87471497581.17096
8520908.148299277,9.348760913149396e-07,89121642458.77455
8393691.072247436,9.388970975235099e-07,87540223295.95952
7952886.17092376,9.564568041384209e-07,81924637007.39098
8059894.717859769,9.502560990134512e-07,83387750521.18077
8056083.493041965,9.602400971112383e-07,82769576657.04646
8390546.074506646,9.336075014225074e-07,87837642582.92252
8840511.404822927,9.214367039957549e-07,93361334377.19778
8715269.020656405,9.257180381493858e-07,91754698638.68007
9179747.091095442,9.166427193073706e-07,97281588613.66325
8707529.969545264,9.215886840020266e-07,91946857096.39621
8731723.232898323,9.254053575753962e-07,91948635451.09737
8608111.694685102,9.523689749432658e-07,88927838046.69118
8454962.817855017,9.450194654096024e-07,87797981732.21365
8705406.681589909,9.518042850630179e-07,89968530563.4751
9164529.091949634,9.756170390216357e-07,93165954222.9576
8784390.393086921,9.600173912561824e-07,90266283388.23766
8882673.759862632,9.594440515127767e-07,91312578933.77893
8769857.015678471,9.664940906598833e-07,89713894654.53534
8566963.4890652,9.546721148437727e-07,88360349382.16914
8643469.861356379,9.572387953604008e-07,88990011105.24361
8335944.084140688,1.017297476606883e-06,82411815448.69014
8022609.028865597,1.024524590225786e-06,78940650994.54259
8208174.613538999,1.010041920697601e-06,81536798282.97214
8374179.368841881,9.376514291362588e-07,87414064136.3075
8372765.178374526,9.414814436196016e-07,87162109961.56082
8525171.143081727,9.488297968887837e-07,88289873871.4458
8358660.017639383,9.388478242779535e-07,87177924418.40062
8351798.136247029,9.363457633811862e-07,87261462801.10571
8426709.97763256,9.449610938600803e-07,87508202215.70317
8513787.674158791,9.227876432399696e-07,89823154190.67233
8531177.663804285,9.199099138568062e-07,90194236549.33162
8403484.469411455,9.281278474427526e-07,88319011479.61813
9268338.060665203,9.073867071188397e-07,98887240472.17249
8883787.573133271,9.122677476989386e-07,94445938071.18494
9431490.599393239,9.053033038791382e-07,100782300145.147
8921519.270414829,9.725531016434708e-07,90885918880.32954
8794040.008045509,9.632934112674916e-07,90160444442.7482
9174385.229343366,9.789037921153554e-07,93057267973.09396
8193256.076396085,1.032180110130732e-06,80220655191.42189
7964740.240340677,1.040935912832364e-06,77545325204.05661
8321123.509863563,1.025006610459896e-06,81852294364.37997
9037621.293361146,9.989660292866025e-07,90438564232.78773
8458822.930691171,1.021685694775206e-06,83387008181.42642
8588738.154630022,1.014512879470354e-06,85066321409.049
8760349.494323293,1.027268861419337e-06,86046263615.67313
8244719.542795087,1.050578397084015e-06,79779303944.44594
8336224.078521495,1.034561280537312e-06,81495175560.7854
7731155.937516346,3.047815251071207e-07,170707266375.1286
7605614.230187572,2.994116213488583e-07,169937226038.832
7298874.351233858,2.990385040522047e-07,163219163001.5653
9072478.359702852,3.186917493748983e-07,194451841724.5854
8771068.519329319,3.137830152166051e-07,189947194052.2673
8846885.961222131,3.19660045773971e-07,189233573601.8627
8726225.727332667,3.016651991125698e-07,194003531320.0759
8797029.303256486,2.971048267616778e-07,197573897432.0325
8846518.69756286,2.90672011015576e-07,201606063381.7815
9049601.613003567,3.161982641426699e-07,194979883502.9366
8756697.819028499,3.096013490812059e-07,191339719721.3273
8748575.234913496,3.112680449040636e-07,190479235381.1581
9142852.278810939,3.168080794572614e-07,196736166078.7592
9118205.593927002,3.136811110445e-07,197507595539.0444
8848430.873444051,3.102079766965233e-07,193092003317.473
9482731.760190362,3.237134948853596e-07,201137445145.9882
9651338.892084965,3.164273279425285e-07,207844359414.4743
9346351.986459894,3.163065697227344e-07,201327603719.4402
8760930.774195181,2.843386656107116e-07,202609420658.3251
8643749.490595702,2.772704740686271e-07,203282388654.5439
8455635.997801054,2.899021905288925e-07,193039098631.5679
8640381.075147314,3.013625917131438e-07,192223583350.1412
8760082.919349845,2.903648508169287e-07,199777015868.2042
8454803.047031917,2.959194490088689e-07,190394539546.3699
8940180.798800662,2.9273364004879e-07,202782845537.6423
9303464.139439242,2.84177567531532e-07,215237609320.2868
8990070.668996403,2.862992070641218e-07,206958376488.0395
6891855.52213577,2.854825843286052e-07,158958254358.8403
6542585.215343762,2.779534336716427e-07,153615377446.783
6609860.139413072,2.866395759106491e-07,152043608546.6202
6112590.590351099,2.413221568320538e-07,157698359838.2901
5865332.361095985,2.494586572678677e-07,148010856917.1246
6256003.399064783,2.471456353225039e-07,158852850609.4476
5349734.633784422,2.179717971462533e-07,147706192541.9088
5427155.003529085,2.162914454569195e-07,150618850980.3484
5418223.183689064,2.223186935557969e-07,147640747646.2008
6026210.086361477,2.036694646370341e-07,174084586453.7302
5586414.340104763,2.143551041104292e-07,155971024346.6229
6029730.163152279,2.16939019016622e-07,167008828428.9453
5313969.202051901,2.040219260904603e-07,153332589759.5635
5174150.230455764,2.057900404078643e-07,148441772875.4802
5278317.052168534,2.122123065638561e-07,148359409539.3511
5480745.093418909,2.199240331146528e-07,150426543430.7253
5376424.000747543,2.09568702467006e-07,152385120038.3384
5716021.160860891,2.127228787963437e-07,160404923111.5535
5945271.427913263,2.230918459398594e-07,161627735728.1043
5505130.802953532,2.205224384269075e-07,150822378349.4982
5692048.248357217,2.282777999480233e-07,152391047327.5101
5176123.552142764,2.059547686535678e-07,148419193120.7643
5245306.929471093,2.063688242075538e-07,150201699344.5686
5357228.327015311,2.106979480391689e-07,151298034378.9916
5406390.873502057,2.203154185440825e-07,148210002088.4043
5415312.939380474,2.142884363961223e-07,151225281412.9678
5302783.241716738,2.099601368418707e-07,150111043401.1686
5691572.716794808,2.349680626557049e-07,149471960719.5251
5538592.278214376,2.281667811301603e-07,148330724775.8143
5690331.439981299,2.285362673950477e-07,152230197155.4699
5680002.118097293,2.359810948910313e-07,148740883378.77
5644124.733558291,2.325891881406482e-07,149234850363.1916
5527178.318006996,2.291796100506912e-07,147588604128.9174
6001352.678142115,2.551647745400022e-07,149177045947.2298
5814212.912492166,2.484757816627285e-07,147107524608.0299
5937787.104751094,2.459504953275886e-07,151260716940.8332
6219398.353981072,2.755102156040953e-07,146889212764.2887
6066907.068052365,2.701664766048096e-07,145170944779.279
6150337.510682905,2.746617349239894e-07,145557138687.1362
5706461.609662549,2.53137262715923e-07,142603279579.9432
5733692.993167171,2.502131140404423e-07,144397959615.5285
5827054.134004221,2.566460227400493e-07,144286609121.5757
7581507.807411713,1.988232359436456e-07,222558487546.4261
8259680.424502653,2.000106721129319e-07,241505929546.7114
7636322.151702479,2.081896466025072e-07,217392633149.6721
8479505.611806426,2.169211210058487e-07,234874555851.3433
9672328.431101024,2.032287408676072e-07,279817121037.0922
9064202.26530729,2.165682048464575e-07,251342804718.8005
8421874.424928615,2.130490758380319e-07,236096197100.122
8827027.945397573,2.010809474850467e-07,257178042407.3478
9610770.364493366,1.993518774601948e-07,281629393854.4241
7166630.745912963,2.359376350526402e-07,187693923950.8937
7860812.059257281,2.251045700946725e-07,212427728364.7151
8424136.305095172,2.247499130772868e-07,227890224879.5113
6740387.620859981,2.367870479660231e-07,176108199462.2116
6651826.102316225,2.281511427374075e-07,178152718893.6786
7414093.284058777,2.259544547605518e-07,199853047013.7802
7860802.92912863,1.917783724707325e-07,236374427238.8744
8787808.58076011,1.800014529168869e-07,275653332977.0465
8551089.081337424,1.929626298065941e-07,256078209482.2348
15222259.68479771,1.539237488369984e-07,529999392473.5026
17080381.7946344,1.387097864289539e-07,637420713524.3375
17155281.60724765,1.414308674388647e-07,631977642911.5182
11209510.59710463,1.888333101759062e-07,340565706621.8597
13072976.73443376,1.732893777213115e-07,420590888573.8073
12229731.1342184,1.883697508803064e-07,372171232254.3733
14466147.42836903,1.522836690830293e-07,507283416867.1285
16388151.62463779,1.414228419450292e-07,603740439491.1014
14569166.78134975,1.566369784212481e-07,501385592707.5796
6802224.993684441,2.915948850661704e-07,154690766590.7495
6952439.569923297,2.919616702141746e-07,157974381274.3475
7180127.944352692,3.008343812371395e-07,159924083554.8588
7013937.617697505,2.991410572148613e-07,156811490490.4529
6817407.488244744,2.933919889459064e-07,154402295410.2153
7195726.244505006,3.026276618754501e-07,159637732700.18
7571245.896844173,3.131093692133451e-07,164198798836.8707
7478036.057803989,3.134799298884105e-07,162049512030.8943
7219547.329278385,3.052548278815999e-07,159245905100.0769
7653471.330620142,3.210319896361361e-07,163239874713.6095
7662309.704546578,3.158683781412233e-07,165204650375.2142
7494019.520617417,3.115025886507785e-07,163082382168.2411
8219038.621363732,3.295853631033872e-07,172256549520.5796
8057962.680612369,3.268462402806981e-07,169822901187.9147
7887075.557727093,3.206469601356271e-07,168357027798.2044
6711483.175831612,2.954433063900531e-07,151298887914.1064
6582161.181508846,2.911730318352519e-07,149830793849.8643
6581617.992069887,2.906288653631276e-07,150005381770.874
6276736.285084593,2.71076990952705e-07,149855301405.6269
6198396.172615668,2.649388268562844e-07,150261916919.2936
6462495.395135262,2.722185608832594e-07,153858593321.4354
6247484.221246208,2.774400280600859e-07,146867517747.85
6290842.503891459,2.758742755657896e-07,148445832149.3484
6484016.222293689,2.837007796921291e-07,150177109063.4335
6126461.370542394,2.727016941408168e-07,145685996473.7356
5997903.740044481,2.647418027133985e-07,145473697355.525
6169398.372645488,2.711325931050661e-07,147272501226.227
9325048.419217775,4.167259162889178e-07,167141420460.8903
9025850.252149243,4.305955507090989e-07,158285730621.5975
9029215.959672693,4.306521014886584e-07,158330892551.5107
8754733.523612699,4.203962214607906e-07,156004477153.2633
8662494.004322065,4.270944522730946e-07,152742652034.7643
8672509.594956996,4.366767687456707e-07,150673911825.9002
8697038.031163728,3.887474449714328e-07,163277498234.9371
8691802.187001374,3.885296976901205e-07,163240163237.1223
8627897.074422909,3.979935106292396e-07,159460930873.7545
9103719.318963513,4.189546260231351e-07,162595129600.7385
9204882.104837704,4.249283599292974e-07,162857495762.2366
9068071.535955435,4.324626461052621e-07,158568117371.8633
9063844.893787785,4.007435965811985e-07,166750855470.8151
9041563.297881983,4.099704537015301e-07,163835679999.1749
8898693.204270381,4.117088330577554e-07,160792619684.3322
9172007.145916903,3.979199642504089e-07,169538068795.9849
9331243.490227871,4.003871019062328e-07,171772170340.2242
9149592.915415661,4.071398600888443e-07,166560758454.5658
9015985.902862249,3.759272919602769e-07,173092129057.2187
8875277.748828657,3.753717671731278e-07,170558833233.9191
9244012.774380492,3.896273553708143e-07,173284975723.739
9481859.887627129,4.488588983685697e-07,161741068318.0894
9217743.973523296,4.572550534098469e-07,155305069408.2845
9145500.377864538,4.449117211167205e-07,156924796386.8719
8690190.350503724,4.463309261923351e-07,148796015822.9797
8243379.950580797,4.631075435279165e-07,137715898778.447
8422232.6854624,4.625414396934859e-07,140818637247.6682
8629201.192000156,4.09296385992902e-07,156535191243.3655
8651663.002019243,4.202670995382329e-07,154199393676.788
8743844.990957433,4.135475325772199e-07,157525969298.1557
8433798.424398329,4.680542039760191e-07,139902599209.2494
8382632.553029264,4.76911067617031e-07,137326861739.3667
8606735.001293017,4.600803688729974e-07,144416216481.5747
8809700.191593224,4.434775129298223e-07,151488637682.9345
8539891.927746706,4.59694809853453e-07,143374739265.6959
8713907.336171912,4.517165193826853e-07,148013827285.3282
8139150.351686362,4.714566898336702e-07,134364498661.7458
8266065.447924221,4.797497672685816e-07,134882515804.4557
8316874.866110141,4.708972005453887e-07,137407180463.151
8628143.270105042,4.483825294495716e-07,147282639780.4222
8430661.590300461,4.626977253597904e-07,140927824327.9814
8766214.786241855,4.433552129826697e-07,150768597363.2451
8213935.172373793,4.9233768882663e-07,131737438819.256
8061716.204978161,5.128588451368454e-07,125823647943.3537
8281351.272300169,5.103076207856806e-07,129682041072.9943
8493241.992517002,4.593134905892532e-07,142670449902.504
8355248.305125125,4.701988791053524e-07,138177808765.6241
8558400.965313543,4.530974639963078e-07,145076880482.72
8800819.220714604,3.836839222041519e-07,166676369736.2664
8863572.4550415,3.744284498655608e-07,170619856578.6608
9008300.857385952,3.880378423238363e-07,169327239486.6148
8640284.474876352,4.030299488721266e-07,158356719081.0371
8704235.361898249,3.93574377392208e-07,162073774990.1625
8746839.019274442,4.088929231724463e-07,158773519160.0045
8648957.817547234,4.208060918226133e-07,154019520430.7103
8626499.521741755,4.098413534188572e-07,156347431584.6415
8732969.292711593,4.156986586203307e-07,156786807708.9592
8684656.603672944,4.432860156688115e-07,149381436111.3862
8663497.65289668,4.291661894284991e-07,152268333760.2827
8747579.544021724,4.240510920281045e-07,154980042751.0848
8557924.302887017,4.504231543868695e-07,145642447613.7782
8623330.448762173,4.441842108190292e-07,148126564657.6484
8613343.304389451,4.345998799776468e-07,150122350620.5869
8759475.058897659,4.068133940539712e-07,159544284798.5711
8713936.731909985,3.933245944545055e-07,162323101951.6318
8644728.501941569,4.025601882197006e-07,158561401794.6625
8692992.983982159,3.822856636220513e-07,165035480295.8971
8611786.982761979,3.721670495492584e-07,166443944374.2401
8687758.35775681,3.820770532619203e-07,164996131725.218
7896349.678197301,5.570010938259408e-07,116642192256.2871
7978179.475349615,5.683472977978549e-07,116277209899.1161
7849003.282544329,5.687906789725089e-07,114335087950.7508
8005828.068281667,5.522052232994471e-07,118943099696.4547
8290128.804556215,5.495895883586026e-07,123557452981.3868
8088221.717484811,5.635440173803056e-07,118549889096.6438
7767856.026677561,5.590573310779827e-07,114462599036.8491
7843777.582455791,5.546706313749105e-07,116189929806.0364
7796589.298131999,5.664688308148089e-07,113881709687.4846
8020164.839808623,5.251307742103206e-07,123217288588.1608
8272876.12787939,5.399902455601118e-07,124757284070.9836
7988873.958431946,5.426007319890566e-07,120087734678.0172
8396918.056607105,4.792256316825645e-07,137117606188.7298
8574439.20649026,4.63260077033477e-07,143215209337.7751
8465016.235101385,4.738465822814755e-07,139273757823.0036
8407149.258978076,5.029929879723532e-07,132925245378.6656
8533207.047760764,4.988741604692306e-07,135659936701.3136
8538586.268828642,5.179907646737632e-07,132384749955.4505
8221585.951221441,5.041822337999134e-07,129786815342.8253
8282111.844832146,5.029077631008328e-07,130963075286.9688
8223746.220949962,5.122567742589524e-07,128453091094.327
8668903.661025362,4.993210084380995e-07,137734990677.0486
8995189.994392799,5.020494440864157e-07,142400882414.9003
8632257.534345079,5.21164652852795e-07,133293126078.4874
8450033.193189556,4.821398899495712e-07,137428362567.3641
8511032.497926429,4.899150934463072e-07,136951996905.1336
8385139.213540415,4.940309043182299e-07,134175801790.812
9068685.749536743,4.740648201271141e-07,149160054796.061
9105530.137125973,4.902768322281903e-07,146446047635.2267
8777230.267931249,4.875477478514695e-07,141692236606.1623
8568665.555667371,5.23901954091963e-07,131849912716.5847
8563276.866617903,5.047805213028667e-07,135073948038.7499
8526854.919861633,5.266318755780939e-07,130752734100.586
10256209.9874619,4.449892516671191e-07,175962675466.6578
10106390.5749524,4.679998925616033e-07,167661073501.02
9881811.76911466,4.510227134163211e-07,168023864120.7712
8733199.322463909,5.885049500429156e-07,124357875001.9229
8813480.616090819,5.6677796946777e-07,128688225696.0078
8877728.216312457,5.755801361708653e-07,128301375859.6772
7960527.052785353,6.137554995823949e-07,110224522168.6272
7846132.9543126,5.999833827381316e-07,110296783653.9045
7921569.303445922,6.141621164316468e-07,109636680195.4849
8550791.00770882,5.683900457740696e-07,124616433071.7768
8523557.684136415,5.517154753306148e-07,126709971741.5258
8705674.324416306,5.579900120317095e-07,128445275000.9075
8095502.809336449,5.525146753857401e-07,120230489683.6224
7908091.87869068,5.592453719143787e-07,116502910181.8462
8253440.204978003,5.695687790621424e-07,120116930508.8936
8544700.210656099,5.343807518856915e-07,129756650337.1149
8293790.499778203,5.449464982117381e-07,124313172574.6012
8614539.338656692,5.566354187635983e-07,127306770310.8325
8258458.265937272,5.211772667165432e-07,127519128451.0888
8039129.030232161,5.237092086404174e-07,123732045423.9113
8122927.017321898,5.357288609915721e-07,123144737001.6667
8073523.976389784,5.199279758825402e-07,124863167705.6979
8202955.911038214,5.217801076303104e-07,126564536199.8693
8327068.021318935,5.347841789370043e-07,126388165994.4926
8234490.214770709,4.936143473341878e-07,131839293854.1874
8177243.464537832,5.013948517469487e-07,129564795767.2055
8050152.696972744,5.076157802419426e-07,126506849961.9066
8002506.654767836,5.137660433219877e-07,124752458430.6424
8190475.622247283,4.966795765986272e-07,130594510100.1155
8006634.212654217,5.106904414376663e-07,125317436343.3764
8509261.630973801,4.619803918643321e-07,142388915313.6075
8585560.912980422,4.602929829743566e-07,144016561507.5675
8407924.069170047,4.762599343484215e-07,137866711249.224
8659271.019455209,4.67653830616311e-07,143724785262.3092
8940118.53423685,4.496023957424352e-07,152331902412.2447
9011547.935987961,4.619532191180367e-07,150799788354.203
8579970.36396791,4.660288513093886e-07,142739416897.3444
8690131.429227514,4.554504931335685e-07,146802086072.7084
8859539.220576134,4.47975635903986e-07,151324136829.5063
8262432.863959954,4.970992241815254e-07,131667691155.3342
8387762.615036978,4.839335478094949e-07,136078332132.8618
8323108.649872568,4.958270381612057e-07,132861380322.2968
8261392.567135092,4.949301475207469e-07,132035481579.0047
8318932.604014193,4.871493004432474e-07,134367081337.5107
8386714.457723215,4.817624438298e-07,136469802398.1621
8561612.943657668,4.519459541518923e-07,145377742825.0457
8617043.86796502,4.361370993508316e-07,149833738812.4632
8638146.04985231,4.502673605689269e-07,147041604016.1072
8666423.280592358,5.708780665153e-07,125934384856.1805
8751072.653865563,5.728122920934982e-07,126878023171.7738
8850538.064707404,5.893463894856363e-07,125908753012.8167
8904031.235811176,5.81994260986482e-07,127734302283.2159
8704354.09450602,5.731752793719248e-07,126147384085.893
8888869.236212859,5.916349558722402e-07,126127745685.3774
8208897.009521722,5.316939485199419e-07,125076867317.9366
8034519.150889118,5.171662699252151e-07,124701907175.2728
8409016.897625757,5.295399796379062e-07,128473253431.2196
8727371.949808959,6.007383657712933e-07,122581963331.524
8700900.099848339,5.774901444529745e-07,125468430207.8255
8539193.61063629,5.828607222106548e-07,122379028272.9677
8977503.867563242,5.917055286888634e-07,127375289113.5409
8962279.414396398,6.013459766123324e-07,125796591308.4416
8996748.76543906,6.120201554736332e-07,124807813930.881
8898895.804188164,6.190925394029545e-07,122508364332.5004
8961623.400846146,5.961492652152252e-07,126517328826.0952
8980851.278982751,6.164577702880255e-07,123988655468.6178
8690042.672189677,5.507319636927782e-07,129338668888.3987
8343007.76300393,5.373968474933271e-07,126219339946.5123
8790502.898486333,5.66648435324411e-07,128372281229.7374
8560612.159669382,5.275872982463306e-07,131111846619.381
8431457.244588252,5.162057521080952e-07,131024974043.3378
8561781.95568246,5.228224425434414e-07,131925277257.4304
8698957.38037879,5.546968572530966e-07,128853652276.2257
8627601.8342708,5.372032460491836e-07,130556252419.6303
8628776.198232487,5.32448995347425e-07,131350137080.9241
8518452.40985007,5.544211472606969e-07,126221744047.6538
8329840.41194597,5.410048392994042e-07,125459219407.9946
8531420.269544089,5.388665710623025e-07,128834993919.9311
8777962.764841111,5.713771039872983e-07,127480916946.358
8390419.511733366,5.49135496957221e-07,125121131616.8886
8579712.279284414,5.625461515948057e-07,125902383518.3219
8040288.699027117,5.155743016678117e-07,125048206783.2878
8075046.528222238,5.080637113965193e-07,126823455627.2418
7877409.064609758,5.002255303165835e-07,125008486246.8809
8123122.28256522,5.300692053042951e-07,124022726548.2673
8064453.071556758,5.23049076200538e-07,124226226351.9312
7949662.756128984,5.155568676070049e-07,123641515876.8846
8552376.884876786,5.384763270387287e-07,129213856200.0094
8243248.244261488,5.176180702027175e-07,127867083412.9494
8208129.892853149,5.251404105519774e-07,126103534943.3128
8300265.377788427,4.77032874184208e-07,135954349200.2615
8437806.134437524,4.661520575949768e-07,140349587064.7132
8336896.231681037,4.804447450121042e-07,135907084982.8618
7972424.440066754,5.778919529480607e-07,114910394020.6263
8209203.874427657,5.901436196989622e-07,116679859461.3389
8289478.190123421,5.808220088654373e-07,119078078176.3604
7972443.739982309,5.453799857283552e-07,119433272537.6325
7762062.130120528,5.410781456839659e-07,116897113117.7692
7786471.045524485,5.521259797224888e-07,115695167111.2474
7845822.675223415,5.983501126970569e-07,110493035181.9505
7960214.519973983,6.121348148598363e-07,110414654555.5314
7920322.271780526,6.07662514434979e-07,110399698874.5437
8126065.075328248,5.982228923316945e-07,114455924348.4095
7886827.548870103,5.948823867086633e-07,111501729669.975
7961521.112172568,6.04184049846129e-07,111399492876.3209
8005741.961764693,5.790068060657946e-07,115242448103.7692
8010015.042871317,5.907652195863047e-07,113768854598.7025
7872676.278143412,5.88368137437193e-07,112121688616.6915
8885908.288482597,6.191941726082887e-07,122316182885.6801
9039163.636375641,6.294565396683045e-07,123069682978.524
8993736.745919337,6.231411629185796e-07,123277138295.1799
8788239.69193884,5.812111527023098e-07,126186414569.3876
8814843.971643979,6.044665893529873e-07,123300951684.995
8887915.504615946,5.977443355264137e-07,125253423294.1014
8294686.457468033,6.021890900559634e-07,116317408779.6158
8128435.374337762,6.081590132577191e-07,113238869614.4445
8561751.088910056,6.107412397323665e-07,118939041269.8355
7673820.158225685,3.132321797102224e-07,166379839825.1984
8014164.549631789,3.190721287086983e-07,171632294614.8159
8256673.738251519,3.212002153729811e-07,176044004358.666
6935981.990491785,2.999153711049527e-07,154801610198.7075
7223536.594870806,3.05009087545773e-07,159419468884.4782
7066218.728392411,2.99196881064373e-07,157960694742.606
7013625.69207048,3.031454113026376e-07,155420601457.6123
7382280.739542779,3.120866724454338e-07,160450253817.0111
7302769.009237844,3.082314592324805e-07,160042842290.6769
8496175.069283342,3.430115580543927e-07,173387432881.1461
8470113.289135404,3.41626417679674e-07,173322490624.7177
8229050.564679294,3.337321295912021e-07,171034760728.2184
8450665.837012907,3.49331314105086e-07,170372403595.8873
8532486.50290069,3.456170286105622e-07,173252238748.6133
8427907.083340168,3.390764565002439e-07,173322381722.076
8749651.757963525,3.632119764878813e-07,171876827095.7736
8611334.436987976,3.625538033089512e-07,169364407028.9995
8629035.490130678,3.530934987218913e-07,172730530830.6467
8020612.109679242,3.089294796308934e-07,175509762438.5633
8456082.892544609,3.156740440036232e-07,182393762525.7269
7892732.312438468,3.035839522608723e-07,174732959705.0558
7410109.390931579,3.066658265582292e-07,162947498342.6339
7681636.728552146,3.065860248908278e-07,168947665631.3615
7250761.725125277,3.008672538764168e-07,161485556877.4258
8476406.217412774,3.214548574174083e-07,180633556533.3103
8605076.128741244,3.201289874511013e-07,183881504965.2628
8165735.191140907,3.134011603624532e-07,176981644096.0719
8491423.477513978,3.393444722174984e-07,174536654609.4598
8588499.34113491,3.377595915307095e-07,177083797284.7296
8243398.783323294,3.276001516281116e-07,173464355593.3431
8606319.589552511,3.452429465192818e-07,174877630264.8198
8700876.877995996,3.512742183160982e-07,174769444503.2614
8704048.145423135,3.436938900964744e-07,177394469828.1106
8814863.004335031,3.826904158347503e-07,167231150112.4408
9133540.608287239,3.844726990031592e-07,172741025315.4524
8778697.345809581,3.717693196149754e-07,169790887659.355
8769187.795821682,3.696691046934354e-07,170248750679.6453
8706770.167924734,3.789304638418939e-07,166271341055.3176
8630715.53015277,3.690156737501172e-07,167758136708.2379
8888070.786692582,4.043336006162911e-07,162547745114.8868
9161365.942036327,3.926219069016307e-07,170861367896.3099
8842198.975055387,3.908284334996754e-07,165412953281.9907
9626927.16514213,3.906621005782283e-07,180144150845.8272
9759366.16294688,3.834758358284554e-07,184896891934.5287
9788779.248172648,3.9243613810974e-07,182620364714.8201
9804606.386528026,3.702909099766133e-07,190137653206.737
9963525.165770166,3.660053843773871e-07,194724847528.1305
9829851.102549693,3.741159556565502e-07,189325648116.5757
9574246.800827852,3.479577728414525e-07,193532358882.2722
9855550.495710844,3.577200879220986e-07,195577399944.5274
9526554.079149548,3.550230709183856e-07,190004893550.5245
9588249.072106736,3.559047327685492e-07,190919431108.4294
9605665.901189962,3.644890616048429e-07,188251224933.3579
9874459.798462415,3.611986913866487e-07,194692505406.1659
9730675.795557009,4.00506648215709e-07,179089387045.0526
9528340.050572777,4.157595446694755e-07,171049744263.2044
9569306.786949668,3.987336767641125e-07,176641143073.2242
9622384.238011237,3.746469859816772e-07,185154611426.1746
9787633.907339774,3.884325609783108e-07,183851551009.3694
9758222.544205043,3.794710882439341e-07,186173668500.5351
8910060.908872902,3.615811871448409e-07,175553754504.1481
9327626.306938812,3.759171724728889e-07,179078326961.72
9036259.651597083,3.647394620559962e-07,177010977129.7487
9412863.032465911,4.152762551724577e-07,169107812948.5546
9115629.699706962,4.2921273276997e-07,160203356158.8426
9373910.192520825,4.247948924388912e-07,165882764407.9055
9423156.271676527,3.914783151213583e-07,176085902030.5015
9505497.894124433,4.00567301093377e-07,174927413143.6787
9526342.087999919,3.890787133180886e-07,178745256535.254
9315478.189846219,3.999571744406953e-07,171604824054.3094
9096983.765877515,4.22931524681576e-07,161454708309.1446
9397349.029358823,4.090212639687437e-07,170545958850.0854
8821268.024405876,3.627561515079408e-07,173428776648.0603
8780295.095153622,3.667813076488837e-07,171357972875.9074
9135170.327569608,3.795004263046753e-07,174277693630.7189
8920242.424040023,3.412072342972901e-07,182682874650.8677
9167218.437335445,3.361416407940341e-07,189622282299.6984
8738571.056373769,3.301719285900735e-07,182928058191.4667
8927434.018905533,3.559028507825015e-07,177762031407.9316
8886091.229408313,3.481651508737238e-07,179550754763.5887
8805189.818502448,3.451758955662641e-07,178941778385.4089
9373323.879400924,3.480274388376394e-07,189445648116.7549
9327598.488742597,3.406364674696129e-07,191238685491.2344
9078456.739483701,3.456862972036575e-07,184313544886.2116
8591768.591724202,3.491273831001162e-07,173284597762.3206
8645588.349624274,3.591951159559801e-07,171096426098.1534
8686246.129193395,3.551453170026728e-07,173205390059.3954
8804335.105294134,4.218885692948595e-07,156518156807.7806
8721878.029382942,4.381971970257379e-07,151180906650.4672
8860694.544294199,4.331347789155623e-07,154781503360.7035
9567047.253008842,4.087178197806461e-07,173711619949.6068
9527776.352592703,4.18246424560586e-07,170360953828.0815
9730106.143823568,4.02998610482414e-07,178339910948.8408
8874476.129599703,4.437254830213114e-07,152545644347.6076
8928906.446829272,4.321086961764572e-07,156219868632.2767
9227384.901778026,4.310785496132903e-07,161699134270.8976
8561435.264635373,4.65788101047639e-07,142480134774.2047
8567803.652993575,4.526412311868665e-07,145333845269.6656
8669862.273577685,4.547738456014995e-07,146604919924.0981
8498775.83147708,4.917252914331363e-07,136418941864.1756
8488061.194391228,4.797662609929711e-07,138501783633.1826
8372062.003839876,4.855818024575539e-07,135516081125.4216
8542909.953782365,5.128370096432879e-07,133337688672.4189
8512480.099000115,4.999907323125719e-07,135128868421.4234
8385663.766039349,4.938493980235714e-07,134217071608.5615
8390358.823667396,5.018669133844968e-07,132858136848.8667
8425785.430458328,4.830580186768178e-07,136860313807.0612
8489977.094939981,4.956401606862482e-07,135559156915.7785
8622862.473086981,5.439782411204837e-07,129398857122.712
8694198.458156448,5.614648153306862e-07,127746159343.5208
8609825.275648851,5.595370931762611e-07,126796835996.8563
8255939.700495744,5.03740701768414e-07,130405272323.0712
8375569.419948201,5.135409067913027e-07,130606356290.0483
8489163.521698631,5.175210026059114e-07,131698121251.9584
8097171.918697264,4.761450599090438e-07,132792589055.4117
8147786.61867429,4.896431210741807e-07,131155510369.9497
8223760.571219084,4.844334893004783e-07,133325847160.5972
8091193.286438397,4.74222889893089e-07,133052866081.8093
8199673.044684752,4.767449459344734e-07,134360765793.9755
8141789.326131728,4.877161562717747e-07,131403953617.4179
8369905.88040287,5.216578029789752e-07,129160614451.4746
8233459.431189553,5.362058929422891e-07,124746382814.4372
8483461.698998945,5.256318129014408e-07,130252282342.5471
7866360.749519739,4.929295127034557e-07,126061937728.3223
8063860.426988626,5.007785949071254e-07,127873091225.7493
7995687.248608069,4.863990709932319e-07,129278798495.9807
8519736.378489904,4.895774136589258e-07,137155083129.4346
8455432.096019356,4.769926137541913e-07,138503698340.8592
8509008.532611286,4.776159244752757e-07,139260011552.83
8731169.085746834,3.389491146558873e-07,179604024041.1898
8811730.509720614,3.418932934516718e-07,180219100915.4267
8631173.21185091,3.309081121473361e-07,180411779231.1814
9607493.017596539,3.837111292751561e-07,181945148724.7978
9749784.573170204,3.894826548810219e-07,182811258625.6878
9584856.089704687,3.757053195011199e-07,184085974339.8205
9566982.26824034,3.323936312003668e-07,199376135152.9171
9840886.767774623,3.368667381624433e-07,203264786016.5075
9579453.114520106,3.392621611144122e-07,196932366608.1591
8404174.730792204,4.77925266612887e-07,137484924388.7048
8520395.412948014,4.721089405995657e-07,140528669102.646
8628563.052019402,4.610950610336572e-07,144569994144.4942
8725236.798298799,5.891447855836138e-07,124154518567.517
8786742.476678979,5.636639059443005e-07,128769916581.2825
8887758.498362798,5.795940844669895e-07,127852615171.3777
8838158.461051637,6.155001541717194e-07,122145181676.9585
8738031.731419142,6.02103979953168e-07,122546041034.7113
8900672.001437491,5.92562433794165e-07,126163400734.189
9047837.999814134,6.316534453253572e-07,122901986658.0766
8920335.375895038,6.279691495562629e-07,121643519503.8357
9002389.290354921,6.253348186983041e-07,123106990693.7539
8974058.141623506,6.4333028848522e-07,120420256074.9013
9010523.369345734,6.397188101009927e-07,121364201688.1559
8907277.554174626,6.331760107986397e-07,120798632275.6479
8947178.576944737,6.290206158267209e-07,121873566145.4389
8822571.93003813,6.139840006153359e-07,122130416533.6375
8744135.766824432,6.090883929875614e-07,121692368289.55
8630464.274710128,5.892871259820871e-07,122786190009.6433
8508249.625624182,5.802059751147e-07,122307219170.258
8691635.595452409,5.63826372773176e-07,127351652844.0697
8386915.112202309,8.649311957019976e-07,92387781780.7536
8433438.492814165,8.764261715327418e-07,92086179804.89168
8049181.534544988,8.689756444517228e-07,88392073028.5331
7702566.896136041,7.095957025028824e-07,96819201019.8205
7639735.071675869,7.104642255025434e-07,95951143655.53845
7551466.966246526,7.081698415920982e-07,95047283365.38411
7348336.979192131,6.957746095921391e-07,93585812038.4427
7320502.866159521,6.913629488327047e-07,93627518736.34799
7335480.865422234,6.977003339344944e-07,93250098955.50519
7345166.408455038,7.15408769839606e-07,91825957653.68848
7306171.589433994,7.08183654694343e-07,91958653138.12341
7339314.46757887,7.115949816119013e-07,92080339503.35306
7340908.902595997,6.94056268277741e-07,93645457160.27927
7314269.370932324,6.890016293183236e-07,93761407459.32629
7348174.004580595,6.945746324969979e-07,93691491639.26381
7763517.883576321,6.768746057311811e-07,100705473803.8972
8071228.430348394,6.651707692610947e-07,105921519288.1024
7930922.095551935,6.662083802513059e-07,103972133627.6051
8859465.951624906,6.135360863503542e-07,122700821087.41
8967134.337827533,6.174800219064452e-07,123662608207.2332
8932721.819089994,6.068111271024867e-07,124627758939.2841
8712573.017790429,6.408802465623324e-07,117209237397.3817
8940705.562006962,6.354315097963645e-07,120964878876.9375
8679379.054628395,6.313181898457149e-07,117938731938.223
8366006.33754413,6.361739819030796e-07,113101297433.4543
8568984.103566477,6.410649462461129e-07,115255409234.8478
8536065.068019224,6.315038576710754e-07,115968590402.9415
8353573.916355609,6.579732423426986e-07,110424853408.858
8537585.737522334,6.566378803079868e-07,113010237989.4981
8566771.549752004,6.504590953219894e-07,114113543604.9626
8982092.837474372,6.423780382336717e-07,120647154399.9783
8915282.30574776,6.32227470085961e-07,121028093447.1851
9042748.939724958,6.359146414236193e-07,122283517789.6061
8449008.096392438,6.696254748052284e-07,110386953595.9938
8720315.403803693,6.638804321730689e-07,114587949447.4299
8587419.628537489,6.616464989650711e-07,113095503801.0292
8893693.113709947,6.573829076786109e-07,117634993887.0376
8905459.518992977,6.524350782493739e-07,118385396192.7536
8994023.355083551,6.463641994544828e-07,120310209128.4481
8975002.722074915,6.491743289390139e-07,119709062740.7534
8911042.090135247,6.565638719668572e-07,117962465382.6591
9011469.866907319,6.455628140689345e-07,120643324820.463
8398398.938949089,6.723830895360404e-07,109425526686.7664
8384241.270587282,6.726617640890015e-07,109210888260.5066
8668898.896975398,6.666296208034298e-07,113598919316.582
10006810.45054163,6.629790770831812e-07,131612091766.5872
10177357.36029227,6.373286787324407e-07,137422986768.2146
10361839.16798575,6.499364141720767e-07,138098703202.038
9600586.590750303,6.805761679152621e-07,124083283590.6116
9862271.502252147,6.738079914459061e-07,128317586535.3078
10214749.29450733,6.607422601632228e-07,134649989005.5484
10263052.98346984,6.719420695786396e-07,133779227105.8698
9698708.742626518,6.801022472510411e-07,125409694772.9234
10315953.44635839,6.602825885731398e-07,136047158907.7065
8908912.350438263,7.123054655194495e-07,111698455602.3688
8921933.569253517,7.10091599779326e-07,112094095048.926
9153855.836823653,6.981419262086278e-07,116316570410.0878
8841444.503432883,7.125414593441213e-07,110828077396.0504
9101092.581568431,7.001863481620968e-07,115420895555.7157
9269249.632539444,7.142855297416911e-07,116001430179.2875
7754591.218497522,7.043865825059527e-07,97953101696.86508
7749206.199067243,6.97091343272875e-07,98566822747.84116
8074798.891345621,7.102358826198436e-07,101437057206.8397
8077327.796294817,6.7508052025486e-07,104961651872.4227
8570320.497189781,6.716152292057378e-07,111750645283.8715
8149377.46814834,6.839680865615948e-07,104978543263.1992
8948445.645315735,6.425251134531987e-07,120176863860.2566
9294346.467048895,6.326458124381273e-07,126118394228.1891
8977019.976755831,6.548263678735231e-07,119045984903.6214
8066722.369335214,6.584309132347507e-07,106583579548.8574
8514240.538336955,6.498322416396015e-07,113486728990.158
8049944.82357623,6.656081872275272e-07,105595918807.8801
7616548.358224529,6.717842787631044e-07,99297499672.46202
7843756.222107066,6.639195285882367e-07,103065613367.9008
7827212.290335153,6.711046727320316e-07,102112820256.1096
7732603.287977194,6.503486079582799e-07,103013684237.0255
8199405.574814993,6.344046236994699e-07,111055006655.1518
7941174.323849373,6.522835553341037e-07,105582946233.7108
8683514.77869181,6.260597466271407e-07,118654722237.8624
9219216.536617748,6.254715203839772e-07,126053716810.8993
8874729.861164551,6.353324448645477e-07,120084730080.309
7993081.615767291,6.352840703213567e-07,108160562475.3495
8040976.016238965,6.251028704358817e-07,109986936237.9516
8048106.221413055,6.345740037594951e-07,108986368529.0582
8727838.933421455,6.034712560731827e-07,122218138205.1111
9046064.674502954,6.021163045308474e-07,126864300748.4149
8620679.151894398,6.150068132439386e-07,119203277614.1866
10066623.75403411,6.266239516053218e-07,137471448761.4786
10415441.78900638,6.184791236473939e-07,143480979486.6781
10227762.66486427,6.335491693202132e-07,138652304137.1093
9704659.275988275,6.42848790022874e-07,130288996267.2769
9810006.04713132,6.34410314131985e-07,132868628371.8077
9651252.571928961,6.481648877367388e-07,128862537985.4973
10172773.51256117,5.978106898824257e-07,143349744858.3319
10374314.46954015,5.887704834989175e-07,147682393338.5415
10047612.63023167,6.135201221783614e-07,139158693389.332
10451232.05137449,6.273285578214594e-07,142616831988.174
10170829.14769322,6.449955827568123e-07,136244359648.403
10255822.20392982,6.389953826140836e-07,138241573993.092
8866275.991572941,7.210640978725046e-07,110261864263.9561
9294674.360454747,7.228056306247058e-07,115403725074.8821
9202074.352854179,7.342659155413631e-07,113062042146.357
8508774.884343551,7.208055209735665e-07,105841250929.8293
8671229.568764761,7.205637663481965e-07,107886160547.9359
9003348.344807651,7.337661216896756e-07,110670604644.0585
8309726.794381167,6.952770393595881e-07,105880216412.5991
8858543.67554092,6.954338824187048e-07,112856116045.3099
8602404.045124898,7.077895490065287e-07,108313786861.7899
9457823.272706663,6.555205461586864e-07,125333448411.9999
9181647.994684106,6.792672930157389e-07,118821082064.7794
9055597.915155968,6.667615614558916e-07,118650642467.1929
9502897.907511378,6.886370938889686e-07,121860359545.266
9643072.260419495,6.88868720323543e-07,123630163745.5458
9703058.462023396,7.042234121824138e-07,122584344351.739
9544233.291882778,6.583634561011694e-07,126114174670.2353
9396182.947602853,6.781108691506078e-07,121735616756.1122
9266789.939138975,6.821012630200786e-07,119590518644.3187
9563803.012601204,6.642077447012473e-07,125630377712.8224
9608272.20692425,6.788682599775312e-07,124390809950.7194
9468351.940952843,6.786329682680066e-07,122607703049.5615
9705264.543249639,6.930381392817975e-07,123927956220.454
9751054.697033858,7.053351981575904e-07,123061221428.1287
9765443.572839675,7.084028057791952e-07,122886769222.9761
10019437.66368641,6.502980106283095e-07,133485798584.161
9745582.250462689,6.7177195318352e-07,127055424811.4399
9700796.065605912,6.571269699721449e-07,128343687614.6223
9801275.920220902,6.891025634584676e-07,125630003458.7704
9760000.03602537,7.005067060339162e-07,123739480338.5819
9714188.85905664,6.882199773845174e-07,124620175707.6132
10043696.65914781,6.56331734039782e-07,132987652174.1153
9940515.340114402,6.726668851339102e-07,129481841604.775
10128157.95899829,6.503166537323542e-07,134931665835.9725
10535536.54632626,6.169044065944746e-07,145382257946.9748
10543043.93521547,6.203154628272393e-07,144952022115.9951
10346773.60613652,6.319690684756036e-07,140499376931.2769
10095713.3741553,6.37842979107618e-07,136247275244.292
9925854.811714135,6.634991833965941e-07,130479111257.453
10034283.50720015,6.52004264119079e-07,133450255619.9697
9469861.497501299,6.945820384247767e-07,120742805214.2961
9669675.639010314,7.101838305562935e-07,121478117417.4972
9510299.871847102,7.126853696310461e-07,119196173964.4638
9458550.929903736,7.066501497997649e-07,119221606539.7497
9695619.468642786,7.051194003718385e-07,122386576406.6417
9736759.135967547,6.937057196343567e-07,124250337347.1284
9132087.28896926,7.200689115014747e-07,113672134051.6667
8780325.361721247,7.29987874385465e-07,108301260622.6069
9019743.754767559,7.359646224116788e-07,110651228678.6161
8976949.430480251,7.467828171141031e-07,109060102356.4257
8842931.976940189,7.486957271162366e-07,107248867410.1339
8854931.714640515,7.554167863090244e-07,106756451316.8308
9367768.844104918,7.442205851185751e-07,114069195889.6608
9107716.540479774,7.456638783741711e-07,110759444433.0339
8984810.292850036,7.542959279569977e-07,108429570200.0815
9526326.183829634,7.355269787957725e-07,116912166831.0559
9613979.279785082,7.195326762116481e-07,119729959116.4753
9264066.888711898,7.369662581645252e-07,113545504933.4984
9069523.387879971,8.854689132613259e-07,98356315772.07222
9165410.148596074,8.848851884511373e-07,99439886605.7379
9119860.811232015,8.76431912164016e-07,99580909493.17683
9436602.94783105,8.773032614644536e-07,102971218724.7671
9136597.928643888,8.83575287357901e-07,99225235818.55519
9187120.889678376,8.745349645950473e-07,100460340554.309
9499160.514598642,9.015769817754982e-07,101784898889.4752
9152829.836501228,9.110638865381605e-07,97391898904.15222
9163091.531919373,9.058633577708369e-07,97873900505.79317
8605321.044950571,9.371080838351848e-07,89861560199.17155
8503699.355923321,9.431226080667305e-07,88422432955.50371
8531220.594966611,9.359285422218803e-07,89162597230.98274
8963535.938415103,9.196552265431332e-07,94782756577.35643
8777675.893512886,9.294183348992105e-07,92166278209.28719
8935177.895257575,9.209645267872329e-07,94393321544.97182
8297856.216846936,9.5079752130898e-07,85817108605.23524
8359643.47059987,9.586602579819022e-07,85982738530.29512
8529183.441761196,9.431725933919648e-07,88684285905.21976
8857491.890230598,1.034749960103753e-06,86580578739.72908
8718510.88574619,1.064475776422958e-06,83628015715.95868
8338967.709106601,1.058053928033887e-06,80310763784.48289
8016142.955887494,1.006948319630972e-06,79792241610.00085
7776901.893542724,1.015290690303823e-06,76986223769.24542
8022519.145746887,9.99541843512565e-07,80249704611.37227
7959882.530565498,1.014176543715273e-06,78855311333.85313
7798576.551707429,1.028463740550218e-06,76540157172.63022
7721488.860608724,1.022529205237136e-06,76076507783.97607
8158669.489134798,9.866846546975044e-07,82319064076.71857
8112166.762456873,9.997966746161919e-07,81132665550.85779
8118581.020626078,9.923982160589019e-07,81599872319.35947
8264992.554768329,9.730040619841448e-07,84171686921.00063
8196851.077840891,9.799857022246881e-07,83080777433.04678
8156668.798848289,9.856944516988505e-07,82353985230.33382
8140903.380640554,9.740479277125102e-07,82848703383.02795
8247002.527028212,9.939311678416774e-07,82805386380.06866
8190105.002231399,9.818428674833452e-07,82907689072.27728
8177408.508636073,1.010034306037167e-06,81231588090.4386
7911889.929456189,1.025334875982752e-06,77810179435.36374
8074357.594295744,1.011055598559194e-06,80153892998.17346
8598504.541045649,1.094979604679404e-06,80937957069.5347
8693828.137382401,1.097430233038514e-06,81713366578.89639
9006464.405269623,1.076219497508795e-06,85760459602.86713
7893144.247396829,1.048671436943478e-06,76469880856.12477
8120637.966464269,1.039911409073909e-06,79115076787.5434
8030327.683451796,1.055936217030767e-06,77441687896.11324
9456586.497593218,1.025801005825364e-06,92973458311.88853
8997418.839940755,1.056406938901007e-06,86742201661.49857
9138596.647696018,1.02668964018926e-06,89795255255.68059
7414200.566182175,1.136847783017948e-06,68065877966.69559
7461742.600350511,1.124113521393867e-06,69018706492.17447
7421951.390598918,1.129375903580069e-06,68437230672.27709
7498176.411501407,1.120696329629514e-06,69496620732.73097
7692321.724029034,1.108034008160348e-06,71838189718.67827
7566836.469842906,1.109503933114307e-06,70603860946.05463
7345274.156209502,1.142665511517563e-06,67204021761.79692
7385434.927576246,1.13345312531184e-06,67937104488.62653
7348189.600887364,1.138683299906653e-06,67387351237.63042
7528628.144040645,1.117401747750076e-06,69915953149.74573
7682681.598027486,1.11000827108548e-06,71663061566.36633
7488658.75413904,1.122666969487985e-06,69327160187.62215
7858744.169178104,1.11547873077652e-06,73065487882.06215
7605135.395092163,1.118753833075572e-06,70569535586.64595
7697813.66805678,1.12402551885756e-06,71206003886.12044
8246778.155088206,1.05934893866266e-06,79358165775.49147
8415520.823022718,1.033679035163553e-06,82317188111.54074
8057851.10440069,1.041941482846561e-06,78401376095.13531
7941897.354745632,1.094057580100524e-06,74799291356.80266
8216192.543188909,1.083547485347343e-06,77882277403.74158
8183652.915005548,1.079737145249822e-06,77756226041.98959
7875014.032163428,1.111100660210508e-06,73408959071.30537
7762324.620084574,1.10648959836989e-06,72559382345.92624
7621140.72050385,1.114366129134833e-06,70903560640.01569
8013509.931131255,1.105000044560379e-06,74974673378.06351
8173404.311834102,1.089871344899591e-06,77176692034.80577
7899830.362710515,1.100369057977087e-06,74118311853.7437
9164986.302000012,1.009571298525104e-06,91069682671.31387
9100161.711770484,1.030907175100589e-06,89173552483.07155
9482976.566501927,1.017264771512294e-06,93753755674.30405
7870019.778692842,1.098190734140716e-06,73936230837.91342
7856128.234037532,1.097702388582108e-06,73827612532.4778
8096584.634556946,1.083398097558546e-06,76755554629.10112
8123471.354987622,1.104671316493206e-06,76018553553.35466
8341051.638950687,1.099072229957119e-06,78319514515.56396
8284453.633728229,1.089533589033368e-06,78241431784.12498
9473787.836254088,7.950766217160633e-07,110386932584.4266
9474346.474612476,7.991389035342334e-07,110019013661.9475
9557591.980049204,7.881450278185055e-07,112015397978.8483
9468182.45152501,8.241497346652008e-07,107711614613.8714
9410705.119751988,8.32600010499182e-07,106332140680.3616
9421346.688347684,8.210816937110825e-07,107445625626.5049
9425930.503381971,8.611993640374171e-07,104133012666.5659
9231131.093125252,8.671580513431439e-07,101513252923.3562
9367728.804966694,8.627937378768755e-07,103362495624.7692
9716612.43906524,8.516868861689827e-07,108142126961.4998
9598526.147301553,8.548291486895282e-07,106565919640.4276
9745067.540506653,8.464161653696039e-07,108908611372.2511
9722467.993451813,8.560724830937686e-07,107837422022.8986
9768534.606871281,8.639563908037597e-07,107688221633.1125
9604346.016929358,8.592151210258288e-07,106267351574.1672
9223180.387279319,8.424521077029985e-07,103399210297.6625
8848152.248138564,8.479220130124435e-07,98767784802.56572
8754019.120538829,8.585333279683215e-07,96910176574.38263
9691009.248907603,8.514276481043689e-07,107879065454.2249
9572722.535005402,8.428615116441405e-07,107283102082.9162
9643065.372316631,8.570835957924624e-07,106872587017.7053
9534895.498389067,8.233287094806587e-07,108542652706.5246
9316141.250585593,8.218068884208857e-07,106183298730.9546
9476102.348259849,8.301868576473428e-07,107278454135.1527
9848100.211315531,8.886954665277219e-07,106541093368.8133
9757840.660725797,8.971129986735076e-07,104903253034.6456
9923759.156607086,8.900233148594051e-07,107252796976.0627
9206426.046385504,8.81601180702972e-07,100132784555.2736
9097666.615887148,8.767146374947583e-07,99317210480.70729
9296852.860092478,8.68787615953669e-07,102108103451.1476
8527200.483611668,8.232197901177945e-07,97079889273.29543
8283714.881933671,8.110987236965991e-07,95245104749.67706
9022823.054855581,8.093594044257004e-07,103891853785.1399
8566318.739373008,8.689015015814273e-07,94076365618.95555
8564215.975149902,8.764074695144847e-07,93515492204.06615
8517332.765831841,8.64913322044296e-07,93825716764.6308
7425778.332207538,7.387393002059375e-07,90868741190.59933
7289010.717569773,7.366328364600314e-07,89365084970.68022
7262904.836815692,7.461947251528311e-07,88282692621.52995
7944055.197647633,8.14396644004769e-07,91092985551.8712
7666204.975720649,7.947844675820467e-07,89347179292.52408
7900702.91086392,8.064169931213929e-07,91192534083.77914
8319500.102388463,8.478063625480218e-07,92875133369.95264
8043669.51976799,8.300468307347049e-07,91072198749.73521
8103678.991495783,8.297222645003049e-07,91775564923.07825
7340162.259885661,7.6003979112786e-07,88134938773.14462
7434585.889452795,7.778784962256882e-07,87898663656.89906
7340457.337127439,7.762562037390529e-07,86906660688.94852
7450735.185409904,7.446225846086104e-07,90693255545.34755
7814323.990105761,7.494804017510788e-07,94707540770.93407
7555337.16678452,7.587649628495542e-07,90820175702.56467
9789588.749794343,6.76951200947437e-07,126977334429.7257
10064057.48935408,6.554599424960641e-07,133375380655.1615
9877012.382526958,6.778291357196288e-07,128000630787.5896
9400676.709021173,7.088214658414521e-07,118250016501.9534
9231326.282204758,6.947296953794231e-07,117684751052.465
9360472.321367793,6.907194703490794e-07,119792592699.9495
9735119.910853973,6.321658301530779e-07,132166267966.4889
9650376.500795528,6.212222307367753e-07,132549959112.6193
9964500.460981611,6.080010313627614e-07,138841507651.2214
9471228.772379467,6.719729865833622e-07,123453986108.1193
9619866.862020032,6.522426405865969e-07,127907576344.4659
9566694.307328917,6.575550365308935e-07,126514554659.2325
9119152.36972489,6.551818756001733e-07,120887080434.1727
9438959.365811916,6.330114913953013e-07,128031368354.0806
9522771.4108076,6.439713742594467e-07,127698457413.2507
8352972.223831268,6.8698402944978e-07,107286055095.0159
8779075.202757411,6.74632364184593e-07,114131096068.2574
8903192.524758505,6.871467520339626e-07,114335062299.1194
8608665.223740187,6.414830955943703e-07,115738808820.3581
8158638.960684008,6.500648262538934e-07,108720957801.3009
8420353.995954912,6.321933998411264e-07,114313374415.722
10449218.33817464,5.912958159902991e-07,148324855290.5312
10471086.28641767,6.079167753810231e-07,145913559881.3716
10121329.78816469,6.160476287119743e-07,139795990567.4537
10522936.71987674,5.544942308111796e-07,155909389443.5233
10915289.93187844,5.741719500344631e-07,158006139101.6655
10618543.09338856,5.72247490985726e-07,154054954162.6229
9742883.290282357,5.238574866645736e-07,149926613090.864
10049354.6269431,5.368344546343931e-07,152140410739.4221
9436578.005302832,5.341782880225035e-07,143336582737.4104
10711075.66676356,5.324631385659128e-07,163044713571.6299
10935686.80513472,5.492137425943679e-07,163061637706.262
10545335.1941736,5.415612261256291e-07,158718912894.1194
10424027.53121389,6.149092608094568e-07,144154496614.0481
10086649.90091665,6.03414571757481e-07,141254757744.1757
10205756.55357747,6.184241320591094e-07,140600733292.1665
11040494.05976067,5.640688879064407e-07,161721245577.9717
10732776.12617942,5.722364592953074e-07,155714260397.6873
11042920.73390893,5.760843611963711e-07,159499709964.3144
11016170.84341167,5.583020886502792e-07,162474232508.3305
10945778.10696175,5.529956944810043e-07,162467116733.0311
10708794.45878985,5.66459429631599e-07,156420874340.1967
9979446.852906091,6.621718915064426e-07,131358841206.8417
9871315.646752108,6.736858127461428e-07,128450787594.7778
9876596.943606373,6.785241961994337e-07,127907822255.9265
8632380.781872684,8.520990048086589e-07,96044068868.45233
9045962.173123445,8.361177866362688e-07,101924000005.1012
8829230.946668634,8.439122780229454e-07,98868513954.21199
9442671.250969244,8.595887810643731e-07,104448220227.1882
9373064.498729546,8.45367418811988e-07,104837808754.0633
8900056.919098087,8.614498069575147e-07,98304364226.17981
9129106.550588544,8.247369834531726e-07,103804925881.4799
9163152.310423635,8.295791779348883e-07,103786215719.0449
8911114.379625389,8.385864474630392e-07,100207476420.6176
9532462.044171017,8.158510397558647e-07,109177003521.8536
9450290.582201902,8.10205348752473e-07,108738104612.3555
9329728.979749821,8.044073516942859e-07,107866107613.824
8951885.533470031,8.397674550566856e-07,100571553941.8555
9329082.882935697,8.342972829356639e-07,105266875383.163
9170372.817040164,8.259160111352764e-07,104174894297.5158
9736316.844351381,8.454952268116927e-07,108889814606.1406
9764800.762275744,8.402288669610138e-07,109664228528.8961
9676983.366038442,8.300729150217632e-07,109562642691.7604
9816846.20228002,8.789483911160919e-07,106986686402.925
9809813.48060317,8.70305304854479e-07,107616698088.3765
9715526.074680028,8.680760840741858e-07,106764727051.589
9392436.080527535,8.87134276105627e-07,101730694323.8449
9711613.444132015,8.831555891399763e-07,105503428548.4242
9610839.248125188,8.722833605959388e-07,105274435466.8341
8637332.418868391,8.890048121541224e-07,93420795216.67879
8987739.707708623,8.890598142681997e-07,97206767057.76671
8665878.754972858,8.760697206913605e-07,94649900484.39853
8397858.423984637,8.650821728915677e-07,92497566507.53581
8227984.884915226,8.762224056188735e-07,89856724287.88455
8466231.658545332,8.687190657822143e-07,92990213685.83653
8562077.838712169,9.005867349210442e-07,91811159992.10875
8830796.7403566,9.053074028323797e-07,94363166864.43422
8585715.219001262,8.97155727573647e-07,92299197096.04471
8709336.765317498,8.96030904708226e-07,93706508802.45215
8956164.01531014,9.041845254661938e-07,95782019924.77504
9061187.102036292,8.960889590347715e-07,97487967036.72159
9538379.821281623,8.816981950726199e-07,103735636896.0262
9592100.825251458,8.921207281084124e-07,103505790929.7377
9236748.282573184,8.879703848703232e-07,99981608811.04013
9875927.222427396,8.830123582537146e-07,107300075198.4963
9951692.779743806,8.843333149404965e-07,108015555358.7721
9868873.366090162,8.743662249718801e-07,107929126134.3414
9697666.10170988,9.015510065368105e-07,103913911296.8786
9607406.294227108,9.064413326933538e-07,102576141076.7656
9863074.373896338,8.944569612776361e-07,106244390415.4025
9275765.567713503,8.630756070211802e-07,102325498477.7321
9076806.574510017,8.710040387544989e-07,99522123719.32376
9122631.982935924,8.587531907930105e-07,100973616837.1463
9338552.780949732,8.453536500734852e-07,104452929060.2336
9341561.532615636,8.566597918801033e-07,103565209949.577
9187883.538602162,8.523425734787629e-07,102205129771.8146
9181859.304138072,8.71962610002458e-07,100600172460.3822
9227563.01313605,8.804165003936489e-07,100452689905.3563
9318093.318955097,8.675967866216111e-07,102435014275.8029
9638100.642920356,7.952113399925795e-07,112288793076.3132
9631717.673680816,7.831318567670123e-07,113365389218.1935
9880082.933953727,7.918976993518572e-07,115428894402.9449
9438273.617844949,8.178014182889449e-07,107926308782.7007
9589539.557665393,8.038793264721875e-07,110918464387.5309
9830915.254899636,8.005620846163335e-07,114024263027.2326
9257324.545953836,8.121703648693198e-07,106345894996.0747
9273269.164640248,8.022482405737923e-07,107405622583.1118
9441699.0719974,8.030904536840849e-07,109279956146.1217
9486635.204081364,8.172275652477393e-07,108530098205.1654
9284392.663438838,8.057818783355383e-07,107219843504.7828
9268438.480537778,8.157056849717925e-07,106165704395.2018
9407318.443057083,8.025166510034778e-07,108933922990.1437
9398576.958281087,7.954092212108141e-07,109480058530.3637
9249097.052442301,7.864253720460216e-07,108557789707.9151
9428710.583318247,7.397805584003933e-07,115270195389.2508
9522441.132343639,7.283188342580562e-07,117634290094.8951
9772770.366423454,7.431242182297056e-07,119117823855.4749
8839013.045240868,7.478043085301699e-07,107286513653.2307
9195635.99100435,7.468967778784786e-07,111705540462.4783
9290251.159566795,7.592209747679684e-07,111630273825.9211
8303527.552404745,7.122315938308202e-07,104115440599.4505
8173727.088338649,6.994758689620337e-07,103730142702.5844
8464020.243743615,7.119909839241628e-07,106151718811.3434
9150774.749931362,7.714550966669577e-07,108788777576.3864
8828007.344611268,7.539443551352191e-07,106570373985.8708
9278967.944624236,7.653608293136097e-07,110897610029.7477
8139910.38227593,7.079313858755482e-07,102476789782.7352
7812994.130828552,6.947898252533339e-07,99597521596.23828
8011400.171953026,6.951755432479499e-07,102088957462.8392
9332483.867998837,7.95193706394627e-07,108729808995.9501
9495110.710194077,7.839545681582606e-07,111679322187.4752
9501448.260380698,7.960366559910102e-07,110620197624.4398
9121976.086813958,7.028781855226153e-07,115390189403.64
8995186.157042466,7.18459728028083e-07,112135176046.5202
9248067.306712082,7.119083717618225e-07,115993837071.8547
9606923.638347842,6.81822371231311e-07,124013845386.586
9274080.349436367,6.937225660015106e-07,118344198591.5515
9401214.883353084,7.027292729841312e-07,118939273882.1366
8852411.456430161,6.889642646772553e-07,113482909185.463
8896837.913207602,7.126975039527648e-07,111506158262.8188
9022935.245596407,6.971441947389025e-07,114762349384.6602
8522406.493743997,7.909738111948515e-07,99644693423.83957
8403548.859560862,8.098304908434519e-07,96723791735.27209
8497201.782884229,7.954933678005442e-07,98973339168.12086
8621633.137734352,7.574342324218527e-07,103759113584.0836
8611187.111631179,7.738523929186841e-07,102162365343.569
8722887.028108476,7.62239398673561e-07,104536025967.1818
8451741.09854153,8.062808638914043e-07,97563779628.40744
8398337.885768753,8.205772662823083e-07,95817982609.96567
8512242.001177706,7.952960464144318e-07,99164923160.8154
9346666.949344371,7.079223526611221e-07,117670161841.5175
10158949.98591887,6.855886596749915e-07,130659122959.7763
10159791.28268625,7.008250449814585e-07,128769114855.5886
8743217.270218115,7.191448422759642e-07,108924863436.8392
8730327.173756482,7.213527374518884e-07,108542227508.28
8440560.816910516,7.343472164989521e-07,103697989118.0431
10520569.51394149,6.739185126613703e-07,136867707342.3944
10772572.74569537,6.611746327949423e-07,141941257036.5859
10521425.65293608,6.891107567629106e-07,134859611612.8963
10820990.56887695,6.174692625268315e-07,149230223559.3385
10861535.60577764,6.403818224058905e-07,146194791331.8612
10662270.03745095,6.414355771372989e-07,143355485065.3391
10088328.35991842,5.916346476977207e-07,143147403996.3967
10091327.2509428,5.791437139509881e-07,145241500013.9032
10548902.90964959,5.952659941471222e-07,149073316325.2368
11703091.66052832,5.841790189390535e-07,167469851990.0895
11614886.25210583,6.112110726996963e-07,161270210236.6483
11316523.04515721,6.066756715389637e-07,157909633588.8435
11012143.81388732,6.001199706821723e-07,154779398603.5787
11052635.88115199,6.138976371012754e-07,153015428089.2834
10978072.05919243,6.313894082480442e-07,149163036496.4978
9447865.354728078,8.080123309495155e-07,108906809765.0991
9297725.41921681,8.219368632849991e-07,105962227014.1168
9263430.335116936,8.170929968264596e-07,105988199439.6665
9544408.767815454,7.848585126368686e-07,112172943355.409
9499529.762115931,8.002737389866688e-07,110207139612.2459
9834248.952035116,7.932556627026959e-07,114762256121.0681
8408446.708511444,7.490382041291586e-07,101948255011.6569
8512424.10984594,7.574580024292811e-07,102442668078.1748
8799168.548687575,7.564553328984289e-07,105987043430.5004
8482065.944399159,7.609761955508132e-07,101762459953.8732
8407850.649767118,7.565312072470283e-07,101266800846.9521
8645986.788073864,7.665508369040386e-07,103225562818.643
9094280.646227093,8.328378702480237e-07,102737274996.377
9314221.330975944,8.250411905523373e-07,105883787092.2704
9704300.462563109,8.078013256089179e-07,111882250504.324
7864526.39873009,9.470303434663132e-07,81551129100.57492
7806125.439528601,9.419948489573464e-07,81233750957.88252
7699535.761282916,9.55425319660715e-07,79371887760.125
8104840.49715173,8.805478462955193e-07,88221783428.31998
8168231.724415679,8.651056527592734e-07,89966732967.18388
8067664.279229976,8.736667593097041e-07,88277618675.35257
8364480.205619507,8.949793224035114e-07,90066569911.40439
8468340.499780837,8.818114231774808e-07,92090429484.7961
8350825.884809501,8.95751956549688e-07,89867829307.70729
8495810.296251047,8.548986646638959e-07,94318100826.79961
8418776.062018275,8.473483835748448e-07,94017266601.91342
8508370.944343124,8.641216660435108e-07,93784230555.38359
8458995.613608619,8.645812220033651e-07,93206943646.83449
8369661.764694248,8.478080595037725e-07,93434990783.93022
8299317.122168656,8.567393541248361e-07,92004672097.92575
8450358.188957563,8.685733133017195e-07,92826248015.81393
8332227.179930097,8.76413494344692e-07,90981913248.06888
8649220.662295647,8.552670536406976e-07,95993644864.7571
8773874.788558321,8.434805304911935e-07,98282167094.29941
8560470.790491816,8.603422708652058e-07,94634641686.30374
8760617.201766314,8.470338953152599e-07,97859015969.28624
8491095.49734099,8.626686499166039e-07,93698876071.88324
8459095.381228035,8.796424033490385e-07,92141048719.39473
8444412.026120637,8.707007426872671e-07,92609770005.48567
8137729.557107076,9.400712601046414e-07,84800042323.29794
8307785.119141866,9.359681197966546e-07,86824951765.8335
8290982.760205173,9.451512497810659e-07,86087177717.2502
8116749.616840682,9.527947028302338e-07,83826743148.63402
8090256.549295217,9.442790193055068e-07,84054712458.44756
8243064.170615617,9.493566762822509e-07,85336679754.60063
8564037.621429693,9.760661909842523e-07,87034689944.69063
8234122.076079391,9.607406569712466e-07,84569388095.74146
8361343.126072923,9.573043627396269e-07,86081406408.41603
8654734.702737272,9.66371471132936e-07,88543705479.27303
8700678.042557629,9.568253750349195e-07,89604807034.63286
8385657.630937604,9.561351637179737e-07,86402093758.46545
8281083.506637982,9.3343587253176e-07,86702344116.1394
8334694.085050525,9.278818548776394e-07,87611518875.16318
8141089.97202674,9.361126543904165e-07,85074056964.40352
9265418.544081163,9.048046311142514e-07,99044074728.04941
9201331.678866142,8.982800738684667e-07,98834713701.98302
9095497.1822298,9.0638075102813e-07,97114928437.35956
8491138.463986246,9.021648587320915e-07,90944265267.8588
8498674.618198464,9.035191455317212e-07,90934000083.77969
8560428.347804986,9.068271636646123e-07,91371863574.31691
8224221.289302916,8.871989396689492e-07,89073279947.97028
8410777.260996487,8.960614177964264e-07,90492158290.39203
8434205.006775832,8.926307864739483e-07,90976574133.31708
8478836.382274047,8.80033932746896e-07,92328683389.94872
8510873.780756542,8.630663875758739e-07,93888272365.81247
8523445.555125954,8.722872351530647e-07,93363153702.94453
8281101.340500325,8.892437336315405e-07,89551780226.65022
8413514.372999405,8.903442538534967e-07,90908704219.94608
8427133.274188654,8.976360764718632e-07,90562067713.11777
8271757.242208479,8.838312975915063e-07,89815549109.98007
8389460.322694458,8.759902048284597e-07,91636365918.50479
8404095.844908457,8.849361785615652e-07,91176523670.72728
8170765.50016428,8.859947963195516e-07,88574484283.3885
8218710.686151315,8.878139611138594e-07,88972483376.79639
8356717.60056213,8.948533028352119e-07,89991432006.54562
8479661.305077989,8.742428147602967e-07,92744989899.67271
8241224.297749603,8.817453136602902e-07,89625094696.09213
8451423.599132787,8.871756335994916e-07,91535621138.26289
8334498.311671182,8.68191362493326e-07,91580390089.5544
8213199.180096516,8.811523911646805e-07,89360379753.77855
8165270.096457486,8.793299165565665e-07,88961614475.88725
8670532.287904739,8.520699457849132e-07,96470736708.38437
8508529.935711689,8.590444096775904e-07,94155158878.74887
8577351.315018725,8.626806992115817e-07,94649823991.68184
8650583.209794551,8.535592377018815e-07,96136788463.30707
8333564.526708617,8.747094945253534e-07,91114656474.13766
8455746.005729515,8.617475915828345e-07,93375271355.97504
8049742.513963779,9.067956619488866e-07,85922921056.77023
8246158.453837573,8.995974298019201e-07,88488372001.47742
8032352.470431289,9.149139163550689e-07,85229368118.17522
8440494.200214935,8.308338164742037e-07,95504777965.04106
8682917.107177444,8.183325207871753e-07,99245871100.121
8431417.082325704,8.181152015139209e-07,96388287656.88126
8936295.707693908,8.281164513673311e-07,101335883084.0127
9197847.043503018,8.136538825700607e-07,105534157896.8568
8936047.073241143,8.168975075213603e-07,102258731380.8743
8509861.937652893,8.621006611905782e-07,93947204583.24226
8722638.075406974,8.45240778402184e-07,97572528318.43129
8556725.72506235,8.540717694078907e-07,95055671361.08385
8918541.022464382,8.365896503644893e-07,100450512281.8028
9193405.243758803,8.185743312662978e-07,105060062826.9836
8931917.524929643,8.330385826947615e-07,100886864952.3219
9774779.525206571,7.850590855098414e-07,114860862845.3556
9266823.643627519,7.674995447655585e-07,110546623041.181
9485823.591070648,7.766650792430367e-07,112267105233.532
8366433.010035517,8.525512875962254e-07,93052203454.92628
8430955.681253916,8.434349478069548e-07,94444298459.44376
8763937.680408591,8.632976208017613e-07,96662699159.54274
8066689.720580101,9.44710579195793e-07,83784336209.31648
8093144.204537378,9.532268064722816e-07,83557694286.93196
8148116.37043058,9.510834466618941e-07,84251596846.00778
7339421.263709817,9.826140565685081e-07,74257416250.00436
7323370.172400422,9.97816269351988e-07,73340511236.22983
7497747.109320278,9.737037777019243e-07,76321380643.18369
7433572.43718436,9.591213428912603e-07,76433170414.81952
7366924.738232362,9.729400124537989e-07,75028947955.59872
7525545.377304837,9.640331953054969e-07,77115791374.90221
7542628.787385289,9.4345129402697e-07,78410895054.43208
7477501.403938076,9.517495840374418e-07,77281351088.77524
7569744.868263841,9.56662888408983e-07,77966605136.83237
7386029.14566386,9.491362578990033e-07,76476025197.41913
7272366.175259875,9.630257092376479e-07,74573378210.95732
7386726.106367111,9.541556257451135e-07,76214777460.18382
7229810.977384916,9.791288927702522e-07,73321898035.22571
7281190.088964888,9.997219266749739e-07,72825402049.87895
7277593.832630557,9.840781852292713e-07,73558818320.03625
7298441.21559327,9.742601547063493e-07,74264310568.98257
7364779.10918245,9.604379059743038e-07,75656607653.34317
7250589.857318668,9.693057114418417e-07,74028592345.45728
8667976.993833082,9.052287585649388e-07,92628689863.05948
8559727.570579769,9.168745164504762e-07,90695695295.95592
8941990.448815774,8.973091051206913e-07,96118315684.98804
8388052.988248216,9.131188006147949e-07,89120232079.06099
7832156.589686408,9.288409966703558e-07,82272326398.32414
8281571.351520592,9.247511833691846e-07,87249474011.59056
8244960.010761622,9.575826105761251e-07,84866779053.57869
8091579.661462991,9.727343737139286e-07,82420859447.91315
8275273.329308532,9.756921263597618e-07,84121526906.79742
7890793.400992771,9.538577968415227e-07,81432590396.02187
7725526.005041925,9.622448276381188e-07,79263090542.86551
7911065.688293339,9.692982261056817e-07,80772472784.37514
8130542.363429421,9.222418083175215e-07,85813637771.37448
8231401.796013862,9.076010898589011e-07,87809963257.32603
8025404.885766109,9.183945194700644e-07,84940359821.97623
8562413.010505704,9.092577811150941e-07,91230100818.162
8500652.109818643,9.059498055052769e-07,90792397749.26718
8499046.303054621,9.118874366982627e-07,90380770707.03279
8440765.225286137,9.223584165415734e-07,89080369698.14525
8533905.107848166,9.154574172409358e-07,90515379706.03209
8417102.345847743,9.264865335278576e-07,88566578445.46986
8846313.443269892,9.080085869939754e-07,94341407834.92601
8577356.737521654,9.032849702003006e-07,91791743084.58524
8646996.801611137,9.079512953838208e-07,92219676967.97591
8421667.587256376,8.982596522063433e-07,90461440736.32927
8283123.174626479,8.912192460044576e-07,89441227020.09895
8429172.856202422,8.996182817386633e-07,90450876220.2625
7678061.499214773,9.35114154680107e-07,80292534275.5042
7946228.337364028,9.250612937317437e-07,83697798333.80621
8189400.334340307,9.220182488018152e-07,86448824183.84784
7279773.221264563,9.630759362970173e-07,74646737175.16873
7393493.836541137,9.491845179230629e-07,76550720841.36368
7416608.899395497,9.543502601519367e-07,76512697542.16592
7599315.292610482,9.351093667474911e-07,79469325225.61369
7798886.783056367,9.283325930025771e-07,81952753542.3772
7533239.233978668,9.383884215455012e-07,78594713031.69679
7741988.03077776,9.403871436305965e-07,80658109788.28159
7608604.340851957,9.406069838430753e-07,79256131042.57855
7635838.649864493,9.538229004046462e-07,78803392209.47343
7794145.063615268,9.333892894578693e-07,81606848990.05659
7844084.61238044,9.258319220276596e-07,82576062242.15167
7660310.882523598,9.336094296255286e-07,80192959664.96924
8454075.475029897,9.101525681042156e-07,90016748459.07918
8455677.027974002,9.042201051391019e-07,90427171549.27881
8382575.228552467,9.023412864951498e-07,89769796438.37051
7890289.057737208,9.32077584616171e-07,82690992483.16444
8045117.077167167,9.283606514375189e-07,84538502818.31796
7940535.184615326,9.245137374363324e-07,83670852761.61069
8228845.834033919,9.266478950206608e-07,86575650548.11209
8348265.977157132,9.282043686392145e-07,87733853521.45296
8401588.764661495,9.198138181938275e-07,88830369189.41109
7872035.525315522,9.209375532732638e-07,83163659238.31
7905890.82600639,9.13823804194043e-07,83954214305.28235
7687932.72633302,9.287209811008912e-07,80764294371.30249
8353226.168924718,9.135657286047256e-07,88721261362.01158
8107615.696272984,9.166054694660772e-07,85922095168.31136
8322414.463189113,9.012922667278925e-07,89194671508.95132
8106190.392261613,9.270934084670448e-07,85257868546.21501
7620929.487672457,9.453557634523404e-07,79118447944.37059
7597497.942133313,9.401858776469855e-07,79164069028.84441
8810666.841365134,8.837873433764274e-07,95670254149.55711
8528836.26314719,9.053618051106019e-07,91132859551.67485
8497702.066661457,8.930860160049369e-07,91630342026.56526
7227438.36509406,9.832529058924908e-07,73092739201.00436
7268074.406926954,1.000577829168896e-06,72652759508.12337
7278809.060348489,1.003849691213635e-06,72601880071.60619
8247885.531965984,9.298016029194266e-07,86579637794.3958
7781268.002412966,9.427508514239399e-07,80931778579.51416
8271528.731981101,9.244917779672623e-07,87159971706.03995
7202805.169949409,9.771811852184172e-07,73145049252.00305
7084262.992178559,9.838601570837906e-07,71615290782.55238
7132260.483309861,9.992098298474798e-07,71360200919.29958
8096645.969491448,9.360339338239662e-07,84614362676.75768
7674096.912321742,9.493868910454775e-07,79444735881.06105
7634388.932967894,9.489658671825299e-07,79057040659.77032
8102808.301605376,9.330879146704992e-07,84856905082.10201
7658338.47693074,9.371620102182047e-07,79969572340.87698
7680096.320474927,9.464364804785669e-07,79671993798.70869
7377852.460877374,1.001041591142918e-06,73727337664.2475
7558800.131607293,9.955544034127487e-07,75812857044.27444
7552873.02656546,9.769408845334844e-07,76712592572.27095
7377387.718725434,1.058785879312248e-06,71017249490.62376
7387034.479285239,1.077984253695265e-06,70263295410.09842
7387175.120550785,1.060051700732755e-06,71054845005.15036
7146532.533930969,1.142548688714145e-06,65390134550.46685
6996970.75366736,1.148974183314676e-06,63782745839.46597
7197260.101137362,1.155114755022214e-06,65375814142.21545
7449782.577049452,1.080739457299451e-06,70739653177.1516
7405252.669054713,1.065541093307689e-06,70983881884.80984
7405111.855808144,1.083465311402642e-06,70197495138.03363
6912184.30356438,1.13652070677777e-06,63469304742.57885
6926170.50614475,1.144327250651832e-06,63308159109.83061
7074977.688210047,1.137898359054059e-06,64911666715.36472
7099021.476127642,1.12888595546045e-06,65478458001.85481
6955153.942210344,1.132661015750032e-06,64008862807.42487
7118449.605800355,1.134036589114148e-06,65458699110.67699
7318039.961806992,1.124101077611034e-06,67690003095.13881
7189799.509227077,1.126741559072741e-06,66399871344.02784
7209351.37735224,1.131898503623306e-06,66378057040.65237
7307250.317258148,1.097710723289526e-06,68669209343.68433
7184666.652558514,1.101981961286876e-06,67342665041.19946
7182727.049259855,1.115484705696284e-06,66780082267.40585
7007660.552663322,1.107069982802379e-06,65482161468.9034
6746653.111305369,1.114285361172235e-06,62770766346.29784
6862830.600259985,1.124348097101492e-06,63470134637.87955
7336168.105887669,1.066190568763802e-06,70293103270.28229
7222880.037051727,1.08965999519482e-06,68210264024.23769
7345787.887884802,1.085387222642286e-06,69552900763.73578
7227456.978770258,1.065610851802563e-06,69276577758.35442
6915526.26279476,1.083067832522359e-06,65572457969.52483
7115014.701301279,1.089080543315947e-06,67215453872.24601
9556819.439639388,1.01076082253194e-06,94888689215.59412
9237134.42882455,1.011642246943673e-06,91661288726.34996
9391692.192181081,9.962160225617435e-07,94154591201.40048
8897322.767904064,9.779204759239203e-07,90307465253.41135
9073978.137869446,9.913888726439056e-07,91264462812.3745
9228907.363655653,9.79322789506523e-07,93583592461.48882
9252082.26206089,1.057225327230677e-06,89151320385.14478
9025505.267521149,1.064026864688035e-06,86597056154.04443
9485380.127358884,1.033439790322968e-06,92796433968.47992
7476076.803991386,6.759800369848215e-07,97062433157.08646
7392789.778317667,6.825509384342005e-07,95364113954.78433
7571181.599702262,6.734536729748449e-07,98542863770.86977
7779848.809004121,6.608785290984432e-07,102539232417.5907
7553575.247775331,6.687375319751386e-07,98775391851.47958
7573421.380023609,6.589362281610337e-07,100014552845.0049
7612579.639737366,6.93050385106777e-07,97205008584.27611
7617916.984594688,7.003449374574746e-07,96596540575.47313
7524170.198158895,6.940704749654353e-07,95981948884.87299
7498767.518724242,6.801843612335796e-07,96955428017.76605
7582714.706001052,6.880103654651366e-07,97295942352.75986
7494479.361463371,6.890277386072546e-07,96069087144.07306
7873868.259437191,6.790693191696648e-07,101916712130.593
7945006.742934809,6.879612585300054e-07,101949464417.6708
7747429.709130974,6.875731063915134e-07,99451588358.46432
9738758.677605551,6.47661934770967e-07,130098220342.3146
9898227.294048147,6.339167462389164e-07,134133093003.5357
10058018.11245966,6.408472112330381e-07,135314004728.8904
8034881.614968891,6.147901970726965e-07,111129201286.5082
7974449.493920119,6.150189555160055e-07,110266022961.991
8036326.294830027,6.03244824520181e-07,112562870280.5212
8415164.515754536,6.185477180495372e-07,115917001417.881
8218723.420434467,6.162471688208845e-07,113492651111.8621
8521043.23119734,6.070011475537338e-07,118859279667.5464
7970598.831463009,6.322052858794535e-07,108206214214.6351
7958055.837917133,6.222644799414485e-07,109183490577.1839
8018425.926955498,6.2202801242506e-07,110039639644.8376
10657864.5775363,5.837052927843831e-07,152595283390.5447
10955156.5668533,5.856280460395762e-07,156508289118.7585
10679949.65878933,6.003092849229551e-07,150078736651.566
9654144.397660736,5.795741270045923e-07,138880454941.5886
10273608.37541148,5.802984031429899e-07,147668803609.1571
10073052.81775327,5.893255481753094e-07,143303764307.0001
9566895.570036607,5.444091422465286e-07,143489710775.4655
10183822.537715,5.470616477316223e-07,152248600753.3002
10277879.2930174,5.648002725475372e-07,150420460694.929
7699815.933069007,7.767919224336871e-07,91119335253.05527
8063098.785213718,7.869210151951408e-07,94597839602.77272
7931204.430651854,7.973252194985576e-07,92239189200.13977
7372634.1046505,7.576091369579793e-07,88714078362.16783
7470777.326043763,7.665536791374576e-07,89194363446.18515
7467265.695496193,7.754549484128046e-07,88468885578.56554
7971273.187389252,7.575727935633557e-07,95920502864.81543
8073189.353435406,7.769824294012939e-07,95522205277.32013
7709676.638169304,7.668544954123705e-07,92022533241.46429
8314224.944196185,7.411847221275528e-07,101516693636.814
8041551.028701387,7.430416339419539e-07,98023692096.89835
7821078.96764576,7.299994142775015e-07,96468382441.87904
8586791.658820629,7.507545832101398e-07,103951859947.7671
8905158.74917151,7.682642495317942e-07,106161712720.5786
8309647.268705838,7.526062849031584e-07,100431672532.3547
9217738.728581984,8.127118762413382e-07,105844100548.3757
9043433.836926444,8.245177751498823e-07,102848986665.1596
8716716.211663771,8.265749431473181e-07,98968749541.30513
9519023.309579214,7.853595289707078e-07,111827009728.4548
9435946.305944687,7.963552370973663e-07,109828293072.2316
9320659.558731575,7.839350847298576e-07,109629284013.0042
9362888.199721739,8.161370732600282e-07,107209787062.2527
9205757.02483098,8.21908519822283e-07,104916514247.5079
9381611.850621281,8.101009389189375e-07,107957139918.9574
9439856.338848831,8.007537550304009e-07,109471078246.68
9421631.709300326,8.108483841316289e-07,108351023973.5734
9440413.975909753,8.048122565145027e-07,109109186576.3353
9273764.275431195,7.817456278313733e-07,109281272973.7446
9423442.580639694,7.907306607656211e-07,110202268872.5992
9507024.24428723,7.837950854873621e-07,111834614243.111
9466975.954249449,8.09900386672438e-07,108957434746.243
9486846.405739112,8.15950908135648e-07,108645693367.8176
9458206.789318278,8.027877628665484e-07,109498535101.2799
9533552.342931233,8.284218065724179e-07,108082091583.6654
9683529.161915796,8.381701592568497e-07,108929506184.1576
9475876.634448877,8.36872402620689e-07,106703803527.8528
9449202.839494467,8.037860144799001e-07,109303702898.7649
9477828.830916639,8.169434031461516e-07,108454492796.3369
9430969.185622081,8.138810797217992e-07,108188813386.6393
9497279.218582246,8.141549024999367e-07,108925069274.3209
9579654.271682326,8.197994940342013e-07,109364928101.0217
9517181.430112543,8.202050185640979e-07,108615898801.1174
9212139.209254639,7.868585367629497e-07,108084325886.2131
9249998.50866285,7.971563327700542e-07,107591838580.0969
9370045.512173073,8.029563703572083e-07,108462697605.6958
9580347.401303608,7.666464594543103e-07,114371504690.5389
9829325.407186449,7.576681849018678e-07,118269023794.7368
9649810.781692913,7.741638725065086e-07,114453794971.3502
8933919.792484516,7.609024460099772e-07,107190442143.4366
8921866.635259932,7.541742782604511e-07,107681537908.6064
9297170.732494758,7.687199050153745e-07,110791231187.3147
9393404.844219197,8.692800735128153e-07,103129574052.0591
8852228.856653962,8.711385211118901e-07,97049764897.09256
9177500.651799699,8.84128656015482e-07,99627854854.79759
9745949.413609985,8.569105278433498e-07,108027377662.0165
9697869.659371048,8.625679598992587e-07,107023905389.8857
9792071.557149695,8.647951291053331e-07,107877884662.1778
9912800.205176754,8.827806899498863e-07,107719534943.8207
9721407.72647207,8.767998844366274e-07,106119575088.9197
9830143.123183345,8.728128426229334e-07,107633076949.0365
9723947.634847017,8.352213264554301e-07,109641481386.0841
9573656.924527301,8.254689395647365e-07,108795442446.8241
9636314.547879437,8.250674101259608e-07,109543012246.7286
9687248.812680561,8.443977604906152e-07,108434897348.7332
9628065.263191767,8.289737458520482e-07,109105130861.2838
9568985.121076023,8.358347044424001e-07,107841423783.6306
8352130.262957916,8.952758144365939e-07,89913732036.53822
8537670.628877699,8.889628798306762e-07,92345763977.99478
8599993.8682447,9.01351511289772e-07,92165563087.1765
9142597.993606953,8.339206325826592e-07,103193690546.3147
9288619.165344696,8.396690376574871e-07,104362802056.6577
9138354.920357887,8.466565523331331e-07,102108799980.6695
9180280.555100685,8.875243891675897e-07,99403670899.18242
9191981.246291395,8.924703043228731e-07,99162305005.97166
9071676.12745185,8.826322582794369e-07,98590334381.21411
5634366.611339486,1.855973520027762e-07,173166515492.3661
6063277.689835452,1.909262531831973e-07,182864902545.7829
6165886.002202636,1.818980049719474e-07,192062922875.9425
8348347.149900417,2.692288654330309e-07,200225514998.0587
8053859.919633528,2.646495300499075e-07,195384445600.0107
7708609.962715422,2.695292168039298e-07,184744778401.229
9534119.522606274,2.774597418168864e-07,224119996420.7608
9861667.093683282,2.658603737552481e-07,238514396111.4746
9216831.870571619,2.795800748155203e-07,215564638851.3181
9206291.306738764,2.755193337202802e-07,217428595128.3199
9850763.935589608,2.617970539051048e-07,240709598463.0542
9491273.672013683,2.61211519339194e-07,232271689654.6722
9411573.527123705,3.619213723857379e-07,185318774435.1345
9394333.638740631,3.533497685103483e-07,187958847157.6046
9099133.580873339,3.509912559562855e-07,182867211551.0658
9461445.630215339,3.780623475793824e-07,180959705258.632
9438981.519621886,3.700380560970191e-07,183130581838.8743
9167979.840980075,3.66857959653861e-07,178899180898.0058
9792702.003483444,3.737805779835406e-07,188722950668.0276
9926124.08998948,3.656716982399229e-07,194111888289.5641
9656623.084778905,3.689575663695085e-07,187718755531.7939
10494894.45613411,2.404424936995035e-07,271417133626.4073
10451807.27131019,2.500247258388997e-07,263351675854.615
11202809.7487079,2.374206244834672e-07,292178327448.1682
12476750.29812319,1.930185473789107e-07,373567243846.0182
11825040.30075287,1.939104258974018e-07,352967882348.7421
12002892.65863604,2.033999416416468e-07,347044665311.6131
8033890.265458879,2.921408732987123e-07,182472608297.1861
7582683.653144472,2.798061654456755e-07,177249390804.2511
7722929.523789857,2.930503738095851e-07,175046682827.0414
8792221.715858232,2.477423452819505e-07,222894046292.171
8420043.608972687,2.573816612718264e-07,208095461105.583
9118074.567741323,2.547475927688155e-07,226897518919.6571
10088990.6013428,2.399734711861715e-07,261259582446.6183
9933844.684252895,2.361295855971671e-07,260026191778.631
9683663.956989296,2.489694714583965e-07,244685919531.1726
9061161.362033509,2.25316455553485e-07,244711994813.0269
8000063.300104932,2.362270304531947e-07,209350352401.3508
8694370.381208299,2.376161768588371e-07,226631775532.4548
8450404.561750671,2.449342042775345e-07,215862834965.4006
7766112.0848683,2.435664830575304e-07,199124777749.1172
8085611.797967657,2.545995533671136e-07,201283323522.856
7930154.885457887,2.100707356324221e-07,224407808988.7004
7722235.100082356,2.178741762325304e-07,213274621887.9884
8843207.458529076,2.16130884792244e-07,245545469764.7172
6771501.975223389,1.970764994986477e-07,199953241823.6489
7549514.192771353,2.01960532845508e-07,219318197212.2568
7886871.308414624,1.963640282752223e-07,233451570137.2044
6419810.301417634,2.017391662572561e-07,186635984028.6167
6423443.499924646,2.149784991980625e-07,178993759838.4577
7177905.855667238,2.065917894319191e-07,205394614914.4324
6952384.841444925,2.651035816527277e-07,168470322469.4084
6660815.17469042,2.705121685632843e-07,159246359328.6418
7152952.249559728,2.698845205842607e-07,171277379021.0239
6680624.318686394,2.748302484654352e-07,158042550521.5039
7033512.28905655,2.823753516580144e-07,163413423080.986
7173479.623377118,2.742018188012395e-07,169961145012.4263
6119222.190960177,2.668403780327512e-07,147636993084.9843
6328235.027378174,2.696729054047062e-07,151608793206.2415
6306355.992585577,2.638781473358253e-07,153288485044.5891
6353155.032632784,2.787924941064084e-07,148868245014.4141
6475970.783931734,2.849744047033923e-07,149543535515.3191
6409382.45775406,2.762801576732718e-07,151094871592.3517
8011344.395616526,3.038585617259057e-07,177251975127.7189
8578839.529819585,3.159699662029762e-07,184926013882.4695
8504181.986014193,3.100680670318129e-07,185635564959.3531
9389754.004766297,3.247167945596867e-07,198754840289.2104
9254046.904107053,3.173091892156758e-07,198919150927.8066
9278876.377660528,3.204354922604185e-07,198153453695.4243
5454457.171667859,2.107690656248571e-07,154009303175.8217
5889126.632247468,2.000786598581084e-07,172153971621.1178
5490698.312196164,2.025870318974772e-07,159179262242.1976
6741295.627826594,2.422836391493166e-07,173457858627.3388
7245073.778206412,2.378728414862707e-07,188717817525.2487
7174594.470275468,2.286799131544959e-07,191857455070.8141
6254209.085233035,2.575158569529646e-07,154514679375.1236
6291666.536236223,2.511945948924539e-07,158037021663.9847
5899865.622149798,2.535065344838006e-07,147293194468.3922
7227765.995124591,2.632450801867036e-07,175966734447.5193
7432239.058177698,2.680535060596997e-07,178774405406.8754
7771311.94055044,2.631431626965114e-07,189248718987.9514
6476409.577987244,2.58972627117351e-07,159403700103.0623
6786616.627810471,2.593479832359036e-07,166877608277.9407
6514525.633982434,2.526543507449531e-07,163004005510.9747
6471108.238364175,2.630113383058473e-07,157638520422.3314
6493270.977353252,2.688091038905373e-07,155895727078.2389
6781189.785671883,2.633864501176545e-07,165035337831.3477
5994153.759473898,2.635752020617711e-07,145811411359.5193
6179379.786141339,2.60610323262113e-07,151455068331.2143
5827193.496296063,2.566034811502548e-07,144306007136.9847
5873243.410430375,2.599442261226469e-07,144197550556.5343
5918061.018222948,2.634088573492768e-07,144021011150.5481
5752171.385641209,2.564368341700469e-07,142509848884.545
6261055.697133866,2.749515921715054e-07,148073295216.0775
6316874.981386985,2.724381956113098e-07,150310834154.9583
6108051.408428167,2.696095315887131e-07,146356670944.7157
9237762.157147601,2.634231311709928e-07,224800619944.794
8838153.397763368,2.706499738826919e-07,211230296523.3814
8956640.686959596,2.777300768887141e-07,210408465493.2814
9685571.506105596,2.367810444855384e-07,253062210393.9869
9106975.374036988,2.425914951838999e-07,234130026741.1182
9438556.963290203,2.496179118828247e-07,238079373272.0458
11295250.90565474,2.181514142557199e-07,311690711712.7492
10330090.27294427,2.284233490755327e-07,276446091184.7841
10488288.32779795,2.322695374276194e-07,277572506914.7828
9496876.711010942,2.238726793495583e-07,257580749166.2373
9121280.479259856,2.36161416053787e-07,238735231121.1671
9700323.863765756,2.303435690350407e-07,258148044638.0198
8396809.785150902,2.621273372599571e-07,205008926351.1273
8697445.884782573,2.667448273300614e-07,209891280772.3689
9093896.209775127,2.595021331308262e-07,223523250886.7227
7466792.595035551,2.468364979430518e-07,189755557410.0248
7236277.348570361,2.57943808835635e-07,178579580460.3588
7780137.438230579,2.578357702403577e-07,192054796051.3281
8412860.097021887,3.001543458835573e-07,187663830320.2072
8589931.124699412,3.072635581789522e-07,188646598130.0567
8597979.742761884,3.055832440739157e-07,189514914053.3248
7744283.060096344,2.752645387905233e-07,183012620960.0088
8200203.195056545,2.876310317152192e-07,188191839777.4323
8385469.327429208,2.749807128844689e-07,198301448111.07
7930151.915442551,2.995196973665081e-07,177145958355.7369
8420523.133464508,3.057381969530594e-07,185540735257.5354
8245216.008411267,2.986370619568626e-07,184546679280.7112
7245472.138513133,2.865729460064345e-07,166690135093.4112
7525960.136548533,2.916565875102754e-07,171125233433.3952
7387522.513745599,2.78422886931205e-07,173258890597.1969
7190242.237029701,2.908630607353548e-07,163788903426.2632
7165711.524287347,2.955630290697348e-07,161495062147.0061
7469669.32522306,2.95925062843428e-07,168208089229.8958
8078877.832571168,1.805251869833347e-07,252925434760.5699
9523906.006854884,1.779843473344271e-07,300995886459.2607
8697369.44551827,1.737821181346942e-07,279287304268.4481
6411095.842837949,1.906788127442621e-07,193522133517.7086
7034426.590766552,1.846407235721282e-07,216942033270.4839
6516593.99040582,1.816674980173068e-07,203158894182.4678
8533918.755945064,1.898837621130599e-07,258319159465.5577
9480991.38744805,1.820084998718151e-07,295206538182.9363
8039356.535974157,1.845525052204924e-07,248013122161.6238
8432123.716407042,2.068823973905e-07,241057848689.4285
9372855.438176958,2.129755238660122e-07,262816194150.6793
9796439.416220192,2.051614799789535e-07,281624894154.8546
6338963.317894191,2.316417250325877e-07,168063619175.1448
6910103.84213819,2.238456532124255e-07,187435621351.4238
6356245.901623385,2.244292125142627e-07,172113300629.0645
7750669.658605372,2.327289349778099e-07,204851417040.1445
8795616.35251724,2.217756906933916e-07,240062127733.8734
7677766.719349189,2.235417695787298e-07,208447067348.0716
6381677.263977482,2.35989841302994e-07,167111356676.5831
6528194.611133389,2.418210849355105e-07,168188765326.7194
6954697.395390317,2.281923802098926e-07,186241936766.7523
5833779.602507312,2.315413010970381e-07,154714507101.0365
6073185.274814075,2.335808079297079e-07,160124735795.3058
6090101.918992722,2.263587797558206e-07,163968213405.4156
5747231.291833802,2.366649487260643e-07,150211337885.5403
5740237.726608294,2.468399428924042e-07,145876808701.1314
5984872.372401898,2.387017227065808e-07,155531320024.0222
6690526.084574488,2.490634986715541e-07,169013039432.6378
6966230.72592297,2.557677385837649e-07,172888993261.3416
7192437.881615401,2.446426631799679e-07,183874422833.9193
11435154.93665074,2.175153102452969e-07,316166243531.9547
10623117.86880795,2.316323878294126e-07,281656088729.9141
10870505.31546396,2.258724588051781e-07,293094417342.3011
9720751.182542689,2.534436010376739e-07,242723749950.8945
10084521.1732638,2.540306927586122e-07,251418841234.5762
10126845.31162912,2.444500250095011e-07,259028441258.5685
9397024.024621306,2.952739963722389e-07,211920776127.5383
9406096.624777015,2.864225697422176e-07,216473436297.3335
9040795.076295583,2.949771389771257e-07,204023903610.3457
9185771.790050272,3.085405062600666e-07,201175084836.7045
9341724.755782669,3.008029038538627e-07,208084173959.2191
8986555.657126186,3.005070960273659e-07,200304226856.7019
8774964.470103385,3.064868918191002e-07,193035609017.5235
9043625.344888311,3.099611200198157e-07,197456339320.7336
8845965.102016209,3.019272971962846e-07,196551774410.2506
9353274.018121554,3.112581187778733e-07,203649430055.9903
9658372.935064344,3.113807129406057e-07,210237168209.082
9510636.50126639,3.035216780737294e-07,210579669663.1151
10192812.10161135,2.669860279327878e-07,245830064737.9354
10109238.3204825,2.627126939684445e-07,246451271442.7771
9777570.288455997,2.743123895992706e-07,231597569689.888
9938151.866052538,3.438956103850094e-07,202467136530.2354
9670765.490884483,3.507566902245502e-07,194442058349.2643
9958196.106311068,3.560501823310818e-07,198231742971.6101
9413776.349628408,3.243959557389842e-07,199394690067.9186
9798768.256188519,3.331501903797525e-07,203897284897.9484
9525454.674888317,3.286770568356848e-07,200004356351.5563
9299925.306657204,3.232550776245121e-07,197446401727.8003
9071504.922476102,3.241981064894254e-07,192223150620.2074
9682605.467140693,3.320090585937484e-07,201941516843.5216
9676972.737006066,3.448044869761881e-07,196799615251.6759
9939724.794163426,3.424089780227512e-07,203084883312.5026
9959770.619778132,3.545658796674915e-07,198816020207.0667
8587099.480944358,4.762726946952536e-07,140802177696.2064
8937919.947798533,4.705643763093505e-07,147737392556.6271
8648590.638235182,4.840466359072921e-07,140288004307.7221
6696329.046036538,1.76961563621707e-07,212447106920.7324
7221118.71180732,1.79936834823449e-07,226564102549.6369
7138902.813995971,1.71834715374459e-07,230971040663.3932
6841842.06615349,1.661985830179198e-07,226336624011.4166
6240390.364462756,1.617782739402769e-07,210183341707.9502
6229806.878944007,1.669199474883627e-07,205495551256.5958
9030361.185146598,1.929417801490088e-07,270450382657.2752
10051759.27548377,1.968006658931532e-07,297092054416.8602
10003877.04812446,1.850738786415038e-07,308038448734.8743
10512959.57766308,2.059370738072543e-07,301463892804.2893
10073990.14091101,2.137421154038595e-07,281800300985.7848
11246525.57762327,2.099412032779946e-07,318385480336.3796
10539801.08420803,1.845333488753677e-07,325174019250.5588
10588947.63305473,1.962655736705513e-07,313537902373.1837
11152376.44646186,1.907850659688355e-07,336515058400.2928
8597823.539219303,1.974224567804426e-07,253585349591.686
8245426.5560499,2.030006468313972e-07,238715991485.4867
9595123.117120372,2.01269214939353e-07,279382361043.6939
7172153.263534092,2.186554935280907e-07,197610173504.7323
7372580.922085959,2.108236840848171e-07,208132523223.7713
6607673.887438753,2.192030911543189e-07,181754072776.7512
10848182.71649743,2.015101025805903e-07,315616070676.157
11593156.77480255,2.055200339988853e-07,332888608270.6717
11418377.82472147,1.960336155551451e-07,338363916147.0969
9998843.592185905,2.185025669635423e-07,275620857364.7065
10207570.09161492,2.249817144087562e-07,275946076080.7816
11167118.17189833,2.147031642058772e-07,311445563389.0968
7595393.990041385,1.786764664830697e-07,239426418865.9102
8195439.689107573,1.719309436529968e-07,265055138072.2653
7511068.333320185,1.705794360934232e-07,244202776168.3681
7366061.282357956,1.874045691041645e-07,224930601282.8846
6727869.58257273,1.93435147951932e-07,201150278203.4024
7839776.783721049,1.927263833693663e-07,234968466797.1758
4903533.745887755,1.182503786902455e-07,203535799893.1467
5738923.939558825,1.086749220538378e-07,252006017200.9535
5845656.674040313,1.059668974638907e-07,261047672547.7515
3384351.693959655,1.422102403235717e-07,124219060627.1712
4029783.46224187,1.308308323337484e-07,156365753030.8456
3759418.109632795,1.353342671748301e-07,142620551691.3818
3275851.079877974,1.451726508020214e-07,118595336732.0478
3527258.438195761,1.441797058668134e-07,128282630750.1526
3684889.759069382,1.368254382322711e-07,138775649220.2224
19664999.67752346,4.707621520385716e-08,1508318011845.49
20523882.25123122,4.414245229554296e-08,1643192876322.832
17465124.02406001,5.072988268704508e-08,1274468488765.893
13138550.73934487,2.268511075027666e-07,353226702207.3638
13320679.16085381,2.510742341073897e-07,334701971416.1964
14039965.39235661,2.411756031950121e-07,362362951469.1249
12056310.97369421,1.871283962226816e-07,368514553975.7095
12889649.40439256,2.069806980168191e-07,368373069862.0585
12658311.3602994,2.072235882258671e-07,361478924035.5164
15586055.16430819,1.150037809342942e-07,659064819508.1311
17875867.40674275,1.037980634590085e-07,809358546938.0627
16494398.79003811,1.138734080690816e-07,702082710109.6328
20278644.99832335,9.436263203969372e-08,978375499139.7766
21613337.86545177,8.190442258389681e-08,1145997333789.803
21083727.21927701,8.454656025009802e-08,1094502505088.511
17328188.12127354,1.109840179168383e-07,750319428253.0673
18743449.46595136,1.008962443303004e-07,864834193922.3177
18952572.42875056,1.034386107030755e-07,860094913102.7665
18379296.40588066,1.390422109733048e-07,684801082805.1469
19751598.19784023,1.340053572816588e-07,754259522100.8158
18629666.08115439,1.46742045640187e-07,669630702778.6201
28739568.0836987,7.250680188348724e-08,1652828288007.892
30187813.81835225,6.79018192923553e-08,1813749848569.647
28081974.38132739,7.36151809165389e-08,1598757947226.602
11763272.23145405,1.618924089442065e-07,396013955663.1031
11646097.41456421,1.714300098775206e-07,377388954534.0214
11699103.1786378,1.738094252849598e-07,375638723019.0832
12863671.49477473,1.748010910878093e-07,411467478015.136
12063481.22980123,1.627356870683923e-07,404716382846.0848
11998497.39778486,1.746531330638623e-07,384010065295.199
15341591.62888142,1.251783921333783e-07,613080503867.397
14460028.52757229,1.240543335420849e-07,581336854594.4314
13293786.12157333,1.377287610665428e-07,498462234598.9935
16217835.55051965,1.910150873923559e-07,488968757990.5084
15555418.98014357,1.969730514863127e-07,459491171240.9404
16961798.80504945,2.008522482927223e-07,494562036207.4254
12722218.2351341,1.588957896977211e-07,433665208237.0483
13543619.57692351,1.709682924390309e-07,439667499737.8181
14731496.55851259,1.593027718572772e-07,501300318183.4902
12487866.57526181,1.81801125660549e-07,389126258233.66
14084885.94400175,1.913484831874403e-07,424166779580.9738
13370203.77961194,1.819589949648613e-07,416379181323.2518
42742066.59754164,1.887156608475502e-08,6029994118080.812
44958919.25800338,1.854020519639652e-08,6418095454709.607
38037351.23287442,2.422806964152101e-08,4542877832869.246
32045417.60587968,3.414388957644518e-08,3044789500926.88
23709143.78905432,5.119152550560632e-08,1719691281186.623
26711273.80030515,4.141465555139052e-08,2231474336937.656
20802416.70586001,6.639964817297526e-08,1268634758775.282
22791077.02339894,6.629702374184141e-08,1391347122175.63
20051529.25640111,6.841160975707801e-08,1198747258970.354
20184976.8469057,6.117166301467922e-08,1300153803027.027
20668229.18076001,6.101531782650557e-08,1333554236361.215
19366677.91602717,6.444776857090029e-08,1204804386151.105
21743254.42075187,6.434411200177082e-08,1354103954882.82
21601351.83110641,6.601917124451433e-08,1322414345227.823
20909825.67098165,6.553174933626762e-08,1286419371086.499
25345059.23225987,5.225508580432357e-08,1813319229360.874
22767155.78026821,6.016216042567152e-08,1482836144567.643
22360633.29181553,5.837365911429199e-08,1485956699247.69
20987160.53073304,6.238207959912958e-08,1334280437788.828
19908693.92955058,6.939083772616156e-08,1178984284756.605
21413700.97740917,6.439061568774224e-08,1332938203090.984
14579612.80189438,6.943119044722963e-08,863063829477.427
11160546.5928692,7.707953647853687e-08,616206207065.9955
14991950.15617171,6.361420888761005e-08,940781371324.358
13485008.17449342,7.513236294701734e-08,757355613679.4606
10807103.86162402,8.641979501464421e-08,552883764962.8335
10205523.00902923,8.278085769385478e-08,537298116699.2291
18234204.01823831,6.733045337053441e-08,1101739999668.572
16191031.07710701,7.256338297695505e-08,930670951049.5935
19028468.65664139,6.405867527555254e-08,1188552957492.729
18015493.94402293,6.893928550939713e-08,1071523389301.024
18142638.48105022,7.048947231018055e-08,1063206460943.082
15984976.42746361,7.416498754340856e-08,905550583510.4589
9440444.419385746,1.058593690779388e-07,421864426721.1503
10631094.2668654,1.065142345558677e-07,473121701011.5139
7954939.707307419,1.176654505564642e-07,331286890790.9992
9626246.61853851,9.493597214029392e-08,462561819424.8801
9330077.430087013,1.000926985007985e-07,432796409612.3471
8342285.285462159,1.004127923658243e-07,386152639633.9183
11878964.20081905,9.373124169685554e-08,575690407828.8718
11676368.4199165,1.005318921589794e-07,540055697108.9319
10426860.04047371,9.987469130577256e-08,484376699969.7791
36777485.52058612,2.579849092916008e-08,4212298744312.799
35435765.7683697,2.873159064398247e-08,3777478856983.578
37660155.68704803,2.633598379985623e-08,4254505408982.635
23456732.6923779,4.019817670827836e-08,1998925533031.826
22537897.70016941,4.3130605906921e-08,1832552240034.702
29492213.96172836,3.495738721949436e-08,2758553423848.405
18236865.20376723,4.875900628656734e-08,1366407668506.289
21359776.85196815,4.216962330771798e-08,1763045674531.294
23038679.45644143,3.916972964208498e-08,1997517225071.057
12675403.00197501,6.624369679969958e-08,774221811876.4005
17572902.81844193,5.260540905993471e-08,1251670180879.006
15496902.9689081,5.624845674003008e-08,1055612456019.093
4574011.229844707,1.235055673743994e-07,184433384695.6004
5486359.118096448,1.085037375787248e-07,241168787182.2138
5183992.182325182,1.152220427969656e-07,218931015148.2647
5369006.745768191,2.127015211057857e-07,150676972612.6458
5292003.739955857,2.143827473597601e-07,147738466784.3468
5187701.280746853,2.079603569420068e-07,147793247138.6167
4731610.926950506,1.872200476818506e-07,144579746315.5836
4674755.373936369,1.772827831573572e-07,148131646063.2731
4404795.823350978,1.820968903589948e-07,137106305775.487
5893307.951920926,1.947624480721443e-07,175397063856.7704
5470562.39847169,1.894373699746598e-07,165852315423.7508
5494735.737153593,1.972496378060771e-07,162157111905.8397
5686531.439959578,1.721245335535911e-07,183774645525.6131
5046351.8966369,1.738936125974617e-07,161977656724.3014
5339770.20894095,1.802325501993799e-07,167353095379.6822
6900328.291055813,1.693769810492584e-07,225406703735.4034
6285621.591279426,1.701008301269389e-07,204743729507.5679
6465331.851350523,1.745019838573453e-07,207041422114.2253
5818165.846805388,1.625755568300151e-07,195321145761.4231
5160766.087528304,1.69462063690602e-07,168525586715.3148
5807946.825152031,1.677239449881416e-07,190967407504.2625
15190975.41997322,2.052659688070972e-07,436557069484.1225
14659218.41021368,2.132820256261904e-07,410652663812.3784
16683087.35756048,2.201180089880977e-07,457621099237.9493
7853646.116580701,5.962116964789126e-07,110867520196.8569
7990819.508494803,5.986026145871896e-07,112503382902.8984
7929118.488202395,6.103713722781281e-07,110195062871.8158
8031975.106336433,5.129015643058711e-07,125352501401.1946
8158922.866818988,5.066800814261824e-07,128373960402.1438
8161074.888796827,5.147557937865087e-07,127061272608.8332
7761277.292445305,5.345906612734944e-07,117829026119.0713
7892734.45288118,5.237741697587323e-07,121468809025.5472
7861693.397255171,5.412505566846418e-07,118372421477.3282
7750164.24283097,5.529061225973446e-07,115047355453.3255
7725812.345655456,5.418766895987433e-07,116236852797.5965
7825999.501599796,5.485266315793884e-07,116790630759.8475
7897627.593144263,5.220676975038496e-07,121808829353.6861
7901728.017898958,5.189623925428095e-07,122357750912.1636
7770195.668392083,5.29793325260305e-07,118675471819.1755
8051522.384261257,5.07979742284206e-07,126467929674.1006
8203645.53303401,4.874966734462829e-07,132442015906.7811
8240062.796172698,4.908755896434696e-07,132418774441.1211
8675828.550330065,5.421299838781055e-07,130489432545.181
8578065.011518989,5.351292843350915e-07,130141813652.9271
8713344.833665226,5.290287867755288e-07,133208528861.5463
9131573.858509457,5.93962793950215e-07,129232816221.3998
8811834.184858302,5.953111683592044e-07,124519383787.4613
8957009.63499636,5.8237291830676e-07,128438609154.7987
9250984.905384628,5.793143790010812e-07,133120549068.0857
9242310.527521271,5.899588262350764e-07,131391142029.203
9066685.949821506,5.783805925823309e-07,130608897970.524
9298940.170753215,6.180767706112307e-07,128155870730.5972
8760892.557286723,6.186631159874225e-07,120664320375.074
9189682.040126516,6.057606901493572e-07,128361000590.4835
9904462.448464343,6.245835647220747e-07,135551358693.7817
9798608.356878743,6.330000468284049e-07,132911299688.0443
10028731.30659363,6.088498434729205e-07,139606571989.2057
8703601.683452319,6.633922001345766e-07,114424432416.9763
8206733.834789553,6.668487996531495e-07,107519053485.6821
8675466.218864024,6.510721190378795e-07,115488859124.106
8654124.384464882,5.480962959930344e-07,129216672997.5962
8472550.593176946,5.418263683064329e-07,127479615998.6014
8347354.94074838,5.288185707936988e-07,127647138029.5697
8597750.225612273,5.527194333277389e-07,127658087738.8768
8733976.250441656,5.522335576369741e-07,129756805196.6588
8616899.707079317,5.386084662135873e-07,130167407249.4336
9898158.545717504,6.002731470735175e-07,139098291386.5405
9585090.410945477,6.134674195466295e-07,132760397822.6318
9474159.023434108,6.011711868292621e-07,133007224749.2577
8532012.194276245,5.955378096854506e-07,120534649110.9747
8230958.17473086,5.932395144882281e-07,116581690258.936
8457327.176318562,5.842068070428577e-07,121019509912.9687
9449013.47200067,5.828757067998297e-07,135415745440.1844
9863495.033010941,5.926351861813091e-07,139799582641.8502
9440246.721287511,5.9352572799631e-07,133666828947.8042
7956366.307146855,6.40653321218213e-07,107061349912.068
7677334.638201263,6.494174833593921e-07,102375134827.1318
7901656.750965995,6.413659714953599e-07,106246398440.7358
8316834.701402769,6.247871184923959e-07,113798540447.41
8128717.299220936,6.319478140273912e-07,110382749928.836
8121551.466505397,6.224834872665805e-07,111400492431.0529
8223571.399082832,6.308519817483775e-07,111800089951.008
7756071.650949053,6.467812466660876e-07,103705916292.7658
8036517.775575076,6.380229278074543e-07,108436889779.08
8422024.794003079,5.709534020663801e-07,122372191852.2137
8191809.500172099,5.682323666099691e-07,119406838337.8435
8394997.465493904,5.542720838658379e-07,124414757921.0138
8660132.015978668,5.890455232616961e-07,123241962681.865
8584887.11072824,5.777251090656646e-07,123761935653.412
8740077.532800773,5.673118534639257e-07,127536368519.4358
8130373.15976294,5.885521370500209e-07,115767641301.1005
8126068.090528735,5.768028099352655e-07,117272327716.8152
8355364.168060259,5.79525575864827e-07,120203462696.0283
9518913.212990845,4.583690044748501e-07,160119369866.9724
9291497.21493216,4.829762893186276e-07,150939124767.8918
9254278.103341231,4.667715430929979e-07,153794084901.7885
8563511.392655324,5.523322982018766e-07,127209121470.882
8540778.012362596,5.409549239385545e-07,128644152012.6643
8638329.443888685,5.479563281112517e-07,129002798510.3534
8940736.486221431,5.717525633252283e-07,129788002368.6539
8738925.372367825,5.634376259216013e-07,128103442412.2392
9123757.337043753,5.726885573075273e-07,132300470528.1764
8858696.901224475,5.68507829034324e-07,129085920518.7757
8794518.327317879,5.597109193638245e-07,129489992350.6058
8657819.120529559,5.601937557024182e-07,127403981172.5267
21076215.39129304,2.074120701964685e-07,601501356037.7568
19881133.25283684,2.141759460025136e-07,555384822152.3971
21853553.21078734,2.20585382728844e-07,598601186085.1467
18856992.65999196,1.862924493878271e-07,578107934523.951
18653696.69898085,1.942062364425516e-07,556232204257.1517
20218100.93836934,1.965585970182249e-07,598061250641.9167
18885673.06376601,1.644162505035469e-07,629268473310.1559
18614938.14426219,1.743903538756083e-07,596366571194.4158
18747848.35221712,1.668380879055939e-07,618616210174.1532
23661684.00340935,1.332415592774364e-07,907024836407.4324
20099271.2063332,1.541284460282024e-07,699184476111.0865
19957079.13005268,1.565524489113934e-07,687053256242.8323
16417324.93133167,1.613728312671177e-07,553879699625.2163
16592494.23614843,1.76470412551748e-07,527388199568.4199
17993989.40458131,1.637387710244242e-07,601210342185.3491
18716902.08145791,1.998868454867848e-07,547492060374.9796
19111828.37425267,2.090122385626277e-07,542651605575.1717
20283901.1504438,2.022343499536155e-07,588728241853.8009
16876412.47364919,1.865489005672675e-07,516914048540.1036
17824454.51267364,1.917079525120328e-07,536112782229.4413
18023192.77237936,1.837903129708672e-07,557549353169.0579
18445987.17175258,1.67852370014424e-07,606201375033.8671
17026644.26495472,1.805837797582308e-07,532937855314.8202
18178433.80655604,1.778271456506816e-07,574854265296.5385
14117188.89609316,1.83161740413164e-07,437715290772.7411
14851307.80753447,1.925509397224405e-07,445383650975.3987
15498716.83991124,1.86592457220338e-07,474642206796.6124
17953689.79809348,2.053478084151731e-07,515814645757.9508
18533552.61701462,2.097956711124513e-07,524921458453.9095
18144678.38151294,2.006690333146988e-07,529373709478.0759
17035883.20008968,2.372523695250547e-07,444519634028.6136
17333512.45239574,2.341617832779678e-07,456256676085.2252
15945176.49311335,2.514323305767524e-07,400265891451.8079
15490494.22677042,1.644732769340049e-07,516022189730.9433
14271765.6019576,1.761419796182448e-07,454188139439.6936
15660660.47249228,1.795723925364983e-07,492021062718.2924
14610733.56027876,2.20790300494088e-07,399961965607.085
14994028.8141297,2.352380699415512e-07,393471489583.4907
16631361.0613441,2.275692795319084e-07,446188838719.3904
12553045.18984081,1.876059610090614e-07,383046357209.2218
13640977.64804138,2.051746796570374e-07,392129625505.7695
14154101.65094389,1.971332845971341e-07,417871101788.2233
13253414.52281582,2.187304579306415e-07,365080194595.0021
14158695.69139936,2.330667431627283e-07,373854870341.739
13786300.43673665,2.18598383811035e-07,379912083924.4905
11802479.45001794,1.813037522451204e-07,368441655241.6568
12398186.52136795,2.013797719610922e-07,360867360080.7341
11855839.50140846,1.836614859653208e-07,366933121588.9862
13155893.63470902,2.217662291081863e-07,359079059492.2637
13102795.4334541,2.462328338391709e-07,333528782754.1396
12922167.82023811,2.21997725629341e-07,352454473223.2435
14653772.96469616,2.54649369610494e-07,364743634776.8221
14235327.96593865,2.77242473319954e-07,334806823767.2146
15261864.14469931,2.680667359025356e-07,367095419740.83
12221531.03225773,1.903156477084737e-07,369382188404.9866
12772086.01515013,2.080275943340362e-07,363787581928.2734
13295302.18715074,2.079096507146988e-07,378833561516.2596
13073030.00998562,2.753814370749545e-07,308853943002.3837
12555833.02211087,3.014472653047147e-07,279278797524.351
13379916.5795943,2.880925127637629e-07,306736476634.5284
16582553.62962643,2.445143596554227e-07,424080689936.2527
15506698.41992287,2.586957847810611e-07,381938207686.5619
15540995.76839682,2.632079325105037e-07,378395700381.8851
12555809.1185017,5.266805537698442e-07,192521771394.268
12157555.45312373,5.2398413980859e-07,187054214624.3206
12327632.86877612,4.994753045909536e-07,195825996482.2043
12692303.01074829,5.607364845588578e-07,186652819822.7372
12798412.31474018,5.413560986533005e-07,192678862996.1545
13000073.24299487,5.361155527593492e-07,196988192345.5593
12473609.64084319,5.676762015196881e-07,181938673315.8796
12126114.44859809,5.638032006909403e-07,177679219662.2268
12578802.731161,5.482745484056087e-07,187776215708.7269
23698724.68983719,1.105412283188121e-07,1028905412219.644
24489933.58216266,1.062168066820449e-07,1091923250458.925
21967840.24838386,1.202051522482894e-07,901928214908.3203
18711864.44380116,1.29630116376575e-07,730544129708.3817
21837761.46622729,1.176514064438228e-07,909515355487.4991
18790256.00109339,1.323656741842097e-07,723462091711.635
29526355.88824315,9.210776134168617e-08,1447701525729.78
32618058.4391165,8.353276325575715e-08,1706947672540.884
26728877.89881532,1.003912152903848e-07,1237419396619.315
16839260.78864031,1.512027149590653e-07,593312224656.1145
18435595.92720715,1.535696586218991e-07,642865670527.2527
18321281.35660569,1.357972551219949e-07,693471338857.2272
17238836.56629875,1.025459693604493e-07,786856534503.879
15437907.36009671,1.152586881213611e-07,651837461082.5209
16348357.53346363,1.163818049444927e-07,685831457774.6313
16750805.42198934,1.90748784373805e-07,505507776850.28
17506758.40398461,2.005860745744938e-07,510903116858.5731
17695361.14079762,1.959073282861363e-07,524596806579.4139
17760991.19498796,1.527252851327759e-07,621622276136.8464
16297002.9095055,1.579944034687543e-07,557630612512.9844
17516548.37074832,1.450491159975503e-07,634510005976.9493
16960769.13454046,1.731745106103361e-07,545912321554.9437
16396350.34904217,1.716782735103888e-07,530807395140.2051
17668990.91943638,1.611115181602297e-07,596752189129.6538
18259313.23743821,1.772820466104176e-07,578594899865.4146
17473395.60062643,1.76016592108436e-07,556341645467.011
18390950.01559299,1.697365828301994e-07,599911509749.5071
17946876.23033603,1.867979079587022e-07,549213068077.4033
16463079.70478973,1.780960674973193e-07,520085637711.683
17028636.14344507,1.795970037693419e-07,534950758764.4618
14866460.28163342,1.964076345094479e-07,439982427479.1114
14412729.22477257,2.064648080231491e-07,412586996678.4352
14372526.06516216,1.96961014082913e-07,424567021624.6725
17643137.53078665,1.893193723757828e-07,535113345415.7232
15860858.58069608,1.897076986054405e-07,480400431901.0728
16172222.70907646,1.806302245733733e-07,506107491064.47
18495828.45238232,1.960310752904994e-07,548096683174.6507
19560159.55686379,2.074644037026105e-07,558140236019.3632
16669856.17031369,1.964153723373425e-07,493342128206.1152
18263445.70226848,1.817674422502001e-07,569165613136.3031
18407542.15433397,1.877119211282698e-07,561480357017.1282
17477438.15758666,1.805129071229355e-07,547190985020.758
13930478.8930997,2.116405197648901e-07,392253505617.7823
12956309.74346919,2.171175574115618e-07,358661443766.7375
13890954.52905891,2.021332687996154e-07,403311145149.6946
18751676.31609521,2.109492997659476e-07,529161256532.9584
15454430.3464861,2.09962433413149e-07,437480402671.3261
15924147.56713035,1.999040491142419e-07,465773882824.9725
18761429.29745525,2.187528023530319e-07,516769457236.215
15960113.72033932,2.311179814456248e-07,423786213555.9017
15463284.55158121,2.177659460946251e-07,427210354279.0298
20758639.90400051,2.016677498825626e-07,603635250810.8634
20620769.97809688,2.087644772682077e-07,585958883549.9062
19527565.90343727,1.973457873470561e-07,576097784971.238
18973832.56605268,1.856200645916763e-07,583093836588.1141
20339077.76678887,1.95895196514699e-07,602997343554.0109
19120699.26540564,1.915531546901968e-07,575410211763.3026
19519416.79393123,2.205917414309243e-07,534655458151.4532
19606225.71430954,2.330561356047946e-07,517710497043.0266
21474237.51362113,2.269898828456267e-07,577094256182.6141
17668789.5569917,2.137724613865143e-07,494203283224.5593
17774021.05764095,2.247492798947957e-07,480824753635.4415
17472617.33061392,2.278379784485633e-07,468389574357.0313
15276831.38589739,2.963537823536482e-07,343684254251.3183
13836491.83074977,3.193321910530512e-07,296163038508.2711
15978571.88203899,2.892861727302818e-07,365302667535.4149
11128365.74663855,4.235184981289666e-07,197325464997.2563
11362136.18771201,4.43428207252277e-07,195393950320.5378
10717832.19528214,4.283449937007093e-07,188615692693.5992
12927053.41278901,3.853387423278304e-07,244120598593.9232
12266644.10902676,4.091183501263713e-07,222583581297.7965
12103956.26251125,4.012883936691517e-07,222479301869.17
14302290.36331595,3.55289668061727e-07,285113121750.0206
13636330.7339079,3.638192010219858e-07,267571866909.306
13588141.05033268,3.475198529834081e-07,274899299479.3704
14227555.04279707,3.69323127969657e-07,276392298608.1945
13297943.32104858,4.036438786497708e-07,243473797983.724
13563358.41551116,3.778501752628387e-07,259510033011.7144
11816583.11677923,4.218526116539566e-07,210080021253.6576
11981524.40693105,4.498861441431854e-07,204068982134.7597
11755452.91825018,4.474029899339164e-07,200958684150.6543
12121510.89787719,4.696190831682753e-07,200628641310.8569
12219374.66670967,4.807115271145625e-07,199125077115.7747
12050179.99441663,4.872129214729403e-07,194617102403.977
11939476.01978031,4.798783435028528e-07,194789032388.2561
12051514.60975888,4.694117972569402e-07,199528818783.9326
11980390.26078915,4.870021916589947e-07,193545771857.7308
12148549.22564846,4.253073404905333e-07,214810661345.9672
12547954.19289966,4.273206941295481e-07,221175477977.6282
11886538.441147,4.4024944346579e-07,205394836793.7302
12651203.07330545,3.728358668583973e-07,244223079827.1913
13025171.06298736,3.76265677322832e-07,249911955617.8474
12198904.84689704,3.922187928689218e-07,227667957472.5133
11195670.68333272,3.862921969481771e-07,211076309203.1476
12187718.00303278,3.753449269357468e-07,234226141105.5926
11743858.31094578,3.947257088791392e-07,218246452898.8524
12804610.73728025,3.421205861176682e-07,261766204190.1224
13120998.01254586,3.433664043405338e-07,267584941292.9217
12792320.08225522,3.562371249016125e-07,254559826426.0579
11845754.00332804,4.570577038114199e-07,199640517630.8583
12278004.4638252,4.63267842025907e-07,205071992278.8602
12209353.41128573,4.734064270303382e-07,201003320501.0031
12018248.58196347,4.313707998940121e-07,210510624725.9601
11757654.37825404,4.463132033295832e-07,201323373863.1727
12022445.56553711,4.51575837461751e-07,204254839553.618
12605739.64021535,4.343718444831206e-07,219782894303.0857
12376783.37370243,4.535127361899653e-07,209675714211.8673
11942782.07959267,4.47300571986676e-07,204192226853.8064
14771807.21299297,3.671106408640286e-07,288117065258.2218
14607597.79018584,3.893527283099116e-07,273957579765.7497
14738894.99978089,3.643159819221222e-07,288943398114.7862
12894352.99450645,5.058955866261806e-07,203091756051.8051
13051042.51201216,5.224243483706486e-07,201200751204.3914
12848985.10180675,5.276440759937762e-07,196777202089.1165
13974234.64494079,4.275165914542121e-07,246240442015.0114
13439604.58889136,4.66308853128183e-07,223496495419.5598
12943094.90579484,4.559407143973186e-07,218490496758.7758
13500535.76373198,4.437413377612328e-07,232058641110.433
12872396.7657336,4.634099004503054e-07,214955821958.8117
13331683.29565271,4.710487420055383e-07,220212054754.6384
11763462.62902112,4.804433983884245e-07,191766918786.3125
11504472.82155273,4.917438616829797e-07,184660535575.8227
11649617.86671811,4.67488050574978e-07,193403651853.2811
11999377.4716673,4.627236657831656e-07,200575357142.4684
11887582.06097332,4.731887844557824e-07,195765984592.7727
11773136.81504486,4.602359695010347e-07,197502146112.7143
11850040.56801073,4.975818355678828e-07,188716623917.8938
11532844.21848087,5.117162639946782e-07,180267296444.8936
11809349.70529772,4.904466835013594e-07,189888260158.4002
12026274.36598833,5.170872467752934e-07,186676030088.6341
12026405.94443668,4.990830429298896e-07,191141056820.3168
12195434.21256528,4.925748762883799e-07,195531063825.2367
10723541.09945882,5.603280912170516e-07,157776853260.5096
11077146.12137988,5.505991428056437e-07,164893750964.5483
10965798.89685507,5.732540039054305e-07,158906701368.8795
16016076.37524121,2.824402542166307e-07,372053220938.9919
14293697.63505927,2.962849968514754e-07,321616373535.3544
14984980.44299353,2.851356793661638e-07,345903644217.7858
13084615.68556122,3.148237662090828e-07,282736990685.039
12680704.03961094,3.310148534567927e-07,264999494252.6297
12214210.7081828,3.292571950308666e-07,256158374320.5107
14111142.85917887,2.945503680328681e-07,318754121420.9392
13440560.15058782,3.057061513996933e-07,296174672593.1141
12558193.32324559,3.201290101244721e-07,268355485104.3643
15627303.35275431,2.915568258923428e-07,355414575033.7555
13509751.21600148,3.215873718205844e-07,287815841424.6985
13926555.56817665,3.053994829191327e-07,307089418069.1251
20936418.03660459,2.38986883508261e-07,543650348363.8571
18045387.12335249,2.638833094157055e-07,438623189535.9731
18541614.07620323,2.49733658508401e-07,467551532124.2396
14649883.2746391,2.821997360938043e-07,340509914957.2313
13756771.66056289,2.935064665355133e-07,311485675596.3551
13894693.35009075,3.046797222039337e-07,306869175099.5007
17769101.80254191,2.531573183699677e-07,444022677244.3654
15874526.16783276,2.690089535959509e-07,380939739950.8785
16040594.86097348,2.790712050776737e-07,375615741638.1864
18077232.63996437,2.435717036950833e-07,463497494854.9998
17227793.82592018,2.407321530085911e-07,445184736387.2017
16165839.95997909,2.594246474470068e-07,397427076047.2133
12085447.65304621,3.679347593030357e-07,235368783564.8622
11097659.88546845,3.788831467201568e-07,211947298598.3047
11344896.31251619,3.650957410391073e-07,222090178477.3853
13243157.71973847,3.492208033367873e-07,267049322164.2484
13290732.28203358,3.655168616429758e-07,259982410362.8332
12912943.61697378,3.620858564997856e-07,254185563239.7682
9406838.162668204,2.997320184328451e-07,210033343956.3308
8803032.703024561,3.060913545542419e-07,193819858900.2637
8482976.90440272,3.010149892657679e-07,188867052712.8064
11442219.98881485,2.686910788658884e-07,274794558484.9496
10227990.98936786,2.873007232815417e-07,234908748176.8474
9936623.905857485,2.762701902959854e-07,234251744873.1779
9986384.910048543,3.119128088674493e-07,217129831242.9148
9174131.009968482,3.088158059175158e-07,200800716175.5958
9790323.147281639,3.024564710296475e-07,217281010797.7624
11968302.85660404,3.186502847574321e-07,256540751823.0891
11065864.07539783,3.13781873384542e-07,239644112395.4317
12463613.4193491,3.019743566373896e-07,276904869890.4556
9705756.04199356,3.390768699910071e-07,199601558177.1971
8919333.8444135,3.364750547392622e-07,184372935878.5103
9915849.03802021,3.247671292874536e-07,209869113803.5461
8831958.161258692,2.297097114217786e-07,235471002203.7873
8846963.150863035,2.396514566653109e-07,229301820617.4032
8142518.080619383,2.461908238649543e-07,207289589012.8517
7131641.627915773,2.413131180412001e-07,183993391117.9612
8386197.868153674,2.301254454369713e-07,223317115903.3415
7714739.556034225,2.46606361187363e-07,196178654926.0734
11445178.83002602,1.823587448589821e-07,355908357772.627
13228859.69905111,1.625043883859125e-07,444234566093.332
13327382.96578394,1.668303160015088e-07,439772662786.6181
10717383.72719439,2.579291896701117e-07,264497629870.8426
11570472.28043216,2.613496833325591e-07,283054306903.9769
10056165.17333456,2.689267974522745e-07,241366139764.1376
17952463.63945217,2.415602120860262e-07,462850198475.3224
16574549.09445538,2.370665447558934e-07,432707951357.7241
19427120.01837938,2.247001461990357e-07,525621175559.7727
21639542.01548824,2.286558217504884e-07,578708537569.0552
19203646.10478801,2.394395584441366e-07,498027233694.0979
20727827.5718788,2.22589193457756e-07,564353301473.2816
21435523.640186,2.075078182801427e-07,611567579298.5426
22219399.76136502,2.206917983381272e-07,608426601034.8708
21295420.24564346,2.145944874869281e-07,594119545987.0457
19277896.73260489,2.434915350415574e-07,494390827293.3289
18225658.1361987,2.623476053079773e-07,444732106545.7789
21130558.78481194,2.374384577724382e-07,551074446808.7986
15064000.0761071,2.784184324959152e-07,353298385797.1354
14163644.69925147,2.834861229778635e-07,328211520282.9236
16566636.5946626,2.615746064256449e-07,405045637164.4265
16769971.50441082,2.730790952453439e-07,398418981678.8105
15714488.14333334,2.758069438094982e-07,370877177362.6172
17248462.03111682,2.589511611110995e-07,424559407524.9817
12327049.85702409,3.236636461033597e-07,261494888703.4515
12496789.98532922,3.198490840317477e-07,267199144794.6147
13866059.77387453,2.980882491895197e-07,310734754772.4885
10145973.32334421,2.583849325985771e-07,250101094875.3249
9502907.480129872,2.69387704566499e-07,227826718340.7001
9288300.347170966,2.63175155114574e-07,226172427132.3353
11700743.1355432,2.318384548676329e-07,310043856078.3286
10869997.2997987,2.464310447328094e-07,276545008491.2654
10681015.15894151,2.409459227399578e-07,275845652560.9946
12060544.74832103,2.348130745128576e-07,316873125609.8126
12089255.27972194,2.528266037094065e-07,302355380366.8683
11216889.4127519,2.493998484857398e-07,283101159418.0262
13337719.470039,2.782619686694386e-07,312928902144.8923
12971352.14865069,2.620074524226633e-07,316793420810.4871
14386744.70823677,2.518589103380657e-07,360737250191.8359
12438155.67236349,2.878502110430382e-07,285306469642.4807
10835664.19042495,2.901945746335497e-07,247208089412.1373
12084446.37469833,2.715908267735041e-07,288148719567.7805
16629450.1903611,2.544698631494821e-07,414114387906.0628
14221728.82848542,2.763700822084691e-07,335190505438.608
15304313.11213718,2.499775402792768e-07,385667623861.4789
11427076.36816696,3.273607366001479e-07,240575134343.5032
10328985.2370995,3.367987971897108e-07,213375213569.0555
10545683.02298321,3.22487940143778e-07,224249970473.7514
14102774.8589312,2.912766205595488e-07,320947616390.6581
12721564.30721948,3.130179847219987e-07,275948258079.6912
13232068.37773338,2.963493926271295e-07,297685975986.6857
11526489.36052271,3.408609440549268e-07,236217585150.4075
11231012.29394521,3.538982083315745e-07,224474317612.1376
11075038.98204556,3.499589341726326e-07,223014896636.1053
7335391.558904166,2.934613349323683e-07,166107551020.5659
7069226.729300804,2.888743495341501e-07,161770473686.7914
7233732.900729971,2.835188227801888e-07,167613066189.4705
7715341.172829985,2.832231068654896e-07,178896844523.6031
7497218.648813611,2.920484337939372e-07,170319192381.9025
7394440.864127642,2.821059765863916e-07,171908419985.3872
9261850.201348308,2.446670993769736e-07,236763110559.8872
9856177.245324042,2.453537929688657e-07,251485714788.6782
9184763.2380671,2.556273107926641e-07,228032351008.0789
7753568.720422166,2.780265484350671e-07,182016515053.8709
7431865.971959334,2.769090258166886e-07,174933557317.6096
7648521.369250724,2.712618967884146e-07,182523289952.7168
9573521.535373196,2.195618299006129e-07,263047285271.608
11172364.22620832,2.057000552838052e-07,320618673713.6655
9589143.504480291,2.29497254984574e-07,255816265400.65
9236958.257800736,2.829068451903873e-07,214338412875.0137
9517955.595695727,2.939356447788445e-07,215299078508.7229
8588513.270320335,2.952186892731948e-07,193711509726.8361
7879810.7894082,3.31786382482995e-07,164415749955.983
8088864.870068605,3.37992803399518e-07,166705250360.6021
8205714.286902998,3.431436268423605e-07,167416824374.0602
7827541.319000381,3.203037859191678e-07,167205536684.2497
7818608.129753242,3.254624406930746e-07,165245203440.4622
8158262.063636048,3.292386605412367e-07,171102793881.2909
7487654.121724547,3.107519688220076e-07,163206148321.7995
7636579.972575868,3.128647370455519e-07,165702029039.9453
7647038.554895158,3.202815338259851e-07,163357350154.914
7854264.014529199,2.867780473200851e-07,180609903297.5215
7945942.85566696,2.963264885778574e-07,178771570035.1984
7634172.472418838,2.956036296472642e-07,172037105025.6518
7935380.368609048,3.318599773670554e-07,165550753808.4729
8300089.37680837,3.458947530139698e-07,168443188188.4115
8277534.432899598,3.356364226181325e-07,171391102976.466
8079462.291496035,3.291310902388147e-07,169487049521.6087
8252410.730862453,3.36770102565974e-07,170487214713.7136
8138403.334373755,3.361870959565116e-07,168326250540.7012
8417595.131622439,3.12491499512805e-07,182794262991.4337
8064863.98953917,3.196571419456753e-07,172507284772.4156
7903604.6922577,3.130905665663707e-07,171413578712.6174
8531704.441426037,3.172258834735815e-07,183424238607.6913
8350544.164681897,3.32029503376848e-07,174152746011.601
8176565.028495228,3.243914552062982e-07,173190722683.1625
9476570.679806901,3.930869120631573e-07,176600589938.0135
9605895.253686473,3.87912912412816e-07,180598867460.8503
9574059.188441027,4.016356545727404e-07,175876548798.8854
9768830.211946527,4.070595572060453e-07,177856847746.6044
9516901.985887513,3.978707196175011e-07,175927721058.4286
9614597.194543101,4.064257689544688e-07,175230729934.7172
9033784.166711951,3.797933801979929e-07,172254846459.8238
9206233.735787271,3.734722375031415e-07,177518293596.1762
9288215.718610754,3.858265235640929e-07,175255197576.1816
8538613.920938052,3.477794553103731e-07,172657227094.7805
8981881.829340279,3.616532713909547e-07,176945316382.2909
8674191.578092225,3.587361743819794e-07,171808862084.0387
9949504.732056705,3.496292356053377e-07,200476268030.2614
10430091.75567351,3.531115785283935e-07,208775800142.8909
9611803.042552259,3.609007452757119e-07,189618050445.8504
10961939.82694977,3.619564951569224e-07,215832329234.221
10455622.56138087,3.730941748353598e-07,201745683581.1021
10807852.81738849,3.580103394100396e-07,214359322404.1622
12289259.15922388,3.4017905488846e-07,252185815806.2036
11530722.21128987,3.514544724723534e-07,231531699724.1867
11830090.43249561,3.384132586603342e-07,243607030521.2701
10689377.66645432,3.816523172829052e-07,203161067267.3079
10426430.5403243,3.790112638999004e-07,199083030464.046
10932048.85649717,3.678657623107564e-07,212932515308.3578
9893701.660008337,4.35407588784808e-07,172224453041.3001
10028209.07247298,4.438018577990733e-07,172357678460.6449
9944189.737992395,4.469461816052795e-07,170111071955.5321
10207516.47740801,4.336897401231784e-07,178156083824.1059
9789285.035812303,4.205624540914854e-07,174393639772.49
9958755.709639221,4.419523492895482e-07,171641162764.3698
10160537.91488123,3.864744180855317e-07,191500332705.8551
10420131.58864458,3.891158354727932e-07,195503228324.6618
9863436.530164054,3.977157540844658e-07,182381055477.8597
10550320.04441554,3.6168571075599e-07,207831513351.0613
10202346.58384844,3.767709211550913e-07,195575817786.0948
9943079.706620423,3.766608108396894e-07,190642897279.1298
9571378.600028627,3.670475783116845e-07,186706563985.5107
10387979.93785786,3.59261568185915e-07,205553051324.5316
9785499.081836479,3.74227727522565e-07,188433886476.8407
11845903.43557396,3.314136488534487e-07,247355323300.085
11680658.12814239,3.352402916286588e-07,242045217841.919
11226168.60974427,3.443357462020285e-07,228512601231.9768
10453581.79386757,3.962934188577581e-07,193755429615.8192
10292984.52239685,4.15192324527906e-07,184944651180.4827
9895981.659153964,4.048965361015871e-07,180812939846.0428
12440218.6346842,3.454710037932797e-07,252669960132.2782
12428104.16717892,3.595794664191469e-07,245777220754.1854
11676963.05558926,3.567451082858847e-07,232144227156.6488
10194429.65527385,4.249316567623596e-07,180364145694.5379
10059136.04708915,4.352445294760517e-07,175147980601.1971
9799350.740133787,4.146350293609057e-07,176232759913.175
10968740.35124911,4.121910322569284e-07,198042194537.0486
10561189.55100126,4.170157333732124e-07,189210199512.2686
10723857.66797875,3.981175669269299e-07,198157332354.2748
11498597.67787461,4.030657797551163e-07,210730594983.3589
11203739.99203226,4.087038238680688e-07,203434163489.3898
10956233.23905827,3.9463125831691e-07,203641809565.721
11662019.285216,4.143926812034281e-07,209812989070.7138
11601290.72185204,4.399395044885616e-07,200560006900.397
11365060.12818682,4.200306854840378e-07,202636523072.2273
11175565.00208212,4.484756546606987e-07,190740788641.9056
10399097.04998004,4.437051161519095e-07,178758214052.6136
10536650.29677897,4.333917159693367e-07,183984892148.8302
13119846.62523463,3.886206313766964e-07,246364534725.6568
12858828.65325318,4.144131394035767e-07,231337336737.8443
12454466.5793608,4.124005183707176e-07,224791039993.6722
11308905.85340185,5.14130134889866e-07,176213244862.2906
11124185.02857597,5.357005444210558e-07,168650181165.2221
11309006.06561649,5.241733216005724e-07,173956700439.0751
11524347.63519431,4.684550242443067e-07,191060576117.7606
11379987.53601236,4.927089211949508e-07,182423801839.8206
11263995.6997196,4.843072329968295e-07,182646703906.8763
11187345.49301806,5.746519898474036e-07,161854125569.4393
11299809.06347747,5.520032378653117e-07,167922937064.4706
11613227.20388452,5.65943856393367e-07,169734720496.0785
13004276.2052885,4.969105204799479e-07,207284768440.4042
13290704.72920322,4.916841556135322e-07,213348961888.455
13161630.17503439,5.134330450928834e-07,205267632002.2365
12475472.46397549,4.931194856747033e-07,199873657282.8245
12750119.80526083,4.985643633399585e-07,202783887218.2179
12705006.58760039,5.203220029003341e-07,196393344932.8549
12676567.14045645,4.706129935302697e-07,209520112423.0203
13167986.45799042,4.809812077311122e-07,214503293893.2324
12882890.57299982,4.862059423106474e-07,208353024738.3647
12056290.84045903,4.620060504873589e-07,201735319616.6963
11791125.12479984,4.5674280976761e-07,198811164233.6248
12153891.5050842,4.730937716459659e-07,200178394389.9963
13090315.87521823,4.269669277214897e-07,230862805366.5082
13884750.09034996,4.176837600755707e-07,248488526508.3325
12856980.4857943,4.461090715556939e-07,220214011526.636
11459084.32967445,5.430303733370224e-07,172160626489.5631
11827967.40471263,5.387590232384007e-07,178640701073.6868
11774688.56187504,5.569766407363158e-07,173936786140.5703
11182845.30333007,5.321836832058427e-07,170285609141.207
11131481.76144183,5.403312448729474e-07,167795222516.0299
10777003.52315967,5.500535743051708e-07,160531906729.9391
11424072.27563628,5.215227171584847e-07,176321574331.5654
11739779.43399284,5.07380619204776e-07,184545738678.6469
11372157.06964383,5.296571585635374e-07,173718585792.6574
10124698.37326016,4.918097366425798e-07,162498994847.5354
9887073.615265178,5.056750673134644e-07,155771047529.242
10081276.56766073,4.882990418321456e-07,162576691481.3373
11306100.88665943,4.58785784316502e-07,190066781811.4367
11048240.142271,4.746346599123024e-07,181573921250.4298
10525029.95138982,4.540153917604078e-07,178173436381.2962
9903798.195011985,4.782149513907796e-07,161952012400.1071
9452132.866677931,4.858379433992408e-07,152945087162.269
9681494.443813,4.612290937701738e-07,162180239607.7543
10048708.0183761,4.539963098602471e-07,170114765968.0133
10148453.09545244,4.687409090841082e-07,168181392306.2772
10298582.81061375,4.457331985427086e-07,176492996888.0513
9642190.56319665,5.113882657668621e-07,150779351596.9802
9151816.385812117,5.14652097926765e-07,142505447601.439
9833985.195569793,4.940057803196018e-07,157365018239.4105
10899002.29994255,6.066962210584007e-07,152080156576.7917
10973705.28045256,5.983153105202686e-07,154549124081.7314
10939693.0885759,6.295970408252738e-07,148923540542.6743
10189419.65771835,5.732587206615362e-07,147655287156.8427
10483486.51540537,5.680772462106992e-07,152838984919.7542
10649189.26790451,5.893693286004509e-07,151492636946.683
10330637.5827967,5.76481884318995e-07,149143163162.5957
10037749.83422413,5.744553533626743e-07,145255364479.8961
10034758.91532353,5.869344700056825e-07,143146433638.8668
10742318.71698307,5.526321222305279e-07,159517113874.6118
10506549.41436725,5.588955464092108e-07,154848264222.0001
10212156.97221846,5.640762676693953e-07,149586452573.971
10878699.66077768,5.294032852149758e-07,166233761556.3026
11218452.37966502,5.293113705465601e-07,171445253643.8159
11105052.42977744,5.461432269852323e-07,166207102534.6237
11303261.12587987,5.141003406982613e-07,176132094494.9305
11286435.51011488,5.240704400225179e-07,173632237424.8115
11118586.59741719,5.356785648627628e-07,168569916087.4991
11476634.06910099,5.309476690343077e-07,175030361101.814
11845927.86157105,5.086700794455773e-07,185899528581.5801
11845797.27414437,5.266820602238479e-07,181634612677.0241
10977335.54464315,5.449548146039806e-07,164534361523.2238
11144118.87568076,5.333427382948612e-07,169449963079.3071
10738986.9239373,5.512046011167409e-07,159742848402.3442
11450645.55005403,5.031470602263732e-07,181008934433.9222
11709032.14080366,4.918410963629052e-07,187919185836.7964
11433710.55334226,5.131038982715291e-07,178395399693.1557
9174842.674589571,5.309425401234622e-07,139926598561.351
8990806.429493438,5.238908914606334e-07,138347531857.8871
9476904.369150748,5.206211422147317e-07,146437384850.5266
7084943.936742504,2.69050951302258e-07,169999142230.5348
7479701.021170184,2.690178992882792e-07,179485810513.9903
7265467.277765716,2.746651634506013e-07,171946958321.031
8118131.765588822,2.619985690763335e-07,198269913210.6543
8825494.925039805,2.488289649922926e-07,223085724816.2809
8750249.615516817,2.597889833588198e-07,214918246522.9871
7913939.092971082,2.605250567362008e-07,194011007413.9112
7917682.174338829,2.538946759767688e-07,197467518504.1699
8612536.522672804,2.473553162100793e-07,218566489766.1495
8031308.277216049,2.754070698892507e-07,189730101873.7023
7924389.676328374,2.686431985200239e-07,190333510205.1622
8549061.351846432,2.664330086517738e-07,206471326409.5819
7156309.335000366,2.649579280385864e-07,173475371253.3197
7556679.460305808,2.582949481385679e-07,186317533341.9769
7553022.71658784,2.649257180984633e-07,183106900283.9799
6766330.075436329,2.742903629753399e-07,160280054072.5955
6908139.653456433,2.703693342573682e-07,165217541021.9669
7086410.547816422,2.759836680697321e-07,167174764865.6711
6529595.968862973,2.554732456813922e-07,162177036033.1831
6589044.897966948,2.493153639749549e-07,166337347530.6428
6760668.346126133,2.612716070531933e-07,165422591622.5446
7001569.288762087,2.155829495698292e-07,194738782869.1477
6471272.144477771,2.215661125634473e-07,176734270725.7015
6234217.456993013,2.142447789132081e-07,174117243137.0643
7964569.430895947,2.163607862083816e-07,220992025254.8194
7731543.846958946,2.125757267961795e-07,217065319317.3447
8358700.588059964,2.043968418936916e-07,240892150144.127
7569314.062778328,2.210813186236446e-07,207024539691.465
6798893.586003027,2.232794644505499e-07,184730691501.3539
7342187.669325914,2.172963828438547e-07,203137677609.6203
6967875.824453909,2.609831593951904e-07,170618222403.9973
6793625.405900854,2.490271478739654e-07,171634188192.0551
7363011.903904404,2.54320335435914e-07,183429047461.1072
6372782.009848064,2.512804024020284e-07,160038074364.9935
6133779.140112597,2.445028121609262e-07,156869638303.3144
6431514.369008576,2.451229014277558e-07,164206616270.393
10119347.50777455,2.474100027118239e-07,256768064569.7045
10303315.76035665,2.528906189991439e-07,257645085786.8179
9438871.775720634,2.576807031991324e-07,233094569147.9842
6660721.306576976,2.922904581526152e-07,151232397542.1958
6901422.631648551,2.978146763279131e-07,154753765925.1675
6791360.772089627,2.97101984161978e-07,152529237881.2862
6241445.555252816,2.783226798824978e-07,146415185315.0257
6432887.303607563,2.84805903475962e-07,148607234313.1972
6311014.611955279,2.791696608985797e-07,147747578922.8964
6678313.610389175,2.903872186446285e-07,152293655596.8759
6872842.847936508,2.961380949137165e-07,154694032801.9682
6632644.856966351,2.906106954772367e-07,151174664882.7131
7595722.618580024,3.082616676788689e-07,166452151993.341
7447197.65891406,3.061465297756178e-07,163948200212.3563
7484154.663033926,3.018637707840371e-07,166316533783.1119
7739380.462019792,3.157597215649481e-07,166904626978.0408
7898964.114105497,3.223263271030669e-07,168024632612.1908
7749909.179570199,3.231737499348056e-07,164565664600.0223
9149956.52870835,3.320372101044207e-07,190821743682.5426
8852229.299488926,3.247992816852002e-07,187345219164.7964
8721717.74380172,3.260783695008996e-07,184100104032.5472
9826340.098448794,3.396563572116318e-07,201851490059.2567
9514292.244443396,3.391220027133916e-07,195646691600.6313
9560472.412756111,3.465263991327044e-07,193785733962.8096
9707381.849811193,3.347445511100738e-07,201353771706.2367
9095487.212222237,3.269595276313504e-07,191644621848.5243
9397243.866975779,3.342299579221598e-07,195120805942.2365
6296514.846843153,2.801250316277537e-07,147072774717.1351
6533964.586723473,2.863827202324557e-07,150387671945.9453
6488792.9365572,2.866081375862779e-07,149269669397.5501
7546360.565533909,3.115312311040502e-07,164211344804.3755
7195247.337186637,3.036760242708191e-07,159259515716.8411
7379355.649100943,3.071616951988288e-07,162096537423.2803
7963886.783682473,3.209354554738852e-07,169894744617.6043
7705863.569399002,3.189534793695251e-07,165070608763.4147
7970429.701971245,3.247832359008575e-07,168688703125.1878
6955471.977660504,3.016866084393771e-07,154628395735.5609
7066850.392602555,3.023969193067273e-07,156858354804.3022
7322615.099223719,3.106273103514132e-07,159651541418.1903
8257384.104807827,3.457503985898207e-07,167623161416.584
8295042.629826706,3.484223369041964e-07,167525643992.0142
7930445.762167017,3.343918464299389e-07,164611616470.2219
8490134.028508371,3.554423140770956e-07,169200559364.5379
8359226.200403588,3.490576009696646e-07,168616994652.6873
8241284.942127135,3.439056630750029e-07,167894078254.0721
8602186.439942423,3.640674978066743e-07,168715213195.8559
8464157.36343256,3.55843157288047e-07,168556168159.9407
8426116.46025127,3.531680219455456e-07,168644898658.3813
8815862.074951541,3.752348091344176e-07,169458246183.8317
8723418.833062105,3.705122288943865e-07,169103148401.1335
8678463.489515711,3.65997574135775e-07,169612310195.6838
8952725.927833699,3.814886971610095e-07,170203115780.7415
9227977.80872401,3.910178283138042e-07,172574054203.1137
8859565.987754744,3.767620623932694e-07,169837792679.9237
8132141.0561012,3.255140588183717e-07,171853508467.3288
8138752.715645825,3.293557067778949e-07,170653182307.2076
8378498.767283073,3.372553947332072e-07,172925990993.8907
7928793.924715538,3.111835146402341e-07,172661725193.0654
7652893.976342843,3.112474619018873e-07,166630750695.2251
8234966.858267928,3.192381440991686e-07,176299874892.9341
7511058.653197026,3.118744730400664e-07,163323220093.7901
7591693.280321514,3.157245940703861e-07,163731803041.7472
7847813.719109369,3.177101767659094e-07,168549681035.041
13184514.45479429,2.018530671411067e-07,383154477860.119
11229377.60407714,2.25923442463692e-07,302724907102.7416
12255423.33296361,2.01486186104384e-07,356586420151.1844
15423981.28311183,1.809522511315126e-07,482118536253.0216
15119940.83023733,1.900296792211075e-07,457441752097.1331
14621778.08008398,1.905835793833938e-07,441512701573.6552
14248912.95822787,2.404403603006407e-07,368505086468.0078
12840492.70342966,2.505855430845507e-07,323055902603.215
12810903.04401014,2.325720941629468e-07,338746389800.9496
5089693.339580265,2.03089954252486e-07,147310144376.2932
5021547.359443182,2.026763001297069e-07,145535491832.7481
4742177.688883718,1.97583424687312e-07,139790443831.1418
5808540.948705627,2.084289124088176e-07,165232350320.9734
5466164.541143834,2.052765403594521e-07,157080817973.171
5847615.324076443,2.027513622484839e-07,169434927686.5746
5723805.622425851,2.429253093646681e-07,147017725862.0357
5708002.885954482,2.467824818938792e-07,145080139870.6521
5680832.649436221,2.497079500947453e-07,143259604997.3362
5384985.886331083,2.211180092815226e-07,147265774416.7966
5453698.996681547,2.254634241730715e-07,147222356686.0922
5569869.540382427,2.288736684174427e-07,148861069889.4734
5736504.163252139,2.32089388412392e-07,151895109175.9238
5721928.477554389,2.423783288466708e-07,147190540621.0305
5737750.465626876,2.385206121370717e-07,149184732551.4137
5681060.263527875,2.371176812890237e-07,148292812911.3153
5717054.662980773,2.405093306562227e-07,147826079203.9337
5674107.087527493,2.472920147481315e-07,144020439775.0982
5803069.217481662,2.16298142927863e-07,161048205595.3413
5718101.147064222,2.238683948820559e-07,155092207074.7278
5565989.681763077,2.234994569787211e-07,151132575038.5142
5959485.464967477,2.163290579909089e-07,165373350523.5244
6191307.272905515,2.236434765309755e-07,168039559850.0698
5873375.69706487,2.239023458684696e-07,159287618549.5949
6057427.178473921,2.473686636357244e-07,153718125511.5225
6294952.121231939,2.541448450338843e-07,156893479453.2189
6121628.251135797,2.5658358431749e-07,151605296512.8916
4515533.293988605,1.723699632770577e-07,145792323046.3108
4107380.274582705,1.675445113997075e-07,135148566289.6647
4250279.934150902,1.771746934520041e-07,134735821518.5022
4536221.362668242,1.917417467921909e-07,136421594041.1682
4696570.525540804,1.908402600622432e-07,141688362703.3708
4370989.491836114,1.857165767898841e-07,134280407061.2795
5444001.019549364,1.615275911508176e-07,183549717400.7776
4387230.540149312,1.636154295089429e-07,146658628215.6978
4808735.077716087,1.68447001001715e-07,157660172029.7116
9371777.617340926,1.921537941088736e-07,281442274522.2524
10648894.72599707,1.773534636318942e-07,337347956715.6277
10178835.34521504,1.904336298622245e-07,307516902925.7488
6153134.037442936,2.068028741027465e-07,175951103761.6348
6193348.847990222,2.011225986096137e-07,180420117674.5228
6863465.767891441,1.98770471298495e-07,201515702852.1689
5990407.970724713,2.367755447422367e-07,156518317558.9303
5881042.840485097,2.290112595491925e-07,157114566978.1024
6199179.129809652,2.287598841636839e-07,165735015716.5607
5880332.883889055,2.402884283021487e-07,152141142836.5443
5757361.149825318,2.428188923864208e-07,147922812995.8776
5771981.866709813,2.325282814530605e-07,152642136730.901
3158576.927522946,1.574148424921651e-07,108341374036.9041
3132179.107833051,1.519287434709755e-07,110006907935.5863
3311647.796134254,1.573445427461042e-07,113625642571.0171
3915729.432498645,1.359619362282413e-07,148092971820.6136
3647812.720771031,1.434794987386425e-07,133098338158.4286
3647501.141210193,1.425300225542473e-07,133677362195.9
4145437.907834559,1.303866114250779e-07,161218576430.3228
4041497.979357105,1.326884891638559e-07,155353198768.9557
3768920.342197699,1.392565829672327e-07,140283460004.1931
4839299.168362308,1.202767883346377e-07,198607017369.7077
4138408.598471076,1.287237826008258e-07,162328274507.8916
4250591.7560269,1.285603154896898e-07,166869939783.9612
4281322.234336185,1.263824204460361e-07,170001780738.561
5328914.69360132,1.137793713553444e-07,226949770591.0315
4525113.832972102,1.233523030792218e-07,182612849682.8313
3688297.863044141,1.759900981662606e-07,117444810439.9883
3165611.224470708,1.689200213578106e-07,103594530237.2202
3433916.7441087,1.719289384693557e-07,111059856225.0285
4085499.472549912,1.38775457053756e-07,152418160013.861
4156556.122727194,1.319079757015624e-07,160405631645.1567
3779521.96909072,1.407727810368652e-07,139666123895.3131
4570033.427524372,1.373681714799652e-07,171657176657.5149
5137938.792088277,1.369885143927786e-07,193344945171.3343
5283881.30046037,1.286462534562109e-07,207342481044.4622
7728535.339088403,8.954855219567978e-08,386122240900.2593
10388027.40430155,7.485263244494805e-08,584873172325.4758
9829129.804438606,7.735032329010879e-08,541427505540.4645
3970499.008543058,1.407495547825387e-07,146739512548.1073
4653626.934238455,1.49147427563614e-07,165468140442.6367
3959475.260807608,1.473922693129844e-07,141901775721.4787
6879176.574731092,9.90711402705916e-08,321295775991.1332
7634552.704403889,9.229942103731576e-08,373810026740.002
9031039.606472299,8.388797455204664e-08,471271606102.7485
4670059.587783158,1.179786523071014e-07,194142284076.2033
4647254.371492767,1.205756946227427e-07,190410077412.7251
5565522.758285977,1.082896136232281e-07,244971048047.8858
4736239.018786808,1.209367189403215e-07,193669615402.5138
6532368.101345374,1.015614876854222e-07,300089831849.9774
5835117.496865808,1.083333655188262e-07,256768325355.9407
4523683.122047035,1.231981251396914e-07,182707388354.9799
5312158.700680487,1.10498253138028e-07,230692831491.8197
4415075.312336673,1.254983360997669e-07,176135192193.7944
7294663.088624863,9.617859460260797e-08,347498515698.6128
9506207.156453803,8.099524036248397e-08,507809640768.7889
9457158.002766017,8.072854255022671e-08,506301526743.6866
11293043.25201483,7.102279412440444e-08,658484902635.0594
14051736.99214923,6.080505655629096e-08,908734217483.5453
11984252.85953964,6.784744473957948e-08,720424764345.0704
6660552.679702329,1.003356165443099e-07,308465680348.7272
8733151.004564136,8.488571626079136e-08,452148635493.0364
6775498.700413421,9.762564742750335e-08,319569493969.432
11137970.61736619,7.243596527468549e-08,640968322465.683
13819416.83105177,6.195086050045852e-08,882656020386.9211
11084873.16496219,7.216988164958763e-08,639479656202.8678
5932839.541080399,1.076907236845309e-07,262106066150.8727
6894522.405881627,9.758875218155509e-08,325265257362.3994
7021274.980839584,9.676355240180941e-08,333125679933.6187
5694044.529532981,1.090933826070378e-07,249395485214.1648
6010731.612556339,1.023758236910708e-07,274660199105.1196
6636908.874591416,9.899172389093988e-08,310146294351.135
11878276.45752432,6.820561544906429e-08,711552049964.656
13666371.99795111,6.106287850524314e-08,881322902285.4675
11267098.41688302,7.146175485070542e-08,654278983099.9952
5873079.500877202,9.915626584910418e-08,274148434929.0463
5689994.768344135,1.039126089686376e-07,257434274448.4766
4872853.605605367,1.166124995592492e-07,204151838109.0096
8118382.48245143,8.320755220462148e-08,425952342542.5305
7246779.666807754,9.25189862108646e-08,354261926682.5765
6591767.670236006,9.590410694866894e-08,314613307425.0231
5805737.798576981,1.470170765866426e-07,208422961749.354
4617033.930408249,1.582443875351502e-07,157813513523.2293
5699655.232750336,1.56187739109985e-07,196524768852.1983
4486430.26790334,1.283344011302634e-07,176335138418.231
4412595.910422521,1.352086441072713e-07,167503744387.1256
5114489.875604074,1.264834952464232e-07,202976807582.0935
3544399.507985114,1.472560107326006e-07,127104418168.5495
3214836.679762872,1.578370159532894e-07,110074403425.3951
3840895.01035714,1.452551304741244e-07,138998927347.7724
26140196.26225846,3.522865058683526e-08,2432455134008.65
24349781.98890761,3.822685168058937e-08,2145767795084.621
30492573.92460664,3.299469035743278e-08,2964135463264.196
7626136.155233351,9.141759536158964e-08,375795312972.1622
9695486.878681045,7.867724274923795e-08,528044108978.0724
10336696.28342718,7.550174475715811e-08,578642636208.2059
20502849.14265614,4.860324342335772e-08,1539468173962.494
25124443.94676675,3.749814563657819e-08,2242624682735.851
29451824.07258162,3.396695454619699e-08,2808069102113.108
11880217.24127145,6.945701754727805e-08,703094382758.2795
14865922.45580724,5.835585079711317e-08,988103094966.8965
15214770.53833956,5.987071313595313e-08,994158857304.7238
7710026.551426565,8.957651154179942e-08,385117372663.6088
9267353.275625875,8.062802104665679e-08,496552361714.1112
8802327.663543943,8.450372872616217e-08,457102520375.3074
7914750.937163144,8.791585100814452e-08,400306335330.1028
9693039.937239692,7.784466281540031e-08,531668309014.6272
9491673.985481463,7.895985937975056e-08,515709623149.1658
7321243.35858752,9.160228820203439e-08,360285923839.6181
7026251.170923264,9.373136841499623e-08,340513001644.1111
9034999.775889957,8.154148401674037e-08,480480468914.3
5187974.344157298,1.111567330839473e-07,224409189322.094
4814290.945287273,1.15322127894901e-07,203200092458.5508
5773248.782935807,1.044035212133763e-07,260381530318.2472
6413085.347027212,1.231956882651064e-07,259022016982.5768
5675804.956346733,1.210302241766977e-07,231969865735.5912
6302386.874165241,1.18990968244726e-07,260512795969.1727
4077229.937727844,1.292197825547813e-07,159519042380.9571
4402709.310136218,1.215236025361837e-07,179451153772.2694
4760367.638452754,1.173628646869482e-07,198588163589.7228
3986438.053580524,1.306777544909193e-07,154804617660.5473
4264707.388216252,1.261709229064267e-07,169531232223.7321
4286554.997364789,1.235789860300944e-07,172774103646.3621
14090484.75048936,6.184384639204404e-08,901007222685.0402
18241488.36389958,5.113385260601707e-08,1324101447503.663
18469184.10099862,5.070374955328744e-08,1348200009639.287
11999998.69751892,6.874024570190458e-08,715111582321.7621
12616728.26829206,6.624147984830304e-08,770655115435.4716
16776010.45082548,5.510505277876841e-08,1158495646812.76
19224797.48761696,7.054594157768871e-08,1126022540158.461
20284825.08528715,6.35329996563018e-08,1274006645522.642
18647428.80744496,6.900333027644925e-08,1108423156366.274
