11327771.63839139,4.307432518783895e-07,198608956838.8425
11794506.67272575,4.281633379403835e-07,207622043910.4614
13632612.37433537,4.196630861211274e-07,243208401283.4379
9938754.605275622,4.362220861640492e-07,172793287509.0784
10519594.22464433,4.348367990108243e-07,183279881160.7647
11306778.03244702,4.318820175144112e-07,197892249580.9852
9175857.83066627,4.371384795915799e-07,159306679102.1056
9698629.313716909,4.328779765708503e-07,169485819178.1175
10042887.70862683,4.352227006224211e-07,174870914197.3009
8360795.187249859,4.453244415227459e-07,143371632419.6572
8707072.729084706,4.405763039921009e-07,150380462167.1122
8999071.736507332,4.400309914871314e-07,155551977703.3815
9002013.307670569,4.332399689845676e-07,157224651192.282
9437695.425010711,4.323740242887902e-07,165054066097.7096
8922102.33578478,4.366407679923076e-07,155018790993.5521
8521516.866006872,4.161279811406976e-07,152885264260.7963
8101774.618173028,4.309030972959971e-07,142012665925.7812
8220369.666588809,4.250518229161016e-07,145410831981.5161
9549497.001446702,4.027938718111228e-07,175088891708.4936
9136720.261383422,4.045761328525088e-07,167028336473.1282
9865502.717249108,3.951991216263247e-07,183192872880.9593
9327900.881304173,4.099378647153001e-07,169033155731.7256
8980094.429124417,4.237752029023452e-07,159168531624.904
8919994.708926002,4.1171870066804e-07,161174946384.7079
8971381.040703865,4.487037354045939e-07,153068624469.4313
8140900.383681104,4.48820756928058e-07,138874918783.1112
8243045.581692033,4.4861374115903e-07,140660660814.9466
8304311.676630447,4.279458632012348e-07,146232673143.1198
8397526.742255785,4.388413208040287e-07,145416287620.8629
8647625.483749619,4.233175018719687e-07,153386118051.4555
9327518.244995229,4.511153937792275e-07,158577296352.9955
10152881.71662511,4.507311331265631e-07,172707403623.6407
8889098.605891589,4.490224931492293e-07,151592945852.8714
8701938.333759926,4.292836397903256e-07,152916063533.7741
8220022.548705694,4.320270772430092e-07,143835370884.1312
8642778.296596849,4.172524001591576e-07,154782126970.8022
11570534.61851543,4.723611822514793e-07,190767311322.483
10917625.28499835,4.733938952235306e-07,179740694590.5302
10910833.30404966,4.754300472683699e-07,179115637654.516
12824258.32621957,4.833992123293467e-07,208206826848.0722
13978892.27912727,4.777238709244063e-07,228746678404.2698
12603234.57360885,4.787887999687308e-07,205929879039.6068
11342896.53253476,4.725897757525065e-07,186953854152.3412
11024887.87082622,4.726823363946596e-07,181688706120.7556
11680950.23408837,4.716600241422228e-07,192778587743.0803
11321541.32168339,4.746669889840606e-07,186057080942.1765
11417745.63234703,4.730863504733174e-07,188055808252.7012
11756904.69294726,4.721647492612406e-07,193893815662.9263
11049224.37022041,4.763782255506794e-07,181146740705.7809
10666654.64011064,4.79093062658056e-07,174213435747.579
11144267.10020582,4.748092406650106e-07,183107192623.604
9559297.717019493,4.64829173997288e-07,159305365150.679
8485936.54459364,4.648956474294574e-07,141404357604.907
9297435.118985236,4.589121166864264e-07,156270429817.7409
9977644.076835023,4.808246293368419e-07,162568676736.3508
9858065.04567435,4.781156271339617e-07,161226485416.4188
10217146.60099833,4.776289919680203e-07,167212666009.9943
8975014.237049086,4.776831450109612e-07,146872966871.4992
8371445.033716209,4.708624149349088e-07,138315572793.2749
9281512.674470568,4.761183954995599e-07,152221309778.9146
10730131.65460948,4.829803765795942e-07,174308564680.2257
10722137.83101155,4.8355237583019e-07,174041321163.272
10541443.83368684,4.791522657843812e-07,172154244586.687
8915255.968921825,4.882231474200227e-07,143787645666.0387
8510281.265319211,4.954805375897829e-07,135912535256.0299
8712128.97711488,4.896092827889265e-07,140246231625.7906
9654723.396306578,4.828519767598793e-07,156866603581.9352
9247733.131955944,4.841427045448904e-07,149986795779.3686
9226376.167988757,4.817086360571473e-07,150144076240.6623
9539232.626124086,4.875049600010496e-07,154002373381.3917
9338062.42897244,4.897770181991203e-07,150288069028.9682
9247354.877726717,4.86684895009143e-07,149457924222.9859
9760932.220145654,4.839341257166943e-07,158355735621.9668
9645192.338528555,4.860444622058895e-07,156024773079.9518
9351685.450995829,4.852284228552605e-07,151446440061.3033
9634547.861844027,4.788027432237911e-07,157420124629.7141
9752767.590353584,4.815159807281815e-07,158752560328.6785
9322226.300340697,4.803754362315454e-07,151984435045.5981
10755588.64267669,4.878367064642023e-07,173560623076.7024
10900290.66317896,4.868127853217576e-07,176142204871.4571
10715582.47469229,4.884845387175721e-07,172762137408.2823
10678721.30780018,4.867315017241067e-07,172580987265.8533
10726433.93013745,4.876737072097838e-07,173128726508.8993
10790925.4378401,4.877636924390041e-07,174148222173.4709
10772839.98596101,4.854773801347596e-07,174401765089.3966
10780852.68408978,4.849061368007537e-07,174668527080.2615
10743255.88377065,4.868546606715536e-07,173594661502.1171
9592759.722666638,4.927260356522966e-07,153770570566.9945
10313960.57901371,4.931816214779238e-07,165229483163.5401
9765276.439328799,4.957300395885171e-07,155902968420.1505
14614440.62553079,4.726798530771612e-07,240844908270.9135
13812166.8379494,4.764933461092054e-07,226407384996.1373
12327479.77760229,4.754300743817576e-07,202371739679.1502
9806611.59394327,5.07823088343125e-07,154067373839.3419
9558542.754017077,5.091481784075867e-07,149909408588.4949
10384556.12587928,5.16278754551721e-07,161360947534.1244
11151580.31403203,4.621998704006961e-07,186544824133.0692
11236446.75428817,4.523768520701472e-07,190675728958.8831
10430625.63495035,4.649249594667411e-07,173802139055.0791
9015785.494979899,5.039610211677224e-07,142365777909.065
9221667.206782907,5.060835925246167e-07,145209358538.843
9465353.693486974,5.047276037356328e-07,149313408264.233
9303685.319640189,4.934451720675841e-07,148991814752.0017
9036026.307162318,5.007124204729679e-07,143301887363.0059
9486092.736902775,5.01574080818324e-07,150267124343.9497
8607929.30943466,4.999863323730461e-07,136644850569.7802
9272849.429241858,4.988236939080293e-07,147428628405.5115
8855278.709777839,5.015552588840148e-07,140278046418.9606
8383790.906279032,4.729531311099664e-07,138111031344.8416
8469075.300081417,4.770064968377645e-07,138724488280.9222
8263443.722614761,4.861096192509367e-07,133661069034.3608
9427665.065134043,5.000697046325441e-07,149640947186.7805
9212360.201094527,5.049401894463217e-07,145281712803.2154
9006582.995593121,5.027919672481247e-07,142440831964.3374
9188688.306479722,4.939045597322698e-07,147058961976.2598
9357548.876782188,4.969322993649728e-07,149152528599.179
8689542.571680693,4.980373673207051e-07,138300036935.9798
10109658.03690988,4.854306040188764e-07,163676010307.1156
9551066.393719371,4.894683175762462e-07,153780808580.1933
9754505.873305237,4.871897922695507e-07,157545675887.5123
10559802.39697788,4.874688099912339e-07,170486987146.0942
10515075.60009803,4.911244064402521e-07,168921419200.7415
9786750.436382456,4.906604182319221e-07,157320202743.2394
10297829.73242992,4.957455226318045e-07,164401776609.4033
9530609.747128403,5.031402791688773e-07,150658843422.7939
9749580.692348382,4.983237489665354e-07,155111815588.4334
16298202.15508991,5.017038624238878e-07,258131737066.2808
17324036.04918999,4.937734558774912e-07,277308970841.9648
15283456.40970188,5.124457799669678e-07,238665494860.278
17046385.15408174,4.88377882278119e-07,274870609414.9925
17924909.61362786,4.800122435764418e-07,292385230591.8094
16771323.66373766,4.941294545940995e-07,268332645223.6265
17368572.94037087,5.068374042503345e-07,273223697832.9394
16838344.75717308,4.973499298578566e-07,268240709969.6777
16282376.02901317,5.123397034197091e-07,254299655514.8371
17565683.42019244,4.75942307675805e-07,288156780569.4283
18128415.04909635,4.754815184446544e-07,297580230031.3634
17244855.1503987,4.837585879806642e-07,279838260279.4134
18218756.22454226,4.697937050310354e-07,301472194771.3531
19904917.22740163,4.589286509349734e-07,334551972586.3055
18791771.54834433,4.692340494556494e-07,311201282631.4708
9617203.179323982,4.936044326078937e-07,153979447612.821
9802643.741880083,5.016579502770939e-07,155264232115.9419
10303249.33989922,5.010024840170915e-07,163335639474.2537
13340765.19571338,4.593932284836201e-07,224073766416.155
11999139.3461496,4.659368294381211e-07,199648202028.1999
12617582.10738947,4.765939195471436e-07,206796797087.9886
9527347.356590478,4.769505286253085e-07,156071322244.9253
8634330.033530114,4.887279510892316e-07,139160888542.7843
9229548.784766408,4.862222472396823e-07,149264748045.428
9792411.977442637,5.116613681160338e-07,153073939012.092
10745264.4532547,5.143151588527546e-07,167390532863.3873
10653892.45654212,5.222913155906971e-07,164273094708.3762
12063646.4269277,4.262514704587983e-07,212994312357.6152
11392922.04439603,4.283634465779573e-07,200490372593.903
10822599.97402103,4.251555107441894e-07,191410782141.9589
10684243.17445143,4.273462776054442e-07,188317413436.8388
11879120.35307564,4.260382376476483e-07,209806318265.6652
10647860.55700063,4.248829738160556e-07,188400826191.3607
12512625.58277784,4.384218311779643e-07,216813840101.1339
13793275.81024431,4.32079941866991e-07,241337429773.5534
14298277.01383438,4.249674153898745e-07,252956951709.1183
13072307.58820949,5.445891875729535e-07,196022646586.1208
12741938.45960802,5.566566413012868e-07,188297219327.7291
12935021.55117559,5.547861012428071e-07,191579973290.2399
18948604.23309536,4.7141904086114e-07,312828139498.6682
20074743.42071867,4.616842401718967e-07,336062435052.3783
18832217.13289398,4.776246170855535e-07,308207818260.8668
10614986.84965564,5.237065796153837e-07,163378200014.1969
10589402.50510022,5.201944770425511e-07,163717196165.5547
9755113.9577548,5.131398409424539e-07,152197852155.0403
12267394.80856099,5.394420307427538e-07,185121057106.7342
11609908.4973001,5.351848072847686e-07,176127138544.374
11320110.76261146,5.3198576426109e-07,172418555510.3593
13037291.50223161,5.278886770210766e-07,199599360245.28
13942997.17832533,5.225052898477847e-07,214929326805.5062
13776941.40263629,5.177340185808085e-07,213672358255.7093
12232757.34166226,5.389978989284966e-07,184699752145.0831
12306652.64606855,5.347816897271727e-07,186790846438.1735
11799577.2638035,5.357289095317347e-07,178883270527.1276
12694858.8632685,5.368406565329909e-07,192190069739.432
13666669.38581627,5.272486279620367e-07,209404358247.5864
12770134.8728677,5.326638225953107e-07,194339023644.576
11550813.15669459,5.323740794554245e-07,175846862568.49
12052571.39142383,5.314650904101871e-07,183694668093.3897
11235405.86489752,5.256218811925682e-07,172506901474.9653
14188052.57079965,5.186356626633893e-07,219793344688.4083
15509617.36404651,5.079059805661764e-07,243638284230.0989
14520124.48393773,5.186960206561448e-07,224920166099.5525
13216965.89091096,5.34855498444876e-07,200589159834.6507
13427510.72404462,5.273205956554359e-07,205721185612.1923
12970852.64038138,5.351283553354202e-07,196787065456.957
13704924.84887189,5.317897872748189e-07,208793350423.4928
14957665.83840009,5.229141975439989e-07,230450084136.1963
13919305.80686112,5.242870762738984e-07,214077721983.2423
16910317.00445074,4.958029639230399e-07,269947309472.9855
14723370.14872082,5.097486086482789e-07,230729538697.3326
14895018.12589428,5.144369047117685e-07,231999095513.9847
17074321.37153844,4.876778809139199e-07,275584473681.6811
15515551.30954215,4.817727788862841e-07,252467631988.3817
14876428.94036114,5.015791811951426e-07,235652665972.0456
14687456.86946768,4.185932614454894e-07,262473290480.6964
14695011.38926266,4.162086943568191e-07,263610372566.6081
13494010.02525612,4.225742739325681e-07,239628788742.0406
12297484.51974436,4.372924855279952e-07,213452678173.594
14068232.21231279,4.238800585449247e-07,249312586576.9816
12900752.87384655,4.277861178833142e-07,227229091045.2994
16560791.7485264,4.164096007441577e-07,296984606953.3257
17973477.80035904,4.10835323422143e-07,325227256009.3898
15942917.35675003,4.163219144854126e-07,285944411760.3302
14584132.31223707,4.45180302146002e-07,250143930224.5453
16228777.70797192,4.358660507947981e-07,282304054690.7722
14590013.36691502,4.355901364808322e-07,253904461262.7665
12233857.94536408,4.570159784898905e-07,206193914561.2067
13588196.27536711,4.504677796511985e-07,231234513417.5286
13593872.9944174,4.408771033431275e-07,234673929247.0312
11914662.99715144,4.461350891194713e-07,204066089090.9813
11827268.08728315,4.559066998578363e-07,199664317523.383
13165092.72565089,4.398102352440644e-07,227639191413.3083
9884950.055229532,4.869161433776365e-07,159712299888.0998
10580317.1945495,4.942606936098265e-07,169249725000.2159
10905893.45302682,4.749013599296266e-07,179167393204.7878
13253138.76069789,4.78064350689773e-07,216767667961.3697
14572750.51275415,4.717298160214865e-07,240480192997.6596
13994061.07490617,4.608263470190641e-07,234559069894.0117
17489944.61234309,4.125152970260684e-07,315617974886.925
16372099.83475359,4.178995911704548e-07,292902505540.9365
13905662.12308568,4.23651675520368e-07,246520129505.0021
15742176.12773575,4.154679088589254e-07,282730792831.1007
17760296.66285396,4.09969532226991e-07,321822072688.8433
15749997.15936383,4.130287296259315e-07,283983847448.4454
18734982.1137788,4.140643204314032e-07,337241808757.2825
19165388.54426256,4.126772667150373e-07,345762002365.8257
19081935.70848544,4.096104872659692e-07,345972609063.2305
10429293.29026011,4.85469274118774e-07,168841958828.6965
10309614.79881153,4.831685871204413e-07,167433868459.9243
9968358.758682853,4.859385925594078e-07,161275871999.3409
10611727.49284802,4.849566316950753e-07,171916470794.8235
10534974.83504475,4.853929228142323e-07,170570743544.5011
10189948.06203479,4.837510974160896e-07,165357537026.5629
10744363.94132692,4.858143738030217e-07,173860318373.3179
10714818.99200666,4.871847410887885e-07,173056953380.3829
10667132.23786892,4.862463555982513e-07,172508343968.6181
10659721.09025278,4.840190382423133e-07,172916941533.4464
10776126.15417066,4.872438469391153e-07,174033060643.8596
10671754.60586357,4.877956125908153e-07,172217482755.2535
10670610.26935611,4.813196323643406e-07,173740156053.1388
10715369.24785529,4.769795110330545e-07,175525677728.2433
10787074.61208743,4.845179530488666e-07,174862667886.8947
10026890.45089985,4.648328122505763e-07,167096909936.0889
9758655.872071831,4.589000752999747e-07,164025454843.2026
10316454.07310484,4.648735872302399e-07,171912399232.6196
9901675.739395507,4.738589015896292e-07,162908097176.6773
10063034.16770807,4.685758546421733e-07,166804979044.6712
10353115.50122691,4.686167560164546e-07,171603384944.9072
9437046.766752051,4.738357620781066e-07,155268807313.3667
8519189.753158845,4.686034506819648e-07,141208650780.7008
9594589.378938502,4.68563447120178e-07,159042839987.705
9013238.355688557,4.887963741486518e-07,145254258055.8923
9102793.138372438,4.918682637381617e-07,146086069872.638
8606018.520180641,4.960087035257288e-07,137343911436.2373
13285593.20041173,4.828825406109089e-07,215850610668.9379
12722214.86631733,4.900265058477591e-07,204683583371.7838
11624386.9616039,4.900634555661766e-07,187011585970.278
11331207.29916696,4.852156972294884e-07,183507135750.9459
12922456.80762477,4.816718037877047e-07,210302421377.9507
11284873.92195207,4.888667703564207e-07,181845698603.8152
15513457.7595723,4.724732862581985e-07,255735156286.5248
15795590.39589326,4.74615944955288e-07,259601768659.3495
14686532.93210168,4.762556337948878e-07,240819989265.7583
12954688.7821327,4.960148671678623e-07,206742860813.1864
13451740.17213586,4.976894785641561e-07,214193438967.1502
12594969.34847554,5.052812206289991e-07,198537101228.8392
9967100.062682828,4.754625715089669e-07,163615556950.9134
10420012.19521962,4.702176401068826e-07,172319972063.1985
10328144.25343021,4.749818623890009e-07,169656672325.9222
10151507.2186311,4.55487983575717e-07,171479646022.8201
11666047.37159844,4.511609206609942e-07,198321326887.8195
10720267.72872581,4.614437529874014e-07,179525626505.6957
9610955.693647794,4.293461331895518e-07,168873513002.8183
8991269.239772147,4.282128397757335e-07,158263662714.3867
9649052.555626081,4.202349567593097e-07,171984729622.0909
11014709.15625622,4.172182793658948e-07,197271410108.614
10113852.64321915,4.266989669420008e-07,178444114086.654
10152932.54043218,4.174100896996666e-07,181781439745.4925
9263285.156728117,4.532440870436337e-07,156991787860.5329
8453312.344491623,4.592361414960224e-07,142015651326.2778
9421162.794778328,4.423685906814965e-07,162273767560.8121
8658428.009281717,4.364645124518382e-07,150478028084.216
9266729.342886189,4.381104307306491e-07,160646308307.1234
8307060.071192575,4.546922187972981e-07,140486848297.5439
9883143.116170581,4.44231733603119e-07,169754787640.9659
10046195.50668432,4.335506053091205e-07,175377992423.0146
10944098.1737012,4.238358332406969e-07,193961201611.7272
9013975.129540144,4.267790435892508e-07,159018492343.0727
9881967.383183334,4.258903509962089e-07,174573458387.1113
9497526.425684562,4.170369406205753e-07,170148252596.3763
10637802.49782707,4.363685316039827e-07,184905419402.925
11876463.95306438,4.289296109978069e-07,208815693968.9987
10681723.92082486,4.301882712069256e-07,187442890192.6801
10100483.61711626,4.294351000227462e-07,177450465403.1562
10342556.08624612,4.259877405743634e-07,182682305616.5385
10900250.41047571,4.292004417782655e-07,191570971442.3625
8137372.951700377,4.334037288405687e-07,142087473502.9071
7976308.183478056,4.44659524033162e-07,136914735923.56
8229648.953321466,4.439386076280095e-07,141416266216.0346
7949895.429131014,4.376521478821425e-07,137914111740.5723
7907010.573690671,4.432865218486464e-07,136005342477.6743
8067377.660334601,4.319111982296759e-07,141189612195.1634
8695445.542305753,4.344233184778522e-07,151594375066.918
8616910.11904677,4.377879538028276e-07,149454509899.9312
8213712.138144813,4.371209133072336e-07,142606204628.9057
9583311.186245283,4.266192534607502e-07,169104548693.9322
9144241.268335963,4.275023078182558e-07,161134561137.4349
9495182.036386721,4.13663130563169e-07,171029917272.2361
10136387.27220943,4.313730306442429e-07,177547489237.0905
10937547.19689975,4.31134684290373e-07,191651092040.3333
10488262.15932144,4.337260343069254e-07,183045844215.8217
10505218.12294392,4.859653399204147e-07,169955364460.1437
9734204.74645716,4.891616592823111e-07,156794997971.0258
10298050.62878759,4.851231400407998e-07,166796536696.1599
10515015.52905826,4.811646437649072e-07,171243506950.6098
10747856.31230184,4.844764780330431e-07,174236867345.6073
10676281.6330086,4.769434216641668e-07,174894215716.1053
11070321.31120839,4.743210192816691e-07,182017011374.2267
10594313.4245111,4.786216076353964e-07,173145529535.8969
10756184.16262259,4.744269250017722e-07,176825682814.2218
10293477.88701665,4.837422500768433e-07,167039605502.7194
9935082.737755267,4.855079399084766e-07,160832543583.3215
10275773.51444114,4.827332797469963e-07,166984578006.8453
10819511.4386334,4.833756030545961e-07,175664700314.7206
10609252.46492174,4.825248683042492e-07,172453356032.9523
10972506.01104821,4.787921836081234e-07,179283832002.5909
9894804.158255244,4.861573372250395e-07,160037824765.7877
10012027.67573478,4.840503104200984e-07,162403370934.0529
10354054.21989426,4.856906964969758e-07,167572948714.9383
8287488.808895119,4.961196405988464e-07,132240761476.1066
8365650.424872783,4.992896602710638e-07,132922346040.6111
8609518.860312594,5.008675775561181e-07,136509728220.7903
9042515.93566817,4.916242628145859e-07,145166724394.4728
8453459.994481336,4.942311074923936e-07,135232512557.7659
8778668.084879855,4.988599456379904e-07,139564898992.8686
10774015.50473932,4.694482946193183e-07,178368880156.1305
10065576.45116426,4.721943998916305e-07,165993633071.5264
9759415.799054233,4.813873387999534e-07,158889078321.8252
15719781.64025257,4.206167231668431e-07,280019849993.3146
15117951.54970201,4.205086888552885e-07,269345443627.0987
14598548.69795283,4.276298848495286e-07,257196063630.8187
9627955.17696715,4.4355930878179e-07,165538720621.2693
8811336.282054609,4.383923841222936e-07,152686196148.455
8718891.164692258,4.567143697569409e-07,147016068862.0858
9955135.528944951,4.371449069625201e-07,172834416694.4856
9997625.762008382,4.308918308836791e-07,175247313430.1488
9124452.415207686,4.319527084638598e-07,159679565786.8827
10762533.82699149,4.480066971251842e-07,183819476667.8405
10118473.38486427,4.459544988583484e-07,173348981367.3283
9185972.939484969,4.591486481179404e-07,154343953960.8194
11507175.17559757,4.411028180327692e-07,198583046770.8841
12090972.78449362,4.316043714672806e-07,211708041134.5824
10840868.67020454,4.391342954805854e-07,187643062606.9663
9843228.410057662,4.100302381725083e-07,178344740382.3973
10615586.01695232,4.052993403173628e-07,193832549955.6162
10021418.71477153,4.118766466680719e-07,181030227019.5338
10132825.95289165,4.224414388542799e-07,179978063331.3503
9778292.476136487,4.161053020631999e-07,175439557559.828
10168318.51487478,4.248454592770809e-07,179926509306.7662
10010757.27936456,4.1844308243438e-07,178940784293.3045
9683625.237383852,4.089019594430143e-07,175775569014.889
9658384.85099389,4.121172596399789e-07,174404346504.5691
8748550.551460678,4.846814548219652e-07,141785505891.236
8675412.761405397,4.782775317250396e-07,141852445532.5451
8931086.628937148,4.808476088055387e-07,145512173615.8832
10712818.21702947,4.528387515648145e-07,181666428951.1672
9140047.147402706,4.640920577779827e-07,152479811067.3489
9926350.524497846,4.653990364881151e-07,165287224580.6286
8430002.150818646,4.422122409864097e-07,145235854844.5576
8083348.392315164,4.60318260381359e-07,135587346587.2592
8339584.895765997,4.608668552764506e-07,139774340046.8129
9366014.026570778,4.734493604742585e-07,154183931108.0845
8602690.658590445,4.721417104811809e-07,141879416536.4833
8480776.831039689,4.851579130682954e-07,137355763997.7419
17397535.37829815,4.195844487670434e-07,310414123337.2014
15140001.07323806,4.316423540238336e-07,265079741075.9669
14724033.84447425,4.334484926019795e-07,257080109215.1946
9603274.266146934,4.16714435153375e-07,172131479830.0775
8947080.748631915,4.245304846873092e-07,158395231353.4903
9428857.923765415,4.14689509528793e-07,169554918463.5252
10752416.71616673,3.975655609458893e-07,198868920479.5684
9838081.634870967,4.068972428157712e-07,179165309417.3332
9863555.588674296,4.036983441617695e-07,180576896390.0146
10049448.28946055,4.217019910854357e-07,178705719391.69
9810851.093169216,4.251742355295956e-07,173511683862.6613
9721679.438087799,4.121809242052193e-07,175529198913.1485
10740277.90611346,4.493752980049652e-07,183066714975.18
9890875.466871368,4.498387148672467e-07,168472950042.8313
11188822.00151346,4.438522809100714e-07,192290897975.4394
14761770.27309134,4.322184038418007e-07,258227766546.0076
15293352.53353695,4.267948723069387e-07,269788378402.2229
17438552.86185424,4.183201694256881e-07,311772571961.5732
9457447.100429846,4.455700347410234e-07,162117514464.1061
8709229.341113439,4.45551899306506e-07,149295778405.5383
10071139.43123038,4.363922314009474e-07,175049389919.1591
14093539.77833671,4.210111369688094e-07,250894435507.4749
10732472.57644682,4.39490177324346e-07,185666551956.5647
11385595.86405266,4.301358445339912e-07,199810669140.8419
9020802.157591555,4.508325106755178e-07,153426957759.9631
8330871.733342357,4.493097645161973e-07,142012490334.0997
9170752.408801064,4.492648151135672e-07,156339972147.1538
13303718.77474684,4.219526133772944e-07,236481552824.3349
13261218.32265007,4.183426105406121e-07,237080239286.6482
12754636.22971158,4.121298152073449e-07,230309606797.9903
20185239.8887433,3.745138405134929e-07,388497892337.4148
19307018.69470852,3.755344110450676e-07,370921543297.4708
16809371.1766075,3.841066137780187e-07,318114606379.4989
17217295.40778841,3.929645551175154e-07,320919429452.689
12005902.17935034,4.000645494040039e-07,221126820290.627
14616520.28515295,3.990164587140645e-07,269680857446.6216
19921239.69206873,3.909516787089661e-07,372592669384.3836
21374460.80664878,3.842634149084399e-07,404398133736.9226
17931841.8624193,3.837497825146813e-07,339567516760.1987
13503666.82559671,3.806477093108592e-07,257100487646.8564
10556040.37930677,3.862499122727453e-07,199031636366.5328
9230858.618767716,3.859991466713055e-07,174121020130.3912
15377701.62338162,4.052061304650443e-07,280828227229.4542
14185271.96176403,4.038563639458249e-07,259628907571.2909
16121511.27722704,3.950752417295794e-07,299423494820.2708
15379268.12105682,4.090330719342718e-07,279102281041.1561
14711578.19641073,4.16382041152317e-07,263834309479.9283
15339631.26123684,4.103517402437164e-07,277786242745.9277
18590645.97859741,3.787883047911491e-07,355110439346.2004
16276778.48099541,3.866383321665961e-07,306689222017.5035
17196218.49034686,3.862717270558478e-07,324218411466.1389
9966923.854941795,4.364703793773109e-07,173217309901.382
9401767.495471865,4.378606128964513e-07,163049292944.7508
9103253.428581415,4.383815730503994e-07,157747241265.2718
12567257.62995316,4.234049580456237e-07,222879380561.4179
12506074.36247526,4.249397669676844e-07,221259922761.3067
15056764.81260921,4.201600334585183e-07,268403705592.1003
11543366.88968972,4.218057317828443e-07,205237877507.0693
11838928.99658887,4.130119018142547e-07,213470256179.606
10488040.39889842,4.235716086905508e-07,185955826258.8905
12129160.29850568,4.084090083960389e-07,220343643843.1595
12710884.75567222,4.030834486760717e-07,232940929498.7792
10761315.08583667,4.187299437303139e-07,192269029869.8146
16502498.46891513,3.915754557247575e-07,308323097066.9022
15602052.51167185,3.920960512289387e-07,291241609795.6869
15790011.03305105,4.003943616356288e-07,290663477219.1708
17961288.18975491,3.798712683836344e-07,342436342630.5544
14840891.72068373,3.912127728921633e-07,277449946829.2267
15688236.32612206,3.879586191946695e-07,294928801681.7982
15787007.48121713,3.952322697722536e-07,293133115473.6552
12281581.27642556,4.171862933470958e-07,219972099106.7694
13750481.11619447,4.002570606124391e-07,253177569413.9339
18406675.76277449,3.793794850109309e-07,351230967838.9572
17386686.69583049,3.858741766013166e-07,328034622954.4696
15245994.78228438,3.906631137731143e-07,285290621610.9544
16096389.39843117,3.868487388039497e-07,303180324132.5674
18542346.85733638,3.785950079986537e-07,354308397193.8328
17149767.25827052,3.862224960823642e-07,323370094104.6106
20708210.2833497,3.735528437346955e-07,399246577438.3344
18759626.72980956,3.813593827208823e-07,356725839577.3914
19818559.41422148,3.751230704334608e-07,381027422842.748
9679232.191664889,4.309912452659322e-07,169640134911.7764
9754268.348917488,4.353559848730528e-07,169810687332.3435
9475655.537231278,4.361541190460415e-07,164759049999.5058
15548291.78824638,4.106526652977496e-07,281427317849.8398
12696755.80293427,4.19652170431681e-07,226516469705.9214
16257255.95233439,3.978829546486486e-07,300522518944.0005
14286718.98114174,4.228055689021445e-07,253613306563.2226
12088277.19436334,4.367857923199036e-07,209983614947.8443
10901134.04359711,4.4107448893858e-07,188132453868.074
12483326.61281949,4.32819183657359e-07,218168811513.3817
13117650.86591744,4.270809575445548e-07,231303708490.7881
9719024.215909475,4.374682344368951e-07,168652059368.0821
15433203.43311731,4.172620779183863e-07,276386485351.2424
15522225.51861883,4.151719333510038e-07,278912940664.8198
14129852.72336774,4.264669697788782e-07,249390956920.8446
14748981.45480143,4.1799824257364e-07,263822840728.8035
15532521.39439161,4.156153302167294e-07,278899405302.6365
15377824.06684208,4.120303279189151e-07,277721028770.5316
15805345.36902748,4.173376784489737e-07,283016828325.749
15951888.93162384,4.129673269181656e-07,287652612076.4844
15861641.40759145,4.156418976122483e-07,284796893658.8151
16058574.14501196,4.175491606106606e-07,287454142262.8543
16888426.60587085,4.162407734945074e-07,302941969263.1867
16206284.28471933,4.128995168851518e-07,292271994363.8183
8190432.756439112,4.01082896446465e-07,150597381520.6526
8330882.089269187,4.023687764171551e-07,152853295384.9909
12056259.76161532,3.924028113704562e-07,224935424363.1676
10325020.65488268,3.915982522627078e-07,192899202682.153
12673980.69463358,3.904648952684421e-07,237242073671.6577
8845673.495657705,3.997596151568661e-07,163004011622.5659
7933388.793055573,3.936900394792416e-07,147691597130.1487
9165153.484957311,3.914028944932891e-07,171286730739.766
7774678.965471192,4.018662510780695e-07,142767090202.9326
15932460.15256857,3.80551781207823e-07,303394009641.7581
18537268.99752903,3.747742444371501e-07,356614715881.9031
12715079.96700638,3.842332859750977e-07,240577923803.6431
12528136.17545061,3.853945934663509e-07,236564398631.3204
18311403.15249028,3.763602378075372e-07,351279226810.9283
15103383.47209233,3.86359076784709e-07,284717068056.4713
10297968.73051367,4.001930808174685e-07,189629187853.3824
13430343.19744836,3.800023782323293e-07,255993871035.2334
9170252.666850863,3.908653167454848e-07,171539133407.7155
20533902.79434343,3.944539451374976e-07,381774835855.4701
20313535.75891099,3.983765850091507e-07,375194376133.3391
22008910.72912152,3.882132635831678e-07,413572483664.6301
19398693.00276453,4.069941970000257e-07,353221387433.8055
19671986.29866703,4.030456991902638e-07,360533274005.6716
19888855.02217817,3.992772812850435e-07,366797794405.611
16263984.9531749,4.036289793191489e-07,297786773380.4072
18522545.4726973,4.067687291765892e-07,337392660236.3611
19001580.29928093,3.994391702398069e-07,350339646469.183
10186443.62383837,4.51060080614648e-07,173194058989.4246
9456530.373623507,4.518009343012043e-07,160607962287.9158
8920504.087324275,4.490624024421279e-07,152119515285.4251
13583355.31344934,4.338293168019995e-07,237025168059.8952
11644353.36839376,4.45519669485872e-07,199620032181.5739
12111205.24754059,4.398007805370446e-07,209419298402.815
12898109.81007899,4.432064294090344e-07,221881981396.8263
11876866.9347517,4.503843592316822e-07,202137252041.0641
11470295.88915416,4.495958012346973e-07,195445851534.9004
9697699.625773007,4.374564577792625e-07,168285038684.2602
10132826.13620618,4.343336801839068e-07,176677638458.8149
8766600.296895867,4.436072459874653e-07,150718114209.8851
9188038.728003483,4.395874656392946e-07,158925145156.1406
9462421.425913593,4.388223883091196e-07,163861314722.2796
8542972.971373493,4.448954363248493e-07,146589793065.1812
9917174.113124184,4.295412777096164e-07,174201277267.2516
10434757.5413709,4.307387116180437e-07,182953094349.781
9993125.197761131,4.339494228811718e-07,174344633954.8239
20980215.65939269,3.880289320317869e-07,394366977940.5132
17618365.55979841,4.02755904151737e-07,323050938023.2631
18372540.98064661,3.899349279315388e-07,344223988593.7228
18173239.81797177,3.794993336503253e-07,346703595775.1312
21637940.19979999,3.803325275806438e-07,412199002486.5706
20948495.12133775,3.745391921051043e-07,403169791196.022
19648828.50484873,4.010838401337605e-07,361282189757.076
17926913.55160909,4.053634256586789e-07,327297345651.3364
21316794.84034992,3.909807183914235e-07,398674396299.1467
10950603.5873858,4.434707670176585e-07,188304801083.2889
9666976.59600147,4.495000510080857e-07,164741937848.466
9822182.804723201,4.477025440491329e-07,167834654111.7455
18254523.73687962,4.08588139257146e-07,331522750032.415
15811256.16893019,4.210301090198741e-07,281464918151.9301
16596253.80015048,4.129092550598928e-07,299300187876.1962
13921751.77840089,4.33626389770214e-07,243005861697.1747
13414782.9378439,4.389962261240691e-07,232243263331.6841
11957821.79430852,4.454535155177751e-07,205014140313.7458
15261812.73409697,4.192708762065409e-07,272443419752.2767
14509425.97212828,4.271841997577791e-07,255803673532.9194
12986504.91059309,4.333724956287518e-07,226769540867.9084
18735504.38129287,4.086121030843627e-07,340244597780.9499
18468818.47421127,4.123932654913707e-07,333348165727.6634
16259109.50844189,4.2093679343069e-07,289480177682.176
18144655.52834594,4.171944977825063e-07,324979784443.6774
18070749.92895292,4.203641590703584e-07,322027076345.8571
17261238.17777125,4.217315672250486e-07,306936030311.5283
14096329.85143822,4.007155062761491e-07,259347433542.3296
15008936.96636581,3.926026176169444e-07,279928944396.6581
16026683.88867636,3.917198446949101e-07,299359668013.1401
11360942.51375668,4.185335625713277e-07,203045874021.9615
8470844.213741796,4.255346740087705e-07,149728127152.404
11800791.22041203,4.125700446401258e-07,212934483619.0456
13460360.58744271,4.271698609027788e-07,237313780980.2491
12952569.0153381,4.191458451076646e-07,231266363453.1182
14582494.61777413,4.142047304937672e-07,262435020318.6027
11983038.87972026,4.341300259084792e-07,209003593065.7165
8939909.376977321,4.458072642423597e-07,153191624820.1066
11504198.60498688,4.250210365140936e-07,203508593715.8022
7664319.765954226,4.219838943115603e-07,136231131985.8153
7854101.38742447,4.06601764556654e-07,143103524624.5281
10845214.21532504,4.080801399276136e-07,197124752784.7058
7526946.095181795,1.009298016346717e-06,74806475361.40068
7434853.491720476,9.742157573186134e-07,75654653829.01291
7695000.676417002,1.001399340221945e-06,76878304211.53331
7446574.599647753,1.012309316010995e-06,73860864906.71297
7538373.979425083,1.025908289493044e-06,74109176321.47508
7601570.806021263,9.835991124602298e-07,76858385914.5558
7614630.387511089,9.542665880070308e-07,78560158128.53824
7465486.584234922,9.943028757037303e-07,74939764222.93056
7620678.473876504,9.65783058410348e-07,77996284850.43292
7450950.137014366,1.034919644271769e-06,72823894964.17232
7366811.031022027,1.071818595982695e-06,70339401911.40749
7382449.335946565,1.031746796246735e-06,72302235024.9948
7399347.557069199,1.099924173324532e-06,69441367167.39807
7396445.412195595,1.153821721120653e-06,67235284890.652
7421248.978582566,1.145542510003851e-06,67785405038.66491
7997401.142133746,1.019412785496106e-06,78955459050.63506
7708544.651891091,1.058894635529535e-06,74199998013.86745
7844598.913055589,1.020358946330156e-06,77399013553.21254
7462315.050546297,1.155819478636631e-06,67755867132.67939
7579014.463342018,1.147983762868346e-06,69128251510.5488
7266907.68493626,1.18045857966897e-06,65060261994.8247
7976239.313204261,1.032901085946501e-06,78059485848.27679
7760932.902744988,1.074951495225254e-06,73958486767.48187
7687768.762959206,1.072535702927067e-06,73371231160.35091
8225025.362170963,9.948438635358809e-07,82534203061.74406
8453229.074922714,9.655851132426138e-07,86529115385.92509
8234708.239204383,9.909061946717142e-07,82850128722.38603
7437458.806380138,1.096078349211077e-06,69962207977.84708
7644163.842844948,1.118223270392049e-06,70954123005.08701
7545011.789445355,1.069568009078064e-06,72141912760.35074
7401216.937832933,1.064787990125193e-06,70978645063.70802
7371495.728961331,1.080124512121009e-06,70022842569.66498
7455661.507602773,1.043164350278936e-06,72485480915.45006
7707668.780580681,1.020372089283374e-06,76047334513.99324
7484724.864650875,1.049837724742737e-06,72459342809.06563
7539475.160696733,1.028238113967653e-06,74007996847.1035
7508891.615793311,1.096876629760343e-06,70599882799.85893
7418271.300367687,1.141659097608133e-06,67911775420.7532
7421177.723581692,1.08775611521105e-06,70164668323.88837
7373991.416299526,1.126333887773673e-06,68117368263.05537
7290941.059491219,1.190811529042258e-06,64896543614.32868
7579818.663901324,1.148547929174843e-06,69112945193.85603
9575959.753147867,7.606488459979255e-07,114919264634.1463
8741511.264731687,7.893676857520001e-07,102345077464.0874
8999191.113195477,7.806521774207361e-07,106144727059.1809
7854412.460847526,9.741747031067267e-07,79926195050.57867
8228956.685061443,9.313203864978664e-07,86287000002.67683
7820088.127209924,9.571739279872543e-07,80516410787.17354
8960333.529540692,9.310572733505364e-07,93973754317.83432
9224094.353275713,9.281724381430193e-07,96940359220.85205
9127519.368686754,8.965016589615671e-07,98171485992.59605
8902818.410835018,9.077103502327085e-07,94964799768.39847
8880647.602101406,9.259769632062979e-07,93478381011.57434
9047091.816921998,8.913309442214288e-07,97682404583.52031
9330442.253902901,8.475875001300923e-07,104178763987.9331
9014363.949411999,8.878907583455014e-07,97580281066.77522
9159534.739047628,8.718831027487587e-07,100361676351.0017
8481380.139111061,9.183471743878552e-07,89769457270.67928
8259400.525512602,9.481343839224787e-07,85579273630.39682
8663737.53567292,9.175240266486007e-07,91754419077.71123
8186993.905103715,9.768583523809823e-07,83157879090.40755
8211083.145790778,1.01456607024552e-06,81323031639.06728
8567798.876743807,9.644169492944663e-07,87772682941.83421
11850223.97549685,5.018875889533713e-07,187638630544.0485
11298831.99869673,5.095085891524263e-07,177119296321.6345
11275780.62120148,5.032116574623802e-07,178229458974.8957
10372720.49386165,5.363552476980249e-07,157129472556.8025
10564963.83735353,5.37906684520846e-07,159733762195.1668
9909294.748787081,5.559026053415091e-07,146569500202.3851
11875843.8079311,5.557308228750341e-07,175693146374.3826
11527750.99386464,5.58922644381051e-07,169893507853.5831
11397348.28826195,5.43715600893107e-07,171089211062.2428
14284154.35546106,5.412461984010226e-07,215075675327.7785
12620827.98968329,5.513770479170133e-07,187696161811.414
12418864.7684112,5.404339903956051e-07,187177421664.8383
12052353.73413096,5.653526909678666e-07,176275610395.8202
11690707.85239735,5.644714005066323e-07,171164165019.9404
12041234.12755255,5.610613588898927e-07,177009847528.4528
11491587.44313185,5.703295823168724e-07,167094732894.5538
11688406.44926558,5.804101500706585e-07,167982989583.9649
11401768.13312082,5.770770035541329e-07,164493860391.551
8984966.483405029,6.22847490046767e-07,123195633639.8725
9300512.403598953,6.109462762653445e-07,129172935211.3187
9399688.197178837,6.229680469786388e-07,128865382312.2751
8433713.307631144,6.618758032862238e-07,111045551159.0018
8685413.334582161,6.38747956418889e-07,117103751624.4395
8758790.854749018,6.517870644223541e-07,116512806881.0209
8630778.896341996,6.032373939799805e-07,120890216191.2359
9106248.075326553,6.060687320674334e-07,127152496503.3663
8794043.613044623,6.179206104732543e-07,121217920022.7308
8094034.76049587,5.982553977871463e-07,114000646615.3892
8230972.764477747,5.914118906426445e-07,116821953250.6041
8075492.245205709,6.186865942380301e-07,111221445185.3726
9184259.552215949,5.723725688782613e-07,133226803296.6951
9310538.447808383,5.732438860358439e-07,134921712101.202
8747201.55054393,5.876111677091234e-07,124683534811.5829
11538184.01137409,5.29095729806857e-07,176379438827.4114
10973323.96073269,5.311877236389309e-07,167303944838.9863
10777383.62261252,5.29851306417358e-07,164592737674.1478
10107592.71091628,5.66508511343466e-07,147630732328.241
9576152.531303942,5.895574074644517e-07,136198917149.837
9662456.765949206,5.723340686971672e-07,140169814331.8933
8066222.749355259,6.484860723438743e-07,107663817679.5138
8184407.405656072,6.673230905698486e-07,107175735201.1879
8124163.819177501,6.691471994944701e-07,106193408917.9518
9424010.348537799,6.904520883647262e-07,120636868711.5205
9006129.96695913,6.872927548629797e-07,115640607922.4883
9020790.779218016,6.670692473780026e-07,118158235577.6721
10100269.2860134,7.124318941690022e-07,126620507626.1999
9863725.93980282,7.345959676978292e-07,121155175292.4456
9713163.331583926,7.393100340311229e-07,118798135515.4733
9716140.364657721,6.648292804704657e-07,127551926161.9648
9986419.920162266,6.732074641059233e-07,130010134861.8866
9761866.645652421,6.873981026304718e-07,125331619404.5168
11336828.57584251,6.712566168726749e-07,147876510298.5388
11941977.6685218,6.560542000886409e-07,158167205380.6488
11492865.1871709,6.863260292490608e-07,147709354090.9998
9126257.475685503,7.793511635885005e-07,107763227938.4412
9353721.879154688,8.107232567065036e-07,107581112632.9974
9162347.205769949,7.973071435548258e-07,106558878687.9975
10077750.2964463,7.055934760959566e-07,127153178891.7156
9691080.335917091,7.324230880704987e-07,119269896682.3596
9774862.379207622,7.071567853950522e-07,123149742959.1256
9603026.219781529,7.557866864828878e-07,115737817832.844
9133359.079125945,7.775907895670101e-07,108009791350.1343
9385843.810917849,7.793714637500417e-07,110826509688.8988
8689575.618904933,7.211457256200208e-07,108056246549.4261
8398846.854971342,7.08644906560639e-07,105665663012.8271
8735186.216545999,7.017652347853518e-07,110614213221.3555
8899337.22575972,7.594837347260137e-07,106908444921.1342
8617313.303087834,7.63360451367994e-07,103169686860.3091
8766494.840511842,7.436120844113926e-07,106805845488.8674
9424843.589954967,8.02469187253403e-07,109141162308.2014
9196510.740736291,7.711922168054185e-07,109357353237.6189
9445530.484631624,7.645453702396403e-07,112968539007.2684
8991492.613721337,7.883034457750833e-07,105366569811.128
8672817.862055019,7.744734202393553e-07,102838534923.1722
8955741.291755943,7.706770361322351e-07,106541774802.1892
9201419.776792282,8.535940660751231e-07,102255635585.0003
9181145.924018847,8.155799698247598e-07,105176614969.7105
9372715.807888733,8.296177755180107e-07,106156538720.6252
9067205.002446618,8.217689832062444e-07,103349156892.3905
8964326.58148228,7.985381271537032e-07,104148710886.6345
9072816.380269928,8.034315815157699e-07,104980713983.4207
8990264.159719996,7.976918495667441e-07,104523918578.2134
9063147.612916792,8.25855003083562e-07,102961892699.192
9207749.530481819,7.946159570547e-07,107328561595.5987
9357791.132066604,5.206209509567569e-07,144596879274.8088
9599891.415331699,5.123021549607154e-07,149939318398.4895
10112830.0206664,5.008096645336946e-07,160358101796.2987
10636091.23722898,5.042421479034642e-07,167889147822.1545
9608660.363255352,5.185693668292259e-07,148864657918.2013
10373558.07220239,4.987248427061354e-07,164950539818.1313
8671307.343121031,5.520581927992441e-07,128853041191.0055
8506868.461921923,5.491964884248977e-07,126848270354.8804
8854408.04993894,5.382053053271938e-07,133822010195.9785
10109799.94602738,5.42098833964221e-07,152063008904.4539
9652352.735286681,5.616901822147269e-07,141786635057.239
9523768.87601753,5.609879028914182e-07,140014554590.7629
8386349.21530077,5.71740893112783e-07,121741908492.0074
8391013.166457133,5.576638226764907e-07,123850972645.1317
8554333.837903565,5.603989573630959e-07,125850414164.0834
8760712.638839431,5.936082652154037e-07,124033636179.0779
9324477.653141413,5.791555926808567e-07,134202624615.1353
9239699.669632988,5.962906293553173e-07,130422503386.0607
9452313.696620779,5.461514101037774e-07,141469478761.5083
9251091.863754731,5.60698118969076e-07,136052625619.8417
8936840.869188031,5.559971203849555e-07,132170844026.4783
9753173.036974834,5.415097643604091e-07,146805299917.9552
10135544.73044197,5.372404525226617e-07,153367953955.4353
9548756.834230879,5.559359896506118e-07,141231088807.0995
8309647.868779938,6.443336745007145e-07,111388939091.1041
8510079.193381496,6.849400774455809e-07,109521289674.3824
8468928.101406461,6.435323655317774e-07,113618272863.8807
8325676.347090418,7.148219522361803e-07,104140806479.1814
8182492.354418838,6.899307991125303e-07,104796936303.2987
8217360.010137673,7.050436517535065e-07,103734123852.973
8284670.675439226,7.317129738133821e-07,102026912826.0403
8351383.328341116,7.253076604588349e-07,103453115816.213
8242899.350424878,7.154581270767057e-07,103044270593.7312
8591215.884257967,7.289049476168426e-07,106073614271.9965
8344072.258837912,7.326171288903885e-07,102673888661.0047
8302151.260948881,7.163183801448796e-07,103701867751.6158
8516388.683381278,7.638106646371562e-07,101921309662.6413
8741951.607425526,7.576977543399125e-07,105182720148.4996
8416491.813133208,7.478344213167912e-07,102155276743.8203
8909027.179379828,7.490361172405672e-07,108017746115.9356
9022008.832847869,7.427062466118924e-07,110008235017.8704
8739942.647834646,7.25716700248452e-07,108225725201.9462
9806608.908065131,5.306112469712532e-07,149623986504.7502
9470829.917032095,5.264768272228425e-07,145256373402.8997
10491053.02043962,5.123111592638348e-07,163856322910.5757
8362195.984319706,6.186693182706063e-07,115172277817.55
8521976.660492323,6.177967823669912e-07,117483419596.9187
8723781.297588853,5.819668098203706e-07,125152431422.0294
8045999.461414455,6.27718726081586e-07,109749683385.8367
8137469.654534067,6.256042404638897e-07,111247329076.6302
8069545.209986217,6.068894012545547e-07,112575190464.0066
8022320.392096446,6.279877094513195e-07,109395445170.8688
8017298.050469622,6.283170015651986e-07,109288757436.8193
8040801.79643963,6.075235139838274e-07,112096132538.9951
8053664.315741789,6.411487715058009e-07,108314761442.7373
8166688.358813475,6.602947472198106e-07,107701252758.8325
8048632.17077611,6.415099635572258e-07,108206448460.7779
8211775.809709013,6.749799121539872e-07,106719353438.7613
8445262.24202293,6.927890621021442e-07,107864646601.8447
8245600.22490571,6.522011726044701e-07,109639713333.4789
11534545.28900023,5.537399844890846e-07,171052682421.1459
11010833.35447715,5.891963303523435e-07,156667952474.3934
12739375.47269783,5.377805662554638e-07,192639230685.6572
16065127.37563437,4.486341754724554e-07,274129603260.7015
17640449.57740694,4.128664416090559e-07,318153417793.7541
16079061.77539981,4.375859508524019e-07,278966330873.7866
15088250.53754532,5.19176376932177e-07,233576387803.1499
15207228.89295063,4.845452764432046e-07,246505817672.9689
14312031.94455541,5.097750063505839e-07,224275725945.0522
15753059.76269657,5.202278148070743e-07,243539386750.4572
16179891.21099786,5.106365004339356e-07,253260636394.8649
16675865.1902731,4.858794115355505e-07,269817042546.3694
8534724.600214988,6.445591844119896e-07,114379355320.9486
8581080.729192449,6.763708763845174e-07,111365854817.7196
8566836.623301052,6.582363036517121e-07,113213772928.7557
9146315.786557954,6.036914089351847e-07,128047035452.9856
8673967.226186529,6.26407696451854e-07,118480365917.8436
8706339.89571988,6.400635833957106e-07,117224990341.4051
10520865.50604108,5.719924574556903e-07,152683204906.455
9603148.672180954,5.899808075311044e-07,136517521977.7284
9152185.111400222,6.263999139717582e-07,125013525425.8342
10410146.0190956,5.300423402636918e-07,158946064531.5906
9345671.60225191,5.539496992267749e-07,138557581969.7799
9621377.181038193,5.671543865670987e-07,140422395260.4127
9310352.963888353,5.15604025884093e-07,144795571477.821
8720129.499557722,5.350480455356952e-07,132310531252.5577
9306901.621499093,5.028946935208589e-07,147170383378.4202
8217816.079978916,5.939537216114318e-07,116302221948.5738
8286360.408636658,6.126815569535688e-07,114870174405.8102
8646319.795027792,5.760079219171581e-07,124895173843.1389
8593603.426570432,6.673626213563585e-07,112529759133.2556
8542525.987186952,6.999738912231675e-07,108359023118.4205
8707563.416767668,6.674098947363878e-07,114016634819.2554
17386072.10686017,5.074088411128588e-07,273293596801.7586
16347696.55777336,5.145975552173392e-07,254572461652.7157
16858118.93533896,4.995607767782272e-07,267762790469.4812
9435779.037196003,3.939476964912874e-07,175584180629.5278
10416805.74689555,3.739916175655086e-07,200675022328.5127
7838050.777518899,3.865489055367757e-07,147708370589.9208
11903550.84477893,6.008372792587837e-07,167175238231.34
12231288.66444212,6.097063310351915e-07,170108133534.1875
11887253.85624883,6.094114569165417e-07,165376753035.052
14084416.57123881,5.490190515104676e-07,210061881695.9676
13563832.19346495,5.665264491488434e-07,198108122124.1771
14177712.40132216,5.529199435937065e-07,210457622023.2409
12691292.25345317,6.441469125776735e-07,170156767033.2036
11876221.08146243,6.602648390250258e-07,156626830610.9611
11621668.25224613,6.815530773864609e-07,150061293389.8093
13218373.43372678,6.17581617197584e-07,182269964954.0023
13180785.27684394,6.278284669553181e-07,179768646862.3871
12672130.89773907,6.420854531494095e-07,170263319581.9362
13631270.63662838,6.046288488665543e-07,190638420209.3021
14327599.08425759,5.899945165897244e-07,203676740868.1224
13593099.51591387,6.147864179416037e-07,188004821359.6372
10963005.35248428,6.223889177353943e-07,150390957880.4055
10100962.00312711,6.394208998317242e-07,136093751518.7385
10752685.04641394,6.117466081606148e-07,149211585503.0836
11457234.58502102,5.728152066953151e-07,166112932848.7249
11554882.21865222,5.758181151117532e-07,166945726834.3644
11970574.58319997,5.859447367658195e-07,170953196294.5311
10751066.11036813,5.71046572910742e-07,156196217541.9108
11084887.02131044,5.724702278513794e-07,160779004054.0412
10909384.55791876,5.880791052694774e-07,155421018867.0619
10795889.09397067,5.637514729426503e-07,158197623351.0894
11090549.86949163,5.587537759447553e-07,163483062616.3857
11130399.84462527,5.651309187900702e-07,162833860876.4908
10903189.06009482,7.151981716857028e-07,136333508846.1896
10240227.73234954,7.365535714311772e-07,125556747006.5253
10125927.21486832,7.347563938292286e-07,124357663027.6295
11006960.77063677,6.80507168651023e-07,142269656280.8702
11160718.3398383,6.953464289485487e-07,142197293059.2937
10616712.80733945,6.927847303268551e-07,135599430285.1185
10332364.99052897,6.754006114244621e-07,134222535833.2324
10798337.37688795,6.755716655936728e-07,140252068326.4646
10411838.97569385,6.879206148637583e-07,133608850272.6244
9877593.380899098,6.942121399509584e-07,125986209032.0409
10103466.22566117,6.80121457387028e-07,130640973959.6914
10182056.6600604,6.924724077227947e-07,130086988713.0867
9978718.458060408,6.514429432013877e-07,132787495641.4955
10835636.74040602,6.344694844783459e-07,146750845146.3252
10252600.92664401,6.599532422839197e-07,135256644355.6588
11447795.40364381,6.323576338136038e-07,155386522911.2307
11930483.66522719,6.424567454455071e-07,160236747697.7944
11325629.65369246,6.578843885058036e-07,149725567887.4146
11912801.79042187,6.611228722512181e-07,156973302151.8441
11223336.36223762,6.914923955847935e-07,143525931184.0488
11464243.52672634,6.914715346496132e-07,146609641537.7707
11627693.03150511,5.21955670054372e-07,179365045274.249
12458753.71838326,5.277398849229433e-07,190777867015.6384
13182035.14801968,5.176144818190173e-07,204477182775.3346
12514451.60958954,5.416563129836933e-07,188334240002.8348
12284388.43898024,5.407267963748637e-07,185083745317.6633
11850286.92597209,5.373553531635796e-07,179289344498.5198
12994294.48415619,5.435688661737932e-07,195096579632.643
12887555.73567457,5.41929714730808e-07,193883974293.0297
12991045.95588498,5.355160900905302e-07,196998280901.7256
12766514.92551971,5.496321364320806e-07,190264433462.6043
12180946.59929456,5.565396453502585e-07,180032246719.9924
12570162.36968701,5.509855684240653e-07,187031204877.8906
12929182.81270034,5.357779927456359e-07,195996280199.087
13707706.92723275,5.279607934019975e-07,209844228353.5431
12734411.56536844,5.376585957274121e-07,192593290322.0613
12605840.49948714,5.462077208485307e-07,188654246149.9603
12657491.77408706,5.403593271608216e-07,190791586348.8589
12464785.63938856,5.422191252836348e-07,187456969959.6407
14422120.31185389,5.181710380485057e-07,223552925315.1821
15478734.27430104,5.167846517686848e-07,240360098583.8553
15754300.10057274,5.073897309438764e-07,247649809630.256
10541970.56764751,4.982473592766151e-07,167735554594.4252
10717108.52973614,5.083052997689804e-07,168265289422.1824
9765534.251420775,5.056220246258745e-07,153866952443.9794
14728708.2135447,4.893538002440844e-07,237182521455.9227
15916792.86362579,4.789084546675923e-07,260028267116.9322
16074554.36523714,4.806468995041474e-07,261971981514.1605
11155022.74622254,4.958152481120246e-07,178069910744.7841
12230963.59507751,4.957538329988867e-07,195261499312.3114
11335160.50987622,5.058491274787028e-07,178544716931.6464
12994606.18552656,4.789355518618359e-07,212281299762.2188
11398775.00736068,4.824726481863734e-07,185300411151.3432
11555797.56459519,4.778951323182481e-07,189050655376.3323
16293442.03176277,4.823482251047577e-07,264914491910.7053
15777312.59094627,4.880708086124607e-07,254513686322.9012
15930831.70897692,4.884878269503855e-07,256843917925.2334
14318176.95188837,5.398664742286559e-07,215955110693.8321
14412242.54309189,5.437948305327552e-07,216325730567.9788
14493046.05378232,5.298418144924671e-07,221341162227.1183
13384191.91405426,5.83332430334536e-07,191711459800.0083
13169767.07447126,6.024101391715848e-07,184636083230.1556
14189428.57722236,5.832241312353872e-07,203270606549.2712
13189199.45801436,5.579536059958077e-07,194604573929.3888
13318862.5739186,5.678349498769896e-07,194231228973.7357
13834768.9874171,5.502467347193266e-07,206031486372.9454
12162990.57428123,6.040482069964568e-07,170212965096.9814
12667782.95124072,6.076604717203331e-07,176573946035.7946
12878098.19790637,5.885343215791614e-07,183373765259.1542
11810811.29957568,5.88403739847371e-07,168201338680.9026
11919561.13306929,5.967650526288158e-07,168160766074.6578
12501334.22423797,5.713653180568952e-07,181557328109.8709
13658363.2230328,5.723776838351569e-07,198126938746.0333
14471685.75479802,5.723371170146194e-07,209934838708.8532
14274355.25804065,5.587356282346993e-07,210419309424.0194
11421917.52627422,6.417595207948904e-07,153517352829.1297
11400272.59041335,6.475929021304845e-07,152304890632.3111
11622660.66556342,6.226595005928289e-07,159393942362.3868
12799711.13738568,6.435947856476248e-07,171708511758.1797
11725427.73813463,6.808969851529461e-07,151498297968.1921
12298536.49776369,6.579007035195966e-07,162584772294.7963
11617646.85745901,6.508592741524104e-07,154689240105.266
11807124.36394511,6.512235494203397e-07,157153505517.7559
12340292.80496387,6.295317060307901e-07,168001719165.6302
11179458.87913203,7.085508767461055e-07,140660910086.8507
11440994.6252309,7.304402655336825e-07,141061114603.1274
11239436.41323742,7.085406994921818e-07,141416906725.3252
11533371.65726345,6.939996679016994e-07,147135266008.4504
11264480.44239168,6.940909147128169e-07,143692331703.6969
11575982.36920667,6.727297693352929e-07,150775493671.119
11594295.50182954,7.079835763303448e-07,145958338019.0936
11821089.84355698,7.286541640880825e-07,145985554575.2882
11324690.84447949,7.080911864642062e-07,142549893024.5765
14043582.68278521,5.461453221699401e-07,210186960574.6649
13388088.43787869,5.453743878632693e-07,200565122674.8378
13598326.1996165,5.364366899909934e-07,205971187175.368
11927225.84220917,5.508961015092501e-07,177484177931.4471
11447685.67950349,5.389681752597146e-07,172852480077.126
11730913.37714349,5.397663569895189e-07,176954367674.899
11838759.91003913,5.78363811413619e-07,170544927118.6172
11640673.70402233,5.687364485766742e-07,169578481228.8481
12001550.76642612,5.695671244726943e-07,174665617667.1636
11226201.90392389,5.527675990316243e-07,166675255574.7567
11236576.82708206,5.425870935330903e-07,168909620496.206
11366059.15833471,5.582237725264968e-07,167650309889.9318
11375601.43555899,5.710637353542387e-07,165266430159.6566
11238601.0665558,5.61731625560377e-07,165079446935.8572
11289159.75956838,5.736964745473547e-07,163508436212.5755
10663900.23019877,5.583324931066186e-07,157272987961.8231
10589097.02221931,5.543426138870109e-07,156918235986.325
10967016.0847658,5.433276371595782e-07,164707717695.3962
11372106.30851357,5.691848157083608e-07,165579045115.8246
11275235.69688076,5.665025855638071e-07,164686385633.1614
11235127.05140643,5.600027882900472e-07,165367893788.1652
10623964.33543422,5.978133433502784e-07,149707262082.7602
9956698.996357067,6.12013633149139e-07,138125749312.1792
10467738.26117959,5.810345772505523e-07,150332034937.0501
14501655.67578049,5.502702425477834e-07,215956810146.7055
13250905.96519584,5.571585553839825e-07,195700996130.4447
12926162.812621,5.632148071649967e-07,189533905823.7736
13167624.044761,5.067401633689851e-07,207165389198.0762
12487473.91298746,4.93273290638867e-07,200024346617.2748
11532466.34742947,5.019529315058794e-07,182591349888.9187
13940069.94488445,5.017091448884003e-07,220781971985.1193
14558966.42356992,4.819335808353161e-07,236849470758.4686
13239993.72747371,4.882781913485935e-07,213522130696.9762
17022522.43189864,4.933989402997897e-07,272620456211.252
18184572.28177948,4.793249997416621e-07,296904219734.6102
18070559.41339753,4.855441250240713e-07,292517909837.9017
13145913.73289219,5.325456299113418e-07,200087317207.9242
13605616.56394716,5.248089294208032e-07,209114469053.9071
13930840.9191129,5.247921637438283e-07,214117635378.0747
16021006.76675511,5.112249833053121e-07,250581165123.858
16572532.76576997,4.961456957917702e-07,264433252994.7934
16301336.93216555,5.019178931091004e-07,258107983820.1057
20482893.41606188,4.506420674387237e-07,348473816139.5009
20522850.44660885,4.402154736143148e-07,354645247523.796
19263199.1454351,4.535050322214898e-07,326342528507.271
20486388.72369998,4.555102216010503e-07,346045594369.2065
20494901.23002639,4.56146993481842e-07,345867126060.5394
19356869.00747145,4.65828243909136e-07,322120155288.2286
17020249.20676946,4.858273343950471e-07,275408887270.3294
17203169.14858212,4.765268325309596e-07,281979077946.3444
17336410.8186242,4.764514850812766e-07,284193015262.7254
21123451.56586078,4.345647334808873e-07,368181444579.2799
21206712.22850578,4.344870794517437e-07,369676717289.2324
20986060.5362284,4.449887454716004e-07,360051731042.4186
20968175.08820033,4.45968219525015e-07,359217947370.1245
21180077.5682129,4.348830754810293e-07,368988254474.5657
21008602.45058209,4.355583589411513e-07,365622511624.0272
20266733.85869903,4.263790532827264e-07,357755668542.8877
19458880.08235103,4.168582804402364e-07,348705571582.4984
19025171.98988952,4.182593858185025e-07,340171658912.7815
13587016.6210447,5.37654052722561e-07,205489116149.9111
13447046.86239126,5.477531939559355e-07,200864708712.8499
14834475.16230678,5.287173858351294e-07,226876645044.1621
11290133.94840891,5.720206618108328e-07,163841764737.8254
11239573.07153493,5.604240159256127e-07,165350427925.5949
11379513.33316773,5.654304403505933e-07,166419507383.1069
17131677.48311901,4.897296004853147e-07,275737385550.0568
17666468.50938143,4.993807503380154e-07,280669494143.9036
17451456.08442046,4.819188530944429e-07,283911112168.3284
15089928.85425029,5.420037914380516e-07,226996403224.6354
15219241.11533587,5.298097687121656e-07,232441154108.7087
13813496.15176017,5.487473489342197e-07,206089241550.713
12686169.60625206,5.575870201586628e-07,187264480325.0041
14334060.72232253,5.502493882398723e-07,213466400812.8276
12697583.04723297,5.617799504051443e-07,186499170713.1237
17133430.74150817,5.158712743459468e-07,266368850435.8034
16054730.65607442,5.21500530297208e-07,247799173998.4572
15921908.92183456,5.338009490492142e-07,241959256264.855
16125691.48717894,5.220717111709697e-07,248712858640.0578
17157101.17040695,5.151744905458616e-07,266977305339.7504
15965401.46640576,5.302112061139804e-07,243714054912.9811
17135097.35676667,4.915418433430874e-07,275114140914.1093
17452318.96293422,4.823963301037437e-07,283737765908.0193
17667336.68714784,4.99741856502705e-07,280548058946.8859
15905268.04738529,5.339233369938736e-07,241669433177.7122
17094761.79936242,5.191188615961002e-07,264658094398.7333
15884632.9881904,5.367096136670694e-07,240519856068.4662
15863981.96305784,4.915442907226772e-07,254704784662.6644
16339177.24666191,4.771203005393046e-07,267595159821.0956
16767756.9887397,4.779033275362816e-07,274314186500.4106
11121645.27782737,4.938311912337259e-07,178012306653.8332
12059829.8310805,4.852124007704526e-07,195307948657.8621
11455384.16643261,4.744817139414493e-07,188305644531.4785
10641372.525464,5.156105261777857e-07,165494334316.8059
10563182.61485189,5.064896850237492e-07,166244665253.0625
10056223.50437445,5.071839922793793e-07,158121609109.8659
11330087.66720975,5.169812018555488e-07,175893626203.0256
12865037.27778283,5.126839075848469e-07,200837400614.97
11249402.58508759,5.078689962466269e-07,176723779778.1184
11004116.92164201,5.283263227389413e-07,168378652728.6436
11289867.00847438,5.31588904010771e-07,172043481041.4744
10978067.57486222,5.247927225665566e-07,168733259902.7727
11795649.65719841,5.141069503148633e-07,183803121048.7615
11157799.37828785,5.22891135674021e-07,171911275274.0703
11251302.70354434,5.149424202296216e-07,175131269491.4395
12626522.29975211,5.323464386373151e-07,192229859302.2113
12524497.28165144,5.388229796720183e-07,189145594364.5189
11567139.65009704,5.311851365581896e-07,176358082968.5854
12731566.89079076,5.481377038303486e-07,190088308156.2477
12822700.77857663,5.450856663184103e-07,192162954220.1511
12929171.16835362,5.467225203657861e-07,193371608326.6317
12460716.44305,5.593126039243818e-07,183557982583.3508
12493958.98578882,5.534277006636447e-07,185350095405.6676
12105934.05985399,5.589452430249181e-07,178409836172.5901
12477690.39028459,5.431533154288581e-07,187435816340.5596
12709548.22048739,5.442107520601963e-07,190671317687.2939
12618818.04295122,5.472120665587591e-07,188617319123.5741
12552633.9873059,5.636412307856327e-07,183964078504.3222
12313800.20212043,5.723853427930433e-07,178621239979.4404
12744282.8259136,5.616838323631654e-07,187206440356.1762
12791827.4185733,5.415893361542445e-07,192524433923.563
12706334.14229243,5.533140773348258e-07,188526523413.4675
13036244.33477109,5.413088099125313e-07,196270831100.7695
13355956.44757844,5.329665078981183e-07,203177236301.1385
13111090.44844359,5.413475824861435e-07,197388272246.3396
13107827.35262905,5.331855785475826e-07,199347954172.5363
13344866.12418875,5.180813396643347e-07,206878609215.822
13414747.53163014,5.271571312509142e-07,205568127343.5315
13166070.36378093,5.27363447971408e-07,201704763629.2599
13674166.48927514,5.043109763866582e-07,215825082789.7998
13409319.61651326,5.123775157369008e-07,209417690932.9424
13230091.14499009,5.217455893516215e-07,204137901139.8017
14357355.59764245,5.038203406479764e-07,226755236707.6777
14370976.88872568,5.160184834298528e-07,223379227957.973
13770344.26324958,5.110813831590996e-07,215419372713.6142
14372801.33780983,5.27883658716286e-07,220047249298.1489
14292334.19675648,5.417946615138756e-07,215053582522.7596
13843120.02512616,5.320479709591163e-07,210830508819.0722
11105800.31616359,5.820565918495183e-07,159308782716.8976
11330585.10027645,5.768549788222973e-07,163508840974.4671
11245717.51647568,5.801611906613754e-07,161667003113.8656
13369334.79921029,5.359816194612599e-07,202617305112.4084
13160881.64562234,5.448785949230832e-07,197280950643.5825
13124345.62529819,5.442424523740065e-07,196886549970.784
14127259.03080883,5.530790946289508e-07,209668447486.7479
13929182.10038981,5.639910277179736e-07,204053549040.3971
13469791.55894769,5.522502593259753e-07,200110674681.0018
12795282.81875077,5.648077473846682e-07,187261914669.1738
12724829.78915672,5.636386104784971e-07,186488257665.9635
14363009.14994925,5.519845645735428e-07,213449011623.407
12271871.38500193,5.73674686167473e-07,177746205071.0324
12383727.71580587,5.69063582234141e-07,180333965252.559
12701626.78269398,5.630498718802794e-07,186277945005.7788
11982198.06944301,5.791723247427796e-07,172450567073.7407
12145968.78496186,5.702616497053949e-07,176623864672.4467
12214802.92345341,5.716212504546744e-07,177343069301.9473
11799218.51962813,5.27607409506981e-07,180708807620.2823
11029714.34214246,5.283424264671337e-07,168766900300.1913
12009246.71599066,5.250677685010275e-07,184518051775.0977
14576278.80252411,5.237041408359894e-07,224348237133.5915
12667876.45914793,5.264476713846339e-07,194297410839.1472
12885465.01029669,5.239244705924185e-07,198268767623.2396
10560689.391108,5.423018748165016e-07,158805253545.4798
10355784.18634015,5.54511659914487e-07,153429617648.4976
9905155.078087848,5.60573658670778e-07,145693269169.9642
11644975.42546309,5.343713841982992e-07,176838347298.7658
11188998.36707541,5.323477274172132e-07,170344300621.9127
11759313.09264,5.300671706539525e-07,179540052879.7865
11512696.26422058,5.35491159638703e-07,174585770245.0412
11232131.38799321,5.343419208229424e-07,170575247503.9999
11059342.3348527,5.332578549746455e-07,168178752741.4911
11080717.19177054,5.527352768279769e-07,164521659670.2124
10786187.94514541,5.580657880191718e-07,159127186452.8042
11091024.68494838,5.425362707969903e-07,166732074330.1716
8778495.136068104,6.628664613138636e-07,115470055785.5248
8764032.637030553,6.829582232622262e-07,113007663000.9619
8453048.682463538,6.729475598842935e-07,110075978572.6827
9318601.632942867,6.313662182829827e-07,126618311834.86
8979993.067362195,6.441581933691604e-07,120396624577.285
8905692.817712514,6.310987357193528e-07,121042022272.7002
9505082.430982606,6.616514460560893e-07,125180412085.5043
9550309.928978041,6.840946812562932e-07,123009878557.4633
9144367.960757045,6.606022847794866e-07,120557336854.4451
15936369.10955561,5.138543377277134e-07,248406351102.8569
15720430.75714136,5.029066403522262e-07,248583822527.7352
16440378.83246471,4.984341622581155e-07,261521031248.3044
15127697.06682329,4.75686158533428e-07,248251840011.2766
13786218.84210609,4.895867455461316e-07,221934797030.7863
12968086.23534227,4.728358870203094e-07,213666089925.8077
20122080.616823,4.515024657308138e-07,341900288304.1685
17841444.39951533,4.615194486415984e-07,298746853237.736
20256618.44416261,4.412609856903323e-07,349491480838.3707
15261418.76726236,4.958592766163223e-07,243606729377.381
14359140.81919269,4.952884692575044e-07,229380402105.2935
15727569.22567024,4.814892501754835e-07,256018024313.8594
13019941.85663264,5.097847521132331e-07,204025515517.8286
13502573.66285518,5.047996784424125e-07,212979192213.3786
13618067.09797183,5.147331136374655e-07,212028413773.1235
12468055.42593204,5.137536486106552e-07,194369795665.3631
12762204.58527675,5.119995299592119e-07,199409568690.0604
13354446.92288531,5.169773110713764e-07,207321774530.5243
12176609.15058769,4.984636595751666e-07,193688587357.8183
12436622.53526924,4.949651757448118e-07,198755592269.0159
12521387.53398336,5.045645119519384e-07,197564081327.9709
8840681.706092298,4.863810744167514e-07,142944673263.422
9024171.462939354,4.825865452334667e-07,146675372185.118
9045293.23747422,4.850121248536233e-07,146528100682.7607
8273174.295517029,4.936301480108739e-07,132455823364.9276
8551232.721605232,4.909324535724849e-07,137408700016.6564
8351268.538719466,4.968060409222175e-07,133135703303.8697
8535017.58743296,4.747686464075647e-07,140243604931.3997
8191469.803956879,4.705434966030145e-07,135403113594.6489
8788629.300424768,4.772881100366816e-07,143902189823.646
8315420.578860193,4.895993626206717e-07,133861901786.0826
8521693.883598626,4.80522549461448e-07,138904638219.5487
8594182.182610141,4.868318515760399e-07,138873239349.8839
8337808.500116837,4.684322937593811e-07,138235853306.0512
8081599.501211091,4.682413691968101e-07,134024481887.8996
8422859.286158271,4.725358998576751e-07,138836292034.1603
19661020.41936704,4.192613287166717e-07,350980388210.9577
18777626.8803746,4.195258009395799e-07,335069518615.473
19289412.44301583,4.156837732353421e-07,346319504538.5552
20542399.00108391,4.27089983493368e-07,362219285595.7155
20104812.41419484,4.211502143027307e-07,357828840617.0632
19729013.94590945,4.175814613628481e-07,353138097744.8728
20481466.00579623,4.276890035045184e-07,360807577346.6138
19068369.52844651,4.225547084246692e-07,338629609180.0548
19958497.49712015,4.222507164970647e-07,354607225404.003
17655682.63653776,4.69619405393097e-07,292227101746.0837
17215829.18465435,4.686461086128432e-07,285341277609.8798
19457335.88758241,4.585565894342769e-07,327206119229.8762
17984370.64088469,4.69792605611009e-07,297594198015.6276
17848657.05576141,4.698008336441301e-07,295345045405.5295
19659890.99582244,4.590652498294329e-07,330368141044.9135
16670253.28418014,4.903205050199603e-07,268095070122.7881
15945233.26444049,4.947270618307362e-07,254910132586.8558
16851287.77168587,4.81222657452196e-07,274411548026.29
16146750.57708688,4.464934762829532e-07,276402345975.7563
16546228.75402265,4.354367730172879e-07,288015341984.2397
19149387.44241279,4.348918553367117e-07,333606141109.3734
14781261.87288112,4.199882370524749e-07,263564406572.7838
15509879.87730985,4.193519090695509e-07,276836075931.4997
15565647.7036281,4.174147546674647e-07,278690393843.8721
12306081.17136357,4.011238188411053e-07,226256366215.2548
9104172.532607639,3.993496020407289e-07,167882325118.4883
13159709.87851839,3.937719606936215e-07,244953203067.9614
9481013.777851738,8.813854995825514e-07,103136132910.5752
9713653.902903907,8.650311737273951e-07,106994499870.9006
9190014.959643433,8.83887148931712e-07,99781877623.86945
10911303.90880725,8.627586754861836e-07,120397396433.5828
10731860.71986451,8.754342909911609e-07,117271548104.1801
10381437.45229665,8.579082666260266e-07,114982105403.3229
9476877.5720041,9.20626005162608e-07,100140505176.4843
9018646.590449173,9.279598163173939e-07,94795689240.73593
9347801.12276062,9.262664813784254e-07,98375170560.34673
9078008.259229308,9.494345793816935e-07,93975333752.9729
8617723.274390267,9.786261279291372e-07,87427489257.73285
8671062.937137816,9.581588292581878e-07,89216942258.43623
10546153.88713904,8.805189394755272e-07,114798171213.8186
9739311.328114228,9.154836471242393e-07,103298620403.1257
10060611.85356578,8.867303835444809e-07,109000879150.1284
8916945.581510376,9.862167189087006e-07,89998348995.4111
8678683.621801239,9.856775649734641e-07,87625520118.74745
9140572.588479726,9.564247496718947e-07,94161390801.43329
9407929.011981832,9.875120719636358e-07,94870769420.39888
9115109.734220106,1.012234862299219e-06,90415115387.96686
9512724.619079921,9.769444764270006e-07,96618065298.16617
8419295.046244806,9.888535348040936e-07,84824455854.03697
8277119.454882269,9.903447452420556e-07,83308303124.97218
8472017.996772639,9.683859939693181e-07,86554144862.5807
8487443.476762872,1.034921038565099e-06,82954271033.22736
8517388.310692523,1.005267491278407e-06,84876088128.1631
8753440.871388324,1.005837805429169e-06,87195384912.07495
8371918.228425015,1.046526504273522e-06,81219096992.08208
8288879.706308315,1.052152702838449e-06,80126588688.37091
8401658.749918239,1.016820279914642e-06,83087477000.18819
12614364.45814889,7.59716261354257e-07,151506439821.7822
12850111.46924084,7.214536043027877e-07,159747703436.676
12455979.59960588,7.416809222676785e-07,152019680766.8947
11895788.34108191,6.092964839416218e-07,165516304152.2972
11753465.82992601,6.141744612002573e-07,162668993702.0208
11567934.01086892,6.250371245671297e-07,158240845088.2657
11687630.65876855,5.817166438638506e-07,167720244080.563
11990535.50668085,5.961704446669386e-07,169274530598.4742
12105683.01038836,5.919526334630736e-07,171710950792.6157
11837304.03872306,5.991178451548781e-07,166562781804.7051
11821052.47781565,6.076920236010163e-07,164765818966.3179
11963782.37560841,6.028284979840851e-07,167650938110.6646
11677999.54926733,5.855298490506276e-07,166853669115.2898
11725948.35313407,5.899785352738648e-07,166695484667.019
11550695.41764825,5.792316280545794e-07,166228934118.5865
11376796.52534405,5.790084420177825e-07,163768382720.5848
11590396.86871239,5.827688251920349e-07,166124657796.6076
11463572.43371686,5.764817223344036e-07,165499347013.0167
11384715.95660695,5.815041927402382e-07,163413136594.0155
11495387.25086142,5.864431552350477e-07,164073959328.291
11598390.28539129,5.852572850072286e-07,165767669987.9236
11477759.32156248,5.904827534196178e-07,163074342229.4654
11239975.54453152,5.917043284537123e-07,159476073951.3916
11656454.85465586,5.952604479933733e-07,164725866764.4047
13323016.05036079,5.977603238102453e-07,187751966345.1534
12754986.26958056,5.898782228515188e-07,181344791571.0162
13621483.08501889,5.804556562402442e-07,195754474164.9075
11664381.57476504,6.354833552102878e-07,157806758207.2985
12240685.28228649,6.236175766763116e-07,167697594816.0564
12175507.42128795,6.447726051332933e-07,163135828055.6559
12182275.17550077,5.981186752477581e-07,171607723469.1608
12399609.54889524,5.942959054320916e-07,175417473298.473
12959757.06803265,6.021686636515572e-07,181740377755.7823
11918434.69105844,5.98499086772049e-07,167819939293.8946
11946804.2816837,5.999964039314087e-07,167939420643.7352
12246375.95270571,6.073411251376361e-07,170759861795.1911
11759384.3802328,5.94448424887758e-07,166331740750.8201
11607862.59533488,5.911555663161351e-07,164797671017.0386
11787564.15330317,5.959527426770954e-07,166449637691.5988
11805447.54490314,5.814192608889533e-07,169468705746.5688
11251474.71836562,5.841661590833464e-07,161009630112.5535
11509580.1441111,5.861714310112971e-07,164327298696.8332
13190661.01653795,5.718832906401368e-07,191452755501.4915
11819722.06305136,5.764768831228883e-07,170642026458.5725
12175416.05509969,5.686293485958258e-07,177390747313.6918
14047436.03784959,5.781660007870108e-07,202408477012.9759
14443486.51747403,5.808321923420717e-07,207477777767.8236
13744312.64503541,5.95516081394712e-07,194175320106.5881
11717075.78681424,7.486785911902987e-07,142109233180.5
12084793.43596181,7.636096061599201e-07,144652177634.5282
11714295.01538252,7.444691264525236e-07,142610563474.8793
11506079.58771706,6.727702176279237e-07,149859013216.8171
11195526.02704098,6.941260538084287e-07,142807913320.0975
11255546.5879748,6.941453732406038e-07,143570859743.2581
12076801.48329252,7.503006662990996e-07,146260944206.3829
12348954.56267233,7.726350132201989e-07,146660761619.2591
11841100.70903104,7.516558441145735e-07,143233976533.5741
10167391.91050215,7.266227899126383e-07,125796981626.7537
10407527.37508787,7.041876027900879e-07,131488764660.8297
10946214.14589637,7.0699246765624e-07,137928521952.2063
10242525.78063927,6.805221396025853e-07,132387066787.511
10083765.72687199,6.810563124900274e-07,130266896192.4172
10280316.65958656,6.608008787569444e-07,135506278354.6796
10962349.25460581,6.817852503028632e-07,141515898582.4594
10577443.70447837,6.792696086353147e-07,136883972337.4266
11091310.66572608,6.538847406253211e-07,147225171286.081
10855931.72396784,6.985361243515091e-07,137892672811.9032
10666252.27180103,7.206292182314811e-07,132699903365.5612
10472915.70888694,6.95924852480274e-07,133360140417.928
10068013.09050691,7.254283921935056e-07,124704101827.2128
9996901.57689614,7.321418394694657e-07,123065201081.3389
10148571.02551401,6.951275137122618e-07,129328798572.8946
10025788.48539601,6.929744570021315e-07,128028616803.1536
10075256.53190653,7.155998894787797e-07,125933885450.1269
10155843.38271771,6.853800730342185e-07,130645667616.5559
12106054.50100594,8.491314495452558e-07,135005876855.864
11497091.97985953,8.713871195949773e-07,126022255569.7043
11309633.48407322,8.641102710788323e-07,124662477188.6409
11913049.52070127,6.498421346286274e-07,158788008741.7088
11465215.62858973,6.463687161966158e-07,153365853027.8708
11223576.8168944,6.80228685061069e-07,145109102259.4136
11787165.29678278,5.955941846886234e-07,166510800268.8465
11368336.20700822,5.920248197441236e-07,161239075525.2971
12000961.90692524,5.917790366775053e-07,170258841062.7869
11695442.02213935,5.844734505715132e-07,167304176058.7143
11519504.52384166,5.861926151998954e-07,164465030919.2486
11408716.91583668,5.813123616309609e-07,163793664207.1907
12641879.01323792,5.495682164808993e-07,188421543763.1732
12608440.13422559,5.554385611929156e-07,186596721621.9743
12693603.99197346,5.436082900253825e-07,190572792539.0495
12898288.24410547,5.506588156681422e-07,191989294998.34
12326510.80538767,5.591212482046357e-07,181622435895.5582
12862118.8086288,5.500364451896645e-07,191595309361.527
11691019.2964918,5.696877865911388e-07,170122244839.348
12257753.34848685,5.633483744349932e-07,179704732580.7171
11905893.16801312,5.630272791624751e-07,174612644499.2793
11391133.12800662,5.761662199568606e-07,164513572165.4561
11476546.62233263,5.729020691109366e-07,166376109558.4177
11689449.44705747,5.662106315655907e-07,170795088359.3591
11240970.12380625,5.817688341500573e-07,161300912977.9087
11794687.39785562,5.790680992807675e-07,169772238387.0766
11467111.87781064,5.766003667255151e-07,165527735412.0769
11332483.54513828,5.882151217751961e-07,161423827423.0515
11076382.8394596,5.861744803607278e-07,158141803272.8433
11096217.29399375,5.894297580589481e-07,157841154026.1144
12060500.38096894,5.752157419880208e-07,174372563163.9035
12296876.80675623,5.663868234913581e-07,179632974491.6637
11729228.34940655,5.727370397407217e-07,170071912076.1373
11831922.68734575,5.845450085745074e-07,169242728732.6129
11952676.00095363,5.815283767084834e-07,171560724984.4707
11654957.73122927,5.862152819770654e-07,166394619500.7632
11968200.2755882,5.813728755595562e-07,171814180247.0244
12200669.87679992,5.735746521993066e-07,176735465970.819
12089645.24362289,5.783221139186899e-07,174167462448.9783
11465722.62673264,6.2167222999597e-07,157408115434.2419
10759220.81526144,6.39369287148261e-07,144970501203.6218
11282485.02430938,6.325740909056974e-07,153107746957.4796
9750464.605994688,7.832866983610392e-07,114747916620.0956
10024057.75686685,7.49449969765554e-07,121492218548.49
10177544.88482736,7.645149570976494e-07,121726658962.686
9676967.616199397,7.804010931645433e-07,114163526329.8321
9878843.700307241,7.533926426815109e-07,119314126026.8907
9949534.819328643,7.467295285575579e-07,120881700087.1198
9755328.513193408,8.084149464569316e-07,112413639656.0539
9683869.433507124,7.980556781021787e-07,112553791857.895
10109504.40220242,7.792582641543292e-07,119382935782.8946
10899160.30946952,7.840190296150679e-07,128186405955.0422
10245657.16245523,8.091266211320892e-07,117994607354.1034
10451967.1546506,7.764642804017593e-07,123722982820.1183
9249710.240398521,8.810816942291716e-07,100643100896.1609
9203600.481451897,8.665752344781241e-07,101255877710.012
9486894.785997707,8.4250546482767e-07,106351168607.0424
9006809.749363795,8.538878082241609e-07,100069972569.8417
8540179.487072127,8.410217983759467e-07,95850745857.09258
9217362.261394501,8.194831262534797e-07,105255947756.4006
9050317.897132276,7.29277965858139e-07,111703926571.8803
9516820.705706237,7.131846028347088e-07,119222232072.73
9434154.314385382,7.381663673048215e-07,115504828568.0111
8391187.427299432,7.433357205154232e-07,102258657387.8756
8639022.739747511,7.39653044018267e-07,105628047292.2833
8490934.456638779,7.592732342495642e-07,102021121847.9641
8985798.779729184,7.004982705517765e-07,113924896896.8345
9403212.566906076,7.038460874162814e-07,118838671070.6337
8939537.674335102,7.199975574128818e-07,111282714365.9761
11374678.58953675,5.354061983917924e-07,172511030978.2274
11896028.61280061,5.271340073008608e-07,182300549091.6848
12083482.47142733,5.154808064669916e-07,187953514205.53
10189572.95702556,5.69515139770256e-07,148303864290.7189
10360457.72665237,5.821228096896849e-07,148605835964.5926
10691420.53434759,5.571969745141386e-07,157893013123.8812
11057878.94812754,5.588604012654122e-07,162980735189.0693
10721247.6859956,5.838699127299573e-07,153473924440.3124
11657933.71428724,5.765537612217427e-07,168291316778.6519
10332927.88256687,6.16162708013926e-07,142700816581.3548
10828745.29105348,6.125754704507636e-07,150131470029.6496
10416292.42034269,6.024896988217827e-07,146020359359.2212
11803913.60717658,6.920557295736752e-07,150868524590.951
11679109.46551812,6.645964855355856e-07,153357269981.6021
12525520.48674503,6.925254356468598e-07,160019151115.4069
13483349.6748246,6.163432021221427e-07,186172725775.7967
14214917.16921598,5.91464994320193e-07,201739823235.1145
13194323.19983551,6.106707064622667e-07,183308411094.5313
11270544.7931564,5.891219543591504e-07,160376760832.5113
11391378.326298,5.839729429849097e-07,163047618077.2184
11900480.58121165,5.888579485902951e-07,169391184751.5059
11177459.19269218,5.829921191157993e-07,160165129909.6313
11057768.64460136,5.881201840540906e-07,157527643462.2409
11037968.59869131,5.848738958925217e-07,157826888749.3021
11828973.33703411,5.668518861555038e-07,172703307713.7741
11478414.15343108,5.746711521571162e-07,166061501125.6157
11777863.79767941,5.646791083938547e-07,172397930242.4919
12652711.58173638,5.521936450689691e-07,187984772982.7299
12121528.12044683,5.612160413520688e-07,178157450556.6578
12069789.73941447,5.590951206252599e-07,177845372684.3494
13059443.5723721,5.548021339376266e-07,193419055399.9101
13511841.60381178,5.664796896989553e-07,197359627355.4094
12484064.87390886,5.632046551421595e-07,183053706218.0277
13247013.26522384,5.761739305291116e-07,191314946927.0447
12392706.98955848,5.856228010702382e-07,177046575044.1148
11873068.78140091,5.807103922496144e-07,170578091730.6945
14215599.75799543,5.687655922210622e-07,207082298576.3099
14415695.64406851,5.57881599598479e-07,212719635215.7484
14613997.34307222,5.71413426932116e-07,212227697970.3927
12905903.05566986,5.788825428703752e-07,185806725566.0374
12778270.86482758,5.690032823198898e-07,186092516433.0835
12190012.84136045,5.943714093713401e-07,172437700445.0417
11198362.43432119,4.381212677660365e-07,194129541510.8344
8589326.342448482,4.462571309752623e-07,147085205279.487
8263962.985510916,4.530992677920088e-07,140085372641.3642
17346830.8540775,4.118518423994065e-07,313371479754.7526
15436240.92725402,4.198284087107675e-07,275313178133.9009
16169241.14433851,4.129176046168923e-07,291595424585.3104
16298430.4721572,4.264075979464019e-07,287692911314.2418
17019714.72569746,4.218084779782023e-07,302604517226.5778
17102152.78007686,4.199801556111006e-07,304952081286.377
17117610.83446229,4.231065305425828e-07,303722287978.4745
16196756.71994834,4.357500016187142e-07,281797061920.7355
17701589.76574831,4.173433254652921e-07,316968878758.1927
12154166.24167064,4.338399868156861e-07,212082802400.7936
9646067.044082299,4.349647608628891e-07,168027704273.0087
13032869.85576369,4.271953114236897e-07,229767751062.5218
10136379.08635924,7.268463839611977e-07,125387551385.2345
10633694.68416017,7.04391534219575e-07,134320232487.4879
10289098.9525302,6.899380201637391e-07,131776294708.4207
8671517.477336923,8.204272892163297e-07,98946789058.40759
9552282.586915908,7.716981041542612e-07,113538252671.9954
9353788.580295829,7.98902169538321e-07,108640515033.9965
8431601.143719593,8.164598448494448e-07,96520634314.22514
8481216.514315566,8.024402729562788e-07,98216172515.32733
8814300.110691287,7.897754851684889e-07,103161757903.3721
7554643.636268836,1.467244619214072e-06,58507602100.03812
7627391.35618831,1.45228290439859e-06,59476017457.68271
7871064.966113799,1.440393153202281e-06,61713398713.68681
7215676.227608882,1.540303897940704e-06,54101099937.80515
7212191.182071181,1.514616888039351e-06,54684641242.81398
7377927.970347742,1.54790279975089e-06,55136427165.37766
7535202.167163157,1.614344306794226e-06,54755884386.12091
7295784.918424845,1.56522697235486e-06,54119503910.74041
7458929.844303048,1.572852711756582e-06,55150715617.26508
7240250.691062283,1.574299210155165e-06,53501022885.72358
7107071.023973795,1.532337610703449e-06,53471333468.10919
7167292.072667557,1.549143072700041e-06,53533719182.09648
7118439.582838668,1.491266517493498e-06,54535750236.40239
7202558.268874235,1.461289559392902e-06,55932288984.24401
7262215.570118527,1.456707166862525e-06,56513772412.49945
7178053.423393354,1.470083175990841e-06,55519483175.20151
7094078.375956495,1.499937046488784e-06,54139465161.98813
7164041.283633699,1.491460349205825e-06,54880358349.3996
7540900.62736585,1.433352065373251e-06,59318200377.36811
7816147.596709405,1.416578411992611e-06,61967742136.95215
7908256.740606431,1.419867315478265e-06,62601141457.21007
7253598.184374554,1.479138818244981e-06,55874571321.21572
7341053.467680451,1.453519107731404e-06,57210782826.12596
7461028.268980527,1.457240376160667e-06,58046747241.44228
7194251.9135391,1.446023700847522e-06,56260298682.05517
7085437.561834672,1.430120133790164e-06,55819378248.72932
7253874.875906477,1.441297529204095e-06,56850501304.49158
7222831.09958499,1.565295223324313e-06,53576781319.84176
7120877.343401134,1.536401761281473e-06,53480686602.50479
7254185.706182498,1.578304813785875e-06,53513260791.4266
9117325.57286237,1.435371673545591e-06,71651378329.28792
9393213.834188057,1.473840669862253e-06,72529361025.87987
9191685.606329074,1.441939475343509e-06,72016245089.65659
7839648.704289629,1.325002054008182e-06,64985864594.6559
8193833.789387459,1.385637715826592e-06,65925589133.01753
8193444.657597083,1.310513017608811e-06,68418303065.95957
9140866.882249564,1.509219468487734e-06,69473490367.78453
9380357.234126929,1.490681744960506e-06,71883534416.04465
9104659.250749335,1.452128909019962e-06,71000310661.40387
7799475.678371647,1.520788273346072e-06,58977483540.86922
8562616.794200059,1.521281489931705e-06,64734150666.11542
7847936.766736823,1.482134440237493e-06,60371286280.53613
8189094.550723647,9.981878478078734e-07,81990027719.96556
8770304.342312545,9.942219496486714e-07,88042513579.63612
8461959.885603745,1.002585535851012e-06,84474054398.70099
8454118.06156473,1.039607748521067e-06,82380034582.1857
8541730.881844044,1.030702094893853e-06,83712525673.90195
8517421.168753412,1.035982658689133e-06,83190384617.0024
7513288.331153221,1.018178613464871e-06,74235916624.79587
7612508.81644293,1.015627907760031e-06,75342158437.60025
7498512.331049453,1.012335398219434e-06,74374745840.24022
8315051.145394846,1.331234248764773e-06,68711369305.14111
8274122.211938725,1.325532719103166e-06,68569075890.65141
8300190.160082066,1.309039986678034e-06,69361652864.3821
8810787.85443851,1.360074708710556e-06,71774950438.30974
8656720.679870503,1.351524263171812e-06,70816997051.98833
8492515.517019777,1.346631201783456e-06,69641892923.77512
8833823.207277412,1.403244018960134e-06,70479027608.98848
8939146.817478014,1.403921856045776e-06,71296374625.50186
8866041.617454341,1.40939516516166e-06,70530113164.2115
8166101.484691681,1.33738836054534e-06,67273353927.1796
8063887.43029935,1.325276346029414e-06,66835442144.65511
8196925.323154717,1.329941766694211e-06,67779115180.08372
8488407.631135061,1.377544616713452e-06,68562889350.70412
8340888.494790071,1.356887373882055e-06,68053392699.3785
8651487.255699445,1.37488095091337e-06,69970349384.27406
7760697.002457668,1.337811166518846e-06,63920110445.70038
7742774.584937255,1.324298299573036e-06,64205574292.44804
8013266.565036726,1.338793658111036e-06,65968077200.9232
7465585.853675847,1.337066058701621e-06,61512302631.84702
7674082.36087167,1.344765517679695e-06,62988617964.92846
7857293.283881374,1.360711362681268e-06,63987570806.21163
7928631.616614404,1.139689901886956e-06,72667536890.2993
7938846.424039682,1.127692658504033e-06,73276305605.99832
7759909.186301926,1.194271793723768e-06,68937340017.65564
7409361.837372355,1.295899208314479e-06,62335194815.17411
7646933.042910649,1.249743339112698e-06,65908293498.6768
7598018.226137791,1.249955680600068e-06,65479283911.39375
7864490.037999095,1.362713476134796e-06,63983432200.37254
7702551.623363812,1.35281150209472e-06,62971362902.72276
7472600.967213717,1.339101182838023e-06,61507705933.76633
7656703.047710548,1.282736955405965e-06,64855985981.38111
7862659.44340102,1.249997734741101e-06,67758426904.64029
7749762.797822971,1.247198367366453e-06,66885409065.21862
8005307.264565891,1.072393421220712e-06,76408541854.47815
8019450.136065953,1.066021996352861e-06,76848220247.17143
7994059.901505094,1.10306276157507e-06,74880243717.06985
7610266.646370856,1.260727403869298e-06,65210732470.87713
7760793.246933124,1.221588394270552e-06,67913510749.32183
7781317.55171498,1.257405890518241e-06,66793798998.82772
8075425.530491757,1.213588177861964e-06,70977035867.55084
8261331.982519053,1.191556383995777e-06,73503329091.78781
8208744.481616694,1.15641590468526e-06,74507621547.51628
7862133.106786968,1.217200322253798e-06,68965573666.60043
7975842.349518778,1.220005292732824e-06,69855737909.36047
8108340.105965917,1.162807504538483e-06,73326350936.12372
7988097.961197507,1.304811520152329e-06,66897752464.60173
8382011.213813566,1.309017426861305e-06,70046206259.50945
8055146.868339377,1.266779889709272e-06,68802785808.66989
8020764.876412273,1.105882512886861e-06,75002624118.761
8030852.401639991,1.105189091799098e-06,75128361556.72115
7987256.324103626,1.145606547276927e-06,72952575803.2115
8051385.004147074,1.059124636071473e-06,77488849755.11345
8122975.712925162,1.057040597683061e-06,78280581485.28781
8036221.50778411,1.08413512954012e-06,76148780771.72989
8228123.353903629,1.039793041358407e-06,80168333562.01399
8185075.173142988,1.02786157920926e-06,80364870753.04315
8429137.79221241,1.029141860312786e-06,82692538547.70464
8115125.75129572,1.077279070017267e-06,77222366375.90424
8189046.189972503,1.054327601220363e-06,79052620352.16457
8302758.598382738,1.052585059129602e-06,80238772641.07037
8066046.249862666,1.046151338886456e-06,78270426034.42291
8094891.285287883,1.032142913896844e-06,79259463870.68025
8137701.966695023,1.044024570911658e-06,79072954666.59451
8234557.081055398,1.017993074769859e-06,81372381896.1154
8306743.544417026,1.014954304360698e-06,82249476568.59355
8441779.670042807,1.021748269963818e-06,83215598086.10246
7719947.915724959,1.008304005446106e-06,76775038343.30222
7911472.1979962,1.008571839204351e-06,78665821263.08318
7647011.027040398,1.011070916982865e-06,75910870368.33864
8348342.822731499,1.008678078179157e-06,83003910495.10434
8262906.365822592,1.010710482603357e-06,82044281882.36017
8109058.494311518,1.009830344319453e-06,80563468462.76146
9218852.234081805,1.021212292729872e-06,90907454638.02821
8995773.321336692,1.017819422071303e-06,88904691815.96748
9048220.714095086,1.024010169316301e-06,89062252083.77991
7904148.272970149,1.037496848941861e-06,77125362974.32448
7996888.788464413,1.049618302280631e-06,77428371733.66785
7982765.834033229,1.056007359868698e-06,76979560373.99004
8699648.441752871,1.016975135556909e-06,86025686355.30524
8292404.989822214,1.021418080773086e-06,81760739353.48827
8501508.171588527,1.019544031141771e-06,83925122849.39697
8778331.917527387,1.020093194009875e-06,86626765314.31367
8566663.715479841,1.024211852667091e-06,84311183839.00645
8320603.579818541,1.022946653352727e-06,81957022877.02364
8526459.297304764,1.009356864121451e-06,84736833183.82249
8709638.406399539,1.01383360596355e-06,86302293320.25073
8551294.533323964,1.010230116634622e-06,84934667484.15387
9055775.183500955,1.406109814311675e-06,72151628745.67427
9275064.935118182,1.408094884501103e-06,73829344353.06587
9008822.934039006,1.415515397397874e-06,71459227858.87274
8537073.015933199,1.345215695905161e-06,70056383140.54112
8332938.056126991,1.334646531129123e-06,68741759719.30272
8374012.022646532,1.340260102980304e-06,68887568143.99046
8812441.005626975,1.372892811885132e-06,71340881053.58762
8736909.923794648,1.358120734963654e-06,71241371502.12444
8891685.893959168,1.366524922754745e-06,72205853847.72766
9039929.384944268,1.399260088191104e-06,72260241199.26099
8945687.593316153,1.38816220056339e-06,71887533739.53777
9259028.344041664,1.401280451461698e-06,73940441249.33673
8880713.514982317,1.395816077641864e-06,71104277741.71242
8622946.706941269,1.387277306741578e-06,69323452015.26372
8787307.511487529,1.384612014830111e-06,70735445681.80017
8277877.765051653,1.342462632242314e-06,68022231003.21689
8308911.644377332,1.335120289535626e-06,68527340408.3412
8512753.881832955,1.345759843425095e-06,69837985039.93903
7362655.027114307,1.306318365781696e-06,61612443162.38843
7550719.597416261,1.260350345091719e-06,64713390304.63137
7458015.633985345,1.29128258359217e-06,62893982254.42589
7965673.561676189,1.273671273043946e-06,67792908857.31644
8160268.968256271,1.273712526144834e-06,69447539014.05508
8134637.820395118,1.289664149298742e-06,68657365801.44672
8214418.689192312,1.304404418943575e-06,68807428495.4409
8274997.169233361,1.302292322440237e-06,69389783702.42482
8248968.843405766,1.318839706972287e-06,68591713757.93656
8062689.231985945,1.317932430397897e-06,67073529094.79929
8161278.94451909,1.308303593865655e-06,68226411964.28964
8195717.280980177,1.322762169235042e-06,68014126497.62073
8240855.239857337,1.271251555582696e-06,70223847506.35701
8286537.284027499,1.263942021610871e-06,70885104973.88278
8215097.744158134,1.287236117216767e-06,69423620268.81242
8300838.020768804,1.105168481766327e-06,77655033625.63663
8203134.178060996,1.1017647879547e-06,76898975952.75122
8418353.455521446,1.093275286268611e-06,79324522945.76427
7887583.568815066,1.128236901201385e-06,72779730023.30484
8185690.626629543,1.113300010030559e-06,76204482482.40016
8161321.101543728,1.107489509337148e-06,76243130139.01314
7792039.971900521,1.138499766714496e-06,71465407500.3326
7776044.780928265,1.148627730511761e-06,70898855028.8942
8088352.814460293,1.123629473208598e-06,74836133093.48315
8197850.813026342,1.036401448216332e-06,80047542459.30693
8083944.105729993,1.039958899139961e-06,78755190248.41551
8398275.603091137,1.033707298210166e-06,82147005033.37787
8392115.566959765,1.030552587787573e-06,82254187551.33836
8274889.074911218,1.034049841552681e-06,80922234391.08969
8476247.722733624,1.03135210938087e-06,83035855907.4899
8263296.910827114,1.03171715408362e-06,80930630431.05882
7964364.779595601,1.036002269986999e-06,77787653645.18022
8146976.785584491,1.035209721060763e-06,79611825872.40456
7838427.159659616,1.028269898767386e-06,76940944252.49457
8179747.83640413,1.023719243272393e-06,80529067639.187
8052607.7737544,1.021568483200773e-06,79388614396.56065
7741102.39581789,1.03936651201237e-06,75443819186.1033
7761784.996809934,1.037640948488204e-06,75729229910.63048
7650697.374643952,1.035753088928165e-06,74736060048.9872
7854928.440053564,1.040020795073553e-06,76521043573.84352
7761219.415435899,1.040472223114899e-06,75586279263.0148
7658431.751456733,1.038928275718434e-06,74659108936.662
7887915.873230052,1.043201427662295e-06,76686130024.87834
7821175.812057371,1.039507876190754e-06,76217294004.84872
7800414.180690785,1.041226528295707e-06,75931301999.2179
7976934.399620582,1.028984778172614e-06,78264242653.10838
8151319.448880968,1.025817859106537e-06,80139705646.49315
7774130.182198044,1.031317890066528e-06,76159387253.46793
7798677.708542778,1.03566101682399e-06,76186125302.44717
7889001.551137158,1.031447426963264e-06,77278255607.24391
7687325.442515383,1.033773508638878e-06,75189697009.8913
8419742.969422175,1.024724496331881e-06,82837583575.44008
8534859.522337677,1.022413889814361e-06,84096621749.77257
8181426.888095764,1.026989233025326e-06,80374532544.21704
8822670.203912655,1.487604308389062e-06,67703080102.36617
8801606.894261787,1.456653068379588e-06,68494844247.18205
8767671.162858581,1.453701282214324e-06,68323085432.08341
7332865.904281448,1.408301572672928e-06,58363765025.06612
7288546.992161576,1.431975867584966e-06,57369864677.51707
7119705.247567942,1.420571903047518e-06,56340392382.88239
8656171.909487484,1.399597609326037e-06,69181569662.21156
8527480.946053997,1.395326240960773e-06,68292065756.25629
8718114.418487072,1.403907021248823e-06,69533965932.11441
8858135.545096435,1.403289831052913e-06,70671460962.51413
8738861.449118253,1.401434426470698e-06,69781398020.63602
8801098.586894967,1.405772441616359e-06,70133719004.35654
8864558.137020571,1.386497540244694e-06,71292584162.77394
8498418.814993419,1.378823637603638e-06,68601295404.9556
8679389.308769129,1.392799018464371e-06,69592675626.98698
7958253.413468387,1.441809089739801e-06,62356144975.81245
7973600.747482258,1.457724006193627e-06,62020835915.41225
7640066.470617517,1.468518719790925e-06,59134937988.17708
8350010.158810961,1.578492094155585e-06,61592154563.5554
8122160.32027276,1.568295218226454e-06,60170877551.00439
8600486.73907904,1.53458516313923e-06,64644120910.73979
7753114.482492973,1.634369201497341e-06,55878244073.23431
7878376.840605465,1.600831732956558e-06,57571334147.1776
7965810.415716863,1.639789897707997e-06,57284592549.99694
7460114.546378064,1.343097853085301e-06,61283052970.0014
7803346.085086341,1.35326893621872e-06,63781019971.21426
7510189.210541982,1.36571552693412e-06,61011361140.24262
7090770.601884072,1.333037553379619e-06,58541679712.84225
7282829.489053416,1.338007685557158e-06,59978334695.25239
7332306.579868,1.360864324445809e-06,59707753261.11773
6956329.928513801,1.300867110246364e-06,58374729713.93275
6958846.968329568,1.318708498864209e-06,57867948010.53187
6993762.711291567,1.326933972073031e-06,57917705890.30648
6955695.682754584,1.287211642794345e-06,58781491317.28027
6991219.084854508,1.272415912796401e-06,59538814646.54079
6958212.607832129,1.305179274272108e-06,58261847032.5378
7126869.832382565,1.284739266924362e-06,60305301719.0093
7302703.379644725,1.268352739118444e-06,62324235525.92088
7370510.594627189,1.29385809948616e-06,62073534576.00883
7618230.855559038,1.16362453043089e-06,68861881328.88226
7659520.479842158,1.1586101767772e-06,69434720099.41182
7675395.436003504,1.1485880393909e-06,69982786893.43198
7493859.543860879,1.186208716604285e-06,66875156019.71115
7551967.84571288,1.171706147620679e-06,67948675116.47864
7509755.807911253,1.161821349065697e-06,67951583290.57751
7418204.179540106,1.201053532054673e-06,65653397637.82606
7594878.873328933,1.171710357687192e-06,68334602514.49499
7553764.083559226,1.17674289286029e-06,67770760782.58217
7168324.092686446,1.221355858316132e-06,62736865886.52884
7240354.386499421,1.224188993674699e-06,63269467117.08298
7089877.91638783,1.243018720742512e-06,61327271635.63522
7708943.737619533,1.15582384985607e-06,69995014570.45132
7758340.397642761,1.135780366107413e-06,71269863297.95816
7809961.432358089,1.141669409199864e-06,71497136152.52962
7430297.400566559,1.200464409107338e-06,65781939057.1506
7602635.864682885,1.174656239694745e-06,68289981761.86039
7607115.196991441,1.171223587038272e-06,68463661146.40118
7538839.82018497,1.169559982700232e-06,67913510863.90369
7761847.141591174,1.1448851839993e-06,70923549448.37912
7655387.772931068,1.163196994721944e-06,69214700904.293
8019924.550364372,1.36308810602408e-06,65236051020.96406
8325080.670675609,1.382234744506492e-06,67091460639.03823
7722688.620798717,1.375295782452314e-06,62445974921.68042
7540397.252424924,1.317826560589302e-06,62731940550.27926
7811038.248641738,1.341505940103214e-06,64216559087.94891
7467635.67917214,1.331164889627024e-06,61710900790.88947
7125510.363660557,1.297749708694105e-06,59890142905.1602
7369128.082532856,1.306807762143659e-06,61651214265.62482
7297199.606946196,1.320251338161103e-06,60634315869.64498
7496421.194071388,1.266917671256435e-06,64025805448.68307
7907632.089846193,1.279214367054241e-06,67104385370.72149
7565119.814516095,1.292487273315365e-06,63757551011.07314
8327738.129419451,1.284971863253514e-06,70458162786.53856
8483193.994624564,1.272644934192162e-06,72236145350.66638
8670065.4671514,1.314949218686846e-06,72235340215.41226
7580251.152921916,1.577889742090579e-06,55928412628.26998
7781627.453234538,1.585296558668222e-06,57235228869.83553
7657139.696418999,1.61916684521974e-06,55531427216.90374
7339667.492434537,1.596186631896964e-06,53738714429.30479
7266208.415849167,1.571128920341821e-06,53765039423.07784
7505143.804246992,1.620144557659404e-06,54407216433.80556
7638673.391259373,1.481758161037359e-06,58771447777.69196
7972177.583479973,1.47104805258767e-06,61634762183.52737
7952567.000970625,1.495029855391831e-06,60823876139.09798
7255918.974519434,1.503653435385479e-06,55283295487.26518
7391422.5561536,1.496799986619706e-06,56487477825.77564
7422154.588300291,1.537112501684543e-06,55726216649.39553
7269494.206201933,1.485276041847513e-06,55842657475.66365
7477149.85329672,1.463537074712341e-06,58005200494.22585
7405123.90060671,1.478400467496468e-06,57060766590.62836
7570458.45762424,1.539078439421298e-06,56791282688.11806
7539420.595066242,1.498855882871099e-06,57565823314.03156
7851288.852368176,1.511886776853978e-06,59602083710.5325
7109378.642580251,1.498224625114322e-06,54297565501.37534
7253063.553307393,1.463819990451278e-06,56259564635.43966
7166135.544891578,1.489343601605823e-06,54948403971.66575
8161984.412087854,1.429734878905527e-06,64312010460.81551
8454086.530683784,1.420497997377408e-06,66902077617.41628
8177526.856267232,1.445784687030917e-06,63956727218.4557
7980039.260569655,1.424309035541283e-06,63037968436.86044
7978495.731612664,1.429673661241084e-06,62868013754.97845
7733151.799515788,1.441537378531249e-06,60599996166.34416
8202454.549836811,1.416216179481307e-06,65041537395.71301
8627380.307267558,1.409584213604066e-06,68625405646.19232
8200889.657476439,1.421705868943485e-06,64861620923.69521
8578944.819872892,1.42386470018378e-06,67783094567.36724
8658237.134334976,1.442977140743388e-06,67804186346.11672
8300333.458954268,1.448958964718578e-06,64822356654.66558
8075366.146853351,1.214317986121263e-06,70948073033.86108
7772050.668410571,1.221392821120238e-06,68019282718.64355
8155857.407257746,1.255647186819585e-06,70074155443.69635
8652130.454111282,1.297749667968406e-06,72721435199.13402
8295100.001664757,1.233415518470392e-06,72124367982.32828
8376676.314355076,1.274718502363702e-06,71251750915.39867
8016935.998059315,1.140199982028204e-06,73454949293.06879
7864211.301887203,1.148515569604322e-06,71707390096.44875
8066336.075785916,1.176643419910318e-06,72373526073.56299
8531844.021629853,1.197683586451138e-06,75651029391.24414
8182874.540613862,1.152489388210373e-06,74441412050.18326
8232782.472413496,1.188869491842491e-06,73359639004.01842
7481496.184873329,1.048888697307037e-06,72471767791.45012
7390044.841436291,1.035247974083402e-06,72213348045.25999
7374398.489504374,1.075292351877675e-06,70260121626.00533
7565394.378512882,1.137526583491495e-06,69426275804.32649
7678051.727608939,1.107372640248112e-06,71733470189.67285
7682893.913957497,1.129637526485767e-06,70832422590.06761
7233465.281301774,1.205297585688119e-06,63868033372.92033
7375847.379944782,1.170133257551247e-06,66423492446.68068
7181582.961389468,1.194698670733304e-06,63784417653.37727
7309951.619698075,1.195498705162933e-06,64895576659.94138
7402147.843543613,1.172518601961016e-06,66569903495.00625
7540075.480079663,1.143100553492204e-06,68968810643.73804
7058137.06735241,1.281913278848722e-06,59811449002.81902
6984197.222649997,1.311843099771001e-06,58281210633.62451
7097169.795539015,1.264525418521845e-06,60692284718.08501
7228794.997857841,1.491784250811153e-06,55368390192.44814
7405479.700628103,1.510801282848435e-06,56244703609.86336
7191540.820582089,1.461014412975596e-06,55853743090.49393
8321705.459845053,1.452398230419777e-06,64886627098.53084
7977306.228076148,1.46500282232247e-06,61843959853.68948
8697724.952186169,1.504305358291133e-06,66249357116.00802
7272616.441207119,1.431410064719185e-06,57259555509.34142
7535233.36571257,1.442434614219969e-06,59024540728.36211
7509108.898922673,1.412046896960356e-06,59660788487.51795
6940238.114430147,1.328217473555924e-06,57437418362.70528
7013945.513707127,1.298184184351227e-06,58939282584.25067
6920747.383622926,1.329909483752547e-06,57227522112.45509
6993329.152029105,1.361538725822971e-06,56928617506.76672
6923446.580568334,1.34808696489093e-06,56734043770.8299
6857496.10371243,1.365892597699123e-06,55704190651.06128
7080277.102665235,1.417711471601018e-06,56103723573.77757
7057185.376579759,1.382831142459679e-06,56857194227.36869
7018671.15666261,1.403026458789104e-06,56002960724.24369
7497113.763320394,1.376027644149091e-06,60600470367.78079
7511011.251959927,1.333019655212412e-06,62011758046.25993
7237427.269475499,1.360524147010927e-06,58944964387.42664
7195633.253672501,1.291483251271032e-06,60675006927.54614
7131513.954185342,1.266932369869008e-06,60908716517.21989
7018267.271258563,1.314213213522287e-06,58495081466.43726
7074358.17306863,1.347967375878191e-06,57974114426.7468
7181258.528544972,1.311697979155044e-06,59930053054.82391
7004070.902756828,1.334535317345577e-06,57782609746.51234
7542163.822890812,1.290468636231872e-06,63630351974.13924
7511851.61490993,1.241763908359997e-06,65021099912.69764
7376355.958442698,1.281697180578862e-06,62515097595.04987
7043235.428654244,1.417690899943915e-06,55810747295.39639
7155968.91150124,1.441657902695111e-06,56073840310.00732
7104948.850848224,1.432355835022789e-06,55914829895.14491
8732775.463182267,1.545301887226351e-06,65334625152.38669
7961912.917190213,1.544859910272379e-06,59578745501.09286
8509735.536734037,1.578341466062386e-06,62774329953.41744
7531066.201329955,1.553747498539989e-06,56139624521.39619
7385096.050589112,1.572212166113634e-06,54619624867.83575
7660063.129098901,1.595511511939394e-06,56100369378.79413
7169962.172326428,1.511071975811331e-06,54449441595.227
7099970.288465692,1.519552349904543e-06,53717124128.102
7201774.797692538,1.548535740509777e-06,53805340124.23122
7135327.725882547,1.254760268748917e-06,61334771645.25494
7174573.019097508,1.237448183944476e-06,62245989941.08995
7293861.546470089,1.203263777127884e-06,64473852283.28349
7084009.650949621,1.278919091873278e-06,60124355005.27032
7090048.513958453,1.270874608681363e-06,60429277942.17525
7156852.610255142,1.242382159143425e-06,61927745435.81763
6874323.885825783,1.345958336870699e-06,56390885238.39672
6827940.639790736,1.362020693181062e-06,55569172923.90796
6893749.181999234,1.344157589535171e-06,56600728272.12075
7183080.668456916,1.240222161913204e-06,62226840682.36815
7172867.155021934,1.248494938124173e-06,61863563135.03654
7237171.673299138,1.272998796946356e-06,61614587579.55255
7615776.954606053,1.167673311979692e-06,68680478690.65187
7326208.302117323,1.210036923883322e-06,64517893700.96513
7516371.139125015,1.202929849235193e-06,66453013795.35538
7343399.200897258,1.18356933919404e-06,65629838243.22244
7199233.66479423,1.226105191943295e-06,62844573326.97501
7209465.926100188,1.217879137209976e-06,63216963710.49223
7390401.955790563,1.087182984747249e-06,69898248813.7959
7412290.143986577,1.132711324946542e-06,68213905583.00285
7360702.491675095,1.10249181194985e-06,68971395964.83586
7355328.870814427,1.183293374391868e-06,65746676957.19469
7235536.692039253,1.217466488027682e-06,63459903364.91871
7380063.457893261,1.174903386628154e-06,66281448737.25829
7718896.152950189,1.0305139631313e-06,75657608790.01233
7583941.15577493,1.069058962143892e-06,72537154588.31192
7495788.729491908,1.060050810826605e-06,72099604484.36082
7211613.313367586,1.222502694048893e-06,63076252337.04168
7144553.530048896,1.251039448038953e-06,61535786870.96206
7303189.244838048,1.199482855216589e-06,64691892766.17108
6978256.876224994,1.242705468078084e-06,60371895642.87664
7134012.418276739,1.223247730101528e-06,62372178813.69517
7082488.641709357,1.212852851203408e-06,62275010731.51064
7030579.192083375,1.298994962533284e-06,59054472316.92339
6943246.251790536,1.322631178497069e-06,57623999448.93084
7036595.243077213,1.290847166692265e-06,59353457084.68859
6971238.063002408,1.258346888964457e-06,59810347730.27473
7054225.627822696,1.275736272070412e-06,59971108621.32178
7126915.687349281,1.239045176649551e-06,61779377331.17654
6940632.663262071,1.278107670641036e-06,58932396056.37208
7003537.198832211,1.317456573578219e-06,58276469549.62214
7023438.399622712,1.295077735412016e-06,59113392794.72871
14763175.77671763,4.496504872570546e-07,251533834683.8601
13483178.78923423,4.469671673392775e-07,230643849731.775
15145262.47837248,4.38491178716149e-07,262403463920.1731
16889392.83909407,4.621659036763728e-07,282541406316.7389
16231174.7851435,4.531786557695621e-07,275108276772.6575
19241317.08794027,4.415606803178587e-07,331824055904.9127
15376538.54493968,4.681155886107837e-07,255048737890.097
13198557.14071049,4.65231209016203e-07,219826762126.6171
14748791.49681331,4.592239526893439e-07,247784088408.9379
14112609.99144354,4.55380120532967e-07,238428387309.0381
12597116.68949239,4.614408190934598e-07,210956937737.4095
12861779.9650394,4.527445860417098e-07,218138454450.2253
14073276.23637448,5.132191065968384e-07,219546575860.7122
13955864.3006485,5.032401481263353e-07,220583598305.1428
14845576.17135699,5.037747784929745e-07,234480164709.0817
12085736.08249948,4.881092988488697e-07,194952309925.8107
12235150.7668691,4.759938123701838e-07,200697418874.8854
13030186.07719652,4.927124041729188e-07,208875877348.9047
12953330.56679897,4.5934480516569e-07,217581638381.3631
13452223.27005532,4.640180424494953e-07,224442012937.1564
14732527.77743197,4.427212603841115e-07,253624001240.3617
14052301.42468644,4.260090236400824e-07,248199893815.144
15198355.26495308,4.137470566137456e-07,273720073032.5044
15352149.50160109,4.169428924607173e-07,275075223418.7399
14597456.65240077,4.242806273939258e-07,258528479938.4562
13927877.64068068,4.287989353591347e-07,244934038822.541
15310497.79805035,4.169458086665353e-07,274327641507.3559
7914670.923231248,4.455400984456842e-07,135677655831.5584
7589970.48794266,4.326786975384677e-07,132677234755.942
10336986.04706076,4.24632852445568e-07,182972098642.4521
14569156.67018484,4.099737419631723e-07,263995821092.8
12939998.73435359,4.146360212845005e-07,232714198493.5631
13409139.70849214,4.087803772036163e-07,243448753724.3338
9755705.935025509,9.168706203582785e-07,103368130834.3373
9981393.477591049,9.177819344743599e-07,105689418006.8521
9472594.377155991,9.255782853384088e-07,99737888426.39528
9238331.540101737,8.949189095020606e-07,99480452963.48473
9530899.52434746,9.069895066004252e-07,101718289749.6711
9100145.415417995,8.995438271401848e-07,97656265819.61459
10675439.4856737,8.949734711997274e-07,114950885637.1869
10380100.07421947,8.863242079537808e-07,112496704343.2155
10684601.92430344,8.875083896631017e-07,115693786421.0412
10324504.37590718,9.120276313442853e-07,109781850883.7769
10594653.1273244,9.04439670518032e-07,113283590886.524
10339050.38330907,9.091262527103802e-07,110170296697.6386
10289088.31564666,9.096609702597056e-07,109594944418.453
10197651.38628867,8.996380818631594e-07,109426272909.7315
10558776.31903426,9.020794418888715e-07,113096821450.945
9426117.781981751,8.943653958279554e-07,101544452839.7436
9857016.190963553,8.974634330114333e-07,105941868503.5568
9721621.241498709,9.06551301943118e-07,103787194554.0857
9785446.247678576,8.48686022528919e-07,109164794760.3017
9606867.761485046,8.468798207527372e-07,107324932216.431
9838163.714494718,8.364753281564502e-07,110818420187.9673
10983002.66870419,8.29382687636295e-07,124418352216.8116
11060078.14459271,8.454247079201661e-07,123701482573.0588
10864478.18548761,8.170687807071916e-07,124309158814.6431
9139901.6723684,7.987547144689237e-07,106169368442.1723
9114379.900078731,8.122598322211578e-07,104696093012.4802
9561061.31860563,8.331040335668395e-07,107987448207.6705
11072485.53588552,8.826981994073333e-07,120328996403.876
11706940.75460732,8.890132372609909e-07,126620668516.9059
11210219.68852207,8.702508477833869e-07,122984719117.773
10032930.6696392,9.018645949523763e-07,107481467115.5929
10123627.76561573,9.118582441075701e-07,107659233219.6465
9896328.732459953,9.109419197919115e-07,105312596652.9865
10018462.81449621,6.844713813756773e-07,128992431005.099
10364361.44738219,7.068633366295844e-07,130612751747.8644
10827973.28009593,6.895912043038261e-07,138724350379.0891
10931910.12428503,4.867376040961072e-07,176671346562.3673
10662327.69643622,4.849007467292802e-07,172749496699.305
10688732.93407623,4.833541343411652e-07,173546529892.7227
10668349.33402284,4.876656469448049e-07,172193116360.8222
10762441.87562175,4.867220256336304e-07,173936269956.295
10656317.73900626,4.838875947086879e-07,172893036746.8691
10781480.52563751,4.86972265408705e-07,174184263993.8755
10819144.09315298,4.850251010747153e-07,175260250605.2815
10926356.03017699,4.859471748831243e-07,176773016648.9816
10501640.97952444,4.833455633920875e-07,170510846016.668
10622425.68941239,4.85653455075433e-07,171925137265.7943
10734334.44607093,4.866744946855229e-07,173493309376.3776
10156125.27680359,4.821315589084365e-07,165177545864.4091
10397747.78334778,4.789350786007197e-07,169858850403.0523
10577211.23746267,4.833415849178413e-07,171738791764.9035
11285479.89568875,4.79092195949673e-07,184320638869.5773
10869666.87319145,4.818668419777515e-07,176847207195.5351
10679750.73780895,4.780361646823032e-07,174684329642.0116
10773926.9964356,4.683590339214658e-07,178643860021.1337
11387373.32319553,4.680420488905863e-07,188900733470.2763
10680508.5134222,4.731164239288449e-07,175905700693.7203
10974762.96854085,4.855253319857732e-07,177659002735.1347
11053018.60972796,4.827112535900072e-07,179620521124.8778
10789422.18675745,4.871918210245602e-07,174260194621.6923
10793525.59843217,4.882957387560645e-07,174063630025.2614
10729026.30967963,4.882089178552253e-07,173043983794.4131
10689069.61851637,4.888541609309565e-07,172247804469.4966
10953639.02898327,4.828493802000753e-07,177971573172.3581
11323510.80465889,4.783447735031197e-07,185134380310.1535
11061513.65657965,4.837813215598767e-07,179493404690.4256
10682559.37285787,4.77219938681336e-07,174929449010.0121
10689279.93922865,4.751788368440898e-07,175540389413.3742
10644575.53958501,4.794948834899626e-07,173755687873.3132
10807099.11888086,4.823109582205758e-07,175721289584.7408
10705332.85336947,4.793939897869661e-07,174771971424.0363
10640929.77317293,4.832210277329347e-07,172802104460.3667
11056790.90442338,4.811145013996773e-07,180079163731.7354
11649142.55441563,4.784416322073746e-07,190432609106.6391
10953852.96188182,4.781896184381353e-07,179129375322.6688
16566975.73767216,4.768326996262329e-07,271435022490.3514
16406810.14960177,4.750637308864716e-07,269477743833.7871
16659344.65157364,4.739570136575515e-07,274051348534.9832
7887286.6456576,4.469773466109542e-07,134918224042.6595
7930118.052236009,4.414760016583604e-07,136775481435.0517
7987833.187828306,4.469006132524491e-07,136653791677.5942
16619945.77555887,4.303248504098879e-07,291585093587.915
16095838.48129636,4.230699935208603e-07,285609153976.1326
14961026.83330709,4.300803480473064e-07,262580015444.8448
17717228.34360908,4.569259107818851e-07,298651883724.9031
17181113.26993655,4.438947586990847e-07,295255472741.9589
16096113.14290512,4.641149347070671e-07,268516299627.9322
19923758.74271474,4.296741733297283e-07,349900938616.0745
18692913.94082712,4.21530929775551e-07,332499279790.5668
18132279.71239503,4.299600894019272e-07,318297807370.4626
17373355.56465074,4.276193343751562e-07,306087423670.8937
17922222.02210416,4.192142745403073e-07,319964020249.5593
16837406.49748524,4.20351105394915e-07,300054677371.2866
18679592.49500316,4.500972346437237e-07,318050806503.0889
19920320.01997655,4.368250537659603e-07,346012099026.2589
18128999.23670135,4.370854741490376e-07,314772112176.97
17852017.8003273,4.786885728669753e-07,291732807211.515
17886321.71993056,4.656350294186183e-07,297730921593.9195
16257303.81206785,4.728176816101691e-07,267867103959.4736
18805229.59439448,4.753328058205654e-07,308754607743.5239
20046879.48589469,4.594083111382894e-07,336703435565.4641
18840437.00287278,4.622819623218114e-07,315127526005.2458
21074352.07879786,4.292181455124267e-07,370369756016.6884
20991351.91147258,4.29321991479144e-07,368851583830.7734
20461871.93824346,4.23936758876443e-07,362586234480.9381
20873998.94500036,4.300678300846742e-07,366365316001.6906
21044924.97185969,4.294320736117303e-07,369729749357.7718
20432875.75209751,4.241070457731446e-07,361975493710.3442
20951838.59775511,4.492218608002794e-07,357202824947.8481
20943231.71083077,4.486598177804375e-07,357354219076.0341
21163658.72168371,4.381663797524127e-07,366858046155.6656
19163827.53269932,4.124411065859927e-07,345865803719.8932
18728808.96131877,4.131719811730514e-07,337615920604.5778
19080378.09929565,4.094075035377636e-07,346058704621.6426
13600871.80834669,5.165666562786059e-07,211259298931.8769
14197836.55003743,5.215068687410941e-07,219136884813.0031
13671419.45710466,5.257701235653304e-07,209869666403.3702
13928825.17704059,4.986754520922645e-07,221497669335.2536
14246222.80245426,4.994432821805374e-07,226312711580.7043
13661511.51075899,5.068111100865772e-07,214915629998.8711
12613569.47233043,5.116454757509738e-07,197178054869.265
13470962.29404501,5.041034068886848e-07,212676187049.5025
13030226.21337137,5.215654868770096e-07,201100303072.068
11468049.91732848,5.257848679641126e-07,176042496721.465
12114584.94010527,5.170792930642329e-07,188048746008.5487
12522984.82095828,5.2689146964498e-07,191967220114.8287
11576692.85400395,5.089164401711405e-07,181615756431.286
12481809.12304775,4.988345409143376e-07,198444861736.1899
12128762.7159761,5.081158102360501e-07,190476481785.9221
13611905.07625809,4.899428840760277e-07,219022438016.025
15285099.75999017,4.812051335165539e-07,248913304091.243
14121291.4706194,4.917047460898428e-07,226675622466.2947
14391651.34687553,4.987643601963837e-07,228830382899.0058
12826278.78273136,5.063312900642209e-07,201903647202.8989
12633127.07709652,5.179658375318782e-07,195873997578.1238
14449873.7678676,4.93034055754562e-07,231532933374.1606
15783199.46623974,4.844129327802004e-07,255888769293.1369
14773120.35149852,4.938619054699756e-07,236447767268.8244
14454892.80883013,4.837758371760492e-07,234558995651.2661
15936878.31517676,4.757737642907964e-07,261498737619.715
14987797.84135381,4.771772670926787e-07,245443383730.9756
14218864.65572477,4.798937840792142e-07,231971610266.0306
15310445.15557386,4.782170300679071e-07,250363564519.1395
13635823.64158841,4.870175376899726e-07,220285025247.5846
12446948.56012735,4.717543824974479e-07,205392981478.6728
14256450.79323915,4.714853434477279e-07,235341917803.9846
11998872.23383915,4.742507480394867e-07,197303631681.0207
12482554.87485719,4.728421473618694e-07,205664513844.4581
12518120.4855992,4.761588706279812e-07,205291613287.6341
13889245.65158138,4.750643260973419e-07,228127187510.9346
15404376.11669342,4.949798639974451e-07,246179806455.5628
15253421.12314223,4.945301884290386e-07,243915119635.653
14216661.31803748,5.08272809224533e-07,223219963427.3831
14773097.80609103,5.157679599223345e-07,229704057462.1435
15412208.4929776,5.001926439790853e-07,244590738538.5107
14726185.4100261,5.131002334563451e-07,229767600744.4749
14784145.16264617,5.125706537658895e-07,230830783792.5531
14770329.4056379,5.002887893814689e-07,234374126703.9865
15423492.23950216,4.969821659948936e-07,245822812345.1248
15098624.78585551,4.930688800158698e-07,241916596609.5343
16119588.1195679,4.836110261834901e-07,261631367579.0135
15758928.45724625,4.897143079056419e-07,253648027070.1187
10748049.47309946,5.955257474563e-07,151843414640.5467
11166955.87126021,6.056219998481504e-07,156003271031.5596
11685881.07245084,5.88331412716221e-07,166435808743.4794
11429825.39650909,6.651659251731235e-07,149998275904.746
11575083.62380849,6.867530737029096e-07,148704369294.8198
11617771.24887663,6.655268339602415e-07,152409641136.6619
11853816.61980245,6.17513338031348e-07,163465952454.1737
11629217.33400539,6.424145871461401e-07,156197312694.0074
12352217.62080498,6.21122065288701e-07,169678557171.5172
11396340.37724477,6.572557840553723e-07,150756414808.9251
11519628.45144958,6.846826959289897e-07,148290126993.1176
11374719.70126413,6.630979387082227e-07,149585300496.7004
11553739.93299286,6.032366732715752e-07,161831886504.9384
11460224.45089307,6.306625971043373e-07,155833828394.2938
11661302.47044422,6.115876677221522e-07,161848214942.5667
11960393.43041996,6.442655940452803e-07,160337647145.7761
12565717.98653517,6.805710216650163e-07,162407098125.8308
11717926.14669745,6.526687354036047e-07,155735952576.6621
12579073.45801668,7.597237821209927e-07,151081575664.5361
12316001.85682671,7.41679328185925e-07,150311530163.4987
12814491.99296612,7.214396924028603e-07,159306943607.756
10517208.79552121,7.403302457725846e-07,128513919015.5433
10370585.03617977,7.537542277350958e-07,125213190833.2668
10215643.62674905,7.3878087656188e-07,125003441749.0222
11074313.55745259,7.067661095038417e-07,139572440282.8957
11344020.53821026,7.291177134333411e-07,140034562195.0816
10882727.40917745,7.289944365339585e-07,134355342941.2294
11525167.47909307,7.32188337337687e-07,141872658579.1756
11325599.81275394,7.144348753089002e-07,141716183327.0231
11527925.71271203,7.363653632838708e-07,141369460627.2026
11500429.75109227,7.707209630738916e-07,136809405298.6133
11659950.43872946,7.499343045164861e-07,141258489406.5579
12029595.15581158,7.691312527579708e-07,143301489973.9333
11162497.41714133,7.00928748778287e-07,141463844338.2971
11234502.69958997,7.05591277896175e-07,141748471276.2253
11433269.64922009,7.232581833690327e-07,141897542964.9574
12592911.86723546,6.185901124461809e-07,173456607432.6791
13069936.04288603,6.153222264829761e-07,180664043949.2955
12526801.66529349,6.396918756691623e-07,168730260883.8242
11804239.29998882,6.163084173097897e-07,162994370736.8602
12147079.30436158,6.165902449607312e-07,167677233723.7437
11573009.97345763,6.2839326829664e-07,157746105037.0734
12210379.01635494,6.018335680351763e-07,171295073724.6726
12988743.33478384,6.059178178646591e-07,181394724566.9427
12513216.93930557,6.092042893266896e-07,174124683055.6028
12963144.68972653,6.299431965788731e-07,176404411573.1541
12679779.06266291,6.243177089363967e-07,173583290596.6277
12139246.11801369,6.459538288799626e-07,162451627045.9781
11885229.63625175,7.570796443577441e-07,143080307306.4199
12394019.00870424,7.780831437588086e-07,146508049526.5006
12255556.16632202,7.720396175147774e-07,145626350765.4725
11322587.08436238,7.154115995245885e-07,141549503814.3065
11818940.46838861,7.360038648487224e-07,144985692936.0548
11585782.0508556,7.37337397820948e-07,141954069228.4889
11921827.57164846,7.081020793960784e-07,150064830863.2217
12646976.37426537,7.085623102044286e-07,159123629244.6165
12151787.60168788,7.287606906226256e-07,150054910045.582
12002657.42252896,7.826468417169377e-07,141329726778.358
11554050.00651025,8.042264792797841e-07,133602729457.1309
11474091.49351571,7.842811987085565e-07,134918169194.6792
11281228.54042564,6.873800723150731e-07,144841086016.1477
11917673.35306931,6.688285768107608e-07,155828992933.2944
11353615.14201922,6.919248633666019e-07,145131453326.4052
10134289.08722821,6.957582919572564e-07,129068727421.4621
10293444.81576376,6.952390142119339e-07,131160979260.8239
10485125.25611557,7.198820203537176e-07,130536732751.1017
10147680.00712707,7.262367640321253e-07,125597581591.8976
10098034.26622595,7.034692641465569e-07,127665462240.735
10448247.66899606,7.276981254445167e-07,129144511721.1602
10501582.67709147,6.522057291822444e-07,139636305438.95
10974508.77655134,6.465934645070234e-07,146767833359.178
10463386.89916997,6.718549823148855e-07,136402372070.0988
10204760.01042602,6.711659870832501e-07,133121898523.656
10270851.26007931,6.584834442878542e-07,135698964314.5685
10074391.27019176,6.787131013733867e-07,130445166761.2908
10439536.93755451,6.62150710220824e-07,137417908973.0872
11023535.73041715,6.426908924980918e-07,148019687742.1461
10506382.91175945,6.495012081974705e-07,140087671312.349
11431557.23272986,6.486005465027319e-07,152564628142.0219
11937611.22484902,6.580484311791182e-07,157789775750.261
11300626.95817439,6.764684064088778e-07,146646215614.7569
10599350.94415019,8.922763422151098e-07,114361458735.1285
10109236.55052828,9.216434865753985e-07,106743896875.8805
9947918.909868052,9.39713598741838e-07,103689607066.0826
11115161.78563698,8.364153285631343e-07,125208688400.1495
10895100.5250126,8.607391066136421e-07,120406579262.0493
10401497.27903962,8.66945114929259e-07,114402309167.6729
11546077.47347536,8.293878549574689e-07,130796468909.8788
12118610.91178371,8.386623101954008e-07,136268274874.8014
11321769.95342844,8.535764948694461e-07,125820873144.8092
12561606.20352911,7.932971521228415e-07,146584453099.8972
12548474.17847892,8.181759584631486e-07,143447542377.2878
12422207.76313867,7.872827144993557e-07,145695110706.9401
11762771.96766469,8.612426504376902e-07,129944925767.8242
12037681.12035036,8.236440441045414e-07,136998704305.3135
11704405.17631773,8.402770290727075e-07,131442058936.5075
12612698.10265111,8.021147394217787e-07,146100040392.2028
12626061.5523389,8.225774391052898e-07,143819146223.3953
12599539.39174133,8.270148163874192e-07,143003217346.7002
12613164.99496467,7.924500593238179e-07,147290976695.3386
12601406.03839032,7.88137574420822e-07,147689963617.8773
12626528.69192637,8.1284907908392e-07,144969739301.3601
15208614.05850232,4.148998268434741e-07,273397246803.5135
17185107.24607293,4.117437921655792e-07,310504243657.119
13633994.54262082,4.229310861833912e-07,241978461229.6232
15669239.72382868,4.211757017400312e-07,278872518915.2573
14670423.18249936,4.265293533161948e-07,258906741473.8586
16489098.20888695,4.199005747337449e-07,294057724319.3319
17839105.27685143,4.10847339067751e-07,322789512624.6962
16644631.85902809,4.113596282452372e-07,300926025681.7659
17335843.47035236,4.145348731128942e-07,311820211962.9564
15247364.79220073,4.3024865802315e-07,267535719762.311
16531932.21179164,4.249560688147887e-07,292478710032.1362
17324356.08205255,4.234582555358365e-07,307220387205.4865
14155688.56618867,4.244453083424483e-07,250639687878.7147
14022242.06986803,4.304490840821302e-07,245962898061.5314
13896360.36726623,4.293177446846331e-07,244182859428.2575
14357233.087774,4.182704348823864e-07,256704001923.2719
15016922.73166512,4.107710821010781e-07,271757186785.0361
13918047.28156213,4.173175106134914e-07,249230144232.4951
16553084.60797187,3.949443596001063e-07,307506989103.4178
15839493.9524455,4.035928794966866e-07,290031813932.6458
15799268.0164531,4.051520388647054e-07,288552570377.2221
13187872.48041526,4.392572941630523e-07,228224405492.142
12758122.55616631,4.458516437350923e-07,218604881178.6502
12974412.83017143,4.432173314709556e-07,223190937352.799
13775211.83304023,4.320881232347451e-07,241018326549.9056
13978676.38529628,4.340986012152263e-07,243822507453.0941
13592504.04758293,4.34676193367187e-07,236876640066.8774
14436473.52957697,4.224198827802827e-07,256427668932.5874
14174574.17912026,4.27139916918218e-07,249917450494.5937
15156646.32596899,4.218054935298803e-07,269481090150.4973
14003992.12380425,4.328819672173763e-07,244721538787.8436
14082413.43375805,4.336618030548566e-07,245796848064.4445
13878192.55012204,4.316253980067875e-07,242993644165.635
17089694.6648517,4.298845624401082e-07,300031189477.0535
18347114.34222349,4.244380913484647e-07,324856478597.5362
19733710.4304992,4.295300683158661e-07,346640820306.2642
14168077.18947867,4.36556828279867e-07,246197548382.9779
14993407.53208056,4.351935801715913e-07,261083058793.5748
13339920.02346863,4.437038015259909e-07,229310773590.3756
15109503.19894257,4.316646570509218e-07,264536654609.7142
17177383.79746614,4.248030162369421e-07,303970864156.8406
15961431.06783113,4.304615780302576e-07,279972621880.7631
16077680.8887308,4.224701466691411e-07,285556940909.2527
14282504.826487,4.291966064116255e-07,251015299777.436
14096452.08320031,4.317202109010537e-07,246779018380.4441
14478132.77345072,4.316088729416309e-07,253504483998.4743
15813649.74292548,4.268978872361311e-07,278922004989.2852
14557868.77073336,4.324503645370685e-07,254569843262.8934
13385959.93585536,4.377411291625191e-07,232187027466.8416
13769207.63958392,4.372129128620899e-07,239027000908.9793
12952967.89648361,4.443696233590771e-07,222436667646.4634
10498066.5511551,4.226455189833703e-07,186405394159.0028
12424641.06718655,4.06991630472004e-07,226235211085.2509
11030402.80134357,4.240516674637654e-07,195424430563.5099
10940566.46121302,4.290470363318492e-07,192325352798.1251
9968316.088292435,4.294028680212202e-07,175137242213.5651
9761705.711931126,4.345749359508156e-07,170143721412.0244
11367861.79506254,4.26712068802821e-07,200565163000.9072
11426197.90285393,4.252888733172516e-07,202043893071.1653
10376369.7077661,4.270810464167885e-07,182966636759.1277
16176065.63363256,4.230685997970461e-07,287033357860.0065
14558246.71322297,4.24336456074657e-07,257811436242.3471
16253110.04789106,4.20009287004734e-07,289799220967.1336
13059361.74597917,4.02154126700541e-07,239695712451.4838
14476216.19160135,3.935214582177253e-07,269572827841.3819
13662724.37943226,3.969289250996889e-07,252965993228.108
13029273.15572194,4.228443703104492e-07,231277377340.9952
12485943.68976334,4.128650671040345e-07,225190092719.5046
12182362.19672161,4.21624004754641e-07,216661271792.1303
13541693.86179988,4.121958704149649e-07,244495329352.9032
14445018.34610966,3.973024581503374e-07,267282544060.7927
13029730.78961601,4.059785766254946e-07,237647562954.9199
14096100.60738695,4.225905718790512e-07,250314373537.3386
13660958.29535431,4.217569667480923e-07,242906790302.3671
13962935.94262167,4.285181363288964e-07,245657827794.9038
15178438.05367701,4.055376763727623e-07,277038170287.5593
14994166.45276472,3.972534876679967e-07,277466473967.0096
14073556.94745126,4.120178229864164e-07,254171317097.3929
18587377.97053413,4.154667944118348e-07,333831451595.2167
19020760.34987728,4.147216275951423e-07,342024133187.2039
18512575.25673237,4.186003505947664e-07,330826617978.0153
17100856.40864727,4.18266497713874e-07,305761270123.5366
17899172.09307989,4.166660364653146e-07,320854062633.8315
17021825.89591441,4.212142431983098e-07,302926624304.6583
17504110.20954414,4.1551285810202e-07,314352602833.4437
18659327.10773418,4.101812217501992e-07,337996442021.6174
18311676.82271628,4.139462037126069e-07,329684740047.4163
13741542.22504378,4.244982819472281e-07,243286597978.8882
12871406.55850704,4.233175051546662e-07,228304877376.4287
15389506.69882512,4.199270029124565e-07,274436684624.8514
14363549.23851282,4.302700534292557e-07,252019620849.1484
14101003.10593959,4.270802390816078e-07,248643450196.9031
15693887.69135273,4.255305739320113e-07,277402280862.915
13832275.91086772,4.296009762602926e-07,242949944076.0686
13531722.22362828,4.226476667019284e-07,240270668632.8585
13574653.60715345,4.263878909655824e-07,239621352146.652
14045714.22251022,4.181741739755338e-07,251172654893.2052
12178966.38067577,4.265690051103028e-07,214923663258.1798
12872117.52149077,4.24547829387936e-07,227876170789.2846
18220426.24876593,4.1491017305803e-07,327533563633.4125
18562604.14441895,4.104628280773913e-07,336090585950.9731
17126482.65905886,4.160676861428989e-07,307297377557.2399
12261763.90778251,4.277244271869015e-07,215994941802.7786
11441423.05675549,4.306203182660471e-07,200639775213.9627
13757263.52307125,4.19587038490586e-07,245461856030.9846
12548680.31228537,4.258815573484473e-07,221686288840.075
12738532.15963558,4.270807201130992e-07,224618786657.1091
15103510.64014789,4.211895053495566e-07,268798110505.7078
11334541.42609252,4.293411287713657e-07,199160079788.1855
10134043.25828946,4.348382039417045e-07,176562156649.192
11515010.53188235,4.305207945830326e-07,201961343348.1134
15372247.30689894,4.628687870965118e-07,256900785541.1813
16432972.18371302,4.426836860736144e-07,282913567485.1737
14777737.00340252,4.520013611649923e-07,250908151828.2944
7937534.426192558,1.000916475822809e-06,79326884214.46486
8062288.102256475,1.00299099139554e-06,80462519094.92056
8119380.349036863,9.900531998513903e-07,81736718570.55299
7545602.473534805,1.008410758308287e-06,75035873267.49753
7659954.995705911,1.011735223729002e-06,76006074761.24751
7702718.4977712,1.002529150747446e-06,76897582517.87198
8115591.555194021,1.025316214712495e-06,79814469470.23172
8248635.924978106,1.034979941537581e-06,80617163459.85118
8123754.302867051,1.016840708560169e-06,80338088995.69815
7772837.147713578,1.01537225977305e-06,76941864451.38148
7965143.158435222,1.019906096788252e-06,78611628640.75418
7849169.872303126,1.009405457644529e-06,78003357395.25529
8164870.427537213,1.039994181488898e-06,79541789509.42694
8258983.832215411,1.040761586595356e-06,80419082315.13902
8125855.697419338,1.031108744009327e-06,79615835890.95753
7974626.206281721,1.042513285312388e-06,77563239022.09381
8132496.960708536,1.054021869976368e-06,78521905150.5759
8109254.771540045,1.044942886697404e-06,78750365067.0265
7826419.183904267,1.028987716572387e-06,76787343774.85403
7815407.710882878,1.03354539712661e-06,76453716342.7545
7618648.041268125,1.025098362889646e-06,74937790551.03207
7957528.833989128,1.03355353231108e-06,77843598484.56377
8142642.182158261,1.043301010925702e-06,79157535658.34816
7946425.478576019,1.038077441850506e-06,77508972411.5255
8032473.404518143,1.01858835453285e-06,79344499541.43645
8040594.25458732,1.010099216071513e-06,79869100105.34978
7916009.188762479,1.008070056244992e-06,78737051322.27896
8424426.148386519,1.058148793818424e-06,81128945906.64883
8333724.908750615,1.047516858703902e-06,80797603534.8553
8239185.398188074,1.046718766058758e-06,79921618176.07014
8594345.662305709,1.044241943025724e-06,83498510470.49435
8629567.115319017,1.038065213832444e-06,84172957254.84964
8546060.57547877,1.028774376306942e-06,83859552586.92438
8500187.70916136,1.059613167229648e-06,81783109452.93846
8540923.700235959,1.052530973268456e-06,82543254007.56953
8409078.439258914,1.048917974740004e-06,81455557118.9408
8544018.994004209,1.065396074607782e-06,81907086299.1138
8584138.953851778,1.072319777048738e-06,81937088601.62933
8584859.752391292,1.058458706656531e-06,82657815766.68924
8177363.511582986,9.815305986832501e-07,82796264262.75302
8531516.508446364,9.674361775334979e-07,87219050177.67096
8353302.564413684,9.68948281628669e-07,85308272524.25694
8243572.445409618,1.009467262720719e-06,81919501232.17921
8080120.659530092,9.952722409518907e-07,81056886612.15323
8149046.313739726,9.955450624072327e-07,81733388493.97469
8312235.097519008,9.850620767302652e-07,83960577705.94592
8521131.078569688,9.715099224079382e-07,86869186055.28722
8167195.988230149,9.855431617289315e-07,82468711954.59399
7723544.359149084,1.010830087513358e-06,76682783990.99977
7799635.252481828,1.004816816638974e-06,77746890847.71858
7766484.749112191,1.001624647083764e-06,77580842567.50192
7779396.723520352,1.031394761863508e-06,76207194194.96968
7682772.610795874,1.020387601121898e-06,75800929458.40683
7583093.774113659,1.022944107209677e-06,74692756989.44238
8055639.241658992,1.03529852635381e-06,78714778603.23338
8016886.6770532,1.026356986145488e-06,78790426155.53218
7823953.233811752,1.021864779927202e-06,77119456225.72786
8516500.978612892,9.954642474923769e-07,85423512055.96599
8572417.611603975,9.982635090570253e-07,85823559448.75327
8689480.016264718,9.839040523483517e-07,87839924926.37198
8276464.512967205,9.997910719428072e-07,82776175041.47128
8455397.076086845,9.951044945032236e-07,84831057755.5721
8680904.056918371,9.805373934355539e-07,87953983966.46158
8500304.112374624,1.014070290444749e-06,84214929762.35345
8525249.856161665,1.005771741592143e-06,84926031368.60669
8469487.52159575,1.003042431830946e-06,84523523990.14188
8320889.514676328,1.034062916834978e-06,81371398388.0303
8404161.184556585,1.022183493973257e-06,82821253136.78795
8195460.055929372,1.016038802360123e-06,81089845938.81631
8621790.271940554,1.030228953317754e-06,84523009808.65718
8563322.884791696,1.012588936946235e-06,84921997488.76843
8538321.459527586,1.02083314302586e-06,84217561120.92697
8624754.31848616,1.071742537474157e-06,82354326649.08018
8706675.953851858,1.063156037039366e-06,83583593999.63603
8625476.820186276,1.057823722695939e-06,83082121473.08299
8730790.972563941,1.053377133349126e-06,84333022627.52588
8685552.273061901,1.037999216650954e-06,84722628503.34398
8684813.335722309,1.04177737849782e-06,84510474470.80345
8356296.228069889,9.783815287061014e-07,84789419891.32031
8824441.596351415,9.681797410375219e-07,90167474536.00192
8366845.595544982,9.774721741831322e-07,84949107230.86447
8637471.529148933,1.051075435261814e-06,83553382852.35965
8718726.969321756,1.056566166382693e-06,84046947468.70859
8672781.150819078,1.045043399718604e-06,84217465970.47908
8348700.615042307,1.089871136367268e-06,78831922888.44548
8524792.882217528,1.080115401207175e-06,80978624781.66374
8484812.009401912,1.073294557413086e-06,80939951485.66068
8311764.297861109,1.097291684790361e-06,78128921094.18057
8336357.240661097,1.103253615555822e-06,78077532131.80327
8487468.634476598,1.087676047809995e-06,80250018116.4897
8131970.426577223,1.08280570830261e-06,77119126087.58328
8250657.98190836,1.090498423828618e-06,77876284499.56534
8385971.04734326,1.073950792833155e-06,79964477410.92459
8115780.214492983,1.12353028445429e-06,75094319911.88832
7802937.906640218,1.1484298671616e-06,71152227141.13281
7900001.504657878,1.137729374215319e-06,72488290862.97342
7458770.237278258,1.200940220772259e-06,66016571985.28375
7369743.684996821,1.220751324587406e-06,64520973904.41352
7516742.599134924,1.186438192250332e-06,67070714520.65915
8679851.643026713,1.044829190780057e-06,84297644060.64333
8642742.798870537,1.046038133091849e-06,83872562319.32861
8781214.971124275,1.02937611547696e-06,86133458240.84821
8659481.281717006,1.02847641931352e-06,84988921598.74551
8684043.715302464,1.040420420426158e-06,84576444250.44759
8785431.446920985,1.025026466732235e-06,86418430545.50272
8711351.948601101,1.05656477563807e-06,83975927296.87268
8591366.938499633,1.074342635081678e-06,81903110237.81306
8655636.532663723,1.055885212991515e-06,83474637034.48686
8535284.026049957,1.085575408437325e-06,80806193000.89799
8383745.667053861,1.101172822250668e-06,78620253316.52374
8501844.450456122,1.089120826066201e-06,80314836531.27954
7818086.6590896,1.113952400119514e-06,72753862954.0686
7931062.172020385,1.092575576176821e-06,74764774725.51369
7887319.32826738,1.095968261584649e-06,74198895260.01236
8069305.282736019,1.03144526400188e-06,79044566532.9731
8397897.776112989,1.029652467397019e-06,82358824781.09547
8255706.758089162,1.041195330730396e-06,80364846076.43236
8153144.916692819,1.054921327977019e-06,78676514760.60081
7995072.89524311,1.043434907348299e-06,77716312639.71371
8191885.637348271,1.04861196872111e-06,79367129589.16824
8169777.71249554,1.020846054469226e-06,80581757860.78784
8376188.680259839,1.024579760480855e-06,82416835753.35646
8048025.418520184,1.02635187937574e-06,79096721879.25064
7695699.359273255,1.016315033464242e-06,76131173943.70343
7999106.905695975,1.01877689428754e-06,79005157512.46335
7878637.856362584,1.024304988273327e-06,77535087264.3671
7708728.767049564,1.01315752015879e-06,76418431062.28712
7931437.169914712,1.011712028430377e-06,78701065591.58958
8012390.569123464,1.015634551384535e-06,79299503189.63152
7784028.650617671,1.107038940860346e-06,72738190663.05344
8099312.646368087,1.098707715955515e-06,76066490712.16946
7981722.659064446,1.091159381976418e-06,75307432149.04805
8232318.731254063,1.073110205552717e-06,78540312801.35104
8018759.788590563,1.089137197162693e-06,75750495280.03728
8073717.844324619,1.079332845407505e-06,76730843477.13457
8472800.43130732,1.160878972561674e-06,76707120594.02553
8565404.173756493,1.120597409644687e-06,79392860780.59492
8412233.352361824,1.173820282422903e-06,75597988222.11424
8264649.288960004,1.256807204834432e-06,70965182043.53706
8414005.100131471,1.20224857983755e-06,74417188076.89798
8419517.915358158,1.244464940551417e-06,72772190550.5621
8409725.053470995,1.113976258299601e-06,78258437743.54726
8564771.380379021,1.105658528245608e-06,80100475604.41302
8472171.067970334,1.145912392894028e-06,77367834064.96219
7506413.783900757,1.009534071771993e-06,74590785417.97852
7618934.922115808,1.008560993020612e-06,75757590341.74501
7546477.918483113,1.011291343816732e-06,74902005429.75116
8286700.625307957,1.381714908517937e-06,66798906571.356
8235405.613740585,1.372004040200438e-06,66698295257.20854
7937925.956722035,1.363208609769505e-06,64565248965.05984
8855110.007354241,1.410174472972048e-06,70417196118.82668
8895280.87803193,1.407280843468272e-06,70833572930.34303
8822911.483637929,1.404071062234736e-06,70364325623.57945
8672233.788936507,1.349726686061653e-06,71006878426.45297
8566128.148324495,1.376000517449644e-06,69242409005.60931
8256544.801326971,1.356754577128078e-06,67369627315.65205
8447106.076579416,1.389268346844282e-06,67844896991.40766
8575191.399050243,1.393513232276548e-06,68733705484.0365
8395316.219440643,1.37958213818709e-06,67744184186.2645
8725015.854934782,1.403567983707913e-06,69600216319.28021
8297662.158884123,1.410121044636446e-06,65985951845.16492
8584980.050554676,1.397480155746243e-06,68681882554.25014
8779807.589425372,1.397897085791117e-06,70226582110.3839
8899359.843727339,1.399909595686274e-06,71114600413.12177
8966038.877981173,1.391798196621718e-06,71925535624.79733
8795674.915928699,1.407296009163801e-06,70039902407.11383
8717253.650464393,1.40792533626268e-06,69394747547.53723
8852694.325314661,1.405082457954577e-06,70567965087.39296
8032976.497724494,1.407769022816028e-06,63952210434.89552
8410712.641597167,1.398393010174276e-06,67258415564.30266
8126350.792158546,1.411273967652103e-06,64588422663.36095
7925820.588665013,1.40121411369136e-06,63295752669.11921
7699551.94229888,1.385016915042046e-06,61967227863.82948
8301057.906274035,1.391616507340066e-06,66596856319.66438
7611611.029773834,1.444165672486318e-06,59575163325.64636
7490426.694065497,1.440240739766123e-06,58733132420.33395
7856565.96396633,1.426767455349998e-06,61991283962.04491
7496809.742762341,1.395432497952215e-06,60034919685.00063
7502259.608351428,1.386202263086582e-06,60344962172.64663
7725631.629843889,1.402216060394083e-06,61667646153.7715
7435280.864521149,1.430196488456388e-06,58573373837.75726
7480042.997636106,1.406465903811554e-06,59586968179.36377
7708610.783804232,1.413150536674627e-06,61213963423.988
6937959.949320582,1.36975113909773e-06,56251918856.44088
6913746.170553585,1.347706709787133e-06,56665210166.92321
6981024.753895471,1.34640678475089e-06,57253448503.96712
7053446.705961274,1.410931652825765e-06,56070023517.0666
7022239.868379062,1.39279139385218e-06,56305602557.35276
7265620.501328002,1.398411392372027e-06,58100884121.48969
6958331.768208796,1.410437286029912e-06,55326850027.05445
6954148.334599691,1.402304091369735e-06,55507178141.75608
6856660.544150652,1.386503524633091e-06,55144050586.86689
7074123.220569029,1.342056589580886e-06,58142281271.6922
7039007.203899443,1.334015004364699e-06,58085928168.58231
7279667.34358392,1.361823478460483e-06,59251268939.14876
8644744.165220466,1.342740131159501e-06,71027113536.6535
8489841.896654362,1.366300697165223e-06,68950180800.17461
8855798.360139318,1.374002088502324e-06,71653288041.03125
7276875.116439184,1.371981056484601e-06,58935844611.68873
7028027.696095034,1.375652884973965e-06,56819083224.27174
7071370.699276807,1.352547767818533e-06,57818727594.17928
7766409.910024722,1.216280282601752e-06,68160253646.9091
7885372.883539218,1.16185964526646e-06,71348764418.1691
7717113.837295889,1.216390755424053e-06,67723516341.36658
7812001.07754982,1.301650096500515e-06,65528886949.94728
7878308.375582492,1.263606811164284e-06,67404931340.05755
7672145.766459016,1.296354562944672e-06,64530888555.69
8110350.292304601,1.143757469634617e-06,74156686552.87054
7983818.626648501,1.143755703245507e-06,72999824128.66713
7864112.540455361,1.198133753336614e-06,69712852125.20633
7867724.15336427,1.175305334550622e-06,70645090639.48087
7979851.645310579,1.123474339663811e-06,73839040685.3634
7946428.753945356,1.163093574434468e-06,71850350268.26266
7858018.972064541,1.240382739206591e-06,68067938368.09815
7837393.693390017,1.204470783535173e-06,69232096491.94759
7915946.820319077,1.19242357649244e-06,70396191669.2886
7577171.978545131,1.255098763469085e-06,65121122317.13354
7647890.538039369,1.23494973871369e-06,66441915060.81551
7727372.530335356,1.216000293530385e-06,67828060138.05783
8351496.681002037,1.194936830080632e-06,74165343891.55475
8276887.813301094,1.231737485377622e-06,72031362506.27657
8057705.914027788,1.202111659724057e-06,71271331592.95744
7451188.791382736,1.623661671045509e-06,53938045860.65748
7617910.533659435,1.647667055644151e-06,54607994735.179
7715109.328453484,1.681169585004346e-06,54567543308.98003
7334713.059269501,1.589408850573392e-06,53855001685.21282
7366309.312798517,1.602396279198271e-06,53794350186.49423
7570406.888352849,1.632810348104508e-06,54596155181.68556
7081784.672360608,1.515301399794015e-06,53679694383.62862
7138431.540124884,1.506444077309808e-06,54320962435.98724
7141898.721105647,1.53219673129699e-06,53736659605.30836
7237022.249559384,1.20864469299431e-06,63781413769.82472
7365132.126785029,1.191890684084336e-06,65517340294.99673
7309396.013471616,1.211308075114487e-06,64324795927.67256
6992560.403842956,1.269147525139627e-06,59652432110.65164
7106282.727114229,1.232678166038007e-06,61812457891.82637
7028177.697643652,1.254229159094611e-06,60430771385.19936
7165889.770781463,1.198389496085334e-06,63514291928.26306
7328984.983154833,1.188684186078022e-06,65312981348.30868
7201191.246978737,1.205416705696867e-06,63578880162.88747
6972838.888890245,1.241734135992083e-06,60356477240.19302
7077030.333240697,1.211712360362402e-06,62266057022.48935
7112112.521331304,1.218651042018366e-06,62336972983.27821
6972212.139669664,1.269586787271349e-06,59465124159.27158
6946755.360171545,1.256148624082827e-06,59669809801.79536
7085769.544938549,1.233200120602972e-06,61616636046.54527
6986189.291164702,1.287953260348081e-06,59016522228.99722
6965831.134864336,1.305410994987178e-06,58318735384.72944
6998855.654920327,1.272578969319005e-06,59598757917.05373
6984418.174213709,1.316565851131703e-06,58143589961.59743
6921599.752977655,1.276974863528254e-06,58805541020.83029
6947010.44078513,1.290433528762303e-06,58610333491.0621
7841843.348557031,1.350688341243973e-06,64177293057.37785
8137533.750052179,1.359503072098346e-06,66309029852.11488
7897502.515912103,1.331685288780853e-06,65246222311.22755
7392205.86131873,1.327680484873558e-06,61194398684.87772
7620925.590886213,1.341417869545826e-06,62656336229.01476
7537171.337533488,1.317098938978818e-06,62728194575.75513
8058182.070094804,1.373445136889827e-06,65217307530.77299
8242075.50093029,1.382067822065437e-06,66427873725.39141
7894251.310536425,1.363556664995787e-06,64199082420.82011
8275433.383985408,1.376276645561113e-06,66883694345.37898
8060955.015551387,1.370495102331971e-06,65333336695.85752
7875370.94556218,1.354591503188112e-06,64327813153.41624
8152793.078718515,1.350529042365531e-06,66727338263.67163
8298646.709737931,1.371286489845898e-06,67233926956.51826
7898016.613302167,1.349565028450782e-06,64672874707.26369
8876834.954090619,1.399286317948677e-06,70955666974.6389
8771880.163634211,1.39860628755949e-06,70139452647.10327
8619124.855239408,1.390846253646991e-06,69174137874.10497
8288021.500732368,1.35456283642867e-06,67699391463.29411
8441079.900613336,1.330951095474993e-06,69762699770.95345
8045764.443579067,1.326759557789151e-06,66635526003.63657
8602102.319115311,1.394783695287912e-06,68907532100.17232
8419963.147385603,1.389825326302646e-06,67608823158.8465
8234084.701517856,1.381260130249906e-06,66389339208.71512
8461143.549090389,1.386103821098908e-06,68061036088.79325
8612498.621745007,1.39389909014735e-06,69019997995.51451
8244256.252370109,1.380321233440463e-06,66501489046.07362
8863644.818516245,1.414140759797613e-06,70353210051.0462
8800286.139192289,1.434355409440864e-06,69192487338.34682
8720344.537073532,1.414966601894611e-06,69188861544.12718
8154969.695913956,1.518981101846538e-06,61714531684.54633
8550780.322151823,1.519545084197129e-06,64693903419.90285
8073857.948564501,1.553525739045463e-06,60191541922.90436
7647653.184535518,1.554971473898242e-06,56978791522.07039
7929898.734155618,1.527922416077105e-06,59776906981.79608
7849916.946311066,1.562685332234113e-06,58293129505.31517
8201849.251623451,1.465358584421568e-06,63574434756.77635
8557645.786226476,1.459222786349161e-06,66518110556.11066
8181958.02002884,1.489331010608466e-06,62737868359.68912
8306390.380928013,1.497367100943156e-06,63463908259.39561
8684892.183259904,1.467644025200137e-06,67248707864.28989
8705815.454357147,1.498454600336407e-06,66483477933.05462
8726352.410387788,1.408449823421776e-06,69449932509.13698
8591885.423264993,1.411190875544154e-06,68291183162.69781
8297391.500012724,1.420364388165563e-06,65666176872.1358
8898258.363320056,1.414921244648262e-06,70601972252.62552
8858080.762472622,1.417514398681e-06,70197446776.80974
8834775.87144554,1.434716772324455e-06,69451999399.38104
8798277.546444153,1.408059026694163e-06,70035314601.67632
8863140.844339086,1.407615040223267e-06,70566468713.9772
8719844.653479574,1.408336130692995e-06,69401874472.27861
8822037.552396597,1.406676191228347e-06,70270462323.65225
8814652.628861547,1.403040147218183e-06,70332891110.554
8886988.21313832,1.406464382110043e-06,70794922701.8779
8750638.503334034,1.392489489030727e-06,70174359813.98221
8958665.058798775,1.390380563500632e-06,71915224586.89807
8892013.500335554,1.398718889132601e-06,71096216031.82285
8545526.693452463,1.395475147026431e-06,68431716063.77486
8729011.684596602,1.400299615572722e-06,69740399113.55934
8736360.6530685,1.403924257266178e-06,69678924004.58528
8825600.693456173,1.423312979128349e-06,69749966146.70474
8768401.452722725,1.43780129353388e-06,68831596900.52606
8802338.59604422,1.440268278063097e-06,69019075880.59291
8842159.802357819,1.419316782672974e-06,70011943581.76724
8868580.843741581,1.423177247532555e-06,70094100665.18167
8784906.839302348,1.433686298839298e-06,69093056269.1026
8825925.802109897,1.491282355042799e-06,67616655547.57938
8828754.050929772,1.496141793796258e-06,67491785143.56379
8773736.020664323,1.462595273051138e-06,68092893064.90504
7716300.340137648,1.339651066266769e-06,63496237813.6504
7771512.966614758,1.320651540604526e-06,64562461676.38087
7632022.186916097,1.315364045702361e-06,63573430404.45197
8845086.191641649,1.344614967045914e-06,72605598299.5153
8733670.944307072,1.337307650823647e-06,71951956162.82928
8945801.369065287,1.368654276136499e-06,72569936855.52501
8739343.377812844,1.381615097656147e-06,70451042395.08516
8846513.142637376,1.355600921133935e-06,72224446711.00023
8947236.420776254,1.379644537499318e-06,72195607648.31352
8178868.972418792,1.338021209721159e-06,67357286867.33476
8251842.454086663,1.301288979737252e-06,69231184125.54315
8592622.049709104,1.331141262294014e-06,71008381262.60603
7944112.212144544,1.191720970635197e-06,70674430172.22882
7909472.497102087,1.161769239083835e-06,71570536288.63521
8245960.20078292,1.172553297310559e-06,74157117350.49089
7559319.814053112,1.250687862798121e-06,65120355488.33964
7819438.73490548,1.227630110758649e-06,68202018251.09569
7972229.253824063,1.263038959832078e-06,68228938452.94232
7445849.194107937,1.237499707736731e-06,64597766040.31821
7511217.751317075,1.209900936770642e-06,66152126656.9623
7704025.024930705,1.214326024184049e-06,67685267534.46133
7109863.053267772,1.247288980607843e-06,61359693082.84753
7260550.344923195,1.228498155390335e-06,63297496782.4595
7248874.131713693,1.238372727702189e-06,62859314325.8344
7543057.035341565,1.158042315761848e-06,68401313076.52565
7685988.219949746,1.156919697879887e-06,69742509592.40526
7527125.546466188,1.182546976634169e-06,67310614965.62366
7988982.320460392,1.144755805423088e-06,73004487576.83232
8265231.271546628,1.123737856206563e-06,76467754263.62466
8327139.492310932,1.155617250721805e-06,75617067147.59494
7779618.324714478,1.196641478845941e-06,69021160254.09203
7585861.451100664,1.192153287224312e-06,67470952210.77469
7745339.511216545,1.166686196245889e-06,69888290863.91106
7951133.353698744,1.33261671463621e-06,65658687930.04257
7678054.798202874,1.308914536626492e-06,64166794852.63626
8023085.98398047,1.295682249881832e-06,67506010162.19015
7344102.399081123,1.224027103822451e-06,64181722321.40137
7355855.026339369,1.214133993841277e-06,64633163831.65298
7490846.630087619,1.189825641459081e-06,66712726342.27131
7096800.834065683,1.273719732393683e-06,60396721698.98071
7248575.229886079,1.249451484177573e-06,62484608409.48385
7272265.321805411,1.257207281709362e-06,62430736277.13026
7043025.536166925,1.274073033513528e-06,59927990316.80064
7055743.295961937,1.258630995503807e-06,60526257807.51839
7194226.858663759,1.249802028340249e-06,62004514561.43054
8068012.953721505,1.093812373505149e-06,75998443702.17088
8282222.454701806,1.077796039190349e-06,78787230694.32654
8272308.249623322,1.09799836767727e-06,77724674646.79399
7707159.736002964,1.11361574913544e-06,71736048540.79141
7856162.235226572,1.108008992744502e-06,73369391953.94571
7785044.013819536,1.133285476536294e-06,71620089074.73375
7748678.293586143,1.101947586983474e-06,72630718133.76338
7952623.319216891,1.086561222796804e-06,75244416332.33139
7898079.674175187,1.0963157180111e-06,74284422262.7487
8325936.732390675,1.22469678956554e-06,72735660481.98367
8139300.660927868,1.246749328523832e-06,70264236150.91859
8467851.045903804,1.288988113747806e-06,71494714279.0685
8476684.989137048,1.256383436438451e-06,72802212176.39189
8410592.305398351,1.227110831097858e-06,73378819710.3221
8553223.224172004,1.291386215275126e-06,72126087707.55817
8748615.189613098,1.322506676478672e-06,72611832795.7896
8560894.508741852,1.280230526560137e-06,72609541294.08221
8637811.127071582,1.315217073129556e-06,71956839233.90318
8161483.300539762,1.24907250692695e-06,70368343899.39711
8006881.137149658,1.213513160319292e-06,70377481462.40907
8309908.181774662,1.194441410966228e-06,73816422032.92851
8146159.5552983,1.104048140091666e-06,76259550055.35374
7994386.525343811,1.069849947444862e-06,76425196249.30655
8030612.897996037,1.073364859997984e-06,76603822836.50847
7718752.824929173,1.344147904094543e-06,63374677320.87715
7704664.368516351,1.387094639458387e-06,61946436596.97053
8070226.625332048,1.404846609527717e-06,64337837404.29498
7438164.808659596,1.227954381107537e-06,64865082518.2743
7249000.215842364,1.235093143943658e-06,62971635370.94796
7303338.387553108,1.26782880188713e-06,62346825807.37057
8064054.635144226,1.274169628550557e-06,68612297534.30784
7682440.186488031,1.239922327613323e-06,66563507806.71304
7713094.3015994,1.28854537498286e-06,65137161637.13487
7240361.308686363,1.19353318265327e-06,64348324077.92693
7323123.906913716,1.128997051984202e-06,67541055583.16576
7374579.935753812,1.159302351504106e-06,66825078296.1562
8115043.278805002,1.110821480251195e-06,75659127291.50787
8281193.356461029,1.108608920539848e-06,77310891112.81223
8140201.245422255,1.070268123357363e-06,77798892506.9816
7679517.244797858,1.198201990337005e-06,68073889003.71804
7981039.024419603,1.191158668674907e-06,71025291351.45212
7779992.567609047,1.162994743176045e-06,70349445877.91588
8571428.749238962,1.184822764063445e-06,76551016080.0405
8388874.492751343,1.13723044844239e-06,76996569756.35899
8221642.215802621,1.13954808246786e-06,75359290978.91722
7566744.989411538,9.422058711452663e-07,78730902004.31477
7927180.462722917,9.115809575626408e-07,84318314286.68073
7965852.706833839,9.384329381846221e-07,83105565677.54785
7379950.939903744,1.00779081087715e-06,73418675490.12701
7356830.575084088,9.758771066860721e-07,74775731099.05875
7448440.175608819,1.010886469297345e-06,73948677518.54858
8198488.852670642,8.912500646015968e-07,88525304160.91949
8421445.559018016,8.953937955094755e-07,90651972496.09177
8424498.218523014,8.596472503956439e-07,93181677347.92062
7460270.340548766,1.315815301255923e-06,62128558487.72233
7295370.127447483,1.307054115440401e-06,61026474939.83031
7187620.61370069,1.343234974137797e-06,59040562268.80832
7002036.046477364,1.330913039823003e-06,57870587156.6135
6934656.047670733,1.332542171594623e-06,57266980376.60833
7021935.115834804,1.308775694232323e-06,58687642600.76037
7155102.513378226,1.381311206550728e-06,57688357011.57028
7178353.753936906,1.41610200346617e-06,56923967937.37431
7413320.887134074,1.396784814162123e-06,59328011989.69798
6867952.407518448,1.377118718333854e-06,55485523686.50453
6965520.15542445,1.392875993486638e-06,55848552022.68826
7003888.467829463,1.37269446427971e-06,56705253997.02303
6900042.088413038,1.375528377541496e-06,55787731693.79034
6829506.07185373,1.369800854652483e-06,55371251590.86819
6875894.625694948,1.353748351148488e-06,56187182110.38258
6918410.449027772,1.388962454312531e-06,55574980588.0317
6949385.975147988,1.407148894873466e-06,55341772429.18549
6847780.368125226,1.38307781358925e-06,55163533792.55344
7028329.729845178,1.423779896364172e-06,55533735867.91187
7136706.352836548,1.439604155870019e-06,55976073757.24358
7024125.303921347,1.415499314164684e-06,55716754160.39247
7017962.312538927,1.317948389143422e-06,58381972306.33849
7038396.449978102,1.300594055106939e-06,59071665514.12232
7209039.226611876,1.32299235384385e-06,59819002374.20784
7189068.300294804,1.456894325418195e-06,55939756962.31662
7175045.408442116,1.478327797021596e-06,55289690463.15413
7137930.17024312,1.447452964433267e-06,55783101227.53088
7094226.39857592,1.385241877970742e-06,57089289192.21933
7344232.878542388,1.381725354087629e-06,59201396982.82407
7338840.726586395,1.391197468021472e-06,58889103563.19956
8426387.483958127,1.404039887247958e-06,67202969278.78362
8769203.570771182,1.398825095978701e-06,70110738522.23277
8425992.86865614,1.329007447668518e-06,69705890129.87769
7735253.297707927,1.441818443414174e-06,60608586444.6516
8074442.915531098,1.429198796799467e-06,63638139443.92049
7708784.070699741,1.411528966064331e-06,61262213486.02058
8932837.414292555,1.498219846021113e-06,68224296447.06937
8897044.575009668,1.44100721453972e-06,69737813966.3213
8551713.852524357,1.446411102996371e-06,66863944912.21361
9058644.396101739,1.399803505962787e-06,72391097378.21056
8928605.134238388,1.351540626196116e-06,73040580074.87347
8917052.402918758,1.346343012881815e-06,73133693106.29192
9548914.858344859,1.478364598558625e-06,73581107146.71648
9299081.306459373,1.45274621230837e-06,72495916360.57268
9501777.078770708,1.484516070023087e-06,73015472794.78798
8984440.330069533,1.383692832000583e-06,72354336929.16187
9066601.607156569,1.361764989452798e-06,73797744743.76347
8938456.868720114,1.314828799071719e-06,74476011478.83127
9450736.831441835,1.464530493700738e-06,73282462983.40623
9113081.927635869,1.429069328496249e-06,71828435832.50734
9202199.475441672,1.438956127956958e-06,72198239516.86661
7927006.619867542,1.049997909086825e-06,76733250905.28735
8026673.438359411,1.096170238981681e-06,75500574518.89204
8051694.1557992,1.055615867626955e-06,77663447185.57361
8725866.617620556,1.2868430124134e-06,73755009683.17757
8668775.239016466,1.231226825401247e-06,75462704093.43736
8367302.037000449,1.22248207142732e-06,73185287018.58958
8862501.054031571,1.381528042896626e-06,71446862702.29285
8795191.697898621,1.334743778904541e-06,72551551825.3239
8517451.261085413,1.311751878209962e-06,71079090259.24927
9003604.922116546,1.406940246953295e-06,71707733277.24538
9077500.697735151,1.413637500986665e-06,72067742680.88445
8935760.833459785,1.360228775338038e-06,72787515844.43987
9076491.458432123,1.414318705180855e-06,72036590011.90906
8987986.19152882,1.404527778336311e-06,71665286467.73293
8946323.697097814,1.366156768857406e-06,72662596989.22887
8793395.135614434,1.254487943173225e-06,75598340303.78116
8850894.743742131,1.309964830090923e-06,73928872964.94583
8862404.552990148,1.315258687855541e-06,73826245882.14987
8860495.549482856,1.276295760212012e-06,75304996744.30724
8795787.04213577,1.246077675694353e-06,75958776778.61961
8864805.826217158,1.306877344747837e-06,74161642713.96388
8662218.794990588,8.47169396420511e-07,96749555122.23312
8659123.361603905,8.826369954923289e-07,94106403386.5164
9156463.639231514,8.41444785758345e-07,102733170848.8087
9076080.008732432,7.558670774991535e-07,109379188238.1164
8941920.033959156,7.398721440273637e-07,109309942038.2677
9323474.816262864,7.489530189313205e-07,113051089374.5043
7588460.869910692,9.290337344873234e-07,79701417041.15862
7539598.381379064,8.964136450782508e-07,81097831209.11636
7416361.193265761,9.371970324489755e-07,77440878241.67993
9106507.372344626,7.754822994742753e-07,107887364435.7967
8767894.945613723,7.881251514878451e-07,102761841751.629
9603573.077820795,7.593166928686056e-07,115385405445.1345
10453543.78628544,7.212916820000763e-07,129973932773.0309
9521740.412671354,7.587221776807262e-07,114461952914.3044
10029863.36936861,7.426612524769805e-07,122302266795.1956
9474114.237704076,7.677681227967937e-07,112993093648.3204
8597047.589854591,8.162963977729978e-07,98427716755.84581
9046314.479512544,7.827579291726827e-07,106509095708.746
8124238.644801833,8.474624437853614e-07,90719858610.20518
7998366.822383569,8.786788143721122e-07,87186226425.93857
7761341.520173748,8.685009043929222e-07,85262214958.90291
7927393.054921123,1.023884099874832e-06,78036274188.0174
8052083.61816511,1.029574269249198e-06,78971397359.97548
8028228.92196663,9.917038307833713e-07,80729405414.28632
7812609.37610406,9.963965852964703e-07,78314339624.32518
7867654.454700155,1.015583130493876e-06,77869662429.90007
7968110.87075905,9.834219026053429e-07,80574097666.994
8293742.543056732,9.327138141144559e-07,86879692889.90952
7917709.696316413,9.755555862569022e-07,80494256661.08087
8074248.514253275,9.62715910596481e-07,82813920676.68555
7664901.759462714,9.798150096029092e-07,77698124214.43732
7601441.674803918,1.022037133121394e-06,74917771575.761
7698884.185246778,9.969539992499821e-07,77145578483.15826
7664024.531115268,1.074200867322856e-06,73069009524.14941
7763952.979747209,1.122848645125881e-06,71867976481.50436
7915705.73014458,1.114590367178239e-06,73634179268.62149
8362089.117245314,1.024521598742196e-06,82281218139.18633
8798390.64317704,1.016880365894368e-06,87007495119.81851
8722035.283880536,9.744538253274615e-07,88738141618.16701
7728434.84409668,1.009089800763861e-06,76819534671.7932
7630804.910835969,1.034255947498907e-06,74613658060.32706
7783183.108483936,1.028346231716002e-06,76394895390.40007
8433238.281634616,1.092392036559749e-06,79507608002.10518
8725417.583468815,1.046235380023849e-06,84664227974.6042
8290952.199988521,1.054145725822535e-06,80045571527.757
8804897.344854752,1.244711435625241e-06,76093082442.53627
8643408.742907371,1.180409003521719e-06,77386173992.31039
8740392.547405213,1.21437652979906e-06,76788354531.36365
8988727.087660365,7.680251186553941e-07,107180203843.8429
8971705.37957854,7.833320027473021e-07,105579051689.1701
9188967.496819519,7.802975822173837e-07,108415957030.6877
9136055.254920689,8.55063967785906e-07,101412848253.6186
9110228.90737888,8.359226107601623e-07,102664092919.3715
9115853.580389539,8.17265427443892e-07,104285018514.2185
9174956.161072813,8.784698526265321e-07,100027501987.3123
9271781.116751473,9.098136660295626e-07,98747975325.71844
9149074.849360419,8.587389937495158e-07,101267415137.9087
8719288.586241137,8.942987928739358e-07,93934678994.09941
8904172.410491606,8.935888937620501e-07,95977268471.67928
9218329.60036714,8.529001187651189e-07,102499115003.3912
9252957.736815935,9.046165493628383e-07,98924582513.12323
9100171.778511047,8.590651204800706e-07,100700632753.2931
9130376.505654126,8.540232131044933e-07,101432135694.144
9007889.081181655,9.991717389571721e-07,90128664392.02303
9193954.473796478,9.537680872248348e-07,94887096487.22092
8930628.051983828,9.568800691426201e-07,91969465568.70377
8999718.985038688,1.010000233359078e-06,89402150618.34268
8898110.392336747,1.000768751556851e-06,88935530209.72632
9185700.409857972,9.647811868339916e-07,94079079488.74397
8597017.656722873,1.123276392120867e-06,79559137156.77946
8803375.166366406,1.063545599843103e-06,84491262613.10564
8509882.434346074,1.109660623359928e-06,79395662469.56561
8657349.695129249,1.188475195873904e-06,77159880340.95816
8560829.002146922,1.154466762363629e-06,77790793185.46513
8473877.836109573,1.14099801613989e-06,77605459103.87299
8705709.527324567,1.143652586336473e-06,79605198237.10558
8852955.4066798,1.072176981669606e-06,84510490784.18954
8646014.173483554,1.131767717132747e-06,79611854739.67041
7871882.293942996,1.122412899369284e-06,72885895179.3976
7927190.803697339,1.099167460812184e-06,74429208862.69341
7814242.966261491,1.120592693182492e-06,72430539426.60516
7710868.305653134,1.154368419066208e-06,70071324696.95551
7817711.417366697,1.136145275902702e-06,71799880846.48714
7760271.121481108,1.134401551964894e-06,71345352250.60173
7830973.085717348,1.122373561258747e-06,72508810301.44472
8080738.326203102,1.087920633633705e-06,76392883138.36774
7905730.562942492,1.120416921703308e-06,73286205501.44958
7799625.353607174,1.093346868185647e-06,73491159388.377
8053851.835538424,1.081250364929083e-06,76451519992.72557
7804505.718763023,1.115538809255139e-06,72558608812.81572
8302498.257938465,9.82345235992885e-07,84016779620.5481
8521910.829910599,9.569652115334766e-07,87755205075.22514
8497693.627048573,9.604360605375653e-07,87294878327.46635
7875093.942644977,1.078389429514847e-06,74886809543.12096
8108654.427319657,1.055391336333915e-06,78223956003.78711
8130537.563316452,1.066199381343616e-06,77904099127.8576
8171983.777317197,1.030043222894232e-06,80122998982.81326
8155231.604953376,1.010873309311642e-06,80966458992.63049
8164873.324367736,1.007058565140563e-06,81266763893.82721
8206879.369391003,1.050777723036737e-06,79403103730.74239
8184893.668350579,1.040050050917125e-06,79733999431.13841
8177777.599939897,1.016991196464971e-06,80864362379.79596
7862430.826543073,1.068202825566591e-06,75240964828.43883
8079130.958349083,1.026035964257242e-06,79418727704.60254
8095804.826153839,1.045320629834289e-06,78600808871.19121
10774391.05806984,4.352440035455736e-07,187602031367.2256
7810478.452951185,4.37824817644951e-07,135459890952.1725
8421406.615017191,4.392753522152059e-07,145733729791.079
16752192.47845639,4.171285617790076e-07,300071697864.0811
13935779.41202605,4.335536485077277e-07,243277923244.0415
14875598.39015133,4.247912308456011e-07,263243354434.8789
14068659.2927742,4.493918716619448e-07,239792670133.2854
13068968.49602615,4.56407671383307e-07,220464848394.2191
11296824.42696693,4.520663497886743e-07,191788071339.7815
16897802.16791401,4.209143666220909e-07,300862265710.5829
15428299.02927121,4.390511335853833e-07,267079966149.4495
14068613.84150409,4.371434983849614e-07,244250405556.8462
15612704.55209438,4.446652897191576e-07,267992509015.1296
15282963.88181406,4.474263524710775e-07,261252154318.9386
15426925.76104956,4.460816444330282e-07,264242794869.309
16681242.47219872,4.28811622711265e-07,293348606623.8043
15960205.86188083,4.400151863113753e-07,275884125502.9716
15772364.80085173,4.415196731037974e-07,272017455413.7799
17541497.39953218,4.16544887790073e-07,314503481626.4411
17458005.89527921,4.183011823506182e-07,312129805006.3315
18047714.19296597,4.126354748822152e-07,325620068506.5881
16032470.14542036,4.307747212910327e-07,281082387094.7982
16025417.26200295,4.373345386069211e-07,278142163305.6456
16747909.14857437,4.26121271816966e-07,295759329698.2117
12479069.70485024,5.03400628420849e-07,197199756798.7038
12394448.30855936,4.938020222598438e-07,198392518734.858
12010116.32763955,4.938013689613763e-07,192240854193.3516
12595014.94787251,5.209643490408622e-07,194533029855.8418
12426640.75887585,5.160160040977816e-07,193157523796.1369
13311584.17994162,5.19216347668222e-07,206061807181.8831
12162998.20572719,4.943757971310673e-07,194537131861.5095
12081406.68872336,4.815617347384458e-07,196644976832.4952
12035020.01136655,4.936977241464359e-07,192666437265.0006
12424208.30013057,4.666271377735973e-07,206516804108.3398
12031361.27764282,4.750370481516214e-07,197619492771.4231
11531932.96922697,4.892728327643515e-07,185724005454.5405
12139152.56792381,4.852620598012546e-07,196579161474.8161
12340834.83857073,4.901225266903573e-07,198521751209.3183
12081830.00895753,4.936460948915402e-07,193429295660.7384
12057874.23000259,4.785435008207443e-07,197086314384.407
12068688.54450477,4.823678069104791e-07,196219065346.261
12011532.79468578,4.907333491919555e-07,193064036900.4037
12678680.15396174,4.657916593012611e-07,210998600277.0861
12930738.02234492,4.719523670225718e-07,213316541524.9601
12374136.1490216,4.760568536129487e-07,202959324535.648
12986391.96367854,4.520044356286359e-07,220492273639.4994
13561740.9222503,4.365428975494703e-07,235666304888.5687
11370879.01466074,4.448620296702773e-07,195123905217.6448
12743123.08742236,4.48312042464545e-07,217548256998.2319
12528777.48211407,4.509688077066784e-07,213048113702.5993
12267580.78039065,4.596804326086351e-07,205962544332.1082
12315115.03424236,4.605643172086196e-07,206495986297.9184
12689078.26000487,4.507256454242047e-07,215851578874.9979
12214555.0328698,4.620785766594501e-07,204362133527.9729
11860823.21906331,4.820377081027386e-07,192927509354.7664
12108556.74349282,4.683962668677978e-07,200762886535.7227
12008845.37795462,4.699175037233483e-07,198679704289.1676
12052179.02043427,4.83089725998873e-07,195755379857.2509
12788198.64606207,4.741388461268122e-07,210316016859.6834
12301892.65906235,4.694467014215992e-07,203664063878.2305
15567469.12173233,4.302008540132249e-07,273172619687.8947
16353181.15519595,4.237204559073232e-07,289878470045.8759
14131755.38856845,4.369511733927839e-07,245418617244.8518
9832645.866732631,4.46762241150161e-07,168249102908.8469
11490289.43797643,4.511263532976551e-07,195343442391.1069
8118747.526637947,4.281748716043891e-07,142914047341.3272
7075965.776077839,4.341920687946259e-07,123404538713.8312
8614860.078521458,4.416160589216731e-07,148554218716.7332
6635887.867244602,4.321143897523529e-07,116100267258.2771
12673345.40627383,4.43885580240806e-07,217792998160.5054
13965441.81243333,4.461342641145378e-07,239190702007.4374
11204351.97639349,4.487757382181219e-07,191146857897.5
12816176.30997203,4.52652982494402e-07,217394331507.5502
12440412.57346493,4.636012108855245e-07,207684973658.3689
13199113.59238034,4.459456998074336e-07,226129269351.2124
10872866.82365629,5.160128668989967e-07,169006619346.8094
10153995.63522315,5.280294445303287e-07,155428818314.1928
10850254.36218451,5.097628284888081e-07,170030883006.813
9408955.333124353,5.399299798288456e-07,141900234059.7002
8894682.710267099,5.498084733422074e-07,132532637700.702
9080114.543423062,5.359322713395073e-07,137621003743.2273
10770211.58775174,5.207102928011906e-07,166402607418.5213
10442983.08049427,5.285084834720047e-07,159755787038.2605
10054800.19244351,5.327082956303606e-07,153007882470.312
12037260.82829227,5.003949535560555e-07,190979047779.973
12090388.46415491,5.082532682077225e-07,189839596298.0706
12165250.90481173,5.010295676040941e-07,192846680015.1291
11862628.26227011,5.227392752159929e-07,182806163189.9886
10889221.26739794,5.259949367746135e-07,167112568222.0102
11223314.66548275,5.182399311304985e-07,173953788131.7162
14909029.29035162,5.222213879087546e-07,229903860997.5409
13198433.9356573,5.225035178351791e-07,203452449859.3044
13931732.8802917,5.207192587996298e-07,215246473729.3643
15218754.11292113,5.076439524846382e-07,239151415481.6128
15431230.82033638,5.185148609002697e-07,239089091707.7149
14436678.81792184,5.169943986469416e-07,224117998870.5148
14254368.98234343,5.359664690840597e-07,216034402607.9464
12391093.20678077,5.352899315260269e-07,187953423525.1685
12509028.12628407,5.308005190422061e-07,190810678766.3356
10840596.54885365,5.364290987270798e-07,164201944669.5971
11011674.90238487,5.37792133213794e-07,166511315215.4795
10632980.4202053,5.488711379680577e-07,158613963648.4785
15111143.79478789,5.258081973135596e-07,231959645649.5552
14955990.80078278,5.333442149222283e-07,227410299514.5275
13166826.46715696,5.285878374458551e-07,201404730941.8334
14928241.04660865,5.422392107541565e-07,224499145742.2938
14908250.02434465,5.451834862675952e-07,223390588715.4152
13226680.12642651,5.526943503988789e-07,196393676635.1401
13289980.01369361,4.497520812980281e-07,226399539922.0569
14361207.41457618,4.190372294352923e-07,256461718579.2494
13241827.29317604,4.473436239065131e-07,226388181808.4711
11674508.69774892,4.871314008337361e-07,188570837306.5545
12619100.98058393,4.668003783567739e-07,209704435344.8153
12572180.49129909,4.646315599778349e-07,209574354295.8599
11339095.44182166,4.744662921450616e-07,186398108717.7057
12605840.93008021,4.418736347165152e-07,217290011574.2573
12555669.0332826,4.597616282132809e-07,210774488688.7966
8057415.606274008,6.415245712330819e-07,108322889272.5476
8115325.092459234,6.621778631836328e-07,106820879632.5232
8148950.484757154,6.394579159388045e-07,109789388700.7847
9204618.935206415,5.871120757919875e-07,131277955658.9077
8934994.552022144,5.74008222826593e-07,129364629634.5756
8730747.350261379,6.099056468017727e-07,121397474314.2178
14034152.1107798,4.715015007997097e-07,231666974209.639
11798788.81229489,5.048372374923789e-07,186095772158.4611
11936947.7705623,5.24164960177078e-07,183617739546.6247
12699590.09068842,4.427434034360888e-07,218619201546.4309
12106827.20554579,4.455339399388049e-07,207543824346.2521
10617781.68164369,4.702846635507312e-07,175573882890.6964
14447771.29589878,4.522398861018296e-07,245219470060.6454
13499781.87034738,4.473934985406096e-07,230781135265.5917
12178288.99791189,4.857034091744602e-07,197093442315.0031
16058084.17841242,4.281541034516597e-07,282679071682.8765
18616348.80320233,3.886482159412327e-07,349561334370.6552
15057787.22729093,4.229307378419856e-07,267248323453.1563
9154581.211939091,9.420199569357264e-07,95264643383.44339
8867482.631712958,9.781003913942916e-07,89993551554.10597
8876826.655222477,9.193930342918741e-07,93883715014.86429
9445302.175448487,6.319712292668443e-07,128257957134.1105
10203432.98053779,6.125368521274763e-07,141467985103.813
10707805.35374739,5.776521589332041e-07,154379465907.3132
9043071.240203721,6.383856516052431e-07,121972111104.5347
9159963.761142727,6.385015388760212e-07,123533796896.5669
10403853.35977941,5.842484293840252e-07,148866114525.3275
10821657.53961859,5.284999438388513e-07,165550497121.8636
10017145.75836429,5.65498967873374e-07,146483749785.7946
10953988.98518835,5.475585296063339e-07,163663537567.8014
8670488.340524061,7.065976090878606e-07,109293780734.0545
8946287.013504326,7.332829099028446e-07,110017503255.3844
8604906.873902591,7.209945135324412e-07,107018337802.4577
9503378.507461164,6.692759664331859e-07,124205608576.0871
10254010.950681,6.756964753344979e-07,133165791444.3625
10126079.3889307,6.398871819725482e-07,136365880457.1336
8481700.468202053,7.057531882664294e-07,106999323549.3176
8880708.829710048,6.815527833112431e-07,114669512811.7142
8752643.307364315,6.714176343792072e-07,114150390412.7204
8448490.394082107,7.211621372054672e-07,105056719775.4497
8618086.741018174,7.337386784142025e-07,105937548534.1527
8846725.817330694,6.972927416018182e-07,112505167675.5557
11291758.93532693,4.926965175846408e-07,181012515124.0787
11021204.97258411,4.872012423830424e-07,178001428686.8965
12221041.56731204,4.724719442725317e-07,201460947113.9895
8300780.723548073,7.781820528069082e-07,98114109819.40942
8481774.023910137,7.539265213155441e-07,102392312194.0678
8313530.971041126,7.414600696392345e-07,101483088040.2658
15099655.57828858,5.940048781827998e-07,213684834176.7229
14177309.48298172,5.942973667362396e-07,200566293731.6014
15126083.57969593,6.404625293007597e-07,203577922619.131
8337344.51109304,6.819244803528874e-07,107614359846.3825
8646212.068884498,6.919826958110935e-07,110516993161.6025
8311606.877512821,6.988711208359308e-07,105540771367.4674
8155110.223777926,6.810765834272424e-07,105349513921.9624
8215468.228817277,6.792221285755984e-07,106322317947.509
8189919.55160863,6.96135249198166e-07,104267882147.7859
8174721.970619177,6.397201755332507e-07,110106500320.3863
8538130.393548813,6.357827800691405e-07,115475612812.8248
8288589.350268736,6.588265976070783e-07,109471198869.4908
8292183.02958134,5.920885994605658e-07,117601017744.7899
8338194.897269585,6.007370209457544e-07,117115877774.4254
8136122.7085709,6.192177445934623e-07,111992402445.5217
8289309.561099702,5.638093830699868e-07,121459128046.9887
8284673.964854939,5.777578102204307e-07,119429479207.8483
8147288.105392499,5.845303245997756e-07,116540007861.1536
8568325.920531249,5.680660278204536e-07,124919460286.1817
8446513.466786137,5.880081407896847e-07,120343300908.5002
8400203.289315391,5.793468076983967e-07,120873394188.441
8406935.06527406,6.08438928620059e-07,117082781425.522
8568078.678951371,6.231710677800274e-07,117438886433.9452
8204026.545490387,6.27068429137679e-07,111982570668.9418
8727054.541941995,5.659100430654291e-07,127556547519.1365
9037627.273374602,5.705618956078642e-07,131376972648.5036
8604114.95483673,5.857476139118582e-07,122903953159.4014
10282712.0326886,5.657219563135466e-07,150327689970.4682
10356427.03761622,5.697174841856145e-07,150696645360.6623
9746625.990986606,5.888520302375197e-07,138734194391.2536
9464655.54558027,6.360015045216154e-07,127977233470.1533
9483683.54154915,6.495877373304937e-07,126440200289.0157
9123379.269561497,6.487510506173413e-07,121741041615.5494
10210005.43500205,5.816519557039116e-07,146526838126.7399
9705375.901281795,6.127373021603295e-07,134533202584.3754
9604596.117546352,6.005085970051743e-07,134937591528.4686
10457577.29783162,6.127838690538061e-07,144952663681.0264
9815000.507564701,6.406560264250615e-07,132070873197.3593
9795642.823427888,6.268672693199403e-07,133736271596.2764
11437067.46159583,5.807190921197023e-07,164312503682.1923
11949960.42055262,5.937672189908133e-07,169156616118.7989
11473977.13165838,6.072395786193434e-07,160007595824.6907
11089123.52466686,7.086816042091206e-07,139507144083.7685
10852211.58569671,7.088062161145012e-07,136510662464.8863
10420445.01079986,7.301449743078086e-07,128512942039.0592
12106498.17023297,6.333723008057322e-07,164151868183.9292
11984085.50732073,6.140949950284985e-07,165875098540.1704
11655008.18244363,6.298390141049568e-07,158620583695.0239
11646349.72777485,6.193820105731109e-07,160281759911.2416
12125858.82280782,6.061399426720559e-07,169302708194.8786
12133162.91411645,6.29579946418421e-07,165173398560.4237
11608181.33677204,5.819020370965526e-07,166544744302.2964
11783868.19385544,5.926783272324678e-07,167009757401.344
11910061.49355355,5.963484611246638e-07,168104988736.3803
11032972.0704565,5.973648080945746e-07,155548596254.3208
11209461.87345833,5.817966179153917e-07,160843668287.0091
11246002.73118748,6.081161789516016e-07,156677685002.7958
11686023.11185493,5.880146322137671e-07,166497602954.4624
11582630.81842759,5.891785359250708e-07,164807107056.6382
11733988.36803174,5.924598656872589e-07,166343702118.8671
11118795.40916433,6.517008489204874e-07,147919540122.741
10532244.47538235,6.71188804115636e-07,137390845357.9684
10880854.73131975,6.856252274216639e-07,139938909785.4883
12249112.74645208,6.031974839156137e-07,171579323525.2487
12133283.48487987,6.074496656489206e-07,169162779778.2938
12256453.8597405,6.267080549039365e-07,167361149549.351
11450713.82941179,6.220836634199362e-07,157132744794.4689
11222990.62504028,6.341987444989139e-07,152040170578.7682
10744681.93390545,6.397729412162221e-07,144713701469.6535
9506281.19431307,7.685247498580517e-07,113302306529.0804
9437462.552092366,7.877058740727144e-07,110648581820.2601
9485527.844024505,8.069693645538938e-07,109435141745.6608
10498993.11844707,6.628121930999322e-07,138108579475.316
11088896.85587832,6.375217374681839e-07,149701107141.846
10968666.53488282,6.629693581054929e-07,144264075181.3804
8682685.629098197,7.957391726950082e-07,101112981899.1917
8429610.900737697,8.045588792229192e-07,97447112282.07176
8303635.330720923,8.212063993132996e-07,94689113679.04062
14607994.88132402,4.186531940500368e-07,261028344336.1866
13564906.72850342,4.39348537808355e-07,234716716808.8452
14697584.77107438,4.114152509882472e-07,265700506662.3381
19693609.92052004,3.207839801231313e-07,420258865401.3849
16563345.87233362,3.413403269039703e-07,339122290916.5977
17100904.6530343,3.50375923804401e-07,344082761449.3281
14384974.19636942,4.231538579293607e-07,255217363181.7235
14247853.72154883,4.303978468794984e-07,249940166237.4791
13876537.32691866,4.334791212741081e-07,242271494690.4149
14511396.2803819,4.274908486336423e-07,255716049980.4916
14407323.13182308,4.288861819664262e-07,253331149631.6371
14545207.00101731,4.216907171914775e-07,258656787328.8896
14865859.78419008,4.501403979784217e-07,253099549305.8232
14993509.4244307,4.47959361153105e-07,256100770982.8696
13974723.12415756,4.558443398257793e-07,235938511077.9772
15012629.31383188,4.488563873032479e-07,256085597999.8851
14870618.22984092,4.503051770374824e-07,253118796903.0608
13979336.75449412,4.560359164338221e-07,235950300526.9003
15476692.11558814,4.471635587677012e-07,264667454525.6964
14889699.93069006,4.561730106248871e-07,251265514952.6349
15148398.56154019,4.500450541054766e-07,257946354373.5366
14409011.0258716,4.583040853000822e-07,242399482316.8104
13442020.38036985,4.578823112417701e-07,226270865803.4803
14790297.49903721,4.500385862456941e-07,251851036109.9315
13384403.72669578,3.990450194298206e-07,246936012979.3644
10925412.66706716,4.037122857244576e-07,200012224099.4184
12507814.31197304,4.108508024073722e-07,226321249513.5094
13817358.00993252,3.868886121673823e-07,260236202316.6912
14223767.99597432,3.627608435734318e-07,279641136056.7935
11316911.56252884,3.918281487108607e-07,211347687633.7404
14282415.21501986,4.133478939534862e-07,257389702847.7097
14265214.60948788,4.013124470485196e-07,262194286097.9021
13359760.49416415,4.132918358453354e-07,240783905766.8936
15956729.0228065,3.654434367883161e-07,312174260941.8195
15437610.93364871,3.560812306242903e-07,307289251767.207
15014091.50544192,3.803596998178303e-07,286002213550.9278
15304150.53025287,3.962804841650603e-07,283666100635.1917
15970356.69484739,3.778813725207678e-07,305546720515.4978
15212727.85665801,4.034092379468838e-07,278639834412.3704
19550208.51688845,3.329486350244424e-07,406973909342.204
20670549.59998434,3.295983385066642e-07,433206882908.896
21071143.78600819,3.149785115786325e-07,455163567874.0548
15908806.42186478,3.837794148020829e-07,301242664193.6282
17694473.3815396,3.539604127647583e-07,353618121882.994
16587906.93052863,3.656829224482095e-07,324380797575.8297
15918040.94994074,3.856530078553143e-07,300440495097.0007
16625641.15748787,3.731452078601757e-07,320769566266.2147
17704212.31647935,3.558243245237514e-07,352576086957.7723
17461061.5193213,3.213304658711495e-07,372194004789.37
15798870.59224119,3.266543040570292e-07,333094236771.0165
13571175.10778395,3.478146637781381e-07,274400898440.7342
13741447.27196452,4.378759443796239e-07,238304229872.2121
15933108.25104748,4.246151734398568e-07,282035320630.536
13961100.7142087,4.338966781123588e-07,243591488886.5698
14041320.26133493,4.606792565942975e-07,235401290933.1698
15341826.76475216,4.459984423636648e-07,262817842948.9291
15348727.59941007,4.393874588692448e-07,265566897872.4872
13298422.69466383,4.446977745045059e-07,228256679751.3226
12915519.31366693,4.545169985869902e-07,218480049953.3785
14692201.44164191,4.379250377169694e-07,254773169651.0293
12544200.3643324,4.859788588863305e-07,202938633146.8729
12340856.29794378,4.810880259521607e-07,200999786815.5116
12896717.42397271,4.770353292487615e-07,211241295137.6884
14742408.6744308,4.451764920870399e-07,252860095398.7882
13396368.28035177,4.529483107215042e-07,227137050564.7947
14220408.88950546,4.388175811870644e-07,246257465104.3716
13851593.70163491,4.658853104083987e-07,230487334845.1123
14562901.86143144,4.601223185739368e-07,244342524419.9854
15143479.28736118,4.511517161067449e-07,257440730300.827
13347841.17302809,4.686988162570849e-07,221215282128.3261
13091730.44213977,4.625198052663578e-07,218898859362.1796
14046258.59530097,4.629935514397167e-07,234698707624.4016
13140123.31284875,4.999526819814112e-07,208599616599.7158
12664072.56950062,5.049382986556224e-07,199716761700.075
12191622.68837958,4.953383237512584e-07,194742269410.0315
12009854.17784668,4.95069160953977e-07,191908326527.2006
11431506.80410626,4.96387155084294e-07,182343291191.3527
11928778.81348277,4.822373555057585e-07,193979314306.7133
12568210.37325075,4.598476152395979e-07,210958720383.0398
12207002.80508118,4.746134099548453e-07,200623764152.0951
12196126.68407234,4.708474026641528e-07,201512414844.4061
11975702.55913077,5.150683138425227e-07,186376482847.2297
12141003.90949808,5.200362757922408e-07,187743757676.6451
11494129.2674794,5.154942443438559e-07,178783264623.0435
12020020.61185433,5.038322416017218e-07,189837166018.352
11945607.06315321,5.110001036341614e-07,186893515341.9349
11464645.47276613,5.114523078969752e-07,179262948029.5861
12108283.75907608,5.02245950912039e-07,191633586365.7215
12452100.23298658,5.083170292945984e-07,195502733909.2453
12161567.72547037,5.100707977840011e-07,190503337701.6005
14243479.19937365,4.245447754180392e-07,252154710272.111
14276976.53266845,4.192597960523889e-07,254867289243.4347
13354500.43293911,4.186777556555839e-07,238620483608.7732
11047045.88838974,4.406244620073061e-07,190780400131.6112
13207868.73659369,4.324361496154714e-07,230967788642.3335
11629523.49401798,4.345488092850641e-07,202707372447.1836
15063011.71597168,4.398349668198643e-07,260446571861.5002
14535315.61798221,4.336248347979784e-07,253716299299.4859
14639849.19943499,4.320018837407041e-07,256180563249.2115
13041723.51506121,4.495616555651836e-07,222233135769.3331
13793296.80629089,4.399254734434008e-07,238459891198.1703
12981911.7074923,4.540345379222778e-07,219758689953.8781
12311063.74167473,4.724770325669092e-07,202943484059.9808
12673796.43428151,4.57678946875295e-07,213402467609.8038
12614835.33065663,4.622407543363017e-07,211009866936.1619
12448177.9083856,4.643601981206174e-07,207588103560.3
12847717.72929499,4.560469801537622e-07,216846756326.7809
13207112.17816804,4.468595011834729e-07,225957729626.8139
13975268.46759285,4.303239147527896e-07,245186472080.6213
14650117.85214148,4.186312251870273e-07,261790192565.2074
14485494.64491798,4.204343060780181e-07,258107861570.9583
13189918.63396379,4.458088913261309e-07,226017967876.0588
13578358.55512187,4.392011041616215e-07,235002053427.7802
13945690.34499579,4.362748754996355e-07,242437547618.082
13318294.75096007,4.460093741984377e-07,228149382483.5616
14352034.05963388,4.247807957685432e-07,253982351754.2748
13684166.84386494,4.368468749678431e-07,237683411220.4024
11144707.65750869,4.402347477564693e-07,192580570293.7318
9769969.315125573,4.435157737762374e-07,167991440020.467
8126237.227755762,4.366038981068152e-07,141198827545.5955
12096733.20033522,4.87627286742187e-07,195258269284.3666
12482437.69729594,4.876236951666196e-07,201485071113.0237
12834091.87914544,4.786891068277086e-07,209731074072.2802
8592716.268697402,4.417377510225106e-07,148145157873.2154
6995866.951188466,4.231341122337015e-07,124124119926.5414
6616454.914529327,4.311425348834809e-07,115934166390.235
14824353.52135971,4.564122203708681e-07,250075370256.7298
15211060.65614835,4.481131430100553e-07,259757269390.9495
15082486.30004763,4.502831684621716e-07,256733454133.3604
10021161.86889582,4.418443514258554e-07,172744888565.3121
8161425.162058725,4.264226130957657e-07,144058598221.9734
11541050.48334997,4.497317185947851e-07,196611837362.0341
14894583.10137376,4.44428196794695e-07,255756854405.2167
14473809.9536488,4.363236498829919e-07,251599841705.6313
13879222.52719948,4.520856386593213e-07,235623171973.7526
10215224.57391299,4.418622589348514e-07,176085385738.7384
7716918.8400212,4.616599498220948e-07,129190069750.8308
9669782.789930431,4.479261873117531e-07,165175545480.396
7438881.660782171,4.597919315974415e-07,124872484475.3608
9894947.516909584,4.403669890851873e-07,170950479974.6176
8454228.790267438,4.421268454350887e-07,145671996650.3334
7002202.798455636,4.575466045122974e-07,117926423361.1931
7123879.495060119,4.277213256566326e-07,125490050777.8156
8867654.517071377,4.440273322812746e-07,152359297647.2353
12803642.36181993,4.212426278874571e-07,227848055066.1026
12067534.77278067,4.296738660621748e-07,211930078622.9127
13674391.85163312,4.271751587815565e-07,241085280059.8185
14817356.15513463,4.113661524742385e-07,267887027544.8936
14634371.66266417,4.007321327713167e-07,269238999820.5883
14651793.33979075,4.129697979179758e-07,264207570133.7079
9926411.415783461,4.109753278103799e-07,179576059543.3939
9238612.078676002,4.284272623823247e-07,162563110053.1484
11437237.06963028,4.182108738772147e-07,204514564982.4395
7591829.36975199,1.034294628146949e-06,74230706237.01648
7627868.303463166,1.033340825930487e-06,74628972259.25237
7579627.704342349,1.036359265766839e-06,74012939228.11444
8151724.241835223,7.671420903557886e-07,97274484683.42271
8261153.932808264,7.580247388638601e-07,99369200346.39857
8253452.121034082,7.558472908656175e-07,99467131974.34074
8705815.593317948,6.896759371983521e-07,111526844485.057
9052870.223930463,7.259550391095519e-07,112076134875.1834
9136418.175319843,6.956514025982425e-07,116371918022.0738
7958623.897799672,6.950732335454771e-07,101426383070.394
8024595.909639883,7.171710606760134e-07,100155468708.2853
7900542.00784503,6.710964056722983e-07,103070316919.1975
8745976.416594859,7.65329276288233e-07,104530433325.015
9000684.865216663,7.799685374806292e-07,106224370656.2335
9230510.844609365,7.86024076061407e-07,108376512375.2098
8380952.27099367,7.513499286517998e-07,101406361664.9577
8591218.405169232,7.581768573773623e-07,103325554319.6177
9071504.879947815,7.788668121198172e-07,107161110629.8544
9412230.603369139,7.942313451169785e-07,109747476688.2299
9081605.551720293,7.820755834391649e-07,106986788218.8504
9381858.935385659,7.922231123967712e-07,109578132099.5571
8163703.15253368,7.089360750941868e-07,102679202500.2348
7951381.01717759,6.745691565351765e-07,103377234828.9945
8075831.862551986,7.206316862433926e-07,100471996502.2276
8067478.534458168,7.107441194509677e-07,101296778786.4848
8131675.478511252,7.269581238265578e-07,100578952645.0583
8341062.444639474,7.396731407089432e-07,101983083766.0702
8033536.631145719,9.981119754352929e-07,80436642434.70088
8092860.434017511,9.873076285882654e-07,81620713897.43561
7954691.633209845,9.731203679750663e-07,81005089635.61089
8399040.218222838,9.156591541404033e-07,89071841911.00305
8539892.003256291,8.95797728887491e-07,91899343134.73044
8359154.293571391,8.655890049798261e-07,92035318737.08388
8279514.152978835,9.171033540883431e-07,87712064188.04822
8239913.390928213,8.670083766030077e-07,90623420720.07646
8062920.737127099,9.015341976670541e-07,86398112265.03024
8650850.999207497,8.779429787637876e-07,94351315245.61986
8716025.082216078,8.641158790560906e-07,96073544596.91174
8594608.042798027,8.280140028653351e-07,97469249310.28772
9234720.123315385,9.605014568279615e-07,94861878215.895
8756991.098198302,9.195087945805144e-07,92608528450.06499
8614352.802001916,9.394194810304216e-07,89808259483.83578
8698082.479725366,8.510935587608697e-07,96851269807.48975
8579460.48572973,8.259054037391199e-07,97462999560.45036
8576790.91632179,8.150401534618539e-07,98296673214.41278
10545748.58681229,9.664458771520727e-07,107884500453.4001
9863223.613274844,9.815595690771717e-07,99863727349.68724
10254625.67042992,9.754088358506328e-07,104262632986.9845
11729232.58975885,9.330147048359861e-07,122841168628.8911
11188539.59919649,9.495709386263152e-07,115812417380.2021
11598061.70183393,9.398042713421022e-07,120881675742.1701
9995041.907622086,9.63712916352532e-07,102443914787.6544
9799274.24266289,9.7858772805509e-07,99417018644.30995
10479620.0707247,9.635259022981767e-07,107424483724.1632
9655371.484618014,9.459949565593337e-07,100194321113.639
9882214.425137166,9.5208974271617e-07,102110173813.9565
9848014.348715231,9.549266546346586e-07,101555160169.6458
10104411.38042036,9.189964110516004e-07,106897728227.998
9825277.049889168,9.162751975465006e-07,104150378210.0781
9694588.066198189,9.316375518447789e-07,101632210090.6011
10943534.35606921,9.16205435472224e-07,116010072013.8257
11575360.43853247,9.043660411018604e-07,123776545857.894
10700664.01606988,9.135286479070648e-07,113656936860.5583
11412437.64924845,9.267116886325641e-07,120064695545.9575
10849313.67200233,9.246169913178315e-07,114312665665.2914
10393251.98541788,9.330872631255124e-07,108843696524.2626
11806266.93876246,9.206018690245119e-07,124756935079.6058
11937276.25287427,9.09008264152044e-07,127211592698.9463
11233387.14239565,9.185645740584575e-07,118878759629.9665
10615664.06690223,8.876248308275529e-07,114937268420.5074
10251364.96680075,8.807879329483384e-07,111566581151.2696
10375510.15381921,9.030642847549642e-07,111053013672.4931
9480666.610347616,9.490709846340465e-07,98168708465.21329
9515785.680712318,9.080124209315996e-07,101480701142.5945
9062994.904133383,8.943011606865604e-07,97637325101.9194
9308753.008599378,9.898614295259909e-07,93722077278.3062
8815913.824520839,1.005473876376633e-06,87838883846.83794
8915396.268988926,1.000430094178397e-06,89128408781.60393
8826687.078595998,9.082444239223462e-07,94115806944.37349
9306288.239730045,9.491772385316631e-07,96355894954.33269
8892518.953017093,8.943504329262953e-07,95797237409.30708
9088823.215254147,9.955640678921358e-07,91158012355.90004
9437837.918917904,9.887333982328315e-07,95093984527.90195
9564088.995433014,9.822234847084337e-07,96791391353.86476
9502009.635488998,9.837701665852568e-07,96062311878.88441
9104546.836903309,9.942955315065481e-07,91393366711.11588
9580218.307288077,9.810049762109454e-07,97034893157.72169
8563297.964910908,1.011730916981523e-06,84969756709.24023
8292259.582087125,1.014838550508868e-06,82112306470.40178
8661348.766194494,1.006689455876788e-06,86229363451.07088
8269718.931689864,9.841577269509078e-07,83582292355.86081
8501074.9692172,9.961109590506286e-07,85231873337.5274
8373374.05717444,9.594206390824009e-07,86078453281.46364
8041965.714699761,9.26449386689216e-07,84621571271.84024
8155341.309542097,9.667177864513014e-07,83414650661.81186
8258279.357555591,9.420457861058606e-07,85935952651.59561
8070891.816444641,1.008768368439896e-06,80240548515.38095
8103898.061580764,1.015710675716374e-06,80201155353.98175
8130353.130991513,9.979410479425039e-07,81415323192.36526
8940857.604156876,1.001927606223739e-06,89293863936.57225
9233496.511100076,1.000080817288608e-06,92329990605.00513
9341546.824811129,9.935842017180648e-07,93817173265.18759
8307195.840042126,1.013675817591217e-06,82323101683.45943
8624091.75276042,1.00703023486712e-06,85839074881.24606
8676613.664518071,1.005508438632519e-06,86448961524.52711
8383482.688888596,1.013583949463091e-06,83084113198.46852
8990548.901304828,1.005091726328711e-06,89601595338.40648
8701816.752575275,1.006929148037205e-06,86618499927.24677
7976568.159588086,1.026705077739092e-06,78376453384.83
7816764.130956836,1.030938818184713e-06,76595821619.32785
7751755.820015894,1.03072810099609e-06,75969162674.79541
8226430.756090683,9.98327912705379e-07,82356137598.31783
8199819.706975393,1.01609804244326e-06,81129828952.37492
8457184.660214493,1.010316956259566e-06,83995119470.44315
8008367.048222796,1.016093363034907e-06,79235820638.31194
7880791.457723212,1.027271584054741e-06,77406895872.16977
8041245.326673542,1.023055865366375e-06,79199738127.81766
8080107.941530353,9.872214234252086e-07,81496842278.62918
7855116.008339085,9.9571021453464e-07,78776611306.90538
7888454.931312569,9.989336500869612e-07,78940678215.1571
8141925.454044452,9.85438798014734e-07,82219345834.97675
8152338.669627624,9.846375879552244e-07,82369154103.52263
7959825.811529849,9.963645557768425e-07,79791761143.56119
8816983.971429851,9.700573087768933e-07,89974986434.17723
8938867.146939412,9.664124944787777e-07,91447981778.61165
8467655.13386832,9.76420656186825e-07,86034344953.2097
8421773.511826983,1.014715365735676e-06,83401539329.31822
8391099.731423838,1.00365125786686e-06,83707362997.24455
8212852.439514875,1.00839274203543e-06,81672192133.05
8967273.106854578,9.675404636766474e-07,91667271705.67473
9463873.260129655,9.472349371612405e-07,98121409240.02615
9021453.602182178,9.645536904941128e-07,92411406839.31267
9362027.049088819,9.581875403152175e-07,96324377725.43739
9812621.325645512,9.408254890630274e-07,102198767013.3859
10363368.04833206,9.42010448842913e-07,107844278371.153
8992008.940004515,9.690384689712155e-07,91825376556.96443
8526092.078623001,9.796990998043994e-07,86434716635.0246
8433266.118725497,9.780162237137721e-07,85591722342.2926
9990405.751121504,9.826230795110019e-07,101078429793.2952
9604128.394067539,9.887598557158812e-07,96767771662.19199
9494565.624961203,9.952522399991644e-07,95247369743.93588
11122738.17397973,9.505860624705772e-07,115049327900.5027
10428212.36984641,9.693797597063312e-07,106466726687.2856
10162521.66163279,9.676678022116155e-07,103876495773.561
11315983.46071853,9.48201558411872e-07,117244333151.4088
10911517.06672437,9.580880927874719e-07,112274597752.052
10615353.50295006,9.669782155316308e-07,108556708734.1256
9129193.048660705,1.009566447143471e-06,90714306606.09767
8807527.945069535,1.017069446006498e-06,87087059060.44382
8833034.23530818,1.015427444985248e-06,87433389621.24142
7973910.887459269,6.793850845914301e-07,103179647353.5116
7915773.140083534,6.554169010454754e-07,104909523635.6395
8086084.668675215,6.544201327378072e-07,107275492424.3053
7831469.296100149,6.767881187390425e-07,101595568685.308
7952715.152487785,6.847357794465423e-07,102368595842.6352
8064740.26896126,6.597651662043903e-07,106413680351.5023
8109458.92623388,6.490839769179921e-07,108174431015.6666
7870213.4410989,6.6787266844119e-07,103004784202.6987
8104056.496792198,6.508527995498855e-07,107906417751.0167
8189174.090265711,7.369641427163246e-07,100371218995.0595
8297780.333991488,7.507587307717534e-07,100452713491.3145
8399295.337196125,7.496757086019982e-07,101779557806.9939
8508909.604276869,8.104950191427043e-07,97882940996.93831
8415678.387316849,7.893608420514096e-07,98530815629.25034
8506251.034625299,7.996096101883985e-07,98738424221.01083
8740158.689569494,8.05720358713993e-07,100939951790.4993
8301189.900520911,7.877853010526277e-07,97319925291.57245
8532294.159006229,8.113840071027273e-07,98080240989.67885
9457984.150228955,8.023189818205097e-07,109538604493.1387
9225325.791037576,7.962764674981424e-07,107383888126.1302
9648426.88557951,8.305976601284929e-07,109193312573.7067
9579973.0944834,8.039848452213717e-07,110798117334.4488
9549331.76572199,8.019844520236594e-07,110627309292.1995
9749627.397502661,8.211232939423546e-07,111185743235.767
8638431.440496787,7.591549227472656e-07,103804125900.8927
8335028.045723433,7.300764540271035e-07,102800407791.6579
8246237.020459828,7.417892181239809e-07,100631852863.2032
9134671.620735403,7.823789311990644e-07,107584120822.4057
8838432.462121952,7.72234432252851e-07,105004797002.6309
8441671.452216232,7.548657284328727e-07,101823645086.047
9356877.078377591,7.864280378036495e-07,109822568950.8708
9161782.372128123,7.610551520423546e-07,109909665090.0943
9027234.370619804,7.742778726475763e-07,107059074804.2406
8371579.521822196,7.677626715017802e-07,99844177799.42287
8261418.463586765,7.768850058535799e-07,97757509299.96033
8699347.990938222,7.948173690228761e-07,101385334354.8437
8553082.894160485,7.58789536112651e-07,102811522920.9916
8450639.945647089,7.598782165059825e-07,101483071165.9491
8804987.140398897,7.734334425559897e-07,104499311302.5923
8139812.490890163,7.336259737520788e-07,100068625512.9071
8200223.403673077,7.363369984087057e-07,100563705852.9175
8248091.998581799,7.474277402329763e-07,100147632772.2487
8262467.794538257,7.597055308239638e-07,99238362061.07544
8297262.973222877,7.734775057240628e-07,98469801575.7155
8160684.196965438,7.710067252044651e-07,97055718193.62675
8823349.097385664,1.430063927507301e-06,69512540511.88736
8662196.715769917,1.446679445156566e-06,67719410397.74643
8739889.25011638,1.440464921499441e-06,68523174040.47632
8958799.655096212,1.407317245990276e-06,71338145964.33517
8912099.808532836,1.41666857939802e-06,70653638807.05231
8885613.972911978,1.412706520868585e-06,70575312298.46846
9265421.813355554,1.414416172016202e-06,73532678647.78621
9017691.619664736,1.431093419242925e-06,71009543892.57785
8999319.259831866,1.421689403494548e-06,71177026596.35794
9444887.662536077,1.398213314541202e-06,75534931759.60889
9381025.769658418,1.399478252898023e-06,74978985431.94215
9145982.363601016,1.379998519339466e-06,73786675935.38893
8940910.954388672,1.38221963727565e-06,72054934953.97746
9020730.090468792,1.375885490418782e-06,72921147577.24619
9254168.758330911,1.395481852580642e-06,74106212865.43964
8413502.909066087,1.343985210452085e-06,69084484738.80116
8339837.978858945,1.340874018973186e-06,68585497977.92653
8730304.866219442,1.357449264243594e-06,71210987032.19037
8351045.774040126,1.265452736534866e-06,71380060429.59428
8438282.178234991,1.278998245055008e-06,71615563227.06168
8340145.016063542,1.286667906377911e-06,70501110280.55257
8141928.726276718,1.313991515427709e-06,67868084045.35999
8281821.007432206,1.328322629242519e-06,68536742533.05197
8266989.76024285,1.306231191641525e-06,69183208541.46223
8606166.334488815,1.354256510792741e-06,70308707475.17526
8681131.363963783,1.369122965431465e-06,70406813810.38191
8369996.06903202,1.351040235244677e-06,68487776284.27814
13475002.73244278,3.517213428767827e-07,270435092814.9207
15385804.86738615,3.425136645782085e-07,314293176201.9151
17351950.56692581,3.252802114433281e-07,366868034260.7831
7438457.504670363,3.826933968873991e-07,141117943979.7674
9955345.95835177,3.707852513570405e-07,192889264076.3943
7742740.292644159,3.810765338044929e-07,147305813954.4095
10878590.95504459,3.867587821335706e-07,204933295777.4732
13731843.71311926,3.578786428141942e-07,272419587381.1247
11930166.10139936,3.669336629095145e-07,232767023345.6146
6600485.146318205,3.942590998162427e-07,122759385952.5378
8451693.436142217,3.991593680138675e-07,155900025001.6432
6943542.36192592,3.917724721704767e-07,129685616633.3548
14935592.15449075,3.919226577346409e-07,278883100545.2676
15120444.42705502,4.022107319458934e-07,277499445753.134
15875799.76855281,3.769025041397189e-07,304263318394.0369
10531547.8821414,4.693112801961896e-07,174388648275.7249
12014733.05878001,4.44374149221929e-07,206323296679.5289
12324395.85953558,4.380015081589847e-07,213688869824.7806
15946129.98060167,5.384948641470191e-07,240917079265.5841
15638634.18873313,5.837823353816625e-07,223888363163.6459
15620166.0478105,5.616186574097158e-07,229469319798.7219
20287260.09430071,3.198182173708081e-07,433798385813.3903
17654399.04274183,3.496431171632797e-07,355715631183.7006
18795418.52374144,3.380012635579327e-07,387352578708.7562
22390562.92847559,3.079416767012421e-07,491005133097.9207
20455818.56497341,3.092468657180642e-07,447314859354.865
21600717.54863331,3.060698912230186e-07,475613790589.7109
10983906.68831605,3.328184493239453e-07,228710045126.7859
14913149.10036575,3.32269421431126e-07,310867826279.1302
15866122.08127642,3.645683687330851e-07,310898147981.0382
8871987.83114217,3.420668453473951e-07,181390114866.9695
8515334.396850867,3.662803643202261e-07,166338436765.5561
12827913.42563601,3.341790159301471e-07,266380994754.5971
13584066.74204723,3.388303158941992e-07,279495594156.895
9133413.739809716,3.706213719473813e-07,177016123238.8484
11524566.33242712,3.599947735663116e-07,227733608726.6103
20222477.97068483,3.122536229296311e-07,439368968264.6102
19115211.71926864,3.154229178458355e-07,412525009224.1591
17048655.31758383,3.326921430708816e-07,355081817424.2914
21724091.15848212,3.52993011907458e-07,434941530058.5604
22847841.21042725,3.441003650570497e-07,465287890245.6428
23415632.84725295,3.277299545749591e-07,492600832309.6045
19537700.90190275,3.287749823916018e-07,410148330420.0313
18145192.83918685,3.635459701273949e-07,356223061221.1283
17125047.012155,3.312676888622893e-07,357694602808.4008
19093134.33136794,3.134344042633308e-07,413789485789.2999
19781235.37435141,3.162505708303659e-07,426153309194.2458
17353097.61027698,3.187620494266785e-07,371876957741.3477
22736711.85139969,3.509409835909354e-07,456988142885.2689
21280718.60482322,3.865000340623487e-07,401069772248.762
21315178.46530424,3.37233994205463e-07,439948062028.5931
23916118.52121289,3.242306031368733e-07,506743314279.9789
23342253.93752311,3.407127646348833e-07,478502105452.77
23684511.6732569,3.391767649743756e-07,486982893509.543
22392506.35099797,3.06582015899432e-07,492498511627.3608
23624173.16540464,3.11346550933249e-07,514273221967.3855
23196568.80834525,3.084767269020906e-07,508091754256.6985
21990356.11123339,3.107380589403576e-07,479331492373.2527
21581075.90943057,3.25180464844649e-07,456376696775.7698
23211061.68688079,3.154334170773594e-07,500906351594.7233
20877729.59403115,4.099768049557693e-07,378306448297.4026
19440153.93592668,4.438025361402055e-07,334123108406.6332
22259314.92659805,3.768676314302135e-07,426631156581.0751
14268176.55401055,6.190837164899892e-07,196427468936.8921
13074998.77338903,6.760268970707959e-07,169745787898.8
13232211.63960643,6.767942257748091e-07,171656930341.8233
18900812.23807491,4.569208328625722e-07,318605421274.1113
16050353.86560609,5.399973731059563e-07,242041692102
16409527.64467208,5.002405279354879e-07,260401509365.4844
16597036.22666146,5.308455248725191e-07,253154179343.8027
13875778.52379031,6.395459139819959e-07,186928795218.7058
15104165.77604405,5.825756038756151e-07,216535221021.0681
19317429.34774093,4.528437428608038e-07,327579778557.2043
17990159.50904175,4.841115116575327e-07,291790674195.275
16434450.71208691,5.359578594771231e-07,249077652505.8326
18082201.6344565,4.1001085913091e-07,327633072785.2848
19439399.3273089,4.244233674395679e-07,344204584148.4105
16911624.00564606,4.67783908569748e-07,280643591084.5012
22239071.59750276,3.777503749854357e-07,425578863324.9871
19421236.20832021,4.445683921711411e-07,333414499361.8984
20799365.28053058,4.132927338075309e-07,374867884626.6014
22789952.12798399,3.566617600377172e-07,453146935495.5128
21719433.00668957,3.881338957322433e-07,408188504110.8416
23128151.36204447,3.551350573314517e-07,461188592947.0634
21266537.50795024,3.741400449960295e-07,409581806314.7109
19143296.19602112,3.972846901747523e-07,354227411987.7045
18341487.71897455,4.338141792060794e-07,320060488788.7252
23533837.36488042,3.14969945829314e-07,508370105383.3925
23964524.95538159,3.178382858819896e-07,514554465130.7322
23732683.26882261,3.326968112057547e-07,494289157860.2831
20816235.63063152,3.66074657612587e-07,406776403343.3278
19760261.03918749,3.804110019135519e-07,376377770163.8004
21916553.40145833,3.573103431246997e-07,435253093028.5051
17905016.33973362,3.656904911570992e-07,350132380499.8044
20076878.61591286,3.604837837545504e-07,396374497690.3934
20129040.59477428,3.45195194058268e-07,409053313778.6946
14988066.16985119,3.999963122617775e-07,276084236247.1162
13946035.19211272,4.126386905814093e-07,251615539422.3005
15674913.49312644,3.872086782156876e-07,295058704478.2999
10401009.25925422,4.820714452047998e-07,169174360977.667
11194041.90990188,4.931821482826687e-07,179328244275.6946
12462412.46487787,4.547233066971982e-07,210751485567.8467
16916117.18583639,4.213493324466511e-07,300981044440.4835
18516701.78218723,3.961744910156789e-07,343272721427.0317
19539348.46650773,3.821114788557426e-07,371065025373.8077
15265093.56136119,4.581546342843803e-07,256857005165.0876
14354997.23315291,4.948822964232298e-07,229439665676.9988
15251516.51902712,4.690905565572667e-07,252624365694.0371
14520365.01235947,4.724284779775716e-07,239379425919.2699
12385684.4979763,5.247532570817232e-07,190377922993.0767
13633091.81608852,5.084578509669062e-07,214005230420.0651
16685178.96405347,3.823584424725811e-07,316726022347.1653
15208520.98033544,4.115832743894523e-07,274862295572.5451
18783908.02571378,3.76913437309725e-07,359990913786.2191
12001852.31142893,4.464949813082881e-07,205448933174.7561
10766639.48460932,4.787708357166276e-07,175925332079.7877
10233547.97700722,4.777506651171183e-07,167452651903.4638
15199807.76037076,3.936600987736304e-07,282980926283.3472
13498103.34354243,4.189600707905942e-07,241078044104.5763
13173938.86373832,4.254774665326186e-07,232879503907.7916
13890626.15935274,4.241698636649232e-07,246052972970.4511
15303370.14453052,3.950936504249797e-07,284219398455.5131
13270365.15666846,4.267519358066292e-07,234116778866.3695
19774359.01867674,3.413220700567936e-07,404879853897.6893
18678915.8158339,3.448613062749751e-07,379829494493.381
17570591.85202499,3.620987625937625e-07,345861082814.3908
14395796.84755391,4.142661954154817e-07,259049472379.5579
13323255.19662115,4.445624739203188e-07,228729306303.1126
13374936.45811933,4.269711381663575e-07,235880866610.6832
8385217.503458298,5.60036442754458e-07,123415623025.7548
8242373.271670275,5.808260111463049e-07,118400873680.534
8671508.62582542,5.627956603151025e-07,127211830082.0585
9206940.992411282,5.103594828408341e-07,144166570471.6436
8623379.921338066,5.424015348023295e-07,129657282154.4256
8913674.406631578,5.451968351525928e-07,133563528048.9473
9231689.103934836,5.226024167244572e-07,142287547705.9824
8994307.010493863,5.307974815455071e-07,137198218417.2039
8644005.257865274,5.419435980595752e-07,130040599250.2965
9654086.272784062,5.031011216726229e-07,152618665515.1222
9353725.758131269,5.380067552163474e-07,141403278928.2331
10418646.39775562,5.138839182424734e-07,162393240228.6501
13986284.38880899,5.286696655436637e-07,213917391153.956
13886374.84713339,5.610948524051068e-07,204125860293.2121
14753735.91730824,5.384599716455021e-07,222911798703.7676
10853582.21438254,6.22991887645471e-07,148793801405.1966
10986015.48640719,6.595286551506981e-07,144994354841.3707
12475480.82386504,6.037661258225228e-07,174640432164.5289
16572231.89539423,4.773213392259435e-07,271335801978.3164
15773516.90558968,4.764537154858997e-07,258571937854.7809
15652339.22494405,5.115201420915469e-07,244720729462.9671
19439333.80485042,4.366823474727342e-07,337731021191.7758
17586345.71208028,4.650080805729029e-07,293000665234.6442
17076911.05769506,4.896505309572535e-07,274885498869.0763
20602742.07841057,4.085671264563399e-07,374181873934.5041
21645713.40459188,3.769036505407218e-07,414844186165.3486
18693742.52446004,4.367417161845468e-07,324747990564.559
13121947.5099044,5.430147381380483e-07,197147171902.9577
11366703.98679621,5.940471235574557e-07,160849834593.6443
13025179.96778822,5.744378859559185e-07,188490015056.412
15889811.44953084,5.29342749463765e-07,242825391700.2319
15466849.19952157,5.389070366810055e-07,233556853078.6285
15513559.95955194,5.607297140962782e-07,228144019113.0056
19140062.63139205,4.525647588668287e-07,324705416222.4465
16796486.46508534,5.056425609123646e-07,264640330048.8227
16461899.80823743,5.288199920095686e-07,251733710508.041
17139345.30964353,4.536025555318336e-07,290320186101.8813
17914718.17641884,4.169812176008434e-07,320970893882.9711
16326911.64735564,4.529884324296194e-07,276808423097.6518
15928958.35686662,5.412307405817716e-07,239845959458.0455
15552240.90142124,5.727154833662734e-07,225510633594.4043
15621628.97950554,5.866249307576779e-07,222921851565.3637
15430216.33947954,6.065184291131899e-07,215348911446.7568
15437855.95418854,6.766000287255514e-07,200308314423.733
15499331.97187619,6.204255839332897e-07,213068794240.7596
14153891.04285699,5.718507823608408e-07,205441117301.4856
15075487.05347822,5.712297994178694e-07,218976469043.2916
15029441.02766986,5.495076342469985e-07,224023550031.214
13341318.57698392,6.127559129659958e-07,184929877054.2597
11799418.6247181,6.676748453448666e-07,154460439588.1497
14262154.4315166,6.580626038765245e-07,188512575539.0622
9085343.325855903,6.533449924697341e-07,120664531853.7458
9215811.365058549,6.638200147861098e-07,121106284872.4798
9829169.199636765,6.342985118934941e-07,133143820931.9169
9602085.128026256,4.000143559042674e-07,176867688520.6814
9755876.583995586,3.496526223438984e-07,196566017072.9513
14382845.58642256,3.814466763741403e-07,273456926213.3027
16778438.45693829,5.223304363387481e-07,258694969656.0982
18093468.89169239,4.800891429584572e-07,295103197338.6997
19481262.06023565,4.46288462086362e-07,333585103807.2515
14473974.46177345,6.556155641549426e-07,191788089068.4076
15249316.76596312,5.909008840377739e-07,216557864123.0634
15267564.42259744,6.130097530147521e-07,211571990377.3266
13986688.85665798,6.702514573392543e-07,182623390957.2513
13315310.79164437,6.717898729918454e-07,173591719847.8572
14749039.67066331,6.055139420879319e-07,206069782259.5871
8815288.084450232,7.605308298557275e-07,105801533000.0579
8948253.085808055,7.473278603454483e-07,108658609606.0505
8508766.980818475,7.31466291683628e-07,104810248860.5197
10103510.75066984,8.268108929477479e-07,114692454785.8172
9717271.488107769,8.101923479286174e-07,111811269507.5161
9888131.876848357,8.273274855082787e-07,112200798611.0262
10082188.02973704,7.916354474828054e-07,117816098680.1885
9421960.752497448,7.654013727744471e-07,112602612388.9083
9619791.747897567,7.907629449128658e-07,112495408477.7523
10202034.37663786,8.213833299704159e-07,116320481935.9506
10280881.76611825,8.056249665989541e-07,118743110226.8376
9813898.185497245,8.047706610579955e-07,113429702033.6117
10573307.28488049,8.673665731369369e-07,116254310994.7572
10318255.25153943,8.410702806071699e-07,115802537426.6073
10100587.26820782,8.416175490841223e-07,113310486316.6668
10868040.11046717,8.194579789153931e-07,124108094327.1544
10750139.2627418,8.071002155147518e-07,124011639223.9908
10602242.01520827,8.056852589419627e-07,122448678294.5805
10943876.39409995,8.500316602364335e-07,121959165698.229
10896234.14394687,8.34110710895309e-07,122968524410.5331
10549911.51446444,8.361247198920933e-07,118868862855.5246
11086566.85389981,8.546290551387268e-07,123105836775.7072
11115884.70610005,8.547555163599123e-07,123419209026.2903
11038614.68296085,8.387743898758832e-07,124113150373.6543
10630908.88960055,7.920095353554904e-07,124189093186.1931
10380977.74904895,7.76719196216474e-07,122855772691.0334
10495408.59994107,7.727238127605108e-07,124637813104.4409
9984048.37498318,8.454224459235746e-07,111666823044.9114
9796376.55447193,8.457856022224662e-07,109536437391.3832
9846511.31115593,8.301080839101491e-07,111478886462.9857
10834354.00186518,8.516058312530586e-07,120589808067.1101
10306382.53467084,8.467697618538715e-07,115149669865.2655
10428240.8494922,8.308708604907642e-07,117992762092.0771
10570445.72149354,8.792235251132897e-07,115175586887.5222
10267586.70532319,8.779937978227803e-07,111980073170.8791
10222689.70279355,8.617305705225107e-07,112888797024.1981
10058789.70508569,7.492648224685971e-07,121933254738.9795
9473469.956343591,7.105429463701449e-07,118973122636.6618
9388391.36991507,7.408549153124625e-07,114666284693.052
10294494.6647093,8.111746821229716e-07,118357406830.1348
9965345.332553826,7.963182345117614e-07,115993747395.8143
10505662.70681609,8.035451063742252e-07,121548595875.7782
10753417.80163997,8.154806335841488e-07,123198121343.1202
10948019.91923789,8.438170584009047e-07,122603644011.769
10539761.71466721,8.230289686896223e-07,120010905140.304
9825704.211130723,8.565830779927535e-07,108939160899.1887
9915952.124686643,8.509294540923835e-07,110426180367.2517
10274813.55080096,8.378138229107389e-07,115613602924.0928
10014619.92408318,8.747029937862213e-07,109494943269.7361
9748032.361712394,8.655678709312213e-07,107328784415.7895
9782738.294413999,8.58753651431482e-07,108279947800.9044
10070210.98446872,8.820903017427648e-07,109487163581.0583
10003439.89295943,8.883196308083201e-07,108252149146.5828
9802879.549720816,8.729654518520772e-07,107322050569.5298
10253980.97762609,7.681229519396609e-07,122256515226.4601
9576997.73060848,7.597492774931207e-07,115022425306.1027
10242543.22673006,7.859660427454254e-07,120264823109.1078
10665548.21791222,7.965849359422935e-07,124116196199.8625
10529826.64605227,7.773327239250475e-07,124551774916.8131
10518236.02816571,7.9514173258138e-07,122549971221.1496
9897138.347512439,7.392974843277379e-07,121049636280.752
9599965.704732805,7.101955827218835e-07,120601035586.6748
10189121.90355657,7.488479249911442e-07,123558986615.9987
8533116.71100064,6.945067960104536e-07,108806962321.7062
8439041.197619576,7.149588962789406e-07,105545338570.0248
8876745.612954278,7.308236328507702e-07,109407069538.8441
9056559.601057734,6.26848753991876e-07,123648277742.5331
8706720.016492859,6.648705163219235e-07,114295692316.7005
9137344.695036879,6.709129048168576e-07,119227355549.1149
8010831.579880099,6.638633833516105e-07,105266889727.4443
8223940.758462907,6.982174428010924e-07,104492754379.1946
8316812.944695641,6.777715837137582e-07,107787408231.777
8003062.799784973,6.419218311942992e-07,107547782662.1427
8327217.773763311,6.253758558093322e-07,113869089758.5307
8174305.808886938,6.409082601095168e-07,109964786447.0088
7936716.217910049,6.984566193162336e-07,100820278729.1127
7815592.850208136,6.905122650195898e-07,100041684458.978
8000391.801184645,7.146655396787088e-07,100086621251.5452
7983444.240994201,7.175696811136277e-07,99604947146.83066
7798842.271560206,6.934065250863149e-07,99549294734.42688
7869304.248993495,7.100575296854728e-07,98872150097.5853
8489430.125604421,8.065861722235857e-07,97974116656.42816
8476287.993532216,8.084497445963674e-07,97672060992.36548
8364532.908013839,8.263352340407851e-07,94988460011.09734
8568404.157413209,8.725023295604548e-07,93840190295.08261
8512430.292161517,8.225676975446034e-07,96962945853.58659
8387363.372327604,8.423419528685805e-07,94037232158.88525
8508924.747279791,7.797413423259627e-07,100440216893.7526
8887032.172778647,7.720144237357084e-07,105602243006.8412
8599996.449076373,7.899882756551048e-07,100635492111.8984
8432510.913126819,8.062421824844676e-07,97344906912.15398
8202771.288816168,7.826300217672611e-07,96587946673.58447
8339700.341484493,7.851185876085312e-07,97992673483.44492
9861417.28295091,9.439533344046371e-07,102479969220.7605
9634814.550359806,9.378905869814696e-07,100556135629.3262
9765101.370124232,9.224751603209564e-07,103048174400.0607
9681503.642339511,9.627215534076899e-07,99298422673.80368
9861171.789137827,9.487613125193969e-07,102130912722.3846
9716992.399855927,9.216149791826435e-07,102604288507.4411
9695950.971262615,9.755847391187543e-07,98570527047.14433
9774952.125519333,9.727964097389406e-07,99563464349.18338
9875752.507944595,9.615326268739218e-07,101374217313.041
8856215.739444098,7.962885911052428e-07,103086356927.7415
8881373.718612405,7.8280319044884e-07,104563092785.519
8525477.046092542,7.692486518742047e-07,101548659202.7393
9813456.594724618,8.691310313449673e-07,107753611525.7911
9725970.616294494,8.928883040953026e-07,104890187970.0781
9773857.375078043,8.985551523086257e-07,104962984642.1829
9830321.702711472,8.453197975780935e-07,109956364010.3452
9947040.261239775,8.55117530312934e-07,110410404915.4306
9638083.304590464,8.170064512973205e-07,110282605607.5038
9744787.94860654,9.098737290097203e-07,103781109487.8313
9889172.645108493,9.369385727702665e-07,103280709575.1878
9792720.952631347,9.154858780340655e-07,103864933252.7848
8795817.935530808,8.321956479153705e-07,99416683499.59673
9365068.002368385,8.710679023953475e-07,102677730614.6134
9006848.8821676,8.26482616878043e-07,102270503420.3307
8765815.543519065,8.424859762455603e-07,98269151769.6026
8885714.516150326,8.676987836721825e-07,97674162667.17203
9334109.16201934,8.814251756513541e-07,101535031618.6006
10173698.44475082,8.670656609648633e-07,111886460718.7172
10536626.98731655,8.738980776618916e-07,115273040802.894
10064737.03316659,8.48112538793407e-07,112331125327.7741
9841823.18462112,8.939075075733452e-07,106058912219.9755
9998581.159461116,8.743458528873023e-07,109349350173.6575
9881559.710061364,8.64544943647903e-07,108884764417.0496
9921221.429678001,9.046244628544829e-07,106068458556.0924
10201705.80886922,9.07335308690136e-07,108849788034.2135
10078607.95856608,8.850191420475274e-07,109336569307.4919
9225159.070666807,8.315424470310855e-07,104324004222.4996
9587651.425173631,8.760879000594854e-07,104716177686.3462
9674514.476843258,8.523976647586695e-07,107613728329.1352
9717757.460528426,9.362809894533114e-07,101537995433.0601
9918742.761272248,9.347717520733048e-07,103749554497.3356
10128065.14120153,9.235906097137327e-07,106792350835.4135
8431792.953617353,7.579402543465276e-07,101429266526.489
8844126.134405892,7.639942141042221e-07,105826609289.0518
8466942.485336272,7.717288606064421e-07,100635246569.2737
8274061.463899197,7.491130094340071e-07,100312221853.0742
8281772.883369771,7.512981719779719e-07,100210930546.4144
8233806.510834192,7.402105568797766e-07,100622972038.5809
7568535.180643161,1.152722041355083e-06,68843366945.48341
7420765.495769842,1.175363650291428e-06,66629599684.22095
7256646.516466603,1.185296383436545e-06,64791494185.39046
7656453.447798836,1.106348502670463e-06,71575822063.89035
7608682.875129332,1.090869932765498e-06,71800505575.0529
7681470.60713467,1.093470223108694e-06,72372415143.93233
7555513.12665338,1.134338063367161e-06,69465467186.99768
7643101.797496296,1.117181670311502e-06,70988354523.05666
7668097.152116112,1.104347041801322e-06,71771257985.30597
7470097.32715414,1.156146712568563e-06,67813729221.20281
7326804.004743707,1.191433298668508e-06,65193067814.04948
7557190.922268787,1.138931924799539e-06,69293933746.02467
8124697.701914215,1.079560140250579e-06,77204506332.71323
8004790.993209604,1.088930068989979e-06,75628125582.58481
7949211.959338994,1.112056838538954e-06,74058132065.40836
8293725.212052586,1.061418828336651e-06,79706141169.68953
8090531.567305405,1.076275409962646e-06,77036186896.35899
8211076.354739511,1.067008804096406e-06,78636001458.41228
8222372.763606361,1.008824857889666e-06,81743515607.00247
8364079.389834372,1.007427335978631e-06,83229188276.8427
8251553.703876723,1.042644981415657e-06,80249947895.77222
8668492.669253355,1.045366867832933e-06,84158457201.69499
8517708.859753892,1.055244541511757e-06,82177712611.39291
8171170.13288156,1.074732853855174e-06,77878438712.89479
8827158.404701279,1.012018554515616e-06,87571328214.50818
8810118.45455825,1.030040027737401e-06,86379830281.36742
8560034.680603174,1.041158304720154e-06,83329289553.62117
9041522.664351473,9.965559609519022e-07,90623419993.79776
9419926.943580255,9.792019395993144e-07,95528441227.01706
9024276.951557122,1.01452134082498e-06,89379576078.97112
8747629.468267076,1.055215816878267e-06,84397487390.20633
8752087.153977316,1.049519596894981e-06,84745750917.09178
8702347.108713908,1.039995957391985e-06,84777765930.13503
8933137.638232507,1.027322520296837e-06,87740375043.35182
9223042.510921383,1.002511138194996e-06,92076345265.2849
8780059.432568677,1.037169587825295e-06,85690157252.66667
9352364.047827052,9.018956769479845e-07,100188344454.1562
9762603.826853976,8.920625106089241e-07,105350226459.8253
9446136.639306774,9.207800933515361e-07,99804535028.51453
9859264.338625358,9.410082883514674e-07,102671256801.5174
9594136.953174822,9.697314010518923e-07,97927561680.27061
9699961.712638102,9.591524007008465e-07,99734391265.31285
8668924.879347751,1.045796548647522e-06,84139598782.49782
8644383.851703225,1.033820318820245e-06,84548128926.95213
8724682.978147417,1.046487573491672e-06,84643498393.70436
8774693.858237585,9.939400401386603e-07,88103233752.506
8704890.607853131,9.986520735141259e-07,87127217734.46552
8812776.619842172,1.00969595639493e-06,87562674353.52013
10067150.80484388,8.361251213918645e-07,113429423899.8226
10078331.65961005,8.386277777285922e-07,113329372434.2336
10593601.65157538,8.065376474749875e-07,122262669915.786
11615299.62699233,8.73745167834953e-07,127088784486.7318
12227344.38711362,8.516107984586658e-07,136093705173.201
11782230.85075367,8.736551279794505e-07,128924119516.1367
10120436.13362455,9.193189703210958e-07,107042213348.8544
9992259.596396586,9.186562405605002e-07,105737333792.3288
11022478.93012734,8.960796066711025e-07,118590039832.1255
10385357.67638104,9.082062375521984e-07,110738457938.3562
10882041.7234513,8.789493516933153e-07,118595393374.1681
11065937.08840096,8.861272000202121e-07,119947394444.9227
11780545.67345281,7.076014635298281e-07,148356390714.1074
12204325.23653027,7.24304813231882e-07,151321112410.9195
12425100.95475359,6.866585001589027e-07,159639144731.1208
11952420.46480704,7.352523756954205e-07,146723013461.9244
11543419.06062159,7.123631844080084e-07,144721643010.0692
11475639.45803216,6.995368365290493e-07,145625189208.004
12117036.70608943,7.451103307760771e-07,147428925493.7171
12127638.24361336,7.38919871776453e-07,148380900724.1945
11705203.98918729,7.222139210686877e-07,145412502875.0246
11938313.76036635,8.594654326212501e-07,132065905252.6072
12412635.56130874,8.329987138903712e-07,140206382456.2925
12215254.81719877,8.218057486076004e-07,139226876853.0227
10232609.34710984,9.135148839532853e-07,108686593163.4277
11139531.01871783,8.904263440657376e-07,120356137040.5703
10441819.27516795,8.956709524807086e-07,112376934013.9637
9962830.171816284,9.185145171000685e-07,105436758130.4126
10157175.45157438,9.181011886680601e-07,107525776602.9834
10830355.9453672,8.960141538541485e-07,116528677287.4894
11277017.88475321,8.88387687171307e-07,122027931258.0834
10234681.07735207,9.10993099138404e-07,108909121795.8009
11113717.71997827,8.886103017322361e-07,120240784012.2656
9685444.457151065,9.332003656342569e-07,101422961616.3598
9263119.936776623,9.517856155024728e-07,95733630571.5125
9560061.657807397,9.326831891469843e-07,100146996112.5479
9756309.576996692,9.211294069423412e-07,103055650166.7579
9893062.416873241,9.211997583062125e-07,104494846470.1485
10098789.68426382,9.033356768013477e-07,108069519175.4087
9854380.655239087,8.959599426647193e-07,106031996441.708
9746699.169105465,9.147951580484803e-07,103428840732.6077
10089012.010824,8.971158154220288e-07,108463337460.6741
9315907.88985868,9.554099171553114e-07,96035548805.02972
9696425.396658722,9.342989165425692e-07,101458342616.1976
9561043.198228197,9.341311014949197e-07,100053755034.9579
9198145.933237571,9.610763406030649e-07,94448494173.48523
9421051.621978376,9.702163394550777e-07,96128830914.14865
9494052.636565076,9.419019748152912e-07,98805509857.2242
12478297.30118086,7.770281396861839e-07,147637777036.2817
12320771.68804886,7.589538036020451e-07,148079298605.1985
12305193.85071026,7.906045085501157e-07,143918161363.9043
12564437.00791214,8.159353358094492e-07,143892847059.16
12539376.23234839,7.912443402096809e-07,146578021560.8757
12365848.16678875,8.048467176807674e-07,142916309037.9481
12516702.93540628,7.78198991214078e-07,147943595552.8955
12242697.36207874,7.558710613343865e-07,147540743675.5408
12504989.04028928,7.739297362950232e-07,148348204059.458
8977726.006181015,9.769509660993311e-07,91183831223.72792
8745732.555425156,9.904903641196287e-07,88016215149.87936
8815699.040413758,9.857443926678815e-07,89004892193.93831
8484007.993341113,1.012067626943612e-06,84164325409.66066
8581039.567897597,1.025198356291088e-06,84398482319.75385
8410783.602137139,1.018677566191857e-06,83076584133.01376
8381004.467597003,9.770015779376079e-07,85120185631.3681
8410108.37458458,9.965500094041319e-07,84295073537.40736
8242141.301655994,9.893009007067947e-07,83014594857.78018
8652762.130161744,9.86962805177718e-07,87287939306.38292
8567761.8158122,9.998220759114164e-07,85687782406.60606
8529689.061192121,1.000622363638429e-06,85261518501.0916
8736804.252684552,9.805433856105698e-07,88519998086.25697
8619422.431566989,9.948664664384479e-07,86490479336.18091
8704677.990406981,9.81931310468989e-07,88111373478.24814
8639907.634593515,9.776611535404009e-07,87710218619.06171
8294140.101589436,9.841257861161892e-07,83830931669.46111
8236435.627262788,9.971115204946476e-07,82523344198.64314
10251398.13541739,9.465250055618782e-07,106339604181.128
9380486.907316571,9.589284578769678e-07,96464587188.16437
9255619.032768015,9.627201269434554e-07,94930427403.94836
10459979.58872095,9.212924384667095e-07,110475463571.1496
10646060.23538527,9.32769427526217e-07,111516565013.3245
10087750.55830758,9.31642781154404e-07,105753492632.2457
12183838.42265191,9.210213004999127e-07,128707646217.3802
11166093.1250771,9.392706506658963e-07,116423524903.6664
11203674.71090461,9.339631673357727e-07,117257507441.0548
9116597.393214956,9.653022299761968e-07,93337730380.34563
8553935.205918603,9.742287703814165e-07,87041290705.83635
9016551.309442224,9.648520881405434e-07,92342146249.72318
8799988.067896947,9.752116566601522e-07,89484845812.71895
8572929.468288377,9.897174686003559e-07,86322052921.7059
8746477.74470567,9.781273573020062e-07,88763876022.41325
8490323.649740716,1.029471279960706e-06,83275021911.23312
8406625.14296793,1.041253761760664e-06,81830893543.36938
8538451.244831396,1.045034888461743e-06,82913499029.83984
8215829.005974726,1.065248994083994e-06,78768148399.26328
8123319.197346334,1.076595551885572e-06,77333048627.79665
8377185.711518106,1.067512965207026e-06,80201539424.61435
7792466.547416442,1.024035621951736e-06,76700507420.81161
7889775.8628821,1.035000406568257e-06,77108866452.72438
8023689.291715556,1.037459102243624e-06,78293693110.01642
8219238.522135729,1.055345052454608e-06,79293075852.13261
8103436.760891252,1.070299646585476e-06,77446000127.3223
8180433.100739478,1.061620360389202e-06,78607407130.4966
7570195.859744876,1.142955957464298e-06,69250160688.74797
7635858.646982802,1.122336063509155e-06,70703774890.90343
7713382.730776261,1.141906682016231e-06,70603214031.25078
8215582.668006809,1.049469394209176e-06,79553358362.98997
8238976.627128921,1.058458051374463e-06,79327573526.8114
8400559.374909867,1.060762075546568e-06,80766181291.61079
7965782.115997153,1.084156767157087e-06,75480314298.92139
7761667.336027122,1.099577096417851e-06,72856991675.09529
7950599.389908281,1.086794603195037e-06,75214497021.73254
9252979.504958084,9.895139088036653e-07,93182351271.94327
8910687.37039827,9.916357380390148e-07,89607238472.56548
8949063.789562209,1.007459660341361e-06,89048339747.06778
9211986.591640979,9.336313865332826e-07,96435366420.81429
8872894.022433259,9.430954833611448e-07,92263130116.00551
8948234.261223149,9.4233996000209e-07,93096268391.98264
9723313.034084711,9.180356245686402e-07,102937727922.2047
9592563.395255553,9.236975124655988e-07,101138108857.5113
9999395.318116516,9.176561703113097e-07,105889706717.4574
8864309.292166261,9.330025863511012e-07,92837407147.33997
8851964.431213839,9.40802793960604e-07,92194977188.0018
9190660.586432792,9.313121946388806e-07,96371777221.09172
9102772.103915557,9.232456020484875e-07,96005365398.60214
8958179.639621837,9.272113803503163e-07,94210779731.06532
9414890.960485918,9.198630738714575e-07,99540504534.48927
9777242.185768068,9.142307864784261e-07,103795648100.2038
9305789.141370632,9.200046161860663e-07,98376915902.11525
9621340.18941699,9.166046787024899e-07,101964154916.9006
10146197.93779589,9.189692429386894e-07,107341916850.1723
9779645.497616734,9.293456841018165e-07,102692388403.0448
9408404.428916052,9.23481777495144e-07,99211897874.93639
8857902.012062896,9.434816472828341e-07,92082103991.14713
8769761.094965853,9.438204281869452e-07,91144020171.76839
8782048.52226433,9.360444380146672e-07,91776506255.23436
8970366.929024965,9.636334341945589e-07,91946591587.45137
9033869.418919994,9.489276786014743e-07,93551710470.16969
9467051.587375194,9.433689283418389e-07,98422342771.67189
8756373.738083553,9.674792229041806e-07,89515146144.48965
8763343.370483626,9.516534957149154e-07,90576860610.78606
8851452.111494454,9.513517631717713e-07,91506885155.92505
8617414.105548846,1.027671086712824e-06,84620230626.39745
8520908.408761637,1.010734118162514e-06,84604724023.16533
8558961.583688317,1.010033749172567e-06,85021837500.15976
8507248.556149093,9.944292422221703e-07,85389905048.45525
8477976.905483482,9.748277999298265e-07,86233025829.03081
8630160.204052871,9.807180114560417e-07,87429116574.02043
8186968.34154164,1.021142745297909e-06,80735673681.54749
8175002.387857302,1.018460581401709e-06,80759149833.31667
8444133.093751514,1.015341263128843e-06,83588598920.68483
11317260.14518987,8.420577117226019e-07,126915128525.005
11205910.66124405,8.252276631874023e-07,127369263377.8973
10669499.65351512,8.683789046600895e-07,117220762984.4901
11431182.99003745,8.756594464719641e-07,124891922884.4573
11373645.78104591,8.546077549673261e-07,126295675156.8973
10724249.88981812,8.81021161184173e-07,116692433994.4475
12249388.20007804,7.86637185429851e-07,143746766216.7646
12264930.68470459,7.550057165406321e-07,147921603105.7226
12254269.29496134,7.612036306892865e-07,146989682767.7499
12004254.83839598,6.313557182267706e-07,163111955479.0417
12057792.5027136,6.184858807757164e-07,166104454598.4152
12441179.85074129,6.502174541462594e-07,165763593413.5575
9041902.435182465,9.71583930015029e-07,92173540141.70576
8879294.751339082,9.80384558749592e-07,89973406669.56145
9000477.121423518,9.690457508195195e-07,91911392220.81013
9599530.211378409,9.404631706151487e-07,100005092951.444
9220937.785999872,9.616391710723433e-07,94645578089.7639
9179103.89042487,9.589993917869902e-07,94389002710.0358
8675603.888610017,1.00505579704534e-06,86464851412.97691
8657373.927164232,1.019642572409377e-06,85458290809.64217
8783308.821270062,1.016148051114865e-06,86900076836.71121
9393833.474750852,9.440118216222296e-07,97616800383.41681
9097873.046715487,9.579893920511587e-07,93619447168.11436
9164167.816922557,9.621179504464916e-07,94031671295.0157
8268792.700709924,1.009127586825719e-06,82188562594.31921
8249578.848742663,9.944232176299145e-07,82803928328.93126
8105089.823992508,9.950019081293209e-07,81322094665.30028
9796382.697274173,8.526355820985418e-07,108949048275.9669
9570354.363096284,8.580372761991406e-07,105988134549.3652
9348070.974943517,8.673185680125516e-07,102786537937.0728
10206117.15393296,7.558677656797003e-07,122997608075.9723
10760902.45544139,7.871258389013886e-07,126227093381.4444
10832684.42062797,7.816784444442107e-07,127658773446.2393
9528730.753350176,8.550287243147216e-07,105774566055.6841
9706584.877673356,8.569610783506561e-07,107586816817.6101
9523782.318373,8.69540529587011e-07,104540099082.4723
10808683.77797313,8.900914493315435e-07,116810816198.6199
10873622.50284311,8.965279181615199e-07,116949500928.8789
10799468.27916328,8.974651063227224e-07,116071071006.4997
11275880.26896888,8.78517991987427e-07,122927773483.5277
10955672.11958594,8.805345134159081e-07,119254498595.12
11136969.06738605,8.679364362878601e-07,122398209943.6973
10783884.39050478,9.005700866477076e-07,115637016589.7875
10453038.00822709,9.062725266487394e-07,111618621096.5329
10710037.31626951,9.015156615884716e-07,114764825342.4338
8996166.11362784,8.908092339663299e-07,97170475048.83865
9103708.318059973,8.791227436711456e-07,99201595543.25505
9138672.755091511,8.792312286371516e-07,99574405620.75594
9589353.04139328,8.792008107105992e-07,104487399690.9465
9683188.299517885,8.722591584332726e-07,106068888651.7253
9882526.699363338,8.875770988541841e-07,107003324474.2173
9553251.227401359,8.721953811076446e-07,104650669360.5197
9736335.042934114,8.595098138182944e-07,107703119844.4538
9646910.114779247,8.65205498512451e-07,106245053157.0923
9374316.131427918,8.885842127391878e-07,101423953012.3788
9512043.747653957,8.832872631728233e-07,103325106197.4922
9804042.147273088,8.916215793951996e-07,105832272657.4458
9234926.32110773,8.851955348375222e-07,100170680738.2011
9240063.856940433,8.781376391451451e-07,100762726624.4247
9371629.891221203,8.798589786877624e-07,102064116864.8968
10207586.72099914,8.241422440266752e-07,116123903900.9843
10087028.32516395,8.400456096622868e-07,113299500731.3669
9948781.318068551,8.246704728736639e-07,113131337464.888
9807303.279745476,8.562140610192244e-07,108766386850.034
10255996.59194548,8.373272545010617e-07,115446574068.2509
9842114.470108571,8.493271508678286e-07,109741714295.3963
9419061.044454686,8.731261187902109e-07,103107349971.015
9287161.317859998,8.715790452931826e-07,101783755072.8601
9423982.201858701,8.587280824395771e-07,104311137216.6232
10343887.35014947,8.285585264352181e-07,117255976638.8287
10868078.37775139,7.998020177954471e-07,126133689149.1412
10796179.04575108,8.052783745039642e-07,124730516507.5643
9865493.944061805,8.452909164425785e-07,110352294153.5984
10094960.86729287,8.399645574041325e-07,113395894776.6753
10541835.78235335,8.16581886973765e-07,120665491169.2802
9231342.320552958,8.74272928355733e-07,100964066787.6771
9128256.570141777,8.821136001711441e-07,99244129425.53825
9650157.492932037,8.632453722363472e-07,106441641140.6132
9239487.181189593,9.240863728429357e-07,97388159119.22476
9375239.02302894,8.984698640460408e-07,100688531225.3029
9134922.355688492,9.105405040546096e-07,97238596242.46614
10158710.94862642,8.412746728599549e-07,113993492685.2036
10706355.04728458,8.087463025203162e-07,123338909053.4715
10186127.14962039,8.375813960205582e-07,114636894191.392
10303590.36607185,7.781587253926769e-07,121789483881.875
10627831.54422769,7.862463812113143e-07,124759096893.2614
10076532.72374222,7.549706531108983e-07,121532119719.1021
9156446.711186172,6.790125661575951e-07,118524581666.5278
9479038.632251108,6.729391381624537e-07,123437495510.8401
9314980.578994097,6.597257643724796e-07,122915407068.1004
10119480.48320824,7.203312851813356e-07,125932173468.6698
9754682.914368501,7.127225781873773e-07,122254863614.3268
9867367.556806959,7.286942943080003e-07,121853421038.2542
10089174.8287723,7.100819491284287e-07,126760321670.7367
9747938.335099163,6.876807512312227e-07,125118499584.1687
9724928.931854568,7.024647907431706e-07,123065615687.4045
9203050.019014703,6.883753549128001e-07,118045174953.713
9503708.397738118,6.97036717852963e-07,120889708862.8213
9526454.744597849,6.822594392453367e-07,122922562932.2179
8994397.459065372,6.991919489412495e-07,114175904931.1156
9507577.436326949,7.212368899857609e-07,118218265555.2404
9098020.556200989,6.96582881189807e-07,115779512221.508
10089424.64330952,8.723082709239307e-07,110514621539.723
9856673.536435049,8.563344272454452e-07,109303676408.5225
10044919.29794724,8.559773067920095e-07,111422171435.3814
9071546.499140384,9.435259754506348e-07,94300086355.66037
8861802.382617855,9.501917029714274e-07,91688437506.78389
8812991.663645344,9.561980470798001e-07,90801172753.18387
8841165.662383659,9.580132709651217e-07,90976350557.83342
8975079.556008056,9.574531159337274e-07,92390353543.13689
9100130.466180779,9.45377388585028e-07,94473675431.41309
8487706.84446278,9.622452026782667e-07,87082963783.50764
8667341.258349082,9.608419044401104e-07,89012556156.33023
8715747.514083503,9.548803102370219e-07,89881852584.75916
8473892.030981325,9.801880819283414e-07,85876957138.91447
8817525.850493692,9.661318719570469e-07,90224081312.43599
8684796.998803921,9.66725377178122e-07,88829576595.83443
8509397.444735765,1.018447433802694e-06,84063292579.58682
8350619.292171015,1.000265506145043e-06,83491415253.05031
8369950.382979531,1.0149998101263e-06,82872843957.15923
8641131.441106023,9.894579732187705e-07,87024000299.80855
8806515.938628418,9.717663651886451e-07,89762763924.39595
8463098.856160084,9.858897748000594e-07,85436576770.85117
9138834.467028894,9.215557407521272e-07,96503501565.95157
9544031.472231684,9.17790031709151e-07,101057753220.1205
9264030.901515706,9.264976815460856e-07,97477362663.29817
9088688.090932783,9.161832180544824e-07,96348800245.40727
9062901.996212561,9.048621756402471e-07,96875136469.23279
9492783.946954677,9.122994709341579e-07,100918002984.8805
8901454.49107508,9.42335892188501e-07,92609844245.90372
8979598.139592128,9.277337057949287e-07,94400583278.47502
9103702.787422569,9.326009690626643e-07,95371986598.95827
8995266.312039217,9.086721507845525e-07,95883206003.77315
8946601.489825783,8.991531009940486e-07,96036353595.78806
8967056.510808542,9.141938762551762e-07,95197242377.13225
9605722.028865222,8.520679490243952e-07,106876083001.0179
9763166.903454453,8.415867315580326e-07,109527908307.6335
9556303.720915131,8.485719484331698e-07,106618073307.9379
9906258.489938963,8.347919250819125e-07,111735410731.7953
10583973.08335417,8.061328678658444e-07,122192431693.8173
10260406.81640658,7.98085535471531e-07,119251803019.9562
9920251.310102819,9.201066388252036e-07,104865000868.0145
9515049.34965241,9.261132139502671e-07,100146319068.8004
9413033.370382801,9.278478111421693e-07,98949081367.11607
10156103.46997343,9.118055589015941e-07,108008754920.0429
9863633.404293178,9.150664509294579e-07,104649020394.4111
10141686.77644901,9.146681248133224e-07,107630286643.1169
10189676.65874683,8.942409680049668e-07,109780202656.2408
10257065.40283045,8.880394038468044e-07,111020104983.7107
10550661.58979225,8.966734182468161e-07,113463670786.5906
11236932.42450752,8.848712430923929e-07,121916096269.081
10982545.40407778,8.934148589685029e-07,118395235735.5767
10917281.7527727,8.869174298673448e-07,118265768667.0618
11401264.66543672,8.869900164748134e-07,123501966524.8229
11572385.59992839,8.95220305063124e-07,124586106428.9431
11145013.6709639,8.954259049611246e-07,119966734049.7914
10947973.94682269,9.001279004132268e-07,117435014665.016
11371586.83717051,8.997871749501554e-07,122009750678.4577
10614600.42409175,9.057342319062457e-07,113388705060.7767
11158506.39170751,8.635025724569665e-07,123054351512.328
11327146.75270864,8.742918259228611e-07,123884293521.4162
11187919.1475917,8.636382623473762e-07,123365787641.2075
11312638.10640278,8.696648301969517e-07,124164074578.1264
11811598.53870464,8.882681191784887e-07,127824065788.4117
11482434.82934925,8.803066276694323e-07,125009976859.2104
10937253.94416535,9.042491886631509e-07,116963281416.0182
10558384.82524903,9.112412682811545e-07,112333312846.8037
10289264.97401681,9.099406526419145e-07,109574367593.7964
11988116.75219037,9.009360751009419e-07,128515342826.9059
11520919.50093988,9.000115415530151e-07,123591448704.8839
11765926.1292809,8.989353019521591e-07,126320497323.3333
12169536.18383167,9.031521267741522e-07,130246707526.8428
12493047.50118123,9.074842054396669e-07,133283280845.8769
11698782.09688275,9.021018389828578e-07,125305540183.0383
11385781.7674953,9.005248041648945e-07,122095334492.5388
11144786.57808724,9.015888603665311e-07,119416974746.2872
10490585.33647269,9.072148120160015e-07,111941975291.7794
10584555.61825404,9.230110424127472e-07,111652391958.4807
10345724.44364173,9.202803030674538e-07,109348833795.7006
10134153.09600486,9.314504800767652e-07,106254568903.4098
10520864.4566189,8.455298979861289e-07,117660885608.2695
10778393.20499107,8.717962328245621e-07,118107469397.1681
10914291.58521697,8.594337063768715e-07,120740776325.9641
9842297.329045817,8.331415631514159e-07,111160531197.4812
9641047.118240768,8.139806282740172e-07,110589737145.1023
9950051.200339582,8.520635016688889e-07,110707575663.4683
10791360.91347832,8.242422217390354e-07,122755128703.6634
10526507.95861324,8.104953611127408e-07,121092515434.9573
10446722.43341613,8.262329266607277e-07,118643802405.1852
8068216.827740637,7.127129795979133e-07,101119391853.1358
8341813.151750308,7.416361414457029e-07,101812210648.5016
8134640.580709863,7.348154496379561e-07,99897092819.97313
8926406.239020484,1.008020309196732e-06,88789946195.62131
8321547.358508453,1.016508231847448e-06,82312063478.86711
8450784.838735996,1.018653320791149e-06,83473016411.7831
8862069.896957146,1.002036408889533e-06,88500590784.89584
9261009.146425141,9.937070060603209e-07,93000670270.5493
8915310.444773801,1.000528505523478e-06,89121706336.97078
8732182.84399154,1.017495496693839e-06,86317957842.32126
9031759.356431389,1.008256434471697e-06,89823854917.87547
8553301.144167677,1.018907047633082e-06,84471599694.00607
9448833.153013799,9.977883204714225e-07,94627907415.07732
9315345.967192363,9.903125427219908e-07,93759972062.8929
9921774.305604925,9.834343531676697e-07,100328832953.2087
9251600.042701498,9.676279352558476e-07,94568082718.58659
9461249.287462702,9.72814327896452e-07,96367038631.26218
8778916.920368865,9.784363415589651e-07,89074328220.20522
11929478.62970099,9.31646860736476e-07,125060620817.6426
12518771.05875689,9.174771407464001e-07,132586160893.969
12062505.20232711,9.249062130966059e-07,127068835255.6682
9652297.777885647,9.616469532800361e-07,99072610144.35231
10391632.04656723,9.542579343333121e-07,107211138390.3238
9866413.814940067,9.666899368919082e-07,100917820242.6665
9558773.062544579,9.577482315783661e-07,98378737557.25621
9456322.860646119,9.576300334394449e-07,97332329923.03766
10330669.44798404,9.450222056435464e-07,107275477570.9285
9823565.693689825,9.690769708048692e-07,100314482803.1882
9890342.345307127,9.607212207378115e-07,101581136816.2333
9924615.777391933,9.578263046857724e-07,102138434225.4479
11575701.96032253,8.983583296484366e-07,124331432414.7735
10944862.66754681,8.920158392078759e-07,118112339683.1297
10700992.38091029,9.074694412304359e-07,114165806423.7113
11900963.03348315,8.984026664200387e-07,127820766649.1589
12060052.74783857,8.981991074654861e-07,129549018758.4139
12124419.10747085,9.005591936035303e-07,130012795810.6389
11769131.33990675,8.949978565217684e-07,126725227436.8849
11596556.50115615,8.866523316211925e-07,125649319640.3838
11927340.38385495,8.945743928090964e-07,128469284439.669
9230228.028140519,9.793388031184651e-07,93595964052.5367
8610014.232706901,9.582318659952327e-07,88584307924.79663
8739500.271907099,9.948841282929493e-07,87694347003.00204
9465250.205716686,9.980038027903169e-07,94778675343.09865
9486463.52707869,9.997293109035751e-07,94881758348.30649
9960334.010930963,9.853525307210665e-07,100587993437.6543
8898709.791273395,1.014524529918133e-06,88135730572.18478
9222020.768764611,1.007032561006081e-06,91790362973.49686
9201105.372931538,1.005290875092455e-06,91687931980.72905
8161121.468221246,1.026684333087307e-06,80190924172.96393
8514119.879100425,1.022112729404052e-06,83908745752.61995
8337497.477416341,1.023515857752696e-06,82092975724.71957
8546776.179314105,1.022648894032794e-06,84201138214.36224
8688050.901927054,1.018697270659459e-06,85814154589.93463
8662754.956836056,1.020341362488045e-06,85472361158.77209
8792249.666053349,1.013164774487908e-06,87159211084.27034
8645191.89930954,1.008164100244155e-06,85984562423.06691
9087729.608124467,1.007323310783102e-06,90436304467.60521
7541800.160592346,1.137585198268188e-06,69207378467.85553
7599049.914033705,1.119951677620108e-06,70462780076.54073
7607339.948174195,1.11681358759528e-06,70671725959.62567
7352819.427242521,1.242581312460061e-06,63616634309.3802
7328998.383622701,1.234771159156512e-06,63677642232.35799
7417779.232844813,1.215052863977544e-06,65144404952.71449
8071979.985242011,1.080151598365642e-06,76675556132.2861
8116231.223842721,1.076790346259757e-06,77256253296.58572
8566319.514835296,1.050721470070505e-06,82883712965.43216
8191314.568722289,1.07652143151686e-06,77983935957.8378
8054130.953801503,1.082562016031082e-06,76392401582.89197
8398204.780628718,1.063024415099973e-06,80628943155.42224
8008162.864792082,1.105375666562584e-06,74907671457.31482
7837189.42451386,1.117191128062261e-06,72790609907.09712
7906506.437557908,1.099164227473195e-06,74235146805.38745
7883264.367903202,1.13100165137502e-06,72621285396.90965
7831401.245266982,1.125176912488735e-06,72392282105.28099
8002311.878113721,1.113292820724813e-06,74497643322.59764
8188951.769106074,1.114012038511457e-06,76202354528.62004
7972195.977480315,1.128220283471921e-06,73561181727.5092
8091910.586724775,1.110463753883709e-06,75459655289.77325
7698521.170917526,1.157915892914575e-06,69816161114.82355
7694015.003519018,1.161395364931179e-06,69635864233.88054
7794935.156590943,1.147184683619551e-06,71130677754.77721
7548040.357525151,1.151955310070279e-06,68687407706.03205
7590359.705919481,1.16196634856379e-06,68675209092.33539
7647419.818401758,1.1468963393765e-06,69796260433.50926
7390454.374226824,1.203646676746572e-06,65313826179.64791
7446498.096089188,1.184201999066125e-06,66527554008.69213
7562332.809478495,1.177901612167712e-06,67803135113.87342
7549545.460511891,1.163928956176846e-06,68229128314.10632
7698585.534740662,1.141254298863571e-06,70494622363.52763
7772709.914585382,1.139464706400055e-06,71247868199.72122
7657902.845788025,1.005993988821112e-06,76274539644.70743
7545093.254407714,1.006986912081084e-06,75101520163.70747
7702204.004338278,1.001070547644696e-06,76967118528.18056
8198885.905419865,9.838963826506304e-07,82881054304.05
8290416.405721616,9.856915599778768e-07,83704534582.17403
8043531.5641641,9.927512736800648e-07,80826381262.48654
8434911.065984752,1.008637029922553e-06,83866895892.61757
8580176.935404496,1.013590034532174e-06,85033102000.17897
8240749.747749588,1.009135401801057e-06,81909403733.2496
8565739.184086587,1.010613215682412e-06,85056635108.91174
8709184.093963481,1.015234215864942e-06,86218402810.00082
8749337.505610989,1.015079773529299e-06,86624695369.19495
7867557.629458873,9.947330831300204e-07,78953046308.15273
8092726.415674266,9.861884428715694e-07,81681101606.18245
7938385.944062189,9.94999125370684e-07,79649626457.81598
9385852.521136157,9.849515734180138e-07,94812108981.31453
9734464.009886593,9.76290473914412e-07,98914359381.82349
9994535.404849019,9.78062484139953e-07,101434309436.8573
8699422.916928962,1.003758163038515e-06,86776950503.60538
9012025.441893982,9.953940754868794e-07,90398045656.26649
9143329.173348881,1.002862820393199e-06,91259202261.80829
8735305.03284042,9.831123402329229e-07,88350560686.62772
9415972.196184177,9.77557960130244e-07,95595362220.30722
9073163.488171037,9.861870016967373e-07,91576889260.28976
8181295.274921902,9.943978487053491e-07,82119938707.44174
8430269.460506856,9.87328726694465e-07,85022448476.95169
8762232.974204743,9.903802475730666e-07,88188810094.14117
7845239.322890528,1.005698283957002e-06,78155771968.59642
7961007.691046002,1.001079057247366e-06,79552859138.11826
8230077.556198222,1.005441079475388e-06,82003585975.40735
7733819.088205086,1.004130228783086e-06,77125971528.85295
7778338.978006551,9.992073121923188e-07,77824522248.74716
7848765.450934337,9.995323120256124e-07,78512135872.39194
12151151.93748157,9.187272591280414e-07,128575942473.034
12609075.7298324,9.115525297147254e-07,134120589206.7281
12284055.76029406,9.07290753471199e-07,131072260444.5156
10392445.90163633,9.531965675853295e-07,107299111535.0569
10886450.70390768,9.529339626912982e-07,112420222364.2532
11419881.13952559,9.363556799045896e-07,119316640705.9298
9646636.068937166,9.434699920289296e-07,100282195501.816
9839192.199795743,9.524000885532551e-07,101643550311.2869
9846888.313992908,9.419878953654591e-07,102471272807.6827
9747324.581674241,9.749925542098199e-07,99132919246.87206
9619865.840542879,9.8144118482099e-07,97407597001.75848
9813842.040061982,9.665890852987234e-07,100387076229.0472
11737096.63160504,9.353922181123383e-07,122715148838.654
11298064.39945765,9.399156078593699e-07,117745631965.1499
12321675.61144624,9.212624534875579e-07,130141015126.1364
10240790.65997929,9.393742678925281e-07,106767985576.2936
10232942.092616,9.49805471381564e-07,105903603676.3118
11252648.79428894,9.330108119445398e-07,117850197142.1492
10250094.09486208,9.62827183784992e-07,105122486121.4904
10785296.00185355,9.503154042583568e-07,111580136768.5388
11214345.75401613,9.459060058044721e-07,116379178321.292
8589203.230944041,1.031286826873349e-06,84145952707.33394
8425164.842623383,1.034851156162658e-06,82349281447.58076
8806562.143101731,1.029431293643375e-06,86378997596.72107
8796493.940435713,1.017451030248312e-06,86956208914.71669
8618506.021580921,1.012244653270551e-06,85488624304.94565
8777468.103791546,1.015870043118517e-06,86858133164.88016
8766761.689364783,1.016904498395441e-06,86693344047.50047
8658969.889793968,1.013672504086012e-06,85809318312.54021
8589076.364217669,1.011693016886531e-06,85227672647.93352
8911160.336444637,1.026410046181655e-06,87576381135.87335
8838129.500031423,1.02278452249298e-06,87063795453.70448
8692506.375036145,1.028274025875099e-06,85324242379.76109
8967210.754046848,1.023729957508967e-06,88280971169.07555
8914999.015500441,1.017549493988416e-06,88121984956.06512
8893950.127109602,1.020103072448505e-06,87767147981.80676
8752268.892310135,1.014434431382811e-06,86690464690.76929
8429060.468751291,1.014584133672767e-06,83480900502.88481
8623839.518025415,1.013756552632225e-06,85456457006.1277
7755542.970027782,1.030820267121513e-06,76001747128.11484
7719203.323893027,1.031774595346327e-06,75598978416.97833
8095073.553689918,1.026278344038607e-06,79562915565.15172
8026244.269302609,1.024405336541346e-06,78982550049.4529
7800727.982738975,1.028430436579261e-06,76562925538.14696
8014396.39695597,1.021744061209357e-06,79002846199.62228
7726011.986381788,1.033280730412348e-06,75592113958.13873
7613036.310109594,1.036097398897657e-06,74351690194.6721
7661382.93856381,1.033087452407608e-06,74969125635.10301
7775251.802267747,1.034639896284397e-06,76007243383.63428
7858456.453896324,1.038554588922084e-06,76627448507.09772
7661915.362902351,1.037465358625702e-06,74763268684.78471
8134243.15628096,1.02848115947328e-06,79833699875.75241
8342903.960118167,1.028406540828746e-06,81885566410.41447
8371875.978428883,1.026221094177497e-06,82286544993.16563
7597555.80911914,1.037876862026321e-06,74115665438.24907
7699935.499055285,1.039422570949721e-06,75039913546.01811
7609771.890515225,1.035817020850335e-06,74333219482.241
7957522.013697735,1.041111199499923e-06,77466351692.10231
8070537.664724711,1.03755826131632e-06,78745813429.26405
7888789.224053506,1.038345162388613e-06,76933564839.89037
7513984.480102871,1.013565313178336e-06,74467904662.46304
7488758.654930819,1.01766850260368e-06,74018272645.783
7474006.807057498,1.011811750406531e-06,74157260291.9442
8280437.932588214,1.043166742673404e-06,80504004566.18997
8482086.535541195,1.032537181381941e-06,83029463668.7487
8394780.927947635,1.041385140854162e-06,81708727957.25978
8530153.248061199,1.018108551177762e-06,84287035005.52403
8405857.670372102,1.015668187695189e-06,83191853213.33087
8728625.124516802,1.015528020166647e-06,86394196125.62755
7995739.599858235,1.025400085577254e-06,78631472563.4839
8324805.449922614,1.021649966297943e-06,82067778229.13939
8117900.370161684,1.023510684689351e-06,79931039899.0609
8023520.268356867,1.02398535547102e-06,78977331740.17715
8230157.036446273,1.017793217089695e-06,81339547812.40417
8353151.522828962,1.020222587972705e-06,82424009387.71503
8011170.050775843,1.042825917145868e-06,77903099974.76393
7918346.520404205,1.030683470845487e-06,77604033733.7137
8039916.884909012,1.028810871168262e-06,78891072948.18208
7957699.383640203,1.034163241107184e-06,77814667178.55103
8056379.594911436,1.030574272672614e-06,78962409074.70738
7910964.326963703,1.029319557302165e-06,77600158762.1516
7967422.792234359,1.053580976234863e-06,76949520301.98
7935550.883993281,1.039910788626718e-06,77311902076.11194
7888881.006831511,1.035079955326646e-06,77096170498.84154
8003986.599932524,1.097155301867111e-06,75242107039.29512
7993729.957163918,1.109231959317492e-06,74599266433.50226
8019119.668160448,1.072194266435725e-06,76549855300.32225
8061411.513309167,1.060818841121079e-06,77502719459.8024
8418263.724233156,1.076912369988453e-06,80125167428.28174
8097987.617996471,1.05531762872908e-06,78124691083.3468
8027676.825340488,1.115409349594193e-06,74639208757.78419
8154554.194318639,1.115435864599068e-06,75817679333.26924
8038947.804206184,1.084753617233071e-06,76145656879.1306
8374406.379820227,1.166440887222137e-06,75575125222.76276
8527233.989734551,1.113202542315861e-06,79388705533.34413
8321459.641945768,1.131328903090936e-06,76643193020.64105
8262879.25744381,1.033165862208024e-06,80850871964.61076
8430711.000233581,1.045523735487355e-06,81841755762.76903
8472439.440724254,1.03089524921577e-06,83023068582.22775
8995144.966384353,1.016262007109369e-06,88989282872.07036
9218216.135672033,1.01966961847816e-06,90992842832.69466
9045700.109579805,1.017839533246388e-06,89396937692.87669
8373613.99492758,1.021076409358471e-06,82579853611.41232
8782822.851192843,1.016619952402773e-06,86868376268.71846
8832778.61852444,1.018184745960705e-06,87272942992.21376
8363986.350165719,1.013712128639046e-06,82883908052.83687
8488532.312955014,1.01091019718897e-06,84273472211.99593
8558016.377459962,1.012878053662005e-06,84853222261.00542
8500952.231548376,1.027290220922741e-06,83497243788.87495
8585626.825326711,1.028083155427602e-06,84285560437.40169
8711401.511657057,1.021002261289104e-06,85915244103.58878
8511760.481429303,1.024104348818139e-06,83776700895.39935
8482547.212232504,1.026296039052353e-06,83370265333.20996
8692769.945412146,1.020015715811681e-06,85786762310.69502
8232577.027634634,1.030568603230283e-06,80689656123.57018
8025309.250532114,1.030640831198561e-06,78654495054.29422
7934206.196521236,1.034863227657833e-06,77549948318.39958
8449407.420824971,1.230637282066617e-06,73576570322.93607
8443884.827348532,1.188384784190398e-06,75261160833.80219
8383421.372593852,1.201355289240199e-06,74183442946.34761
7973279.083317447,1.10756444110275e-06,74483080426.67041
8176378.949468415,1.111737288733015e-06,76189109297.14404
7901631.519803286,1.132813617469608e-06,72712844180.39198
8373444.963007414,1.070588545633613e-06,80012119541.64926
8431164.123184206,1.064988932155359e-06,80845803280.70551
8363476.292353182,1.090798663217807e-06,78926667387.54605
8246555.964621829,1.056173915873496e-06,79514985770.664
8289716.757379487,1.064858634645471e-06,79495959210.14868
8130561.241698899,1.071105581346398e-06,77666250136.77274
8044652.562622365,1.07879578320123e-06,76479985827.46608
8136714.617839835,1.067509723631644e-06,77899473850.56854
8059924.785493437,1.076124175580158e-06,76751946244.54539
7562059.123687888,1.020908095408446e-06,74584566547.43892
7587408.000721689,1.01684037726892e-06,75034026003.38919
7769062.398815665,1.02482864263797e-06,76430688712.12393
8338103.585885396,1.04902737234828e-06,80762435251.78821
8171200.811514191,1.03667558753186e-06,79773253093.42329
8104160.276121151,1.044915520244073e-06,78702265664.91229
8854358.372669924,1.015251979661534e-06,87654563695.41843
8725179.387633707,1.014559682918404e-06,86415032571.00407
8833381.237047486,1.017811120200042e-06,87300255233.25175
8807502.17199279,1.021038089416462e-06,86860994327.68549
8788464.427839287,1.019433252449964e-06,86764180437.85889
8662132.633379096,1.026524139739589e-06,85122698886.28542
8318103.259547628,1.011819659076571e-06,82531973835.23949
8428479.98794743,1.010646954554154e-06,83691807133.61555
8304376.989623851,1.013437119876256e-06,82308088921.42313
8402688.160672966,1.016887228182275e-06,83094009990.99492
8311693.989248004,1.013382323854583e-06,82383580359.85741
8297973.010714289,1.014993256296658e-06,82160532767.28114
8017406.691338683,1.02379119800431e-06,78927131624.05478
8328213.826501873,1.019479739655428e-06,82217853492.36769
8223965.2208005,1.017605774057403e-06,81288334094.90028
8262080.423880075,1.027196551261612e-06,81155953203.55981
8471630.540477622,1.024919691089161e-06,83337496389.3625
8427483.608958822,1.021636703249687e-06,83080721327.64056
8210533.094774902,1.012392451912125e-06,81433935489.85022
8138766.803150559,1.015440227329068e-06,80560538794.32191
8057175.864436844,1.011523042097263e-06,79958687423.9904
8438766.85491823,1.009162897200064e-06,83876082556.68788
8241702.454623592,1.009253461603547e-06,81912484657.6713
8581149.064198527,1.013754824589817e-06,85033519915.53178
8351213.75489581,1.010612651562887e-06,82926457382.71623
8437104.366098151,1.008570391309215e-06,83892398613.5042
8461809.221054675,1.009424004376584e-06,84090605071.89191
8064149.811202879,1.007576926335511e-06,80236709789.11447
7870775.049729633,1.007306376646468e-06,78326690717.43181
8256231.593675286,1.00708939153742e-06,82174395746.46912
8072467.273395201,1.009189522890719e-06,80233881784.18961
8115654.462918269,1.008137739299908e-06,80719221774.86853
8311215.048914591,1.008022387688844e-06,82670595852.23874
7918776.65710388,1.01005460576422e-06,78661373499.18704
7696247.339853609,1.011510486634881e-06,76377497283.05312
7961551.304464434,1.009022705576204e-06,79140186978.16234
8709855.542638836,1.018094567021572e-06,86063473904.52232
8568402.924440706,1.022054541981496e-06,84446923509.75075
8750010.500322776,1.017959063702709e-06,86467923925.99962
7945517.505134808,1.055070612897617e-06,76665711584.43625
7949732.762339516,1.044910876161256e-06,77202796136.18686
7981633.108998136,1.058574231496979e-06,76844162572.15056
8457535.368938351,1.090130330309812e-06,79846927151.79973
8099842.756671528,1.074045500786554e-06,77231558919.09169
8252608.856433777,1.108228930117991e-06,77061644537.10324
7981895.684804496,1.046565494252092e-06,77433419769.45482
7949798.274575724,1.041912028889811e-06,77351500117.79065
7945583.000000183,1.052069707732423e-06,76812062141.7879
8422977.533415448,1.058966273843358e-06,81073245032.87793
8187838.128874525,1.05485672347588e-06,79014524571.52495
8509868.949858909,1.076444590667301e-06,81020531085.47473
8411527.625065465,1.094751983772327e-06,79188913016.08824
8479409.232210828,1.068941881627331e-06,81107845795.42503
8566590.491798798,1.086413828521822e-06,81060849403.58981
8409860.07521143,1.05711212679273e-06,81041611199.76044
8509524.16897963,1.036885690288307e-06,83064990959.54134
8467704.390790585,1.051510300412201e-06,81888578842.16675
8082858.812508817,1.033751419287515e-06,79059533413.53639
7984016.066975031,1.037330181634559e-06,77913023782.61487
8016182.410904917,1.041989939699832e-06,77993529433.81026
8361186.936290489,1.01511930220851e-06,82779578257.26814
8452450.886931671,1.018616722368354e-06,83491472692.74553
8496663.079621198,1.021903646820287e-06,83748126056.67868
8308004.756197255,1.021966230368039e-06,81885255090.84435
7997578.536854747,1.026262486877797e-06,78605489647.13161
8143784.071583437,1.02752735128533e-06,79976793748.86847
7732808.072834861,1.116477670571927e-06,71851725724.32176
7775265.12323331,1.129077983924138e-06,71707719984.32794
8047063.351732176,1.108290067203168e-06,75139527494.89253
7691438.193786199,1.1056893431059e-06,71931448410.95056
7683102.450460698,1.108796819511434e-06,71719179101.37785
7879518.708410592,1.092988091228386e-06,74260192547.07224
7553009.494008099,1.142788789347645e-06,69099682154.04108
7652421.555019113,1.137652335396168e-06,70219733661.21332
7610301.696234445,1.125164706303097e-06,70348980274.87923
8579709.297815204,1.081215531789686e-06,81444992803.68388
8695168.858025225,1.069122453200324e-06,83162279826.37201
8613301.504020989,1.077474164929039e-06,81953040848.90593
8309370.384919678,1.075308266474972e-06,79167353697.06578
8554576.673243864,1.060527615950222e-06,82259083894.01903
8490684.075236123,1.079102057900476e-06,80705103957.79086
7974925.915882757,1.091168134867121e-06,75242902599.70065
8111436.18144959,1.085084490389904e-06,76816653798.18265
8077019.839210341,1.097338353313769e-06,75920217550.02997
8526764.048102602,1.056116743624087e-06,82219776788.29181
8563623.333279483,1.054840406884126e-06,82641790589.71819
8318286.48117864,1.069554979355465e-06,79536253635.81192
8728479.332485974,1.058589870101051e-06,84033689573.44585
8724027.663667524,1.064390865480478e-06,83685383015.1067
8608376.020306917,1.076536949913838e-06,81953706848.26036
8182225.013957459,1.096585015319478e-06,76944316692.0255
8216864.534222487,1.084339959577989e-06,77850693466.80995
8397171.604626231,1.088174460400952e-06,79372003469.32149
8589254.377170583,1.028728640062304e-06,84285896589.40649
8449151.822328821,1.025323922154906e-06,83094520723.5041
8669297.633443113,1.041359960234639e-06,84382035327.39369
8637925.021440802,1.028554445671564e-06,84773069040.89964
8540571.444280509,1.015430736150609e-06,84538277252.15572
8637188.112911917,1.032226743922635e-06,84564672973.6579
11152360.25836372,9.287082660745578e-07,117160329056.1215
10961886.95992695,9.171238047952277e-07,116127036139.1147
12130323.85903805,9.154614448171926e-07,128660634937.8157
8833751.933445472,9.321356590995883e-07,92574729375.68085
8977340.736798374,9.281896249178732e-07,94345944401.5542
8909827.906003345,9.395994238272995e-07,92876852208.08372
11255197.78966291,9.139134174669852e-07,119513352500.2837
11959759.52462141,9.044793975792689e-07,127876280265.7375
11895832.3167785,9.021148649085329e-07,127414916615.7643
9835715.818035731,9.554224555854944e-07,101393241919.7288
10618498.7823381,9.423542297989994e-07,110472368536.7671
10581912.65009506,9.479690695340006e-07,109656587702.2547
11026309.80459255,9.109741239453004e-07,117334617855.2013
11413410.05783889,9.041142417275311e-07,122067452332.9828
12198088.32464197,9.09316423437357e-07,129961610233.0841
9077745.011925548,9.402398249967521e-07,94584263103.5614
9145889.86105719,9.288171279892842e-07,96073989096.45917
9511965.541456198,9.346627052806159e-07,99502423594.17384
10322256.7791248,9.088512673474561e-07,110013533451.6203
10458880.51245499,9.079117427954899e-07,111546542289.1246
11210389.75228076,9.019756596044319e-07,120085572627.8568
9441947.347399363,9.19616246836941e-07,99844424344.40689
9916794.456900455,9.138498758853434e-07,105306393719.0495
10181030.08195297,9.150821680273545e-07,108015229410.1941
9824039.068215616,9.144017752721065e-07,104279444067.4839
10115925.82322148,9.111467139522336e-07,107633325987.6726
9981568.183215804,9.120042458470293e-07,106137178314.467
8332750.358579419,1.047337416180165e-06,80797382493.56538
8475600.48484432,1.035824581671571e-06,82790340411.84438
8376135.833336317,1.056059873188993e-06,80770235802.79449
8916949.875903938,1.020249402020422e-06,87985699842.65323
8866998.740283724,1.023618937123553e-06,87300709290.57619
8703606.843991689,1.024405318492325e-06,85648162225.77589
8367766.21831074,1.055658514990352e-06,80709979095.08336
8172142.758470943,1.076521712744641e-06,77801400639.40288
8350137.348434383,1.052615807755681e-06,80695074566.45653
7927771.774157628,1.177062391666754e-06,71113406566.21982
7921219.920358616,1.149977838083997e-06,72165965058.09624
8051336.844270868,1.151154799776416e-06,73301384492.95055
8191338.146897504,1.253643686796462e-06,70453965510.88663
8018234.917806878,1.216832392807748e-06,70349054977.24379
8236882.92865196,1.246361486951579e-06,71121386234.68127
7825601.084419479,1.122073005384212e-06,72472008253.78474
7938342.679172106,1.149749447746984e-06,72331538495.68198
7981805.243310053,1.109291911781139e-06,74485298489.56656
8102814.857463945,1.2465676337727e-06,69956061581.041
7884689.676572163,1.217824370973339e-06,69139807268.5518
7930654.535293693,1.209705909595037e-06,69853659669.8667
8095485.006815953,1.258820682030016e-06,69438493977.91736
7901668.251047314,1.258806000157158e-06,67776570407.65921
7877459.180068991,1.230094383218106e-06,68616285552.53796
8281325.604610472,1.059868349051316e-06,79664575302.35162
8104069.898846493,1.083680139207321e-06,76813184236.7551
8093936.479417581,1.084561857593299e-06,76675551284.22078
8035545.367651738,1.091072701366122e-06,75819263978.54314
8122295.932912413,1.063974346754575e-06,77933593909.03424
8048678.063828776,1.086876459140623e-06,76138520757.93245
7785497.901613072,1.118146071875553e-06,72269330319.53432
7863057.300162896,1.109528742795418e-06,73366714159.74596
7855214.870346664,1.129879197447396e-06,72410808060.88742
7951855.682826905,1.021136592125715e-06,78417428506.52487
7858621.915037569,1.026792042171902e-06,77213172852.64742
7986018.657898831,1.01561324812548e-06,79039602766.26721
7962089.683418657,9.299408090608323e-07,83571242816.09921
7936888.042006149,9.560736606746734e-07,81781678215.61867
8074902.802724046,9.702404580045908e-07,82391874431.62061
8141636.622474699,8.542403375601984e-07,90432596044.40327
7888998.295610811,8.659141783817879e-07,86837096731.57169
7965708.370007762,8.887354709012746e-07,86173961815.88788
7480635.894045604,1.504210666170569e-06,56981350859.65926
7528097.66074393,1.465460511788851e-06,58349324256.40791
7265606.214985992,1.454489357697709e-06,56597618499.54669
7283876.99310403,1.551992659524905e-06,54337897195.21671
7428848.281308374,1.533501689184016e-06,55863994089.06287
7251883.345203647,1.51458367596144e-06,54986400992.45695
9602368.23005579,1.505800431215955e-06,73091478136.96552
9700320.376915479,1.537485925830805e-06,72819100868.49106
9649754.558363121,1.499449058307137e-06,73659447443.05309
9170793.835118774,1.540229780943386e-06,68762224737.11124
9224423.395210253,1.575719220152246e-06,68121887636.85426
9410673.376423778,1.521469718195678e-06,71139666506.04004
7679440.765973867,1.309065787064888e-06,64173434044.67542
7607272.117689982,1.28904022975765e-06,64227049347.74316
7847992.894414029,1.311424921711432e-06,65503269765.51914
7540014.531576717,1.297139832921896e-06,63393926534.71308
7632364.591548687,1.261566917182693e-06,65371067992.75459
7395021.583049471,1.307673702859785e-06,61840527536.28465
7973563.187467478,1.115856853325438e-06,74116252145.3284
7986645.156785509,1.111754409270598e-06,74420368413.49966
7874469.777256961,1.163458649829324e-06,71184813571.03607
7784020.878491967,1.141981391113891e-06,71246681505.51727
7814495.042749653,1.188859662212452e-06,69632799986.15529
7896463.628694342,1.169604457100233e-06,71133355591.73497
7769865.786928291,1.136667225837916e-06,71338607053.22383
7839512.88594124,1.148389864277269e-06,71487401497.90962
7800312.257316954,1.18358825764408e-06,69712644311.07748
8049927.923745311,1.084786842211614e-06,76248104656.29353
7853226.275972958,1.105840775032462e-06,73437809018.38037
8009704.539425081,1.093045406016266e-06,75484484588.96623
7792994.107920295,1.32057672136187e-06,64743363270.88918
7962781.086654898,1.322976515979139e-06,66073911830.17426
8064354.355665973,1.335126993637277e-06,66510143542.75715
7527592.786505907,1.307233204974054e-06,62963288628.4472
7622032.023268397,1.316397718189856e-06,63456973510.24691
7639814.229696367,1.329962979407195e-06,63171777477.54129
7497861.652469398,1.296033141207432e-06,63075400674.97359
7520358.612503794,1.285210753375474e-06,63619314251.69818
7592114.787026865,1.305219247640704e-06,63568278825.18356
7368906.247256258,1.324177108303544e-06,61109066190.79012
7464307.198014427,1.30918701680778e-06,62371814451.21864
7576057.663224542,1.33189077067346e-06,62584126999.56419
7639996.784209759,1.281218460350979e-06,64765598630.95758
7811379.621366219,1.277997934669538e-06,66329640437.78446
7881230.738861199,1.303678327630935e-06,66041015893.09483
7590377.985728871,1.251636263535405e-06,65354873515.89992
7519926.450444158,1.271745591498003e-06,64063908679.13017
7497430.137304067,1.2826385112714e-06,63510116678.32789
7730616.842325422,1.20610990210241e-06,68226992329.45937
7909217.95847704,1.139464943353435e-06,72499147239.30658
7810526.443800329,1.187013511786467e-06,69669581013.3318
7864973.226305344,1.161345634290756e-06,71185179981.95364
7871501.78190416,1.188406856089588e-06,70158586776.62088
7825708.913743354,1.196514151325587e-06,69435003781.54439
7924712.810709861,1.282234609028944e-06,67143689628.37185
8093244.371584911,1.298126866304026e-06,68010801824.32877
7995067.705181602,1.307861942331189e-06,66851970206.25243
7914768.611190205,1.194826606536926e-06,70291309281.64287
7832704.825867821,1.214059919096399e-06,68825865189.75272
7856845.082001206,1.242834307963508e-06,67968241599.26991
8298169.048756429,1.268640076753305e-06,70809249835.81952
8287302.867299752,1.289818550693482e-06,69940295830.59831
8226679.278338569,1.291813584555146e-06,69357165329.48227
9441481.932347728,3.244599865746132e-07,199955215193.5884
9103718.775177082,3.315183778088344e-07,190055493649.6396
13106256.22313009,3.238583115060239e-07,277912846522.157
8593693.647706639,7.666310039397555e-07,102594075365.3008
8411503.71139027,7.906408217546762e-07,98375620587.74625
8761163.263357887,7.918420163360851e-07,102361367338.8936
9961353.283773601,6.975983533678641e-07,126643054956.1722
9221715.238481477,6.91250071435456e-07,117956419463.9964
8988249.356016256,7.277650455641292e-07,111091539149.0791
9676586.166115735,4.92361518999701e-07,155190845634.1673
10195154.68540274,4.935589651747299e-07,163242958171.8463
9680105.381046195,5.052146767801599e-07,152602897420.2304
8465366.239404624,7.28839637152223e-07,104526023719.6135
8553967.141527841,7.485263103751974e-07,103759896735.6484
8360642.623212457,7.306755815645656e-07,103059950749.207
8654965.324295141,6.790327485917683e-07,112030993029.0942
8490429.492659643,7.114583096577863e-07,106536074150.5601
8385550.482323004,7.13307428866541e-07,105038153791.9914
8560527.230911016,6.735780770682609e-07,111405992124.6384
8574766.092692045,6.917113344279472e-07,109632425000.4602
8509548.329728732,7.060196540149361e-07,107323620565.0964
7554937.252533439,9.531691173816623e-07,78004122046.31613
7383220.32240133,9.614876750603605e-07,75790833061.37151
7406382.08522555,9.932753079099317e-07,74397730345.9574
7922220.692892427,9.164424474361108e-07,83967290413.88904
7728660.776002249,9.348731847904833e-07,80835558606.11206
7734753.97069262,9.463352824458375e-07,80244723060.18112
7982905.864615113,8.848595565611144e-07,86612008717.91307
8026254.648894442,8.522354535419859e-07,89290763469.20793
7739097.753550697,8.70687457557107e-07,84875459807.72185
8281384.482434572,9.158534299048353e-07,87811682293.54245
8060302.088166807,9.117217518529567e-07,85725450210.92255
7871198.946649792,9.415200125762129e-07,81938470384.98657
7818460.016470413,8.534104615894736e-07,86899226602.48537
8231553.379884561,8.183162866666908e-07,94088021366.59058
8182674.811703771,8.323965288596403e-07,92471616975.76961
8364597.872005231,8.474653739947521e-07,93403630823.99742
8183169.948016892,8.464545704471686e-07,91450440377.46678
8139398.90405397,8.789892070924744e-07,88702658933.29832
9240761.498023804,7.703957823235489e-07,109959265536.5373
9713147.543648653,7.484710884596331e-07,117826587432.7797
9825100.718513776,7.504010021329562e-07,118980212665.3531
8505354.035794552,8.281904510011323e-07,96443341699.30968
8701871.166388476,8.016796393038104e-07,100835180491.9754
8322397.647762313,8.271052516092027e-07,94451300878.394
9493722.518453108,7.734512841051243e-07,112671624884.819
9562745.609658478,7.543909221091342e-07,115394462057.2032
9712142.365995351,7.499677873990871e-07,117657594922.2559
8713726.436839424,8.201335039538048e-07,99452159701.94237
9162058.523511332,7.953343141034119e-07,106731656075.234
8912622.571817396,7.937425089550622e-07,103964664363.9093
8811017.157011682,8.270458871339207e-07,100001452804.8235
9309430.326019803,8.217070222979254e-07,106115406060.334
9261813.856327849,8.023700882944879e-07,107262083396.9978
10429915.02674076,7.216374922702784e-07,129638713069.1876
9937444.98586881,7.441930698790919e-07,121008995660.8879
9499189.943673495,7.591436654375957e-07,114148600211.8568
7600746.657034789,8.889688669797111e-07,82211370743.51909
7835325.458470193,8.992733487420375e-07,84099979932.49312
7477008.679047068,9.297625640212342e-07,78489792493.27734
7903507.120388673,9.018368316760667e-07,84670970313.34189
7660923.933836364,8.876804202344787e-07,82942423921.61342
7710177.363188291,9.201868593166677e-07,81498012410.57436
8081949.219262233,8.358470112399803e-07,91081796505.23341
8206238.17115978,8.19199612145119e-07,93731224805.64406
7793788.68991068,8.542410107185794e-07,86568856688.33394
8167060.571884247,8.497347852814628e-07,91035373521.9478
8100345.15847631,8.740133144097864e-07,88611786475.86252
8227013.743146673,8.427531806063392e-07,92209419784.34399
8310893.668748413,8.650919320570703e-07,91539011446.07367
8771301.165177654,8.78142601985467e-07,95650517699.46741
8283027.705000544,9.163031433643244e-07,87800366692.73688
8283413.421561541,9.641301521058822e-07,84876128292.74197
8512360.271637872,9.758656745754954e-07,86521352819.22853
8499367.420784187,1.020466355800045e-06,83853425743.60352
8699605.863131072,8.390835722025345e-07,97790372026.43231
9133756.352542546,8.048668967889636e-07,105560161317.9416
8989738.918921323,8.363315330357215e-07,101273254029.2783
8377027.276374135,8.601768921633995e-07,92618572251.44965
8390974.177531246,8.293918771087091e-07,95054467405.99074
8239045.300937509,8.609097411846847e-07,91041305383.18515
8726267.066182226,7.726919399005792e-07,103631291923.4435
9064948.822261943,7.83875623981335e-07,106627014712.3072
8624485.139014311,7.965516308074164e-07,100366910862.4843
9047883.55473125,8.685861515431066e-07,99389018559.19788
9200231.767795853,9.142593489787277e-07,97668045011.01228
8921780.214446062,8.921878782232608e-07,96267710085.53482
8655260.214324493,9.602757378974586e-07,88923420207.59885
8752618.781774595,9.241568260563663e-07,92251668454.03864
8743340.378364448,9.826017567084882e-07,88462463274.91386
8605494.574485788,1.03190888644157e-06,84271669959.77138
8618568.260274386,9.872396968095725e-07,86926738601.38095
8706462.001469374,1.009683968096624e-06,86507030006.98888
8266120.942097764,9.30348087923896e-07,86737075612.2541
8429409.596402833,8.851143929839457e-07,91438878056.39268
8494830.32193381,9.418520363992589e-07,88409633014.87552
8194831.827220799,8.799587375422314e-07,89241153155.15018
8354196.338483908,8.69837779115618e-07,91680963118.38391
8191641.376451207,9.149084062479901e-07,86919893532.48053
8611431.147886051,8.574340064082022e-07,95413142001.3783
8900102.228913112,8.547895487001185e-07,98814844772.77318
8775036.59544332,8.781633259350367e-07,95689746847.33801
9098465.144818785,7.548799369093855e-07,109744529372.2728
9185203.436129911,7.734584566357844e-07,109009442394.8931
8844261.310111864,7.622850910759421e-07,105986353029.0662
8612788.22779339,7.323783091452726e-07,106003479264.7084
8954323.148803592,7.446423538410763e-07,108993585723.9787
8702155.28058278,7.519982656440512e-07,105232269294.7812
8616489.373446522,7.224591353352808e-07,107017507571.7352
8525531.100206917,7.294867929583467e-07,105206640785.4682
8784381.223952105,7.456938028656346e-07,106824487783.3467
8690711.218664818,7.050960844230216e-07,109704165239.8675
8685633.399991695,7.147770740436212e-07,108647837158.8306
8966828.821697751,7.316824504952976e-07,110430859760.9562
8584148.868444448,6.856467619639812e-07,110398614006.1639
8537784.441739803,6.538398132583926e-07,113335059722.5687
8579102.281539263,6.953410035462039e-07,109305819733.8064
8482158.248083882,7.087517245468956e-07,106703079012.5371
8248158.768180857,6.90827721321214e-07,105546501145.7914
8391913.668528426,7.157635225403889e-07,104877252053.81
8695696.393413026,9.41768617767263e-07,90505483288.37238
8717635.263922097,9.233742938135362e-07,91934850619.50337
8312027.495364429,9.540016070653495e-07,85771084283.92628
8888692.11646302,1.048997867251323e-06,86097021355.78876
8741148.097940464,1.120378943914987e-06,81032365973.3286
8787714.011003198,1.039428114620779e-06,85640581673.84599
8757446.673347734,1.058348590154338e-06,84325387267.76202
8710961.129060606,1.139168232496322e-06,79862119532.17311
8767241.848106032,1.124336802103719e-06,81083415818.25745
8545577.73460451,7.750832139006533e-07,101276622178.8707
8444858.193765581,7.990639869289696e-07,98070409646.51118
8339568.593128105,7.938699500608493e-07,97269647724.99234
8601299.196875952,8.328978219407277e-07,97163444852.41751
8593342.069985066,8.116210948632171e-07,98762759440.67648
9033019.686861381,7.988263135970631e-07,104921554224.5078
8603996.203560648,9.337563429836892e-07,90062604090.36824
8538155.653735066,8.769826106654671e-07,93190164829.17953
8701066.829046376,8.978911966047301e-07,93488177874.20255
8246252.000675048,8.578036154031762e-07,91340774035.60234
8398247.005441925,8.263548859704524e-07,95369808571.48096
8406113.309262909,8.477312758507407e-07,93847585216.22295
8321625.268719361,7.434402898484305e-07,101401433092.5824
8514500.738164317,7.612056656719966e-07,102131061570.868
8308868.813347748,7.799308541483599e-07,98062847769.0233
8730915.744394952,7.502164183768395e-07,105747170151.3294
8472860.458066588,7.33973276049482e-07,104130164766.0517
8405663.394719524,7.404270053540767e-07,102703165093.0327
8829291.741740486,7.813041061578397e-07,104082838928.8145
8846177.875425126,7.660277429378454e-07,105663745694.0443
8619265.532624407,7.722230940095701e-07,102401991592.1934
8967328.749641504,7.926330974040935e-07,104700387666.6259
8859473.390587827,7.879593414087169e-07,103849729356.4432
8649086.357020317,7.78789874391707e-07,102177836436.7639
9055297.081258323,8.296435022984413e-07,102559294696.5657
9025216.900855293,8.347733366293906e-07,101799411824.0425
8952486.430162724,8.062768401815025e-07,103344542731.6768
9232886.484205814,7.730721415810219e-07,109611843133.7606
9145922.809200576,7.545567687593987e-07,110348453774.8956
9032165.484891908,7.608816951698531e-07,108371178249.0538
9551336.20720847,1.464482766222965e-06,74064135095.99057
9602480.198332896,1.439048148827845e-06,75335533850.43169
9211872.65695506,1.429123988669181e-06,72605243502.19427
7933449.82197878,1.096357327312676e-06,74615203921.69269
7834365.283593345,1.050112663485684e-06,75830959844.78198
7681484.415304388,1.05607718657161e-06,74070972450.88991
7933034.882623483,9.577232841423224e-07,81648084390.95021
7796634.975241179,9.884879656489522e-07,78570517006.98116
7534760.713127533,9.613644318979395e-07,77353047990.72887
8137923.100072226,8.689314107977542e-07,89369621202.51724
8110348.886141148,9.200130417150461e-07,85738697372.42303
8071327.046936592,8.932791231482712e-07,87020215735.92253
8845505.956903663,8.953349341520797e-07,95220909628.28131
8601709.795092007,9.341003089902765e-07,90016566242.40225
8355141.951203568,9.336224611868244e-07,87466075062.46875
7463183.854455493,1.14991933696812e-06,67995351386.0878
7554077.246477779,1.105021858408243e-06,70675275312.42435
7601676.360410837,1.12045957150874e-06,70465831620.58905
9256573.450217735,7.416338492621696e-07,112977134672.6554
10332438.12393345,7.485696604814535e-07,125327968214.8021
10243725.04033512,7.121861358544522e-07,128448460281.616
8473515.492052948,8.588437704971453e-07,93782293158.3262
8732202.018009892,8.607154842273775e-07,96505196013.05626
8381986.261266989,8.228449364227288e-07,95455643714.15242
8406761.777971702,8.17228770837794e-07,96175911101.28426
8392801.756993631,8.479759332784237e-07,93680948788.87732
8301710.682574173,8.121685787363863e-07,95368174956.20468
8262481.41857801,8.817103039902869e-07,89858649049.85168
8485778.127371829,9.127590802465063e-07,90182214928.37863
8400658.686542541,8.810728660674451e-07,91405456539.58173
8215611.990996731,8.935917200345088e-07,88555151310.09242
8212417.497278783,9.286409440067372e-07,86279138702.07236
8438278.69516268,9.246629644368346e-07,88906099279.90221
8794667.57817651,1.201091266993152e-06,77833893491.86613
8897002.424189685,1.253431716990583e-06,76532033970.42453
9049270.557120511,1.237850725583922e-06,78493685815.96434
8897384.144154279,1.309333544462839e-06,74341070743.44583
8901703.382892579,1.339923159342961e-06,73240818626.55748
8943261.971214563,1.378264169437908e-06,72211712079.68408
8690680.362327239,1.184879094563834e-06,77613586485.97151
8631036.647172874,1.173097331064716e-06,77596165885.29662
8792410.166131355,1.237324204416191e-06,76287304026.34807
8120997.613698036,4.24334427901023e-07,143814895512.3854
8766624.928940028,4.071419890456638e-07,159588587224.1067
6879132.20871259,4.022802305240861e-07,126235410292.4258
6617515.580423441,4.519659220272401e-07,112363306892.5901
7577013.458783504,4.352117185113957e-07,131936311422.4859
6379216.651170515,4.124338486198947e-07,115132468975.325
11021171.38806159,4.311440922156634e-07,193113571719.2123
11725124.9767555,4.232423403748117e-07,207997481155.7453
9497534.797940778,4.334464252059426e-07,165826503304.0567
10726190.67889383,4.298123306072274e-07,188332931339.8748
15751654.77723425,4.11286610620457e-07,284815183230.3116
14660419.5612814,4.690308271254888e-07,242854119221.6594
12040395.1603357,6.166418558529636e-07,166195301032.9151
11934895.54664575,6.239701125814784e-07,163446677623.7801
12423507.99222156,6.483595806501676e-07,165844200329.1747
11608420.03624137,7.23927803760622e-07,143982466691.2773
11938690.21110079,7.064623810194344e-07,150509526452.2689
11465982.99022865,6.973701508691022e-07,145803871805.1863
12136499.72267008,7.77256480212531e-07,143565652538.8889
11797058.90881974,8.193262939877975e-07,134731502520.7334
12131642.14161884,8.027338066592356e-07,140455437037.6639
12062445.55465611,7.088088396732054e-07,151733898419.5404
12083360.76703947,7.343517106929808e-07,148451640622.6819
11603948.77086116,6.986536833582685e-07,147377493976.1454
11535818.28996834,8.02489826928131e-07,133584288842.7774
11648790.95440495,8.192554419474737e-07,133045838528.6414
11986107.11619565,7.772058981814456e-07,141792773015.916
11220858.5605262,7.754982994354749e-07,132934851543.5802
11423522.53445859,7.851386540251309e-07,134225738879.3401
11850904.27326051,7.343014579193149e-07,145602409883.7234
11091766.6788515,7.839547611547814e-07,130458803384.3863
10921874.76692568,7.953773334855075e-07,127227712524.8798
11329195.87580118,7.590236547177085e-07,136153521475.8844
10108797.77261748,7.426357701776773e-07,123267597789.9192
10732415.19938248,7.684408450551125e-07,127925514316.2117
10363957.01597065,7.342396665705529e-07,127340643742.7691
8928691.331487501,8.97219651015311e-07,95981741342.81195
8923538.672283119,9.011249540205928e-07,95648999699.84282
8949125.879504588,9.123615742078893e-07,95134044305.07564
9323517.455101976,8.908367968235068e-07,100704224588.1885
9034964.675234945,8.934004617230528e-07,97400759604.00157
9083868.906535644,9.028680783243089e-07,97242173892.9919
9057903.094647568,8.81744548619253e-07,98506710029.19922
8950632.584955996,8.933883872798782e-07,96492493233.67949
8955793.05943208,8.896563516587822e-07,96817945077.89233
9836332.867451319,8.557986853165613e-07,109123630690.1089
9863310.841887133,8.520877650413675e-07,109740390312.2054
9413452.407664862,8.667370856073336e-07,103551726687.9283
9838697.046651851,8.533170604715257e-07,109361376741.2466
9878229.17857551,8.574486659800983e-07,109447793813.4053
9643614.664942494,8.737293713775102e-07,105516868020.2554
10042003.80447641,8.408830642624156e-07,112718874696.9562
10461255.2272529,8.239518579518436e-07,119028028314.5578
10081941.88635295,8.450067604739522e-07,112798692979.5573
9148638.124693163,8.815440950419394e-07,99508555574.89073
9143526.072239395,8.885343418268405e-07,98930657545.46283
9006053.500198757,8.932427069291142e-07,97100515722.51054
9433353.664569436,8.628976453069511e-07,104078237130.0836
9247849.268508838,8.722283673076635e-07,101302602924.793
9212676.398074167,8.7223050527803e-07,100917148071.4835
9491090.779851228,8.586180632103514e-07,105062915143.1522
9441968.608481957,8.551953638050574e-07,104797838927.8004
9305016.742899401,8.679876324081697e-07,102260552339.7744
9604379.998774651,9.024213970626708e-07,102848132879.544
9365008.738157686,9.279775419548726e-07,98435074947.97746
9536359.778413085,9.261266158603824e-07,100369643976.4412
9754698.943986798,8.961218289298867e-07,104946791614.3268
9702282.465903994,8.945254958346703e-07,104507012277.4094
9633915.827270649,9.181344240729151e-07,101983990240.1175
9794971.340858018,8.587664160624853e-07,108414274591.221
9600325.112908352,8.792103439603788e-07,104606197284.0203
9703559.218803987,8.792986918911386e-07,105723965076.6621
10624922.22618824,8.12740358177968e-07,121999450823.1673
10202370.51982801,8.29638299589005e-07,115551404865.5138
10732300.25660389,8.000841808623399e-07,124528576959.1165
11308617.82270373,7.585990438754875e-07,135956924955.7449
10901670.19330563,7.949798714986991e-07,127034675960.134
11010434.18210036,7.823229143278417e-07,129682212438.1474
10826405.55707956,8.030107580894433e-07,125315093544.2779
10275659.45852652,8.35483010340049e-07,115838063264.989
10658566.09747606,8.144890373004793e-07,122210528042.5642
9490129.09604712,8.944991369612567e-07,102223834971.234
9353544.969014501,9.200260113744516e-07,98880237563.20378
9592770.601495484,8.945560504431607e-07,103325065049.6291
9498055.035757236,9.383328458243125e-07,99097660670.5666
9267110.996912725,9.563688493401886e-07,95468643153.59248
9511607.62499781,9.351549493727994e-07,99463760570.68948
9736393.313583201,9.028985888566411e-07,104225053468.0256
9615723.933822002,9.249934469020476e-07,101287584827.5902
9629360.184546279,9.217939653449044e-07,101665794273.8025
10906999.18917631,8.335969310261893e-07,123140584157.5989
10139892.85676276,8.756621408069413e-07,110783645062.0197
10377879.0922109,8.767951400614884e-07,113286071662.2331
9875042.788718361,8.553299910710717e-07,109593093479.6427
9863975.303717893,8.528208508739495e-07,109684881296.4681
9772241.001630709,8.733200647316177e-07,106957656011.8676
9811819.995115377,8.822727403787254e-07,106663131891.0783
9861983.678126587,8.626756339175507e-07,108825981226.765
9759250.065804519,8.806952791685996e-07,106218296983.5244
11037253.85311992,8.095816388550193e-07,127063436832.8676
10838061.19276754,7.999132793858403e-07,125773648996.8656
10316806.20070723,8.31986077897531e-07,116627571652.9045
8944363.908913683,9.68496495583074e-07,91372903366.03314
8777683.948593576,9.861298769675887e-07,88597988423.35727
9010098.020762203,9.72676829664702e-07,91780510425.10156
10078095.44676146,8.68745078610255e-07,110692168508.383
10842903.32662166,8.267474824708188e-07,123092142694.531
10128934.38816884,8.49193469005038e-07,112951671194.7609
9027789.984048722,9.398066512220632e-07,94092665416.48164
9191889.932077967,9.327896626038918e-07,96282863725.38596
9292703.690504756,9.310164277986615e-07,97462420556.32318
8547941.326359248,9.594785357466532e-07,87869473331.22588
8782333.037205582,9.487858256542154e-07,90955949132.17923
8707695.957176233,9.495596681391996e-07,90133952637.31882
8516337.291145789,9.594232929199488e-07,87547956751.36873
8744759.699460203,9.519463338422773e-07,90366244940.79353
8783356.796761418,9.492956719010181e-07,90933978198.91707
8927346.983658437,9.435899788115825e-07,92796914275.13304
8888434.454279512,9.462500927853138e-07,92219192998.83786
9090535.61464759,9.366056117735952e-07,94962389830.23557
8484174.5688805,9.625517354249455e-07,87028241522.63441
8451684.441795923,9.620624645797486e-07,86724357903.62085
8717696.29775333,9.519554889139228e-07,90086000668.90598
8673638.248407923,9.708607969776355e-07,88463339202.22902
8521070.385022623,9.650059680973949e-07,87258448446.40411
8680574.882584587,9.550938489702583e-07,89505788421.50648
8221856.851799961,9.825886165074533e-07,83186992921.13702
8328297.430880928,9.696926442539801e-07,85009375558.15785
8360549.750967688,9.702475352108212e-07,85306044218.16544
8152838.044312976,9.865950901477579e-07,82265204558.43375
8083896.322454521,9.863635427804721e-07,81582321690.46159
8258832.36103361,9.737737692037594e-07,84064623011.95509
8859907.519087976,9.561607503569941e-07,91286925501.17406
8797020.506918436,9.708528361292999e-07,89722218166.93442
8764783.621818207,9.722901018815389e-07,89305311434.59422
8402902.621148232,9.966327484428311e-07,84218188354.28448
8562174.717196591,1.014733886742474e-06,84790912650.52158
8580304.223229853,1.000225408505814e-06,85790150830.0988
8395470.201292869,1.005247158689825e-06,83662297787.85019
8322629.721518973,1.011929129274071e-06,82570929720.41025
8227650.106729165,9.980347536063638e-07,82384473645.2186
8629985.569382712,1.032764208735494e-06,84464837404.7739
8679518.679640327,1.04238202565091e-06,84426288890.30942
8459242.297253072,1.026292685356405e-06,83141395337.05412
9123794.483674169,9.348076099808634e-07,95431994665.87469
9019888.245900432,9.212149503079529e-07,95270952039.52615
8913443.691723332,9.413734798543292e-07,92797772670.705
9413927.608248377,9.386799902012585e-07,98195702374.00157
9243685.064925229,9.405713690157165e-07,96290617263.15727
9117648.276295921,9.525925694925458e-07,94176968880.60399
8975982.049552457,9.185025348926198e-07,94993758073.64973
8947802.526719199,9.241914283339656e-07,94306530306.6434
8869797.651813289,9.387692763339375e-07,92514072781.14566
8776732.195051668,7.966443130348251e-07,102130754450.7872
8334295.950879552,8.303057729252284e-07,94343115351.84074
8394858.71988111,8.234275009065484e-07,95557140808.93221
9782470.200616628,8.391843232354318e-07,109953812401.1169
9393129.208370712,8.742834549712817e-07,102732720700.7491
9632133.888182614,8.356336172050993e-07,108570517680.9996
9840117.739419449,8.487531968705628e-07,109768908603.7649
9861964.098428117,8.740322373227515e-07,107881037981.9772
9449619.619880833,8.839540161868703e-07,102595397413.7687
10185078.01693279,7.836858374368362e-07,119821943931.7099
9981432.315554528,8.164035687486369e-07,114267555441.394
9829568.991232125,8.130210352638169e-07,112840920539.5354
10940008.11268543,8.301041565545739e-07,123859479813.7852
10232082.57529172,8.605324512578024e-07,113097377510.4217
10209829.82109512,8.353070945195839e-07,115112121131.2807
11076432.35172682,7.931885207372872e-07,129265397458.8362
11154995.50733633,8.132657370098821e-07,128030787221.1512
10417554.29630381,8.184784110684586e-07,119058649956.9553
10718330.72508217,7.476997372239609e-07,130109498080.0366
11019997.95646083,7.686217508125766e-07,131332758791.9558
10570306.75505958,7.612483645864982e-07,126785623039.46
10919796.3775083,7.4327352580199e-07,133080808494.767
11381866.32525946,7.434900776669233e-07,138685171977.0793
11224265.95261843,7.641620205396099e-07,134287106386.2693
12223100.03353572,7.923922305230695e-07,142742914645.4653
12348353.0076243,8.234215321227247e-07,140559722170.6985
11770352.71414762,8.140607605786889e-07,135005541883.0007
10489950.51940674,8.941592007276471e-07,113022143570.8603
9841942.502873991,9.41617495250575e-07,102446661614.9498
9685303.606343288,9.292215215168957e-07,101710798986.0286
9072930.824682187,9.020988539489158e-07,97180287364.98462
8780958.754714858,9.262683488584168e-07,92409663275.03743
9027264.366779665,8.873997407636178e-07,97755971503.96918
8403166.065470941,1.055839269860537e-06,81042172092.356
8650964.336672205,1.044689723603272e-06,84024571533.25874
8198627.895075405,1.070696759708878e-06,78336383328.68546
9657096.923162986,9.353930831419402e-07,100968015587.9533
9583470.538018823,9.637289313904849e-07,98224436842.74745
9848451.507587489,9.350742278109862e-07,102992095064.9698
8915120.320425276,1.018249761893413e-06,88082776830.44397
8775592.177405987,1.034857774386503e-06,85774064066.64949
9218463.934366757,1.000282623560746e-06,92167274399.37718
8444479.312586531,9.56921873252254e-07,86960471983.85851
8216394.543122386,9.861816672379863e-07,82929682413.96301
8200191.826627228,9.56287901067901e-07,84482139641.29016
9110586.192182608,9.143703542819467e-07,96708555530.83293
9203141.782635372,9.333108926183539e-07,96364829303.638
8793369.294942016,9.42092734845427e-07,91501077758.72734
8089504.725762835,9.962628584949263e-07,81097221174.8177
7935820.896276024,9.972865668403996e-07,79502089818.23209
8073427.671317643,9.664141487632841e-07,82594115328.75682
8981946.348351939,9.162349529386207e-07,95213651215.59236
8666996.847388007,9.438710033216835e-07,90072774895.286
8691453.934575265,9.404771654634104e-07,90544122134.19366
9472330.878412105,8.157364681919803e-07,108498468463.9636
9543006.599796819,8.262147045881869e-07,108381862716.8031
9258869.3945366,8.502451258807255e-07,103164083430.5426
9348217.349106602,9.508357268491945e-07,96677439643.5006
9502117.314476678,9.633037410820386e-07,97419274289.3898
9122048.918130236,9.80621340303185e-07,92418341397.98912
12469988.60696434,8.382280853832857e-07,140267778210.9109
11994561.59699876,8.64791388420634e-07,132142790861.3418
12443630.96505538,8.42744968924488e-07,139470709631.3585
9059841.309228076,9.712610713423551e-07,92376875566.17836
8938258.604324527,9.826171791251314e-07,90433640439.22461
9281074.899616078,9.80435859587758e-07,94041342285.06905
22970619.55598336,3.153834288847272e-07,495769869174.1866
23167076.67061938,3.331178284327056e-07,482102427367.4018
21731936.71608726,3.194931295509791e-07,465004778756.2281
20314934.1595752,3.112278065543749e-07,442347072912.8777
22243155.23590567,3.099491950934683e-07,485664154832.9624
21024518.31655067,3.140484176988884e-07,455052650452.1033
23051832.05497036,3.254480019588088e-07,487211697906.9465
21427548.74716019,3.351406688847989e-07,444107121162.958
21373729.52257356,3.507489840124701e-07,429750141241.3043
20366005.04431201,3.443061014652264e-07,414580974185.244
20332321.49059562,3.93543328640525e-07,378609870199.179
18943745.6521465,3.791340420886244e-07,361635175398.4056
9805344.071067439,6.959437793459617e-07,124857144849.4488
9718457.502829446,7.11542508421651e-07,121935483941.8761
7871024.221248482,6.478023330481483e-07,105132318879.0655
13444394.44029714,7.031184613721485e-07,170028704127.7202
12585284.75985953,7.369818912328043e-07,154249998582.1126
12786322.072241,7.046432706937979e-07,161472821401.2988
16678739.26285617,5.275821938343712e-07,255448368423.7813
15417155.71640228,5.697497267199129e-07,224326979395.5198
13950492.4473866,6.36263184810098e-07,188581176853.1882
15107248.33897005,6.423307464202908e-07,202929987115.7337
14613513.63044982,7.079517490918273e-07,183972203294.8309
14317891.63783319,6.847231002861368e-07,184304420319.8571
12723454.89182835,7.052212924803927e-07,160591089157.0497
12569303.05553062,7.044992069828992e-07,158753822758.8254
12214060.75075421,7.328011415817289e-07,150268972777.7306
11145153.44463179,7.124259688015821e-07,139720315526.1506
12357150.17535947,7.071962882765379e-07,155677199201.5401
11855217.68807218,7.347186243352261e-07,145600265555.1802
11174924.88752098,6.888976018490368e-07,143265459621.8151
11978274.17283572,6.403568708993568e-07,161230128576.0851
12388497.56982494,6.835847668140296e-07,159645637641.3857
11833301.85076234,5.703310462847974e-07,172063175620.7784
9452977.414941587,5.062495417446677e-07,148819163203.6949
13564589.16614777,5.162098663810222e-07,210792802271.5096
12812322.36688438,4.849366728081919e-07,207573147954.9201
8826759.729480762,4.749438891374717e-07,145001702744.0272
9154401.08469592,4.455774568984089e-07,156921022529.2904
12719789.99496258,6.193854618558476e-07,175054227317.2588
14174925.03848616,6.049759763840481e-07,198165790832.3391
13142414.90665571,6.62592828470545e-07,172919519376.9882
8727255.935277564,5.402866087004415e-07,131561326373.5378
11019612.28796327,6.045257464837442e-07,154130923293.3063
10249650.21682451,6.52965522722176e-07,136180694384.6217
14984400.21630455,5.327458627225657e-07,228012841553.5008
14641265.56077971,5.725062306966423e-07,212353035205.4108
13161745.22266131,5.869581531459012e-07,187748029109.9672
7440517.673779116,6.051973901361245e-07,103993242965.4936
7874930.826411838,5.404986630932915e-07,118681674413.6644
9324138.685155671,6.530958957893288e-07,123867513997.4602
15627399.13440012,3.823461929135581e-07,296653077206.6418
12232171.18719154,3.950556380884912e-07,227194618852.4742
17488049.87847263,3.889246572142461e-07,328219514096.2288
11259467.92991447,7.438203080735649e-07,137153169194.6631
10649322.02052975,7.34539893956328e-07,130811231535.8311
11022774.38967865,7.687361655149804e-07,131352812557.7496
11884242.54436347,7.232170353926126e-07,147500131815.4506
11554731.63414102,7.406758555939129e-07,141147894644.3457
11253299.1561012,7.643686200291519e-07,134610198478.1953
11151428.14207822,7.001266576730099e-07,141431478329.2116
10680867.52867028,7.174086663981262e-07,133279119892.5956
11291903.88267318,7.266519463305579e-07,139706371123.5717
11450223.72500877,6.642872626512005e-07,150398448328.2569
11426576.3825435,6.824773159887843e-07,147408993124.6475
11898478.80867329,6.915255629222328e-07,152154902078.2298
11097431.86077494,6.548635661588771e-07,147159600863.7151
10492861.96575209,6.537842934335798e-07,139295676807.7262
11074151.85636003,6.730387340585468e-07,144195077639.8289
9503487.980297536,6.151939508491174e-07,131383751610.9331
9891489.386932766,6.00203949810841e-07,139015253702.9517
9064005.805739826,6.017654050108618e-07,127165322529.0517
9271806.887726968,6.404674298778879e-07,124786138247.5679
9376320.371523932,6.28324350005947e-07,127813436224.1613
9043753.679359963,6.271372522500899e-07,123435569732.3186
9478618.834713453,6.445935842220466e-07,127024571986.1471
9874507.803059926,6.436388372903555e-07,132460776393.036
9584288.252619492,6.32436894472177e-07,130081359931.0181
11645525.50496028,5.906100098187214e-07,165434171969.1113
11736189.05619288,5.823384104296405e-07,168297167130.9915
11845451.75363428,5.967701797453136e-07,167114276276.1544
12051510.63818173,5.458106429172543e-07,180445818234.7418
11888093.9657225,5.347139480171137e-07,180453185912.4641
11366919.78984308,5.429557690194951e-07,170791594902.3368
11906169.14592806,5.715947702722643e-07,172867446550.5756
12211123.4896744,5.594942783077869e-07,179842303625.2038
12134300.12918698,5.743296757522626e-07,175619968364.5016
13049413.36618837,5.246972080150032e-07,200594252969.0794
12307041.06153436,5.301438807266218e-07,187884584064.2462
12473302.53467537,5.412863491172348e-07,187800498052.4927
12586427.33061799,5.391305202055672e-07,190008572004.847
13121030.0709003,5.269328514203717e-07,201124239030.8279
12543322.70064232,5.435580138277292e-07,188328187522.7264
11723188.25669933,5.802720992745961e-07,168509586533.8806
12160302.18808467,5.554709649492883e-07,179957572230.338
11814153.03315491,5.720078474603095e-07,171448859633.1353
13100573.22273256,5.47871684883262e-07,195661056845.6496
13869804.77617453,5.275088602472349e-07,212446954225.389
12842785.39846541,5.401155242979118e-07,193642843872.6097
14587532.51387975,5.007883265650116e-07,231319567947.6073
12816692.81321931,5.200395564788274e-07,198191514285.969
13574057.74769666,5.145467043219066e-07,211394244342.5231
14542353.58055686,5.123751303049195e-07,227113354511.7416
15224130.18296749,4.994262365897471e-07,241853059997.0743
14043524.30740466,5.127673548858703e-07,219211095018.1574
14051190.07883711,5.402061480946226e-07,211839411068.7292
14178393.8203116,5.275477005940972e-07,217163023155.8552
13400530.64641235,5.478616225550922e-07,200143463049.876
14329581.10468895,5.343313409221566e-07,217617122150.4199
14504519.62136242,5.242877566778712e-07,223078066939.9068
14458035.9608098,5.216510229728922e-07,223111826565.3364
16509001.72574898,4.726312258190056e-07,272085797065.0151
16257613.67146649,4.737496115880447e-07,267520800084.7807
15971366.10740073,4.715444410479079e-07,263629281136.58
15308068.8700505,4.741825193074579e-07,251742600577.8287
16267081.27362383,4.727254872286374e-07,268063051906.9557
15733432.1340565,4.71671297848297e-07,259655287970.2962
14568963.21210579,4.861328436734037e-07,235645239738.9502
15455087.7119444,4.866467267473572e-07,249801822796.8781
16056642.37688541,4.780843491480952e-07,262614307699.495
12053222.9341264,5.109694638711223e-07,188584744603.1247
11776161.18394836,5.090839558234526e-07,184704496406.3612
11345320.52385595,5.308137477934152e-07,173056797132.4642
10308653.21988976,6.432038158440952e-07,138346928676.7737
10907967.46004061,6.442296407366009e-07,146234563107.7859
10326880.80957919,6.306230693817176e-07,140428717161.339
9721974.302648894,6.279340564888544e-07,132580130900.2292
10014255.54779998,6.391337021151415e-07,134965942068.0162
10032221.09346511,6.265761035917438e-07,137008615038.0585
9981990.117323138,6.723045396825601e-07,130068791866.6972
10790054.35543604,6.773909259846989e-07,139893450620.8902
10216370.30038407,6.581573985386919e-07,135023734037.7233
12700594.9121635,6.854903473373499e-07,163364053873.6573
12477374.14207101,7.231307658915092e-07,154874043942.8798
12871841.7144441,7.029254934428184e-07,162817529591.2037
11914794.68383729,6.912725282884478e-07,152400724270.7666
11459139.9329185,6.811167905741422e-07,148025873275.1492
11497699.32268751,6.641592048727524e-07,151041451244.8806
12071714.02180486,7.290973933059336e-07,149020234151.1266
11640332.71316315,7.799346391057291e-07,137380972964.3379
12092637.26451644,7.546816301923605e-07,145885403145.4128
9664085.765736951,6.662131485774204e-07,126692812015.7581
9894725.33457608,6.52091953755818e-07,131582413781.6268
9498427.149081089,6.530328010712918e-07,126190995229.007
9754799.798116837,6.192101404940196e-07,134274327925.9092
10065565.80000789,6.178263531838999e-07,138758811981.3288
10147846.93131373,6.041999524430066e-07,141988591119.7815
11566580.51455467,6.067752067801282e-07,161381259531.6235
11712946.05049464,6.258082455611896e-07,160092857188.7255
11473012.97577316,6.342291892740813e-07,155422300969.7995
12293568.41099175,5.486932960128721e-07,183424858620.8412
12250968.64085429,5.530903217978451e-07,181819191456.9589
11945514.0229706,5.651787410114144e-07,174748838313.7294
11423285.26867583,6.442147724038334e-07,153145381061.8207
11606093.66926371,6.286416288626648e-07,158155383696.4411
11391917.43860905,6.440691676394205e-07,152747867511.5628
11664171.19874044,5.996877742224908e-07,164022623971.4029
11864256.75390781,6.058715715059443e-07,165699101407.8054
11811150.9654814,6.187179898714685e-07,162666101365.0391
11841846.22307383,5.804634993934694e-07,170177761468.0595
12069363.06235321,5.831450148379564e-07,172915253925.5435
11951598.51026675,5.948739264691932e-07,168969910004.2299
11711274.23761082,6.113108426981728e-07,162590843778.4604
11932878.16106698,5.922636670121723e-07,169200566273.1785
11408435.59214511,6.096079446675968e-07,158681275485.8661
12613461.06204735,5.603287092780188e-07,185583354714.289
12360535.27196378,5.525670981031566e-07,183561076945.0373
11919804.44689688,5.773345564686088e-07,171916447594.906
12935584.75992317,5.334467183196016e-07,196664226126.1024
13966236.7486075,5.208791558255458e-07,215735399881.1353
13477475.3446123,5.212694952969524e-07,208081596916.3316
12080706.43083739,5.544555986915611e-07,178997850328.0027
11395274.72898688,5.514845753339813e-07,169447781313.4482
12004295.06447578,5.692170595745109e-07,174777178251.8722
11082728.54068372,6.388701327118427e-07,149407238573.075
10996633.05928947,6.217193173420813e-07,150960558041.9785
10496942.02241277,6.252441633671844e-07,143558760833.379
12258398.13014115,6.768189585090422e-07,159020108504.6183
11550239.86761903,6.8494089310398e-07,148646814362.9895
11618239.0990546,6.977553502905804e-07,147685614029.2329
12186766.86936502,6.477488921633104e-07,162786124525.8015
12626971.27007983,6.666377480073566e-07,165464916513.0668
12797722.66794099,6.840789061392318e-07,164839730293.3684
11579197.97847731,6.580573266874702e-07,153050937286.3332
11540502.05601013,6.750190901073422e-07,149973317773.0478
12248366.17891155,6.668873909643818e-07,160463585024.523
11837965.45922045,6.316074798351573e-07,160809693968.0464
11653332.76274981,6.472043430582803e-07,155748019438.4027
12324609.65260941,6.560142676677297e-07,163241652739.8801
12070925.51594389,5.903630539234602e-07,171525142837.9133
11848037.45894237,6.094573286321894e-07,164822899355.1012
11953153.32274495,6.021316631907653e-07,167631197208.4328
11265211.82447934,6.211167750528897e-07,154747576584.942
11352350.31216173,6.383013294153148e-07,153132939144.8142
11566156.00756183,6.228553518828216e-07,158585781086.6892
11468593.06891056,6.58266069659178e-07,151556940657.3691
11917204.12097154,6.855331792452981e-07,153281141281.8202
11500066.21329456,6.584377392894496e-07,151946440517.3191
10983862.43076967,5.364789102862082e-07,166361686953.1358
11407848.78520296,5.147716902078691e-07,177607234730.4233
10597715.75005382,5.336780543676508e-07,161074220093.8059
12098340.12703437,4.921468173174258e-07,194086801320.7456
11197407.2850582,5.01064944523813e-07,177495819483.3026
11754843.63948768,4.994091944332644e-07,186743646156.8705
13226251.59749169,4.934991538381335e-07,211793440301.3253
12241382.0075698,4.99842625886777e-07,194360612008.5906
12523831.945623,5.016372598280621e-07,198370630358.818
13060794.46268202,4.716429240290368e-07,215556296295.1191
14498838.31124167,4.739017816191726e-07,238528885555.0637
14912884.0190683,4.714137249929594e-07,246203085767.7848
12779559.45979069,4.87298263084293e-07,206372887497.3596
12426456.11787884,4.945566791526202e-07,198702459534.3588
13932222.82156584,4.816645560306011e-07,226737812346.0506
13845249.90586188,4.915275104861185e-07,222298012139.1095
13126359.65412247,4.997304725355486e-07,208442886076.3029
14709413.94889045,4.921229853171597e-07,235982394391.5638
16445838.87069534,4.793244761095514e-07,268515664721.3652
16537869.93693007,4.763638635091556e-07,271135905148.8204
15927281.92186812,4.849738173717595e-07,258025605344.6388
14152788.30662936,4.819531135549564e-07,230235426934.2634
12634809.88269012,4.949241847848857e-07,201934067775.7458
13635077.05085621,4.88566669932677e-07,219807094574.639
10658855.50278205,4.791767190022778e-07,174065793828.1572
10620913.87222758,4.814593250598428e-07,172897541772.2769
10594592.58921494,4.830117341478264e-07,172099314215.2191
10515741.4704703,4.808724042964599e-07,171324706730.0472
10895619.16310013,4.781457036510871e-07,178187982089.7633
10533651.28481856,4.818978547001603e-07,171372950923.8097
11137483.82376741,4.761837905540634e-07,182643413135.13
11838487.84135219,4.764529617250282e-07,194066040517.3572
11803901.86182537,4.731347910533788e-07,194402718590.0705
10994882.58515364,4.928688818341861e-07,176212344634.0901
10879465.28961626,4.85679632070254e-07,176079024572.0395
10712738.37147458,4.865821398307157e-07,173166171766.3258
10880126.20111725,4.942015863730731e-07,174059544542.6373
11895857.42539967,4.881538422781242e-07,191877746418.2249
11089796.22267619,4.862257743629207e-07,179348706252.552
9189513.990920305,6.579180761601482e-07,121481831492.1937
8977861.434903774,6.657317642031087e-07,117753379140.2886
9032056.012929495,6.772148078290711e-07,117121239099.6317
11356772.69293758,4.826900076483574e-07,184562187009.3203
12172309.61227047,4.846137003484124e-07,197291874262.5471
11957001.9812487,4.800493472696727e-07,195028633971.7361
9644523.544952044,7.232579278358497e-07,119697563201.6952
9533122.274913648,7.072907884725941e-07,120088981672.4845
9231995.252097044,6.986092927947922e-07,117257149840.902
8055332.544037096,6.469164994551822e-07,107692300731.5381
8362154.657184053,6.608411098156432e-07,110218245703.2732
8405033.071205676,6.304664681899374e-07,114313651550.3831
21238005.31712786,3.752133480327743e-07,408251891271.207
21932159.71264703,3.812741955420134e-07,417115623907.2433
19264041.27558744,3.827567011193371e-07,365425512626.0338
8475385.341453584,4.404959674256339e-07,146396770038.1401
8133792.983658209,4.453209730320659e-07,139479703420.6262
8075551.975974607,4.398566249857476e-07,139625516174.0036
8738820.981671929,4.083823089584635e-07,158760172661.5763
8433823.911858514,4.173345601080233e-07,151020172512.9484
8965865.377148464,3.999272861749127e-07,165172670144.1842
8144317.909296355,4.488599313073684e-07,138925134316.4576
8826634.271854078,4.506882639514277e-07,150156556243.0559
8400292.161284132,4.483966513771257e-07,143390204443.1228
