7450592.183506139,5.295703967106113e-06,24523078739.64513
7206819.835356941,5.23974484616865e-06,23889308146.32861
6683824.548546868,5.184220980824622e-06,22313585989.85749
8599926.445235878,5.641845067463487e-06,27136091791.45949
8398804.997828269,5.787422747651192e-06,26055176933.37798
8459875.006424807,5.674560631889672e-06,26591476516.57894
8516137.18122684,5.36251603122349e-06,27796935089.44816
8679275.798644321,5.497487116065813e-06,27863821259.21104
8737363.754144477,5.378213556036979e-06,28463505644.69493
8602196.570155295,5.522766159149282e-06,27532031584.69036
8499038.043834746,5.659554862965289e-06,26761775536.11667
8648799.993253162,5.585929144712331e-06,27472124056.16557
8454743.684217816,5.691511269197611e-06,26522556255.67407
8306678.777007293,5.76516270229036e-06,25835668547.26907
7841288.324191031,5.945271579991266e-06,23893125146.85601
7694242.835534069,5.287881246517091e-06,25350007563.83033
8355742.547059338,5.39610319247392e-06,27160111762.12091
8241178.436093698,5.324217948806565e-06,27028302280.99506
8035138.59131234,5.431981167434513e-06,26002865018.36377
8344864.513108013,5.621063635410982e-06,26396131824.91665
8447085.938477743,5.484248017016237e-06,27162027714.88947
8110120.325599079,5.651772611813351e-06,25560588223.11242
7871416.918833766,5.874692460949811e-06,24176651950.29109
8243964.388549327,5.7431134664278e-06,25706197661.64345
7945847.573396686,3.417384007808611e-06,35022276663.94136
8061022.386539775,3.602074854395677e-06,34304806304.35148
8806602.656320933,3.282382415123707e-06,39873309496.11935
7981530.122848703,2.915745742124496e-06,39106869936.91624
7799623.99187225,3.22517576361297e-06,35730416182.49561
8130136.268871151,3.011048461751523e-06,38989948473.80619
7057099.384858185,3.63802124513143e-06,29834315608.59849
6928177.568912583,3.988555591973462e-06,27547059287.72519
7372384.023203938,3.565720805507855e-06,31587097859.63869
7516168.741583977,3.603130963080007e-06,31979854967.96706
7067584.524070933,4.026429631180546e-06,27924855562.34692
7628197.54581503,3.78813578599777e-06,31390982301.90506
8399664.11818039,2.656017899833789e-06,43796686541.72301
7916182.362347,2.614319237165982e-06,41713507694.22288
8058182.951331477,2.723214003628499e-06,41322121357.68116
5412019.140834596,4.569035730001879e-06,19655146615.05697
4819293.568308912,4.743474250306766e-06,17070740113.8478
5575936.643681271,4.76937995571113e-06,19679310694.21075
5618396.630581168,4.297460843468304e-06,21255489426.60421
5904592.650428656,3.910058099962604e-06,23790366605.96574
5505590.841764495,4.244708752321025e-06,21000936817.01626
7988922.778495157,4.497966353823353e-06,29318658052.71752
7885729.344365085,4.680198447448284e-06,28183765817.43625
8369379.073186832,4.704600428998846e-06,29808817136.91041
4738752.865374695,4.245461527577567e-06,18073715994.14959
4593268.910799226,4.599225061631301e-06,16608564481.92292
5064123.932618618,4.37213753950368e-06,18939788069.83793
6825307.529360538,1.727882859396786e-05,10212044374.63592
6722584.476296166,1.785339697114175e-05,9841373032.905504
6614405.047281982,1.6973861799014e-05,10014678500.90578
6059253.719030158,2.396596717499228e-05,7289356061.840919
6315195.673199763,2.38263457691366e-05,7626908183.488432
6089935.107212158,2.505984105399705e-05,7111487595.995732
5926229.28401024,2.567313403018545e-05,6809666735.815379
5962875.668670471,2.442769349152383e-05,7082731515.294528
5993312.380139547,2.552133181711615e-05,6914031571.076604
6192861.367039469,2.764898817309037e-05,6772856325.241068
5958855.540309184,2.660506121851463e-05,6686312676.913823
5928922.548630076,2.695594188192194e-05,6594867931.773994
5981498.767829439,2.634005858378215e-05,6756661987.879408
5959928.685573473,2.463803124157941e-05,7038882713.572682
5923291.371711558,2.587907185811559e-05,6770134532.19694
5750982.060654727,2.261143181097876e-05,7192115231.527725
5901631.083743671,2.143678842181878e-05,7647724656.606727
5909215.334903967,2.300239137390595e-05,7306025054.538031
5534092.479418715,1.53952097575184e-05,8942439390.793606
5282021.16548134,1.471365537807843e-05,8796699380.305841
5470216.704703928,1.443585120626512e-05,9226626350.326227
5318626.559607018,1.681985440517923e-05,8101858922.021021
5638097.255464523,1.628568608919454e-05,8775297660.6301
5958053.569600744,1.678078748878158e-05,9089978276.449667
5134754.894216181,1.642687558755918e-05,7946021556.552419
5198638.924542942,1.520992794724836e-05,8468468629.755548
5448735.998347631,1.589313345172949e-05,8619645651.794159
5997652.164927316,1.851360957718583e-05,8570126016.12073
5404929.542150474,1.736903378121148e-05,8058847366.580759
6049376.913891805,1.733788722657507e-05,9030529078.863371
5440007.274839181,1.62154147928058e-05,8491428794.751965
5678272.683495553,1.600889356947825e-05,8939406773.233706
5454192.138804976,1.480920301565249e-05,9044321152.889215
5070441.062127658,1.649836661475728e-05,7823812590.913826
5242930.691459975,1.637456288534624e-05,8130694431.314368
5077728.872832054,1.510044148952075e-05,8311442625.419703
5642704.338682666,1.903451137444765e-05,7915155899.231917
5857132.413165728,1.976613120837709e-05,8011932093.584797
5512321.472136534,1.781273339330568e-05,8081912769.525908
6469784.611100234,9.349642770718476e-06,14577838818.31927
5927119.704748483,8.775660940442299e-06,13931262478.46387
6174640.208488923,8.714631330892856e-06,14580720239.11072
7683610.687848884,1.049181407638154e-05,16032390953.52299
7073825.774883559,1.004784825901933e-05,15191674525.37602
7441788.013618678,1.049035478697474e-05,15529251027.29799
8137420.129023536,1.132349475917982e-05,16137382134.95345
7953359.589170662,1.081081498464617e-05,16267157130.44405
7707295.048232501,1.080924777597265e-05,15765400336.5095
8075525.301026084,1.074961067115756e-05,16579660193.90972
7225947.07736456,1.011081512103099e-05,15453872694.45065
7842118.97055399,1.055583632470718e-05,16296899781.98989
7981982.507173302,1.07248326438563e-05,16412840752.12196
7476680.250574382,1.045464163491996e-05,15637573866.20672
7137476.262155787,1.00821869659212e-05,15293545482.51867
6479662.479908605,1.108651154894218e-05,13032341206.37554
7180238.307867881,1.079410246950174e-05,14701032378.07074
7169282.574435858,1.143120325856957e-05,14128012384.08786
5007600.009966218,1.235873941393312e-05,9367999269.133768
5116446.605325847,1.168675676636083e-05,9935104573.971506
4896953.090660444,1.245732761354986e-05,9112607956.965481
5102623.694857814,5.161420233391697e-06,17084963741.297
5226970.050773417,5.407157078750313e-06,16966959414.08484
5476528.996741446,5.671814366383027e-06,17219639401.55114
8551741.602962194,7.222073544852424e-06,22888287433.98759
9145246.82356135,6.806746570478093e-06,25462578277.45243
9530933.121470911,6.644837016321798e-06,26965751833.92203
6979714.634465779,7.122259565699108e-06,18854968104.29697
8182246.378025937,6.295565274282028e-06,23998424532.38329
8283056.56220301,6.526255176432076e-06,23718174497.41094
6927377.406121942,7.955966680488896e-06,17382285482.08728
7176420.363396187,8.24582304419156e-06,17582685020.381
6784275.786586937,8.578647188848528e-06,16189159031.60633
8611859.592746196,7.01563146448845e-06,23499164910.73338
8036216.839925089,7.430968587244975e-06,21103510095.32273
7448343.275577433,7.480383130498713e-06,19473489880.6208
10213064.9788554,5.859212676405009e-06,31424129334.0578
9406359.114969879,6.466593414448793e-06,27100118178.02436
9181554.227360539,6.307800736270067e-06,26894546563.50945
10870484.60024686,5.714303457518178e-06,34010005741.14249
10114927.38686211,6.26791067692633e-06,29754151515.68777
9717480.356201224,6.429834489159862e-06,28103072825.38446
9455943.61309734,6.730003559101701e-06,26527399499.71247
8853209.796750832,7.147420585143042e-06,23859858485.73374
8480716.428768193,7.30727382245684e-06,22521412267.84917
5935197.410196336,8.605504781586171e-06,14133539437.33041
6430392.293490085,8.921085125241134e-06,14949465986.81682
6254648.986126129,8.308688145228526e-06,15246891254.93995
6084589.301059561,8.355647626759666e-06,14776713680.05241
5838898.873052739,8.416007881791479e-06,14112161281.9496
6105010.349999079,7.911950487600833e-06,15375551325.37572
8518775.372620592,6.665038626460682e-06,24053339782.56824
8735364.410394231,6.824142123723757e-06,24280016913.35992
7563233.116392803,7.288830370629548e-06,20118808542.09849
6824136.511530331,9.66263765957989e-06,15042403814.93325
7225651.078420969,1.02823418181668e-05,15280900969.73361
6863139.938744279,9.840745444967834e-06,14945284576.86243
6178476.68150733,1.000485418493653e-05,13306818591.9488
6032479.941426168,1.06900650521208e-05,12431083620.08556
5877992.649821218,1.021323393606522e-05,12486867946.95589
5950822.801527474,8.894551521287913e-06,13862055979.90062
6157763.839654293,9.554851406977505e-06,13675411520.5831
5857790.187773071,9.766673127978418e-06,12820433498.01062
6498522.296529169,9.613185428856881e-06,14373738306.75232
6186668.367931015,1.053895815336634e-05,12870390278.36115
6334508.068516569,9.853998035055452e-06,13781756722.96132
10245447.83456417,4.956492005794176e-06,35243687333.57093
9307430.621755516,5.026264551106544e-06,31719980527.65737
9795928.681008494,4.557424186424396e-06,35636850300.32912
7171223.733569206,9.007882793597247e-06,16564491983.51394
6969212.429178516,8.869264606388452e-06,16265170790.91157
6985147.972921083,9.573617245561418e-06,15492621248.606
8445612.288393244,2.992191229947557e-06,40672878557.35147
8134877.661244598,3.088713267197439e-06,38355939978.97211
8080785.922472143,3.248460769427139e-06,36841320143.72853
7309316.900460208,4.637578882929817e-06,26283462962.75895
7122037.799812737,4.829989745912433e-06,24925285135.75692
7087356.311655889,5.004941420023934e-06,24222461150.51218
7876009.67385654,4.315350593535582e-06,29714072879.67262
7610018.097828754,4.441410197911339e-06,28164698032.73202
7838639.579883193,4.536596983461605e-06,28603591229.50183
7495942.245561923,4.312705513194215e-06,28291742441.80605
7223356.989338637,4.656687324760001e-06,25903256151.13102
7411954.902533346,4.464848726678096e-06,27335578470.26225
8987526.742407044,2.847930399742674e-06,44732236740.698
8751220.586608011,3.01898723485627e-06,41894895662.76055
10211418.43600052,2.603944961670259e-06,53950839357.04707
9367548.108122222,3.004292242949778e-06,44991569950.70357
10246112.25922331,2.927501584358575e-06,50068089200.63851
12281455.40132614,2.447619231034349e-06,67621883670.45647
11090597.3178386,2.476314274659836e-06,60592345330.44798
9566463.630633768,2.891609413612072e-06,47132991478.02353
12509065.53608517,2.334747776452915e-06,71077403467.77818
13455811.8227001,1.834289454939576e-06,89797585356.44962
12069137.65278927,2.211556298276512e-06,71101305398.6349
13547017.5757923,2.070328329394107e-06,83397086304.97537
9617961.101099243,2.304032566493019e-06,55134563511.58024
9203213.118890554,2.670227075112901e-06,47816085088.79173
10441237.68415054,2.424812511471689e-06,57849535034.89413
8027612.537634729,3.40515083669396e-06,35467357534.95418
8147441.254294603,3.54621441065356e-06,35035735919.7885
8162970.205929467,3.319177804938951e-06,36685507624.96188
8020483.394079837,4.273912814470808e-06,30454404019.23013
7982771.702492411,4.495442760310355e-06,29307047012.92418
8185993.824058859,4.276555688780862e-06,31070052815.12763
9931964.248280307,3.928452954279873e-06,39892149983.46669
10411762.17352904,4.205590327802744e-06,39961298883.17529
10660298.99537667,4.103514029881778e-06,41590943322.08382
8004525.287971566,3.911730578042038e-06,32242073055.69889
8217213.766857722,4.06439538117667e-06,32264674316.55317
8153607.72870708,3.796421332392049e-06,33504273889.52527
10459642.6900492,4.444141904840519e-06,38695301692.18302
10262321.90442324,4.546042335748792e-06,37395841990.59213
10563030.45627847,4.679494313948708e-06,37756284454.35198
8311067.222206375,3.83225100368326e-06,33938097832.44864
8375283.304361338,4.09979331481879e-06,32695767106.49052
8637641.673446802,4.053938210892079e-06,33973771931.95932
9375418.566529274,4.792525666517382e-06,32982307344.92715
9276386.919123426,5.019368332874451e-06,31643133042.87974
9708010.250349408,4.985022406185572e-06,33267396655.947
16460964.52221767,1.931855164248302e-06,106122035158.5514
12523857.13278503,2.15008724235572e-06,75179722186.2159
15298595.52962974,1.84070575088689e-06,101858040372.6876
18965656.73168531,1.629823096923542e-06,136943337200.188
18158032.53641394,1.801062237405625e-06,122663770352.9453
16936145.02549147,1.711442741539932e-06,118369454999.2767
16160766.83226506,2.210099380642948e-06,95247611924.07571
13159203.98346457,2.53870997394052e-06,70711094507.92549
12628850.43720826,2.693645521861851e-06,65233426523.2451
15642092.36434053,2.13015383954598e-06,94483114300.33774
12267718.4094455,2.637458514941712e-06,64264831604.46252
11810929.57306323,2.348046166418121e-06,66856913853.37334
8569432.003573587,3.306114529659056e-06,38613583482.75179
8828905.593514396,3.655489577889507e-06,37205730817.1002
9410593.525634352,3.22947085937547e-06,43072105485.46143
10912227.43892554,4.070701061065919e-06,42802315997.85659
10969306.19162899,4.193483321995916e-06,42182198649.13069
10614613.32756487,3.774919659421699e-06,43782346741.1898
7110840.455848716,4.697700991642159e-06,25351131864.0872
6471087.927005642,5.038909319371842e-06,22016736210.36197
6406513.757840778,4.557173403628683e-06,23307269275.14211
6980743.470709287,3.908402482965347e-06,28134259685.63209
7242476.73469856,4.415300521537614e-06,26909993718.02353
6531491.48365783,4.274233060044516e-06,24799346242.31607
7364518.851894929,6.215003375390485e-06,21786299299.59165
7988550.121319082,6.175481785544992e-06,23733078057.707
6947857.024040076,6.834341836836328e-06,19292406666.31175
6297278.087176688,5.641965156234182e-06,19870064292.02429
6796212.412267595,5.995566755597596e-06,20592707407.18964
5850559.27100019,6.27641111889826e-06,17194509631.43803
8533633.588398695,5.464643037449386e-06,27505916866.11874
8396909.978330221,5.833252797354739e-06,25912678011.27156
7756807.596440624,5.872510182375747e-06,23830537251.43311
9259085.409990499,4.484903511430376e-06,34045994204.92907
8784335.032047413,4.953840809661893e-06,30228332705.63965
8139437.25333007,4.666694641839893e-06,29146614926.95436
10173427.59384786,4.418860064593672e-06,37779870596.81407
10822476.5004985,4.471830413483172e-06,39872160416.64785
10631430.04727191,4.817912041849804e-06,37269403446.38122
10662009.35956002,4.180350570440288e-06,41086321184.31674
10017864.88459354,4.12743411178689e-06,38933346695.6223
10002464.58592531,3.65247550541934e-06,42174390443.63195
10411474.58441421,3.639547118505536e-06,44002837144.93797
10762785.08289352,4.058354496410445e-06,42301718890.24921
10100081.04305395,3.530295474042387e-06,43562970692.23732
11417269.12886903,4.812525800001218e-06,40054088944.46585
10974465.57114602,5.278570137456231e-06,36199773183.47105
10910232.57613827,5.057984031170975e-06,37026759572.03242
11554308.06341616,4.850014185121646e-06,40325702028.12555
11451020.2671175,5.208113865323495e-06,38111601859.14083
11108828.79618073,5.316095305634069e-06,36470336311.13151
5150669.284134129,1.247576672176779e-05,9575295124.901224
5440641.225221321,1.309153232217914e-05,9794669052.881021
5743774.916684646,1.274656519321907e-05,10526127633.01198
5693358.140580253,1.266223774630292e-05,10480005926.33607
5741933.144973526,1.307623477575292e-05,10345138879.0598
5513341.446956903,1.288046331831955e-05,10033687394.22217
5732466.557571497,1.154831353393921e-05,11220076522.71803
6074596.276868331,1.114279722364144e-05,12176466214.66366
6043154.685733847,1.11729667432512e-05,12091626031.82815
5319639.144677463,1.232305308272722e-05,9970952031.748999
5830233.716858865,1.204673791058916e-05,11094463952.56561
5540708.191389274,1.195908355662034e-05,10594976828.61786
5118116.33911633,1.317594542375854e-05,9174638518.676317
5128424.625170046,1.274010889831097e-05,9401602459.554661
5276091.183970219,1.291591066509692e-05,9584341307.664228
5570043.567162677,1.26418579098941e-05,10264031801.70906
5837749.222251533,1.221741122120897e-05,11005065711.19022
5326818.126498574,1.249378658902222e-05,9893238525.886768
5163058.238914643,1.283994706837594e-05,9415965710.330271
5152715.186653053,1.327617609189129e-05,9190111946.661152
5417301.926479561,1.331613660074306e-05,9642675384.125673
6244661.580454228,1.31054836721264e-05,11234149654.54854
6416513.165010104,1.324341549876934e-05,11463020958.44223
6378217.570776404,1.242916628610282e-05,11886974490.46646
5900381.872771933,1.358323923841068e-05,10364409256.21067
6008846.007223163,1.330350095047528e-05,10702381902.05561
5718508.21627556,1.307692409184039e-05,10302572536.61936
6013515.175464559,1.383929599575065e-05,10432436401.76933
6170491.726496259,1.410193897633034e-05,10571433617.01738
6123009.4998326,1.355992433848771e-05,10767794429.2834
6452064.096401766,1.116387127564146e-05,12916815599.57104
6289838.41109638,1.08512237910391e-05,12832767960.32308
6268868.773384923,1.100156525911926e-05,12673197198.11719
6244562.142334385,1.16859033133496e-05,12126267173.7973
6428287.099168676,1.1495821271699e-05,12620268541.67192
6197064.714606717,1.182635631052942e-05,11938563078.86421
6300373.159471074,1.153446591547764e-05,12341499955.59213
6420949.82381578,1.121968282185969e-05,12811861142.2681
6484911.375963524,1.134408196756922e-05,12844715064.74381
5773354.255233944,1.242798430408099e-05,10760383323.41208
5524974.258187245,1.22034168030867e-05,10423397397.39188
6136918.635131461,1.258149894571441e-05,11344763366.51155
5119474.551738612,1.224093843866842e-05,9638635993.729172
5710830.401713747,1.251180407858898e-05,10596260813.68764
5312961.238481391,1.215202576882595e-05,10051653894.82672
5327183.954426785,1.120515381818778e-05,10638632624.60904
4974221.463681866,1.17876785699746e-05,9603722307.492834
4950645.725366945,1.119246114424903e-05,9894141532.748688
6135220.74450175,1.285492583911978e-05,11180223261.34031
6173659.858503482,1.323549616133864e-05,11033565575.37802
6345077.25515652,1.287319995660283e-05,11551700067.41457
5481824.082932916,1.030910810423756e-05,11572957688.20864
5574338.498553924,1.052299041085321e-05,11608262518.8426
5951888.338411512,1.058463053410974e-05,12346323138.00331
5033546.50251267,1.249414166725447e-05,9348382373.855919
5256976.072279141,1.282140944508159e-05,9596484231.58069
5320248.000550683,1.311030049850207e-05,9568784628.670065
5754726.8695804,8.401359389668168e-06,13924886817.8125
5400183.507381796,8.611836693468606e-06,12853201844.33193
5800351.544593761,8.351303845649501e-06,14091312920.88322
5232258.807671529,1.000165694416448e-05,11271314854.22829
5328967.554886664,9.870579039103209e-06,11581051398.31473
4940017.97879796,9.699102780575083e-06,10861942226.10087
4580991.505155954,9.767831398427989e-06,10025223188.74775
5041733.513090983,9.975890822267074e-06,10879579126.25119
4754939.946936993,9.67347446885028e-06,10473456738.54927
4955898.386155377,8.760489418119395e-06,11661922391.93871
4560471.943319734,9.463810131051113e-06,10192931583.02445
4734033.999390158,9.369600043112619e-06,10651661034.56466
4747642.70624595,9.643537904438738e-06,10479014304.98564
4775229.210549004,9.864832096549289e-06,10381682846.20046
4528214.522295318,9.739641148553275e-06,9928836427.152033
5723492.705967718,1.066504708175864e-05,11812793597.07869
6085317.48380889,1.087684620241533e-05,12395990919.12464
6105978.105522554,1.07266498151413e-05,12553914721.87775
5502043.942440309,1.019135002119425e-05,11704950358.12779
5710872.526749476,1.041054477339224e-05,11978069503.76581
5157138.453506275,1.010847272865658e-05,11031090016.2155
6286808.504441711,1.086498622607676e-05,12815752508.12901
6397869.100321855,1.112878829897108e-05,12835223326.12625
6383002.816976679,1.155909158977741e-05,12485594694.1414
5483960.188476807,1.019423451703912e-05,11664278482.75124
5954114.136897523,1.046935437672557e-05,12441437300.68368
5582957.209012208,1.006292695396518e-05,11977920301.45622
6144971.658230631,1.118685936935136e-05,12285167960.88592
5800837.189511884,1.159242431390463e-05,11325077004.92192
6326360.723662625,1.134929120690776e-05,12526837921.94851
6036521.125520849,1.096716277041246e-05,12228988372.66345
6067945.477621488,1.093702071518572e-05,12315223938.47033
5706645.446649019,1.072512830665684e-05,11733994845.13528
5516451.068877799,1.187853330443254e-05,10596226277.29782
5648180.665725462,1.181284378620537e-05,10889441494.81767
5376094.123899066,1.215374256404419e-05,10170137898.89936
6310113.055620465,1.151358380128016e-05,12375519994.65483
5785279.430975277,1.175678787592861e-05,11189187515.22449
6081045.414990032,1.184429365629361e-05,11703222700.63785
5973646.807683278,1.128627692780908e-05,11872415115.86469
5798252.651824956,1.159603394744712e-05,11317681898.46376
5664774.245129157,1.166163192378862e-05,11015639645.87057
5917078.784760194,1.066185008395964e-05,12214779666.10719
5998724.809456304,1.089835077391847e-05,12203519081.4952
5669898.003954954,1.065636450140175e-05,11708534366.14982
5146167.68306466,1.017961818408952e-05,10956275409.02896
5699327.486258891,1.048189820251644e-05,11899544041.57879
5456786.494929312,1.047651373676883e-05,11397049569.52962
5829945.339909484,1.05321333174228e-05,12133523000.21182
5847850.96055743,1.08204511467549e-05,11953618279.63613
5919391.645941151,1.062142902162389e-05,12250536475.39955
5660098.751661994,1.026238250665879e-05,11985565871.39915
5782792.597623018,1.039256071417904e-05,12142904222.19098
5871877.826997162,1.048186065991549e-05,12259838694.68879
4729798.248974786,9.82605394317703e-06,10309949075.77865
5252852.799245149,1.004508598073568e-05,11283039930.60831
4915976.165965486,9.962627915161141e-06,10617619597.15609
4684781.899893501,9.813649892355154e-06,10220426129.98998
4733684.1446106,9.914621775298583e-06,10256877657.64874
5205406.797103061,1.003312867531691e-05,11190008594.29333
4705730.304581853,1.006133153743019e-05,10096946611.83922
4464995.995279374,1.026875587212925e-05,9450958459.449623
5293450.655624704,1.03097566066433e-05,11174804328.16068
6028834.539332131,1.207794576588382e-05,11452614649.78676
5756731.796056059,1.250211335927176e-05,10686948290.41013
6075684.069914666,1.193691722884521e-05,11632339292.53576
5746794.698422262,1.458062049544977e-05,9628863088.678158
5833118.428224715,1.505446367122715e-05,9567326647.423656
6077364.754945612,1.498761895699846e-05,9997548986.648703
6062396.354240776,1.030709022202881e-05,12800303734.63029
5966560.678747359,9.921995347273541e-06,12921850604.12771
5699772.261598033,9.976252461116325e-06,12299266621.43294
8843314.64261605,5.161952119750058e-06,29607774388.83758
8550359.226338398,5.108945541024232e-06,28824614797.7662
8374504.318003657,5.381500853155196e-06,27270315879.73189
8228034.77336729,6.184982132978039e-06,24419521639.70373
8769602.146228801,5.804981714541588e-06,27150593049.23365
7893144.923634899,6.069737061910618e-06,23721209263.65177
9411300.094965694,5.765749481949255e-06,29269307191.12891
9400194.829369837,6.255565816965991e-06,27688055472.05299
9885488.521335106,5.810125653012319e-06,30587298377.83458
6461342.451892794,6.758504680913437e-06,18075445638.94478
6378323.888562313,7.077065082868413e-06,17303652138.25745
7059665.597016784,6.438891262391285e-06,20397490327.82135
6189210.384817465,7.932537130309827e-06,15560629771.65519
7149914.53390112,7.645367848230107e-06,18423349598.91398
7355524.456444149,7.311282383382402e-06,19526209224.80901
10217207.19957047,6.092260047458253e-06,30629970520.06008
10768625.70880094,5.537320473354689e-06,34405444742.66879
10323157.56875979,5.731362588950599e-06,32233487754.13463
9875708.703468766,4.8903198972651e-06,34277575172.58733
9940780.167644653,4.63974972099718e-06,35734751548.71833
9540231.758512465,4.697418576562015e-06,34013611825.40942
10055968.89523578,4.948933582057682e-06,34627103983.2597
10258757.46445439,4.931095526845886e-06,35410534740.08271
10121630.57428939,4.697876538338651e-06,36084117026.912
9349117.073260015,5.417372141609201e-06,30309456687.87974
9701315.718463553,5.141736127991746e-06,32565477342.35224
9269842.926425034,5.17539053629349e-06,30982059979.67318
9532088.44348719,5.511767533426929e-06,30548798584.69028
10009272.85486553,5.554720864321504e-06,31912515243.18373
9887685.118575135,5.236178644068106e-06,32790773206.55354
11196706.40971158,5.163315052998715e-06,37480427894.94369
11408658.96708152,5.16512563996723e-06,38181003457.547
11253884.21479633,4.788082003452045e-06,39615157729.91183
5863835.260814821,7.691081302184348e-06,15049549248.35717
5382459.199273586,8.154661801672861e-06,13285465529.63947
5564476.112584334,8.110611913198475e-06,13784421195.67521
7133925.014482522,7.267224501955572e-06,19014408601.23246
6296424.621455776,7.469062774473948e-06,16478459242.56548
5986077.644031635,7.88876322839446e-06,15105544966.76909
7695111.772771823,6.4860345481595e-06,22125618882.4851
7371363.274074839,6.370590320436516e-06,21450036207.75821
6674765.316627539,7.009198847604727e-06,18224561182.20854
7269052.406225021,6.031548101066031e-06,21937742582.2052
6679965.870660692,6.497308512041471e-06,19184563295.45786
7288104.914184168,6.177758268485522e-06,21646815156.53585
7892239.714798157,5.302732767487441e-06,25953769321.74925
7656580.864523443,5.661087079004683e-06,24104695526.15862
8006480.924941311,5.520036547075653e-06,25633842084.99675
6790569.1072599,6.000163039395762e-06,20565099057.95962
6559329.232017304,6.452679114198295e-06,18924861837.44693
7143185.119959133,5.987201754109363e-06,21664199345.70188
5430488.458526123,8.58071546833895e-06,12956565478.95105
5022252.416801671,9.233689076925534e-06,11410772287.1005
5558483.168044026,8.963655510355452e-06,12881492646.08381
5328123.317719288,8.467967568308029e-06,12824924305.65355
5150046.44792951,8.511811291207258e-06,12353684000.56965
4923828.743853694,9.12056999961715e-06,11279459400.49911
6789407.532202412,8.502439840006245e-06,16298069522.83364
7044478.382646289,8.039401781020413e-06,17553606220.11049
6226653.347588845,8.709165757679955e-06,14709694415.30077
10074873.9581966,5.138320874042807e-06,33834425558.15197
10197603.71808305,5.457776887460612e-06,32896847324.21276
10277852.10657277,5.121539945799295e-06,34591441033.15543
8043515.728759442,5.862617678606479e-06,24739155280.75145
8928063.490666896,5.597477681296497e-06,28320159150.69106
8850598.876522776,5.355817489254498e-06,28912710800.63683
8285896.032845658,6.330329675514348e-06,24213371254.47205
8121055.74543563,6.6514233990621e-06,22961632529.77224
8829333.987345077,5.950162310660206e-06,26889046573.79969
8295025.167998594,6.687656470914904e-06,23368727831.47339
8999825.589803206,6.474818334866263e-06,25906915065.90339
9010691.857231185,5.985444975805753e-06,27333411714.73886
6726889.794340329,7.154816720148456e-06,18116820050.00676
7591666.732472086,6.952701723813009e-06,20840176968.54518
7751071.191399317,6.63149249600058e-06,21959420281.73225
7776576.765865694,7.367920407704093e-06,20538017187.84737
8682972.678336607,6.821175077495186e-06,24141391742.92438
7990945.394295151,7.033343424434346e-06,21768254878.005
5999810.738978662,8.650341322178224e-06,14237991247.7369
6803064.223837077,7.9802950049187e-06,17035645999.45164
5866802.838584233,8.26708177927154e-06,14349386637.18226
7138799.60135068,8.335903730102896e-06,17364278009.33983
7618386.784755117,8.043426054560088e-06,18977352980.43113
7400291.512806346,7.872148136316045e-06,18700504477.73722
9055229.48170439,6.982325658705641e-06,24787499994.66455
9664688.75830424,6.565029083450387e-06,27565345251.3343
9285383.673774244,6.649235796186393e-06,26259434186.2026
4906180.483750094,9.232422098689137e-06,11148071684.66246
4780120.402199413,9.485616530667303e-06,10667478920.29539
4559934.101426608,9.581380471067436e-06,10108184858.78119
5219956.242754935,8.116794617285547e-06,12924402991.62017
5117766.1018334,8.714620722581318e-06,12085040393.87676
5167969.512243124,8.360551948123089e-06,12545750406.11061
5212000.158563943,7.870971122144753e-06,13172014726.1927
5271180.889250451,7.490999926966979e-06,13768333956.74148
4977140.415674305,8.354041886085309e-06,12088770357.8621
4657871.124076677,9.377162251973594e-06,10474657895.20203
4600474.456995818,9.750357008596147e-06,10079885803.80691
4552266.995703554,9.649867154886028e-06,10043386351.56684
5392858.787688703,7.844417065683126e-06,13659829057.94373
5340015.94643766,8.088033254060781e-06,13252991979.20438
5819531.029808596,7.624557388625279e-06,15022592833.0863
4702316.259300243,9.939218357084395e-06,10172093578.44889
5258821.365197712,1.036113802958607e-05,11064966730.52974
5168974.437359405,1.01477984540333e-05,11027824068.84228
4754545.115005607,9.277995363682787e-06,10768111369.0257
4602634.110029434,9.578816803135554e-06,10204660016.22886
4758697.97161635,9.494194911343475e-06,10613274071.03165
5345251.521680661,1.246259228640814e-05,9944032940.617344
5593284.638672064,1.250900144178437e-05,10379708548.45005
5414869.821068686,1.27270307859057e-05,9933522743.111115
5976585.465582976,1.073001863591239e-05,12285310862.31233
5904698.945914223,1.09290732568712e-05,11989715236.39356
6058639.607737219,1.096657432951538e-05,12274235792.64692
5154360.008990604,1.107409810386974e-05,10374547682.76689
5140942.38223799,1.125533196369401e-05,10236163105.88906
5395487.803137241,1.152369758032799e-05,10575546362.29361
5680622.254317683,1.131778327519443e-05,11269076539.35713
5286926.757248575,1.108969042306066e-05,10631397232.66101
5531100.474140448,1.153932152028639e-05,10831568854.16635
5761244.148457294,1.16321285889469e-05,11222169319.40553
5801534.337945605,1.14534180612031e-05,11417897105.14746
5650419.094954221,1.167491119440732e-05,10979391476.5395
5805934.946729176,1.150214225494038e-05,11394265699.16719
5828493.909338248,1.115487305965593e-05,11674723186.05057
5846380.830999853,1.132341680332527e-05,11594057218.64479
4426833.41569383,1.035989165915648e-05,9315146805.944626
4882943.503997634,1.019697327362771e-05,10384067730.1147
4906372.72363528,1.062965494324315e-05,10148793737.70361
6288634.864882528,9.997313963498262e-06,13550879758.33373
6647795.171679845,1.055167852099986e-05,13818575075.20578
6742250.052480071,1.010836447639531e-05,14421737733.52687
6111002.231068688,1.053594018800228e-05,12715406379.39493
6098631.910585247,1.046047120760354e-05,12750628416.59745
5734909.027589603,1.012947202096687e-05,12249978514.5022
6394741.691537584,1.132162211376863e-05,12682861100.99788
6274412.522677255,1.163612648575959e-05,12218956344.29849
6379879.044221085,1.17516133022312e-05,12342812081.33066
6271612.459592564,1.073451657182896e-05,12888159051.94369
6369897.034713877,1.092274590094846e-05,12939312206.2234
6259080.552325765,1.065873257221743e-05,12923302106.40444
6329578.250018065,1.086389695422159e-05,12903801733.31727
6492312.350234857,1.117635807650152e-05,12987708546.54055
6428314.219674991,1.10520748610143e-05,12955908888.76587
6649609.693148847,9.108677631906184e-06,15246117642.12862
6736163.676380843,9.494812125481208e-06,15022943965.05302
6685123.880321727,9.359451494941761e-06,15052519351.07191
6720866.743353563,7.998305128023707e-06,16804540404.24883
6579925.463638848,8.621077194691978e-06,15649961906.90429
6354298.395563595,8.414981585609053e-06,15359090238.14585
6875305.359213533,9.131062195372882e-06,15737815792.36457
6783638.864477157,9.437588911259058e-06,15189915184.00447
6696779.424454799,9.051667951406795e-06,15418670179.05424
7832301.098779845,7.817876194781172e-06,19883683841.33609
7523580.898070661,8.272668589193294e-06,18393350390.64465
7506838.260407229,8.157196318890782e-06,18525208974.737
7205748.709454627,9.187080124153974e-06,16427095297.68954
7019222.626789393,9.753192570227462e-06,15376511507.64087
7105853.124963335,9.587085248102578e-06,15745574114.05247
7120096.428170957,8.536901605283399e-06,17045864223.23572
7324267.265924205,8.675958487539235e-06,17346793421.95121
7599065.174407596,8.245037981032778e-06,18619373431.43394
8844528.800874757,6.860318781812231e-06,24496939859.19733
7929508.231923211,7.407168597358855e-06,20867868966.42567
8619939.419713644,7.192188749091233e-06,23134679967.72245
6005165.331519638,9.061437456909498e-06,13816357767.60925
6125694.107897013,9.448456262436651e-06,13706126467.48447
6558038.468008529,8.854661503435357e-06,15322371366.63755
7467009.328497443,1.113761935291522e-05,14972182533.75965
7571877.877999549,1.160247258049576e-05,14774174822.8797
7776012.438663182,1.166619854752723e-05,15117177218.55046
6956687.622536149,1.00393959345204e-05,14948494215.22878
7231764.305551338,1.060860252816738e-05,14978631781.42363
7213289.906115239,1.05867347423989e-05,14960933732.3896
7110580.775432142,9.909744709737529e-06,15412157196.93892
7023921.375285121,1.007592438424583e-05,15056465790.91316
7224801.183040018,1.047970623108548e-05,15086662026.23413
7295120.432588689,8.760457647244334e-06,17166480703.57919
7132700.626935967,9.361801210325442e-06,16057615439.82645
7064651.248491951,9.057582875673281e-06,16258576413.54708
7327606.991921432,8.407078775183231e-06,17722789959.5986
7344148.662724224,8.522719783454804e-06,17601755592.54826
7112900.114862869,8.818837598015704e-06,16663739970.09612
7690402.577946832,8.224559188136215e-06,18874436214.6773
7413942.966703676,8.654993112590571e-06,17587526159.08517
7477053.483645536,8.453478841225909e-06,18018010701.94154
6963006.854673401,1.027914551558875e-05,14728509977.39558
6867012.68307275,1.072284161161154e-05,14121947376.99209
7163019.860643736,1.06833149744311e-05,14766995190.56609
6314132.339837071,9.614510363704406e-06,13964612815.09585
6768650.201334399,9.725601827303092e-06,14855630216.0827
6752963.696698103,9.020824057992437e-06,15583449814.62782
5629942.088280093,9.718953045550426e-06,12362062593.62309
5895109.950021606,9.664651955826315e-06,12992750447.87732
5776882.790377732,9.277745588082392e-06,13083740340.84697
6270736.921993503,1.047372046341776e-05,13099395719.9545
6529158.291773362,1.064298701305582e-05,13494232115.38565
6173261.905534511,1.008864599662575e-05,13221866886.20094
6906393.886437879,1.127345719444125e-05,13736621443.2669
7020606.255642912,1.201814599481277e-05,13380827327.54926
7306245.874514452,1.169952063879069e-05,14176931404.72073
5943511.18680789,9.018746975121857e-06,13717625724.81535
6128260.015763306,8.885331498528042e-06,14285258166.68318
6467992.915705719,8.865325333863523e-06,15099865669.64448
5018485.998266147,9.386819996742944e-06,11277869291.82907
5161379.349475825,9.319421286788863e-06,11654844500.20881
5459668.000678094,9.210069022680034e-06,12425798623.6196
4724845.320284822,9.29639060719214e-06,10686726295.52387
4763546.474431425,9.16015498580988e-06,10880825835.50594
4957432.691805681,9.018319968956723e-06,11442117407.8947
4733494.852607155,9.620333298245024e-06,10464580668.17848
4718462.457424592,9.468796492561013e-06,10542347210.09936
4955437.060674244,9.417799329395428e-06,11111746958.0138
4847990.02346078,9.491038216017112e-06,10814818518.87844
4765763.512561549,9.626062791699485e-06,10531737543.58057
4988452.284808059,9.423240496785633e-06,11181471788.22056
4814094.464214776,1.000946846196498e-05,10365110369.97436
4361290.442051874,1.017242884462541e-05,9289633263.02878
4633247.321942462,9.879734773877321e-06,10062872254.0053
4613042.550028879,9.724865744907662e-06,10125078154.84915
4796930.512083079,9.861165742657359e-06,10431447784.02712
4769281.303924237,9.639809590625407e-06,10529489160.82776
4984799.818170554,8.981397481328966e-06,11536793285.69169
4657743.847846601,9.450456446792963e-06,10420144564.80953
4810554.240605216,9.14985485340492e-06,10996445157.99491
4942999.658896,1.003163160737421e-05,10626971855.61728
5544924.175038661,1.027999940306974e-05,11728259106.95625
5424793.931526417,1.014985409576432e-05,11572043193.24012
4287846.8794493,1.010681619374292e-05,9172682398.804338
4523820.605057916,9.899483914046536e-06,9812138540.721302
4542788.821564859,9.662415468301274e-06,10013796084.94371
5873275.192806553,1.111119855563296e-05,11795229931.28144
5850629.650041505,1.145846642509883e-05,11511138431.85332
6026808.324911349,1.114870617470371e-05,12076406771.47965
4657462.766774451,1.044773814486013e-05,9745434470.058937
5520229.738658793,1.077703575601015e-05,11314210901.04151
5502833.311231986,1.048867358534892e-05,11484338307.98318
4553075.727119857,1.058020611050971e-05,9447323526.129148
5039230.066809707,1.084989648088569e-05,10282067648.03608
5423760.030796449,1.107801548279158e-05,10914214574.57483
8095899.315357266,8.592067288869802e-06,19298933903.90406
8635225.776069118,8.516857789744115e-06,20705581570.41874
8437167.785873087,8.569637611775467e-06,20147525513.0703
5212875.828131625,1.534983694451824e-05,8439982297.840918
4350535.894797595,1.553974990310296e-05,6986292097.446231
5605300.394141181,1.593692359062446e-05,8851072502.849947
6581608.27989041,1.596120864719287e-05,10382171074.73927
5774841.516380291,1.545613934490558e-05,9306921561.803394
6187503.208239107,1.604110960278488e-05,9728050870.929356
5414712.203596691,1.464089103557204e-05,9047537104.514578
5239826.657795727,1.447465764370659e-05,8822223441.526779
5362500.185208079,1.487837642451103e-05,8864691480.872656
7081532.7627002,1.928672260736308e-05,9846645724.466169
7801429.99295802,1.876041019181626e-05,11049585728.20152
7421760.406513291,1.857972869055244e-05,10579878610.60364
5580396.656435812,2.029783338483473e-05,7499493752.143375
6413606.847841778,1.980346496330828e-05,8762100121.289282
6310564.551139443,1.963217284843858e-05,8671401611.219187
5219332.859132137,2.080931234374375e-05,6898846923.190781
5049689.821541422,2.146124015696555e-05,6538751399.536598
5802993.098456578,2.054409640696095e-05,7736194103.389248
6159450.708671491,2.02355268780364e-05,8294667335.318029
5776820.974117098,1.95674581346751e-05,7955472275.81496
6602457.795549435,1.975416711792333e-05,9035103906.021564
4270943.886576225,2.227580995300873e-05,5394711150.450576
4507592.785298955,2.18292305547147e-05,5771017481.938965
4043189.182772254,2.25600071475104e-05,5064049094.46811
4453224.371374591,2.354445296673634e-05,5421034537.74437
4257683.557453393,2.270325269293914e-05,5310246218.891546
4030287.539695369,2.299083899753664e-05,4984628754.490266
5161256.082354463,2.170529273613863e-05,6633025130.285046
5137039.992728561,2.061302695214557e-05,6833110324.564927
4611839.76786139,2.185953776913445e-05,5899024868.393315
5441988.975892118,2.146323610065569e-05,7046295556.948044
5718739.671002591,2.089224872890808e-05,7538938524.714582
5417122.256998483,2.037456552134965e-05,7261779642.994793
5508360.048084419,1.509435896093968e-05,9018740075.227852
5828342.083337628,1.534640095439008e-05,9437870342.939219
5561275.676718036,1.485939683838184e-05,9201111702.30315
7451627.505857562,1.715344019566579e-05,11203412208.33099
7756048.258131817,1.704049936371935e-05,11712572468.50264
6742878.790242409,1.659784639838435e-05,10362809759.18349
6189466.037387441,1.617084230458907e-05,9679020795.003128
6186146.898681738,1.580118934592883e-05,9824121173.457256
6668607.740852948,1.605304514577994e-05,10479250471.45752
5354593.820763195,1.709818620198208e-05,8067887572.491519
5166660.494473839,1.709285779591643e-05,7786341933.12729
4930429.551546604,1.644988298029708e-05,7622712659.178768
7083962.744408892,1.743577597549025e-05,10535344667.89382
7401815.307278164,1.799924047510856e-05,10777105261.42091
6821221.744709065,1.811118286561837e-05,9890789461.643999
6844704.166423989,1.629175660170809e-05,10650649028.22616
6878512.15403466,1.67534772793123e-05,10505688873.05319
6359160.247331059,1.640835611816764e-05,9848189278.902128
8103748.795932171,1.743742165822569e-05,12051223025.56773
7792511.766592399,1.755029692157328e-05,11538636386.96703
8086436.059243513,1.818549308320912e-05,11693390042.2832
7206512.091683632,1.643093328794315e-05,11150225008.84044
7810696.619014649,1.695404135194454e-05,11835163917.99471
7241201.024333847,1.688896276326842e-05,11000403579.95208
7056170.07926648,1.630435284546339e-05,10974043146.68664
6647888.471070128,1.638468556346198e-05,10305244905.84923
7654146.64950939,1.682939204192535e-05,11655148926.14865
5385452.636251251,1.862915975771597e-05,7663491840.50447
5281167.600243703,1.763629813490667e-05,7794561039.480933
5471153.569020386,1.764509670117979e-05,8072279855.312031
4183817.841071272,2.243214575556405e-05,5260078458.927942
4656011.16157445,2.169671745122308e-05,5985282550.174195
4863375.366499128,2.175732639784729e-05,6240232524.526638
5393841.184724896,1.95242049409027e-05,7439023258.502049
5606780.963951912,1.885586228514574e-05,7914363474.02449
5434949.311104675,1.92471261695671e-05,7567485006.996948
5883560.844188272,1.82600104387331e-05,8484760110.768648
6255164.707050228,1.82434741727185e-05,9026105089.313517
5960603.276066241,1.754303770475318e-05,8828501991.038288
5413607.252992993,1.882432193207246e-05,7650218705.417304
5585103.826016688,1.843366174250121e-05,8003688449.903626
5309048.645529327,1.783474410049651e-05,7777477854.197825
5552173.163760939,1.954473157359364e-05,7652027623.62389
6084410.785062377,1.932733859049981e-05,8448322633.589236
5768185.645478938,1.887787283871956e-05,8135867339.606236
7621936.406770153,8.820748988025262e-06,17853704616.61398
7681174.923333685,8.805205945477873e-06,18013632981.33827
8143488.058121157,8.736377071258785e-06,19198010149.20011
7359040.182083617,1.947190931202934e-05,10167530459.84908
7204323.684351886,1.936317213277715e-05,9990998174.035116
6952127.604966892,1.896923354347497e-05,9774274823.39603
6010817.476994288,1.841834128139534e-05,8618529977.01079
5607472.888207714,1.838727006115336e-05,8049254874.93722
4426279.016498109,1.769181523036781e-05,6519143238.195542
7271884.758913426,2.025759580028914e-05,9785620897.673157
7285009.868826765,1.968517359111803e-05,9992419199.430668
7440585.753123499,1.979382529431643e-05,10168431589.41415
5801911.49368017,2.315455103752282e-05,7141896023.362993
6073648.803453129,2.362244588411887e-05,7377339461.853091
6286452.918962909,2.290242063919842e-05,7795035117.465891
5282989.26429335,2.273124104859119e-05,6583613037.010489
4699835.863647332,2.381506976289386e-05,5677817803.532744
5325209.023051822,2.316353671875534e-05,6553401039.55765
5831093.140008094,2.261858225738784e-05,7290764305.608202
6251503.978627325,2.207629975876394e-05,7943897959.823697
6258533.734862324,2.174366735952747e-05,8033733122.218762
6959457.797031875,2.071915781927318e-05,9225586954.39933
7124516.004768578,2.025440804593227e-05,9588315805.329699
6075320.391960463,2.153001329244011e-05,7850060204.036514
5470017.09182996,2.277237592917444e-05,6808474056.880188
6075048.216401027,2.30013936533606e-05,7511274415.864276
5615361.658698694,2.322679038088991e-05,6897921780.444343
4668631.292657164,2.222943597683952e-05,5905236303.078174
4900006.715236004,2.250952882192033e-05,6146375263.811451
4192996.29123358,2.268758743811749e-05,5231974285.588934
4978485.299361779,2.198582991091979e-05,6343593126.379152
5428351.275188006,2.171239371795009e-05,6974763292.336972
5217324.148928656,2.226512334347113e-05,6592210749.617464
6818869.729691738,2.072461464326016e-05,9037634028.513849
6421871.471535797,2.109392114042856e-05,8411821801.542665
6080884.219431565,2.072089802838453e-05,8060482117.785867
6211983.59840383,2.219150463734733e-05,7866335540.783062
6277100.527426898,2.247854156591513e-05,7880981905.71056
5623914.04690608,2.245930687889099e-05,7064928565.601107
6365923.747608664,1.742365036175019e-05,9471861386.765369
5593784.149870552,1.708163568333768e-05,8433724318.224958
5869130.110765695,1.695933070782399e-05,8891354609.233843
7093631.454262334,1.852515583582907e-05,10131973405.68014
6702937.955286114,1.894144657728307e-05,9433143413.633026
6843492.269296823,1.810932386935053e-05,9923760865.882153
6449430.113782428,1.781486347271765e-05,9455104696.353979
7027957.94612556,1.824370124731517e-05,10141149527.05903
6778989.775576927,1.782758662281815e-05,9933522397.400728
6297074.134168457,1.796788166930899e-05,9179257513.444382
6165024.296797305,1.843817120774996e-05,8833298304.064217
6868875.403688116,1.839594868713472e-05,9856835582.319296
6927561.034040747,1.797357355702329e-05,10096187447.83125
5844149.251303402,1.733602699381517e-05,8724788655.309334
6632827.04745478,1.767600011492235e-05,9774832916.581299
8870081.715084655,5.141804922071299e-06,29774916825.66891
8871478.246028772,5.28435331963557e-06,29241619856.89153
8994195.13748672,5.247997222005308e-06,29782871984.4861
5686153.592763886,7.395855482475342e-06,14979350251.04651
5820558.11568781,7.577666976974952e-06,15087164299.05413
5983110.393478598,7.5220725005556e-06,15584827727.85567
6671912.261274844,7.973063759792625e-06,16717326903.91142
6575438.1243891,7.873309397886513e-06,16614469667.05497
6435683.007670446,7.943889272130138e-06,16164881424.81017
6141942.963680062,7.346646652802674e-06,16252231911.69521
5811656.222228378,7.277296669203406e-06,15475803137.21476
6073347.947983314,7.451881057130235e-06,15919064905.16014
6147233.000766607,7.004367982349933e-06,16791920594.01485
5999600.922491394,7.109785310558077e-06,16226245357.79844
6194185.496418851,7.079635657915115e-06,16800038164.42983
5963667.091802456,6.943053785529328e-06,16386254870.19535
5473796.734341284,6.834854699393307e-06,15198561150.78144
5818269.478224152,7.048319155545102e-06,15827176954.7176
5679160.299289323,7.046377796191421e-06,15451601920.68778
5338893.67914795,6.833242499276415e-06,14826320477.51692
5410377.833969787,6.935891986749226e-06,14876224177.0072
5593620.703786801,6.958308559171932e-06,15347014094.16203
5442559.939596291,6.931820597850653e-06,14970570283.84587
5584514.648453641,6.90037309517889e-06,15407672984.8716
5577377.071090903,7.117759532449178e-06,15073049747.59481
5440797.949711981,6.986044800733632e-06,14888182619.82513
5591834.426872696,7.012604271843423e-06,15262818821.89286
6143287.651920167,6.732050753568906e-06,17230687132.42559
5551814.319263625,6.755981360681452e-06,15534930126.55259
6045088.835709755,6.86398927726547e-06,16737282888.01725
6587776.461871766,6.826040241223491e-06,18307384013.30202
6406847.073417533,6.749559294264917e-06,17938828581.12878
6306555.517843897,6.88163250074011e-06,17431358668.93174
7240352.981841472,6.384339330612917e-06,21038548080.69673
7285329.98973417,6.237357773949673e-06,21500511439.49375
6726603.887631845,6.532450538565697e-06,19249159327.62614
6490861.915293656,6.283197783440446e-06,19062588942.36135
7280118.142063079,6.033559069661666e-06,21966256363.02779
6938825.34365175,5.906101535059559e-06,21236617755.95166
5413203.61322194,6.633593438710968e-06,15332811473.80215
5858113.258752409,6.51540991207595e-06,16793063664.59955
5611639.58775085,6.467142351517408e-06,16166455952.43691
6510792.488477291,6.550384608502687e-06,18597560780.89834
7060662.871858216,6.2552044444511e-06,20797819421.85242
6365596.439887827,6.456238935024194e-06,18359155733.20551
5479622.803535807,7.013947993216235e-06,14954628772.33417
5616685.34941036,7.145900666215386e-06,15139404002.71891
5750099.031587661,7.124845611030592e-06,15529531443.94431
5126740.176170181,6.716835150621463e-06,14401183408.85264
5273015.81237087,6.853562874941764e-06,14614416247.56743
5202447.970246362,6.751147234756513e-06,14564291383.47195
5648982.185560543,6.90133288026374e-06,15584093839.99095
5699360.852948594,6.93578349927296e-06,15670967247.50754
5658140.628797609,6.959304429170293e-06,15522554051.88982
5479243.995535686,7.270973920204838e-06,14599083160.64162
5388579.305311077,7.179356186068305e-06,14479401538.33404
5374772.933307508,7.292753759146922e-06,14292200108.93711
5686401.38075592,7.542967871225559e-06,14784591848.76542
5553563.916448181,7.361478975780551e-06,14675572666.23284
5448383.324704188,7.383779929045866e-06,14368623294.0486
5563213.874784552,7.198973645815397e-06,14921484565.17173
5435445.107464763,7.156185239912324e-06,14636842453.50381
5526501.569665289,7.247585647003592e-06,14756659631.37416
5613232.501276452,6.999453055049024e-06,15340409789.19954
5654289.116477022,6.975949725143195e-06,15487302572.17777
5470568.962790066,7.061950261443941e-06,14862187210.58776
6984299.654638073,5.64802961864673e-06,22022074139.7046
7213053.20319621,5.428211341760096e-06,23353284500.2136
6776969.489385544,5.59883671748984e-06,21493327804.45514
7476372.336895863,5.412864871193835e-06,24251547985.70543
7243447.44724097,5.632624692611893e-06,22880812228.55793
7826523.693106488,5.537271997527454e-06,25005660638.727
19453529.13299923,1.470948458695744e-06,150406554528.2774
20883877.77332547,1.559486905746813e-06,155294707258.971
18859678.79995023,1.466338781985511e-06,146120588039.8234
10011378.37363807,1.356482958810866e-06,81699170560.64136
15330606.47095476,1.388151866290232e-06,123197344881.455
10710347.72107507,1.230228970890683e-06,93285240907.54613
14757046.95815855,1.679286333712531e-06,104451886978.8804
14852553.67739733,1.914935141089525e-06,96315995539.59546
17365234.96180751,1.589590100689139e-06,127494239953.4911
6559210.964526406,1.490615988144784e-06,50266010309.97041
8397673.29913187,1.859459611403052e-06,55535132006.00299
7219030.031692157,1.400258837886722e-06,57677527317.05711
15603723.81940584,1.965764476821162e-06,99435302599.13792
17863348.31244765,1.884098356623405e-06,117100968232.5037
18176710.11943505,1.640483441193995e-06,130677468844.3151
10444987.89431895,2.09472556022611e-06,63800368369.48721
11302218.79236505,2.217328324375974e-06,66467657566.53917
12645329.90867043,1.838749219466709e-06,84252312522.71384
19219600.38341799,1.803267230193955e-06,129729166108.0569
20978222.71543559,1.642985203948855e-06,150665189979.1017
19544589.61039052,1.557777144054929e-06,145441943981.1922
10957373.32822811,2.824227376726719e-06,54841166812.6583
12233169.49592696,2.591603510381583e-06,64837553610.17209
13059031.42991788,2.344224927293792e-06,74002225500.99181
11884042.49155993,2.804839612680795e-06,59752879808.07309
10884025.28746581,3.274948734855258e-06,49353717563.8549
11380310.89836091,2.959878149138775e-06,55204130217.40271
14493429.09108139,2.156517814236996e-06,86829863183.13875
13622671.04857368,2.404612301074567e-06,75898331143.63341
16673944.78355097,2.075407650993077e-06,102479284220.0621
10235868.9616964,3.103453495198318e-06,48109172789.46436
10051288.23075712,3.461754348993233e-06,43922888816.50245
11470122.54318028,2.871213883070089e-06,56779429898.53649
7048881.407305399,9.445964020670056e-06,15774514897.18043
7116854.974918262,9.752030916976055e-06,15591625795.82674
7231125.563320798,1.032119095012843e-05,15254080274.69771
6555525.218778622,1.183125248393477e-05,12625648009.05297
6832917.362300697,1.20505749095099e-05,12999729749.17176
6720248.314628329,1.130681160564646e-05,13340083560.6143
6368860.198590262,1.353611056325167e-05,11213274502.36922
7164850.908814865,1.300250540503923e-05,12957537142.43469
6882845.247660712,1.273118435548763e-05,12623762068.20332
10581509.91642048,2.6190714812211e-06,55690708392.69573
9586452.463310366,2.903526312475916e-06,47102151574.52996
9097849.043135894,2.909703265754801e-06,44638157357.58029
7839862.054177171,3.426632442108327e-06,34492928879.17189
7930603.786453966,3.356854895797296e-06,35374030060.60503
7984191.360192278,3.197515818754394e-06,36786556473.79537
7681132.342141659,3.797802200329094e-06,31555157583.32607
7750759.395591282,3.607491639865093e-06,32951412299.68888
7786858.691562661,3.660115143714783e-06,32786807302.1071
7874143.432642263,3.752203036687664e-06,32609622234.03568
7903113.012116438,3.496232086120789e-06,34308207084.87944
7812529.143548575,3.565090359846949e-06,33476852788.62085
6889453.280452433,2.29267704035738e-06,39623804436.08101
5997115.792617601,1.981998138722603e-06,38007876486.43843
6519573.527343162,2.030432356461224e-06,40659325568.96315
8008363.557685706,2.680786421504249e-06,41498809430.20664
7604357.111868933,2.583674687782868e-06,40386599110.46136
8045486.350411658,2.738899893124234e-06,41099341442.69062
7870093.093764548,2.578003501492992e-06,41859194570.4977
7498343.032748041,2.326080802296506e-06,42711888414.10686
7469634.902364835,2.480081941925773e-06,40768245505.19144
6855765.017140239,5.321162578672811e-06,22493216918.10669
7540748.263033429,5.095763546287538e-06,25464877870.07784
7118027.204941906,5.472692893805448e-06,22920579389.73357
7673100.260247132,4.700899644482531e-06,27343255440.71129
7446923.675620218,4.605310405230717e-06,26903222140.67492
7222867.457937168,4.972668462689515e-06,24792289936.97779
8039803.810934716,4.535132454298163e-06,29343965315.79602
8922513.988322973,4.398720038205931e-06,33235561704.22623
8141217.348757073,4.723905248564277e-06,28917132884.07458
7541637.902135834,4.323660419634675e-06,28416110001.8961
7594545.373906911,4.508788545543417e-06,27826710454.86557
7268215.379132543,4.667695715292889e-06,26023123954.22009
8511872.290049952,4.16686478422057e-06,32871447379.18576
9018700.383472202,4.259548396987829e-06,34321657605.75748
8131121.517559108,4.395836206976807e-06,30300941083.28177
9386002.338246193,7.33678457250889e-06,24858608419.25384
9706901.444480887,6.985045354962466e-06,26564468638.34487
8968773.321414355,7.196354562641681e-06,24061609771.98809
9878626.790263234,7.079305549239006e-06,26793912829.79202
10666853.89827831,6.684150253307568e-06,30061146778.52485
10166682.44033273,7.064912634737058e-06,27612648296.37362
7400618.598049308,6.536928127643967e-06,21168278927.39875
8577866.738896186,6.360124263911783e-06,24988233816.56482
7882294.535902494,6.795131337595926e-06,21971215755.00921
10464115.79179993,5.477268974367398e-06,33676464495.35364
10504140.44130396,5.498537953900318e-06,33718043627.38634
10483286.86675041,5.28512381091498e-06,34551005680.75273
8432684.671306258,6.786783581396992e-06,23524651248.986
9151627.017273566,6.352502939209486e-06,26680977010.77407
9646441.60772006,6.505085432642575e-06,27682064103.66301
8691659.578964936,5.739350702544315e-06,27114037945.78354
9354753.65856518,5.575628671304624e-06,29751106810.57
9147919.280803522,5.957914299363675e-06,27835102351.57531
10741596.38548788,5.855903886173489e-06,33062792876.38787
10462512.9290063,5.619305116591481e-06,33101494205.97557
10240789.30173143,5.63867454223763e-06,32325760081.46746
5751508.45208541,7.904088282366209e-06,14494856075.66393
5686887.929350397,8.245749511795589e-06,13933318924.52159
5388417.871837712,8.075445131469207e-06,13387011016.5918
6158181.632823672,6.973509881239961e-06,16871416505.22504
5949456.99875204,7.459937635132444e-06,15583100277.29717
5900288.246351437,7.128523351188772e-06,15929672395.47486
5921381.75959913,7.813959631549146e-06,15037499274.07343
5937671.962371603,8.074901008803231e-06,14752243171.46807
5910011.808361005,7.817721300137621e-06,15003810121.40112
5760537.321429873,2.369655877516045e-05,6982422755.302318
5918901.101871278,2.409188230286115e-05,7095678476.187028
5940396.87988421,2.579168266602091e-05,6805013798.629955
7195783.757874269,1.226000801294461e-05,13533732901.51369
7583750.496280917,1.263096048308941e-05,13982766930.9973
6229890.219619156,1.339025670750706e-05,11048104966.22262
6163614.373760642,1.168103356200323e-05,11972401649.91225
6836636.444563978,1.202195681202696e-05,13027438856.13205
5896034.991952285,1.315489403544973e-05,10580393407.42233
7798111.271740768,1.150849262871913e-05,15298322030.93434
7855017.410900664,1.173809309861799e-05,15208350706.44555
7621366.762320582,1.103149546361037e-05,15379537232.53178
8157367.244258747,1.242831628639535e-05,15203438324.08129
8229763.599848857,1.200780808178356e-05,15694405458.43791
7957824.484614752,1.261598604409716e-05,14684084995.23626
8352009.52451782,1.107083510529653e-05,16813987728.44852
8114612.169095245,1.087545310036592e-05,16531142187.38427
8300518.620382448,1.138893444348502e-05,16397708664.03327
7704217.865743646,1.175941598709768e-05,14898345896.5451
8228755.369188904,1.139534324207624e-05,16249844546.25274
8105480.153754424,1.213504852837578e-05,15349152528.26724
7005570.535455672,1.004799404698353e-05,15044944756.28456
6125862.790691656,9.107015756160724e-06,14046987839.64443
6677353.185239214,9.679692355410057e-06,14701556306.77452
6765764.60603099,1.967715205314298e-05,9282722962.395548
6930982.903070449,1.956931019173441e-05,9544308811.045479
7040977.021463321,1.886889484295988e-05,9934254556.558178
6474922.201689179,2.36730586173731e-05,7853531179.521492
6618061.817775331,2.298712006439005e-05,8186050949.710839
6575328.345814552,2.260936385806908e-05,8223535077.347018
6073784.169764483,2.50555479365102e-05,7093437592.201995
6267144.46389002,2.441416761555301e-05,7446892611.918061
6083589.450602471,2.42416425770916e-05,7263041667.868011
6073729.713162335,2.537750129432117e-05,7033252713.335404
6083371.449903894,2.553070757770743e-05,7016207658.411024
6267089.147257982,2.473668338097296e-05,7381957812.446448
6367699.140113768,1.974628658718379e-05,8716167719.893587
6721053.758338751,1.968408425085636e-05,9219213919.419548
6574080.461702092,2.115961246554538e-05,8593364015.665987
5659947.672065049,1.482520071600201e-05,9378758680.296122
6047295.112509427,1.62810346951924e-05,9413977626.670803
5724918.562028177,1.578690098954833e-05,9097136746.492451
5907892.467440495,1.444392490271646e-05,9961141301.345131
6642020.5092624,1.445401575533157e-05,11193722332.84538
6412793.059533174,1.572506475710841e-05,10216895007.35432
4963675.738552705,1.326040267792279e-05,8859970196.759689
5325552.432185534,1.389831907022733e-05,9212761175.71456
5139883.983303382,1.418106647121423e-05,8772985020.209618
5105889.479434927,1.267644816031857e-05,9391602154.907118
5730728.873859748,1.184516254703412e-05,11028484713.48066
5472823.062131837,1.33145877996978e-05,9742257184.615801
5130016.630125455,1.202737031223823e-05,9772484369.938137
5390082.176245102,1.112885031518661e-05,10813389642.05523
5240178.524289932,1.135524833141508e-05,10372457372.29461
5178476.977749973,1.38705242893961e-05,8970296502.135286
5359357.515506888,1.373639119949572e-05,9343959817.054655
5464866.502467092,1.296194424453892e-05,9903745189.467924
5034584.464599942,1.613379485421396e-05,7885077103.285419
5041846.470278475,1.473924208058578e-05,8386991101.312757
5097844.226564965,1.492314516622926e-05,8410328997.046406
5166922.010204832,1.733386191904119e-05,7714391665.578462
5469384.373954769,1.842613388131979e-05,7839992200.266934
5341031.323084665,1.720579720205123e-05,8013863210.147333
9437653.854438128,1.155116502965492e-05,18469147607.91608
8417481.623956539,1.190552721254462e-05,16144196028.20023
8567751.277672267,1.281069967023531e-05,15648940904.24734
5146139.981794815,5.207993763804195e-06,17127788509.36707
5521608.147352342,5.719950049110389e-06,17263840911.71279
5404247.489352252,5.59595972812091e-06,17145579797.91298
6552646.66684221,1.308935196022691e-05,11797898442.14052
6790466.541614601,1.249472055031381e-05,12610972599.58575
6513946.358074935,1.227671325171904e-05,12240225996.64376
6966992.366376128,1.755565774997896e-05,10314161585.3354
7096068.447371732,1.76682025594472e-05,10460590863.09605
6946831.571588382,1.854868846160197e-05,9913902224.580303
6786446.569097594,1.82856928873854e-05,9777657489.354097
6889654.539191988,1.771058820223656e-05,10140097307.16046
6869606.036475725,1.870261706561275e-05,9749827013.936642
6634605.701337068,1.642681117751381e-05,10267064118.13083
6804229.478149052,1.566363493747638e-05,10868858053.96985
6845827.465023047,1.673142043838468e-05,10464956024.83094
5800569.213181538,1.492700356422871e-05,9568022520.937819
6300957.1917297,1.620872148379299e-05,9838012179.050989
6192619.824460386,1.638854030359961e-05,9598003480.371279
7088181.365125184,1.401267696417265e-05,12195157524.29987
7499410.076207796,1.34353934789643e-05,13269671608.24659
7023668.059900196,1.452149252118629e-05,11800211955.84909
6773596.259257717,1.966124005500363e-05,9298481608.406702
6085006.862690764,2.020681521740345e-05,8202177416.079552
6487225.550749497,1.958864020144903e-05,8927355000.886595
6674150.876947502,1.879176998178393e-05,9442439877.561779
6921298.939823567,1.918531126823142e-05,9657729581.760405
6248756.401951794,1.876107024639637e-05,8850242859.264818
6958125.264349612,2.041049603604009e-05,9316580408.552402
6212427.598605641,2.04051864057005e-05,8319571580.619668
6970964.227198534,1.983655360783563e-05,9512953500.038651
5671628.981007964,2.348220997127864e-05,6916427596.610755
5752753.703549406,2.420391243082563e-05,6875200987.033792
5940333.132692552,2.394541560452428e-05,7150381516.435396
6101587.24891644,2.178056158344705e-05,7823422359.57053
5636030.689598935,2.222227734741558e-05,7130406787.429623
5679635.565182589,2.265568646863046e-05,7093637414.826381
5631898.797621291,2.262669547800963e-05,7040023154.533409
6285536.076024871,2.264403875043198e-05,7853074733.792125
6245584.36505933,2.285525492829124e-05,7755010067.910916
6275832.934998062,2.146850673521502e-05,8124627944.189139
6268793.467272281,2.180255122010577e-05,8032407841.433375
5898030.091102008,2.151978171173266e-05,7623394763.165098
5830782.623707298,2.086029202431215e-05,7694491572.346424
6164780.638431876,2.123374973227965e-05,8039576365.831399
5790387.479778759,2.128358674774036e-05,7539532451.0339
6770368.307743112,2.099670128250043e-05,8895661496.860338
5898735.31552179,2.180788108614281e-05,7557008817.547793
6374805.667544508,2.13652628607071e-05,8279322310.442848
5849820.546680121,2.282209529748375e-05,7270632619.168437
6336318.372053318,2.256726658664933e-05,7934465650.394303
6270894.210304393,2.228269800411269e-05,7919254342.344627
7133531.035078459,2.020184631430786e-05,9617093677.904196
6995132.08934665,2.05076682119315e-05,9336520706.240099
6083645.415774035,2.147593627125704e-05,7874007467.150745
4845642.599369211,2.602676358375164e-05,5517443999.764154
4064944.112327985,2.601689919185365e-05,4629679100.092046
5407083.297904014,2.509401248142411e-05,6308357835.607841
4659924.437366535,2.206379542986745e-05,5923686410.768447
4184745.082181046,2.252422954468472e-05,5246895056.5501
4864375.075139043,2.185095055469027e-05,6223673938.168287
5818119.176176244,2.069156586196902e-05,7719462132.051715
5063800.665860759,2.160728637697972e-05,6527443422.741039
5276833.978039371,2.139244728436076e-05,6847516963.159815
6141275.066215128,2.016149847032609e-05,8290422776.487542
6370722.221758817,1.993621836868512e-05,8664832024.035948
5540399.372267839,2.042936069377969e-05,7413749149.611528
6583634.702352383,2.005669686409966e-05,8918519891.866077
6204933.428011325,2.030266649267028e-05,8337485135.022154
5645512.123829018,2.100557109311383e-05,7415612287.528962
7020137.870184745,1.948948388378936e-05,9693458362.713831
7348479.836825143,1.873665004577744e-05,10416845191.25224
6628900.940079783,1.973548126262762e-05,9077014896.588945
6143131.2139999,1.978390846579911e-05,8398113291.917813
5751898.07199438,2.04029656445455e-05,7703397634.713866
5423014.610535414,2.044689476325524e-05,7252524423.47103
5701663.446035584,2.171790809282124e-05,7324695660.138741
6066297.412180733,2.200160002896196e-05,7725990831.712081
5485337.039929786,2.226759132719825e-05,6930339167.682314
6223388.375989278,2.361212276020252e-05,7561423268.129728
6398340.745780877,2.310128002973964e-05,7888177389.579294
6438777.306645484,2.289078902882189e-05,7986617698.452718
5072452.524932249,2.402983529627533e-05,6091404805.587408
4869353.432385349,2.394513875636755e-05,5861287973.483096
5293386.920246223,2.366730153333491e-05,6421470285.976473
6046069.467792019,2.32734413838104e-05,7417075994.673236
5360448.368954543,2.38619503888274e-05,6467411457.393396
5587502.192104945,2.349963119391528e-05,6810468818.769792
5430032.52324665,2.473347392294753e-05,6396548316.518371
4084845.542749054,2.565722454873013e-05,4695723570.491831
4932839.855950001,2.458551740051287e-05,5834148081.072775
5781236.223610399,2.551418908695031e-05,6670620011.560202
5281865.295798903,2.584325643489219e-05,6042581218.502295
5865156.194335354,2.468478186360129e-05,6918204355.540648
4277868.364434736,2.413070134725801e-05,5122879259.923227
4219979.185361947,2.475677689516333e-05,4967992218.625752
3402475.963282524,2.481773431204253e-05,3999020636.194766
4468945.384059059,2.169494891096049e-05,5745122490.012767
4727632.824165034,2.181684078812821e-05,6055023473.436218
4166497.15023936,2.256332130912132e-05,5217979923.892673
3958450.663953193,2.697046039788754e-05,4401489428.241673
3609808.501327765,2.666613865951335e-05,4044306623.750031
3825563.676009922,2.739237888729852e-05,4209937047.193329
4277017.438412979,2.75607785645248e-05,4687558490.156651
4127487.66788996,2.719406408402265e-05,4564252967.424074
3991769.048218435,2.761565871686293e-05,4369131691.112084
4055724.101722817,2.602485735891106e-05,4618236454.144932
3956667.07205423,2.561698530685015e-05,4553138166.081878
4076436.459747146,2.648462441863913e-05,4587944245.917037
5518066.845415524,2.251485105989766e-05,6920554688.58561
5401713.851040625,2.234383788728035e-05,6809152482.425668
5412888.271858435,2.31469415809377e-05,6664485884.922973
4595753.721368804,2.423524822845276e-05,5487717747.466164
4793123.584113363,2.431877389611813e-05,5710281395.063486
4199119.058562391,2.482590220538229e-05,4934253921.481004
4509111.760653473,2.652049506869216e-05,5070334151.337938
4056410.010502553,2.70688749157062e-05,4499473610.206556
3757222.200352474,2.650974902383373e-05,4226003013.069439
5893998.685191999,2.448437293832184e-05,6990110546.278077
5309237.846640829,2.564412881592775e-05,6105298210.751199
5896203.323986986,2.471072203097616e-05,6949957695.045078
4025235.579611817,2.516294408236804e-05,4687597721.44968
3521108.037245335,2.575951214095272e-05,4036958282.75205
3227844.655102384,2.522558733699174e-05,3752768439.419403
3614622.435507823,2.6234492029663e-05,4093999954.873365
3963491.634565588,2.653916402125892e-05,4454713589.931256
3845405.568816865,2.566898794501536e-05,4419125345.689614
5404364.716878504,2.140482933520196e-05,7010303228.639959
4955515.281867485,2.167490052398616e-05,6374567796.973392
5123582.118387161,2.102657687290278e-05,6725552767.021416
5006448.160781693,2.343500864403243e-05,6113449253.904139
4498231.434444843,2.281605960710869e-05,5591753706.860641
4699158.973452028,2.365466494300228e-05,5702635372.843544
6086090.354956494,1.989905389712183e-05,8288007017.521851
6411668.918864242,1.947201202524875e-05,8858575054.223875
6581056.96825887,1.93969640487913e-05,9116045335.741598
6297210.476487424,2.03776500278406e-05,8440706704.821135
6040282.084002277,2.018296889668119e-05,8148303314.135955
6459483.51687738,1.991099071996547e-05,8792975863.925072
6105062.816325049,2.062512402920483e-05,8117564677.845975
6313713.208073969,2.048813162346179e-05,8432375680.773416
6476197.387517006,2.002017496149166e-05,8783646140.522274
5827101.939286225,2.095082331533323e-05,7667466481.782858
5369525.397049983,2.13190328126125e-05,6983785664.071277
6030987.487425585,2.081298519170166e-05,7970743688.510606
4850360.651124311,2.095514993626071e-05,6381363984.823798
5325959.765859282,2.030098946490771e-05,7156814225.75177
5520314.221629795,2.037694141956184e-05,7399535662.143217
3477273.214560966,2.360439903919493e-05,4225812109.137473
4147724.174467644,2.214205682688991e-05,5260147154.581055
3856542.345519864,2.300956709937526e-05,4767153531.073648
5437805.304879379,1.975996872971759e-05,7439883791.593465
5769924.493742879,1.979853843539539e-05,7884025904.845805
5960325.589437033,1.928686859667805e-05,8287601044.567446
4369766.05953586,1.442788126387721e-05,7373207917.185691
4533332.97995413,1.484566653141895e-05,7505007877.506197
4973416.966661802,1.453185058731886e-05,8351687883.715674
5702734.027255766,1.531800158755743e-05,9245882642.107712
5028200.448871115,1.497496784242923e-05,8276282700.665755
5438595.030686333,1.482954310451332e-05,9010209195.958614
5865910.623186305,1.570241650167267e-05,9354583294.692867
5869142.721605306,1.607491564959117e-05,9214579797.808245
5389061.43871897,1.565941932846125e-05,8609858862.316944
6180420.427862287,1.835242885417107e-05,8882918003.029709
5605763.251507976,1.880890365338388e-05,7926091793.673576
5693192.711634282,1.782488055267472e-05,8343305239.711136
6889399.403161803,1.959677990365062e-05,9478178566.407637
6650710.712630687,1.982359647886237e-05,9079872672.836924
7599701.449918267,1.907186216501331e-05,10646359620.97951
5772990.420592682,2.05329359825202e-05,7698984904.637366
5076224.377701052,2.094354045733675e-05,6680988800.087202
5402754.282865648,1.986741229064234e-05,7365253175.698496
5625236.41279754,2.10825054760917e-05,7370992423.556881
6120122.511022164,2.061419684512798e-05,8140464185.872952
6561737.623429347,2.013561396990134e-05,8865616540.498255
5256192.802120385,2.137546876285072e-05,6824343134.811553
5040527.286155261,2.131801333891624e-05,6556088644.320324
5734917.993086932,2.090986650369248e-05,7556018953.480367
5268832.984351286,1.295537488731173e-05,9551709576.938177
4776492.429723153,1.351059504083457e-05,8420271776.016472
5193693.276524743,1.299285963106091e-05,9397373037.527182
4690497.271376773,1.498156768198537e-05,7718164795.523518
5003143.925356984,1.497829994131603e-05,8233818970.577524
5137969.650390303,1.466998076392217e-05,8573770185.549047
6015852.946618587,1.559641905327399e-05,9637120322.562052
6000228.260610311,1.583498573923415e-05,9515303703.811571
6171005.149299056,1.605963505769471e-05,9694649839.272863
5927680.842977195,1.536028082691184e-05,9592946929.391146
6022591.953999649,1.542443968939851e-05,9719498157.612803
6279390.480418268,1.567097489613674e-05,10027364767.75122
5395791.230091591,1.515255382681622e-05,8811798975.139711
5804339.564195356,1.560749639003845e-05,9293885465.225433
5819707.252499391,1.536996021276098e-05,9414255414.296127
5072864.297805792,1.469891905224669e-05,8454014324.235777
5215079.350419095,1.492598861921803e-05,8602648603.392508
5631971.525210029,1.514290146769018e-05,9201410073.48735
5507210.990486724,1.447625248192211e-05,9271733696.574034
5122169.149122383,1.457088446930058e-05,8586113785.304257
5591722.925996291,1.49504767810626e-05,9213874271.604633
5138743.836749221,1.404968207926823e-05,8825635171.877838
5136732.624447472,1.407010668529168e-05,8813641207.230885
4778060.183070572,1.436005679558857e-05,8087497832.854024
5362259.233271424,1.401930442644845e-05,9222814946.770657
5234378.758973747,1.402652891629959e-05,8999775388.457577
5024958.301894568,1.429449628102978e-05,8531391886.410861
5399728.104277513,1.384156373902898e-05,9366595974.307985
5170834.489629587,1.358290879958337e-05,9083058551.757854
5271398.933024102,1.384862515594122e-05,9140882171.850889
4728441.522755316,1.474347895888054e-05,7864142472.37973
4998802.056967686,1.511053563326024e-05,8178607509.910039
5020371.428384574,1.492818694964002e-05,8280650836.193293
4657052.074053624,1.427288383276558e-05,7914739160.545449
4659824.23008832,1.441612512230685e-05,7866903808.567463
5014111.889374822,1.412574927744954e-05,8580640204.813612
4894999.978814732,1.477265939163359e-05,8130431051.562407
4967378.403560649,1.507196728064185e-05,8141053642.648743
4697880.814498139,1.470436643142042e-05,7827164296.615671
5396379.777158149,1.45606098786222e-05,9050018398.208555
5258182.903654473,1.487053646419766e-05,8695300552.183931
5716705.699680064,1.454413268383856e-05,9594461762.854561
5064324.270415369,1.628326025467728e-05,7883043621.262401
5725597.679578812,1.644291575687387e-05,8854586271.709856
5494091.415118921,1.693672555039111e-05,8330599345.713715
5026657.308840354,1.451335547590703e-05,8448262312.484822
4795556.27262709,1.409920783691118e-05,8216922354.724087
5541908.881462518,1.438024180766796e-05,9371632612.896881
4271456.971278464,2.748893657492615e-05,4689617369.811336
4318123.630753278,2.778982863243592e-05,4706569685.01443
3782362.504839496,2.671698919107255e-05,4232251554.260888
4166239.808893228,2.689712338805661e-05,4640951617.052945
4316463.661424134,2.726485022014563e-05,4764960940.338361
4145300.259525061,2.643581496986068e-05,4671189914.88431
4848971.804805234,2.811599474026318e-05,5244217433.318431
4589499.163163709,2.814694474693285e-05,4959955589.830473
4541384.52383287,2.785146296748249e-05,4942609132.563136
6342053.167873479,1.581175807516695e-05,10067224912.28014
6036117.421219118,1.550286930928878e-05,9708443830.593748
6515082.234420534,1.599514837287238e-05,10262686279.67024
6047197.162256503,1.536232632960136e-05,9785495112.731926
6175230.115869339,1.511296861620495e-05,10102292967.41319
6276533.741035847,1.560529286253232e-05,10050906946.31358
6043657.497890891,1.459990286886427e-05,10117344387.26003
5914970.637204136,1.40889175546107e-05,10139911734.31286
5756426.325825451,1.431010047231036e-05,9766174847.397978
5651172.221115354,1.368086055487231e-05,9879377910.11467
5659469.435474159,1.40803180110273e-05,9705861200.597546
5816681.984117091,1.385918183687625e-05,10081308966.66155
5419979.685268215,1.407731352222315e-05,9296464246.325024
5080838.820939889,1.4352409946157e-05,8603045061.000422
5464352.284021838,1.425852619134444e-05,9292992753.840322
5584291.978698097,1.369423436697066e-05,9756100829.739557
5547648.864693567,1.391290988976989e-05,9590258569.267725
5592539.967235704,1.409410852643368e-05,9584821344.192104
5628338.324102024,1.311077208144939e-05,10122660782.62122
5643387.1091262,1.343852456493369e-05,9984020148.721237
5808783.651883413,1.361716135643318e-05,10186558392.5223
5502012.080743371,1.322013837205012e-05,9840810580.12513
5487153.114841385,1.28925126702418e-05,9979804516.090984
5245764.51014129,1.274424313747699e-05,9614634037.352377
5069775.10353864,1.413215715772552e-05,8673273778.073454
4711564.231693001,1.444299038941136e-05,7944386558.996156
4863707.613158401,1.440064226875995e-05,8216992380.81246
5931021.054162072,1.353207862771921e-05,10444471215.24166
5494407.966651311,1.378048265920487e-05,9558974078.237949
5785394.248537659,1.343017101109125e-05,10239496400.96179
6307622.539555892,1.296616415090772e-05,11428555791.97836
6136715.295605845,1.332849438556733e-05,10916462142.54018
5988569.204799755,1.322684772246033e-05,10707436403.44422
5394166.855972639,1.356702329139784e-05,9482757890.496666
4936514.128561176,1.399762271670898e-05,8499320283.24377
5733060.552998839,1.360244770055705e-05,10061015521.2999
5970091.990294247,1.405175414576406e-05,10252442161.80518
5781452.019139765,1.426500312906833e-05,9829294444.391224
5018563.012256522,1.398260085572459e-05,8646773331.204662
5610321.973686218,1.438107133619505e-05,9486957584.274492
5936845.277830694,1.436462309596357e-05,10046764921.52316
6127983.348359212,1.415242695763876e-05,10473623589.20289
5313683.629527607,1.456916439192882e-05,8907843894.844568
4908122.277096385,1.47152348501166e-05,8173421741.916914
5199736.376477244,1.427765457202895e-05,8835071706.768415
6378727.570103843,1.708796114099249e-05,9614806662.062288
6255561.937841786,1.658561599808457e-05,9618601327.949762
6058747.753418511,1.697582227754092e-05,9172667655.950491
6660592.737182945,1.633828817433706e-05,10344476362.43651
6535108.984835356,1.615651482914227e-05,10225574383.90067
6556370.531889216,1.687438740757517e-05,9965784213.69046
5650761.246473545,1.513025647564681e-05,9237251427.865114
5178680.963208289,1.475011904428501e-05,8610376458.013474
5743437.801420091,1.519385113716083e-05,9362532627.782312
4268323.980830797,1.450022599881934e-05,7178067352.631637
4547516.794976924,1.482625021822997e-05,7535060808.937664
4429998.732069911,1.491756119110444e-05,7310353584.6686
5171918.974499862,1.572932912007864e-05,8238438662.792525
5642437.247737709,1.614087447610283e-05,8834501138.262056
4986131.512006759,1.598195298899496e-05,7858575498.288878
4707622.120440868,1.503733635324703e-05,7727179225.891378
4905566.748167655,1.533812036653567e-05,7946473296.309858
4588039.788017985,1.512614663805391e-05,7501388148.380247
4961794.874775471,1.512373342122253e-05,8113336033.870339
5632000.087804654,1.546445664587075e-05,9073458892.491791
5164958.647625012,1.542183780000329e-05,8336352967.431381
4595832.576337257,1.427613563274231e-05,7809509465.011749
4568015.818510643,1.40737512952308e-05,7836479787.197163
4793632.858205157,1.448705747431527e-05,8066367044.550724
5252504.658922978,1.339051688566449e-05,9314685985.341667
5189638.054323533,1.310235466489587e-05,9337648080.71344
4772603.523886556,1.361850349610771e-05,8368913899.621216
5116486.710377739,1.231997797100461e-05,9591765728.312428
5665354.671235745,1.241519853269334e-05,10566341858.96893
5341729.633930422,1.264770298383479e-05,9840280178.528963
5224859.359555528,1.350787911332806e-05,9211913004.253275
5454932.693113531,1.376625135709575e-05,9496835883.655821
5491268.820415203,1.35478032724932e-05,9662587736.036886
5626423.685223302,1.323587231916198e-05,10055354509.45615
5240330.814530517,1.33001048503157e-05,9335164911.374626
5400166.407829038,1.303977784880649e-05,9747509815.73945
5605748.133164444,1.341770478237476e-05,9927687377.665609
5319374.024425847,1.376797283788002e-05,9260061290.379169
5220377.92551538,1.348216196156803e-05,9215712503.547361
5221354.676956165,1.590284252464577e-05,8256576758.578135
5059196.029248863,1.540410841693003e-05,8171914165.36186
4883702.987306687,1.58736012535001e-05,7732126177.347113
5250684.452128848,1.514079695405012e-05,8579265260.591775
5228625.346950514,1.532475274172581e-05,8474717038.842603
5653802.79639635,1.559662656101383e-05,9057052263.355927
4982737.363813082,1.485930895305065e-05,8243954536.000409
5046399.141860537,1.505272400384908e-05,8277608180.38562
5055759.189145952,1.515981202293358e-05,8253861347.020296
4606042.38773485,1.439162315343309e-05,7784930588.317624
4804059.944818868,1.460223432603602e-05,8041348340.849575
4608799.322223555,1.453524692966137e-05,7738192374.974051
5701964.77168042,1.369714228022426e-05,9960272456.561388
4907662.35343016,1.409261612399947e-05,8411631930.726538
5274028.441867301,1.394621144441826e-05,9102729499.345047
5120492.903451227,1.363018051448818e-05,8973820196.132452
4646806.194278605,1.385874260086675e-05,8053883449.55096
4674861.459433242,1.406211543468707e-05,8024198049.267102
5646543.972309156,1.45831651969551e-05,9459790480.382738
5190902.59756614,1.490864107381923e-05,8569408389.431581
5126332.903918347,1.471506770783175e-05,8536869239.937274
6453116.955231383,1.603492759081763e-05,10148258803.52827
6662774.211339041,1.648354819568811e-05,10286981558.36269
6440724.768434396,1.613045192169878e-05,10088742810.06596
5961711.324664842,1.531613580471714e-05,9666549310.14143
6265778.995742727,1.562521080138946e-05,10025156225.20502
6208607.760629505,1.524865611225682e-05,10096554096.61718
6690545.045218032,1.624798087322025e-05,10429461843.63168
6725840.984117012,1.651370259085419e-05,10371708193.16643
6515185.89273862,1.606432990998571e-05,10233363520.96472
6407335.119560764,1.581382896042297e-05,10169963973.06655
6531591.954478308,1.599588035837721e-05,10288378834.82768
6052009.082217364,1.550315637587525e-05,9733883692.112144
6937727.600939277,1.74566213016084e-05,10309646719.24438
6886598.575988539,1.734503471659194e-05,10277511848.83326
6849953.36035346,1.701149587496964e-05,10356013590.64173
6440292.320184886,1.929253058575132e-05,8953223964.623343
6580920.785650503,1.942260030655054e-05,9107833469.469261
6493554.980851305,1.882606976043439e-05,9175774802.209848
6231432.380452213,1.416849146177112e-05,10642381215.07072
6086288.275359784,1.397483257717472e-05,10490304865.19748
6354732.434899383,1.376486965473592e-05,11064094263.68418
6907812.837778822,1.844359109686768e-05,9895632814.374254
6788581.158343041,1.833105092054111e-05,9764592080.922436
6868308.5113708,1.780612868218355e-05,10072488715.83254
6871821.002740637,1.875903418494351e-05,9733406362.972208
6842999.692600613,1.902936470285692e-05,9600569460.618626
6919479.139645196,1.877400936513249e-05,9795697928.966589
6960519.535500837,1.798808464220803e-05,10138764645.143
6901168.704611554,1.849838213218429e-05,9866583896.619862
6948928.324992844,1.851389681226726e-05,9929314642.075991
6574610.264856865,1.870226321814034e-05,9331266008.008017
6662517.830827271,1.92986683339868e-05,9260195510.85368
6766201.657685411,1.879786505822323e-05,9570601910.411577
6775618.652714511,1.914456283319567e-05,9467863452.45804
6603728.751956341,1.9220066355148e-05,9203491972.686985
6851721.681573288,1.888948645601751e-05,9660203593.971754
6615249.98661654,1.904127315465763e-05,9277171926.526255
6719409.082906437,1.854673839001445e-05,9590017169.003365
6387859.152813569,1.888981360552601e-05,9006102456.818111
6038418.6268689,2.057592990624549e-05,8041743875.450447
6393157.147983615,1.967672065739203e-05,8771628562.155632
5975907.09446859,2.003948897305149e-05,8099895366.666956
5335519.946283506,2.136829580462233e-05,6928887176.845394
5772826.383660871,2.099794552067028e-05,7584680538.491161
5711708.671980903,2.046290487226305e-05,7634627595.778194
6206276.965569275,2.168864160422095e-05,7980122987.252395
6430009.033433955,2.054002494801698e-05,8573225990.377808
6091564.114577061,2.107545216472293e-05,7983822732.181775
6752098.220135897,1.942826170671933e-05,9342923392.699984
7027035.311794363,1.861738532563959e-05,10003677388.95625
6875736.489665635,1.857075669439945e-05,9804666456.85358
6170831.587885804,2.057239511245327e-05,8219027927.105065
6511441.75571947,2.003652695451399e-05,8826642362.086941
6529383.241209378,1.967555541584609e-05,8958889081.192427
6229851.729472166,2.23557902309656e-05,7850265769.737126
6157009.61580367,2.317383232271116e-05,7574801532.402176
6482924.020225607,2.177986330917163e-05,8312547982.25239
5111454.931687145,1.186339619385994e-05,9826643024.705269
4898256.471434618,1.135719624745816e-05,9694545071.390888
4921707.283674873,1.195226985276939e-05,9414895863.96121
6190700.5593172,1.262659058034943e-05,11416922829.49097
5576010.344935078,1.224848946363155e-05,10493858782.31231
5983434.286555649,1.260819884694858e-05,11045409611.38049
5046003.274461146,1.131604733328982e-05,10011158970.94742
4929111.498783172,1.11980279392627e-05,9847839103.931934
5142973.252593538,1.170430788098532e-05,9976627889.184124
5295128.181380074,1.194791266621396e-05,10131687470.38532
5538344.232701082,1.217261936886625e-05,10466237467.7679
5196727.45329963,1.15598207030703e-05,10164730652.85171
5652364.74787218,1.330878587518922e-05,10064786202.6378
5999152.311256853,1.334450642433394e-05,10663216121.73259
5961261.214885575,1.296370437120019e-05,10802362326.26329
5923097.911976218,1.305473231438054e-05,10683255073.95589
5873760.944206708,1.264066001341144e-05,10824381744.6185
6240425.087656111,1.279428870955577e-05,11407839694.55871
5106300.652577307,1.061099051673102e-05,10574725376.94667
5082398.279452033,1.017837505103946e-05,10821390324.76554
5210814.327557579,1.028530562392982e-05,11017780886.40606
5154090.749427127,1.029677117578792e-05,10889752767.37305
4916795.112748467,9.943729207972562e-06,10632839343.35493
5322195.950115871,1.017375788916394e-05,11335393335.83413
7703937.608833897,3.255702240930161e-05,7555843800.492591
7343361.752728439,3.305825827855016e-05,7129213337.481777
7996302.20046958,3.454620697735978e-05,7538569650.26649
7273605.266109576,2.726556298840054e-05,8029221067.012039
7570394.189862537,3.018944060894395e-05,7808155429.635041
7397668.755417638,2.851134903897598e-05,7926528701.506023
7156113.770009892,2.972361347064978e-05,7457778832.290331
7137945.018842287,3.18616883605793e-05,7102218153.953379
7493502.750716751,3.135203376402743e-05,7536581367.169731
6464401.410070223,3.168296148561787e-05,6456212307.569627
6478458.388298362,3.389962553191618e-05,6185028991.990498
6795144.606560744,3.276276964792666e-05,6636589634.984787
6766087.678850976,2.520384969097427e-05,7870935751.447137
6539990.147328414,2.897930914052147e-05,6931891273.352345
6890465.492747941,2.792114862897378e-05,7486745010.228672
7174779.666749137,1.959267021170139e-05,9872174343.068668
6962060.123531525,2.171532341703747e-05,8944585810.897194
7240070.748719003,1.983757922300848e-05,9879850219.130205
6644857.542022359,2.427511454201418e-05,7925831151.583528
6479766.608962589,2.806189425235067e-05,7016944492.703705
6704829.588158417,2.429562925598012e-05,7992861906.27643
6255043.140322144,3.289400579107242e-05,6092831012.840409
5966969.447586216,3.50215165675501e-05,5574387840.041879
6270903.413376369,3.459362600397132e-05,5906534174.426652
6386461.361105495,2.840081708037347e-05,6860773246.913982
6357555.813251544,3.068931017355543e-05,6485828048.107416
6359602.810251919,3.017229929138256e-05,6561821133.291114
5921746.695213593,3.304763891199589e-05,5750287186.23405
5880914.978709547,3.463334293412525e-05,5534970263.269974
6166928.429193386,3.251053473445967e-05,6054145204.28025
6250904.339426686,3.233086841249716e-05,6159298794.928384
5887520.128892595,3.25423005022026e-05,5776084936.812431
5985456.164096799,3.35738402589432e-05,5751263177.088229
5456125.03149054,3.170653741544583e-05,5446511642.283599
5104785.274322052,3.065257322676617e-05,5211941347.557776
4992505.133284444,3.106326312185404e-05,5052276802.150412
5889260.482956816,3.386080054147758e-05,5626814733.534411
5792117.887441769,3.28362979129431e-05,5648519092.232481
5862323.345900937,3.349907337784257e-05,5641326547.774286
6302289.84813216,3.160762720415134e-05,6304303460.614971
6187857.71636897,3.068336919584111e-05,6313520890.550861
5937392.780150536,3.181418225222753e-05,5913554498.926768
6155409.666346157,2.415422657494991e-05,7366505854.340531
6327126.341196989,2.341785066206924e-05,7729922716.151983
6153157.084576502,2.392760823752136e-05,7410232073.321301
5941659.890629843,1.911220447721483e-05,8311905552.637371
5826017.400951885,1.972641877838701e-05,7980062234.596147
5351782.622422178,1.796269545207517e-05,7802805723.939147
9137281.482569607,7.465828424229656e-06,23920210692.10389
9170676.625650968,7.665704958407408e-06,23588481258.79193
8693602.356315929,7.601499923424545e-06,22487106399.05357
4992916.218594735,1.291527289217352e-05,9070235306.18873
4882432.550259697,1.301807139581506e-05,8822773964.855303
5057205.424950495,1.393206742727028e-05,8734409514.386738
6563697.282015137,1.39064726253405e-05,11350209725.15305
5824728.141761297,1.420916388662713e-05,9928797304.536108
6469160.414144885,1.528824739876777e-05,10502099268.81206
10018936.85030132,1.027822038944724e-05,21193841823.8713
8766568.890477823,1.12709169735756e-05,17439076504.68048
9807081.685624635,1.091875977331258e-05,19926189305.91602
9545480.26687664,9.978425611114609e-06,20594745751.46883
8545050.854434265,9.993043957669606e-06,18418296209.27768
7788573.489428,1.071943091811593e-05,16020525916.96714
5234375.648219505,1.12835690813098e-05,10404803723.5833
5482362.133061918,1.074645489590197e-05,11257904812.26038
5012339.420217073,1.205495578351144e-05,9533741917.895882
6505909.400773666,8.817564315723071e-06,15243180316.30013
5691816.84640386,9.653225709762802e-06,12554592171.24504
5750978.519854331,1.01468285961414e-05,12270291005.88757
6291762.102799145,7.026983097073403e-06,17149824782.8304
6533174.629901582,6.543605460562187e-06,18674380182.47699
5908485.216632923,6.689436922054237e-06,16642418721.84116
5645966.088690477,9.123865410162577e-06,12930610159.79532
6110550.181663043,7.892772287318741e-06,15414422770.12791
5898544.48589961,8.433690432187079e-06,14236386017.88751
7196855.122385018,7.754593768230409e-06,18369756190.90804
8011161.607812375,7.130283405584088e-06,21625075452.65295
6830949.363172311,7.35875354416266e-06,18055584856.61892
7285280.689977539,9.060470285943517e-06,16762770359.70866
6911702.404132558,8.669378730128682e-06,16377956498.39223
6132869.209904874,9.998217756159522e-06,13214436311.73738
6525679.135535683,1.057440919227795e-05,13545290010.19533
7185124.285477059,9.536623966841522e-06,15977341298.05518
6041003.74554646,1.04745709918176e-05,12618806339.51436
9148361.052168833,9.29092874113756e-06,20700009439.37913
10218296.23229811,8.896444962269647e-06,23799481269.43953
10182098.35390379,8.289837588314449e-06,24858405782.93109
6882699.695518836,1.611103125020624e-05,10789713862.13378
6606600.931833994,1.734179812430078e-05,9860872044.823929
6767195.868485982,1.629713655966807e-05,10527725283.51293
8275825.727618652,1.510057006995567e-05,13546146707.28189
7909926.124079029,1.622806591524105e-05,12340362537.09564
7898777.912661565,1.517123186398762e-05,12888805576.90994
6274879.703813536,2.106014727713196e-05,8228066664.064199
6419695.090122883,2.24410943711771e-05,8068975186.209865
6011823.86314906,2.362763445867405e-05,7301174905.392463
6812764.126270369,1.81064003638793e-05,9880265313.975315
6456628.127278909,1.913580835496269e-05,9024875756.960701
6530986.969242992,1.830788282554438e-05,9401996123.547205
6837409.86936857,1.883785994229949e-05,9657630205.906967
6627778.560289519,2.124175932249019e-05,8641205511.593121
6480621.637818444,1.986698031989035e-05,8834773614.44091
7646263.405429747,1.532665741262046e-05,12392272503.93661
7657232.035258926,1.63826847140525e-05,11870848400.04191
7266360.434537586,1.572356354769222e-05,11577539808.45791
7174194.082438706,1.424334507604771e-05,12209516252.49025
7524116.597160902,1.479099468779157e-05,12486975594.43116
7147299.074834908,1.518985126917863e-05,11653049939.12693
6890244.123526221,1.515195152842824e-05,11252669439.54658
7072842.296374639,1.370612722330983e-05,12349540599.31181
7033418.480499126,1.402022052199052e-05,12096597449.9922
7096882.339558184,1.23280283590281e-05,13298577499.38316
7315498.739880241,1.285209837533194e-05,13333001021.87911
7123136.870710845,1.328430286924119e-05,12699270589.52819
7681140.510831121,1.351391543394899e-05,13538532082.1609
8216997.02081452,1.442206756275542e-05,13868455979.48208
7841307.367957732,1.449294326450164e-05,13191193262.8156
7224601.960611645,2.205770597986522e-05,9185589413.574701
7122295.768867357,2.491380285972925e-05,8349490770.983235
6982500.913062094,2.48525707752191e-05,8199048492.0978
7009567.4716891,1.890864790613591e-05,9876071765.683376
7164000.517593639,2.015401432757984e-05,9673446481.154945
6797293.022444365,2.131575502247686e-05,8841694641.860388
7680783.260122978,1.901931317111096e-05,10779756655.84353
7434129.579034693,1.957531114726063e-05,10235074561.64278
7424738.159571208,2.098217680515513e-05,9759946737.275043
9844303.069175879,6.237830201478037e-06,29051101899.6793
8935180.101299977,6.314351499596572e-06,26154764146.71851
9191995.184966125,6.139454271950209e-06,27415106806.56884
9867138.209519681,6.058132455704562e-06,29691492928.05593
10084238.33269935,6.173882781524988e-06,29964303106.63526
9423893.534081141,6.075525292241332e-06,28303565523.91227
8993389.647003287,7.350217059749048e-06,23789754869.07753
8553261.505545035,7.485572104549142e-06,22351932892.92464
8600906.261149857,7.202081646756361e-06,23062454187.39993
5539068.735977018,4.613199483050787e-06,19987965815.24861
5250180.605499252,4.729725734251399e-06,18633035218.78159
5929590.478189698,4.303261823346491e-06,22412631626.55227
8129266.640225665,5.359315024747907e-06,26544742168.19393
7371513.39346684,5.767522678781154e-06,22920835889.95272
6851496.22683596,5.413092781391843e-06,22223976825.95917
9389102.725328416,6.489341088548827e-06,26987149987.4487
9079201.853912793,6.765845316246222e-06,25380468158.42143
9897309.328286581,6.802241045406885e-06,27568668976.74321
5997874.062113976,5.844672516091965e-06,18485188680.8819
6699554.18869013,6.169842881381451e-06,19915742440.39363
7031677.759447373,6.007183622441961e-06,21278696582.92556
5797936.476985453,8.905090874965722e-06,13495258744.6867
5706111.4573192,9.778916214630449e-06,12478041730.52923
5547545.052629305,9.595951447746732e-06,12285008933.34691
5762052.889036507,7.02917807253832e-06,15702695528.28489
5928094.226979786,7.90935493163244e-06,14933251803.15893
6140625.616318376,7.368785020257714e-06,16216185201.31909
5633626.76424853,6.8395699742616e-06,15635155548.97993
5545544.412020838,6.81604931421681e-06,15426084469.82456
5872825.508920194,7.505693502949307e-06,15319804158.67436
5946966.318873633,5.538251205685064e-06,18998254960.5198
5513082.370284908,6.174524617765856e-06,16380436239.87329
5399881.233289263,5.583262362373952e-06,17157691326.91233
5401283.708013023,1.017158619016169e-05,11505474493.85987
5308055.072329552,1.089121513216688e-05,10803169637.42377
5458919.635312498,1.066512609345162e-05,11266682031.25257
6297098.224996678,7.844222267973325e-06,15950484289.60811
5825336.716876569,9.076735111279793e-06,13387554728.21274
6648605.351055138,8.241649361506786e-06,16295003785.60348
5590904.750820948,1.02495122638112e-05,11848952556.00488
5340447.148406811,1.078749121206082e-05,10938656504.02793
5433958.576102046,1.00673492108774e-05,11654837816.05706
6612642.567922275,9.336001229753937e-06,14914239571.27464
6110339.719182355,9.01788069522782e-06,14103569174.5217
6988969.558126983,9.965613422786415e-06,15091895564.12282
6361222.765886777,1.066358402436228e-05,13130214098.31039
6677391.800475977,9.746347805891692e-06,14634534827.67535
7055531.318182197,1.037374128985486e-05,14833356982.08982
6226135.817788988,7.980791190697972e-06,15590305475.8358
6315137.416699302,7.608265968700172e-06,16325218940.695
5907422.771660323,8.28075525174907e-06,14432827476.54966
6202502.629745529,8.175565302493186e-06,15283462740.33845
6322678.627252535,8.199576354080011e-06,15549156388.14765
6499368.496157531,8.816309804824432e-06,15229299667.12619
5992786.20193796,7.732804457575874e-06,15325127581.28007
5662131.743185795,7.047690040048986e-06,15403359082.56657
6110922.889742643,7.757996881693513e-06,15593385051.63182
5717753.123239142,7.138928538396803e-06,15421858358.14349
5958712.718007077,7.802235385402399e-06,15147457713.10757
5883159.492724084,8.013847801055262e-06,14690950505.62805
5728607.215927328,6.932246615152601e-06,15756740264.55621
6268647.302836727,7.270046754754913e-06,16703816084.60455
6179975.074987459,7.644416110721482e-06,15925405918.40818
5767228.212263849,1.119577310877258e-05,11523853926.60938
5140344.834164375,1.203270244974851e-05,9789266141.323805
5616197.82550007,1.072222261517252e-05,11550102822.75108
8982622.066932585,5.888740038434162e-06,27545767188.4097
8766174.727666223,6.196949763630086e-06,25983130372.98525
9182528.847053878,5.901088468203554e-06,28119497207.51018
8794270.255508497,5.513541497402985e-06,28178165095.15438
8596661.371445479,5.669141636636579e-06,27038646522.88366
8752615.502439903,5.83298399338096e-06,27011207186.11681
10027860.9435815,4.164308358161196e-06,38741792960.63075
9252868.573241441,4.996739115408223e-06,31658131360.95372
9644162.44140044,4.754130201306479e-06,34110163602.81555
9282997.469058264,4.70071513212723e-06,33081023908.16571
9399776.122853057,4.504320045654064e-06,34463920733.70394
8819406.789701726,5.240740250380804e-06,29231041168.23364
9985457.786324829,4.11685263754308e-06,38873868885.49311
9478368.947472626,4.564994241039701e-06,34443461208.33125
9212138.671788245,4.94944518464694e-06,31719241072.0918
10323612.27426374,3.689316586168151e-06,43238212913.66566
10545554.52960854,3.239717569941069e-06,48164972970.50881
9807897.782428522,4.137585325222343e-06,38054961689.68001
8784809.227617685,6.026173884483074e-06,26528003247.49207
8668224.929817878,6.2282680271519e-06,25606603476.64463
8883467.01773666,5.91999592111822e-06,27145731923.33895
8879630.630823376,5.532843071933604e-06,28385464079.85138
8837773.968502443,5.852326037988515e-06,27213885173.89414
8936727.892805671,5.746214123012889e-06,27856336361.18201
8933797.954103023,6.097592028958314e-06,26766847040.62947
8680641.179934368,6.272615606618367e-06,25522273318.71577
8797308.665976258,6.070545822631467e-06,26436137514.04344
9916658.022186331,6.049696310839893e-06,29868239202.21461
10536352.45798342,6.232757430735148e-06,31110248008.12091
10794149.17922246,6.180440911001827e-06,32051038815.00531
7451604.896167743,5.573351560682654e-06,23704939991.07629
8752239.090204915,5.814045603369768e-06,27068667894.88174
8113302.54346131,5.661831108684099e-06,25540323715.12855
8110026.213721287,6.044339276748547e-06,24441228732.64885
9027286.378344771,6.186742703689645e-06,26786492539.15023
9079733.455099432,6.012811321239309e-06,27459210653.78693
9987415.075414333,6.820377504534401e-06,27770316146.0642
10356327.72505063,6.760623903969443e-06,28965515858.38921
10010951.88136301,7.224054660967481e-06,26788888314.24114
8882451.718667449,6.523235381652891e-06,25442365601.83334
9532527.955046328,6.676865167519978e-06,26883946146.98106
9227923.14694906,6.744109019405482e-06,25851609128.91314
10507362.03717216,6.838827673461079e-06,29163473967.98701
10587293.97830041,7.133130330466437e-06,28571400759.85949
10159455.59078594,7.302221422923168e-06,26991919565.91126
10330105.02421706,6.378610268285965e-06,30034519737.90997
10437000.48767098,6.549263030835972e-06,29815865125.235
10066640.76078792,6.608901142082267e-06,28584574611.33994
10606937.50523433,6.34936852435681e-06,30934017025.81047
11181815.35411518,6.491993642673059e-06,32131198555.7086
10715252.1621341,6.520029737084087e-06,30702189276.41352
8633650.335429702,5.753476814297979e-06,26888972736.81031
9292375.423575081,5.905838315000981e-06,28440619069.66927
9544692.322112132,5.940081523684255e-06,29100491866.34372
11413412.74965071,7.175557536072214e-06,30679274772.63584
11016987.81706576,7.094450801741788e-06,29838959955.68593
11406728.76744319,6.772256747251741e-06,31866828164.03745
8104751.105465076,9.21483429654583e-06,18439451383.64918
7713411.191945622,9.603770856232056e-06,17072034933.81325
7794023.093762904,9.118034232755217e-06,17857783056.91352
8830448.383485893,9.248263093475716e-06,20042072968.34564
8558766.268792229,9.078491574938239e-06,19666875558.75975
8944501.286407417,8.79010913748866e-06,21000354179.11174
7849458.100101814,9.905244972316027e-06,17018823267.74999
7727179.799011317,9.8004152310024e-06,16872963484.52102
8118864.512688161,9.411750275634696e-06,18213008783.38449
8399251.991092233,1.050127687260904e-05,17515096655.49628
8081497.112559985,1.012289303692024e-05,17269856284.27136
8623274.299130723,9.799337281297918e-06,18831043950.48434
9388845.77336872,8.982185771596043e-06,21728221663.9203
8723029.564796587,1.021599299556148e-05,18527363406.34411
8951300.748522835,9.514064315614614e-06,19936186769.68973
8578613.629544144,1.345146283552308e-05,15167154036.39797
8402484.205400189,1.416166672109234e-05,14354832361.36455
7860511.955239831,1.325359939784637e-05,14035512421.80464
9535098.413286706,1.193210528306715e-05,18260547527.46838
8987534.342166618,1.264117351667101e-05,16562108844.39384
8758296.982985085,1.143150879618645e-05,17259066320.44052
9626063.427955477,1.247699881936981e-05,17894049305.6334
9109647.823291764,1.361199168451792e-05,15979154804.38333
9075855.148069348,1.318607953835285e-05,16260869401.68893
7233872.463657119,1.122358389000752e-05,14430558608.66711
7506703.946732733,1.025363427438741e-05,15904892555.41798
7627232.066831288,1.035770678306856e-05,16051830022.41421
7598953.08269898,1.433226210096773e-05,12878855445.41477
7247274.005153278,1.378413145374474e-05,12606322426.03487
7441293.691827048,1.335402040659363e-05,13220272950.46457
8266964.568705773,8.920460958984232e-06,19220051413.45019
7953112.172653344,8.823098150122119e-06,18626147348.34853
8356128.424382735,8.425000156060069e-06,20181734766.03587
8504675.257429376,1.018434033556309e-05,18100995727.57247
8531577.12695495,1.070114893523494e-05,17568811460.93937
8969525.924889816,1.00800511536158e-05,19221812301.06432
7786017.3005553,9.817671113617855e-06,16981512851.69895
8179404.129007556,9.893235329487888e-06,17748545704.1131
8087767.530890799,9.508817949619185e-06,18019565076.42374
7499620.433489138,1.040627054042266e-05,15734123042.32798
7226918.897757654,1.137660246084736e-05,14287123294.99338
7598691.461502557,1.096809338909352e-05,15392815040.4969
7758626.849431512,1.137975475336812e-05,15335440780.88332
7450154.429505897,1.243016412686959e-05,13883981714.02394
8074878.972092013,1.14102719638401e-05,15932063344.52065
7983549.890094342,9.321412422651903e-06,18024984275.20729
7764225.915919803,9.14455894502496e-06,17755094485.78148
7683768.655452595,9.630648133115478e-06,16974771494.89639
7959584.844281508,1.086753167096332e-05,16223198176.75476
8279865.79898735,1.089803847740032e-05,16844485089.74303
8253364.065807287,1.0381213429903e-05,17343320754.22955
7720068.162944269,1.010786967022002e-05,16513838987.88785
7820579.975191677,1.066984755616751e-05,16136158527.24438
8111805.987796414,1.018350197555342e-05,17265776719.30985
7159145.107004002,1.191410775570183e-05,13724192973.99014
7225361.658181581,1.25561281511679e-05,13374855451.65978
7529192.24140964,1.150568433214179e-05,14773160504.42538
9204050.256821854,9.686523571362836e-06,20255067196.29453
9211198.467387097,9.507701005916866e-06,20524179110.69798
8980053.925242942,9.410236412173314e-06,20147071223.88146
9396608.000151642,1.074275150525812e-05,19300153200.38737
9194203.190485893,1.021950421308045e-05,19523643970.19892
8750735.021919275,1.084069499319705e-05,17865141057.57085
9738338.874171436,1.05895007766515e-05,20194567602.02391
10106892.46391023,1.022744088335948e-05,21450610628.69044
9532266.599346343,1.006604978354303e-05,20446711267.63992
8126822.160566781,8.784789271061779e-06,19088268009.4393
7610402.564901,8.629889263869666e-06,18088566385.76628
8041358.877512471,9.048501290656191e-06,18518750314.99169
8212371.256697951,8.866498910706606e-06,19170515776.84551
8363116.237459891,8.845409721482589e-06,19553424559.27158
8610919.875884579,9.11321990300145e-06,19736417104.46703
7912021.675123811,8.659660806355931e-06,18762334776.45871
7697361.405723481,8.447722552021157e-06,18557328260.20755
7769993.320536739,8.475568979093756e-06,18691381580.94508
8632751.4181007,9.194321755678188e-06,19669928001.85138
8384631.554586502,8.925632291267204e-06,19486087827.64959
8297819.712923605,9.190039563607783e-06,18912650948.15779
9929649.138791353,1.043571074800683e-05,20793098668.70961
9773118.274316376,1.138059029683898e-05,19316271248.05944
8986476.479761738,1.087986810383043e-05,18302356972.86201
9625219.756476276,9.068328797293781e-06,22133961402.71134
9892272.74370677,9.857813841433608e-06,21516700442.15639
8950921.189401576,1.03016107304917e-05,18905912486.17382
10604419.70267885,9.516179232379538e-06,23614486116.60736
10248131.92627348,1.050846121445853e-05,21360854596.04804
10354805.92431727,9.988030442760092e-06,22326572593.84747
6440004.321706846,1.808611614766004e-05,9346649317.797132
6215207.680810505,1.908868172756054e-05,8701718315.251936
6598573.728880255,1.704077452178856e-05,9964538441.591976
7879299.465864472,1.333299566391977e-05,14013150348.71439
7280385.81958137,1.353423891580792e-05,12819325331.83185
7095110.570480437,1.498018568660496e-05,11675649168.83389
7099328.515343122,2.717969122335776e-05,7853337482.521746
7364062.412018424,2.848307890471878e-05,7895739993.833859
7579095.86650556,3.013999803666623e-05,7825677034.547707
6509062.523538974,2.344470040184739e-05,7946123641.160128
6632015.006090407,2.50741157445013e-05,7741558786.822357
6098315.733379967,2.463353417411131e-05,7203199160.056275
6768794.591968196,2.266021191778917e-05,8452827839.190699
7134742.656166775,2.149572975360343e-05,9228763515.88035
6894164.810758078,2.428758099990334e-05,8220384910.332681
5872553.846398256,2.256781888002437e-05,7353610381.474792
6137396.237290547,2.109399931601589e-05,8039176141.716689
5877269.175414357,2.365734234064807e-05,7131785598.556103
7206068.363857633,1.798622579333459e-05,10497156785.70412
7587684.523637658,1.761680445711712e-05,11207046568.50711
7362639.366150506,1.922904872307016e-05,10257975606.66273
7726547.504457817,1.769771899148671e-05,11377336830.94474
7754991.314126474,1.83097844932222e-05,11163297375.92868
7499436.966771659,1.931068970856649e-05,10419098302.30913
7144351.260850339,1.619864481606296e-05,11159472778.17713
7531970.578492919,1.685850479893612e-05,11455900835.29858
7151776.149659148,1.72289727662005e-05,10721140552.66498
8289437.189050307,1.565630460280761e-05,13245413994.57122
7952036.641657558,1.739602923710525e-05,11844360572.50101
7923233.406757617,1.678450342324009e-05,12086395045.85615
8338783.63004938,1.160197398401814e-05,16271020052.51525
8562499.403971834,1.281156786086598e-05,15638641838.15295
7845087.239116491,1.261386999495029e-05,14477676792.97115
8274872.85162648,1.566774720580835e-05,13215703671.96853
7866354.821236561,1.683009929967367e-05,11977947713.73026
7937771.917193528,1.740636777683992e-05,11818431585.65736
8753825.948099215,1.380013118555873e-05,15215133387.15655
8542165.801176295,1.464825402043634e-05,14268470498.78746
8575897.672878422,1.451033322722536e-05,14415443215.7698
8698739.969244055,1.434754006667964e-05,14732328174.72752
8392879.002774836,1.404705156362813e-05,14416312161.52731
8259162.191467224,1.529893242566618e-05,13401762290.62938
7845993.883574681,1.06942022848894e-05,16164007208.31948
8159129.64484491,1.107256878307197e-05,16423973767.95102
7670861.981771389,1.208451536028413e-05,14566593809.07627
7228168.671622672,1.683011152572816e-05,11006188565.45467
7402037.096006924,1.644087049856638e-05,11448134371.34819
7408720.698684202,1.568931077219122e-05,11821537900.24967
6707144.810476804,2.015789466190687e-05,9055398537.052448
6954916.505929308,1.818344614868368e-05,10057911057.86379
6740308.55795285,1.875997397570752e-05,9546810243.133463
7202412.198191241,1.813279938928394e-05,10435215001.75507
7350210.291399186,1.705150658070106e-05,11094930681.75757
7176955.246404205,1.74413878271634e-05,10671354450.81096
6713789.235240218,2.303704038909255e-05,8292457370.247342
6991819.888065862,2.029232405737644e-05,9398005743.059177
6767192.22493246,2.228059335905506e-05,8546546856.941656
8013353.977890556,1.545254314754446e-05,12916584343.71189
8145073.977110675,1.420303285379046e-05,13888040426.69058
7711765.844243173,1.496607451835973e-05,12698387202.09427
9773331.565641494,1.157441158662106e-05,19100439105.17675
8887723.181906166,1.283073545298944e-05,16216463632.02444
9721393.864463115,1.199544071633387e-05,18551729354.29054
7717946.521059236,1.104689124991271e-05,15559956523.26422
8251040.927750635,1.130390928511981e-05,16381599308.80235
9467274.97716596,1.030660156095252e-05,19990086189.40118
6411168.903031188,1.12385379586117e-05,12778033059.1533
5966370.02319263,1.196462913404836e-05,11405404429.58251
6672802.36666039,1.136827057669005e-05,13198117619.8306
7876728.555020314,1.019880190296716e-05,16748648761.65494
6880194.650471379,1.079630927018715e-05,14084794470.00428
7151135.436494133,1.092690135486437e-05,14522575903.24817
5591919.787267945,1.108688008052224e-05,11246603035.16468
5326970.127373506,1.198518812054907e-05,10171469267.83509
6058586.347494865,1.118664212662739e-05,12112621285.00385
5785237.567396825,1.246329345949381e-05,10762156844.53648
5676665.0988271,1.323600969411049e-05,10145074071.18026
6481166.228562848,1.186782454922386e-05,12456778694.26174
6855605.484907178,2.179117827109432e-05,8787365184.681887
7128546.934255979,1.968599822673695e-05,9777535142.484245
7116987.487089141,2.021879392383655e-05,9589428051.769663
6289623.612107339,1.953743345087111e-05,8670543386.330507
6139580.29304632,1.971345176901265e-05,8413245598.486797
6363017.257035249,1.871005463108945e-05,9028447230.488508
6175398.971724956,2.030364685356487e-05,8297532977.37301
5909728.866761433,2.177456597368279e-05,7578813468.120415
6026732.610814099,2.047867747891348e-05,8051571475.414207
5723037.510322992,2.480432563487669e-05,6728862330.708025
5519179.116731095,2.566793845486721e-05,6342792380.540758
5718384.475097131,2.370793331302789e-05,6929111562.705685
6923853.794672078,1.639087271573247e-05,10730332265.93293
6931163.237621948,1.741940045505627e-05,10314558854.96149
6646922.379171236,1.762212849829172e-05,9815558853.763634
7510952.767572269,2.947794577290157e-05,7871005584.694265
7684988.088722137,3.1162741141186e-05,7760435564.313474
7728104.904870358,3.114075678696276e-05,7807648149.169695
8186582.497690241,6.825293691420316e-06,22752113566.15621
7607056.34968158,7.295536410030444e-06,20222979758.34629
7922476.507449587,7.109588067209681e-06,21427162729.43979
7711921.120731774,7.029809576504589e-06,21015200516.56715
8264276.655149192,6.730487434098936e-06,23183224208.93671
8285136.957514289,6.987051072201981e-06,22669246247.84231
9344466.713023212,6.083845731161818e-06,28039422152.60927
8787180.944506908,6.269431841051463e-06,25844260659.88996
8429073.924550245,6.458394316921287e-06,24305067105.52665
9118288.888352718,6.006366362671313e-06,27595533948.09118
8646378.830385892,6.375842239459336e-06,25146403770.45553
8787138.516679551,6.23752274843347e-06,25932200899.795
7360734.233969221,7.944226648632827e-06,18487863246.3139
7318805.83371312,8.197644366587977e-06,18001727216.52952
7325610.891993007,7.736589525500831e-06,18727399564.57015
7786433.662658771,6.874701730994538e-06,21536213485.20266
7452246.161895347,7.122816158126482e-06,20130413779.75607
7436348.853170347,7.308167982324131e-06,19746376239.14406
7609695.649215423,1.085575901501216e-05,15521266584.10705
7437236.134045865,1.224548255373072e-05,13998912577.43905
7216794.498708997,1.1720505046936e-05,13986641862.21586
7793511.96779265,8.625626023233831e-06,18529887822.1233
7625731.889423356,8.130180665950184e-06,18860277034.23801
8192514.156957362,8.227351026223738e-06,20102212012.45702
8729534.174041618,1.244146795212055e-05,16258356892.92707
9208689.862737315,1.253177315399034e-05,17068269707.66368
9395139.42947712,1.152502892077443e-05,18413734647.29592
7385135.335808817,8.431303258666705e-06,17827700034.19161
7427253.032953152,8.179370723500654e-06,18295668864.73429
7592847.224576782,8.675470097104148e-06,17983573051.62799
7939388.574163045,9.077657806267854e-06,18244747320.09625
7511211.144039375,8.65716971535571e-06,17815281240.2796
7720676.270918925,8.899813674333917e-06,17977725014.25168
8033627.457643919,8.723297773060987e-06,18957943445.1884
7890506.871151526,8.539247515444592e-06,18886805200.18567
8182730.418020197,8.702164643322992e-06,19341049938.33375
7694494.613304929,8.79647130805866e-06,18056813244.27647
7678540.814211602,8.527990931222301e-06,18395610712.88269
7892940.298908622,8.739734434469963e-06,18602586257.09672
7623212.122438708,8.330280970034555e-06,18550896596.16943
7477355.672231835,8.042926497950371e-06,18626816627.56624
7401102.598857048,8.338248778314442e-06,17998923276.74795
8057576.323219271,8.643429164982574e-06,19131412823.29507
7767616.548170551,8.480474284315459e-06,18678457873.28474
7543397.736061003,8.488373330308088e-06,18128033384.25111
7624513.2620336,8.199793237148517e-06,18750385014.56392
7406231.446338023,7.819096941934226e-06,18800073535.89473
7478644.304761104,7.912839303898028e-06,18833656591.76667
10720771.37092961,8.643444914149681e-06,25454708154.00067
10910286.71978783,8.226290787452571e-06,26773190355.72943
10894970.90022471,8.089524042368632e-06,27036103139.36913
10135185.8067278,8.457117561473499e-06,24416503372.21713
10743723.48629187,8.327440759207034e-06,26150527538.31477
10659438.57803613,8.774962317204333e-06,25055562550.43624
10279723.93960891,7.852380476135842e-06,26020395628.19783
10782938.9906252,7.892146954803874e-06,27202388514.442
10798175.88890433,8.029539280968445e-06,26929191370.69
9397679.291615959,7.491604885638029e-06,24545433723.64621
9731721.568331011,7.704752258401229e-06,24946936547.54005
9431546.514847701,7.691546607673795e-06,24205113695.23861
10082096.30548052,7.615331791584435e-06,26047034684.60741
10601744.65562059,7.78876313661914e-06,26981432827.55372
10102826.2060944,7.748986879740525e-06,25799597568.01747
9350061.447650082,6.903539449090152e-06,25788926105.48872
9656659.150433721,6.836199019867147e-06,26809194817.38707
9366620.840061646,7.160667537153929e-06,25212385186.01561
11287774.46644737,7.695952334090756e-06,28957878662.77824
10813725.22398913,8.511899506495332e-06,25939265333.47712
10988675.28054664,7.957083601346805e-06,27570378350.27057
6114827.980272665,1.957070080596779e-05,8420023930.056486
6429132.425961428,1.84877624293408e-05,9195234379.011932
6007548.983243654,1.74116140352061e-05,8942754315.398273
5708977.422756232,2.188778337033666e-05,7296094846.565242
5907474.35047933,2.078342720170923e-05,7814905574.68736
5692118.171458818,2.005240716706152e-05,7711926789.060356
6089107.212777831,2.317948448757339e-05,7490045205.783887
6409632.58712532,2.168095485534457e-05,8243548527.432103
6127429.299219325,2.136729589788372e-05,7957535768.108029
8092180.708652096,1.618730469801804e-05,12645884516.16177
8428293.439460762,1.517391991368719e-05,13751216590.62287
8671515.996322157,1.475198388120656e-05,14416552243.24283
7302427.801076061,1.921688544892523e-05,10178378674.52906
7314136.815674174,1.868371662801946e-05,10387735879.11125
7598016.268803285,1.778187506593975e-05,11152746975.56507
7407878.012905117,1.894308243881743e-05,10424615750.53259
7325788.435198374,1.928164509620579e-05,10188063639.06028
7621844.636265225,1.784705171327058e-05,11160468786.24989
7343638.158072747,1.835460048723937e-05,10553940607.3203
7445862.936480977,1.858987643704162e-05,10610374235.44152
7797045.926996305,1.700916224112928e-05,11788941426.66972
7100862.662238647,1.971179252215122e-05,9731064850.714367
6820650.439379075,2.245208808391613e-05,8570141004.913068
7201389.388874242,1.994844519488918e-05,9790621466.706051
6515170.473797767,2.58939636460573e-05,7443778264.016128
6380016.437406393,2.771689781165635e-05,6966137629.534942
6421999.806070726,2.695588660698052e-05,7143338124.087898
7495845.454104912,1.872958536947555e-05,10628415280.11943
7743512.503957535,1.81721043755355e-05,11203004804.60122
7672976.695543115,1.759521890032256e-05,11342290414.39287
6696515.016915842,1.202492961771492e-05,12758329622.50163
5878318.505862399,1.339362729875304e-05,10422877670.65316
6620578.05631144,1.309116955631223e-05,11919104067.06853
10219050.76992,1.04602096871043e-05,21365691981.57439
10113080.16203518,1.09815039757814e-05,20469578546.78383
10060246.2300834,1.140552100902556e-05,19854785119.7453
11015467.19293525,7.658481746930547e-06,28351397233.71624
10920232.59583585,7.316014219830019e-06,28976695793.65057
11314928.33301916,7.397041587710035e-06,29804357720.03707
10650835.81747467,8.95641464209158e-06,24696053799.86324
10614334.5337702,9.340555137820724e-06,23931925687.00766
10839734.72793867,8.538715830683007e-06,25947186928.09701
10572028.09148815,8.163628624146104e-06,26075710371.643
9968443.676716354,8.293286346783626e-06,24330045374.35101
9983665.116453869,8.119597032685014e-06,24713467659.69111
9181966.085965669,8.669484636159237e-06,21757391685.16438
9506720.047277682,8.595745241439431e-06,22655571120.78834
9066404.297281168,9.127394902388938e-06,20758876936.21616
5637935.945116907,1.218790749506509e-05,10645532034.35691
6070542.155485807,1.146196753554527e-05,11941384891.20819
5338181.212161392,1.226069076688126e-05,10039606392.9257
7694629.714406318,9.370654635985087e-06,17311755271.87911
7011651.009543723,1.040745254712691e-05,14709254614.39945
8017339.709530735,9.809617581913851e-06,17495602423.118
5097412.165623088,1.417810558792096e-05,8701703481.490215
5041416.78894701,1.399904307992207e-05,8679346697.67584
5032867.08738735,1.315929897728698e-05,9029429092.67692
6920980.714143791,1.409110668127135e-05,11863265147.62356
6823895.755197804,1.54735010796443e-05,10989383365.1809
7228917.535772161,1.494884906485451e-05,11912459375.09206
7884910.219752692,1.22952168025068e-05,14801507808.53819
7284335.4161018,1.31056518611817e-05,13104411346.19462
8030369.819815135,1.319931914309419e-05,14378089843.22341
7661637.486430446,1.190850083074479e-05,14692088592.19385
7148260.109944376,1.165339737811751e-05,13906952665.74263
7069796.420895221,1.271975227267787e-05,12974415625.02407
5107388.204423925,1.280165822817941e-05,9333002528.877148
5116000.943884878,1.363514391277814e-05,8963771940.824209
5400680.962348754,1.272893000552841e-05,9906507905.69808
5891597.392037243,1.590224726242781e-05,9316670294.303825
6298980.125226503,1.578723823984347e-05,10009202203.35608
5663304.483648357,1.470649537670611e-05,9434751183.681566
10743333.90394403,8.494382292880548e-06,25805832383.24086
11215854.30478647,7.677856420161274e-06,28818566102.08931
10706216.89752381,7.886469715442816e-06,27021800143.32482
10182693.14719594,9.60876766046772e-06,22529464115.97601
10218445.19306922,9.226241086907739e-06,23229237487.00776
9148501.998704404,9.618733321269253e-06,20227306931.62807
10641415.38938077,9.475955557185609e-06,23763881942.02501
10501424.6947334,9.830549977271269e-06,22883880899.58006
10284501.35751653,1.047024733494052e-05,21488789213.74475
10789931.94169456,8.997278791482962e-06,24942764528.91581
10874730.17782719,8.550063964651814e-06,26007917623.62485
10648964.52134855,9.350028519659767e-06,23993784637.28759
10019575.56480713,7.800888087102643e-06,25473383072.04827
9934494.059755804,7.383054064533184e-06,26201232563.52819
8652339.179933622,8.362349185482548e-06,21001388243.21283
8691342.609111272,9.276905663039916e-06,19685726323.11211
9699628.019465452,8.274025388714317e-06,23710671117.01944
8355204.993377693,8.836523930526698e-06,19548021337.68579
11348973.84391445,7.28599640322256e-06,30197011201.72206
11269220.25482013,6.926758133134765e-06,31012767143.56829
10836285.89098538,7.494521686846611e-06,28295530492.64342
6563737.607240417,1.905810817474066e-05,9199509795.839211
7187026.490595218,1.823678091239028e-05,10373304468.53158
7674890.742861292,1.673463456885837e-05,11730811230.11077
8769819.070350502,9.235353195238815e-06,19923010358.92013
8998259.182031002,9.332873977966219e-06,20299323458.05533
8367566.643576385,8.988099187486083e-06,19356222650.19326
9644581.460714668,1.239429313929231e-05,18008140758.1885
10488140.10898555,1.189251675868408e-05,20130256049.02865
9835370.928448489,1.138611570844991e-05,19433022260.61413
5575173.861069153,2.27103266864525e-05,6951995691.840861
5875663.771180493,2.107701466297605e-05,7700475391.761504
5760143.001375912,2.237579479035799e-05,7254056798.337523
10066060.33489017,4.846049623350368e-06,35150725341.74796
10643153.85653488,4.281358183332095e-06,40366023158.90135
10756106.56285117,4.014225555195103e-06,42584731691.40175
9207302.070145704,5.551676161862936e-06,29366327748.80612
9541040.130998859,5.316912378247608e-06,31320069736.216
9538467.022571633,5.095662085135023e-06,32211541024.78464
9619506.104062386,5.573495491651102e-06,30600909778.7546
10184556.83292148,5.121443123501668e-06,34277875733.96128
9752317.86689958,5.326286849859324e-06,31976049948.13945
8618649.977937808,6.397488843481953e-06,25009185737.27994
9089812.783379175,6.02811230719416e-06,27443155631.91746
8675590.406867338,6.324186861502926e-06,25368565537.70542
8992865.955674944,6.717428018205214e-06,25259772750.9808
8595002.751796383,6.569938664984654e-06,24502203544.59119
8651865.141246138,6.496485491769545e-06,24849868378.60839
9175074.816192692,6.053439934296153e-06,27623250978.2047
9744340.904735893,5.868899193540341e-06,29948934038.94317
9999314.713945698,5.596934000381653e-06,31720263055.58564
8303059.244029327,6.598864967305449e-06,23600723077.58126
7749386.794834293,6.898143335772026e-06,21385161226.85885
8441007.466334485,6.460532460176379e-06,24334106764.34864
8847156.88106999,6.444620074722081e-06,25546937679.59203
9305180.134541264,6.395210307043156e-06,27007739183.55167
9537735.166419718,6.10677357161216e-06,28547673053.79172
7619658.787141106,7.21306604578872e-06,20410591210.65722
8199655.97379704,6.742777551400524e-06,22973989060.09152
7973982.89610872,6.77963164006599e-06,22260653067.76672
7441725.364891189,7.507607353290729e-06,19409124140.12113
7511292.938688634,7.674186705271667e-06,19306036624.58242
7753734.043037767,7.321251719907961e-06,20564619312.87627
10422119.27296842,4.850102272358931e-06,36373808388.89161
10559606.2485514,4.489839851439472e-06,38799591878.68006
9984813.878452504,5.05528583200539e-06,33898162952.13565
10027821.15346128,5.235665856655346e-06,33257681138.02526
8958853.84369261,5.67415928987297e-06,28161218082.96366
9100060.153070008,5.305488682133287e-06,29915344018.97985
11461140.40241856,4.623658683897014e-06,41295619727.61341
10953119.578593,4.869098293375891e-06,38127541384.8188
11147022.09350871,4.523029185517031e-06,40757349651.50446
10430530.09814368,5.506542311069435e-06,33449302046.8786
9280462.071675837,5.724406880010578e-06,29001197895.46123
10367911.51088764,5.285956279600423e-06,34167161781.09473
6206682.560407599,8.460455651907266e-06,14948479900.49674
6503647.271550864,9.096873535249346e-06,14924353970.31646
6339567.969219571,9.333452787233211e-06,14300946188.3375
6859067.358957548,3.758531828626253e-06,28373935659.2687
8689586.505714495,3.067328564338148e-06,41161599722.9333
6846463.718638823,3.552365702432493e-06,29407258024.23064
5763053.747852005,4.402252160875816e-06,21455372537.51108
6161259.928649397,4.092322536592305e-06,24081837829.11643
6149314.899128638,3.886049953150126e-06,24878325596.07525
5378964.962128046,4.658391287923802e-06,19284486187.76299
6077466.815417361,4.327800122208234e-06,22884660095.82124
6066405.251324418,4.231906486093749e-06,23186794377.30478
5854693.008993365,6.114650321294769e-06,17508799805.26434
5801184.303823931,6.46305463718533e-06,16719557465.94341
6420318.54360709,6.315106882434285e-06,18791845761.05927
5711460.140339128,5.832425861593779e-06,17627105301.02366
5832092.796776277,5.957049563051434e-06,17747490400.96046
6396650.755910655,6.156727758351302e-06,19042297226.9574
5334540.922230612,5.691512673171562e-06,16734468095.64586
5534358.449660817,6.306060534226197e-06,16214187612.0322
5586624.95937415,5.958753876651072e-06,16997271793.36459
6700759.812301488,5.590621753475754e-06,21272440175.50137
5998159.238195756,5.701118176505465e-06,18795099486.3772
7031986.535429584,5.862294139242621e-06,21628826671.59922
5934422.533293377,4.597941184187108e-06,21461967060.09753
5244442.208538109,4.928463805287913e-06,18108879953.93694
5504973.239420025,5.314989527506229e-06,18075359208.41358
6878960.510330804,3.955178963116074e-06,27505025815.06113
8698730.725871561,3.168006101841213e-06,40327244433.56921
6867191.809317824,3.859256196331595e-06,27911088333.40364
3087551.674387538,2.508901974469007e-05,3602675166.904333
3576137.869505743,2.551803030580836e-05,4125875837.915078
3219534.50663845,2.469596025869826e-05,3796433576.843472
5750577.153326859,3.447734280985895e-05,5428613343.578021
6153088.820460214,3.328263308000315e-05,5946773526.837814
5938551.784745487,3.414752743933644e-05,5642103380.154552
5711242.517963346,3.611365752271787e-05,5227366520.112905
5642314.910261384,3.518080710981663e-05,5255170234.044457
5828525.99427109,3.485668108120757e-05,5462205674.643867
5503017.442932945,3.578007989910015e-05,5068039822.262809
5484799.319318435,3.445039845653512e-05,5180415280.948583
5532412.073242491,3.503322614753684e-05,5167269331.482684
5307134.939937133,3.607112409627964e-05,4861314060.316133
5373829.262371666,3.666038531126823e-05,4869516559.776622
5070855.087978587,3.782369430025049e-05,4500269991.363545
5758087.021621091,3.365769608884225e-05,5523596778.090434
5512541.013494479,3.496076650509115e-05,5155821458.986404
5717824.475532749,3.524823800377264e-05,5318704691.823899
5749517.525759751,3.285688975739906e-05,5604631995.218116
5683704.87806118,3.203808196047766e-05,5634480074.25665
5504156.294428238,3.415574868386744e-05,5228553440.409731
6452668.399272701,3.195989433096854e-05,6407212445.787927
6672134.352940815,3.043532096360847e-05,6844570358.065702
6503746.14588833,3.15834196273794e-05,6509148023.22281
5190184.381358845,2.941718941881665e-05,5446472750.546021
5621271.530149097,2.847062275354744e-05,6028879256.411975
5259713.303495,2.812953000966962e-05,5686614065.889891
5486012.951225036,3.215216245159661e-05,5425628289.498272
5553312.168309295,3.207782787528952e-05,5500668236.700162
5085490.136972521,3.144556208524943e-05,5104578751.094591
5967712.816052205,2.974353670562344e-05,6216503420.078989
5799875.308232485,2.887392137393885e-05,6162375294.527836
5361857.757762006,2.982088744331995e-05,5575728001.362038
5695879.234232376,3.1537422354407e-05,5706151653.773961
5941250.407885849,3.040271504272359e-05,6099154167.90999
5336776.083774947,3.049235539367115e-05,5467871916.762494
6481897.597451328,3.11519901872867e-05,6547039594.540606
6650004.535602489,3.000570204411819e-05,6886830802.16136
6365838.913573931,3.023624321383979e-05,6558991850.719488
6089844.612593806,3.362838222808119e-05,5845238390.719999
6307073.181968481,3.276021140520349e-05,6160227338.663417
6357572.535097588,3.238793185356095e-05,6257043572.417446
6139952.617760411,3.215832100450707e-05,6071594734.65745
6204018.068603464,3.27832797951473e-05,6056728696.901338
5799815.921651175,3.398174050506911e-05,5528200642.433334
6275373.534397845,2.841235989138769e-05,6739609136.851337
6416775.363736062,2.928947600719387e-05,6753192059.534501
6125517.836729378,2.979037668071983e-05,6374196962.877694
6632710.221665565,3.036012553746905e-05,6815357604.30488
6413899.045351569,3.187447229162785e-05,6380089694.039808
6348756.156799904,3.125481205290683e-05,6398488384.492508
6547257.664128813,2.975811350916119e-05,6817981765.186604
6666482.258145749,2.983235942199042e-05,6930613163.583364
6381798.303712034,3.072657711907898e-05,6505294346.594173
6118139.825885091,3.039779436957667e-05,6281422652.617969
6409223.931892694,2.990175615603128e-05,6652848728.320735
6245529.246245151,3.086189931296593e-05,6347764599.867705
6300430.103974003,2.750818796298854e-05,6913992049.303481
6262717.941632207,2.670789803901046e-05,7009220343.723441
6403695.886621458,2.784318773751623e-05,6970833802.720255
6261243.461536529,2.852625148541535e-05,6706523542.108471
6026842.390045052,2.855608848678121e-05,6450955135.973129
6197909.188191248,2.941834904944193e-05,6503787519.218682
6632466.70708148,2.940971131343284e-05,6961153935.660562
6412778.172453221,2.874065278222527e-05,6834631942.330347
6348680.136125999,2.963007676235983e-05,6630224933.184688
5526185.117294192,3.587966622944207e-05,5079954619.800244
5460019.975489594,3.781339357636611e-05,4846525047.354523
5496807.056109025,3.661851120645189e-05,4984749871.498992
6369243.040418437,3.370992060877888e-05,6103552268.666587
6355305.118328586,3.149863443164677e-05,6371992487.948796
6353258.81316052,3.201584110308621e-05,6301151723.807904
5849131.914798495,3.747105133947589e-05,5223490755.702143
6168018.379935102,3.573887660852204e-05,5684841944.012974
5866619.100978175,3.61656815488548e-05,5364428436.334729
6749726.300306309,3.577918777639892e-05,6216307809.442831
6867680.749864036,3.378533348439486e-05,6571400831.147921
6549288.640153699,3.492346226964392e-05,6129841842.670476
7112233.65425403,2.478017423240443e-05,8367642403.685539
7212765.967506696,2.289248353748644e-05,8946226728.483162
6944361.902272102,2.336249207224021e-05,8497403367.309307
7023207.153312454,2.71368858880257e-05,7777299183.580031
7064940.935887323,2.584230334572197e-05,8082661456.86635
6897631.583927942,2.44199561163126e-05,8194769480.710919
6908338.921705867,3.16711799659199e-05,6901298407.737226
6926213.254719893,2.953943344749589e-05,7248159663.470001
6574818.102814451,3.05960753497166e-05,6721093354.830749
7514066.351646991,3.02033451931837e-05,7747679762.225729
7218394.684363052,2.72844182226672e-05,7964603481.494518
7176209.430414051,2.858087455451691e-05,7676762335.106838
7251895.836430013,2.752018038289633e-05,7955803353.410624
6989204.362748402,2.622076912250209e-05,7918886560.386011
7129065.974009655,2.627909631227862e-05,8065395762.544264
6643440.916402632,2.613536347202421e-05,7543520022.198606
6554399.714993908,2.768757954192131e-05,7161592331.574087
6109272.46490101,2.568939482890615e-05,7017033966.058444
5351592.784158668,3.597549567410511e-05,4910720335.778367
5114314.094626755,3.771984557751114e-05,4547165828.27079
5553884.837683449,3.626097746561426e-05,5069563091.165037
3698023.050354163,2.37874162835929e-05,4471000982.285059
4536335.502966631,2.352927023076807e-05,5524583330.627292
4673963.246719124,2.254017811081884e-05,5857519333.419861
3090248.339621653,2.461897755021736e-05,3651573445.672078
3222288.193152454,2.422265641255802e-05,3849017337.792342
3587753.5449736,2.362882332458565e-05,4357070015.738194
4177186.961784114,2.382323567065789e-05,5045258418.876468
3312749.749234332,2.451873419974987e-05,3925153085.252295
3827197.66746369,2.352770348232708e-05,4661165620.070176
3426979.651613406,2.591869389703135e-05,3912936354.320971
3630145.089778403,2.581654916235071e-05,4155837167.266182
3137748.451703253,2.539483736840113e-05,3631793664.445184
3555856.386333909,2.469550052355242e-05,4193072039.204048
3930146.199935061,2.551903865747832e-05,4534184274.703498
4505897.352525678,2.509439980232386e-05,5256904475.213071
5299888.744246011,2.717691850263706e-05,5863180688.556252
5544151.913835994,2.721083709801935e-05,6128307096.711722
5232770.490411155,2.688578332420684e-05,5830644427.275767
4447851.831026497,2.772660332030066e-05,4855334985.324632
4799098.737436903,2.725001283072522e-05,5299666543.5632
3903837.936304073,2.666979051896504e-05,4373327930.29101
5683868.500545186,2.835766041822052e-05,6112193434.356488
5135456.549318627,2.865937112626513e-05,5483627614.134133
5373768.050392951,2.836084885866774e-05,5778291316.334201
4869040.910141312,2.809114321453192e-05,5269027690.716278
5598913.035485211,2.809575058704235e-05,6058195666.391096
5236233.538802061,2.76065619974672e-05,5732500811.080562
4779514.877061501,2.838191541230325e-05,5136760888.42757
4869794.536604516,2.875492965638053e-05,5188427650.109701
5502881.166084971,2.838201021613814e-05,5914182198.035534
4030130.762643786,2.629445169442035e-05,4557671904.557765
4198923.906726513,2.711404103093676e-05,4652379910.985068
3714126.593367117,2.634660671018918e-05,4194757989.659694
5194199.815256213,2.30671255735556e-05,6409974953.51984
5890684.143288446,2.231853237615814e-05,7431137799.512435
5778939.732410132,2.1709234915697e-05,7425946565.310275
4114348.384611767,2.184845393958298e-05,5264461121.48457
3601090.694754506,2.336834995565425e-05,4405704460.158972
4564908.348443032,2.211979347648248e-05,5793104338.531349
6017394.188471292,2.362267043325156e-05,7308963642.951829
6042019.599993922,2.363555165705136e-05,7336207967.687548
6114180.307432101,2.281782928825534e-05,7600147556.825784
4533640.116616973,2.407789505286137e-05,5437108894.141938
3695589.466547305,2.43339398847138e-05,4400906076.684092
4663024.154770735,2.473632333823845e-05,5492594854.642608
5315063.541973582,2.561297759281728e-05,6116952121.419377
5708329.768544315,2.550094790693157e-05,6588777443.970695
5234985.485833829,2.527927315911063e-05,6077697680.474628
4273624.615998409,2.576170124086229e-05,4899442659.505709
4950438.318849817,2.567660977851919e-05,5687898873.90099
4873166.436399229,2.534294533592107e-05,5648153874.434312
5139537.648796382,1.45947852750626e-05,8605819744.239271
5305733.864359235,1.586063628799537e-05,8404884012.969639
5319742.689720825,1.445678462785942e-05,8964157649.35631
5732143.134697238,1.970793066280897e-05,7856389550.393544
5567014.098610311,1.905008586309917e-05,7804726633.749848
5261825.944437083,1.795433353582535e-05,7674032229.354078
6539625.496892209,2.177971207357601e-05,8385290682.01566
6582242.981553432,2.215704128735261e-05,8343841881.320117
6333790.029509547,2.036125320598511e-05,8494294725.628302
6302160.375049393,2.293740285754764e-05,7806564563.736037
6046485.437696714,2.308451801685061e-05,7458001568.796377
6038813.573684966,2.151381282576047e-05,7806805606.073514
5768003.937067655,2.273881241340497e-05,7186438205.529741
5929697.708797128,2.344773116823819e-05,7238223735.48584
5967515.634816322,2.162907885608023e-05,7687200633.928888
6598535.28396594,2.31937876768319e-05,8113341541.253326
6455608.145145293,2.38793652400252e-05,7784940699.152263
6497648.069079124,2.343629702808065e-05,7934085130.091901
6155960.435771531,2.137924009649907e-05,7991610526.087767
6522121.270060436,2.256446070178405e-05,8167808826.165785
6421822.172605227,2.280859641842891e-05,7984711606.18792
6464840.484923976,2.27780405602425e-05,8045386371.574234
6180287.497544219,2.367029082014415e-05,7496748631.570002
6365284.755841401,2.384435989500388e-05,7683528822.889735
6034380.264385102,2.642681759930505e-05,6801469625.435084
6131900.741279198,2.593282833276772e-05,6998879657.623518
6015966.444828892,2.50454753072702e-05,7027797187.543385
5580809.399623699,2.730928798387868e-05,6153992163.817458
5646838.167663622,2.744098560561268e-05,6206863637.089556
5456087.648968032,2.790534072120825e-05,5930479176.910174
5160781.817399186,2.801595572575792e-05,5594722331.318587
5457973.487396198,2.745670105358761e-05,5996978864.931824
5334639.761193424,2.804565713013999e-05,5779115187.112075
5083276.49418118,2.791497536465076e-05,5523981731.045956
5004559.349753856,2.82380645448443e-05,5396877489.610889
4919796.322491688,2.870789171039916e-05,5247425208.392622
5209589.974668743,2.759882295944156e-05,5704398224.930052
5426210.550978148,2.735885831099767e-05,5976285383.194944
5129897.024560399,2.790234763828644e-05,5576325937.762855
5705933.771738249,2.649797740465187e-05,6419751876.649196
5677982.211878994,2.634970352035734e-05,6412246447.358588
5637105.884595269,2.682719262096663e-05,6290319537.798682
5548698.355496483,2.671696275330722e-05,6208686423.149252
5589253.462732002,2.623739178811258e-05,6330043545.290651
5354335.288473425,2.604840875326485e-05,6093284148.290921
5702707.741156041,2.689627102929003e-05,6352622765.993649
5656133.706451785,2.669773628300043e-05,6331938791.65219
5367756.626151137,2.727094837812033e-05,5924603932.819755
6193167.368606533,2.800421157340373e-05,6715792205.822042
5929221.958407336,2.731243460768966e-05,6537686613.015218
5960056.2441572,2.803012384504098e-05,6459025717.219101
5945157.935721781,2.611101099328407e-05,6754827631.584522
5801448.501216911,2.640765469561482e-05,6542090581.344342
5848615.802428504,2.660850786178673e-05,6562048147.850339
5904090.524900465,2.62061642132582e-05,6691919412.647643
5971048.554741067,2.605926738559896e-05,6793221905.64513
5874295.574259776,2.655847696522755e-05,6599135069.641015
6387761.72005935,2.392815708028396e-05,7692648230.122791
6346079.374783715,2.437348460940035e-05,7549075186.229362
6161198.931509203,2.516724767758171e-05,7174220974.548278
5907099.303891921,2.579100834180167e-05,6766987753.666029
5745129.923025541,2.60913231115088e-05,6530841128.46964
5773246.07211148,2.624137832202755e-05,6537760001.214991
5845742.034025681,2.519366871668275e-05,6802136931.339352
5855361.557659001,2.437938579514433e-05,6964210299.791214
5366611.864067527,2.496956537002528e-05,6281926698.580162
5974327.602257293,2.589420728860321e-05,6825806195.916417
5964772.70428813,2.57417379413888e-05,6841772920.382818
5830263.892977295,2.61920708920686e-05,6610611794.560422
5676261.599152843,2.002618454669003e-05,7697155488.088885
5842991.233056687,2.069093496506974e-05,7752619886.98358
5693097.368982462,2.186727523922174e-05,7280348418.838877
6107800.418923338,2.070515542359065e-05,8100264013.707504
6226192.908565911,2.009532518630901e-05,8423499353.303407
6472546.873418225,2.188302890764306e-05,8273137610.506947
4600256.250192519,2.646869081968756e-05,5179570118.763193
3994629.367614673,2.608689661705753e-05,4541453576.686567
3781365.114972535,2.618410260988094e-05,4288349276.942368
5280848.423907039,2.616256505482734e-05,5992161197.21562
5228037.462391788,2.663760600082149e-05,5861497223.927897
5539280.067386746,2.695526531964487e-05,6161563327.616319
4959213.92651563,2.593734090680134e-05,5659732119.821332
4281778.569405896,2.602973841741839e-05,4875034217.568534
4908040.580752501,2.64063408635279e-05,5534809294.36287
5816591.094809999,2.567639008274455e-05,6683119458.616943
5419546.908863519,2.578739594908181e-05,6209042805.712894
5655876.003882767,2.59779090638593e-05,6448080017.342477
5801279.558477841,2.359787230728139e-05,7051398026.160715
5896318.745858132,2.279085187246031e-05,7335120405.096086
5199490.921565366,2.353894096772722e-05,6330473732.59137
5158045.607720261,2.467310031108931e-05,6086057178.879251
5613627.107549149,2.406858782054337e-05,6734052340.333932
5021920.032074244,2.401176521920201e-05,6033746602.739405
5361939.926830019,2.469513019341749e-05,6322872104.781916
5850481.46803859,2.410351843914712e-05,7011398423.62501
5826249.926926547,2.409216041850078e-05,6984552932.084707
6217265.448405027,2.660434764549663e-05,6976394011.756759
6119065.795224568,2.710506939329047e-05,6781380409.461555
6357733.731115542,2.774604656182655e-05,6936945163.146198
5141291.287269031,2.866870747368857e-05,5488665970.940395
4779851.407950761,2.938524917483251e-05,5019511775.103452
4886165.352885839,2.911006640298124e-05,5163442706.463664
7035591.583815894,1.822276601930594e-05,10159938711.81668
6786373.996246201,2.01963440652383e-05,9150734384.319155
7060796.800439054,1.891640522298712e-05,9945530969.958258
5941474.074727294,2.589401252439051e-05,6788304326.853726
5923202.664651541,2.451321699179576e-05,7019233978.15596
5761598.084367301,2.380372403117147e-05,6962732149.497027
6354778.174150637,2.469656899116987e-05,7493349347.494225
6608951.54331323,2.301364577936217e-05,8168499462.600236
6561084.125562854,2.231307164170373e-05,8278202256.142668
6454930.498990765,2.846772309206695e-05,6923458319.6266
6675333.806709778,2.913357718498047e-05,7050346245.283584
6517274.557603399,2.852400034509626e-05,6981130050.764279
7205719.395995906,2.026262802740945e-05,9694978075.272404
6818315.2216929,2.31324298961735e-05,8398393881.526775
7124760.807254433,2.060215676802042e-05,9480440067.504353
6353168.472424604,2.518221092910669e-05,7394823292.468607
6554542.853309185,2.425699829033036e-05,7821998028.326061
6607309.96339735,2.349962874374348e-05,8053487956.228036
6333648.018125649,2.701553574139377e-05,7034688449.215493
6337053.798366793,2.681631733133697e-05,7073287378.658942
6496307.230013661,2.528465348117661e-05,7540993244.50491
6750926.208582859,2.281279745396142e-05,8392879694.70976
7010323.732338217,2.123925476147298e-05,9140681103.558022
6706376.31339766,2.377138937867129e-05,8111818197.05113
6481607.596537263,2.602842067078376e-05,7379906451.970474
6619320.907196551,2.400956722985901e-05,7953480397.317549
6575208.108382246,2.496876781652645e-05,7696821753.323493
6021815.070857284,3.106537143849986e-05,6093634205.95619
6297742.644353367,2.824508540848787e-05,6790310720.54812
6256168.090037923,2.900875503487677e-05,6626573433.272803
6414578.269994727,2.872979482812286e-05,6838272855.739576
6578841.908746868,2.494250254157555e-05,7706480790.733015
6441552.538099517,2.69662823484508e-05,7163245489.576419
6850332.609680954,2.233578452965934e-05,8637290324.183401
7061351.276542298,2.021349607096624e-05,9516126217.214716
6789711.868879825,2.23203542930846e-05,8564801238.108181
7568035.69050466,1.770104892776358e-05,11142530627.24683
7326152.314544908,1.859092155803767e-05,10439395020.68876
7392127.001584778,1.883399075338634e-05,10442580964.39945
7767437.997198304,1.720732689556922e-05,11653834754.20308
7905057.966315345,1.672226342643168e-05,12088572472.21836
7551422.954836657,1.83031514954455e-05,10872887125.0305
7641248.949855088,1.731961247008478e-05,11414903267.68709
7683679.364855786,1.730746340039056e-05,11483658944.07804
7398188.920559783,1.820942060696857e-05,10688776568.79309
7846166.919972139,1.668133344097489e-05,12018133781.29138
8221074.593296801,1.56563315957765e-05,13136164594.24502
7889161.723970963,1.666935595022477e-05,12089777606.88069
6436273.625198673,2.257649537044245e-05,8057435082.270106
6115074.291014845,2.408285357967011e-05,7332686327.04229
6231955.106798096,2.496897505586292e-05,7294975524.961586
6993508.555209859,1.980687283996213e-05,9553250554.76552
6720409.47291185,2.10934457429471e-05,8803000270.332954
6768853.546202832,2.179471122184377e-05,8675230809.453217
6561911.627428005,1.931214866271083e-05,9116118878.481848
6244337.684516244,2.040142565875637e-05,8363332620.954108
6529190.243143103,2.071645350268235e-05,8655969482.020224
6107189.488655602,1.665957841935826e-05,9362648600.092201
6532195.689986008,1.773192801169186e-05,9606279394.780579
6521835.502439963,1.654208831750966e-05,10045609311.32833
5788863.317886195,1.712328528570678e-05,8713685891.239979
5548264.112398556,1.733607007873119e-05,8283045059.0914
5894180.359799776,1.928376475970753e-05,8196508073.889071
6282127.181186233,2.601656563657381e-05,7154952368.57937
6319897.648915166,2.681684892026546e-05,7054044819.357586
6482381.317961478,2.508117548962254e-05,7565471211.58097
5439940.595046754,3.434315761721393e-05,5148736605.331974
5618447.159881701,3.221728486251305e-05,5549114371.467163
5489236.166178868,3.360006188015498e-05,5271714286.603395
6551048.734642887,2.872314893689777e-05,6984834658.126786
6709514.555851594,2.932920970470367e-05,7054899945.98466
6589904.048829915,2.926039787490478e-05,6939991518.116808
6360125.285679253,2.806384091640035e-05,6887066305.233626
6463877.141595853,2.840560353183659e-05,6943158493.779831
6502473.459196025,2.894372901189255e-05,6897773550.007026
6145100.633867538,2.746775802159637e-05,6750151561.942149
6322567.822209237,2.805014658778512e-05,6848625311.510985
6384270.910570334,2.810988207608683e-05,6905661586.149817
5673538.550296767,3.283836770893876e-05,5532647093.139825
5934368.961787623,3.113017777497528e-05,5996807996.430958
6059840.526172346,3.159807362262781e-05,6062998453.183357
5652019.652608465,3.41793821266322e-05,5366537785.61209
5603893.864359356,3.359653412868733e-05,5382205179.611101
5987856.684243382,3.236421701555548e-05,5896052303.418948
5470712.515281455,3.583048146497572e-05,5033562483.004535
5403417.803201454,3.524441030740984e-05,5026608373.059434
5452547.988632008,3.450825360668404e-05,5144196021.319125
6388945.988642532,2.636180913595508e-05,7212941487.105094
6542430.702526687,2.519954067731143e-05,7611624957.303061
6548846.092059061,2.483582819098154e-05,7693294414.192898
6080409.138112166,2.942524284242017e-05,6379492030.439583
6233093.107657804,2.784715794246707e-05,6784476808.451179
6229715.382979329,2.805388616787163e-05,6747447568.555531
5912840.343324878,3.00111876635732e-05,6122667814.854512
6213507.698049528,2.877154512527812e-05,6617511688.03063
6195735.735463739,2.811289075276437e-05,6701250959.072789
5590728.640942408,3.278470161922927e-05,5457841546.949138
5721121.762020972,3.140482733802295e-05,5747560933.935226
5849670.006825767,3.10868471264791e-05,5916709529.937851
6360053.432308821,2.775112821040321e-05,6938629023.003361
6494996.964236439,2.592677012548238e-05,7414468213.776952
6342072.965787523,2.709192914632996e-05,7030797887.176242
5908888.170175579,3.173744195670531e-05,5894647295.419035
6141054.454800681,2.967540011161124e-05,6406859884.994242
5842167.020810928,3.091896301369914e-05,5930491516.042857
6026022.757801748,3.15753055819567e-05,6032061016.904671
6273331.976435551,3.103997683916633e-05,6351612743.955937
6302045.635851578,2.875027399961393e-05,6715116502.24453
4781295.978259939,3.047951091483627e-05,4900122826.897809
4797244.125498616,2.956278785056357e-05,5017586811.874368
4691907.347822702,2.983619855979245e-05,4877385710.913815
5018386.073221802,2.955542775752273e-05,5249757424.536088
5086758.447324282,2.8248521240517e-05,5484166558.170188
4923221.837249831,2.903200590091279e-05,5211923624.486249
6046820.224863011,2.710021652155037e-05,6702115117.901895
5988295.087499755,2.664141847619813e-05,6713231599.931001
6222872.692004229,2.768380081338015e-05,6799971706.868379
4958536.933811069,3.012495394037787e-05,5121564243.107638
4863944.587147385,2.962760196013632e-05,5079928710.692423
4847885.859836082,3.054672900501007e-05,4961076356.760646
5728359.815006894,2.720339482154223e-05,6333078719.202115
5392644.815706766,2.757699196543632e-05,5907955582.945076
5758668.002952633,2.792387006125971e-05,6256598734.29753
5617794.453068139,2.673943184242939e-05,6282479230.406484
5549501.844635831,2.706834709482982e-05,6155729237.082712
5330409.202456918,2.731517747104448e-05,5877029432.20764
5035065.078298534,2.836339388065463e-05,5413767793.876207
5206810.023529424,2.840904629666284e-05,5592430932.818577
4950043.001733302,2.8852565880402e-05,5262022218.123029
5709429.747324398,2.762883865393032e-05,6247184227.087829
5831781.59332943,2.808782177042751e-05,6311354051.113554
5517615.911573107,2.810947063489605e-05,5968286839.658709
5987371.84637312,2.999132828216067e-05,6202580800.364841
5857311.026943657,3.031708573543845e-05,6024300838.947876
6138890.462728471,2.841249177175399e-05,6593009005.453928
8857956.910428273,1.413126733128532e-05,15154658528.80548
8612115.072315702,1.455357529629727e-05,14447632718.40919
8824634.771578128,1.370518958382382e-05,15408961679.45525
8704461.083191685,1.334926432144282e-05,15468101018.61975
9015897.450186165,1.365157925125651e-05,15784119739.07677
9529685.604992723,1.251504230938278e-05,17678972689.12421
8167926.863940978,1.587852466030528e-05,12929202628.10209
8028027.487092406,1.636355126508555e-05,12455384625.1005
8605101.548835021,1.492802216591767e-05,14193444992.17155
7508573.116046894,1.683342795867114e-05,11431653115.98137
7359183.284858084,1.791513022699704e-05,10748544029.15755
7813063.507091455,1.656997935028564e-05,12020984659.88888
7567709.235071764,1.547071092861786e-05,12188705665.13479
7560954.283084812,1.622255773951086e-05,11798597698.74322
7866494.382030644,1.595775068961883e-05,12410809792.26175
7192558.856038167,1.36615265651012e-05,12585890154.99987
7506414.122761494,1.45192988656327e-05,12612526464.1095
7933993.557405502,1.375540213791838e-05,13820051109.88352
6866660.431908362,1.61393195972316e-05,10751987648.83193
7094051.569671481,1.67543552555181e-05,10834508000.92971
7272931.081887094,1.56142126657291e-05,11642048712.40015
6737339.625146143,1.670858848244243e-05,10308495013.35141
6747869.522522846,1.789840914324847e-05,9861819637.020491
6962596.862470156,1.732559079709464e-05,10398703968.31425
7104465.051867815,2.098283247443475e-05,9338747648.215839
6726331.896942592,2.349082090805614e-05,8200610097.770391
6719830.132980302,2.385540714590395e-05,8108995749.662907
7249525.533505291,2.17942322237773e-05,9291415203.693714
7258805.514950337,2.038702650537442e-05,9726633877.766376
6980431.906465282,2.22669085252741e-05,8819467109.344196
7305648.278279807,2.145196374512783e-05,9462677889.482336
7303935.713473908,2.241515786046413e-05,9187465914.614779
7202767.805985564,2.430374705258241e-05,8584544516.530828
7423910.789281759,2.016965657064404e-05,10019216060.8448
7678185.854578925,1.916785122895007e-05,10720367338.94627
7422184.417968998,2.113197582278201e-05,9710427220.58135
7966590.021545685,1.629786630662958e-05,12393252574.40263
8377669.699143638,1.513468990058175e-05,13692230945.48228
8344330.341440034,1.527271764211706e-05,13555450032.15234
8203270.798712304,5.567949918798631e-06,26113003968.9929
7868846.563766317,5.855200560809889e-06,24222365877.18066
8667329.086363548,5.348634116235041e-06,28339359228.01012
6939513.018368647,1.713087615720225e-05,10442615268.69402
6256171.44632377,1.657337815048588e-05,9624273333.789146
5774806.552870537,1.694615523761047e-05,8752994460.350325
7950787.424905868,1.837360508249011e-05,11418627103.05032
7659361.739199638,1.774038916459043e-05,11260313604.99983
7567455.59160929,1.819350019385265e-05,10939707441.31998
8106246.199449309,1.83125266984521e-05,11667763275.26087
7870445.190720064,1.806534027658108e-05,11431464394.71849
8123580.118194153,1.756688773581523e-05,12021285662.56277
5583584.153979934,1.625574537177801e-05,8701119651.345976
4331406.570390242,1.585939919935659e-05,6861795914.879822
5129362.619704929,1.662786259155254e-05,7873583747.893445
7056692.785538352,1.792253394550761e-05,10303899236.66714
7145452.690625645,1.746816236244361e-05,10613654222.98688
5962802.994180943,1.728467105201614e-05,8919552135.557688
6552270.128328119,1.58490167820961e-05,10384611254.44135
6074115.552516307,1.55926020940974e-05,9732042242.926664
5747362.322308335,1.534273874587998e-05,9308220227.407843
4690053.783125992,1.460822726528845e-05,7848370171.624887
4980814.043688109,1.479227458862285e-05,8265650182.1467
4841852.227683997,1.456563155023495e-05,8118179520.019854
5121523.305037796,1.528406379116719e-05,8315848950.51085
5284669.905961228,1.578203288981089e-05,8399289864.194693
5130952.732835479,1.539013432955705e-05,8292835937.719907
5241507.283934909,1.62723267340431e-05,8162498034.580848
4903193.733950215,1.624509399062572e-05,7644179930.957758
5138778.944682831,1.688664445933097e-05,7807242987.43402
7137019.754373386,1.8440580352281e-05,10225090854.97309
7026275.044335128,1.914104135052194e-05,9819320570.854946
7146281.937370987,1.79627365957822e-05,10419138517.49218
6714474.577982927,2.071064465300685e-05,8903271607.389622
6849278.31839778,2.002924074443532e-05,9286851253.656021
6685042.621734357,2.013837534677085e-05,9031389232.011509
6328649.800595282,2.170022635587425e-05,8134575388.415167
6583701.014064098,2.112698759600521e-05,8614797006.311682
6554557.39721787,2.05558659187426e-05,8734797746.544226
6667442.090714326,2.156907013522535e-05,8604750930.655699
6844822.252753025,2.03875068416624e-05,9171761683.276854
6710062.588340745,2.10683694887834e-05,8796419924.688606
6702368.540351281,2.12407617604775e-05,8738728486.282084
6850761.054988907,1.976223852953415e-05,9372340586.186172
6880209.640397078,2.006089367784689e-05,9318975156.85997
6660445.097901596,1.863767275182171e-05,9474918102.872869
6742831.314171138,1.905527262080287e-05,9451458912.039469
6388896.966588283,1.911887418606225e-05,8935475618.950773
6343616.990476904,1.756267106820115e-05,9388796126.322378
6560120.44746606,1.826416881457529e-05,9458999552.015766
6290646.569439178,1.874428219047884e-05,8914891798.971003
6397817.696684047,1.71113784357023e-05,9634781351.291855
6507927.643866885,1.693231090033163e-05,9869577454.803537
6615236.360228068,1.781071828498547e-05,9699687510.633471
6949990.718027014,1.89785414043609e-05,9768075404.010323
7099261.343197171,1.809788579748547e-05,10298989177.77235
6979651.582427979,1.927491122755187e-05,9708947497.112572
6869648.214595367,1.55148964796163e-05,11043377291.55123
6894884.117875382,1.58327846197099e-05,10935083461.66927
6911445.389452748,1.658285239912686e-05,10628273557.03464
6875037.714675102,1.462982409609311e-05,11493413069.06949
6811504.013866442,1.513785135662117e-05,11130983165.19137
6641789.015107077,1.590173624638842e-05,10503209909.14887
7566716.572120523,1.332319670246504e-05,13463826513.07985
7351742.649468058,1.356145339468857e-05,12927646622.14673
7088809.556782592,1.440898280845886e-05,11971569567.40987
6636143.453316109,1.382943459650637e-05,11518063869.13445
7101491.146381277,1.327677659718903e-05,12665464389.82084
6309131.600280391,1.381090102202807e-05,10960278199.04855
7009817.77904424,1.515972121403058e-05,11444036969.19678
6976858.186421489,1.533237438105213e-05,11304558840.18839
7183332.373901369,1.443369277438287e-05,12117350134.06864
7916934.138817026,1.254052287792455e-05,14667179336.95898
8188179.567126977,1.193291351281722e-05,15680372044.83339
7992397.234070611,1.212486400461619e-05,15143484245.48355
6473958.991856592,1.343062833394986e-05,11457918358.4088
6202981.234101182,1.36432473530284e-05,10863971858.58361
6710359.384696233,1.283665034195592e-05,12239902897.2569
6225210.616741509,1.200456196465183e-05,11873802957.6945
6197214.205593286,1.279582485626825e-05,11327941121.34555
6330264.533953725,1.211941918836368e-05,11997773372.71311
6377051.617284221,1.596359027148457e-05,10058492211.50042
6410253.770949937,1.611874513882944e-05,10045874241.19332
6585377.794352598,1.649332459652013e-05,10163467219.99387
6471054.792104094,1.623103367108115e-05,10094332934.26212
6392185.644188529,1.599182097982448e-05,10070493801.23066
6600756.889346409,1.651976562630873e-05,10176329252.27139
6158924.652055394,1.540942498052534e-05,9945972843.248959
6032097.059590685,1.542234361963628e-05,9735719903.873383
6216162.219756079,1.560790094275139e-05,9953122274.316574
6138654.88627736,1.446806825782828e-05,10338705997.83698
5984130.332246382,1.496401032044853e-05,9854525350.26881
5994601.721711057,1.427138241861671e-05,10188642054.0317
6232933.75716172,1.506876647913075e-05,10216623194.09096
6277222.111472694,1.51867496537539e-05,10235858493.06513
6334707.670196389,1.556244403921947e-05,10162675135.98281
6177957.847123554,1.461785020730501e-05,10333702060.9165
6150713.472766362,1.486656882578096e-05,10173061397.9375
6022936.260014206,1.511631893591754e-05,9851693748.605553
6177265.562118298,1.436466885594364e-05,10453599555.68756
6020202.317024156,1.410272092067587e-05,10313572964.7927
6150022.71595546,1.461309613366753e-05,10289206711.40602
6216363.566325458,1.351257063194891e-05,10957490135.59519
6264205.694684673,1.4054508238022e-05,10756118389.43339
6387827.977140834,1.364971222266797e-05,11184181732.70256
6101432.518713261,1.480896666180015e-05,10117704133.49335
5812815.030867592,1.451970577753848e-05,9766702510.254854
6145252.020286719,1.492617838909545e-05,10136949425.47453
6255783.419166375,1.869790530798109e-05,8880138389.558809
6584050.645164235,1.821038904019911e-05,9512186285.176414
6610765.105850479,1.820108616031642e-05,9554035610.833677
6758836.505738755,1.796152638836278e-05,9854693331.387489
6849325.314258054,1.807275853348009e-05,9945611633.797169
6887235.888655494,1.759106411702652e-05,10182401482.05476
6434749.257726263,1.915223485538665e-05,8989150591.021078
6217131.583110325,1.898907870191488e-05,8734823412.347979
6562341.39652353,1.87091863064285e-05,9311555161.803719
6019268.228245822,1.969030112053417e-05,8254842499.256044
6438003.833624885,1.932663013754818e-05,8939511910.156643
6213706.808050363,1.917841459195593e-05,8672459668.11705
5911333.62708518,1.916235675308318e-05,8255046490.168006
5471970.822271524,1.960193800541113e-05,7526812521.902386
5996092.437883363,1.912713843999334e-05,8383685638.730977
5164274.520019205,2.200048451999625e-05,6577403573.305225
5019555.417844808,2.299032020022145e-05,6208241082.372191
5594645.288208539,2.162915418670402e-05,7206861880.252764
7165675.012807744,1.794496421584036e-05,10454310059.34971
7174955.765069218,1.746710615701445e-05,10657906880.71483
7140348.674665532,1.715858338848749e-05,10733263708.951
6772472.64089971,1.421946937043779e-05,11538738537.43143
6958315.097221578,1.488199639071906e-05,11500850586.3974
7131194.99554131,1.415527568873963e-05,12186624338.21961
5974842.451505949,1.512539206139782e-05,9769118197.610241
6101069.845214585,1.511599649251956e-05,9979638470.737921
5985305.715123391,1.443407852401322e-05,10096254643.41761
6951542.525134369,1.622641921808585e-05,10845911486.50762
7097258.617218035,1.708762559315148e-05,10698005521.29396
6968171.662524734,1.697542678531665e-05,10549657813.59459
7201627.032907004,1.40292117651704e-05,12380602459.26854
6966784.037017445,1.519468640117967e-05,11356326073.89058
6941416.774559986,1.487638324301143e-05,11475806469.5122
6978475.059479859,1.564359015160646e-05,11156712569.94207
7056838.962056412,1.636770050939651e-05,10946747322.96095
6945589.321783836,1.581497621444927e-05,11023768186.43214
6246491.020150971,1.555243600234126e-05,10025449138.13949
6304133.110260922,1.57496689501615e-05,10033314404.84007
6382458.833248068,1.59907853915448e-05,10055603932.16928
6760817.729476507,1.800316043327085e-05,9842378443.148485
6831517.324470056,1.769652677131744e-05,10059857195.36367
6752004.418436065,1.822094296672219e-05,9751067257.804541
6744828.830464118,1.770080163910719e-05,9930603508.403408
6771305.120334751,1.732789145031399e-05,10112112783.22125
6732072.743526865,1.70825313912352e-05,10149562333.44425
6261629.154899543,1.876890734584838e-05,8866005900.956797
6616774.371855305,1.827103773753789e-05,9538297177.604815
6608055.483565084,1.848912304238249e-05,9450674505.976929
6713105.199759704,1.7921694522201e-05,9802512528.084013
6766546.919056904,1.753767183049684e-05,10024263438.37634
6740079.942388348,1.791063869304635e-05,9845950897.533155
6724290.433987392,1.834466214579485e-05,9667332393.849848
6634634.127978099,1.823800308536406e-05,9575588073.104956
6392618.574548718,1.868990767250446e-05,9076965575.193434
6874902.251638308,1.742522951412632e-05,10228552759.9724
6800193.115213587,1.741545717633215e-05,10121184142.80499
6746618.429952041,1.779891151280287e-05,9896702584.308405
7111480.147494256,1.808623813992565e-05,10321144033.48263
7086249.849138362,1.730011087306837e-05,10593769918.66608
6959270.01899647,1.803730219833675e-05,10118496047.50265
6889570.966478495,1.703955927255051e-05,10404469455.97844
6977652.628439635,1.678062473967809e-05,10645611049.49339
6644008.229455236,1.649357239268301e-05,10253851126.43903
6746727.484937591,1.710406207441479e-05,10163118570.12456
6830190.151149953,1.74167322750625e-05,10165334572.05937
6759497.441831255,1.772363850638712e-05,9943649760.670786
6553508.441660628,1.64879245098787e-05,10116490303.90334
6684030.163393195,1.677824519230331e-05,10198603552.87116
6723122.504846125,1.702392879657063e-05,10159316615.72046
6835412.816361544,1.712128740864571e-05,10289804810.08595
6590825.928634102,1.657533097020216e-05,10138297604.64297
6760919.140509916,1.71081507434517e-05,10182873837.5622
6815373.551027104,1.52669250834561e-05,11074444429.07476
6631462.82436195,1.46036314637107e-05,11099466283.13958
6561233.781333393,1.570087512198466e-05,10464125491.36144
6506711.940417731,1.6398990265076e-05,10080533295.27827
6766209.417301143,1.708500868647397e-05,10200042139.7518
6683139.786946141,1.677341231226945e-05,10199203645.01267
7923090.568542168,1.282448559781945e-05,14461099609.02387
7726451.951459354,1.301067619595775e-05,13967334343.67323
7308957.651724605,1.358884434395579e-05,12835134664.94836
6163632.98434969,1.376659687920115e-05,10730477305.17627
7510629.20859215,1.301095697341935e-05,13576989894.5464
6913021.931125184,1.377554170842537e-05,12029903510.78333
7576479.6128976,1.142396477904441e-05,14936753776.61955
7587742.061456093,1.079243533746475e-05,15536967435.92134
8096722.343784698,1.105965983086612e-05,16311030519.32979
7399011.290648019,1.361286037577296e-05,12977989844.85334
7427973.24805849,1.334584114343804e-05,13201999041.45602
7635504.257868438,1.304139863676802e-05,13781239392.39881
6904438.699076748,1.378632669780037e-05,12008700149.01463
7266594.285956243,1.372292665573507e-05,12677484402.07176
7500978.211655371,1.315105139630228e-05,13463074651.31521
7251186.564061736,1.410302683526339e-05,12422266943.3437
7043732.391479224,1.500182953164425e-05,11579950339.03745
7279858.030548781,1.383584372052645e-05,12631428787.67883
7538928.647713924,1.298833314515127e-05,13643967824.39378
7416583.107190514,1.307183872049482e-05,13365321610.30461
6940850.753823056,1.362338660642076e-05,12168096685.2278
7754298.721046683,1.282260413117094e-05,14154407817.53729
7828984.533125757,1.2406858942181e-05,14608228003.76522
7536657.381234926,1.30610091137282e-05,13589212321.50949
7848052.034734763,1.182962770268762e-05,15116380758.82962
7903503.423104983,1.196592091494162e-05,15107370967.23036
7821440.750400754,1.240881113916293e-05,14592621230.03456
7811306.494943575,1.201786741100883e-05,14888081579.33249
7606706.114484258,1.195411720691112e-05,14549619342.46168
7605834.791744369,1.254416847863151e-05,14088095995.05434
7770950.746722271,1.262966551514108e-05,14328902376.07928
7852748.811904328,1.218677252471077e-05,14828454966.87805
7646729.144686628,1.271304995977865e-05,14038128220.70432
7764658.712714452,1.149841909859506e-05,15241590258.31919
7491107.625133265,1.108405503198575e-05,15068855017.19577
7819815.221273127,1.163463644315885e-05,15229814475.5594
7905685.259129088,1.20904070092125e-05,15007634335.93292
7848595.548790995,1.186077867871356e-05,15090946577.47951
7821983.342212969,1.243994176099358e-05,14569276603.45565
7533828.083169312,1.303898177961392e-05,13599405390.4413
7826100.881432372,1.238492691434614e-05,14620082043.84907
7742822.456275757,1.273447924411605e-05,14198588552.63319
7938547.535677654,1.175062931745485e-05,15359142348.04996
8133673.198126527,1.155863647165636e-05,15910444596.07323
7703648.500269103,1.104397907423105e-05,15533860784.43575
7334388.713712807,1.049649414881698e-05,15299165569.27417
6981785.000558282,1.001185348278337e-05,15029925018.23852
7238845.547012673,1.055863820789467e-05,15040561078.74998
8265718.232205299,1.212019805164525e-05,15665374642.36295
8390201.428767074,1.138247993260168e-05,16581142758.29665
8338592.748811049,1.169930594721149e-05,16180279951.16175
7368081.333070404,1.143851112692914e-05,14513586486.02991
7264638.628391141,1.097382169926429e-05,14710996176.64276
6966517.106263578,1.101220651268943e-05,14074494632.43256
7440881.091877135,1.262892805560709e-05,13720819093.80187
7441742.914566945,1.203887445946572e-05,14167201541.15746
7153440.531988073,1.235710726872239e-05,13383522293.01724
7176892.453117316,1.032187019592409e-05,15139011172.34725
6902871.481818105,9.754791927734781e-06,15119976433.50282
6995337.364024079,9.44666021124354e-06,15653920880.44153
7734131.482745239,1.150382746653961e-05,15176908339.6172
7407249.100782705,1.095330356845574e-05,15018510659.17947
7425970.075232023,1.09753298666531e-05,15036317015.02945
7687373.747864147,1.129386885077563e-05,15271540074.33632
7511895.879048939,1.081705221873565e-05,15358316345.42576
7415199.687277265,1.087970338485154e-05,15102359843.60989
3990905.732946376,2.521019374756209e-05,4641809867.623418
4570489.30333376,2.470429613265316e-05,5388249622.016746
3755730.095589899,2.577579253686848e-05,4304139670.90612
6659557.355523963,1.758006940687283e-05,9849895887.498602
6828500.716323788,1.826513630099317e-05,9845627811.241755
6887538.914547851,1.775451711986091e-05,10120255777.88614
6716986.771425133,1.942014595561124e-05,9296928692.327505
6792377.3135981,1.919050787253047e-05,9476125937.334145
6821091.932534258,1.892032429764955e-05,9606566324.69593
6112592.359438119,2.042626497648255e-05,8180241525.75861
6483952.350039152,1.98211672219075e-05,8852929334.190416
6344369.410069737,1.96922780002301e-05,8700104925.484835
5706151.684233527,2.124498509966377e-05,7438848117.280471
5546362.039341758,2.198790714054881e-05,7066737379.912509
5253446.473686469,2.161161825277876e-05,6770999576.486366
5035048.919658074,2.051421836041522e-05,6718934052.722944
4758462.403089942,2.131733973328711e-05,6189344237.955082
4515229.754599605,2.176321806702312e-05,5792478691.883365
6337342.817187634,1.863231244294597e-05,9017012990.484875
5963268.670134641,1.864950556730457e-05,8479550448.53771
6284726.040162699,1.909943758111173e-05,8795745032.736975
5268543.04395194,1.973717508723499e-05,7213851591.00331
4946157.953082271,2.081037665843094e-05,6537544940.891894
5228070.334147009,2.001011766778718e-05,7093191091.187802
4748974.068096574,2.220482089745473e-05,6011298329.891376
4552233.027102903,2.324612900760059e-05,5588870622.944286
4186533.347258085,2.294873758369775e-05,5184203269.504638
5489110.184643072,2.188448190014383e-05,7015809190.285403
5606395.666711797,2.205694451510025e-05,7128314361.409773
5767041.638979689,2.131267668072596e-05,7502299932.057857
5351301.274776134,2.254379967011065e-05,6705656835.379662
5315669.353467067,2.331818451031115e-05,6512705939.047245
5362423.456604829,2.334796170640143e-05,6564401326.129909
6114900.093557088,1.972170909124025e-05,8377086507.017076
5581300.128400792,1.993980406050033e-05,7590227375.066131
5887392.571369948,2.045733307551965e-05,7870886529.075047
4965361.954960997,2.410644640376933e-05,5950161897.753284
4218264.275265314,2.488794895102175e-05,4948509177.501865
4528863.683141282,2.477452063275729e-05,5329082072.567863
4608435.073432432,2.248500812406225e-05,5784841187.966662
5122674.063340968,2.310297879313286e-05,6315165520.641387
5157654.253052813,2.232749433377474e-05,6504674470.884411
4630412.950372688,2.413299543861267e-05,5544710855.099773
4232251.792528759,2.472427094292365e-05,4986806323.044739
4935481.846019195,2.391156273794143e-05,5946447449.570148
6306398.644257476,1.580266679358997e-05,10014466810.8973
6294148.210127061,1.589968031801247e-05,9954314783.043713
6076512.028972164,1.555864762584589e-05,9750041524.577774
6913507.173027596,1.725717997508134e-05,10352657956.85868
6825886.76965377,1.681181257067805e-05,10401182582.6538
6790328.945066791,1.654626669459722e-05,10457409946.33373
6781869.877554351,1.707846608847403e-05,10226261129.42669
6522069.335267885,1.639098752593438e-05,10107614386.92849
6745504.745575807,1.674456420014464e-05,10306199687.66407
6951649.737698115,1.830612581488203e-05,10008221763.3034
6912020.083087992,1.766819077498289e-05,10189282532.07056
6963243.216774442,1.778050429096289e-05,10221520765.14623
6589681.710310305,1.909695108890294e-05,9223344161.678278
6718793.265383578,1.865342885475847e-05,9552539192.070339
6837413.174051703,1.876674175281678e-05,9682018450.477449
6538735.197861221,1.967817601362602e-05,8970924245.88356
6116927.002350211,1.9950955458769e-05,8315547176.006064
6613121.488276861,1.944797920108349e-05,9144434360.566065
6168357.378831079,1.885185030222689e-05,8708303154.876158
6254932.744772343,1.881873130502697e-05,8840885176.610659
6494352.158540589,1.836513817382133e-05,9329815049.865316
5479067.927045503,1.986019497122861e-05,7471096503.188555
5346438.247236027,1.978556032075776e-05,7308568454.554192
5780829.956870577,1.934565890210299e-05,8021726377.469361
5857873.421187811,2.00412574107247e-05,7939442461.047566
5657612.4295181,1.996598832773175e-05,7687279135.93006
6177369.65443695,1.961429014236336e-05,8493535901.023807
5156014.151758892,2.023098057477104e-05,6944422656.252736
4511866.311915359,2.082818596041354e-05,5960123495.209079
5027378.207189329,2.015619917170971e-05,6787905655.268272
4556960.146118015,2.112920096220346e-05,5962382696.858915
5030522.871854977,2.140201090392525e-05,6525944969.573055
5395987.06755698,2.049477019120609e-05,7205136256.705517
5089832.211551415,2.014277188067627e-05,6875284008.69451
4571041.837454546,2.081461527551364e-05,6040917957.671373
5411309.422227183,2.017932011309311e-05,7300703001.730637
6213650.370498989,1.941744758045058e-05,8601061476.189404
5692335.587329626,1.976862532105003e-05,7785852684.245275
5999836.499079162,1.92532959856952e-05,8352234720.791112
5040191.270066195,2.047386688814473e-05,6734630417.532389
4577829.813867657,2.112683190239214e-05,5990136588.077115
4403562.141293928,2.106940478888551e-05,5772571018.990005
4190832.701927814,2.183218881407886e-05,5364988619.40133
3516753.574842028,2.329676244688925e-05,4311332885.177578
4024166.757104374,2.177538385296215e-05,5160582866.525724
6512207.9620968,2.225707437463966e-05,8230310304.618687
6554330.178741313,2.175696399921765e-05,8410002406.217376
6226602.717180991,2.314709556606906e-05,7666317831.951368
7048216.274329158,1.712264794663289e-05,10609590059.70149
6959688.945416717,1.738194203070701e-05,10371883539.55795
6921579.21047833,1.786315018695155e-05,10128998190.90507
6982989.999158606,1.615997184435886e-05,10924821594.54144
7094537.578058232,1.671148708091574e-05,10853772017.86988
7129033.608029517,1.702152898859623e-05,10773701770.95059
6981060.001962904,1.645454394439103e-05,10791060751.43719
6903119.163169291,1.572965073279436e-05,10995947323.72264
6647333.151500052,1.616436076934664e-05,10397807083.16669
6790584.836047168,1.872097827785144e-05,9631371906.62414
6685873.388230716,1.921259624193203e-05,9320390545.437469
6667718.026383736,1.957655990519724e-05,9179512982.164005
6210920.192131014,1.489239067969223e-05,10260763277.27526
6415575.767829152,1.423224109116256e-05,10924127919.941
6094113.570408501,1.421452994713218e-05,10385375608.41109
6279094.79331806,1.588021349485465e-05,9938621429.854095
6246234.509864735,1.57258778157192e-05,9951190054.101564
6061721.3139166,1.554066093773285e-05,9733812488.474237
6431769.983491528,1.570208214080475e-05,10257125624.77848
6501304.561377079,1.460182562992232e-05,10882509950.623
6295275.112302313,1.526503042765e-05,10230171898.41675
6932554.309916418,1.91915915630588e-05,9671324432.496822
7031768.833241329,1.870211114569119e-05,9980159817.503674
6319396.626557689,1.874347070231699e-05,8955893892.956976
6196620.453392882,2.022169457121308e-05,8348527175.101823
6891327.898055574,1.967756149967876e-05,9454866383.286667
6954219.245300224,1.96535246581378e-05,9548930810.983065
6752403.667349363,1.92433480580648e-05,9403105461.520065
7144515.739721733,1.882704720889393e-05,10095271182.68277
7044506.165553148,1.93169110202676e-05,9784953527.278181
5571482.037743283,2.117458334157674e-05,7279375999.977271
5286333.758183908,2.079588966526056e-05,6990414200.128055
5611107.596483259,2.074999718146537e-05,7430817044.828545
7159253.574614949,1.836458680256907e-05,10285221227.71547
6859578.300242615,1.806800502635791e-05,9962246482.19994
6718858.0360932,1.890140717736002e-05,9468896576.045578
6630110.065255065,1.695462376822744e-05,10046049184.78919
5880971.733216297,1.710408109111527e-05,8858957007.522858
6120407.720466833,1.661400398680762e-05,9400064077.751314
6806820.075704968,1.956690888420287e-05,9374097276.796392
7535744.659505201,1.856558813622468e-05,10747819559.08345
7766514.736000983,1.881219713525343e-05,10979936366.31261
6462367.055568064,1.797385805784261e-05,9418117044.883596
5963924.204621372,1.744385834265023e-05,8866871498.28182
6718169.654230643,1.729474252632217e-05,10045577294.80486
7068375.025777426,1.919387030255378e-05,9860021906.773056
6817396.196164352,1.855055510927432e-05,9728530854.103045
7397830.253439649,1.843879975963307e-05,10599432089.07066
6671282.924518299,1.937998901168392e-05,9246421242.438591
5841210.679575677,1.919455246720023e-05,8147997306.200097
6427520.459557809,1.874085757100905e-05,9109974493.343029
6389249.656501508,1.804101627930683e-05,9288434566.876497
6412342.675318627,1.745105903692964e-05,9530935514.4531
6091510.006348096,1.734052396466875e-05,9092503660.611469
4730360.604416675,1.577940283940597e-05,7519123302.833443
4593646.696276557,1.531385820389687e-05,7449054909.560396
4911364.372802492,1.552229188771243e-05,7892808968.993434
5428526.014267558,1.590796662747387e-05,8582335261.830415
5699646.720876839,1.578881112703034e-05,9056248233.400518
5272715.354623104,1.551649634671003e-05,8475627949.014283
5333342.109655277,1.70607120702121e-05,8047630110.564013
5685256.238587456,1.69438032374503e-05,8618058618.891529
5437987.585057991,1.644749742728414e-05,8408237951.929466
5813166.104522884,1.669966799693029e-05,8897626568.126698
5837520.600851688,1.608392125918571e-05,9161511561.965668
5563100.584083411,1.620419744845252e-05,8687574889.326994
5667959.685859377,1.806623057403756e-05,8232183707.364824
5743581.979902387,1.73480908519365e-05,8570675106.09848
5389838.53147611,1.746650184104657e-05,8006421787.092825
6638487.28869075,1.717232814687652e-05,9973547845.999147
6866110.945700074,1.734742572955658e-05,10245994666.54223
6743357.575039685,1.663589001246172e-05,10347739707.56502
6356017.83417573,1.638425920271531e-05,9852971663.448313
6480163.663552002,1.688637433073345e-05,9845286673.446796
6459026.143297327,1.616778598424739e-05,10101828889.27967
6106058.782691141,1.559973650274828e-05,9780239105.102325
6262362.509259626,1.606227252374065e-05,9837095264.770811
6364612.154560142,1.58464632983933e-05,10088278068.95821
5986791.820540581,1.611902509255269e-05,9382134236.40188
5962127.581987207,1.673366560015717e-05,9113262386.087801
6157378.732169879,1.634337758825593e-05,9560956103.969887
6553223.954269403,1.83062207143713e-05,9434579475.046686
6744505.722444776,1.840299018594026e-05,9675896134.726292
6576611.160941466,1.771735513712599e-05,9676899666.38727
4900348.152651655,1.523723546043964e-05,7973019331.209421
4590982.102092345,1.524181733971372e-05,7468174056.135006
4727656.644046125,1.570881564747538e-05,7537320202.154284
7359199.600162576,1.723076047526297e-05,11031323448.53643
7933229.079011725,1.729509516696852e-05,11862275995.21012
7683101.058853026,1.779670583863574e-05,11271372367.8576
7147525.75565227,1.869888575958546e-05,10145619645.24609
6707496.805565761,1.923348591223752e-05,9343762809.34938
6813717.425456908,1.94031678310675e-05,9436313451.446539
6307968.263060703,1.889925828068748e-05,8890502862.944098
6983608.501220582,1.932424966771738e-05,9697909456.226364
6920584.099881784,1.934698177312286e-05,9602860109.39452
5690373.380379717,2.745841144627758e-05,6252069903.4975
5442874.028790124,2.744597788614433e-05,5981945844.270104
5812521.952066254,2.792594203748642e-05,6314796863.415026
4897547.970732472,2.698292461389963e-05,5444015485.191166
4833035.912045825,2.668270284452742e-05,5412527830.08005
3992679.887090875,2.641399519062397e-05,4501684930.263634
5557089.413721859,2.690648009450571e-05,6188842919.949141
5362578.129226779,2.623460615266635e-05,6073754961.02355
5622978.125114869,2.70167366469817e-05,6245172917.809957
5163736.023709224,2.321001094887078e-05,6346200694.981948
4308122.419959068,2.293419697732459e-05,5337022211.486727
5024397.87563321,2.275423235706937e-05,6257140365.816884
5976786.515160324,2.418039752004861e-05,7147576067.923545
5454576.329361632,2.403182958602012e-05,6549927100.117079
6146010.598373569,2.344389445351568e-05,7503089607.971089
4653691.894211533,2.373309084994525e-05,5635010879.481874
4221105.505350705,2.318022021856104e-05,5192157233.107737
5068427.116820089,2.345465690757594e-05,6185675731.221414
5283765.274304887,2.342481604636892e-05,6453956841.741663
4895110.951816476,2.346074298612652e-05,5973121726.710381
5387687.844525809,2.279429495503698e-05,6701700000.495115
4342504.981751655,2.465731292985531e-05,5125975121.929116
5100079.962037476,2.387404874951776e-05,6151196503.756434
5054486.400088765,2.384710105851777e-05,6100797887.916051
4655024.188274577,2.452518686136103e-05,5514596302.629736
4715814.221710354,2.389146812889716e-05,5684969371.575124
5097421.590135982,2.385827395412249e-05,6150699931.402628
4115540.467216936,2.569853180810296e-05,4725937801.703337
4318937.156958302,2.517214183435753e-05,5028403323.446687
4015751.134534927,2.528777083000769e-05,4661150145.344542
4040733.07020105,2.584867183768231e-05,4622050363.015665
3724305.029779836,2.591057349540247e-05,4253311854.092885
4242295.125338785,2.53264391568373e-05,4919090233.79129
5051864.087401466,2.133434710487858e-05,6567479919.30242
4784330.350566454,2.121283164170914e-05,6243412975.162561
5449856.049322021,2.063462977160052e-05,7244146819.119583
6014858.725179319,2.070191841110966e-05,7977834748.193624
5354307.403771481,2.120748137617066e-05,6988391689.833302
5763817.084324582,2.050632707600734e-05,7693399234.044292
5325142.973415752,2.245820123855287e-05,6689822987.451067
4835502.272861689,2.312579536865777e-05,5957222294.411235
5038208.41832185,2.208158587235607e-05,6401119802.200985
9633266.538786685,3.846305883807265e-06,39241388324.62863
9936553.520108027,3.548507401742498e-06,42710891100.15707
9646036.114835627,3.538331603990863e-06,41541597730.28699
9171011.279836264,4.615977057796883e-06,33080708305.42141
9175583.719970988,4.472905270688623e-06,33799263359.35131
9180081.431445064,4.463944094277705e-06,33861071929.70419
9343985.113465507,4.380068563771884e-06,34904241002.32632
9677721.349854926,4.425426241783879e-06,35903465961.81373
9521436.026831659,4.190060937373643e-06,36634384087.59818
9348673.102828879,4.94432144916259e-06,32211590935.01425
9315216.419047382,4.91981606610634e-06,32202805205.03893
9307372.458123628,4.765927149452535e-06,32864636058.06707
9259026.776780374,4.728771099699531e-06,32864962821.19373
9318933.38537015,4.903998640307101e-06,32284890161.86743
9215363.96436185,4.755161478455478e-06,32588845813.24438
9399375.439590508,5.18205812706812e-06,31388036109.05065
9334099.094155801,5.247504660705997e-06,30910344963.75236
9330675.191450851,5.063393165589664e-06,31643557602.08067
9498957.775754236,5.195990717855871e-06,31663849510.97212
9449012.64799333,5.175394628893935e-06,31580871930.45865
9413703.857789148,5.081458849972576e-06,31849424543.15746
9494659.002860667,5.30245304875835e-06,31224451444.58236
9396591.95013424,5.508313339852119e-06,30127142605.34893
9444725.192660278,5.281964907202182e-06,31140505040.23373
10614828.47420069,3.727258373227159e-06,44155687192.97967
11269005.87040596,3.634430862146135e-06,47671775881.0294
10454315.5305813,3.543857183156076e-06,44975720502.44991
10101998.42412279,4.340518520476627e-06,37964663424.73941
10584797.05688554,4.154966357975873e-06,40954742013.37159
10409331.95252066,3.990766353723746e-06,41373156599.77647
9392398.385547388,4.837633555199198e-06,32836323569.03585
9659864.330258556,4.615673969628376e-06,34845573005.16279
9384521.988947345,4.68383410855098e-06,33523124218.95754
10379218.63744543,4.591932141041857e-06,37569408090.42665
10577201.40735734,4.305264386279189e-06,39967245946.23018
10094578.05589307,4.490756819484753e-06,37085870588.33167
10569126.72550719,4.668656867389079e-06,37836515575.36491
10616518.85011527,4.704798761237887e-06,37811284731.30047
10904679.75050043,4.491669255711932e-06,40056629429.449
11401046.10132064,4.203030941779283e-06,43776023649.53814
10762206.55614258,4.543214800695669e-06,39233688781.71998
11100786.85878228,4.366231994660227e-06,41554292479.0565
10426960.15285953,4.791725576093562e-06,36685667197.61935
10463776.75921745,5.006198435543086e-06,35756068350.26878
10443794.10971393,4.78893309371665e-06,36759177765.8877
4969167.126611485,8.990389800765852e-06,11492943070.36579
4749274.261683792,9.187176564000379e-06,10826943606.17417
4642633.10105789,9.460076387653865e-06,10379296889.44699
5784784.25787012,8.362769348784795e-06,14040645924.22521
5385163.179690399,8.623192872914095e-06,12806195703.12129
5692828.780190726,8.447112542762689e-06,13725323889.74754
5884354.908724334,7.932690358243449e-06,14793985561.74885
5911955.027628949,8.190217128182998e-06,14550151370.77232
5818990.258456838,8.274485413641881e-06,14223952729.34623
5915205.104507157,7.915934467865019e-06,14892525343.73574
5885348.264699815,8.227101896552263e-06,14441342997.39013
5931486.81465957,8.177342565774279e-06,14613540300.34318
5610953.638995911,8.506135916260602e-06,13465272137.97385
5233881.628840273,8.771706739715229e-06,12305553714.44887
5260938.003184074,8.717010529326514e-06,12420854380.28862
13663678.10980882,2.175907861253721e-06,81371805964.90732
11999638.35174531,2.327108950712595e-06,68331928791.83489
12052375.44802441,2.17906816697501e-06,71706541187.82373
13398265.98185723,1.905706932201043e-06,87165478642.06935
14028919.84061676,2.070097099619398e-06,86370166301.32112
12395552.56190914,2.074417059752439e-06,76208224057.91718
16222000.49518086,2.047696494154856e-06,100599082349.1651
14082982.55294327,2.265658389451279e-06,81639127666.32887
14941144.48023852,2.138430714460436e-06,90016144914.49921
12377370.12718777,2.700502373351349e-06,63826153039.30087
13035733.60489079,2.453381817139327e-06,71662515478.08928
13423060.80144469,2.421747617449228e-06,74433019395.3567
10644843.61601028,4.603127255483333e-06,38468385955.329
11280240.65793172,4.262964040852875e-06,42905264701.12765
10627848.33446011,4.605972306564416e-06,38391151031.18053
11726450.98845524,4.231439788102574e-06,44823711664.55755
13011881.28956192,3.908344097174628e-06,52441877369.55418
11605451.02513343,4.244852795148573e-06,44267697517.84399
10461164.34691804,4.789015005714111e-06,36819896194.13638
11023749.17547488,4.50487072164431e-06,40414862126.87449
10618255.87851611,4.731389516650943e-06,37675646892.16288
10419143.35117982,4.72581796340322e-06,36998207814.31381
10218419.51482099,4.611988455092546e-06,36880057337.70083
11220026.11691218,4.307731068478092e-06,42380051439.79353
11342967.7152249,4.168344466911698e-06,43794303969.7279
10889636.28257085,4.224679090880371e-06,41669429791.55276
10688737.02150375,4.511380416483322e-06,39148947623.29881
13077002.74706415,3.858345380432653e-06,53158675023.17848
11974727.53968177,4.031748606591388e-06,47271931142.79009
11666956.95388507,4.194970154565304e-06,44854395897.40333
11600096.47034431,3.786435458255594e-06,47750130409.55282
11116068.778223,4.043401791043174e-06,43797900483.68137
11574041.30202837,3.987104063296859e-06,46030601202.75243
7971733.014324,3.133635358210093e-06,37226634258.06538
8050358.920316337,3.051876575555177e-06,38262258340.14099
8128793.298461049,2.922373919818323e-06,39768165547.43507
8330367.711878973,3.013666258435619e-06,39927066362.34555
8040946.696282848,3.124170649607985e-06,37625650563.86674
8198684.017519293,2.913669617118834e-06,40189932663.81356
7832128.590967407,3.547261997439439e-06,33673192915.55244
7795924.3914053,3.494018296253185e-06,33857184118.15083
7861767.479022452,3.346405198790498e-06,35139953089.54031
8295952.722454173,3.777112218681404e-06,34205268964.83868
8706350.832165997,3.686941878493673e-06,36480319725.5079
8484230.81930846,3.928234787345181e-06,34078529803.09973
7700262.154095296,3.922320858456846e-06,30960652096.15417
7937947.116617576,3.84708552267201e-06,32331087077.57358
7696861.651830669,4.042574826324254e-06,30330178682.01155
7943079.387604656,3.612279483963437e-06,33739191669.81822
8139193.845519547,3.490196042116204e-06,35373783280.88457
8076053.495968393,3.674628082039863e-06,33914878115.6013
8201188.131182633,4.150683496440049e-06,31753896802.21755
7827530.904309621,4.379538260434443e-06,29241921558.08383
7773816.60743801,4.194811273134114e-06,29887712249.98009
6971848.667279488,4.979176041784145e-06,23909819493.78746
6710274.212258074,5.234240313309888e-06,22258940869.3121
6937535.256865707,5.154472903949709e-06,23249611269.01239
9906908.665545218,6.305077773400391e-06,29027604273.2399
10011241.9451864,5.944913976319206e-06,30506396278.08258
9522832.574693726,6.390588255453809e-06,27652788006.88877
8066897.123233689,5.165137210820579e-06,26997192908.89462
8182390.993705348,5.382201593380169e-06,26642414946.423
8356227.66063126,5.109872766510998e-06,28166758653.5646
8008188.968424114,4.779778236727665e-06,28222521611.08123
8023481.002102554,5.01455941903457e-06,27386780065.08849
8312038.767249608,4.959075329468884e-06,28582952649.14029
7230523.324348046,5.280481988114089e-06,23844452469.91244
7463279.840695408,5.600977584615485e-06,23663946221.85645
7695967.595328868,5.242978443937358e-06,25500254545.90295
5186019.795930586,1.033345042895136e-05,10931269375.08214
4633488.222625364,9.911634865330292e-06,10041791513.12103
4883319.854458475,1.003729991014989e-05,10494713103.20937
5553042.96754673,9.238666051257652e-06,12612219521.36361
5017081.345873173,9.508473537474535e-06,11178338959.20055
5408995.700553567,9.679852722321951e-06,11908876820.33745
5014444.322615392,8.675805558722349e-06,11876348693.44608
4964994.065617985,9.030021539279534e-06,11449667536.08009
4616640.670492903,9.378696040018603e-06,10380806584.78819
6091295.544873648,7.04459523372838e-06,16575716436.21098
5576941.287256797,7.583598276906313e-06,14448159461.42392
6010697.102562155,7.363463597481971e-06,15880716041.42221
7933589.376227246,5.688160528228729e-06,24897466448.06463
7585303.547911629,5.829362894386619e-06,23418490795.87174
7604765.829264331,5.975333360448262e-06,23094634104.1374
6438881.94655299,6.208248054023124e-06,19061822531.95641
5755999.643991465,6.820196841382397e-06,16005017459.43061
6213762.248734928,6.661028750013428e-06,17552019530.50232
5254736.20345001,7.530935194478587e-06,13676815184.87302
5146746.152984058,8.0303803850754e-06,12834393096.29299
4961161.33868495,8.393821585767313e-06,12011858146.21852
10711659.99437468,4.917661520009662e-06,37041141071.94693
10547880.2615707,5.017454391276407e-06,35989535003.28508
10915101.93326627,5.159215176860907e-06,36557125092.35706
11114636.47000986,4.706976488124649e-06,39573145940.57133
10853040.12757987,4.840093617014031e-06,37929946854.64246
11057813.95705607,5.081869919783086e-06,37409931761.20477
11010689.87182983,4.547635606790404e-06,40113518601.4614
10646024.37415062,4.444553440372703e-06,39382386907.37919
10750326.95778725,4.680771590628702e-06,38418762653.4062
11154036.86347242,4.271158731701887e-06,42370956463.93433
11268725.55505838,4.475872029062465e-06,41491234939.18236
11526766.32582902,4.494603480657484e-06,42323336748.40997
11192781.90960248,4.366609527487059e-06,41896248448.31905
11135123.90630509,4.24375822557883e-06,42480990246.46665
11507539.82950199,4.467299713085077e-06,42424730590.09875
9555625.507963141,3.892904480001015e-06,38613866375.8997
9143811.771381643,3.960647220138228e-06,36527210163.40967
10026353.72269027,4.169746477222985e-06,38702283378.7595
10350987.26172696,3.675122068239458e-06,43464423973.38596
9917108.57081796,3.795525326804672e-06,40757149774.51464
10644908.05233995,3.971037142002085e-06,42449503506.07168
10572806.97453074,3.419817673008543e-06,46578804239.56432
11558739.62950005,2.950369185427562e-06,56190069853.43825
10134254.455384,3.540620982293296e-06,43625342077.80757
10543165.14169325,4.79163055556617e-06,37095007108.16447
10242741.52853597,4.657689227509672e-06,36725626091.59441
10380683.62719178,4.892036505285176e-06,36021862359.97166
10946546.51070904,4.23042125361192e-06,41849285707.43118
10694675.42201181,4.332042195723626e-06,40244433927.48966
11060166.20086508,4.435041575252855e-06,40972882937.97788
9027349.310690185,4.016363443609057e-06,35727687793.65347
9083846.234005535,4.115580216766355e-06,35371140241.31396
9904382.74836169,4.224820769905433e-06,37898488434.65145
8759636.009711307,4.333509601559205e-06,32955371987.33721
9259864.8699037,4.558577576936728e-06,33681008146.19341
9654544.72693882,4.499731686277337e-06,35422079503.12616
8951233.488210499,4.198328093862895e-06,34395263075.29107
8684118.687218612,4.24330086025713e-06,33132677515.32645
9575255.519088207,4.409818580086978e-06,35607096108.95411
10140585.46552828,4.328740206000749e-06,38178777239.67897
9310112.143880663,4.219401017735856e-06,35655049473.51564
9946311.928501401,4.431837108164215e-06,36864318990.35603
8652204.550440369,3.905975545691155e-06,34885136897.50303
8379611.53706045,3.783479005470162e-06,34511433617.73618
8707516.961803474,4.005778795507779e-06,34522562159.33022
7970693.799966192,4.000599662322126e-06,31628558310.64702
8017455.934715967,4.150308032176852e-06,31044382641.23904
8182935.283997314,4.152671978833671e-06,31673109210.61666
8738746.138902055,4.960308284005258e-06,30045309174.35296
9034884.229394834,5.013271470959387e-06,30844313621.63716
9132621.718912177,4.786861830381115e-06,32153496578.39832
8401802.571252601,4.352135054661583e-06,31518888668.91952
8195902.360655005,4.570704488636834e-06,29758292863.41904
8891850.983311186,4.576181490665758e-06,32259429474.19215
7725158.801661416,3.954311824643578e-06,30893003961.78999
7902956.398846332,4.100726428883252e-06,30847197999.65525
7856529.866504642,3.950985106047943e-06,31435992087.44433
7592427.840705866,4.037801071955973e-06,29942224367.82318
7589051.235310324,4.158364569272854e-06,29347590033.05084
7504542.423287777,4.309961440290134e-06,28336222927.56244
7036335.751155902,5.404177772908752e-06,22848628501.07617
6910298.517036087,5.738200677440044e-06,21559879069.3334
7265970.391359028,5.724974654378619e-06,22704463542.71384
7754257.020618191,4.810925193559289e-06,27209535167.5036
7301613.575752543,5.083117863022981e-06,24698205040.64802
7769304.770004548,5.045593742987738e-06,26410338755.02776
8926571.75576644,4.708997606290553e-06,31773548547.27531
8229238.037486602,4.703118869476964e-06,29315838543.65545
8537214.079417052,4.882691431936091e-06,29662652616.60138
7829050.087128581,4.192637454073459e-06,30110469803.68201
7652090.540620942,4.046176018818746e-06,30135859714.99602
7563859.485874405,4.318636126176844e-06,28521938783.02674
5964946.971576536,6.991671278378253e-06,16313704308.82133
5516620.109126654,7.150728987748477e-06,14862990462.24676
5456073.408586726,7.530327565721415e-06,14201611440.65201
6651521.376265906,7.781157944760788e-06,16939145712.3172
6286875.626434686,8.197887308501733e-06,15463230846.82994
6307633.07379936,7.753317216041727e-06,16101810819.14085
7995880.637319136,6.810789260437363e-06,22253654476.08989
7071014.866904082,7.434237040463036e-06,18563398199.1668
6716306.593606259,7.406710367312529e-06,17675848540.6372
7739390.244155988,7.682645911852162e-06,19877703158.52909
7415884.113010407,8.021973987542005e-06,18505838521.48527
7162683.815053384,7.731915397696427e-06,18318266998.27141
7815280.937724584,8.005958280887329e-06,19528507186.60344
7600194.481007934,8.23487635453518e-06,18637456827.18916
7910466.806620758,7.780039563720981e-06,20147178869.54612
7709086.629743806,7.645694170249605e-06,19863616015.51521
7931652.973544565,7.817873921567845e-06,20135910079.03257
8390055.679639151,7.432219168242228e-06,22030237083.95795
7289267.759038354,8.931211264817004e-06,16933380290.30281
7188792.902190523,9.330152802752716e-06,16220471275.14211
7351846.512209357,8.728912506387809e-06,17341620230.74181
6976171.003534066,8.891444847466196e-06,16254323227.99806
6796331.703466997,8.812493364132315e-06,15929740399.9645
7188819.661235962,8.479393346541756e-06,17288118644.83724
11198743.65566763,5.475327034461406e-06,36049224579.23917
10988759.26160915,5.473562031032806e-06,35380879921.81255
10431659.49876512,6.028771041664449e-06,31492045889.3683
8500034.3378854,7.415170627966146e-06,22353210826.68781
8038594.931490689,7.801025145671719e-06,20436774818.74927
8135127.05684232,7.575082849537128e-06,21091432732.06799
11617743.84195341,4.68837329054615e-06,41473785239.19856
11358680.99864213,4.669507709368734e-06,40658108609.51651
11514172.26138235,5.046332309375576e-06,39136515736.35158
9050820.28469147,3.749296014874141e-06,37502030960.73612
9460557.74154049,3.68116423310774e-06,39681974918.37215
9639657.340720173,3.323188733540164e-06,43287076784.27817
6780284.84828377,1.777186948386529e-06,46212471536.19348
8353180.458601852,1.825976448567599e-06,55914152852.75396
6708682.977259994,1.840024337905014e-06,44677434271.11299
13941422.56214725,2.218491317091021e-06,81959997271.33368
13112899.63316538,2.344995133886509e-06,74291211369.6803
12260009.11148978,2.36839180692824e-06,69000953623.28299
14576108.48602666,1.793157860673916e-06,98755791871.85698
16181711.16127874,1.887360071977791e-06,105954954538.6257
14252264.78644252,1.811946749049493e-06,95893005124.47827
16397585.01296602,1.98790781788105e-06,103716789128.9028
14940480.62044296,2.188902068474993e-06,88623115647.97005
16703323.13962563,2.002297937047874e-06,105143819589.3157
7632587.765244808,1.852184464953497e-06,50607589130.33736
9380671.70334506,1.836944069505761e-06,62541743149.78398
10852433.62085119,1.821299273815652e-06,72767858671.42656
14335127.87659307,2.266491727141834e-06,83080444726.62532
13934763.17616164,2.298023141947713e-06,80019652358.80075
16062893.86643709,2.079645932317526e-06,98589543533.85141
14399339.27775433,2.169673540509268e-06,85917105251.43073
14380863.07612371,2.230742391179502e-06,84233595273.03093
15811058.86280087,2.029751911649714e-06,98627717550.7585
13534780.71320933,2.182963894179685e-06,80430392630.05104
13572643.31169246,2.174751659278036e-06,80858309147.12022
12637128.22758016,2.319562296261733e-06,72118114716.23843
13602151.55753353,2.223016338931444e-06,79856910895.01575
13542144.47950825,2.195083923744975e-06,80177656256.36943
12644243.64925927,2.331777387383237e-06,71906496918.79776
14515468.29451139,1.992618490589403e-06,91667407178.01981
13889052.85139772,1.954461314193925e-06,88849416111.04985
13976474.15865546,2.073541446101405e-06,85951965475.86771
13633748.52473008,1.853386268596137e-06,90358979708.41846
14813006.15561116,1.939422045578869e-06,95249269001.77792
15738456.18328819,1.90828794209397e-06,102297775958.1468
12585084.62558766,1.892087312363373e-06,82267574129.34868
10515558.73617483,1.860458884467958e-06,69516137848.69313
11623877.2686708,1.896566692560455e-06,75864558771.70168
11978705.39708698,2.469005401739086e-06,65573524029.37497
11737020.28238788,2.611229970478433e-06,61895789554.67278
12026343.1526216,2.492997754628765e-06,65411232655.11199
12003992.67095747,3.259447071992815e-06,54604667397.70981
13286652.99029762,3.248974120537488e-06,60569142411.08768
12525298.41764187,3.451501806803076e-06,54842344404.37809
12597893.74630328,2.544391467421631e-06,67594078862.70477
11950825.611538,2.791533582377119e-06,60279457890.94355
11690527.2846275,2.785746805393724e-06,59048155915.78912
12711327.97761705,2.836308400643019e-06,63438848353.09686
13388425.93546539,3.054813652391722e-06,63592569288.56162
12307194.08793221,2.903617702425638e-06,60468996199.60755
13633110.19819733,2.260556185966399e-06,79150089073.26079
12723092.54766344,2.393281639875041e-06,71109912923.22847
13615132.46133832,2.321573569102934e-06,77654549363.11652
12694044.31523375,2.940856299672548e-06,61842087490.24182
13488703.96521249,3.064092650712225e-06,63939459578.49679
12809042.20262413,2.845632460701632e-06,63786795636.71927
7639245.509769235,5.858211021061955e-06,23507536903.98491
7965971.199742909,5.853654954185668e-06,24525657126.793
7238274.485557918,6.248263874666631e-06,21336776430.69773
6112109.542332573,6.775136903349158e-06,17070480491.89382
6822646.845815147,6.047897176800661e-06,20553381934.47059
6374542.24660321,6.620838272507728e-06,18078969998.0438
11435017.34389331,3.332853026088923e-06,51249864256.341
11943951.36336579,3.524877343341156e-06,51568601447.86822
10973687.77079011,3.542429673654023e-06,47222804370.85024
7546426.979864854,5.423880617799369e-06,24445633302.50177
7899199.234182617,5.063797524142144e-06,26787499732.01528
8189808.955569594,5.209098556101914e-06,27254113161.25478
6657928.83550707,5.403729123948245e-06,21621049362.61333
6759647.096232824,5.657727060726322e-06,21289364360.18676
6884309.133012085,5.324099834078624e-06,22578559808.95582
7411485.692862063,4.70835343310624e-06,26383104890.33225
6825369.244650457,5.122488076893864e-06,22968828605.63031
7089156.078439844,4.867702265932067e-06,24681896888.63614
6868425.28312063,5.721029880648178e-06,21472092406.41182
6539589.444305976,6.089294161599531e-06,19611275822.17437
6610845.932875604,5.569463936833021e-06,21040114803.64404
8254886.268324259,3.665317208196737e-06,34724557241.10006
8318720.513337028,3.480606504320311e-06,36220400527.44651
8664279.621967657,3.574921727315403e-06,37058522608.54671
12872969.2829374,3.34793144098662e-06,57521167948.78355
12407629.13835506,3.068634763871571e-06,58756872364.24683
11983079.29710634,3.20006714233516e-06,55181780097.26128
13284302.15717699,3.344955481893743e-06,59394356836.5771
13609790.50452831,3.188763350030253e-06,62820768793.08694
12811518.02111304,3.065730543467225e-06,60707815374.43916
11990862.0036524,3.877509556862408e-06,48582719369.90983
12794567.3590318,3.60505209775759e-06,54419085785.50436
12017381.92860002,3.676894790005498e-06,50445495825.08649
13701154.42799556,3.585563487528852e-06,58486039991.91891
12947886.17685195,3.532881364942326e-06,55818672485.80099
13721789.89114084,3.330488488576516e-06,61527906799.46042
12344171.62797053,3.886513338733159e-06,49936930400.54127
13462949.93972457,3.713167829051835e-06,56144925714.06548
13159440.94597581,3.614108607612261e-06,55877457883.12348
11056927.70617754,4.428129355484811e-06,41003500779.26566
10766748.74811421,4.641290836934533e-06,38695344981.31049
11175041.07495989,4.414661472112231e-06,41525753714.407
8968020.272782261,4.017035026688133e-06,35488924292.04465
9986409.503432037,3.796243389539606e-06,41036785890.07683
9488057.713988489,4.109669263637324e-06,36980496374.34872
11470498.02206192,3.089397334713338e-06,54075402743.24976
11414306.89461221,2.921986934530431e-06,55846680683.04195
11671528.74319152,2.92779100722759e-06,57029692367.03732
13177809.94087036,3.131061406226917e-06,61571847189.87144
11900547.7292753,3.141600452140394e-06,55479556835.36023
12105296.06015551,2.980007624484359e-06,58456189021.31696
9656215.258105718,3.355439443582757e-06,43083138689.26234
9165150.211530937,3.448924993635553e-06,40149834013.20614
9420794.103690302,3.15961814676935e-06,43751986785.21427
10556185.80860973,3.510242634936553e-06,45703444745.64614
10249558.67904664,3.396160062881525e-06,45364180076.89067
11008745.69407828,3.30063370589498e-06,49659950911.00684
10054623.70118763,3.653747748879943e-06,42384472360.40581
9032668.886568366,3.874557989389686e-06,36615753885.13589
9755424.027627585,3.539705381003343e-06,42001816549.57411
10788866.26679192,4.099926963111854e-06,42117093838.81149
10167167.69310126,4.126007323630079e-06,39522704658.45666
11640414.41827053,3.795024397222169e-06,47843770015.18976
8886080.556443127,3.448414737096964e-06,38931151647.84755
8536081.614725377,3.354119561732876e-06,38095428751.98325
9137829.286293803,3.15928323973905e-06,42440842632.34316
10747374.94684041,2.973712830639678e-06,51972034256.548
10050008.81050825,3.236759125485034e-06,45929620296.86292
9809805.902633563,3.040513279217865e-06,46740764497.75021
8265267.382838147,4.023642568622331e-06,32672119699.88265
7836207.199399437,4.067935426906274e-06,30750808859.75888
8079448.454325845,3.872178178062781e-06,32765099599.99549
12294900.21308393,2.76034794393083e-06,62481165560.14733
13337172.1118882,2.481663272238273e-06,72761535152.79616
12698833.83485493,2.693018753492102e-06,65605098009.09639
10194745.15833652,3.974173698911356e-06,40632961573.31356
9732617.824498115,4.088580814202923e-06,38064016458.52431
9890619.800969413,4.323951171610396e-06,37265159727.75626
11385243.77275517,3.750356415620367e-06,47165810875.80262
10727650.8575636,3.843137693452094e-06,43723407513.05827
10905767.50611477,4.007415001567371e-06,43226163175.78217
10086637.3666591,3.613037978479662e-06,42838217312.92012
9781050.830609299,3.910844419321583e-06,39403834806.97247
10244313.27520444,3.796449621627032e-06,42095055852.25738
6861620.814204274,6.796843309246052e-06,19122964072.80175
7325706.319518684,7.05609632436185e-06,19913144124.09951
6375860.374615037,7.404180931544286e-06,16783689997.80698
7299744.203142929,6.030897243771383e-06,22031954327.84199
6907905.812672549,6.421334270621362e-06,19995375084.56941
6625201.654844115,6.546074344538754e-06,18932667717.89069
8221778.273180969,5.925099648862897e-06,25109341379.95766
8665693.589839082,6.143513120321637e-06,25834028559.35893
7482212.253532546,6.319221526763393e-06,21890430564.19944
12832994.51118584,1.73272116046996e-06,88956063410.13724
12529243.15089308,1.753320482917772e-06,86168916727.92429
9489168.609694771,1.649591214328891e-06,67968957204.24209
11065606.2290242,1.981869304984709e-06,70133450148.32921
8812556.713066336,1.71577902550806e-06,61488564645.33396
12014077.71863789,1.810419783071656e-06,80879336398.8148
8195143.917166648,1.825935214753099e-06,54857120636.69693
10372404.14980019,2.088868712174462e-06,63475383529.39577
9257520.523415891,2.238876076365977e-06,54093030512.15241
8114716.331208988,1.609132772066282e-06,59094276886.07196
8103454.762526268,1.530195031148394e-06,61024704778.53156
11196867.09392188,1.694096539996743e-06,78789997412.92702
9337478.942036217,4.027956752444473e-06,36884149141.68925
9176074.262045244,4.042324954445778e-06,36160639682.9963
9213369.877237465,4.260243088763276e-06,35058682083.5178
9517225.765583389,3.928473777747299e-06,38226200430.84624
9529918.224037198,3.620512127736575e-06,40418094620.29866
9469337.264991555,3.877225132304124e-06,38368271871.23495
10568204.43167568,3.015166893938954e-06,50636106160.14524
10535575.0837109,3.073286187885233e-06,49841324754.26366
10034200.58149722,3.344531003642967e-06,44866889360.63747
10270369.3868728,2.586217342930745e-06,54509983514.49385
9151252.382454306,2.691770068248342e-06,47292095713.41928
9498445.104663646,2.932416338578105e-06,46362704650.6778
11461736.17746371,2.114514770342274e-06,69573405047.54926
10212663.76633908,2.156265768239742e-06,61188645782.19962
10887220.94835381,2.315827944012461e-06,62198442537.95911
8722328.537812646,2.100811758517558e-06,53175022361.46507
6720249.044160609,1.975343189006894e-06,42686478490.05446
8299689.546337577,2.190600548160461e-06,49206187786.79102
9516301.936792217,3.213739740226558e-06,43697951426.55307
9329003.383589543,3.527508110972733e-06,40258405496.40204
10175984.28057888,3.149648908490224e-06,47358906229.86658
7629845.237768129,2.583330394265595e-06,40525566371.17879
7251186.820189309,2.531440850960104e-06,39038870002.03882
7769265.533951078,2.692045260862952e-06,40147489504.7897
8541109.232474403,2.399510370044177e-06,47653981145.6115
8034543.536566936,2.533650846512713e-06,43231140965.22489
8521572.976963926,2.574177601999383e-06,45369162538.11401
6311332.697617689,2.251569130153362e-06,36739300549.26537
6885517.03161386,2.414957857816164e-06,38252825489.16501
7254627.335533302,2.46921169826731e-06,39710884225.65987
9227582.482008003,4.628496500824143e-06,33224718451.91846
9183993.961295571,4.654897523597575e-06,32942622770.16298
9193070.528999096,4.502867970138864e-06,33713288469.36343
8387495.810415931,4.810104713243544e-06,29434904359.49143
7903315.114479844,4.785715618625834e-06,27829882505.37786
8059841.887519684,4.919976566368653e-06,27862355727.47618
9170527.892619168,4.730443412143509e-06,32543163519.03838
8874535.382035138,4.790451008425818e-06,31229235776.21694
9220174.470047435,4.877105945435927e-06,32060061113.34821
8836965.885797845,4.455801754571209e-06,32635174434.37127
8223161.86294355,4.441881358099891e-06,30431792635.00187
8609091.042352922,4.648493684893787e-06,30908823200.33681
8956280.499245506,5.076924559342586e-06,30319861512.59225
9080993.436155906,5.183155635067944e-06,30320558407.1462
9218801.341563268,5.024931461972247e-06,31423485927.6288
9339274.32794751,5.288887653758892e-06,30765943475.42834
9106752.380908484,5.304023976726111e-06,29942855114.62383
8965739.860218309,5.417634992736705e-06,29065623211.94095
7582845.534065833,3.320972756386574e-06,34066067351.5446
7762220.624846061,3.010937987047885e-06,37226434485.4862
7263043.478158814,3.393544735754692e-06,32162484615.96294
8484903.612646643,5.75388521709807e-06,26424459766.17366
8672513.715046739,5.580963186648912e-06,27563787309.81043
8491511.179630868,5.655719532849247e-06,26750161557.13478
8603953.842989992,5.985890193367545e-06,26098301342.55243
8409196.939192949,5.927133609224183e-06,25675843038.51847
8182814.956365569,6.117859858394996e-06,24462624409.24947
8947945.458141249,5.661560266939986e-06,28168641659.8074
8786696.058555676,5.582306449691486e-06,27922212067.20961
8597848.226670127,5.755353256153914e-06,26771648708.93679
7309153.141149556,4.81929399280372e-06,25617974024.99496
6405117.4282569,4.87535166327013e-06,22276987688.20522
7105290.986352267,5.023862085087931e-06,24222747164.35794
8256083.048193878,5.402581282151425e-06,26814714654.14872
7598621.618121911,5.294349052195247e-06,25014573649.86187
7848878.288148162,5.350265389972523e-06,25658073484.65603
8688727.923772642,5.096839730451431e-06,29337439911.57238
8274935.175288447,5.068057457241508e-06,28045955912.16902
8690110.105124619,5.239381652357468e-06,28807479120.72807
7829093.10286866,4.979861024401677e-06,26847260437.68649
7674834.303129903,4.84559384943509e-06,26802234443.9564
7465899.091258604,5.049934800728797e-06,25364419950.54576
8616712.471217511,5.281518232431615e-06,28412039672.69746
8203316.068511836,5.110178441406617e-06,27650229137.88935
8397028.456004741,5.265629211500293e-06,27743341990.95818
8660945.311418774,5.003107067617744e-06,29607751814.43262
8579237.745337687,4.864454694112577e-06,29883119242.47434
8247822.729772199,4.974324571945447e-06,28304136187.17172
8091094.718671134,1.887026424355254e-05,11415334205.72571
7578208.180518734,1.934825575055519e-05,10514904161.8925
7165195.165557691,1.884629606543561e-05,10117596406.24535
7210766.581201877,6.630838049214495e-06,20430037166.58013
7269501.165405168,6.501755953171063e-06,20868160478.96096
6940442.389738844,6.726491919544116e-06,19477269363.22647
5225059.913012769,9.315354274853894e-06,11802074644.47722
5350518.944804611,9.390678142058678e-06,12020741804.85939
4936067.163700323,9.590836667833413e-06,10934780351.28681
4880054.279479966,9.744126516459833e-06,10697017586.27946
4826593.509837738,9.572580589869175e-06,10705855329.83793
4766107.604352773,9.713177045178831e-06,10469428452.30156
6255639.157785218,8.939340733613596e-06,14523390967.57873
6702920.973311358,8.876106893389706e-06,15635643148.48368
5745108.041224018,9.081557921426127e-06,13198501584.44751
7440857.634301632,8.699469085624174e-06,17591160692.7846
7138111.838039296,8.781415822185396e-06,16770280230.21366
6676291.616869163,8.843566549225002e-06,15611704871.13458
7462125.847053664,8.758796054070947e-06,17561689446.89311
8106030.634875364,8.654230686786958e-06,19230441823.31264
7641685.640494811,8.77626068660961e-06,17960406340.97797
5768029.741909572,9.093403773250182e-06,13239650094.60269
6727677.955654436,8.887669040187939e-06,15679779279.74055
6351582.921264275,8.986216165204633e-06,14694813029.04823
7815142.736159958,8.644372599315395e-06,18554443323.43763
8150503.211650467,8.621507503470576e-06,19384842758.42876
7504798.000171832,8.725748584156919e-06,17706682918.51745
8325503.715047438,8.637612826766523e-06,19776436087.47534
8322256.228122819,8.691012612136357e-06,19687662816.14459
7854822.488563017,8.759136200414406e-06,18485400111.74802
6734854.189009489,8.923519145210674e-06,15654435964.30458
7121969.513623294,8.826109335668857e-06,16675821647.43128
7297413.624758411,8.843561134458841e-06,17064130938.71132
8904794.946236148,8.453877650821257e-06,21457870393.60728
9165082.559406187,8.340147142683327e-06,22285407146.58505
8703651.492195588,8.506528530566895e-06,20886543952.70127
8657958.173149789,8.587020843650413e-06,20646850128.83205
8514326.282682583,8.666993845821298e-06,20179231851.41762
8522303.927977992,8.662517596753958e-06,20205096625.41615
7438936.68039136,8.126494541653378e-06,18403850500.69598
7010442.726793636,8.072237700916157e-06,17421390582.8536
7275335.08155176,8.185994182825751e-06,17911778609.95833
8630394.90687946,8.283520520486461e-06,21080813535.82026
8182539.727908322,8.126890553185103e-06,20242858928.62842
8374785.035099661,8.275821153445196e-06,20469140353.01331
7160045.770666178,7.863088567606136e-06,18107299579.14972
6982065.760928859,7.991685710302974e-06,17467268827.35865
7409704.477985756,8.045620002780912e-06,18454171093.16701
10181596.02892329,6.464521227920053e-06,29339876702.81447
10206163.78873656,6.694604628488932e-06,28732885662.32336
10648352.16898224,6.616339473373963e-06,30213698140.1768
10830200.52931459,6.167809379991257e-06,32201977032.46134
10335684.2524114,6.332763736095037e-06,30195603204.73101
10805919.643966,6.484564159523318e-06,31074766401.59165
11065569.75344021,6.392406323428336e-06,32126558019.84665
11014578.17379303,6.182866951952064e-06,32697002125.43007
10990091.36148873,6.49936402973082e-06,31556395786.23397
10109433.31896523,5.662659392738187e-06,31820953251.80912
9936500.501170881,5.715189574579097e-06,31084677431.44611
10607056.63408141,5.880027409369833e-06,32559319593.49408
9666306.874718904,6.146662968516339e-06,28807195371.45424
9377383.851557184,6.395037463672854e-06,27217796646.805
9819118.760435907,6.310672600150292e-06,28753369575.4376
10618869.81038199,6.062741473008675e-06,31937353841.54854
9974042.901759297,6.063645916988432e-06,29994986900.33453
10129258.72174205,6.227449079984577e-06,29925233005.35327
10074857.99719716,5.230037754541106e-06,33437647690.59977
10076097.18436825,5.482081475631517e-06,32408730826.89854
10296040.29435956,5.462950198044855e-06,33193425463.72805
9484695.342422947,5.428889945739145e-06,30705489627.04787
9659293.651514657,5.60237080460316e-06,30621806121.2194
9829807.659620132,5.549924061223373e-06,31358382957.22579
9219789.038017699,5.705041326074652e-06,28876759382.3698
9106527.171506014,5.706893640553883e-06,28515846525.2616
8951989.616735471,5.859458137335343e-06,27543212911.05655
6675151.969097461,6.894413089933083e-06,18427353050.59174
6439928.50869086,7.025176058271075e-06,17556700656.97327
6705950.100149666,6.947751242689013e-06,18417505593.08132
7111262.657383335,6.72347679700066e-06,19962615695.26334
6842827.972907999,6.818973027185487e-06,19029307045.53696
6874010.078189656,6.872427928418095e-06,19016767719.2063
7649345.444297243,6.597322263683133e-06,21745987873.79511
7312488.568134945,6.668014088977228e-06,20641164467.31406
7071874.385698416,6.817224327885103e-06,19669628061.9761
7808941.296290187,6.276655288777227e-06,22949504121.25486
7675211.551874788,6.222176447035412e-06,22687961318.57265
7464509.876786987,6.48487160069242e-06,21465139206.01849
7115195.696433238,6.508147378245204e-06,20411829407.86896
6605988.360580913,6.656166362325805e-06,18669027357.48078
6789688.680887829,6.732709064577483e-06,19042470708.10288
7774948.362747768,7.997374287621031e-06,19441625149.25948
7356712.727948306,7.864373251800157e-06,18602631620.60658
7609747.751700439,8.047133931729793e-06,18950009905.13851
7992649.362669256,7.911410170873218e-06,20130512269.31529
8303868.643758302,7.834790383649798e-06,21050490323.26183
7745643.562321449,7.647247924666672e-06,19955107005.96794
8169582.497496443,8.24017782699313e-06,20025135955.89991
7979720.793598558,8.091396614992426e-06,19798792446.76278
7812347.233909982,8.141185535568058e-06,19304405718.04025
8671784.075708203,8.208235129852924e-06,21311233940.63017
8538468.610593813,7.97511122629703e-06,21390559963.0508
8222841.993245335,8.051784143209218e-06,20468869763.60043
9483478.339471698,7.897424695523517e-06,23913546793.36604
9331674.893992905,7.646478410145884e-06,24042813571.71518
8918936.905798005,7.831963727695874e-06,22615141705.45382
9197327.659195401,6.673131755741089e-06,25948277008.21888
8922490.736702254,7.030248383098848e-06,24313024793.02879
9658749.573102308,6.819182895905934e-06,26859588011.17073
7505316.004221544,7.628720173340825e-06,19367245566.21969
7330976.391654394,7.759929953014359e-06,18703517352.66398
7748489.939716049,7.892547708617291e-06,19546646686.43417
7866577.916018756,7.052062441201736e-06,21391525134.47079
7713764.635392507,7.351068513875573e-06,20403252447.17207
8267712.727798047,7.212339668008449e-06,22148004184.89811
7080678.700999509,7.488741205189439e-06,18498464176.53356
7165865.709714327,7.658995114226056e-06,18442542946.34847
7338242.475544833,7.527930700899594e-06,19104762783.91304
7157317.238408139,7.141747729054958e-06,19299553587.50576
7115017.76644337,7.284771992939621e-06,18933548363.81913
7522618.322565226,7.025362193858166e-06,20507995552.53924
7005959.180074962,6.965493046856699e-06,19208776078.76608
7129892.389269958,7.061942889525908e-06,19370173366.99577
7494501.65320992,6.945506223091729e-06,20587652218.48327
6762601.326019426,7.042773238883579e-06,18405656604.2978
6513217.33053474,7.254302934643809e-06,17380613875.95972
6884372.568814432,7.139132599217619e-06,18568097154.95319
6099559.911024861,7.281522916850991e-06,16236173651.27464
5905647.176667607,7.191742412262343e-06,15850565019.62212
5770430.503723016,7.212732819824616e-06,15457585295.83277
8912869.170294434,8.245350390490497e-06,21837929236.78112
9181894.437201295,8.1999066238976e-06,22580125817.73895
8777706.1227358,8.012072978396621e-06,21922215314.54734
8409279.124807166,8.442656252326268e-06,20281778245.82841
9128595.485402625,8.361928032026382e-06,22158125222.35851
8837658.630707705,8.445525388594143e-06,21310130420.51671
9005627.540983628,8.146273267170549e-06,22243749638.53438
9306613.38250488,8.056857264342296e-06,23156942978.01092
9346103.950175375,8.225042504850766e-06,22937099917.34543
7725386.548626273,8.369236842417361e-06,18741153319.35866
8426035.881020365,8.24406469500266e-06,20647257624.40441
8051319.364988558,8.403828447888814e-06,19478205116.97957
9689584.693849165,7.516874674192228e-06,25251099320.86208
10015823.29504255,7.296661198224591e-06,26623830086.37579
10096560.30881846,7.405119918452522e-06,26575740829.99046
8983398.905077476,7.723271896581263e-06,22991808589.72227
9324751.336800173,7.694371620988627e-06,23925176703.29396
9297829.327157836,7.866188699859799e-06,23507439641.64238
9096408.332752459,7.592223331463167e-06,23548177325.57876
9761923.73044589,7.343165616912637e-06,25839247469.34088
9439881.17299187,7.563616886466447e-06,24498914705.94194
10694671.1113775,6.858852969354946e-06,29625551105.96399
10348276.80727774,7.240430068222965e-06,27649787315.47424
10266537.55780061,7.132236562859576e-06,27708106013.27068
8776994.921827171,8.229005306161069e-06,21533483183.22241
9113161.934534261,8.307865866721776e-06,22216523654.13507
8394466.379211843,8.388338590968311e-06,20333358878.48871
9609306.554004885,7.568391819602457e-06,24928126696.46998
9763342.598339248,7.81914917166532e-06,24783284555.96437
10029226.66464052,7.519697877130694e-06,26129665609.72132
9991172.412550924,7.015717449497383e-06,27262670424.40567
9665569.171205062,7.367456228017738e-06,25527937251.07006
10086703.68132719,7.31904406513418e-06,26757550561.86647
8730293.95847103,7.37528939782176e-06,23041433227.28868
8733527.850338867,7.701293698681707e-06,22394803292.51523
9142002.029425636,7.51596142706659e-06,23826026380.87193
8404698.462586831,7.374666365899291e-06,22183354451.02031
7846100.876483484,7.513291361723873e-06,20453473240.14148
8407871.483251728,7.700459501375976e-06,21561301407.35266
8762797.419075143,8.368607362508653e-06,21258892878.0547
8505219.620247509,8.36087363283559e-06,20646721167.12453
8704325.683588037,8.467142891276343e-06,20952887106.41592
9364237.29412956,8.325155746859524e-06,22796989491.45026
9332206.146449871,8.295025188654938e-06,22773993075.9389
9069539.09028798,8.408469451608577e-06,21933465195.35073
9324545.287730047,8.143998349448302e-06,23035759971.2554
9481681.240549261,8.021830311523994e-06,23661178412.79562
8917194.119807845,7.956298417876422e-06,22374543245.16333
8700853.386381675,8.483684441340643e-06,20917294606.75489
9162211.233638968,8.317633554075183e-06,22318608366.85092
8893476.62065544,8.363179764802569e-06,21585259778.25263
9505367.599750681,8.246587299592795e-06,23287314567.21739
9631473.24932508,8.094305662945818e-06,23891293070.98224
9473095.77480215,8.216619841117027e-06,23264646906.58011
6453502.414191539,7.758447726771147e-06,16466915285.5906
6442696.014700683,7.664355990488486e-06,16573613046.54738
6062361.966111596,7.678695759946303e-06,15575795009.39043
6978145.230695696,7.515428346317959e-06,18187409480.67878
6925175.663216566,7.634399826081819e-06,17861346413.75373
7062715.055508857,7.685531379255219e-06,18135202875.1726
6367225.127113155,7.619198197902611e-06,16444122052.26056
6154032.935533599,7.578028245319813e-06,15951039962.63388
5989159.275150511,7.633877001447e-06,15447887238.91753
6767163.232926075,7.678700231186591e-06,17386607230.50525
6620557.1337639,7.664240882291769e-06,17031325159.51888
6631511.619805128,7.758735657570264e-06,16920709310.01608
6324246.276341849,7.437743681925734e-06,16597702218.07271
6238079.290513156,7.528949068217884e-06,16239076130.30531
6452709.988371105,7.570209011734225e-06,16736715465.59112
6911321.547435662,7.218871439643886e-06,18503258967.95187
6539430.517822247,7.333896488013783e-06,17324075951.34161
6869756.430320038,7.361788768164746e-06,18153168459.65403
6632871.502201844,7.036110399375007e-06,18063967939.62852
6368318.084362588,7.11287003031298e-06,17218480851.26722
6385913.686491121,7.247248554559388e-06,17051958748.32561
8055764.542404651,8.276704175382652e-06,19688009426.98526
7701054.406223849,8.17764060720358e-06,18972803618.10604
7534579.548728111,8.237276834377573e-06,18472963887.99484
6272793.346404706,7.883447819350388e-06,15836170974.4451
6410778.059387329,7.813276014526806e-06,16281283209.44928
6020954.771829501,7.732972812449231e-06,15396938533.83011
6894495.220957533,7.733791717671916e-06,17629533768.94466
6855363.170372264,7.913657737570333e-06,17262841833.63493
7031731.105861528,7.785213291421992e-06,17901190378.61539
8345506.245905726,8.417791224821331e-06,20167586095.61343
8599401.434784958,8.479489285159416e-06,20680217047.29972
8401506.011643445,8.37314106626922e-06,20375027510.11026
8650576.634658761,8.55461544591098e-06,20681310905.78267
8523289.065072179,8.639962741404484e-06,20242584983.95488
8526575.537370998,8.586815170093792e-06,20333863348.27343
4880441.528440479,9.61404609550296e-06,10794146644.54482
4934198.870199772,9.785581498351128e-06,10785134296.97061
4981941.840328918,9.878984919033822e-06,10820743562.15287
5932580.288859652,9.038667120988479e-06,13672272203.63641
5203660.125042227,9.31619456675028e-06,11753031216.1478
5652737.975531985,9.139826815350237e-06,12931042638.3497
5107499.884026591,9.335388178983182e-06,11520025611.17935
4821823.196999978,9.610690966752981e-06,10666981457.87281
4882660.50270611,9.470386060167803e-06,10907990207.74398
5002333.464772472,1.090497608230343e-05,10172385909.67266
5183073.407027938,1.063766326711575e-05,10715765487.50902
5380796.308193572,1.091753186686085e-05,10933609862.6988
5191180.490785038,1.038244616614097e-05,10907695451.74827
5136237.582708931,1.050406527322488e-05,10708784106.60531
4956323.366492816,1.077133025830577e-05,10162020626.8614
5211116.015613088,1.018605956365349e-05,11089873724.94662
5034471.741983289,9.985596783726039e-06,10856867992.24063
5156067.430516916,1.030751653875515e-05,10886356732.28531
4865122.731072539,8.732161507113026e-06,11473060774.58029
5048919.055466353,8.368218954370678e-06,12249256196.69524
4864956.294170228,8.883463833882508e-06,11342028056.97223
4980341.974332151,9.078097752993764e-06,11444476400.35266
4849298.744838672,8.9634110755313e-06,11238199320.6339
4853326.531739473,9.33093653007499e-06,10950216052.39405
5056681.046392177,8.794447781459397e-06,11868427414.08335
5158262.515220602,8.196767484583701e-06,12688443886.45075
4924630.646458302,8.680105952630209e-06,11659778829.29984
10466503.19373458,5.162975712789433e-06,35037643455.35235
10385520.23354054,5.499685290044932e-06,33332638875.53198
10832317.70475657,5.304659495901669e-06,35613641379.13509
13334321.12115505,3.733787900867543e-06,55403578130.52586
12283210.44295322,3.923148102906866e-06,49380493227.9608
12591348.76277218,3.680978639932911e-06,52815742372.75166
10472047.2785557,4.871030432738101e-06,36443300238.28259
10512919.21720817,5.301600717717329e-06,34576841276.4189
10519221.4922086,4.907222622327519e-06,36427253317.0016
10148388.20829591,5.024610211089746e-06,34593578349.0657
10389456.8490774,5.065120498536559e-06,35226242668.51499
10352771.33774245,4.850637988292231e-06,36129119653.44167
10154195.19349559,5.159929733297357e-06,34005537922.62722
10376241.94404442,5.392472047560542e-06,33742828761.58433
10395332.39033458,5.200520955440651e-06,34631700206.96571
9891574.827670287,5.211163053101455e-06,32908569113.08871
10179886.14076684,4.96562174937309e-06,34975223426.51499
10334859.27842466,4.907919336883273e-06,35785434111.65553
10378427.61277881,5.414806433318978e-06,33657067191.20991
9940325.926248562,5.323472890228352e-06,32603978135.60284
10384689.45162727,5.020279407434254e-06,35419431630.40896
7140356.621584908,5.825088442275536e-06,22055566670.1184
7359108.281038231,5.881789238383784e-06,22584937211.7626
6681762.141332276,6.397143864155112e-06,19389514424.10224
7658765.197755851,5.1408180763555e-06,25712083212.78657
7311465.024356985,5.501130330084204e-06,23462256805.46484
7232701.550849362,5.517664772807051e-06,23163117165.22514
8146268.148310694,5.348180936691571e-06,26637163336.21632
7728854.401927659,5.620094223835947e-06,24450405239.60687
7504633.733184963,5.562928631211937e-06,23903445681.06782
9274634.982524402,4.797161065350706e-06,32606733417.0676
8622282.524541035,5.052501665569281e-06,29283159899.92175
8324030.084981093,4.907046068404715e-06,28826166072.60735
9667576.810304323,4.798443688316278e-06,33982137769.46109
9862842.182413984,4.911959721016553e-06,34132299887.23124
9001299.146267597,5.053466162630086e-06,30566493490.16306
10576212.90664975,5.653075048185497e-06,33327828479.48676
10536051.04971021,5.631923808660148e-06,33284345312.25295
10772769.38149553,5.903643239161986e-06,32979744959.88935
9723551.887107039,5.551742921357715e-06,31012637611.69915
10156902.07159799,5.643076151602884e-06,32044290327.41758
9512657.271385439,5.933718375886361e-06,29023552095.89451
10503863.17423241,5.36198963636032e-06,34287178027.16556
10463008.86048048,4.93141318649603e-06,36114005929.30165
10483009.87504268,5.148762219739583e-06,35157455665.35191
6559564.342295289,5.603443522383285e-06,20792417982.80079
6488585.517103956,6.123615022701994e-06,19385549366.31746
6660531.271113795,5.857713263474715e-06,20496992032.01699
8753698.547554016,5.227725354245774e-06,29061391907.1428
9603582.250434838,5.086215457763621e-06,32471580271.99318
8661641.155358413,5.495502846275359e-06,27813900447.67447
9280734.386370318,4.425042519394504e-06,34432670869.51438
9442978.050866872,4.640353748177633e-06,33942324980.12305
8483552.654457733,4.750104785059028e-06,30022185197.8106
10751290.34619023,4.252290014545623e-06,40961766041.64034
11305682.01325236,4.189295389279425e-06,43504693206.0864
10300170.25912225,4.493682061171106e-06,37824759529.29108
6949707.426921074,5.862728401657183e-06,21374698860.2838
6232403.3268502,6.589587364727082e-06,17731687573.43239
6872922.548916363,5.879558480960507e-06,21098179046.27522
5206977.40398821,8.303858539914068e-06,12697914493.67955
5500447.647601078,8.474493055842511e-06,13232915828.20719
5020130.80769045,8.81898306720695e-06,11760777337.59099
4809960.513401481,9.34327767204509e-06,10842813984.94038
4805950.765401357,8.975757155369433e-06,11127525240.06862
4805785.34374701,9.127473051312246e-06,11003495301.87407
5969698.55690507,7.569350333137254e-06,15485075634.70896
6178774.89834868,7.082560070834238e-06,16753627781.39202
5981125.750442087,7.565743570960513e-06,15519647578.42556
5421252.187318303,7.242319670376163e-06,14482642715.3473
5624083.125826485,7.238343437861537e-06,15029998627.04826
5311555.633810824,7.741357112236379e-06,13573035967.49715
6411446.144626406,6.376680132006554e-06,18644879332.61691
6737083.982888483,6.007916622755509e-06,20385562364.00232
6103081.605619482,6.718557236065458e-06,17140829282.59592
5622510.810426359,6.960508067051714e-06,15423028875.92943
6130486.281752434,6.614725307778361e-06,17397508168.85968
5829038.132630201,6.956945562534906e-06,15995009156.73102
5773964.196825238,6.757740383668409e-06,16153739850.01275
6457881.47487156,6.146258693734104e-06,19246400234.77314
6288588.926611053,6.412092083507645e-06,18220209777.88545
7842710.065940763,3.698643261017069e-06,32792248519.6365
7974844.866316675,3.761266277031659e-06,32973586700.84842
7736603.938454663,3.836194464537117e-06,31570632896.37787
7820563.006226477,3.838485222314042e-06,31900545087.53264
7759159.117776154,3.651893619174577e-06,32719192695.6472
7689494.261026074,3.842337389044582e-06,31344940220.05053
8778853.79613564,3.86738248570264e-06,35630867722.75135
9004772.856247988,3.62568904010659e-06,38154496466.65903
9491578.770277966,3.532563720669522e-06,40920894641.48923
8043994.152102971,3.220657666836431e-06,36884341665.38943
8333469.521878438,3.109686713684058e-06,39115428542.53912
8210996.275501369,3.29885787991867e-06,37052721990.51184
16295902.96917506,1.949136698064864e-06,104436000379.0191
15012072.75930767,2.040326695941259e-06,93319883080.31174
14359445.02148905,1.873759116833803e-06,94477519535.52179
11274620.8536755,2.80561618978301e-06,56678251010.21216
10313811.04047571,2.872353301659121e-06,51041950908.0709
12166005.07335491,2.564303246109497e-06,64938423105.56564
9070367.52908884,2.81413321259935e-06,45505279240.7961
9473860.409694003,2.52228371840387e-06,51128653689.18847
10551870.54357842,2.522010404356285e-06,56950587045.53936
7908915.437725493,3.52450624471198e-06,34149530914.22099
7938699.125617427,3.3242253996959e-06,35641477587.70876
8104610.261963819,3.402767864143734e-06,35824262075.90911
8423235.376122732,2.77894874162969e-06,42614615981.76558
8948730.464206101,2.587631629185271e-06,47478077680.53359
8556703.077209014,2.87843455612145e-06,42286546879.02871
13545666.70611429,3.471086313732924e-06,59086750990.7652
13853572.23470366,3.570272788111135e-06,59305391013.05305
13874322.1164216,3.314898874386358e-06,62406752530.67512
11750885.32181953,4.00720686471932e-06,46577489811.97543
11185547.55631808,4.070182541592339e-06,43878117875.48924
12052314.51408647,3.76524237053378e-06,49797609844.83608
11849234.43053113,4.182375324579918e-06,45646584748.01796
12097887.74721077,4.048539496937344e-06,47625984190.56713
13141202.34386247,3.85929978526798e-06,53410842136.12811
11240767.82192235,4.384759253236622e-06,41959677545.89945
10672600.16839327,4.66904044426268e-06,38204848542.53667
11482986.32583145,4.250991086147481e-06,43758395052.43121
8848629.111848967,5.530091183668647e-06,28295744845.48926
9800422.315090731,5.121191585832716e-06,32986085094.25928
9517574.51855024,5.36656720350681e-06,31050021436.87533
8246115.433305296,5.633301165837557e-06,26045983633.90024
7913634.673153684,5.637632326912673e-06,24983014018.27719
8335943.456670229,5.365839428856289e-06,27197541316.84789
10132797.46571281,4.030234392335202e-06,40010670148.02269
10647590.05380869,3.716800376583733e-06,44375013437.54063
11603636.20006993,3.699246336396691e-06,48512307896.88384
9919656.602860969,4.523472676348504e-06,36267308274.38516
9753350.824088754,4.308119306236204e-06,36837942414.19167
10362455.66655273,4.282038320567191e-06,39297264425.3751
7651454.834162921,4.907274347669845e-06,26496212206.06178
6961342.499769267,5.132326862944007e-06,23396458842.44774
7553148.752881846,4.718283641744188e-06,26849652819.86946
5058189.683932313,1.023038439634709e-05,10733313390.64293
4937760.570972474,9.908504975578829e-06,10703470248.51899
4823138.20259345,9.877641571859048e-06,10476772926.33526
5052720.338058732,1.101777421974887e-05,10204600698.30428
5170125.165834245,1.05109045629484e-05,10774761406.91141
4935750.331413244,1.089962097583463e-05,10040274487.8201
5058356.000515642,1.000303583285573e-05,10895692586.83269
5010247.399359521,9.909597563909932e-06,10859799973.57828
5186469.849577268,1.010997766779396e-05,11092728751.23551
5096464.024843445,1.099690348246825e-05,10305965572.95915
5109823.520161836,1.081562552904905e-05,10448119700.66476
5214373.058652691,1.048993364058555e-05,10881454205.41133
4298775.904462739,1.007842875650668e-05,9213322057.258446
4554037.854612999,9.633803905477921e-06,10058458650.43941
4568806.220029421,9.785681339265127e-06,9986393899.742832
4668125.196103233,1.060008225016669e-05,9673931434.539762
5549263.398147507,1.109790317510922e-05,11153419873.63248
5531837.268797103,1.092935149591411e-05,11232414814.15817
5591773.030602667,1.213270346264931e-05,10590370315.30445
5505648.315548079,1.178829237304469e-05,10629378385.63613
5248486.243402448,1.151998242747471e-05,10289624322.41569
5624457.999686723,1.232149262952187e-05,10543184269.3078
5375726.828249264,1.227521481447347e-05,10102242537.33238
5538080.968454775,1.197711646301191e-05,10579320784.29514
5226260.533219798,1.387828071573312e-05,9049695031.9457
5228289.194773791,1.385781389873082e-05,9062119512.236208
5128138.790037228,1.35920317986369e-05,9004028258.403036
6335424.008656751,1.083346019598302e-05,12939899144.88739
6431988.128051288,1.152757361764392e-05,12604335787.42784
6595161.436184241,1.100266753762271e-05,13331942660.67001
5237297.630635143,1.247667837463658e-05,9735866314.37989
5306211.616704304,1.274117138588182e-05,9726986825.770676
5158121.16738075,1.256548347320354e-05,9543450038.257185
5399153.868084186,1.202166839264102e-05,10288432397.84694
5260306.823325129,1.229690851134247e-05,9873711842.763521
5180955.964764488,1.238553907801572e-05,9678319578.600975
5655596.99867899,1.180525080681502e-05,10908414780.75429
5545797.734206615,1.184809288589868e-05,10670834702.10864
5383329.680108335,1.214612682734464e-05,10188082102.4762
5762979.749241875,1.27190989147772e-05,10576521672.23574
6054430.349255222,1.294634322695429e-05,10980999614.70813
6082102.727780188,1.215414496727915e-05,11505464139.78377
4790272.837411457,9.32506316432167e-06,10812490242.33432
5024445.775950927,9.046436593110866e-06,11572747243.92966
5029021.885667015,9.274108659420235e-06,11392929386.8684
5497404.741959935,8.59002442094678e-06,13106742897.85878
5195140.030690414,8.766418819048902e-06,12219378416.82348
5017223.813420061,8.934935515501457e-06,11652055017.75103
5260583.207238737,8.948971998455305e-06,12204456997.78122
5745338.125019095,8.933366769151702e-06,13344597620.48378
5265265.591485013,9.175847493765525e-06,12013129487.82323
7022688.784908812,8.463937805958534e-06,16909150145.62661
6366939.264881419,8.687498554808423e-06,15066101080.74454
6604165.073445653,8.435006603578369e-06,15937772946.09216
7460967.399409822,8.217407765211544e-06,18321959420.71188
7301263.560697226,8.346887017723086e-06,17743869546.59576
6874393.34943263,8.317819118929239e-06,16745369333.39248
7710035.161524436,8.512892866872328e-06,18492895407.28132
7073497.473039674,8.681954327154621e-06,16745156269.58961
7391157.198233552,8.478505166767842e-06,17775953806.83473
8694906.996753214,8.54724195226308e-06,20799246839.59085
8703302.90679848,8.557234806769951e-06,20803119612.22697
8567292.490694666,8.632480958630874e-06,20358846820.47147
8782416.021338375,8.407856994096652e-06,21240127927.69905
8715472.927039422,8.496619009697231e-06,20931171122.82066
8591005.897362323,8.528643883462831e-06,20580568320.39622
8827082.48515041,8.400644108315354e-06,21360371123.76968
8768396.304979352,8.49933115820867e-06,21053792407.43535
8759969.048681261,8.489312803598254e-06,21050102466.62767
6178700.332116754,8.431787459582117e-06,14914797635.903
5455841.343306844,8.700160424748497e-06,12897639245.49698
5840688.217739424,8.434896747614266e-06,14095403411.87095
6749658.372424139,8.74572083851723e-06,15900766187.49593
6402508.314650449,8.765613957619182e-06,15060125501.82194
7060042.146193629,8.54114911932212e-06,16896487219.67383
6606333.913042374,8.846969802860591e-06,15444155219.08286
6850950.150090996,8.794435086511274e-06,16079733342.14865
7366992.457497375,8.702552466921319e-06,17412419635.86516
6264600.633378584,8.929220178591853e-06,14555184069.65686
5976940.849050788,9.029841540030724e-06,13783479724.42293
6502864.365312516,8.876251895500258e-06,15168813676.74344
4752943.143849199,9.737115394131711e-06,10423392088.88607
4835059.454903292,9.601974752665423e-06,10702735162.33023
4936089.185013563,9.866835146329644e-06,10729951274.78212
5850879.39439983,8.972568961921247e-06,13550124201.99131
5670392.446573751,9.10654977530012e-06,13003009311.00403
5366321.749800565,9.215649616237034e-06,12208418416.58282
5857972.597671744,9.052521245608022e-06,13486553120.61022
5364285.943829936,9.195929376251953e-06,12221227680.88487
5133800.998021746,9.330385924133352e-06,11583486364.50198
4680519.276032805,9.331672724469751e-06,10559767887.1512
4642157.570151714,9.468605039413368e-06,10372000845.98793
4622982.805097995,9.705458856018026e-06,10160417711.59097
9878445.558138354,5.948672176938704e-06,30089057660.73612
9635250.089482915,6.281945315789454e-06,28300898504.74436
10162661.42292692,6.040078746571685e-06,30641667089.98269
10623521.23635846,4.05257226525478e-06,41794068012.13051
11097647.73569036,3.617223427736731e-06,47095640957.63129
10824435.74813313,4.043262003400801e-06,42649833872.6012
10173223.36378683,4.860014378391957e-06,35456854937.92737
10359561.80766054,4.453408816621685e-06,38271869414.38047
10420500.0230039,4.804304966224628e-06,36598912459.07127
12026735.92411491,7.189678439258963e-07,149856228114.0195
12401385.70287232,7.175528224906646e-07,154727543371.2303
14276009.46788099,7.515514126875737e-07,172703456764.8184
7487138.67460337,5.980874392639671e-07,105472544316.3626
7608472.134705932,6.282652822199672e-07,103721489965.7933
9652804.075184651,6.701810504161946e-07,126044934064.9612
10902604.90302716,6.934087673512145e-07,139167359883.9582
10551502.42249527,6.928371598297476e-07,134759747274.493
8408592.499992315,6.535929788801784e-07,111648198677.3734
10195038.7998911,6.854109049963539e-07,131145947874.838
7788649.034161863,6.470661217926858e-07,104110938075.8896
7910374.696931288,6.607649071024452e-07,104271529109.2042
9445984.661658136,6.521018318177098e-07,125613684902.4687
12156617.29931975,6.955205453287779e-07,154860064582.8865
8571987.225649517,6.639254483544136e-07,112633774507.6824
14513931.1163421,7.512217912338623e-07,175633061905.0287
16175012.50312443,7.40750249519019e-07,197574134175.903
11268459.42226192,6.706884025294726e-07,147067715869.9256
9926832.418406952,8.241516647577489e-07,112929116426.5318
12692862.02258081,7.693798016962473e-07,151170032094.974
8957611.019797731,6.817518520578667e-07,115639973069.5221
15048157.31941147,9.399751680669602e-07,156821547714.3589
16109900.08448149,9.963236920560474e-07,161495047441.8349
15308151.68946005,8.546777557277851e-07,169976085391.4043
10549492.47977012,4.665069224006882e-06,37785586867.33408
10488177.70457772,4.314799018303783e-06,39572454610.76172
10687814.30346605,4.304655669898512e-06,40389017396.58805
9782420.525897939,5.93554256306497e-06,29840496571.77208
9775875.519995958,5.979743464860187e-06,29673398864.14197
9540417.338128466,6.267904554172441e-06,28064186425.34609
9972943.873653138,5.293810898541504e-06,32833039747.26407
9884419.75535626,5.735865688530889e-06,30847397594.6264
9891000.990391243,5.691965571388137e-06,31026448706.37631
9811019.404769832,6.372683706543039e-06,28542974234.24548
10599833.1435703,6.316117881539522e-06,31021696476.96969
10343155.80173272,6.133874591353441e-06,30867145680.67732
8387798.748373718,6.509421690900402e-06,24059488895.38478
8619213.162694233,6.47317132013221e-06,24815491837.43188
9301005.380093794,6.134665923375937e-06,27754662508.0825
8735279.828983672,7.004868135452636e-06,23860351967.66084
9289357.418338021,6.91364081872811e-06,25596532183.23058
9232910.827665897,6.668476386811086e-06,26060789160.6784
8248813.162142336,7.031535326959593e-06,22474568286.88104
8477462.196286295,7.03431079214012e-06,23091465348.0525
8967796.995980497,6.697669452058676e-06,25238873204.05786
8531880.427391786,6.65208044526665e-06,24121617797.26471
8262216.972344359,6.935945576286999e-06,22717444613.02529
8981772.523385596,6.602167834415765e-06,25521391212.83773
7510287.015813379,7.69891625270095e-06,19262092798.46922
7437720.754705115,7.606422644689329e-06,19230307713.96808
7752712.014520636,7.345944983637378e-06,20515803818.5995
7834205.848746717,7.460043227588108e-06,20519530331.21831
8927805.586463436,7.111307068430239e-06,24142288554.4579
8384785.071083189,7.202711604160286e-06,22481636284.93086
9473730.781939089,9.653061434172264e-06,20896697647.1933
9466481.40031223,9.83206630374567e-06,20626492673.26796
10039150.05873859,9.993014336960348e-06,21638771729.82956
8598805.54658941,1.132015912449912e-05,17055708838.69026
8579192.899512626,1.213848681034822e-05,16243142923.85027
9239147.423686314,1.122255616964007e-05,18431925446.60352
8299810.346432789,9.407185414038774e-06,18624946448.8353
8392637.062275024,9.791727175173597e-06,18336885493.83732
8634781.826590402,9.411064516816004e-06,19371304519.15256
7546644.870358502,1.271275229388753e-05,13854606333.34562
8156197.464762398,1.251089278849438e-05,15134295058.00248
8175320.781153711,1.169276256002157e-05,15869383249.22697
7072739.198610538,1.332439815756281e-05,12584112040.7347
7112272.90763629,1.301069142147994e-05,12857054799.32275
7046577.796346843,1.236872708107949e-05,13175332369.665
7011427.844086281,1.443978754558421e-05,11824041173.69602
6984839.968432125,1.538527370521576e-05,11291534759.9381
6868478.638005163,1.55719285008831e-05,11014521066.07871
7434326.507719068,1.494350724315181e-05,12253870094.53105
8702169.977972306,1.338669134198467e-05,15435192923.71737
8236557.055508407,1.329613812250008e-05,14675583097.16675
8314226.960389036,8.995515337571229e-06,19222262780.95405
8942942.660176249,9.340297977493778e-06,20163842284.84631
8552407.37131872,9.265051705217912e-06,19387559676.53218
8821304.96933643,9.504564247653101e-06,19659751751.26814
8576540.350783339,9.88516304133958e-06,18620424490.12894
9043324.823731432,9.780912496848198e-06,19773120574.60439
8154863.092900631,1.512430827873388e-05,13334180416.33176
8681137.562336385,1.38437814105652e-05,15057058900.92143
7414887.474228208,1.540003675407881e-05,11979078010.67723
6490250.509997128,1.864864624620536e-05,9229182901.992464
7595409.705419233,1.632559771539345e-05,11802440274.59299
6881881.774038424,1.660046549781957e-05,10575324357.20969
8640093.129299572,1.484394059409373e-05,14304926100.37307
9351087.95994219,1.428063274314195e-05,15886583453.99603
9181557.308147607,1.356228507106446e-05,16144617871.51374
7834892.395433164,7.522170520838433e-06,20408178933.36907
8387626.297319055,7.451206405724354e-06,21986427936.74685
8928538.485830272,7.173428351458529e-06,24004676912.44012
9935532.247408837,6.859881027956933e-06,27519893451.39484
10555739.33222406,6.853368863317034e-06,29256290002.11997
10668569.02838163,6.557881387250938e-06,30450689673.61898
9655966.298458809,6.535505189164509e-06,27623346985.14525
9713689.658976873,6.781056684560385e-06,27113524432.24108
10438642.98840385,6.477186061698761e-06,30041374279.59018
7415836.051849261,7.841382368509834e-06,18788770660.80767
7562265.115603742,8.193693064700225e-06,18606532154.87107
7589066.674341345,8.026171517346955e-06,18931400542.24903
7430712.368809753,7.905597634405534e-06,18724374255.31848
7649352.029097626,8.286318255031795e-06,18680288320.12001
7577287.511239708,8.258927314419366e-06,18545192130.85951
8132231.868287618,7.232323827279373e-06,21744921485.78889
7908319.049874963,7.229879595384477e-06,21150962674.62802
7590149.736668533,7.48991687426635e-06,19827395903.72658
7336875.485375697,7.723418396778851e-06,18777514549.96999
7330065.195820672,8.186186648724272e-06,18046240563.39663
7405952.380018367,7.890993851988245e-06,18685000417.18072
9790986.866902934,7.352138349056155e-06,25895085789.61237
9475996.297049349,7.272823903052011e-06,25243883520.05424
9767710.230698187,6.948419676862824e-06,26824732903.53059
10739287.45041388,7.687857748031308e-06,27570114797.66455
10216236.89415648,7.514463778263195e-06,26629251407.92447
10645256.9004825,7.345384670832248e-06,28171704033.29145
9826005.541475412,7.66463672014425e-06,25276442773.94941
9490334.916656839,7.451789696749724e-06,24875652379.15321
9805561.76321971,7.531136867980482e-06,25521064549.98877
9744928.643622328,7.953504342335484e-06,24457176348.01614
9517923.127391569,7.807261770742308e-06,24184829615.91901
9819458.848014981,7.820154814023663e-06,24923593185.4646
10603100.99625137,8.06095834404515e-06,26373946055.4182
10013861.64073178,8.016967418923664e-06,24999318758.91204
10089411.31393988,7.883412378627748e-06,25471606131.46095
9660804.342328347,8.360935178415548e-06,23451828825.49443
9333406.387789972,8.434475939910639e-06,22525171528.90672
9675789.154830609,8.18728221566583e-06,23819166244.34609
10298833.72450313,9.553099608158207e-06,22874863389.49949
10026311.04059077,8.763531196163779e-06,23587853151.20574
10547775.97642786,9.081399187923641e-06,24232174426.47019
9263953.826146128,8.327862815690017e-06,22547964382.24031
9379710.792521397,7.934232287095235e-06,23578681019.1892
9605071.824758513,8.080574595141677e-06,23852786499.28009
8066957.620024944,9.832443026914562e-06,17576624833.07897
8340039.728202128,9.33916778808598e-06,18805981335.11509
8608255.137898549,9.508787383528501e-06,19179253789.86971
8754797.766295129,8.134386656894586e-06,21645265156.91348
9166015.290929841,7.947714610543746e-06,23015428667.31007
9051588.669476975,8.341320114551075e-06,22007377064.13601
8499177.303120222,8.856819664841724e-06,19854472567.68394
8589581.423440829,8.361632739451153e-06,20850250410.24119
8883581.991779784,8.568470755498238e-06,21215465689.97911
7735555.516938242,7.913860390429738e-06,19478966811.82944
8242306.728325941,7.76027764704531e-06,21027965983.6749
8306331.632847276,8.011302550888727e-06,20746293177.56392
8604429.387022771,6.936500447210688e-06,23657115803.55159
8583170.676560486,6.679953393863605e-06,24199076563.80257
8980763.031330585,6.827513485164907e-06,24953886346.39696
9137097.744299335,7.21948531466237e-06,24460806902.87713
8741456.139305066,7.07138801624313e-06,23727246239.03612
9120742.589274509,6.962405603777367e-06,25014432370.66502
8229751.760006701,7.450247067654972e-06,21574444319.66587
7703576.857252605,7.209563411222709e-06,20642063473.0778
8276488.060926842,7.16689188298684e-06,22265144821.10226
8635151.021614037,7.981678208808179e-06,21620901303.9495
8569868.724832192,7.730503355275279e-06,21919752897.74123
9043581.297978645,7.79494011658933e-06,23003747484.47019
7680516.008630502,6.915163306694355e-06,21160313849.71035
8019727.449356494,6.666828637468826e-06,22640190711.45168
8369122.335444698,6.477329380313654e-06,24085144792.57644
7543277.786528456,7.749860898116699e-06,19261827812.51283
7523694.446193066,7.355225809238829e-06,19893008858.44927
8043791.899806568,7.596060432557242e-06,20816220790.72027
7368279.757330246,7.730856210708591e-06,18845791249.11079
7333138.395891932,7.52175036638221e-06,19101930948.25448
7348925.057409889,7.3367720993963e-06,19463478781.80429
7329935.504538237,3.201383633937494e-06,33744915092.63887
9233217.679585434,2.716316609473131e-06,47427782001.77811
8893662.066352645,2.355142958273861e-06,50242253146.82832
6573271.276659755,2.768507349186602e-06,33338887381.49091
6701315.403422759,3.212309026438655e-06,30780937766.74587
8199797.684400025,2.367697802698921e-06,46158564028.25965
7484539.208219081,2.015089692156615e-06,46913965790.74504
6763192.3431521,2.471677253432072e-06,36996209628.18175
8411760.733264992,2.067343118575485e-06,51833659217.40794
9635269.584830921,1.533488400975517e-06,72456420194.11751
8189060.157873156,1.780792584769515e-06,55738913954.98512
9157694.972232511,1.832737352982252e-06,61148529784.65299
8181302.033956272,1.47050386050903e-06,63267156146.8298
9876056.051562915,1.50001137386226e-06,75368032494.51086
8216534.743981135,1.791483209229214e-06,55703207228.73737
6721578.763776788,3.596082336448013e-06,28636385981.68127
6280885.020259287,3.961657880502445e-06,25086276093.95952
6215794.143839844,3.166269309411943e-06,28826907557.35382
7167552.694582082,3.043623824601849e-06,34127953353.34557
6945151.640322343,3.366143044003769e-06,30921462096.14327
6430860.990171663,2.937343063241689e-06,31354461069.36899
7435097.056061326,3.354520355156002e-06,33179233926.5346
7474481.479111079,4.184785223279922e-06,28782750148.10233
7208550.821775017,3.678101035254693e-06,30252796642.17898
5357956.576985925,4.837255293560876e-06,18732677247.45425
5197892.301450253,5.199547702740291e-06,17318764185.78748
5073894.383408261,4.953801974081499e-06,17460191189.23541
6067375.926153274,4.286177247112901e-06,22994333172.02971
5740289.273790193,4.450410279929191e-06,21216174489.71931
6125799.174407731,3.933950021250124e-06,24581602762.75673
6068842.990802651,4.564732606195426e-06,22054421656.94303
6131696.680641003,5.04620199371117e-06,20841912872.84671
5741716.248996001,4.727974674407839e-06,20382539775.36007
6543078.002188967,5.376541459744831e-06,21319651355.03246
6397031.432124046,5.004848740432709e-06,21863407376.68127
5849023.643970388,5.486904422831277e-06,18801757492.64522
9424441.217994226,3.992207573312635e-06,37449572739.57161
8520493.581618899,4.623126293344358e-06,30702535953.45195
9365914.850877654,4.239689502481745e-06,35754236122.939
10778396.79785489,6.675074237715472e-06,30403022973.25352
11246318.06560246,6.647119511465596e-06,31811784892.79573
10859351.14675562,6.969370803360557e-06,29762871471.17724
9064140.481195796,6.424008669626249e-06,26229451905.07236
9979642.251976242,6.347240343161779e-06,29111081763.58965
9720714.856414454,6.577605161698335e-06,27689790531.78903
10219163.96197508,6.084300955870307e-06,30662548061.25372
10837306.34285398,6.180648169360254e-06,32178465877.90844
10440081.95554768,6.200057907161447e-06,30934284646.75633
8516768.53296808,5.725910557628022e-06,26610016124.57218
8340365.023010512,5.712950031196821e-06,26098253264.4912
8807517.037388498,5.916855777578997e-06,26923168520.60827
11105513.89681067,6.266861161462547e-06,32671715931.01791
11280809.05090987,6.428724436091596e-06,32627994051.61011
10703358.58264295,6.2860196155607e-06,31424587634.57159
9799872.093854664,6.000215253282006e-06,29678539163.13361
10672290.78738777,6.130753370056954e-06,31860194266.89759
10058941.92576773,6.034323917191528e-06,30348219844.60961
10867189.88699756,6.345026530234243e-06,31707472723.01625
11231491.68266589,6.498294742796867e-06,32253078184.45108
11128978.41551395,6.292534989690975e-06,32651630562.53757
9711748.016871247,6.400367269232747e-06,28172635422.56111
10228498.72831601,6.712847820905254e-06,28743569137.67913
10381189.41356925,6.40897830304443e-06,30087625465.79537
7334090.796843976,6.272909585615934e-06,21562557159.47269
8574750.843564892,6.252356825518259e-06,25265370578.85906
7681400.921088705,6.10915173301114e-06,22985457832.25053
8684449.954793356,7.06558524699268e-06,23585416853.34381
7835716.746487189,7.689281260658381e-06,20113526884.44859
9484962.478260711,7.100710482590214e-06,25674445939.00275
7526240.981790806,6.412583445334499e-06,21805000458.80174
8482781.734514633,6.668270164229832e-06,23943970456.00433
8782417.753488407,6.391964419833546e-06,25499080819.75659
7044449.676816114,6.58059183205552e-06,20060285129.85231
6793681.560485653,7.065521438566306e-06,18450538272.81978
7970798.323887527,6.837046174920637e-06,22127014077.34231
11439909.95921991,6.723213906701622e-06,32114757985.05614
11520264.21298809,7.082759876266068e-06,31236384543.56036
11513549.01164092,6.679394072753384e-06,32462689872.2392
9614402.282622918,6.063379773149075e-06,28914284018.37388
9560430.890447924,6.237461979197987e-06,28214489204.49552
10224723.8293509,6.246876764584272e-06,30144607086.84711
7691590.894993527,8.028442926477944e-06,19183534483.46456
8085412.57334054,8.420239890976388e-06,19535260599.64166
9326325.696044935,7.438501009421001e-06,24474864366.13117
11067725.43364212,6.856970992615116e-06,30664566900.8556
10551040.70585333,7.007658074941351e-06,28812439432.93249
10638717.05868503,7.425463099911584e-06,27951614367.17041
11275504.09985461,6.329049207555114e-06,32954165543.90707
11378688.47030416,6.534729499947142e-06,32554207747.91356
11452130.53259134,6.490971749746709e-06,32911409090.34808
10728623.34027883,6.463202967909738e-06,30920425998.98937
10573389.19711833,6.766723089912696e-06,29554840199.26627
11090614.30203663,6.616677518986049e-06,31467503534.61106
9100079.39333198,6.03813639624029e-06,27443736147.69403
9921016.368534241,5.581636346620733e-06,31529358949.08208
9437020.837287337,5.807687972885727e-06,29207837062.18126
9732066.415417725,3.668234725746439e-06,40916673521.40866
8544491.038457936,4.203925895550273e-06,32803196387.14785
9502400.401621982,3.794149888400907e-06,39062227387.3011
13952340.93117883,2.531432585362503e-06,75116642696.52444
11684559.02170696,3.062856248926121e-06,55402315629.54392
14164845.74118225,2.439056023619331e-06,78174299566.49968
10070151.50404805,3.139000848268415e-06,46972288086.46971
7643497.200403723,3.871722981703542e-06,30999588336.60069
9647826.470860986,3.47090632739809e-06,42085667666.7327
5769214.727876248,5.283879734792001e-06,19017266274.70181
6313554.922038339,4.802388685427324e-06,22180385568.37651
6208658.844537479,4.566354374152242e-06,22557175684.0217
10891673.8665066,3.282008185021925e-06,49317553239.39729
10648630.70545706,3.408063783359053e-06,47020649435.46272
13290447.05827344,2.658215814417211e-06,69259512689.7523
6949390.541861993,5.182349597905662e-06,23205748490.29581
7460424.587811493,4.710481470174155e-06,26549316505.00958
6798852.45458308,4.810954954367519e-06,23856940974.37444
7184167.632152653,5.222390593408573e-06,23866948193.72246
7751219.929455747,4.971288175614301e-06,26610769520.21621
7703610.475358342,4.750555236585224e-06,27260348289.82719
12167550.93211228,1.626526200987461e-06,87975645856.73837
12737543.2223426,1.239093464982898e-06,110412004142.0399
11611605.26404148,1.581598809508597e-06,85538450189.78265
14113804.65278904,7.132052035873308e-07,176807669610.4453
11179877.39201671,6.601843081706138e-07,147455250901.4552
16068848.4912748,7.318397912829646e-07,197867322282.7779
15662069.83593936,8.870544084776455e-07,169648093620.3083
16066449.30044437,8.021373813278148e-07,186103298503.9634
17486361.00657623,8.030292860394529e-07,202400625727.5027
11468299.69711296,7.019615577590419e-07,145196722864.5935
9036394.09109617,6.762515277454889e-07,117288740704.8988
12708497.96139612,7.128143119546366e-07,159261187505.0479
10038815.4108159,3.010223694670903e-06,48152254097.33369
9525433.672566794,2.955810328271479e-06,46248790805.82996
7616199.699898621,3.742927890171541e-06,31593471534.77347
13149882.5902392,9.428543039083071e-07,136759913248.2104
10547086.64230376,9.149067941046325e-07,111913190876.6693
11655775.98812019,9.528572931921345e-07,120371207512.6819
16290922.92022241,1.295295766545712e-06,137098612040.351
17315176.41352481,1.360421488380711e-06,141029921840.9798
16360643.57947034,1.201547001313835e-06,144757100066.8753
16773424.89344771,9.673999798393477e-07,171481667925.5381
17694543.07163984,8.227962388220044e-07,201516751569.9607
15955123.55448676,8.250718152319182e-07,181372874999.7028
12846852.13572689,1.464142804209269e-06,99634046108.81984
14621322.55028159,1.089573341093349e-06,138085797363.0367
15499725.87253463,1.151444129854842e-06,141089741343.6535
11091846.19284956,2.568818547516638e-06,59135492738.94788
11391736.95273118,2.019907100217728e-06,71291160479.8725
11457422.01345908,2.451392904336362e-06,63019984698.28841
10978650.73850917,2.567026417027398e-06,58559237148.50191
11200348.8299589,2.455242669041819e-06,61541574067.71372
11076686.99906114,2.012769937256876e-06,69483303609.62125
10155862.41300689,3.687287726877428e-06,42551230482.40324
10780438.15343323,2.985469665927e-06,51994966631.86366
11140887.49411355,2.868217356041219e-06,55188054212.04322
10645073.61895373,3.352463944960756e-06,47523227246.17338
11091034.7659864,2.789980170229271e-06,55963472659.91985
10870426.62117369,2.902006432006328e-06,53429487487.0763
9797744.062739661,4.025298105692356e-06,38719290564.99152
9678511.300422998,4.221460973160553e-06,37053853124.87967
10411374.77632649,3.323781839885775e-06,46746927637.52621
10001468.03390172,4.469102378041456e-06,36862395028.39623
10692057.40329931,3.85839827350308e-06,43463354822.71423
10392141.00320581,3.879654204834368e-06,42089750538.64854
12243315.17573901,2.359822132611734e-06,69073720594.15323
12078072.60063699,2.017993601474543e-06,75634123649.74445
11650327.09550614,2.415721982116264e-06,64710310642.87599
11742473.06245013,1.559803220861076e-06,87306456931.25494
13662070.53788574,1.191398089538729e-06,121565943116.6061
11948709.83128211,1.566058734865231e-06,88603113628.16777
14866406.88986361,7.550447104863931e-07,179290619928.8972
12952062.60491191,7.223172878801073e-07,160886743799.6694
14268052.95666394,7.335134712848089e-07,175425470394.5074
17409430.35413268,7.667838182289266e-07,207811352172.7506
15992711.70983445,7.665217653246038e-07,190943896675.7697
15371876.85544043,7.439634059311537e-07,187222991683.238
13338084.8745721,9.109780023993258e-07,141934579873.4213
12254214.41873019,7.682826903357211e-07,146084714507.928
14523753.21806765,7.995168055142313e-07,168601123011.2153
7073648.765961591,8.467357374546061e-07,79033563657.82776
6260851.088258962,7.967507161231487e-07,72848128561.03258
6144687.584601161,7.328956846631404e-07,75591279615.58733
10196436.08605991,9.956962592600657e-07,102257966229.9743
10686941.96552939,9.661849278539689e-07,109348613007.451
8737254.284858556,9.329907467115725e-07,91507512758.67003
8972556.604439326,1.06509439016691e-06,86031496078.14546
9827325.540147839,1.021495688055423e-06,96889708861.24841
8631281.271656133,9.684510772200499e-07,88177303076.01648
8479367.064982472,8.264012150080503e-07,96287402530.80644
7585477.17405058,6.888878542566449e-07,97248718544.15256
6800073.132876172,7.82639515222791e-07,80070474552.20155
10490563.35642551,9.443073673347083e-07,108990813042.352
9440170.918715447,9.080405697438351e-07,100672230073.7802
8559777.511432659,9.110784596588061e-07,91080475779.29837
14980280.08761059,1.225459127225626e-06,130813945982.8837
15047140.40982901,1.130474384859826e-06,138658603766.0263
12236643.33545339,1.083919152271317e-06,115966097276.2114
15190897.67959151,8.381887741678978e-07,170879072649.5261
14797762.22750351,9.238916121035635e-07,155996682278.9195
13977730.22478059,9.499715442869693e-07,144642612228.3512
8876296.905464238,6.455896280198466e-07,118830372267.7375
12596032.46869618,7.235174773575224e-07,156291162138.6832
9586616.748482894,6.566692800266662e-07,126891997032.5693
16740582.12085686,9.980355722223496e-07,167625418497.2328
15827191.73847707,9.363642936796654e-07,165363872488.7173
17660810.12899487,8.516757553141808e-07,196559677946.9633
16899322.6124439,1.216310451418294e-06,148310877502.5604
17869221.37550046,1.375325848478546e-06,144489146467.3926
18493430.39222476,1.35406366911815e-06,151097781045.3022
12753623.64163727,9.896890809925445e-07,128420516107.7421
15025636.58899252,1.064070918661487e-06,144162564089.9178
14314438.07947505,9.812408264239295e-07,144963021052.5662
12076877.79375199,1.001535543182894e-06,120645305472.691
11555086.01422595,1.028846655188041e-06,113380773627.1687
14290292.07776029,1.07396136163392e-06,136264272156.99
12043039.37315229,2.463557397705395e-06,66022857378.93085
13346233.6806373,2.023869969345216e-06,83413623451.19359
12106862.16970222,2.626267181775941e-06,63602227669.83742
15202376.33921419,9.971786223574925e-07,152310381678.0472
15935037.79337727,1.080733397349943e-06,151312236165.0506
16269453.31314975,1.055245729613121e-06,156965385549.5519
11029350.2936397,3.236865823101101e-06,50404208432.45171
10051688.57268449,3.645858085163612e-06,42433206555.27283
9991242.969367027,3.893047409654667e-06,40373189352.69128
11932130.28449271,1.834206593212955e-06,79631669307.22729
13300242.27980855,1.826099509478046e-06,89024578411.82596
11999353.04231345,2.265736140822606e-06,69558724510.1797
13567918.70848431,2.563895346993158e-06,72429091332.01347
10897149.08020255,3.313736369108922e-06,49026879991.59502
11914162.30156899,2.904671163061766e-06,58523756755.74364
17620095.71204688,1.586580666215245e-06,129528943928.452
15940830.28808843,2.061342865771565e-06,98418660174.18492
18239975.69887061,1.565269437509962e-06,135300121005.9837
8861701.964552104,3.793494878669094e-06,36432653643.99161
6945615.582705018,4.194367373088451e-06,26705441684.53211
7056537.278783965,4.429919845181164e-06,26161404838.26128
13268418.0852432,2.628695767861078e-06,69661410477.39857
11511256.81745458,2.828214767008334e-06,57559165143.66237
11059410.25572165,3.160157307157745e-06,51356194430.74072
17740356.1308499,1.692591691138503e-06,124909134024.1138
15473985.41459025,2.188792209368656e-06,91790801137.33627
15697735.6635428,2.096391147680559e-06,95834555655.70284
14704334.63498463,2.15398491511593e-06,88162440951.44783
12391018.17194511,2.576677561551758e-06,65927551025.53336
14211750.01705169,2.377152794054491e-06,79788964366.77072
13868252.74031991,2.202303933866137e-06,81928859911.58624
11071564.99507632,2.570652328503359e-06,58999289906.19099
11624519.56894992,2.625063238875078e-06,61086958102.07847
16713383.4892934,1.223370158966009e-06,146114210691.9141
17944130.11353174,1.386088261659249e-06,144342808965.9124
15430284.74785024,1.527990745207952e-06,116312607358.4521
6215250.386832426,9.193667311437321e-06,14162266850.45577
6007337.39541451,8.528252106692849e-06,14391586449.9038
6083681.290719943,8.315237907466675e-06,14822336487.11624
5288891.091282344,5.800504742186209e-06,16382773740.67923
5400928.874982215,6.391067861461189e-06,15682651996.63042
5487859.698446259,6.411862779349881e-06,15900600280.33419
6297971.930546912,7.540226343102324e-06,16378638550.79919
6158099.925317014,7.707896964024488e-06,15781785321.1193
5890821.028010095,8.21308719815798e-06,14471210890.45555
6830373.168957897,6.320045092513758e-06,19981633097.22221
6429330.025772149,6.939531094301528e-06,17671725972.83555
5882257.503553425,6.600136795042847e-06,16717656898.25586
7790233.538641042,6.43790408004525e-06,22510621006.29666
6618020.314050799,7.264361272137693e-06,17643976592.06176
6762992.677101837,7.096266216735192e-06,18314102930.02438
7555576.107550015,4.840612510440265e-06,26403857000.11723
8177362.549763024,5.127659188261782e-06,27500071205.60241
6895656.559476972,5.181238059542944e-06,23029610447.56627
6580234.719069615,9.162146276202666e-06,15028301680.03674
6319978.362502791,8.705769358094733e-06,14934046064.81371
6545000.613511885,8.911918636500715e-06,15226340927.43055
7229946.695748969,1.026835976040595e-05,15303862132.83636
6828311.091805847,9.648692317046588e-06,15066105141.26884
6879893.56318796,9.784902424269888e-06,15038714685.57554
6643138.808980356,9.481787678544908e-06,14829044771.91096
6344020.581854944,8.847618914367117e-06,14830198966.69906
6604766.507884501,9.304605484488388e-06,14929966268.21819
10097412.20319147,5.729568488836463e-06,31535191713.47963
9071914.360417416,6.178080875989293e-06,26944071086.47843
8966398.515566858,5.947401416481099e-06,27314916007.10921
10679804.87169259,5.673718463859181e-06,33572586128.08196
11015374.16021106,5.565842364849324e-06,35073463299.04161
9854496.697027056,6.281135802928713e-06,28947362036.22026
11117321.39248416,2.934150546715768e-06,54243191261.18612
10670826.65787722,3.495758556877414e-06,46327313047.08844
10974709.46236365,3.47523846269794e-06,47833991829.77731
13750299.67063961,9.116545769287989e-07,146248679027.097
13998878.50655254,8.303574212770376e-07,158458861059.4834
11085509.0886298,8.845769522043436e-07,120299889746.2913
8643283.631171145,5.875124887139777e-06,26546098172.14412
7351096.955225142,5.633999050356049e-06,23217082137.31821
7697835.626055689,5.906039617439299e-06,23559770884.05772
9048060.429138292,5.974717143799294e-06,27479611765.17876
8574485.83338432,5.770769027088245e-06,26651334432.23354
9482479.274652636,5.957317375633004e-06,28855022038.72229
7794740.767774892,5.157845424601849e-06,26110957299.08738
7226068.593402987,5.409260247140177e-06,23450035012.28617
7877890.147901101,5.497675626312317e-06,25290486236.78665
8333656.920733584,5.544291597712606e-06,26603467220.59006
8074545.352466031,5.191477371943795e-06,26931307246.4795
8159170.040263375,5.531429000633331e-06,26086816855.85758
8578963.478279334,5.302909545582482e-06,28211445524.75184
9151493.753019478,4.567105523158196e-06,33245379143.39675
8316036.11557822,4.950628751679633e-06,28629216333.26315
8783981.162730655,5.948502553067909e-06,26755903908.27692
8627746.590074245,5.78471192933841e-06,26773771732.16879
8920367.422369426,5.975732779906365e-06,27088729128.60386
9078153.01491042,5.558834038157249e-06,28929550996.50106
9407007.761181993,5.102789163320795e-06,31738014384.14265
9020605.018658554,5.345462514403727e-06,29506122518.01206
11282909.78498518,2.883167934892547e-06,55698199462.7606
11344688.28367425,3.046010089431517e-06,53988965883.97466
10291481.29898553,3.702497522875432e-06,43001278834.91777
9120042.960970011,4.046212826250031e-06,35916808228.25966
8182120.727350658,4.456353771500351e-06,30214316646.80723
8231184.29563053,4.677283210703895e-06,29430651813.89686
15164216.40357579,1.716315829571906e-06,105784450588.2692
17657115.05025509,1.574585887780693e-06,130459440096.5771
15619439.07504489,1.977984659453859e-06,99125065527.58685
12672257.13600225,2.56715667650195e-06,67590510519.53587
13939541.05473757,1.964241246348543e-06,88876155000.8873
14376133.49285213,2.226277904630631e-06,84318430272.46957
12735088.2458724,1.586224513510936e-06,93632263126.05176
15376939.50806483,1.273510929451139e-06,130878443540.4688
14147254.98113403,1.577993730862105e-06,104376324294.8904
8001112.454867381,4.374425657577453e-06,29913668804.34919
9151554.54920762,3.838323401866319e-06,37330788526.43829
7315439.485490391,4.475007431365635e-06,26938779460.8864
9165030.112178601,5.707813796282199e-06,28695956035.28963
9366945.309095154,5.720160413363542e-06,29285940730.96164
9498008.000778917,5.473018435397294e-06,30583082556.03432
10228111.23791026,5.355179977374558e-06,33415353650.1795
10305019.19923245,5.128766225369054e-06,34650289647.86588
9736589.057312967,5.580424855305283e-06,30947720382.38021
10056341.53946141,5.21831842860636e-06,33426145312.02749
10225304.71834792,5.38909434975594e-06,33265883912.61108
9967447.231743695,5.659862396398741e-06,31384366256.41225
10167804.56982475,5.05292268293244e-06,34530173059.97043
10415015.75943866,4.996862009031177e-06,35633763549.4832
10337697.66024799,5.223628260323478e-06,34338051789.46515
11289329.53472812,1.843447941333684e-06,75089791501.37358
11414169.43094808,2.286601135025114e-06,65763366694.38044
11837596.71750969,1.888710660928791e-06,77473513582.00369
13987846.87579767,1.075329933219787e-06,133267130324.6444
12044636.72252867,1.443856270917448e-06,94285388924.29245
13190896.07536364,1.101868723685002e-06,123648179967.5204
11302631.93160437,1.873828171877849e-06,74363486351.89587
11003924.16953231,2.422573301831969e-06,61004654394.20584
11102072.95687907,1.867379992687098e-06,73212000838.01721
9156179.439511834,4.89463081194559e-06,31761499808.8886
8695806.974613741,5.434647222035222e-06,28131678935.37813
8894545.651470521,5.278944112768067e-06,29337677193.73058
11316179.0611137,3.269633798314523e-06,51368916034.40264
12049195.27728278,2.672673882925231e-06,62564416190.05164
11460985.52058654,2.728676769407164e-06,58693125209.08619
9876397.482261991,4.960704376778219e-06,33954942197.08412
10560020.19559053,4.128323547570385e-06,41034479682.10104
9873779.540341547,4.739424642980492e-06,34994490750.01251
10929846.30962546,3.951391310075267e-06,43730122595.61675
11204377.10129679,3.525686079231255e-06,48368054964.06552
11044306.21060238,3.684713273999902e-06,46295200925.06577
7318029.490877427,8.442263404613369e-07,81925963268.78787
6170512.430718398,7.245896745697223e-07,76487970472.94847
6163475.113371682,7.77187964579446e-07,72913554272.47662
11507427.60225817,1.307156065950935e-06,96255736829.07764
14308622.35117267,1.282874164240144e-06,121192324509.3559
12574699.31449315,1.196926621348919e-06,111545637892.7287
7428736.211528417,8.666208269907218e-07,81726366178.3204
6475933.949097061,7.523361100957332e-07,78287869117.37709
7650311.730370602,8.75206042017775e-07,83612702436.79523
9623856.543672061,9.873164800851426e-07,97061027200.70633
8207840.666318452,9.256608175153356e-07,86416033834.40741
8440662.397532348,9.335044893406634e-07,88368792934.80159
8500704.398599973,8.794413376749315e-07,92608389285.73782
6819182.533085099,8.323640702190329e-07,77064925955.93391
7666366.294017796,8.837208047950629e-07,83249093428.44252
6696155.241186926,9.248266248382848e-07,70542681490.48065
6008449.758418617,8.569618493235324e-07,66597016762.59751
5975288.703892612,9.792080905210913e-07,60595759267.38266
8476799.046683373,1.084918104493093e-06,80284908503.27405
7661292.911660685,1.001419453666095e-06,76540515763.95282
8324466.489756458,1.102698074027836e-06,77992348628.34439
7563635.233134519,8.870960807975727e-07,81925066491.34778
6389042.042014027,8.261934954613636e-07,72562888943.40138
7097612.861049597,9.069696682011765e-07,75750202523.87294
12148050.56460802,1.895242156191516e-06,79322571652.62091
10091609.35966726,2.028879251974525e-06,62968444279.58044
10453103.84054513,2.389606244896665e-06,58482738638.19623
12198078.10311091,1.673845979125534e-06,86526223198.8499
10639361.36926257,1.505982375408582e-06,80978358165.02373
10137210.88917324,1.807744893489033e-06,68311483856.24245
14294023.7270192,2.019212635051386e-06,89474606120.05347
13223470.27015539,1.892798955260408e-06,86418976430.24597
11452333.3591164,2.387440856656111e-06,64111937245.37035
14503328.96993918,1.375968166756095e-06,117236300895.8758
11682106.2362038,1.398617971468751e-06,93408933838.2505
13312872.65423256,1.565758120945681e-06,98731407692.8385
17248840.40963281,1.497253754628765e-06,131794199559.3523
16226580.73770777,1.431907392008743e-06,127727298768.3709
16103488.04111646,1.748841075019243e-06,110939547913.3147
15377730.75070447,2.152426836513196e-06,92244395057.76709
17027819.20105276,1.677634759611926e-06,120603733678.1115
15889955.02586655,1.929238252609421e-06,102533415640.9799
18280027.24593115,1.292640664991966e-06,154048791583.8428
17037611.17504665,1.129691658353664e-06,157073198753.4131
16695351.51702194,1.154537533966964e-06,151701612302.7009
11393927.15481442,1.164413914653627e-06,102944191588.6705
9611870.409695564,1.151579376492096e-06,87487361939.57707
10379137.47906506,1.272342839231525e-06,88394483917.82901
11671458.11926593,1.089080437761644e-06,110260124323.2151
12617451.03206549,1.14271847131847e-06,115437114615.7919
14354224.00825928,1.227522317210968e-06,125206474864.1411
10534948.26718584,1.057702857395737e-06,101482219158.1242
9649252.337895187,1.099827165137623e-06,90561589315.87361
11434623.94016502,1.111144403822841e-06,106587976449.6854
8803222.434102118,1.156291161124304e-06,79909216332.45935
8449292.198454026,1.153596684932961e-06,76815877580.03435
10123013.78967601,1.217394505758114e-06,88788271938.14748
8557739.274294272,1.156464681361391e-06,77673129157.95047
8404677.886663686,1.170454660906844e-06,75674810707.17769
7971431.943419307,1.27723631857185e-06,67715616448.55903
8416272.243637409,1.048188166416639e-06,81563078065.15898
8085849.638087926,9.510795665703766e-07,83607985665.92706
7603756.541249813,9.611176399746221e-07,78074732385.05733
7502444.547958444,1.006821613903567e-06,74685181490.85789
7818255.116954425,1.100758599708746e-06,73335644494.42076
8158850.448742683,1.104008543767071e-06,76380180972.9118
9614687.544323022,1.176582248429325e-06,86268778220.30615
7138040.466763232,1.094206032521099e-06,67222233157.83905
7826094.596416321,1.066838820337432e-06,74957061484.10014
8314476.381423173,1.327343109916052e-06,68840830985.79021
8756824.299277099,1.222510876254838e-06,76591072012.74576
10022322.12938181,1.360606204646181e-06,81623157816.32367
6133494.08398492,1.067721224584928e-06,58713238180.82269
6364288.043795522,1.086825639423669e-06,60206480974.95785
7165778.076204621,1.108289493638442e-06,66910541276.01394
8109259.323386991,2.213629691375318e-06,47743165212.46912
9489174.305589572,2.378625116326485e-06,53253042335.22699
8000965.980466167,2.701298796230469e-06,41250321758.19732
7616689.91000068,1.541221398380506e-06,57085120424.92182
7650686.468667242,1.864667722800553e-06,50500936951.4535
7511818.115800562,1.787841015513722e-06,50994789045.22708
11198437.84404747,1.558359686979541e-06,83312910607.60846
13508911.9474931,1.70674901257724e-06,94588992005.94983
9426356.824427022,1.850759835397019e-06,62533177655.46119
15351124.84822809,1.790618427349979e-06,104104979762.0467
15471313.21327214,1.473872119691849e-06,119459486238.7506
14240934.92690771,1.664546253014116e-06,101392988458.6522
9673357.079394439,1.198565619549727e-06,85730628748.17033
8038927.914082034,1.142498833651254e-06,73557612398.6268
7188604.373199533,1.11036096333103e-06,67040172960.96232
11696776.41325085,1.378280599121358e-06,94444011701.39532
11751794.15200599,1.298069302391265e-06,98757993107.12744
13585394.85589222,1.343620076303889e-06,111571843584.4061
10644495.9275282,1.344174420378517e-06,87395287584.14565
9339004.123793729,1.207429884391446e-06,82361823508.54077
10696983.53563981,1.264322244513755e-06,91486316362.89307
8230516.736219504,3.245628701816898e-06,37545787012.13184
9385466.902894765,3.418734595419887e-06,41356675919.75143
9400384.847034125,3.893201202055656e-06,37984615496.20046
8335536.23792685,2.92229490068484e-06,40780340759.17659
9853228.926678926,2.597792980069803e-06,52140542708.17211
9497590.456664415,3.094076015768697e-06,44729370449.03162
7916400.025359704,4.293140533902578e-06,29969373304.98834
7875866.52980232,3.463182042994484e-06,34407105071.26363
9021098.845858561,4.111808351178686e-06,35148289809.54115
5416324.955910143,5.265484960600443e-06,17895580655.96512
5579692.598904422,4.903440393758656e-06,19331980103.60892
5964222.322621739,5.220627382681605e-06,19818556808.72448
6215713.706142357,3.611430586182622e-06,26406133921.9054
6092418.882086683,3.167807085178461e-06,28245587014.72372
6156862.227868483,3.965347437980672e-06,24575664627.27467
8251757.379050412,1.310091625936392e-06,68920010739.02939
9584853.106758658,1.306573270489398e-06,80197891187.52068
8848103.438660812,1.188906936936965e-06,78840907950.5034
7380027.132814212,2.282319658050562e-06,42573593706.32541
7276734.411108426,2.772682559289281e-06,36869713007.4331
6534301.461156036,2.664185487326304e-06,34000830722.36506
7913926.801343093,1.680560829268105e-06,55987258807.35728
9336629.687415274,1.431740550601004e-06,73498856726.64565
8021559.303937953,1.430901888819803e-06,63171166130.25139
18950662.27725692,1.851301614693831e-06,125691605051.2064
20823491.13478644,1.718078436597257e-06,145163762989.533
19071508.648016,1.875241049211719e-06,125414277834.9026
7368912.074499335,2.095335902791657e-06,45002254517.75687
6523842.896598791,2.47665730794729e-06,35639057922.08044
7232636.789221536,2.022772644968112e-06,45220144061.03895
13541796.68597927,2.574434753877146e-06,72092213915.3649
17076698.82228805,2.064135665980726e-06,105336389129.7026
17191424.40103367,2.09004516218144e-06,105165852841.4605
10143328.33836485,3.285892507160771e-06,45892838059.09344
10941907.72489601,3.080415674550711e-06,51683688253.19054
10455382.78647053,3.395029487774815e-06,46285423002.28353
10161490.23490204,3.082878084291135e-06,47971854066.4129
10529236.36587941,2.585098180229984e-06,55900047952.85804
10960770.70285461,2.876688670921775e-06,54189172253.46033
17713289.63087594,1.465134404172177e-06,137313819051.3772
15255699.71210251,1.367301421395821e-06,123838577506.8876
13983976.26900868,1.335225174470923e-06,115326117161.2064
19183182.18434997,1.786962873295755e-06,130269765591.5468
20013046.82232296,1.613704805094718e-06,145466777016.6183
21067195.75749153,1.652313297994627e-06,150734199426.7616
16367247.27232225,1.619139461543115e-06,118700570245.8423
15859406.47730411,1.436006245278126e-06,124599426808.0999
18363353.86516892,1.537605261525709e-06,137844285179.7776
14553421.71095697,1.310124309243039e-06,121550507735.357
9617065.767409695,1.090740272483403e-06,90760111416.17244
10497418.40961825,1.15388993836179e-06,95420037635.72507
19962156.38429282,1.538580322646677e-06,149782360643.9335
18984277.01100241,1.485594436019397e-06,145812207919.0188
21014981.39816919,1.576935149951232e-06,155114758408.0143
10743088.11656941,1.177396721594659e-06,96349009967.7328
8311780.268797124,1.034912658410857e-06,81237818806.65883
8539850.530016322,1.036049627667544e-06,83405859754.23755
18256253.61077189,1.480837935348912e-06,140520592593.366
14466865.86849442,1.345646848749525e-06,118691710619.1272
17321626.80350365,1.424397845483969e-06,136825739918.5684
13089234.22066951,1.269312289939514e-06,111652533584.2835
9344738.063566469,1.095926989066452e-06,87911572993.88643
11913305.38215529,1.23595341723854e-06,103442150199.6182
13656413.25871733,1.56043707979862e-06,101509294512.2937
16169484.57183592,1.4706004002911e-06,125035419751.4605
10691423.01524872,1.438961990962632e-06,83882100682.86514
9337743.621812476,2.004788111003461e-06,58730400208.13828
13402789.92788888,1.859632954483593e-06,88629246039.73083
10814537.39508954,2.167956594685708e-06,64561591089.5948
7034188.584419999,9.823844581187738e-07,71180278910.07541
6294839.174772623,1.034623132758849e-06,61536083136.46716
7340088.137253437,1.084527725563341e-06,69535647344.80464
14385629.44017261,1.416731564600007e-06,114043487322.2673
14869489.23967731,1.596305458212799e-06,108864275137.4516
12440132.4896768,1.452538976772256e-06,96992869753.94345
9159379.937305342,1.099990306398518e-06,85955466610.37384
12869689.83055868,1.26582856154345e-06,109981123813.1646
11086815.01366937,1.226655467852136e-06,96751654834.91388
12451575.12104673,1.256987771621985e-06,106906371935.2228
10069935.53661071,1.121851738436215e-06,93268798081.87019
15109324.54399974,1.333952136846535e-06,124686150929.8601
16609107.34615266,1.383171893845281e-06,133791602330.7566
12253531.8791981,1.234455826781709e-06,106482339010.0763
17166682.93725318,1.391725921829954e-06,137715844104.6568
8255820.328081653,1.308200830547008e-06,69020370428.43031
11617869.56810633,1.517065669190947e-06,87994779917.95709
8897187.091242651,1.396329783545273e-06,71218702196.86618
8092455.965883981,3.659962368435419e-06,34074482195.39191
7973033.782886304,3.519851744129705e-06,34456727104.94164
7943936.217744334,3.775804193213854e-06,32761424135.9886
7842923.378152262,2.265812234602282e-06,45463412107.67473
8223017.073648957,2.518567479760188e-06,44421729623.75416
8891788.494345352,2.240563568085916e-06,51929914842.67709
6609950.84852073,1.652462085319073e-06,47290861717.43625
7433107.074820263,2.048286406662713e-06,46086804889.06068
8455072.509019153,2.021037152083988e-06,52893357841.77155
6003212.705139894,1.611761549719827e-06,43670001231.05939
5877776.699977215,1.83903134692638e-06,39157984333.24044
6788815.19102106,2.000131991106775e-06,42764974303.66596
7504357.776199467,2.387458283749559e-06,42010353563.88135
7118101.482757865,2.119879024073508e-06,43134369774.65099
8453131.004554329,2.355579739589666e-06,47747692990.22533
8715687.391867785,2.722121399130045e-06,44705743133.85941
9119423.29435957,2.355594949808746e-06,51511037633.9465
8441979.249612363,2.632091497941151e-06,44283672005.14026
8166730.201552241,2.974167485763256e-06,39488556703.12225
8478066.88776884,2.876446132357582e-06,41917239598.23904
8208145.623783629,2.787283471327233e-06,41443614614.73865
8107887.276354097,3.272861676091071e-06,36780921149.59209
8243917.215763934,3.185652031628599e-06,38077468242.97151
8473318.160059489,3.015732888057128e-06,40593665213.35509
7897660.690525244,3.252618579278843e-06,35975738033.53989
7831667.153788978,3.400211427623695e-06,34635139397.47071
7975921.351462088,3.172015481636582e-06,36945141194.06869
8276922.188288231,3.633966901674485e-06,35017211622.18728
8547853.192951009,3.756252994841198e-06,35374243767.57802
8292573.989779201,3.407318584861137e-06,36622461162.57539
8451444.947545817,1.435830128416935e-06,66404206608.78712
9723081.161834706,1.899537202808277e-06,63392621032.59892
11849719.62599708,1.641048089434885e-06,85171416371.69943
7052122.036133294,2.183265160886348e-06,41903358195.50318
6122953.985015485,2.019713538256391e-06,38320792140.56313
7024282.038580475,2.340235764598972e-06,39850049596.41225
8168999.133963699,2.832864174937992e-06,40802334808.49538
8090370.553288884,2.962741029307368e-06,39219852164.85181
8131592.147303071,2.776475009123286e-06,41163574021.26367
8746941.569355639,2.504126673115712e-06,47433520888.01244
8227495.217693884,2.694300198148375e-06,42491655308.35361
7781334.220952175,2.54017215351113e-06,41797018380.32189
7417805.187310964,1.806752111494364e-06,50004571420.47549
8430114.790963326,2.206447885161973e-06,49739838662.91858
7096982.130311258,1.985815253500075e-06,44920834628.48009
11138165.15393891,2.230704535506193e-06,65240751204.85965
11087469.87006484,2.375434225578173e-06,62278352163.16517
9981711.370046521,2.37761396616405e-06,56033030592.33325
10336230.26005284,2.799407932230417e-06,52037694796.61967
11368525.59866425,2.513467701775855e-06,61497189927.72662
12190353.23717847,2.490319695806921e-06,66350808821.92154
11143218.19008264,3.175003738442341e-06,51583935607.17817
10379325.920973,3.270497242652145e-06,47107850836.82463
11087835.48647337,3.007643625825354e-06,53214402453.11926
8462218.422684681,3.25949157146632e-06,38493227168.31788
8586544.255189985,3.069660304463002e-06,40652900202.97958
9061401.389380397,3.063709920368665e-06,42956636952.24947
11282514.26316271,1.698898567678782e-06,79243002850.45262
8176340.912574437,1.525323654277622e-06,61704616043.15421
8408420.909046881,1.596478720446085e-06,61556278241.14143
10331716.72278079,1.798947607785737e-06,69848992558.42198
7274630.200219808,1.709461760725961e-06,50882838167.46785
7104379.522035532,1.723967605042112e-06,49412870826.72053
12084745.52911435,2.579348730802227e-06,64253600347.47601
11794716.73270559,2.697580599417079e-06,60865504866.35999
12212701.10944775,2.814425082460057e-06,61265869289.24458
13392438.88417885,2.412509017072746e-06,74452687044.01868
12507848.38174772,2.484029802625821e-06,68193776220.64613
12752763.1977803,2.623927119658678e-06,67035231986.74555
13315475.62731023,2.276598867239853e-06,76942390247.56419
12367901.04846077,2.385350440702553e-06,69277872262.06543
12416305.74656805,2.409339465215907e-06,69086586538.32082
8283585.95504035,1.983903136342028e-06,52465208979.47595
6672589.115670552,1.784888724239425e-06,45347528115.36592
6319906.559757216,1.800752803380899e-06,42698038474.50103
11016181.02484209,1.830512281850864e-06,73617765703.10405
9513906.622911701,1.841348817853608e-06,63328836103.93695
7850737.319350624,1.737259472791015e-06,54325114968.20902
14159390.83198603,2.009687565041199e-06,88911691503.99989
13908434.11340475,1.96024942931167e-06,88798169543.4279
13251398.85285726,1.909654423910394e-06,86091155546.63382
13125449.22649617,2.225840571361475e-06,76993041032.02098
14114190.00641952,2.093829947448006e-06,86237274350.99098
13813766.70643169,2.061561985719762e-06,85280129704.17157
13002967.45250421,2.336269080378318e-06,73851712092.26418
12766936.82934507,2.390033181534687e-06,71419601487.05283
13907516.689354,2.206665418171866e-06,82052521280.8452
15052889.71613418,2.004365405623424e-06,94689527086.61842
14566013.94656876,2.113177626453043e-06,88453845580.28065
15985690.00913651,1.973239522654002e-06,101611965005.4258
6587249.701102943,1.721184037134137e-06,45865477580.57607
6680007.279490476,1.725347837921466e-06,46436465891.2554
8024064.731553308,1.762153818193859e-06,55000319633.19134
9057935.792361403,1.786122915868991e-06,61530202282.81502
10840035.05961486,1.819734457489047e-06,72726386170.42204
7526936.306531439,1.742407608982532e-06,51981850401.55137
6142791.624285285,1.984973062111505e-06,38892217443.15035
6239224.218213669,2.120171932302948e-06,37805054852.81914
7656507.273011632,2.19215732100629e-06,45371473859.73401
12043650.82695003,2.614711230055584e-06,63456434715.84309
11032588.05837103,2.890845952901444e-06,54366006923.03462
11065977.58973972,2.832501032387689e-06,55276822261.39622
10864783.36188208,2.707152579858385e-06,55934434079.16374
11909027.85660989,2.490994504330845e-06,64807877490.9452
11006436.26315852,2.771213705287377e-06,55787047540.90886
11998408.58357736,2.168978430327727e-06,71606672271.2877
11410426.03589118,2.371149463331933e-06,64169586388.96758
12314057.1699696,2.377052198808444e-06,69136706405.53026
12072896.36401614,2.539122985005918e-06,64866776215.92945
11178326.82945498,2.531150366275339e-06,60186373064.15986
11060579.87123598,2.814363241225619e-06,55486985328.40387
10270228.65740206,1.86256865690296e-06,67843032576.37521
11843178.25043327,1.985648281811875e-06,74966410431.70305
12744554.11544495,1.966573998028877e-06,81192849598.74767
9001640.920263328,1.815512677132178e-06,60486087614.33473
7574420.251463398,1.775374941584104e-06,51660190924.80058
10477817.03175894,1.935018148702696e-06,67475707752.2205
9063786.944737062,2.377486942681181e-06,50882010283.03742
9043661.461924963,2.55310528994552e-06,48413351268.02266
10156370.56608945,2.447943851089106e-06,55916189768.439
13235137.31133616,1.915526251391731e-06,85809699134.23193
13841854.29915929,1.984373370763924e-06,87655400804.45872
14142581.22809923,2.015845688746075e-06,88625185868.13863
10801492.32038825,1.890640657237047e-06,70644404066.96899
12398592.62676719,1.880590329578094e-06,81378483388.01521
13034394.28442294,1.930338356387608e-06,84075326109.09767
10368974.15054702,1.834063502004094e-06,69203205712.65253
12854526.40013844,1.937597101839968e-06,82707919505.64789
12270094.9295271,1.870408467044454e-06,80827091163.8602
10319251.1029243,1.870497213106814e-06,67974100634.99689
9276584.343428081,1.833740651590848e-06,61919792031.15504
7614617.584737386,1.785946835209963e-06,51729198142.33527
9289201.353481337,1.853213807023432e-06,61568894922.29243
10285032.23501059,1.866673020045738e-06,67841195148.62155
7456921.057710833,1.758431509101568e-06,51184984251.95228
6854039.654145806,1.712134117640971e-06,47891094044.86226
8413291.789442219,1.813508154243686e-06,56574354775.70756
6674393.392655492,1.721951934295318e-06,46458421612.11866
12853567.18444875,1.938798267807943e-06,82667586132.96967
11700786.73711099,1.913831189371307e-06,75906560301.01508
10636937.53060049,1.89860488529342e-06,69373490436.97047
14187655.83096763,1.986587949385006e-06,89778452141.60851
14469634.5884109,2.05789272615003e-06,89435322144.13222
14329951.61634919,1.995088375878588e-06,90421137298.64886
6508843.878473228,7.420904889364175e-06,17108001422.03049
6785970.397923612,7.568047549223063e-06,17604460733.15467
6838405.902611701,7.449201884394646e-06,17928682611.44336
5594755.671325259,7.042280453204056e-06,15227861360.16342
5452328.638420322,7.104882106017578e-06,14752901441.08788
5580294.537240806,7.14759066682473e-06,15038943934.71983
6667390.298726209,7.823199155012925e-06,16918672665.93784
6764534.202254263,7.922884052567816e-06,17020893856.71665
6803406.521825925,7.743363279091957e-06,17382276964.90718
6443733.252399218,7.455958756902931e-06,16883736120.61945
6573398.776292309,7.588624715702388e-06,17022157150.32603
6719484.667388329,7.602731795636527e-06,17378922798.10101
5691184.420375938,7.270681705203438e-06,15164190696.62144
5654051.57463905,7.319537522865504e-06,14998137748.97642
5950179.614895104,7.44488928015234e-06,15605987217.11204
8777945.78055796,6.318508343766383e-06,25683242463.39554
8306769.591739923,6.455326359712001e-06,23959993469.10882
8896556.43424426,6.457899997114386e-06,25654352687.18122
9317695.285601892,5.763428931931712e-06,28985972478.15458
9048467.268983575,5.917805039286814e-06,27656756808.44165
9498848.202144247,5.941307042823382e-06,28956736628.02402
8950659.309257803,5.738792096324582e-06,27923811596.31285
8600508.461070141,5.832387183765734e-06,26543604402.13753
8797455.682999963,5.891100389673104e-06,26970736458.19736
7864049.811073807,6.089319840521473e-06,23583073166.56693
7999407.618311777,6.143769036764254e-06,23847045118.19867
8223255.598648955,5.953151543203237e-06,25034898252.8197
7660584.308790172,6.058382137332838e-06,23051053977.25652
7766303.942052214,6.071666076972846e-06,23335071215.84579
8069896.18741953,5.950216288592572e-06,24576089479.77913
7430549.989720096,6.382313218732086e-06,21595779492.92453
7371167.053079899,6.511279180981385e-06,21139370113.44423
7580556.380325384,6.248591381292733e-06,22344964302.36847
7511259.841965686,6.143437317956056e-06,22392633140.16089
7465589.682427129,6.290441148450645e-06,21908369039.13584
7615947.578878799,6.156734377281581e-06,22672026198.44567
8437460.054165291,5.71549121892907e-06,26394251778.44043
7824643.856018163,5.969296640540841e-06,23778391423.99905
8238258.710577059,5.861164120762849e-06,25342308375.71705
7366225.94061068,6.092156590129613e-06,22083318210.1839
6572182.378181827,6.341723854007234e-06,19182478579.56076
7278147.622514828,6.140624010860822e-06,21704303606.20699
6289091.166463533,6.95068308941409e-06,17267769064.02221
6336581.303033719,7.026042365816851e-06,17273532791.37966
6569926.70633417,6.89528905803152e-06,18135333229.00539
7506994.549847193,6.548811674923012e-06,21446566141.18049
7848251.969423947,6.477803052613711e-06,22585052848.32905
7852393.716230475,6.340266352749901e-06,22922592378.02303
6282474.197323983,7.299086119484498e-06,16696228833.12162
6299091.543869536,7.31280039138828e-06,16719454630.9044
6281616.047768041,7.178779452569713e-06,16879943165.61198
6015323.097021614,7.174715241443529e-06,16170465170.72491
6211013.683963387,7.264665470650697e-06,16558414090.94622
6210160.429078571,7.144739742481319e-06,16740890041.56646
6190340.394267327,7.480085654804886e-06,16184904828.13309
6276178.169615436,7.388557602604156e-06,16544570156.66585
6259591.093946691,7.374395459128845e-06,16521964387.88316
7647000.345582079,6.839867477626018e-06,21222309876.91088
7734155.262278133,6.640150789378665e-06,21892444550.78975
7153429.120427339,6.860158053645392e-06,19813363040.33572
7445873.403942365,7.384272087088995e-06,19635585430.88868
7596022.840139685,7.085641401146283e-06,20590496350.60664
7186410.834718352,7.345451528618334e-06,19018067155.17176
8545374.027610006,7.046881410768911e-06,23248758580.10674
8814384.6638433,6.690227301907723e-06,24825504555.33922
8137475.966286754,6.887187665149631e-06,22479937920.70605
5167340.054363388,6.627353237407213e-06,14645593080.06883
5243345.934876036,6.661554687734093e-06,14810104171.75338
5438672.037795583,6.495181472843939e-06,15623032795.58055
5483785.110361383,6.845906519487797e-06,15209903254.34684
5343124.744943671,6.877265746890326e-06,14774680885.16122
5195873.077872501,6.740504760473252e-06,14561191739.8104
6128882.936831777,6.656686100635902e-06,17319789427.26685
5988034.059956587,6.562776383992157e-06,17082805291.60277
5538121.008014873,6.680876956611914e-06,15612536210.13456
8644397.706617912,5.516362091092194e-06,27688508525.25945
8481588.765937204,5.381326174810415e-06,27619617979.76437
8597806.161751566,5.453219510190097e-06,27751448939.27067
6588767.940919543,5.97303476990835e-06,20014320490.67885
5899786.083566102,6.301889131077791e-06,17292419377.66495
6152441.361474811,6.350256116301626e-06,17941275791.85081
11697764.83036634,2.819748772405443e-06,58608770206.96851
11694589.75091122,3.068021461953657e-06,55387623197.00875
12114042.74521892,2.936590330472637e-06,59073611903.54662
11348185.94679157,3.310661743618663e-06,51087725746.63855
10633990.34850932,3.439604776065659e-06,46668506168.68852
11455521.00416659,3.530380112679829e-06,49408370839.03918
12765809.2739894,3.464978280428094e-06,55750402497.3148
11879697.40091632,3.317115419621488e-06,53411116482.75156
11989511.45705596,3.536805199018093e-06,51648858415.02714
11411365.83868635,2.806855678110794e-06,57348787490.01198
10969413.53815535,2.885004494005721e-06,54127638508.28595
11408229.87083717,3.055129528768185e-06,54183265851.90536
12505027.17676332,2.726122869368704e-06,64079781545.45009
12262514.4820332,2.586389773046497e-06,65080400525.63775
12391405.28321449,2.821513533939661e-06,62058194526.31338
11856448.6962703,2.496352603455847e-06,64429388211.46493
11993295.8659898,2.524283404518483e-06,64691388516.84845
11170069.96136751,2.716709767138154e-06,57371173132.52434
14506818.76296101,2.0718360238886e-06,89262408033.97348
14224476.14100056,2.00058084608949e-06,89591239168.07858
14478255.41935513,2.050902068123274e-06,89691843813.15533
13372015.64632581,2.267935134664049e-06,77465760712.92909
14289097.17319213,2.138843367736238e-06,86076672260.36826
14260749.08844858,2.117653216936983e-06,86478027911.27818
14092115.71099245,2.096071321444979e-06,86041009366.46162
14305916.64537986,2.022661073366611e-06,89447240315.29323
14445482.7105583,2.08558013891364e-06,88494063417.67712
14087070.74909259,2.150491697253975e-06,84552966456.53123
14565941.50957739,2.04169548223456e-06,90506113625.45897
14026002.23436938,2.122572414531691e-06,84923045409.0607
13825219.56450161,1.96290885336413e-06,88187144701.76297
12495096.11396023,1.930061688720123e-06,80604410790.47231
13685458.53472496,1.95498616720598e-06,87531336681.87711
13924083.49920668,2.109994065016935e-06,84640677275.15126
14175305.40957842,2.028528239772523e-06,88459616574.20412
13962486.3834695,2.102117210519523e-06,85086007167.81636
12739053.67997709,1.875181870073497e-06,83773804197.91901
12221456.78945594,1.827009580895901e-06,81776608158.25821
10656340.24556535,1.842782894632875e-06,70896581864.70804
13882191.515448,2.073042633960426e-06,85385844011.9064
13795066.03424094,1.954198346972038e-06,88256091275.28008
14133036.91881678,1.991528163167445e-06,89284867514.78596
14300447.85939642,1.936976395991928e-06,92030847179.58627
13142198.9156382,1.850960033670638e-06,87177285490.59674
13678740.6896476,1.898806134837731e-06,89205650771.81329
13759904.64535598,1.953193860160256e-06,88061319925.57359
13426452.23586256,1.91536362196319e-06,87055012335.23228
12433006.42269029,1.919625001777918e-06,80494318204.43941
14316381.66547167,1.791231854926754e-06,97065612312.07352
13513886.06596059,1.81630169179272e-06,90779599306.69563
15609654.06387333,1.87122594384026e-06,102795899636.2227
12574830.71701594,1.758620477156577e-06,86308598295.54866
9003064.503882602,1.740997902303372e-06,62209712819.03987
11823454.80174265,1.783744089612549e-06,80387655763.35597
7055570.745373325,1.760176441392833e-06,48398066821.99619
6931844.823574849,1.734548028735006e-06,48016586063.69463
9666701.158336859,1.843730109049529e-06,64290488762.24184
10369574.87074465,2.891752916582936e-06,51088148487.39576
10507972.48494204,2.955644382132428e-06,51021216274.00468
9903403.297899373,3.228798728945289e-06,45333976607.91396
13749392.14555365,2.177862983874603e-06,81833249403.3037
14098462.48085774,2.167195664195741e-06,84185960414.84399
12949912.50763217,2.350306289565863e-06,73257235500.56711
12292259.47861134,2.439840669727466e-06,67825146691.54898
12365918.676572,2.502032227002192e-06,67096178682.3587
11374976.35799494,2.719709723669894e-06,58380633060.71528
13916110.69964893,2.154546074922941e-06,83422016631.33725
12934458.85924502,2.287349374453514e-06,74506345271.68625
13038355.70699904,2.305211334274085e-06,74716352253.71085
13509477.29024892,2.126271175819258e-06,81700762740.84224
12904128.00696242,2.353679241357956e-06,72928477073.44148
12828880.55555278,2.290994508838437e-06,73819777090.56546
9661620.396498011,2.200518285587722e-06,57108398623.70998
9216531.189113876,2.290354511286369e-06,53043522562.36289
10318021.75241436,2.359112261337653e-06,58223373780.81897
7660677.749762046,1.829163069585543e-06,51219135533.0667
9380617.45393387,2.033999684088676e-06,58433805614.36035
10579225.30752048,1.990081175665736e-06,66866204468.112
6209730.388000522,1.82702376343051e-06,41550534398.9497
6225514.207084932,1.889753399938917e-06,40729130461.66615
8157379.059029283,2.006792332307738e-06,51272247503.411
11725851.58611928,2.58161379452696e-06,62308918182.1362
10810920.7544514,2.725955210689193e-06,55400906810.68285
10912020.26378634,2.774108928248813e-06,55270003286.90844
13317741.30665324,2.229529316238649e-06,78034823016.71141
12531100.67432697,2.402377805712467e-06,69859962434.85106
12391210.18637321,2.374429580593261e-06,69621096841.25269
12352531.87123259,2.421547538614909e-06,68500538176.98827
12251409.98511337,2.403645615897459e-06,68276688406.38035
11191919.06075465,2.619610316748399e-06,58895226899.66913
12498852.9695763,2.095594465893034e-06,76324739494.53351
12820974.74377453,2.303975591305135e-06,73496918156.87793
13424392.85035237,2.0779228450244e-06,82440707009.48897
10233393.33545572,3.218610239492188e-06,46943349572.36633
9383974.800763128,3.596774637943457e-06,39974037425.6506
9739349.643604999,3.489956645434442e-06,42330162537.58539
9128492.630802009,3.758923821608519e-06,37759252340.39156
9187058.507809522,3.866887885756357e-06,37290833895.33048
9479041.749235367,3.652119814491905e-06,39970025449.72754
8178692.098662756,3.693711252197053e-06,34227504043.90752
8418279.786108332,3.783685438881554e-06,34669427744.89603
8929574.517438665,3.373680350524148e-06,39697346496.66822
8387204.433028355,4.094606552619483e-06,32769949899.57699
8168684.439887147,4.303394382486419e-06,30875311910.16668
8780488.545073047,4.317331893772042e-06,33116293516.69688
9125650.590179363,3.371503029601853e-06,40586487416.3402
8608690.529589551,3.781729316988643e-06,35465830619.06387
8942255.999735391,3.685626903812583e-06,37477693266.5432
7942506.064966989,3.899899041320917e-06,32056933691.32236
7962866.329896356,4.198885333619266e-06,30594738738.43357
8178634.130907312,3.990198618397443e-06,32510060020.53191
8352856.66352425,3.069291088096811e-06,39549680247.08819
8017801.224630311,3.284166891116682e-06,36288733066.83148
8882344.846394211,3.149033477097203e-06,41343709939.82195
7110123.786655834,4.187852715848673e-06,27366309157.7079
7692400.554751836,4.248241732493481e-06,29326196703.48852
7672389.277326727,3.949359571109713e-06,30707621508.23672
10731827.43250103,3.010644940762865e-06,51471558748.96736
10457569.31987623,3.309696343048871e-06,47087465896.01073
11165912.45143228,3.180725172894974e-06,51626987921.27956
11730740.87829212,2.534449268378843e-06,63105862486.87168
11048064.88717061,2.754824732956223e-06,56219921383.37129
11491583.15268542,2.676682482563173e-06,59609474441.49339
10529229.63348264,2.845039760842872e-06,52441008758.12029
10574378.83951472,3.05774136249382e-06,50194295923.90524
10629006.40188825,2.893100495562116e-06,52350036502.52016
12309311.28085134,2.445483823713861e-06,67814707272.43024
11150780.81787928,2.643664554685023e-06,58322264817.06203
12079691.80737653,2.499459959000404e-06,65588102233.8643
10516376.58622446,3.173490005715138e-06,48697653996.06651
10298674.21712882,3.307994304876169e-06,46387911292.67703
10570854.31514498,3.00878665967738e-06,50720379103.0359
9873072.350423856,3.27848936300799e-06,44737303130.78146
10383276.65885584,3.154140884442759e-06,48277751382.63277
10338537.72381774,2.941395372682018e-06,50360517031.71946
9817029.173494337,3.394250096904842e-06,43466118087.86463
10110091.21727767,3.404417182088982e-06,44674519642.06101
10325801.63301901,3.269905186411289e-06,46870581061.43655
9845854.396598823,3.416281578030879e-06,43406120290.43192
9774216.401857765,3.3599240574872e-06,43570810881.95248
10374888.03586868,3.086781344466992e-06,48937995198.8544
9348497.985394279,4.103547121747853e-06,36472781833.85179
9224315.467509536,4.335836647765586e-06,34691164048.04608
9219806.931665728,4.344796092741572e-06,34626523765.77699
9628548.233231999,3.592927045025635e-06,41045152889.91093
9497037.295688052,3.793345791480255e-06,39045697717.10355
9557706.655617991,3.536629673109327e-06,41174402542.93713
9553492.99106651,3.683301484147156e-06,40056285821.90579
9260356.3790479,3.898089254518243e-06,37387507624.09136
9422497.390756899,3.883707912248642e-06,38135986569.01231
9131784.161532702,4.328284160985585e-06,34383107708.15868
9162076.209702885,4.335324884475893e-06,34459803833.03036
9124884.662922665,4.117406915871371e-06,35520428042.43344
9304503.971839778,4.48124506034487e-06,34231618183.10746
9362518.885513676,4.594769973548027e-06,33875329159.97778
9637540.586226596,4.52660390643278e-06,35219611204.43931
9405959.225231038,4.043188739942304e-06,37061280032.57976
9276871.904337892,4.284484731047009e-06,35167040931.41051
9453687.400940273,4.094482684942111e-06,36937589037.01917
9188690.356488615,4.656801631910704e-06,32950483463.36794
9250934.824001739,4.62730395361481e-06,33314523246.14561
9193267.201128405,4.513770977098905e-06,33659697075.59362
9540451.851915596,5.327450067974376e-06,31276826824.58805
9886568.017340293,5.448133245272783e-06,31931090069.77375
9885340.54027386,5.196269526737607e-06,32950640070.72381
9388528.913566623,5.012027198710347e-06,32056930478.24306
9483778.661546044,5.155104958862792e-06,31780183577.32585
9398593.041296585,5.040648433630492e-06,31969700890.77673
9887856.726349706,5.787787135081397e-06,30673297357.40833
9913886.437750416,5.953668505414678e-06,30180111496.7957
10556796.33131512,5.952898157850301e-06,32140047020.94389
9394089.270944808,5.603407879237399e-06,29777382887.70001
9550397.752117572,5.61572453749873e-06,30228569448.8126
9376790.91720368,5.442302831735031e-06,30306265918.91222
9460313.824647171,5.71612330945653e-06,29591784171.08703
9642841.209654711,5.894195459426657e-06,29552121219.27739
9617170.025227776,5.728662562423025e-06,30038515524.07468
8289251.350387184,5.763422680987334e-06,25786654089.12693
8228801.447468331,5.87642057841604e-06,25269384833.26218
7922206.224313175,5.99780090845097e-06,23998537696.52281
8300735.937067867,5.856866028869002e-06,25546990018.21753
8307271.414954461,5.758564235591453e-06,25857245341.96193
7939823.029835672,5.992891049333264e-06,24065038882.12474
9346651.824561343,5.35314622356147e-06,30543349421.73293
8972968.345269268,5.481774036071612e-06,28861709380.17719
9135910.243104026,5.560989043824957e-06,29106085304.69537
8988815.765342055,5.32123299013056e-06,29491325731.28527
8866135.703535052,5.357523248949071e-06,28957317728.23867
8848722.882449241,5.43474490525025e-06,28626031951.23179
8744936.910778934,5.434133505653278e-06,28292401421.77907
8686823.744737515,5.553419785910257e-06,27700482951.01019
8546063.617694279,5.586235124090243e-06,27144800071.62348
9435300.988743542,6.526338157681481e-06,27017347599.98829
9902581.654933678,6.672073627667351e-06,27940952825.8761
9878382.258948158,6.442019361387961e-06,28532367599.90461
9071460.10922059,6.236719807789035e-06,26773575479.6972
9192030.891906938,6.37636629475527e-06,26731867732.34391
9478106.013904266,6.128231361343489e-06,28302934090.8037
8973947.725564525,6.013274769631525e-06,27137895729.10255
9017054.767523853,6.145976395509093e-06,26874317817.33994
9422492.813327689,6.03720415219405e-06,28418985700.4169
8682028.211170111,6.095442188451411e-06,26018627387.0727
8254711.334431613,6.364932799121695e-06,24034735226.70676
8724429.174678292,6.227923311665702e-06,25773586142.24328
8122714.820989523,6.567398309966662e-06,23161799688.1745
8033391.298470458,6.767540530721824e-06,22453205157.33422
8706043.714231804,6.570329364004646e-06,24817769667.41729
8525836.394059682,6.095301912032098e-06,25550937907.94479
8106637.71915788,6.226918106239069e-06,23951092555.17688
8102429.447176443,6.364402376614565e-06,23592656172.38254
9440199.006804658,5.378604820769335e-06,30751624182.26693
9228399.436062315,5.586718427922008e-06,29310407857.80621
9342414.338839084,5.584583970490721e-06,29680091866.59679
8741271.445603853,5.497521812149132e-06,28062733111.8224
8758578.272575742,5.420225728315723e-06,28384987016.13894
8559549.035477558,5.572270078780187e-06,27233039273.674
7680575.528258919,7.229530334920971e-06,20542519504.13068
7748059.152071853,7.525574568258034e-06,20175910934.83394
7208619.389553281,7.546007199962639e-06,18737311874.65642
10042100.07612881,4.919200360567795e-06,34718546670.36047
10245415.44447222,4.745388005494633e-06,36281209333.79773
9962628.325209895,4.644095451676589e-06,35790945398.71914
9406292.49909275,5.297001791532349e-06,30955065901.77731
9358257.414067442,5.523580209693698e-06,29948923078.44868
9340992.097600097,5.362720970912149e-06,30488510259.18227
9340688.153850324,5.010520664063615e-06,31899971963.07574
9374190.507783961,5.035099924437711e-06,31910115738.94107
9409425.186429752,5.128954207204776e-06,31638111032.16619
9338709.914894693,5.055235690158299e-06,31704867772.63222
9200005.310381448,5.213441234097286e-06,30598848944.43858
9433707.250164438,5.198252335022432e-06,31437221623.35281
5708597.585997938,7.347637960413901e-06,15104195447.12779
5756962.708468026,7.679628888862431e-06,14789946187.07364
5393697.200651258,7.850703128354324e-06,13654658984.74756
6616780.880583018,6.752216215051105e-06,18521771662.37006
6139926.254055119,7.360195496424945e-06,16226950883.89605
6340160.847021854,6.878461220924612e-06,17529629903.43037
10835235.68476313,6.200068979908698e-06,32105099102.37971
10929375.23279663,6.374458779006321e-06,31790678125.14987
10494929.02385211,6.392474100745816e-06,30469607120.73303
9608933.335035842,6.111777743285521e-06,28745077150.31478
10256376.80616762,5.820682826900492e-06,31696502593.66285
10115799.396695,6.263724251574392e-06,29769973957.98619
10853170.70440707,5.975498463318167e-06,32958988471.8597
10615565.75709249,5.703457322310769e-06,33254545309.35429
10896669.72909629,5.940184233119294e-06,33222107417.61175
10399365.10670171,6.250347097260602e-06,30648136198.02408
10541892.47747603,5.807300832502142e-06,32628894988.3904
10738131.24388699,6.058258937738224e-06,32311973692.78422
9325175.314721484,4.902876433365136e-06,32311444470.75785
9283926.664522059,4.724511508884716e-06,32973149148.30327
9221571.116624553,4.754083297800994e-06,32615726897.40083
9768122.816087168,5.094873031778901e-06,32990497723.56792
9421862.640761012,5.04161709813976e-06,32044748149.51173
9425303.231930194,5.225693286718296e-06,31299162769.96552
9857441.26568418,4.959447679776628e-06,33895495687.15494
9778705.044922074,4.68440315320064e-06,34928384853.82027
9509587.362644009,4.906506338746672e-06,32934173044.32375
8137411.311762043,8.495649320067314e-06,19544379339.0075
8558895.995554332,8.498351445338317e-06,20552340710.20779
8021996.986951393,8.573597998355541e-06,19150219239.7098
7140544.521367245,8.719760996209411e-06,16854981381.06646
7780027.023371133,8.550413658856849e-06,18606143018.40005
7667184.728364452,8.628858504006999e-06,18224978668.85935
8605804.598261597,8.07061211385167e-06,21388836675.24977
8063622.02864809,8.065989084404552e-06,20048955072.97776
8592515.563234195,7.837971031989208e-06,21776323422.40255
5490731.175011698,8.78376842922832e-06,12897620559.79485
6215826.047235315,8.514611028417842e-06,14906956245.32643
5985745.343819448,8.76798370228851e-06,14077269137.3253
9545659.259421945,7.819073101051673e-06,24230873976.11456
9572937.449574331,7.647477240079054e-06,24662272520.7244
9977481.248810938,7.535560418037267e-06,25958357908.72623
7789915.247212061,8.041196977230066e-06,19408215190.80331
7502811.513823089,7.971215963268873e-06,18802156035.49135
8309898.847166284,7.81284944603188e-06,21105198135.24348
7672418.497948086,8.314557125439949e-06,18694170645.85409
7836109.554936278,8.185428633078924e-06,19293286562.70705
8370713.958685109,8.189614779050297e-06,20602512466.64091
6835079.506073887,8.251274819252061e-06,16739001024.59529
7139868.809704904,8.081123167235599e-06,17730014112.26989
7420008.25622215,8.151052682959856e-06,18320131574.37624
8184268.754200466,7.451401703856093e-06,21452993330.40817
8114907.405360647,7.156593461024439e-06,21851403527.59353
8964139.750206601,7.251027569688915e-06,23928138525.8765
8753418.058357539,7.59543074794085e-06,22653887095.90631
8342297.592418593,7.561561316507901e-06,21654327102.50484
9129491.321750002,7.36049335592138e-06,24127294768.761
6866069.254713009,7.563959531154366e-06,17818673982.81612
6376932.268312224,7.597240410321572e-06,16500909832.08998
7326855.281996924,7.247144118655699e-06,19564691982.56029
7235654.059459096,7.880032007689883e-06,18272268731.09095
7099667.984261679,7.709312267655842e-06,18192579493.4072
7635089.48539241,7.688455389268343e-06,19599939566.45779
6881702.00763362,8.001701197694741e-06,17201816464.62903
6233498.182902394,8.174796158318378e-06,15360801691.55742
6749099.676298386,7.830556282845721e-06,17115283552.53564
10261441.17951719,6.581443482527954e-06,29218702233.46417
10691076.77551271,6.563594133469337e-06,30497223527.19255
9901938.035894154,6.957939888732665e-06,27168547631.60104
10689557.91762515,6.793865108207838e-06,29799922288.9287
10246505.73628327,6.872398869749199e-06,28346767982.15739
10343247.11182241,7.175496819739482e-06,27802824377.6999
10911278.27069398,6.588626492296524e-06,31046480375.59652
10836328.84157895,6.696013870615216e-06,30502676304.48455
10405340.30001889,6.96904324943531e-06,28519430458.90014
11059130.15722869,6.298642778667688e-06,32425721659.16173
10964432.23472295,6.124255516604119e-06,32755478370.76694
11008153.43412275,6.089209879925162e-06,33012152701.35077
9188082.149022173,7.953237479993219e-06,23060155729.4262
8889034.966510504,8.042408219243502e-06,22144397689.78294
8875528.936582262,7.810168701481192e-06,22546924004.33633
9758962.736677554,7.897539398193492e-06,24607970205.12617
9591931.770108277,7.881705211219752e-06,24219171871.31166
10024787.55877488,7.597863840457443e-06,25938658240.37156
9628933.898908703,8.048292022345439e-06,23975944325.39826
9502844.929166716,8.200449574376317e-06,23368376118.11272
9463024.246459918,8.03243474393831e-06,23593831972.50077
6179921.652284263,8.288977919803022e-06,15088601223.42991
6825402.858882178,8.115490432119452e-06,16901235115.22754
6527475.179135981,8.285884008488789e-06,15941138294.77755
4849433.951537512,9.049025332700236e-06,11167514182.20883
5071607.332407249,8.85245061687805e-06,11851407901.08955
5045042.904720498,8.907699513929889e-06,11740533309.31835
6064847.232648687,7.817961240343534e-06,15396577436.13705
6542088.868466207,7.784690225456387e-06,16655418475.6257
6034614.619481781,8.128612799305998e-06,14926978801.63418
9492994.250629071,7.289242596000299e-06,25251176348.59069
9775412.311373943,7.274690710255893e-06,26037067074.11449
9109429.170220654,7.523435382931918e-06,23725408558.96966
7541818.925357797,7.883871986495807e-06,19039245116.81202
7949505.187892023,7.692642554426439e-06,20399666229.89922
8350948.070319509,7.726072064984455e-06,21367970720.80958
8479390.912236076,6.964095946519544e-06,23251706200.05355
9696391.730118185,6.681100047708511e-06,27334523168.01645
9347016.304161066,7.05845615313739e-06,25401918565.50734
11659972.37518249,1.72055097891405e-06,81205571064.31725
8484419.383812513,1.635222619807948e-06,61127627026.26371
8231620.628611351,1.702308826728957e-06,57737739865.85572
7256993.264456101,1.833112687490074e-06,48450390061.64816
10403657.19642749,1.802384806564993e-06,70245906575.86191
7769909.22285895,1.759689505215445e-06,53307941888.68834
16443227.39511319,1.894345782430937e-06,107402459265.8841
16749388.7705761,1.908768765677059e-06,108850413523.1278
15115136.19121945,1.814378297001454e-06,101607750452.8737
6518091.714986874,2.343890012215713e-06,36939894274.40828
5959775.22983667,2.176618837958812e-06,35484739810.6615
5805957.815352435,2.184803482798711e-06,34482516794.71309
8155562.430685871,2.79125808527567e-06,41139017979.64195
8305772.5410462,2.885781352911156e-06,40976772787.8958
8499079.379922029,2.724029046558502e-06,43574331129.75413
7778171.715892378,2.657672464443822e-06,40539328946.97018
7806548.926400375,2.710903899595266e-06,40152846425.28503
7287207.195610861,2.550016250696777e-06,39042038540.37209
7956480.323394371,2.873445538056013e-06,39365793774.02627
7976841.981003745,2.791127662590902e-06,40238753748.91236
7948156.647955261,2.738510126427568e-06,40605997521.51161
7795599.334622216,3.01850871269146e-06,37323974785.69331
7314830.140532053,3.317936688421235e-06,32882047262.71802
7815754.215584745,2.935460045021016e-06,38122974435.08357
6758559.280317031,4.571180857419611e-06,24537775638.50418
6636698.093024055,4.4029431517423e-06,24705293045.83172
6211009.906487733,4.701694486671805e-06,22130570938.15062
7093689.166588861,4.491778837626031e-06,26057129901.3081
7545406.21990403,4.3839894566305e-06,28168882941.95403
6968829.651081382,4.323439227632141e-06,26258723456.60846
7260195.477354641,4.726359274416095e-06,25778867030.32117
6913202.339023904,4.652012622996106e-06,24807633960.89448
6359292.59383748,4.782375702909219e-06,22403352558.10389
7607392.063099337,4.647171576903705e-06,27317649445.25944
7708753.934941148,4.464981880186351e-06,28429619638.09506
7252098.482217576,4.572688757023906e-06,26323841380.09418
7578020.295924678,5.146604348661894e-06,25421933344.297
8134541.935952364,5.231962330461452e-06,26991272726.60823
7943899.064257422,5.076377710694825e-06,26894559263.74495
6210115.30161383,5.037942054031506e-06,21131527194.32544
6826157.424745714,5.078594743628694e-06,23103649845.7799
6140235.122464038,4.930177017316905e-06,21197110296.27477
6440037.452870214,5.103765870659413e-06,21725072317.62238
7079857.483071035,5.193456101297748e-06,23607692452.62259
7067112.887672577,5.144433520618051e-06,23714664726.221
8887224.900830697,4.99532544505708e-06,30412840113.38128
9148739.051313806,4.94330044631175e-06,31527042756.81851
8804454.340177808,4.856686259348738e-06,30700285399.76255
9099928.474005766,4.219629204889162e-06,34848850105.41204
9093041.022431104,4.008766997552341e-06,36033126037.56213
9034776.068850955,3.900780044989469e-06,36459979321.57765
9132451.499769531,4.637333092788813e-06,32840405675.4374
9067932.029012635,4.504665916081672e-06,33245525169.88514
8837079.159913916,4.6973442046081e-06,31507007429.33212
9350237.872647831,4.944094911831042e-06,32217966582.05323
9290230.566135047,4.768862227034761e-06,32790646198.42311
9340199.674898695,4.915519754047495e-06,32307984326.31239
9185975.380135981,4.449844292903832e-06,33954348411.14145
9155643.816778045,4.442802951181809e-06,33877981079.02272
9220474.025008146,4.575474205531204e-06,33455113517.62513
8967721.52173415,4.215676259708522e-06,34364018597.91948
8903044.979950823,3.896842136001343e-06,35952577060.69253
8570218.599059571,3.99298873843179e-06,34050736452.42279
6601812.865569692,3.715729657975761e-06,27519073220.48875
6178638.377353887,3.777750365005235e-06,25472443453.10957
5885794.618952228,4.16501007567595e-06,22736715767.83562
8266011.015761734,5.63622924995572e-06,26099782012.09793
7957765.789949201,5.447181707161951e-06,25704544433.70329
8131987.372521492,5.544908589419245e-06,25957753358.29268
7462340.274891607,5.186447635637334e-06,24905487683.3726
7475436.234038256,5.235467391777059e-06,24793218164.89446
8014673.409014004,5.271806129021237e-06,26459372645.81739
4891314.344812221,4.846200985770675e-06,17080134763.52501
5720445.54421048,4.979844218812474e-06,19616401906.27367
5653384.919386187,4.872098763346299e-06,19671214186.35672
4795040.571146913,4.783651494714083e-06,16889596125.68719
5136370.578394601,4.590488688855773e-06,18595894282.43209
5729830.173840687,4.951445988686375e-06,19723639348.91739
6086006.974893044,4.961521391193091e-06,20921325689.27523
5473883.705918063,4.6015462284892e-06,19786077546.42006
6164624.268168444,4.825275000772686e-06,21588637393.84737
10619359.53051716,2.643906954182102e-06,55539361138.61211
9834175.688050363,2.992235102838423e-06,47359541265.39598
10504602.16077397,2.927760441540088e-06,51328186082.56149
6577711.7805646,2.229670430453867e-06,38540237823.63992
7540021.491643119,2.443336313085654e-06,41563975872.97401
8030992.250681924,2.311406347708521e-06,45939366896.13013
8530869.641423903,2.943493817591994e-06,41535351201.61371
9065883.977129804,3.022434098128787e-06,43368286499.51288
8726763.435578514,2.780912670465928e-06,44129428460.06324
8132370.968848043,5.833574670127367e-06,25095393343.70698
7762382.810281111,5.965152065678901e-06,23600110898.10826
7671960.044710618,6.013693332697847e-06,23199510096.93039
7237686.987121625,5.145728533465577e-06,24282974454.87761
7432983.233685532,5.266812496593746e-06,24554508662.12119
7611716.561474926,5.29307385507515e-06,25061706454.45392
7281308.959391435,5.748595124483651e-06,22690025182.34339
7630823.12773784,5.876062741705964e-06,23434036629.22007
7865877.636553517,5.653136655920106e-06,24786822882.68073
7203339.85251905,5.355666670929074e-06,23531966005.84504
6946106.787445569,5.357124655383567e-06,22687516296.10545
6767554.439365339,5.525983279421495e-06,21651702293.66166
7795549.89818338,5.375185536462516e-06,25404917139.31627
7614658.375588841,5.348593097987907e-06,24897594199.46236
7967996.282772902,5.47293045491637e-06,25656800845.86147
7093244.412557116,5.137759831608036e-06,23822960206.64871
7027866.308462124,5.26014639848478e-06,23235834276.59306
7286595.110595927,5.258677539069948e-06,24095740506.6787
6466750.15909197,5.781587185700427e-06,20074960357.63398
5976019.215619453,6.159584705060511e-06,17784610738.78408
6669315.58407589,5.830886657416554e-06,20586927503.70599
5896211.358639237,5.061265049058921e-06,20001703678.98452
5781028.691113892,5.027135618891179e-06,19699629447.36454
4947347.209837073,4.893492549179721e-06,17164313429.99063
7299672.686743783,5.231216275943029e-06,24223390848.3856
6540922.494865567,5.119617051810174e-06,22019832876.724
6622415.818478479,4.982521374220909e-06,22701279344.01139
6909106.407854088,5.191256506927034e-06,23044832492.96052
6277232.799516736,5.101578322040886e-06,21181913798.23678
6397233.08440215,5.135691496513687e-06,21491145093.44546
5321080.811305303,4.484710392157178e-06,19566369587.76823
5211315.673402703,4.432000198704717e-06,19314384242.32195
4733501.107398259,4.65911978702835e-06,16968621617.19982
6394216.342191666,4.379684574639826e-06,23886843837.67744
5806760.763013629,4.478097796350406e-06,21373298493.56095
5976507.161878397,4.678432768323743e-06,21365538783.34987
6578203.358149839,4.162657472809485e-06,25421051532.28127
6703841.965348621,3.811673625464763e-06,27473456116.25325
5982153.859341297,4.26123641596113e-06,22759732789.1186
4832800.61817786,4.309078503585112e-06,18250549322.28915
4537717.411407799,4.583169472578761e-06,16445995565.11128
4682325.819174005,4.229714713883143e-06,17902798078.75003
