63946018.30858983,9.471988699599914e-09,14284094899080.06
103858923.6109298,1.714703825659197e-08,15618922599418.79
44050731.86206871,8.895767819114803e-10,47624544548927.12
7444700.782576097,9.73390483347497e-06,16330112751.20693
5749546.461145112,9.719060702300946e-06,12624593158.14923
10032597.01326331,7.591417839950293e-06,25973557490.47718
4091417.882591466,9.073752833833971e-05,2026201079.182369
2201151.814039652,0.000102256464236038,1006598199.131441
3278860.691349095,9.252254420064255e-05,1602843993.933729
17795157.41412412,5.394658704663789e-05,12464050062.65237
8832810.181797145,7.340209922200874e-05,5038406967.372212
14610397.17944747,5.415721963328986e-05,10206835501.94526
15796795.43151697,6.100227910375038e-05,10193851126.48584
8103730.817085624,8.238149273863219e-05,4280211555.947711
7442485.891611426,8.045833672551557e-05,3993349484.009357
551454.529849908,0.0001227608965384901,223255932.2301509
1101481.914529302,0.0001134771226449066,469935759.8305426
846995.8753552316,0.0001166118361732376,354856588.382494
696562.6697158747,0.0001190546976555111,287825436.3088462
546037.484049325,0.0001164255353046058,229011325.9624918
1064280.506244755,0.0001127008139068813,456146912.0765076
5170674.786602274,8.22644798285807e-05,2733625305.13789
11130398.58986458,6.12327217997931e-05,7164540481.66338
6179572.922507467,8.048161822656481e-05,3315079858.721861
45679464.70624126,2.371553682258322e-06,256861510911.1979
43685468.12350753,9.466859110529252e-07,453105900752.1494
48765003.72516081,9.252117140569421e-07,513587186437.5632
43356935.84818604,5.614503511070874e-06,137251682412.4184
45162126.83504181,4.7868038241484e-06,159004945839.0349
46460422.53869632,8.364081643340346e-06,112755476933.1323
42287812.41438961,3.963061205220428e-06,168860485224.9621
42112659.29409963,1.705378880040984e-06,295029479616.3044
44070836.07698941,3.131004006779198e-06,205918582867.0174
48747140.8143725,1.05607886230485e-05,101270957101.5947
49843719.15124214,7.76653257907131e-06,127094179394.3511
50034433.67170852,1.359344094893968e-05,87844798675.83247
20700310.67327034,5.632134980954552e-05,14088394160.91804
10904010.44040176,7.634689874146392e-05,6058874985.924839
19624325.16127202,5.497023470968662e-05,13574057056.28548
28043726.82945349,2.940201096587313e-05,29438637416.14318
18867144.17324131,4.208073737343291e-05,15594948345.57113
20260717.31195856,3.757413016713291e-05,18060462181.36059
4877326.134436464,9.375157482820366e-05,2363357468.515779
2020846.811001043,0.0001064814559417101,899533633.4764559
4367488.280145061,9.182927753916253e-05,2145742664.755468
1556908.248321793,8.208823264975226e-05,824281872.8524615
300834.2499473545,9.262759186664152e-05,146949133.7106602
1428122.839631411,7.622736282757582e-05,794373902.7791312
7692625.359251076,6.099946484327996e-05,4964291011.342764
9147095.585154336,5.73162156040824e-05,6153160058.42526
6332668.322254867,6.84454034103766e-05,3784633975.511776
1409031.377819936,9.276891306099254e-05,687573324.3652033
502565.0575208123,0.0001000191743462379,233240222.0094869
1633911.021890017,8.687475949383469e-05,832976326.7153872
3907417.02554407,7.856590652821906e-05,2130101740.305281
2261945.028483561,8.740573290712875e-05,1148476466.093991
2544648.430004987,8.151162778649945e-05,1353572153.036009
3878878.094010857,8.082924374129662e-05,2074883834.544086
2453193.717789481,9.056503620066517e-05,1216442169.677696
2240243.835850026,8.966908510582974e-05,1118235988.663978
1455312.577700984,0.0001073380530109517,644347983.6946048
834787.6488642582,0.0001110627176407756,361296552.3423003
2351615.831173022,9.760465765442328e-05,1109309367.051248
298419.703848392,0.0001204911198188477,122327509.7010809
221691.6659036531,0.0001271282249761496,87684206.8886967
186688.240481975,0.0001249582487515293,74691929.01899621
1410023.869631037,0.0001008141013747539,650946969.0103168
584723.7598142616,0.0001121552088209432,251422674.8950556
651964.0510553804,0.0001095899999455773,284692722.2251315
432114.4419492224,0.0001260006951016147,171929402.5613266
158467.3715227092,0.0001338495444189672,60561309.35536665
236446.561921492,0.0001300085277545312,92133685.35136019
100880.8905483164,0.0001399383726665652,37426943.4733445
262418.0011184038,0.000135442959121814,99499905.29305048
264822.5017592221,0.000131819452822343,102243383.8049354
32723.82565617763,0.0001411808417839947,12069248.39463318
55119.28414872847,0.0001413730996768135,20310738.52152153
186422.3270410579,0.0001332522926915807,71457551.57328714
12770.94889841735,0.000153833271639068,4448254.732493671
12937.97665062766,0.0001528555102606222,4525629.155446758
48586.8263545017,0.0001491107230348973,17278761.69136589
1703531.100161799,9.673526080845113e-05,808401037.068733
855981.2415613239,0.0001055108136017948,383353647.2045551
1526882.470091755,9.583924984433145e-05,729082496.3230124
1595.317926294914,0.0001244070357825378,640153.2436438224
2331.779180383048,0.0001180914717304532,968742.5974971177
2694.919868839126,0.0001211704023593212,1100562.784312685
3768.193951789424,0.0001386365423065134,1406743.021294636
2059.817848948361,0.0001311757221098767,797859.6608325653
4360.545317211599,0.0001344672777521747,1661357.370069193
6755.001301882869,0.0001504737919415568,2387728.043469065
6463.637197544438,0.0001528366724627775,2261128.561283457
5771.532025401206,0.0001551282674597256,1999081.415502141
4861.041081183357,0.00014273406804403,1779825.926808961
6180.050112335963,0.0001460821383740593,2228061.897107182
4729.117706905379,0.0001432714128654506,1727191.244777539
5242.539423227941,0.0001444578694332551,1904207.339694846
6321.115685832807,0.0001501687411863575,2237384.946822644
6609.285237440919,0.0001478064600900013,2364243.577108777
1357.660391831591,0.0001517742016357116,477154.6678740099
1223.167881384154,0.0001576069275030935,419214.085887223
1146.067024377852,0.0001542094599062897,398537.6351070753
4295.142692717013,0.0001564954646877719,1479028.102027589
2636.951100888333,0.0001569473712740553,906287.6161846929
3489.02903775646,0.0001531958175334468,1218634.058109835
4034.634380877932,0.0001642920947135795,1345012.768155369
5209.061444304928,0.0001668664072575988,1718621.352753909
2588.899317129632,0.0001655335685973479,858732.2549508044
4413.088563588687,0.0001585244464634027,1506648.046652817
3924.142454808823,0.000161313048693623,1324235.111267182
2729.539537441599,0.000158977167391613,930106.9432498813
4420.207436974301,0.0001641966890603456,1474120.731181853
4109.821509877531,0.0001663906209829892,1358533.646946065
2721.255658394487,0.0001687214785669379,891228.562816437
5054.879799397965,0.0001591261220978611,1721405.475854607
5028.424042103619,0.0001613833368014577,1696391.549290903
4530.578573103134,0.0001619144969082537,1525093.640795581
5451.719837053155,0.0001574325872925917,1869837.107319096
6124.926794811687,0.0001551398839329287,2121380.606499715
5424.243889851712,0.0001596891583513418,1842845.474604507
2090.46017783191,0.0001195536212504829,861390.4951886786
2184.696091000124,0.0001176900207615175,909699.4636132679
1474.073466979821,0.0001239976258022078,592802.7584958139
1400.373492277419,0.0001268003043541255,554834.7888606841
2146.984334719751,0.0001215158255562684,875132.1678841875
2065.347680443303,0.0001208831152001908,844791.2539045465
1351.693265059448,0.0001447050584874761,490405.8864515586
1400.213192846519,0.0001471427825369,502382.9081552006
1219.891398617665,0.0001439531115421413,444126.9541766731
3043.485848900648,0.0001402984106406079,1127204.687152673
1694.404656003919,0.0001411169439136327,625121.3921560019
1534.084955442857,0.0001328392081580493,589248.5992378456
3546.637479928827,0.0001441736328275703,1289910.480550752
3216.116674180907,0.0001483406731010271,1147690.972224285
2074.711557861532,0.0001449923484684145,751728.4786865269
959.8858068650442,0.0001438574569516997,349621.3812776888
928.9181135286915,0.0001450047703940521,336554.8898664743
1280.687925796291,0.0001398988550380749,475226.3812332497
1125.037955667698,0.0001343792762877814,428823.8938604075
1007.92793556092,0.0001412015394480289,371709.1008872867
1336.089443492437,0.0001372424423963176,502161.3005885814
1066.721752278803,0.0001448781857379502,386707.402259415
1034.28835421871,0.0001504998812863112,365553.4298749018
942.0764744904673,0.0001459616420805516,339828.9171928192
23273850.27908445,1.605591515968418e-05,36568868805.95812
12858769.54354271,2.352534046057746e-05,15661816623.39294
20856375.02570587,1.560194578513461e-05,33403064934.24621
34072141.58746365,6.629844797739765e-06,96545163839.50084
29020883.2490858,1.183775188208904e-05,55872461387.77979
26313653.35574944,1.138619787317392e-05,51991059119.90688
36635958.57065228,1.485790347714481e-06,281364437070.6267
34696724.80938237,1.715206414658574e-06,242146141667.9193
36652582.73626375,2.329136355675771e-06,208596959161.3853
37358485.08923125,5.663550484300346e-06,117579084113.2228
35900345.55408379,9.306215703784555e-06,81142780554.97041
37878448.92669601,4.986101290770844e-06,129783093685.1133
6531424.442904029,2.985169553060082e-05,6787271755.303789
3734845.424894075,3.526963592540847e-05,3472737695.120677
5323927.254570734,2.798037852527651e-05,5776477096.80417
18044985.0885506,2.45977687580897e-05,21335003473.57556
12683145.71667749,2.853561094903273e-05,13582160720.45594
22615689.88435324,1.885234226200283e-05,31927601666.12281
30653710.90589449,1.446582092683436e-05,51632244049.8555
22484180.26475459,2.107981537412806e-05,29464507754.52084
27556256.71121942,1.534297094032294e-05,44628666834.80464
36224340.30001149,6.48688084736882e-06,104146146317.85
34290495.36144066,1.081847652646923e-05,70101883633.60315
31009692.44743112,1.169590508629402e-05,60183148201.99288
34783880.73346809,9.580485632491799e-06,77111594596.53004
28058804.35661966,2.072515057360404e-05,37188103521.13138
33377391.76460921,1.324275403793713e-05,59630280789.21143
9180540.259272199,3.643376184634779e-05,8353443944.958128
9796441.068710065,3.293489637786648e-05,9534489892.953899
14565864.38589956,2.89928268043107e-05,15433907321.92878
191681.8653019223,6.891838007292475e-05,114031364.1398063
175807.8331852269,7.367602412778617e-05,100035489.2163446
61858.0188584412,7.51276112105548e-05,34742650.96245535
5070369.6783388,4.501320779050621e-05,4006941320.734581
2467166.748034828,5.376198139100242e-05,1732001746.479362
2204534.947444201,5.105963256490786e-05,1601764009.22379
10231267.32911718,3.91196613028594e-05,8878359131.041389
18488191.1020991,3.254663760206685e-05,18136647104.50841
12181043.47421538,4.281652138683069e-05,9952760947.57383
8387249.745642734,4.792512480518967e-05,6356880880.91916
3700038.984505285,5.297781671931247e-05,2623072305.943712
6783810.668036256,4.422958983104296e-05,5424151076.734709
23474434.1370526,2.574982036049808e-05,26920244279.66837
18755846.57888275,3.471665030595199e-05,17624283155.26283
23013170.41651782,2.825808426589329e-05,24805499474.74698
2925084.850576772,6.337988231950927e-05,1840083437.37188
2889921.080496228,5.776544950812418e-05,1933929084.508242
7142273.00443856,5.271251249753038e-05,5080353923.802252
55228.75275459539,9.26554429143535e-05,26972297.70929576
17889.54838698657,9.965359509934773e-05,8322824.364670196
17992.29798945332,0.000100790229144003,8307576.457338111
1118063.80813868,7.29367555197336e-05,640475167.4097556
262230.2146398245,8.233908538676061e-05,138551757.1648052
355076.3557579606,7.59223290636617e-05,198035054.5458402
991419.3356298589,7.740798003251472e-05,545841931.3259679
121900.8900170366,9.380797446712528e-05,59044625.27689191
202859.4822735433,8.681033859623241e-05,103469975.4398514
154128.1286941635,6.655208875716341e-05,93851404.9954583
358857.3500691913,6.146878932630281e-05,230401555.1782531
252547.6169051768,6.476061624099607e-05,156603919.0928879
47627.09638880551,7.413854613215244e-05,26987214.55784547
88440.14516196468,6.971961677814284e-05,52209089.47696573
165924.6401853257,6.792790858760267e-05,99665623.70519343
25446.98458437622,7.603972508571964e-05,14177814.87633915
47564.44352513212,7.341306939498842e-05,27128982.07564856
61403.19750727225,7.119286864637429e-05,35746483.50586857
7197963.914788626,3.439522380806728e-05,6805774761.639645
3891036.349756796,4.05381814427692e-05,3297279631.820579
6963118.149810647,3.218846531902157e-05,6881296172.722006
766166.8365400794,5.534712396607385e-05,527545566.3531336
988611.4503594433,5.201054011508026e-05,709520139.1289349
1643923.880214532,4.869295185408891e-05,1232833145.599609
2736145.075289765,3.641011206433692e-05,2490717336.472765
4334640.039540737,2.961990498958554e-05,4527904560.83107
2914500.945311946,3.690972295267006e-05,2629079246.538877
8330.748208218372,9.253067311389731e-05,4072179.007496493
5386.969008865362,9.893425316292613e-05,2518334.164308056
8886.222732983588,9.484529131286985e-05,4272742.082586266
11389.03515264025,8.19628617371135e-05,6035902.156637684
9910.280013130348,8.750914430670738e-05,5027865.299900893
10471.55153774353,8.67264074718616e-05,5344537.517568035
10426.09207435706,9.128593267131742e-05,5142634.407241475
7495.244105350354,9.990574551541046e-05,3481171.91866351
9115.866683410455,9.201720296140462e-05,4472516.449387185
2425376.633955287,3.613269780767925e-05,2219110508.481668
2299609.561578844,3.536980303176079e-05,2134186384.298553
3200114.15559683,2.977580118845129e-05,3331116591.24215
2884196.287893129,4.445604535694949e-05,2298287009.399575
5801466.259917928,3.831234909435688e-05,5104798256.914092
2376705.576720293,4.785820086463625e-05,1803036311.569368
844658.921777489,5.5374969673115e-05,581396446.1488938
1758009.904780283,4.872146803765299e-05,1317875569.395554
1367178.896214862,5.212360696686302e-05,979796096.9070597
3063074.724591046,4.160886490920052e-05,2550940600.763003
3215835.016435843,3.867689088087246e-05,2811853715.05758
5838821.218062494,3.325837161435965e-05,5645787438.966578
16575612.34281201,1.746135037333277e-05,24627350802.16924
9550265.669327065,2.539666065311859e-05,11053446382.87924
8077242.222287841,2.352389248933834e-05,9838381284.488352
20358319.60989396,1.942703536990162e-05,28171128259.60743
11007559.67950159,2.91142820236877e-05,11631087574.03197
10716680.91720804,2.690843162504248e-05,11934421617.29627
191892.2194964985,6.266184727614809e-05,121634069.4379103
339802.1449539309,6.09420530860175e-05,219422619.3872105
141729.6797921789,6.602813439522756e-05,86757718.27009806
588010.3589693047,6.180094284586453e-05,376173539.2721976
1239960.619548546,5.525661316663165e-05,854709210.9656544
1438774.527022144,5.795895661551977e-05,960680630.4942914
20459.93890905441,7.677247625461959e-05,11326627.90144027
53506.08262680879,7.193112265668728e-05,30935603.78962523
23153.05249009522,7.634727735996272e-05,12865081.84862731
564405.3932008436,5.869071914308563e-05,373718732.8956779
1002962.526390589,5.543911232130524e-05,689827539.2569995
428714.9956793419,6.198375837218987e-05,273726432.4958698
71848.80360590016,7.067720839105178e-05,42030699.31242842
129121.8097492875,6.509567671226806e-05,79793008.57194406
88655.19146477325,6.845699098740925e-05,52977602.62793612
321652.8120736009,5.912158061560076e-05,211945074.5508427
598840.3427438957,5.52013953722872e-05,413057976.3266859
690552.2816005157,5.406242562991442e-05,482984150.8665447
6822918.443170768,3.743124233676562e-05,6097437429.148196
6310574.188978485,4.093062097397826e-05,5313369124.329143
3045391.907495875,4.69766919184504e-05,2339132926.361706
55985.26625241731,9.041582837360533e-05,27791422.13189177
18425.19719606348,9.855091552100811e-05,8635848.917516209
19647.09984672894,9.069602347500903e-05,9732840.841871625
31604948.03790953,1.726441989477224e-07,1019343177600.093
35352024.14189725,6.681290011268701e-07,462566385472.8729
31157544.20289958,1.745794968409243e-07,997472799377.2346
49567008.17271636,3.89142842303532e-06,200348767408.6408
47147173.48928779,3.10487240832854e-06,221526909921.7746
50281087.16543955,1.658342566461351e-06,358884878949.3016
41085825.26648074,3.570826741104691e-06,175865032179.9312
39265828.42395201,1.568858478201671e-06,290820880648.9818
40913181.96522313,1.316020359403697e-06,340686443107.2108
32970710.46594045,1.267130935896947e-05,60661616102.03283
32552898.60432501,7.904056561889437e-06,82039493892.76494
38029555.09023354,7.079701755724313e-06,103144150373.1676
30674415.32626469,6.56332204611487e-06,87503847775.9574
30224543.23158932,7.665986954912016e-06,77740565547.69095
31089641.4684756,5.34566634787218e-06,101690679189.1621
32827331.63808209,3.826618461408501e-06,134181345064.3362
35897538.71742564,4.08243496746888e-06,140535212849.2983
33793364.67883478,2.533018271647497e-06,181860851412.2936
37169934.50848824,1.506794579940204e-06,282806310703.0005
36884279.49409086,2.663656407074173e-06,191950465125.3099
34636408.02230032,1.889510331192444e-06,226620920804.4031
31331472.43440867,7.347937219447958e-06,82896688212.8056
35254108.60244247,5.286136560847682e-06,116176285258.2772
32212158.94084392,5.02554156361575e-06,109790455580.3534
26979178.52988984,1.21782825899945e-05,50968833055.27808
29837258.59885038,9.177320222499632e-06,68068836589.26734
30237320.34636921,1.395634156905882e-05,52162961627.28859
33545149.73207781,2.410499866341581e-06,186591415899.6871
35757888.03807647,3.189404845609442e-06,165030960408.8185
32751621.79754691,3.619119642320184e-06,138941137473.839
38626917.79349227,2.039658373134385e-06,240169820563.4679
40432215.34662089,4.042006734524514e-06,159341725513.702
38335707.36013096,3.201255773098395e-06,176491271276.4729
19066220.52005401,2.592510123224338e-05,21766284655.86237
18033612.43516966,3.062915039694917e-05,18421546994.90114
17067317.07308504,3.244305640770391e-05,16778407927.30702
21154014.88485726,2.583050406957031e-05,24208667455.04865
24784452.05396968,1.632556817092001e-05,38512388319.1992
27911116.41671595,1.81116132780409e-05,40470550991.61991
13577669.58399028,4.444129073177596e-05,10821832140.00932
9428855.916050768,5.43850126617991e-05,6568600412.909753
11165868.32800323,4.824917754278157e-05,8424922069.829176
31902613.86079704,1.47417944669982e-06,246297138436.5401
27695764.88319115,1.070655699761614e-06,264634710999.6076
31735895.57409052,1.562092350102462e-06,235728967903.4914
32573156.80743209,1.37366362418819e-06,263596466777.6043
34452929.05303628,1.144709241536772e-06,314844436772.6899
28320772.87737785,9.662016143717372e-07,289774342178.12
32094170.29406313,3.334678256755555e-06,143788292844.4547
33049433.4510689,2.041168387492336e-06,205389449056.5291
32879741.17631842,2.121151336927221e-06,199165427806.958
37582443.17476628,2.960212603494512e-06,182292894383.5721
36888125.59429009,2.697504565260349e-06,190361212473.5163
34925907.18843783,2.083595388458887e-06,214094463827.0649
36665337.59575099,2.550153680353139e-06,196431644562.1104
34746377.7681768,2.599289248952543e-06,183797583324.7879
36648710.53751254,1.706811204450192e-06,256606926780.8975
19982057.13597542,3.717353710138632e-07,386501281909.7712
24188655.22571204,3.494029165527718e-07,487596643197.174
23853469.08093259,6.081490404505328e-07,332311112854.3946
9811962.906089943,1.417400849279379e-08,1675305850987.639
7887866.413125266,1.545196964909836e-08,1271462773682.423
7882988.013454253,2.464601049221055e-08,930807298976.8562
26266365.98807908,5.761292372428956e-09,8173098152374.148
20284779.28701613,1.34923427256032e-08,3579140197688.551
20611697.93818715,1.463465469751504e-08,3445022923749.979
33945658.95113761,3.883405779283051e-08,2960118259390.32
29764435.48324617,1.376673981533536e-08,5181755460264.44
23722916.68732926,1.717013623834768e-08,3564393061268.259
38943913.00488139,4.918786396627895e-07,624982145914.2716
37337106.64686357,7.475308253642879e-07,453302300297.7139
33483358.85971144,2.520165864747539e-07,839220854709.3669
33313755.79004978,1.341346919810204e-06,273902620257.3579
31577533.96689274,4.659971631456995e-07,525358821517.8562
35799299.80140453,9.599767901818561e-07,367875368674.7319
14149102.53375766,6.168444063128424e-11,90631355043450
11577266.68520833,2.845973604004465e-08,1241991982493.314
10531363.85629477,1.7840585335323e-08,1542452806470.057
26487786.60647768,4.523181800374568e-08,2086489994655.357
24625969.45952016,1.678975484738435e-07,809152598701.2305
19614272.6889567,1.890136940266663e-08,2764246036433.697
16160246.14766061,2.080089483057509e-07,460320121715.2603
12932883.98491412,8.289294981525439e-08,680273654420.7557
15643788.38725553,5.481131349150732e-08,1084164359364.756
12762047.22029589,3.621801970870687e-08,1165835333083.015
7640921.408675942,3.004037759610026e-08,790694663830.6139
9381141.872378904,2.432212981336899e-08,1117518279858.088
224.5164491003511,0.0002119424551503626,63159.13754359366
14.03789758363473,0.0002133418183105773,3931.739552375595
14.03789758363473,0.0002131057879461423,3934.642144263761
354.5139822296966,0.0002084578270941431,100837.3052099613
477.5572020096369,0.0002089523784042896,135621.0762327151
379.8915150456556,0.0002091186111569069,107827.8973013087
162.4413599932606,0.0002119806728841403,45691.18685423845
35.95622307144608,0.0002130605704499976,10079.49272660021
296.9937131415747,0.0002116619363150217,83621.65261507801
412.2289864318404,0.0002096210729519663,116819.4705093617
513.7339256811597,0.0002094554541991934,145661.1710467694
487.4826887248683,0.0002104690068162718,137773.9458260911
390.3225752026707,0.0002106622493950764,110246.7660869175
424.2959249261064,0.0002119987994049507,119338.3218351992
261.4780463862908,0.0002115680969586531,73643.61718077102
241396.7387665635,0.0001438108261489903,87943486.22255032
630251.9399736839,0.0001082330775727515,277507155.6275799
2764637.866395938,8.792170290160822e-05,1398215754.940494
54.28547923174102,0.000189948243286186,16428.33266627072
3.395605964993145,0.0001794305526772608,1067.381549123199
3.395605964993145,0.0001849071001582098,1046.200434353195
101.3261309698822,0.0001907578967045907,30577.34521322564
159.658325991734,0.0001880303840526595,48645.15027350534
20.62011017812808,0.000180347529659331,6459.776857297048
428.5658479517105,0.0002076372986121401,122221.4165356952
313.0739693157645,0.0002062539518031076,89683.40883300033
317.3508760708983,0.0002060437904429394,90970.38116950243
35.71639010610648,0.0002133106165803711,10004.43523545393
161.9311432017995,0.0002122301415282137,45511.97401499647
294.2384017614937,0.0002126614534050041,82586.07656083918
289.8420060960175,0.0002073425423904189,82737.49743490841
306.1274050444953,0.000206578787850712,87601.53717141744
420.43175401339,0.0002079616751299368,119776.965149211
407.0989434504034,0.0002092805050666717,115490.8183633707
313.105802221849,0.0002080179225433396,89184.75271695877
448.3586701908536,0.0002086372460658611,127457.1915158427
338.8438431171347,0.0002077811985608714,96589.24411452294
269.5521919893381,0.0002072025618019668,76980.27427177175
268.622666673462,0.0002074310351365903,76658.47340963228
4089.180434994097,0.0001912562439387305,1231853.870966377
2519.49368184076,0.0001924733345975374,755787.2478354155
2378.203107521026,0.0001904867688825726,718354.9115404421
2553.07115752417,0.0001906299971311514,770788.8525987749
2960.438175902499,0.0001913883266142376,891413.1418184445
3146.047576118574,0.0001889733195081113,955355.3895569288
4152.886063589246,0.0001841632260643934,1282964.797372019
4536.827648438885,0.0001855866644556627,1394401.271523046
3777.558451748796,0.000186519722393732,1157163.392769164
3450.272802539143,0.0001894888243200296,1045837.87871811
3084.096906278882,0.0001908953312299441,930245.9996443487
2629.920322931496,0.0001906341202798482,793978.6687812898
1536.696430141041,0.0001956834875895095,455916.4850173895
1800.249829930581,0.0001971836669311014,531396.6587960729
2884.417902484654,0.0001961455717788706,854422.1736715467
2649.202786903317,0.0001917583377160376,796671.0438124511
1804.725969507523,0.0001929418670976213,540497.4091297346
2229.587657330537,0.0001914976625958316,671092.265151597
1300.198575671374,0.000195370403422591,386162.8613009364
1145.25175755557,0.0001942277204858551,341475.9784779394
1092.944635571469,0.0001938288125425342,326326.697660827
1225.642243134773,0.0001966124096809827,362484.7751774219
903.8825418504683,0.000197686938293301,266354.4854295221
998.0025765866503,0.0001965814532459311,295191.1287305509
1001.990816073349,0.0001957630295585611,297196.2254533049
929.6405184800483,0.0001963499159259346,275186.9899142704
779.175485041663,0.0001973829437483043,229841.7213444382
718.1541115806839,0.0001968438800821313,212228.1751990563
1176.316699888832,0.0001960244698689147,348591.9902863189
979.6224212169215,0.0001944830805599817,291835.0832617031
676.749362742445,0.0001933945266323394,202363.2922587535
611.4557273185977,0.0001961863291918199,181100.3083452781
854.2849710000628,0.0001938257386212639,255071.4206462115
549.0559714446148,0.0001994604007248505,160834.3572249468
527.3251306297929,0.000199808351407463,154289.3838023509
527.0798471690089,0.0001985961058056068,154844.5505374426
630.7321140629956,0.0001986123168234212,185285.2405005853
684.5618609603516,0.0001986851210271512,201049.2556058221
483.2716516711008,0.0001995751906952751,141509.9416565914
1096.83677504825,0.0001960688247824503,324989.7317192972
863.0670392793211,0.0001976872431281814,254326.7849253739
1321.115853820905,0.0001975686741840183,389459.3912006107
875.7505722732973,0.0001969153045892007,258738.3367766876
787.7308807778372,0.0001980203151185637,231866.5176906025
729.9070131911574,0.0001979471926708444,214899.120750831
1137.049444545093,0.0001943223996336264,338920.1894517857
1057.476695326074,0.0001954344488402552,314005.1176597736
1295.43048732043,0.0001942413099889249,386236.264537585
1135.808262060134,0.0001947312700332963,338076.1696727073
1290.135229810097,0.0001958735940865963,382517.4980675871
1056.279742635895,0.0001958424217611487,313213.9551508809
676.0984603572105,0.0001988628148356521,198445.3340473819
523.0804990575167,0.0001998252067981631,153038.8459352563
882.9327431834663,0.0001996862439115827,258441.4629341622
683.8087552879695,0.0001977155681260198,201484.0842264388
823.9356327478876,0.0001979703125601854,242564.1267590721
1132.242636736699,0.0001968962841261873,334539.8246752785
534.3086169066987,0.0001999861809783805,156239.9843801385
461.5461173130802,0.0001999182710793149,134993.6822010184
658.6571724114111,0.0001990290039408457,193218.4137446816
559.4088542450003,0.0001983927194353549,164454.4068679063
559.6615472651907,0.0001996051497102587,163861.7697441061
686.773692533417,0.000198647629582357,201724.2267435152
465.0271120821937,0.0002025122974661444,134847.8438864743
411.6461382215309,0.0002034566468011704,118998.8571447479
436.5022907861982,0.0002041957118732398,125879.6274246511
544.4966144252337,0.0002000826152051508,159167.946606208
509.3259506233411,0.0002010850174674372,148391.6039080538
522.857100851233,0.0002004306511765025,152665.2707222019
520.29781970209,0.0002006149453828425,151824.9511524093
431.3270455298846,0.0002025616925630946,125055.2165077506
485.9307675126391,0.0002016170803719805,141326.2548854858
608.7145151921343,0.0001944693302139625,181348.0592868977
569.2560936794475,0.0001981255302773476,167499.710330538
546.8752720091971,0.0001972613523806368,161383.9281747351
453.4054220177825,0.0002023710905759344,131538.9571951253
425.2449699601684,0.0002040544868651504,122689.788956446
368.8086033179234,0.0002028892920844791,106814.0278573611
512.4615364643385,0.000201138472232706,149278.6995269841
710.7454819722545,0.0002005542467141399,207440.1730084385
887.9863372226572,0.0002002875533787106,259400.2016607635
273.4696691988514,0.0002051375639471973,78622.29244838416
275.1680210591998,0.0002041566339525105,79363.77114178939
260.5995932312084,0.0002039440447464925,75214.17819032674
420.513014030311,0.0002056814022569952,120683.9245188335
458.1723721852728,0.0002074943973857425,130724.7985365915
342.8968458643713,0.0002059007349409711,98338.7972830519
237.5377830925363,0.0002055953432549485,68190.49607026437
269.1397759375679,0.000204570033345622,77520.49595459228
267.4601593774242,0.000205550125365149,76791.63865149033
246.7449982184343,0.0002068964704859415,70536.34790495316
232.1942213263999,0.000206176913062813,66531.10222726052
261.7881584730424,0.0002061325921862076,75021.46746918831
230.225488324019,0.0002055481986269626,66101.44489963897
312.4930367114638,0.0002051511622643254,89837.50662388501
238.098913799897,0.0002057106518962753,68326.03627509969
6183.630730176956,0.0001800417403607352,1939373.298379707
6874.441545697608,0.0001816106477851662,2143597.384397433
5249.045138502874,0.0001835711241240302,1625089.917568404
8687.676151561187,0.0001817659703267031,2707459.095464499
17940.20506187782,0.0001764313251927776,5703090.615513288
8647.755112373847,0.0001786436692155259,2726329.205384103
4351.001537295005,0.0001874233323651912,1328536.426210356
5575.090624176056,0.0001853976151339256,1714677.710760522
4660.296060941981,0.0001858045436686515,1431229.527617034
5380.383020017032,0.0001846632887904579,1659177.372001131
6056.635851027057,0.000181981465980041,1886021.72095634
6092.72819499857,0.0001840803997319975,1882811.193607606
29916.59646253994,0.0001706970065395258,9722133.492753195
11358.87000383754,0.0001759071426417679,3618090.950733558
10706.45174419432,0.0001763252495729366,3404885.869346947
1287004.693528777,0.0001431257379715364,470364970.8934436
924549.7975527085,0.0001475811910030495,331062228.3618252
2412327.191786105,0.0001326868978077822,927294147.0263697
3211080.696287181,0.0001270978491265636,1270259404.861576
6127657.801962058,0.0001097498119038254,2673162219.324593
3183872.158245035,0.0001277772242775448,1255027729.239637
35336536.96722572,1.074913179188138e-05,72550720089.20892
34860036.92606077,5.588239398379321e-06,110699206428.9603
37767409.02202711,5.5822492293142e-06,120017444928.5094
33877860.14284195,2.158300185794509e-05,43702680183.46937
35510512.24433907,1.597592956614247e-05,55981712428.03242
39719823.1307772,1.569217336004444e-05,63370223820.29866
17260932.81636757,6.464739101301294e-05,10715939682.57723
26888641.97234574,3.761244965253997e-05,23952331234.50734
24320605.67512799,4.718871429931148e-05,18624399970.62741
27036801.23072103,3.623089713170262e-05,24692738066.68814
32301049.57663764,2.109806185909626e-05,42304664979.07817
30744813.16253865,2.671655917486945e-05,34402091113.81048
17009049.87023224,6.463559863381389e-05,10560849918.48395
23135069.16158,4.711876510683744e-05,17734061173.10897
26574035.08533337,3.759344672883899e-05,23680056833.21464
12910749.0287806,8.254215127155755e-05,6810321010.766662
11721532.2106716,8.622032036226818e-05,6005898161.741618
22320381.24700499,5.468547246957552e-05,15492456875.24796
41672907.72494232,9.066167008274293e-06,95845411817.85812
45382945.61253563,8.398247444757585e-06,109841613305.7937
41954785.43682593,5.461417029162761e-06,135283431568.9663
35458461.27605455,1.18596172149542e-05,68182476405.66614
38272847.79696013,1.000572662115376e-05,82424886242.90393
34981137.10310949,6.68976300654934e-06,98528098386.31236
37556195.04471996,2.12764922432334e-05,48911941234.08871
44215204.41230769,1.235557079290351e-05,82730013441.48668
40554232.93909665,1.300472858171365e-05,73333429618.36728
32813053.60407561,2.951236061432377e-05,34359276896.42907
34786581.78383303,2.556545945447803e-05,40084458511.89536
37674119.29536095,1.729042784878172e-05,56342911080.01675
26900908.5129288,3.781357522158121e-05,23878211062.32975
30167173.81271051,3.30388899937157e-05,29298878285.64671
32152499.31970783,2.267449695933514e-05,40134971950.31873
22564658.20767487,5.054903785283683e-05,16505176153.85747
15403990.5768531,7.36215670384833e-05,8769265239.365797
25563983.23542778,4.577148345021581e-05,19978606757.22245
20855091.50927322,5.361523903007575e-05,14667404486.67445
22144636.45144612,5.386132448668054e-05,15526868289.0145
28936715.83586058,3.770152043486581e-05,25736135208.88713
3370714.182753098,6.750599125648453e-05,2033107687.599258
8271077.592518624,4.298910365207588e-05,6739947315.303061
9094934.75237195,3.862255844443436e-05,7959862426.819264
1052525.858230598,0.0001074669103263434,465639269.1388017
912353.9942704746,9.79104627250682e-05,429481019.8231668
213361.7569449889,0.0001261112220714024,84842623.53325397
2496429.236903501,9.225030540409202e-05,1222758578.647984
7172973.123243325,6.525160071061636e-05,4425595908.382317
2277849.616804162,8.267738981934992e-05,1200237552.111636
35721.44210923628,0.0001662568138707402,11814336.8098694
73744.66062809988,0.0001599774929623821,25024072.5379548
111518.9182850222,0.0001556086809180201,38547184.92904267
16693171.49345232,4.000450858564739e-05,14271388487.6327
28382245.24774251,2.495711330207704e-05,33234094312.12496
23032325.0281238,2.35422526936008e-05,28039640163.5668
5929184.930918674,8.642773515563269e-05,3033143153.121712
13815273.94401849,6.083724869204173e-05,8931268056.409933
10829129.8200838,5.975692848179305e-05,7084916165.943151
12225183.34330663,8.100246535577286e-05,6530150987.718753
13930695.10756283,7.549788340851958e-05,7798593252.78195
20334231.75785271,5.803277818294137e-05,13565803680.76184
7620453.779093585,9.405356426583962e-05,3684659219.387263
9928919.538924638,8.664575173196613e-05,5070729870.902755
14092863.55281354,6.772410059861163e-05,8482107058.23399
2278556.494019674,0.000130267859862467,886682795.8191365
841369.1976660435,0.0001424866753920578,308416146.3395083
1247403.119499517,0.0001416209633976394,459115332.0683143
4259944.515233372,0.0001202646638567909,1748417916.039065
3589943.484045581,0.000125149751905264,1434831655.51532
7591486.212827329,0.0001034455761937301,3444970645.44477
2948987.408414651,0.0001236247854604618,1188326779.472977
3794560.457350661,0.0001150679323641748,1603954103.899487
1265702.79779023,0.000135849020038352,478954289.1297575
87567.95969111197,0.0001707705166918796,28449194.15961929
45891.94137525746,0.0001721881943602962,14827485.75772113
186893.2018037048,0.0001649688836884241,62133451.68680798
97685.0963392613,0.0001670504679685141,32205485.06948483
115617.4784034634,0.0001686618232863743,37874388.76150528
307496.5030951279,0.0001595617265436529,104525205.4750394
35552.03874373613,0.0001717227739668823,11507453.98573765
24892.30689884867,0.0001741746536743988,7981328.320532598
13644.12634411964,0.0001774107928736737,4321412.340119208
13168246.93995476,4.259458609991775e-05,10796716400.29697
18855400.80689002,2.61263800792937e-05,21414911052.48117
12248736.79635898,3.544585067590743e-05,11351354848.71354
3579.361844975284,0.0001867313292714788,1095622.170338795
2711.432559835819,0.000188304831265863,825324.0457863319
2457.237085663007,0.0001888808790108946,746428.8172488946
6822.643050851984,0.0001794984313453363,2144102.510164192
5295.928550901897,0.0001834912002661544,1640080.97037831
7017.323227962274,0.0001814861499647251,2189151.524565028
6618.177282252754,0.0001795382024091511,2079539.375925968
6206.448912259163,0.0001816446949074275,1935061.204332453
5115.971420211949,0.0001835308683705631,1584122.260026728
6680.336706759048,0.0001787248820009327,2105434.200444894
7197.71379732794,0.0001783062278911206,2272044.843416088
7397.636462855176,0.0001802945318597576,2317952.943217817
10626.03031800892,0.0001744706963525821,3403215.007668189
7511.718976059766,0.0001793793940143203,2361697.647407764
7964.015933351354,0.0001772733520345854,2523692.763312527
598.8269742710589,0.0001981695986914061,176174.6166063097
557.5092990918836,0.0001982026053626945,164000.7659470214
499.4910421320229,0.0001940070032646062,149044.549637104
498.8021107306759,0.0001928072112984398,149455.7977801303
556.7814418663241,0.0001970104632862055,164446.7228519967
595.8124067267125,0.0001933551227800438,178185.524800596
577386.2702235194,0.0001471403343534845,207162889.5972766
1381578.091792208,0.0001349831990851771,525035851.8988154
1502518.210166895,0.000135043004932095,570827668.3720778
17802.17590299605,0.0001667182127973161,5876937.299311995
44505.38795197888,0.000157035652966241,15290220.48520752
60502.69291721818,0.0001619034424250187,20367480.8434139
3665733.573171559,0.0001063421292595192,1633142180.672397
1610198.173050175,0.0001203761169404123,660469007.2111495
2872470.066942717,0.000109178783525178,1257467234.857869
412704.233781746,0.0001500671028201194,146144314.7903152
571562.330662395,0.0001467531845691942,205433804.4468748
1119293.6033765,0.0001379115532674463,419318080.0329693
262425.4211022033,0.0001445504062314717,95278086.19407558
732012.4632153463,0.0001328467695625273,281158451.8712664
1061681.354543931,0.000133332613612032,406789681.9690029
503962.7682628318,0.0001460551633367957,181713492.8450122
226439.1917600812,0.0001478532036632942,80983728.88710542
987957.9707513793,0.0001366353053845503,372417300.9047292
1417333.425174518,0.0001336668878221545,542154173.0658048
789554.5417983291,0.0001425089573218201,289392559.619707
1375052.238525729,0.0001330881953468092,527504505.4514649
122384.3267523005,0.0001580777474539258,41861229.25583947
99114.63156183637,0.0001532123877329446,34615864.61657242
301260.2994314343,0.0001514158153943739,106046028.9430751
31595.96782831289,0.0001665656200034202,10436977.6261834
82465.14836544673,0.000162244703665454,27721927.64285045
138836.5553053542,0.0001588969777311978,47325303.21713278
4699.926499977907,0.0001740210686382028,1507844.346781672
4590.052463450639,0.0001782167349430911,1449390.223575981
4204.498207596199,0.0001772335333226778,1332550.187020479
32600.51412076391,0.0001545223293912823,11321317.01420287
91428.87914318983,0.0001475308259311838,32746247.99160561
53670.56931804724,0.0001517244363133461,18866840.60527478
7042.579061110216,0.0001490757770790675,2504918.940352345
11176.54154395599,0.0001560907651890116,3855280.340424289
5766.32183753368,0.0001580336272680486,1972721.93033815
389007.8560664108,0.0001541491115670789,135310351.2318743
351981.204376045,0.0001532540297855815,122907448.8613682
1249301.280057224,0.0001404995361830608,462257455.71974
115.2141374784324,0.0002173762496288687,31868.70224420128
7.204909324225556,0.0002168994167868622,1995.827167278729
7.204909324225556,0.0002161348276196864,2000.531297408191
237.2197847488489,0.0002135859755307518,66389.96184377589
32.71228764291318,0.0002159339479250104,9088.599504069003
17.84962220028958,0.000214233139614122,4985.452622101196
17699229.88362067,2.779237924221482e-10,41559522765178.28
16805151.40316264,4.091922420832011e-08,1415220688360.239
18257017.29026544,3.711131024854937e-09,7616561766340.356
17082724.15363112,1.050278125793013e-08,3561948049855.755
16310702.53252038,1.476637137067516e-08,2709922117710.485
11540530.25598063,1.910444432142904e-08,1614864759254.86
21215078.29308153,3.596515871200657e-08,1947107747115.24
17494967.65174884,4.878492071784486e-08,1310356321276.162
18406976.22533876,8.104978900906956e-09,4561922037308.152
19821903.29961789,2.079149349066573e-10,56479159969835.66
21840229.48805894,2.410359708222284e-08,2617395138503.623
18989596.89503115,4.727531817842152e-09,6741545015500.386
22095598.58607676,8.610487932488713e-07,244129688213.002
21478136.15895835,1.50295772189649e-06,163693743943.2495
20179307.15590387,1.073149074097886e-06,192515727191.514
29711663.00601054,1.321868317287303e-07,1144989484778.552
24644550.03145143,4.012095043376185e-07,453043688715.1834
24944129.07312137,1.312161621463435e-07,965999253840.649
30559470.70373353,1.987296562224465e-07,897368265422.4082
28124947.55968567,3.98558690846434e-07,519314201098.5755
25417219.19659729,4.678528437292999e-07,421750091248.7925
15648750.29396279,4.725791583423122e-08,1197190561535.381
27879781.36845372,6.419550107705098e-08,1738946823768.382
20188523.47337774,1.810418077890465e-08,2928095960128.031
34308599.91491085,4.656411382145889e-07,571086771905.6317
32799853.23936269,2.074429388352942e-07,935993421143.8199
23295912.02293086,3.147438578037471e-07,503471480991.1149
35630667.87719537,1.057170183132065e-06,343342337320.0333
29287535.05209821,2.40112000547887e-06,163332863955.4496
32499653.60839167,1.086932900531182e-06,307428110403.5511
25788479.40689078,6.666253696273116e-07,337938633385.8426
32434555.89248052,5.804759266834046e-07,466106486480.8868
21756291.0421537,4.292912150725839e-07,382311057376.6056
25597209.41776727,1.236268962769753e-06,222220426827.839
21330513.79609087,3.023230183866783e-06,102020435550.8251
22386877.47467937,1.962073124498331e-06,142840072832.0037
37350584.05115679,5.270022635574468e-07,572473968893.7963
34143175.41241947,5.604658024375135e-07,502270683644.4842
35775634.92489536,2.68880995530459e-07,858777409886.2017
26112607.0885313,2.965876778985671e-06,126497370579.3302
22678146.67509997,3.313946924573041e-06,102025921839.3518
29150285.60921679,1.647619176352296e-06,208964055797.047
33112443.6915899,2.589950500719262e-06,175575369141.4168
29432464.68904803,2.778368987822473e-06,148924682599.6193
35790505.02809399,1.432587011448454e-06,281635342576.8463
21176435.25574654,9.347890126073543e-06,47721101045.00259
14642420.29482292,1.250587881943474e-05,27177117449.91499
17750831.81406818,9.184611262332658e-06,40474192177.11881
29077760.1608703,4.657225452951346e-06,104266014970.5939
24932502.22582405,7.388014760169167e-06,65727537788.81264
21202646.63010955,7.224929134987701e-06,56732816874.50454
32586862.90269062,3.791675260286935e-06,134015530607.8468
34446047.99484992,3.743116585562784e-06,142884076744.4883
28189263.88900764,6.51417558636407e-06,80818495508.94034
22398175.57265946,5.616330178229783e-07,329036611131.1644
20468511.39494303,7.738432030170396e-07,242838538703.9366
22683817.2085189,2.915923831389094e-07,515860199903.222
33947922.49046187,2.40176034617455e-07,878604496973.3628
32358202.57411807,5.313765508931654e-07,493229979307.4625
30165974.04679596,4.168905839603126e-07,540550112823.5113
19063475.87688977,4.033484000246917e-06,75234180866.01073
16403123.87671903,5.302030252645311e-06,53946726544.9311
20062824.48714771,2.943875279414224e-06,97674036558.08815
7225031.210298105,3.979413570174273e-08,619860092033.7839
8910836.336413082,2.399430111260758e-08,1071140393941.89
8394864.047033666,2.67630810085884e-08,938259408687.2283
5300357.362503843,7.058766450543882e-08,310326795259.05
6336441.041621655,5.148483343382034e-08,457852781500.0601
7434763.114160394,3.800740117627391e-08,657690677037.5132
4592864.978356553,8.012050958514571e-08,247127576152.1451
4368360.904476939,7.558253866764004e-08,244364170416.7426
5560519.569274337,6.094843484495119e-08,359037933197.9228
6385090.864987573,7.693356478765931e-08,352985211773.4399
4998707.220518268,8.479891612058572e-08,258978771410.8557
5686666.442492407,8.307239043389309e-08,298689495906.428
6290273.476381676,7.485583736610038e-08,354148776158.858
7448821.859948755,5.185518100452409e-08,535664442107.1579
7023784.030218497,6.870150635298187e-08,418723153659.5951
10383768.42868828,4.263474274744283e-08,850836076693.4092
8368369.336179872,4.817099442869244e-08,632097052018.5054
7985276.147123633,6.150154851569888e-08,512506336177.9155
5355646.409865875,4.161401425078033e-08,445983531305.2444
4444126.928072856,6.564264013930798e-08,273104649731.4993
5185559.718640729,4.994856046234639e-08,382337582060.9626
6800644.405555111,5.162244594164073e-08,490521086399.3007
5887802.7561233,5.306280008395589e-08,416958799315.1183
4825423.803538168,6.828674333628783e-08,288831481616.6052
7481866.836332596,4.491918457315816e-08,592091370866.5295
7326047.346217163,4.142534282756673e-08,611916710924.1851
6522788.895909052,4.63738450251301e-08,505341058440.7952
22374068.1759119,1.649608866172543e-07,743859594417.6322
17785607.80405752,3.278829558237571e-08,1736158950579.401
17610342.50273357,1.71305109560198e-08,2650051158653.562
31238358.36672789,1.217580568852918e-06,273961623003.6958
27589155.92303965,4.655412603167369e-07,459303366190.6912
29557823.44522986,3.423404879870467e-07,603995366643.281
18581152.95246543,2.426259113843061e-07,477655231213.8401
18027057.19337257,8.951314477931624e-08,900880029938.6593
22644778.91226802,2.21627307549629e-07,618328462227.106
9229420.112880105,3.301171057053645e-08,896869102206.62
8845924.103545621,2.985398910449376e-08,919196359308.1608
8129645.560522338,3.572726382858054e-08,749442711077.9637
58056896.39209209,1.936414693251517e-06,373698684766.4423
44835430.05512761,9.23726231035913e-07,472707495586.3295
52302940.34906705,2.039861112710542e-06,325181406661.736
52720385.17248181,3.712502923984784e-06,219887582696.1342
53456748.29060626,1.47608282732356e-06,412346253006.123
60037167.02859252,2.380402786711935e-06,336759527118.7911
34522387.74361028,1.62529047212368e-05,53803868157.78123
42666546.26065114,1.341576584651736e-05,75569029169.60869
36098178.21144513,1.941146521262428e-05,49978099731.51498
35676427.03849129,1.332301274308646e-05,63481384726.18493
40931496.03574698,7.723972178591919e-06,104752360396.5446
43948448.86720176,1.049822467199672e-05,91664176884.66586
28161931.22670215,5.586202485443849e-09,8945088693717.375
27739689.18589158,1.124331647966601e-08,5527201535514.596
21954585.36490495,7.447240213090204e-09,5756983673662.088
15570072.61919987,7.226773986579315e-05,8974170637.169434
9569033.291790331,9.14691509145282e-05,4713588154.686682
9321172.836360784,9.186560807717776e-05,4578275519.305321
5307724.184948006,0.000109476936548809,2319315992.388927
2760417.287789169,0.0001260577995199164,1097981250.738412
2662704.544443749,0.0001257246712486846,1060985154.073056
16467980.28624504,6.54025559385643e-05,10144808602.60971
11186613.36147503,8.485489694191318e-05,5793139961.184252
17616044.78842983,6.565170458414909e-05,10824580338.88109
7221468.159460734,0.0001037026874667004,3271639878.032671
4015283.259088172,0.0001210522073606516,1640845584.43392
6926445.405440499,0.000103594013958593,3140175889.784023
1474728.084009023,0.0001417082771338985,542560874.1674706
498841.9359523987,0.0001556943483540835,172364460.3234481
443075.1370202517,0.0001548805102187782,153631239.1082024
64333102.00938664,5.03181511448445e-06,219087723382.5373
63214011.98329905,2.962281900746869e-06,306475501502.3643
57203409.33214629,3.064836175155181e-06,271113037954.5986
47780355.14335597,2.166864046273202e-05,61474489518.45098
59530506.32564508,1.05470178852469e-05,123780753305.7553
50065985.41002976,1.193541919564557e-05,95862992915.26701
42826645.79406453,1.692932369422381e-05,64956256626.73078
48316694.79377071,1.1595534676963e-05,94312668228.31978
58019206.70159728,9.532333071069817e-06,129054250791.1828
27001593.45635785,4.269993347733282e-05,22102323364.39867
40546388.8240959,2.727097550065177e-05,44752613082.85113
28261238.60039187,4.405175497510678e-05,22657694410.07217
48183396.97156911,1.057761650007452e-05,99993599793.08064
49891336.19178445,1.360109331993418e-05,87560706100.38797
49700894.84701058,7.76879739483198e-06,126705366990.9887
26501480.85413772,1.268670795858118e-06,226136594185.3199
24090720.25967487,6.140928635014014e-07,333447207251.5352
29010378.03079202,1.041410369961399e-06,282361484265.0453
23027896.31213397,1.082496927688855e-07,1013840922440.681
23894252.83382881,2.924048970790629e-07,542380033591.9667
32069480.46577476,2.072348397556969e-07,915763671972.0991
19042597.18290813,8.046275203408815e-08,1021714583492.249
15391229.96133487,9.543345375135307e-08,737009183671.7421
19831152.35565079,2.661512826192238e-07,479286918267.1468
16823489.66629845,1.581119607455398e-08,2670584164459.425
10716185.4518123,1.284479175269881e-08,1953839306862.585
17335117.74335442,1.457193289343663e-08,2905686043680.967
6739998.989905682,2.805207703874524e-08,730045311480.7933
7148149.338147872,2.809921439703658e-08,773388123364.3695
7152794.834478167,1.890823897554753e-08,1007801606971.723
8860078.474562911,4.102364022160071e-08,744871638729.2958
10076934.38725283,2.054874349686444e-08,1343192475116.841
8120672.648792375,3.100790967206537e-08,822767276824.713
7145700.493225717,4.078249001943021e-08,603108778791.6067
8129739.388691669,4.604586291603467e-08,632823909907.899
7422141.68214534,3.606481817946769e-08,679944412114.4581
10520352.44840307,7.385067617245372e-08,597668874164.3339
10711718.74743337,3.125060838199283e-08,1079659581778.167
9455907.082134144,5.175293384286776e-08,680894583688.7953
33259529.30711176,2.024611825848757e-06,207820436453.6884
37224430.75508215,3.415482101618487e-06,164132048268.7698
34338453.82057108,3.421065712317724e-06,151242248441.6801
21297966.33506606,2.35908028913422e-07,557840003504.5829
27592764.73969504,7.832198884424521e-07,324742712106.3552
22800463.78072789,3.567424944661445e-07,453287543358.7014
29154890.79566408,8.682795127650537e-07,320335484787.2897
38467322.66619256,2.543588784053918e-06,206440083554.2011
32435719.21716193,1.342701092400601e-06,266504146628.41
57805609.29229745,1.599485378108802e-06,422652199737.0937
51352226.34160875,6.954687982610592e-07,654195435988.1536
44614635.17877398,5.875187346127995e-07,636008421366.3402
51710318.33551376,7.581628982671672e-06,133988911643.5711
61322337.50789326,6.184582533795844e-06,182002955889.0208
54366433.63742867,4.219678424419346e-06,208198665423.6845
48965133.98120455,5.566731385927497e-06,155890662768.0898
47878317.18307472,8.358727760253218e-06,116246197861.158
46560220.14190812,4.773350951460971e-06,164235151042.9886
50401809.94482618,8.19201321423019e-06,124027798854.4476
51953580.54658546,5.387691966271303e-06,169049404532.0755
59218691.68067694,4.058987870248164e-06,232727107931.9644
63222965.09626635,6.376359835875137e-06,183862424067.9196
53075219.56803757,8.440880925206195e-06,128026522829.0651
62113615.18287128,4.306206846786638e-06,234669626630.8565
36638975.49893365,2.521818726284175e-05,42605671170.33659
30584295.961862,3.967936754728486e-05,26289883412.21296
43319849.53687242,2.290537795915892e-05,53710842483.64273
42418795.91547438,2.267019143142845e-05,52956776922.68034
28533464.79175944,3.809148417584954e-05,25203987047.69177
34781649.45476817,2.563037003302518e-05,40011078342.55548
45985872.14371835,1.348181314372407e-05,81181840248.76804
47236415.39106061,1.652399083465226e-05,72811554436.91283
39156317.5150212,1.948014878128321e-05,54084604948.42789
45828406.37491754,1.329173036554826e-05,81673357070.605
40485911.30288918,1.862496531985866e-05,57620046463.05594
47494452.50770924,1.631641895695574e-05,73828886821.62318
16954450.71329099,1.828432318589964e-08,2442855611335.304
16658072.31067732,1.718765538497516e-08,2501191733663.792
11801575.89174685,1.880845614197284e-08,1668672995427.838
31944015.10582707,4.090037008264436e-08,2690944108273.267
22054585.94817086,1.945662487630073e-08,3048741282959.301
22639825.6419551,2.23004059611917e-08,2857576715568.419
38101639.34606516,1.170525078597546e-07,1592293711408.134
39138368.5490879,3.340470967080637e-07,812950777585.755
33663684.49668923,9.41930486296087e-08,1626106848629.891
5386.799100198661,0.0001599058123175232,1828470.448059692
10813.79422917663,0.000144304676294409,3930590.7824772
13946.73609813966,0.0001364313896246634,5262551.772659287
570.0699043367634,0.0001883889969134577,173470.0184957939
1180.343828709151,0.0001805995070684932,369428.865844934
456.277211103388,0.0001876673098396874,139199.0782025001
13434.92867393911,0.0001547303484100653,4661421.369705644
10542.82305238752,0.0001492197429917578,3747480.592623404
4764.623699827114,0.0001661802008373835,1576312.865971478
2738.858221489884,0.0001883412484411299,833564.5848957178
3984.856518942849,0.0001861467843331059,1222293.952632984
3917.676305408668,0.0001861910479075416,1201496.986285556
338120.4971187342,0.0001480035263356283,120843544.9413888
591356.6789958053,0.00014175745931497,217513170.6217621
1699259.635423873,0.0001202501545027854,697486777.8639784
362591.5276332835,0.0001442575006620169,131823260.6547679
291352.6583729246,0.0001486285795632157,103836673.547178
1592255.754393158,0.000120875349908532,651309877.0245013
132539.5733808106,0.0001443398718460046,48167564.92465889
247618.9407677006,0.0001432673184944103,90438310.36091506
836941.0156466143,0.0001201895997559898,343650456.9534272
29755.0606878065,0.0001557656406592824,10278105.31207436
22079.46964335309,0.0001658860757229588,7313332.993575739
93666.5708074109,0.0001546907978467647,32504361.13008743
18515.85149528598,0.0001707406053503245,6016156.765687343
14940.57892900635,0.0001735432303551349,4802075.39827745
47799.72220614448,0.0001644605650503168,15923951.78534029
9208122.661415029,2.65841083758306e-08,1033767870215.418
8941014.837446988,2.562595319889604e-08,1028648024770.475
10243146.45265999,2.817215600054592e-08,1106335018181.881
8618378.636287592,3.244625996557799e-08,847193226070.8333
9125700.859541401,2.866142064319328e-08,974393593397.0233
10156205.6032225,3.047410552779013e-08,1040984283689.317
6700826.673193819,4.077703606509999e-08,565611130911.1731
6006630.856891112,4.424943009783741e-08,480130345095.484
7301039.891531246,3.762473627025188e-08,650233107470.011
9738607.385670606,3.281073679110605e-08,950209866388.4116
7595829.942404969,3.791794002847731e-08,672995369602.7416
8234038.721305615,3.476410618829518e-08,773022603570.1619
7055614.194073659,3.274311313798154e-08,689373914743.1002
6650153.225966573,3.269647616314464e-08,650375768920.4486
6786150.755347857,3.748972362404143e-08,605827073601.1677
8113639.359593078,4.235900986223775e-08,667705827595.6349
9039372.251730256,3.613511375324315e-08,827025030592.007
7951340.526280522,3.885918122005875e-08,693071312037.658
7412222.804411327,2.836709657898981e-08,796902532775.2174
8240717.673173609,2.593079124754209e-08,940635119493.1719
8497230.288733292,2.666465124172071e-08,952036173253.5504
444.7889395774521,0.0001923704724186692,133473.4967301892
345.0131464879829,0.0001916538835866026,103790.410078726
538.7813965783283,0.0001965428485237747,159382.6686811357
3063.96613474966,0.0001871120393418874,936589.9055780637
4951.156380674194,0.0001836525419114689,1532411.306929349
3073.845498555327,0.0001859954393868743,943366.6183224792
7822.729087314309,0.0001700620337965337,2548512.166319722
12622.77539944393,0.000159941212928091,4283984.899124882
4286.090377738949,0.0001713910083155926,1389107.859689843
17503374.5110709,2.87509127149519e-08,1865036609471.806
12794412.08111161,2.613742301854855e-08,1452708540758.124
24851728.8611442,3.453049836696542e-08,2343624570118.758
14321748.59522321,2.712269492891841e-08,1586502715341.45
11478351.11780157,2.826728195672779e-08,1236963272561.821
10097350.96063048,2.503716548800867e-08,1179824322327.76
18780544.46176933,1.450417533984237e-07,680319340934.8567
19997509.28795695,5.230915062048676e-08,1429741297372.456
32139785.37726665,5.369471005027451e-08,2258163090488.844
11651627.41408817,7.645425887444186e-08,646823018642.4735
11354869.52331191,5.299352765849754e-08,804822781649.0935
14652949.16466083,4.321349733596001e-08,1189904478240.458
31001187.74816239,3.028172714028593e-07,687476576155.0033
16536884.51349167,1.284505781484077e-06,139946803924.8731
17912595.17576919,3.84270322265426e-07,338896654207.5997
11395413.85630587,4.226178237147524e-08,939214732386.6028
11816341.97799165,3.314532128556997e-08,1145165430587.334
14699001.88411904,3.232537452323058e-08,1448523244313.665
9306610.563038832,5.808419241168712e-08,620515885631.9639
10083088.3546849,5.673036433131552e-08,682941007633.4568
10362844.32231392,8.017203501894268e-08,557353033160.6042
8615071.230117241,4.892662227064042e-08,644014110371.5016
7601152.009258317,4.36941610828803e-08,612722479689.775
9362732.669979081,4.770220763138704e-08,711831120650.4646
13162951.07623466,7.724893699475548e-08,725701898413.3809
11635837.14913977,3.69092979168177e-08,1049640174887.523
11436350.41726526,7.92990474606523e-08,619596287496.9707
14474971.69707796,5.876089676097043e-08,957691089162.8121
16710515.73483442,1.033297953291466e-08,3522406503044.092
12871267.64694365,1.724495536373512e-08,1928323696246.09
13990072.61286741,1.646209887637784e-07,465761047376.582
13766899.08776648,1.026415197307831e-07,627991954627.2346
11999756.1318517,1.089708164899145e-07,525975623082.3358
22192088.91065628,1.290128821268036e-07,869179481365.1548
19085085.75116234,4.311341019558298e-08,1552217342990.086
16690468.92071716,5.651548491047474e-08,1133331342851.539
25179335.84034605,3.054134725807742e-07,555203433375.2473
28234463.66753633,7.685820688293069e-07,336500755577.3409
21862185.26834528,2.226654345857751e-07,595102398402.347
6329246.640051898,3.544630938098988e-08,586549502219.4022
5780571.095175332,4.370350937978494e-08,465900531121.2872
6461939.095439696,4.023059428196959e-08,550374826773.2201
5205315.41637988,6.654234105040622e-08,316992023011.2134
7065604.38935164,5.080906477741709e-08,515056868575.9889
7841792.536784197,4.589145208184224e-08,611778413023.6759
6316837.058354299,5.245615963284681e-08,450784193799.4001
5041456.896214618,6.703474544515019e-08,305508113654.7545
7640375.561657975,4.625592860105866e-08,592929562562.6248
5502764.057920744,5.33777765392601e-08,388156836030.2975
5221567.503287667,5.289552533524956e-08,370556930592.6069
4477465.889113658,6.857120113045375e-08,267262349119.3931
7437969.987832299,3.728477146484836e-08,666448760674.6007
6130890.113457168,4.39007000888882e-08,492654629383.9205
7233290.17628977,3.939931879135358e-08,624707537385.1781
8553038.063722432,3.004346214983368e-08,885021359890.3818
8062122.941529611,3.381421081874348e-08,770992072466.4453
7848969.610667784,3.593479742904372e-08,720779645070.2634
10136612.17447968,3.520378026073115e-08,943698568854.0217
9747030.13486637,4.432187617961093e-08,778263897573.426
7947797.349900399,4.031196550140597e-08,676016769459.6543
4740578.997574936,6.552220016285321e-08,291679387964.3907
5680615.725126258,4.143523861359661e-08,474404553525.5661
6522361.79364184,4.961417582361909e-08,483059948899.6093
6161466.014106083,3.381257904611341e-08,589248554047.9309
5797293.864888926,3.36704046642762e-08,555980753813.1689
5620277.61563776,4.205422571869268e-08,464748511319.5706
11409366.75861938,2.179756027503741e-08,1462142214444.705
16191476.78665096,1.995384059548558e-08,2200909217345.578
15111188.38171683,3.377846744792311e-08,1446123306150.934
6729489.719183837,2.914581541058406e-08,710555481224.0944
7942793.96415286,2.336819552770449e-08,971754391361.9237
6348651.108635745,2.90083371053666e-08,672459662844.4497
6996326.850866662,2.613296174505926e-08,794470303985.236
7416783.385508425,1.697361385034743e-08,1122964558936.758
8232465.55495625,2.036514279457856e-08,1103921730807.809
24871249.67291161,1.147608647154847e-06,226900297823.9158
22493450.68116189,5.580823748625688e-07,331836290763.0436
22537610.18000938,4.933500025589118e-07,360969997423.0721
37110511.80735788,3.1066301014887e-06,174302619232.6223
29888745.58347998,2.232877220128341e-06,174956920653.4826
33617083.61467516,3.401032717873182e-06,148645863353.6516
37925029.92032676,2.49443637404909e-06,206194769716.7843
36771920.41646621,9.510032674553641e-07,380243359891.4514
30620180.04863393,1.621369554226019e-06,221863774692.6778
18145487.07240325,7.225456046246608e-07,225350462967.4687
15789295.35343528,1.482562993532102e-06,121437824488.8475
25761059.52703563,1.195938025526822e-06,228643014836.676
14996675.99749767,1.887910385918827e-07,455694819673.3395
15943737.57463931,2.852497591018844e-07,367936844934.1354
14765581.39474324,1.447539185536256e-07,535587376746.9586
14648085.87920761,4.522106142002569e-07,248630102850.3835
13406664.48889012,1.356026390437493e-06,109431406177.0211
15584245.24402101,5.87394568348321e-07,222194083102.0467
15480984.47597702,6.800819781752263e-08,929161195712.9465
14412526.16047708,1.587122757979211e-07,491661757440.9338
12391238.94993603,1.008921648604825e-07,571754736853.4742
24886118.89874069,3.734438759559034e-07,479888427571.9393
20371755.02125961,4.340464082665935e-07,355362012268.429
28401347.44496635,1.007862937700056e-06,282534375117.1313
41115428.15522971,3.166281037980318e-06,190680014860.1353
38928115.9685322,3.351778526504675e-06,173812034268.9751
34870971.49284489,1.960869745990213e-06,222586190255.8938
36223630.89657604,1.674681913104202e-05,55339737317.34449
40304233.70887336,1.335099220154731e-05,71615710840.35495
35902951.11071488,9.097293923805977e-06,82386362800.50047
27083949.65327057,1.597909414742934e-05,42691743760.3391
32861816.76591806,1.740283723504848e-05,48934091627.51956
32556413.8385406,9.752362326420929e-06,71323066678.95378
17041065.44035427,4.816401253717616e-06,59751430028.5725
23069905.69412516,1.282045855014941e-05,42115644060.89965
28139977.41320449,6.583338737566427e-06,80111145801.10107
28862176.86959146,2.009262981410957e-06,181261079382.2231
18236249.96067198,2.159391342345907e-06,109156088762.9118
29670053.74595304,3.883810136623148e-06,120082486592.1158
34453796.54142344,1.71458786387074e-06,240508587561.8441
29591270.37078793,6.205774245951972e-06,87625994825.38638
19083106.03297267,2.601806897432767e-06,100878594545.5881
2021282.895635642,0.0001117301963826082,871324768.4532924
1390652.766528274,0.0001120363730669719,598383133.1558321
580686.4509811654,0.00013510892564666,220539134.4676008
12445061.84519476,6.996205414269709e-05,7329742048.072509
5043875.168354709,9.556074036552449e-05,2413114850.80334
6422304.317425858,9.628224341788051e-05,3057220383.78303
7743114.127500633,6.83698041737766e-05,4630978554.325339
2837249.656460124,9.534455355948613e-05,1359461644.627662
3712838.086214772,9.505282254530254e-05,1782635969.68506
27370860.19779586,3.079704586235369e-05,27857944782.66012
15919665.6283516,4.58518702116919e-05,12426893377.01063
19501688.42009705,4.692926183575582e-05,14989129025.22071
8250298.615404801,4.676097237086594e-05,6356440394.573487
3357454.004901943,7.130809704092895e-05,1952469120.287256
9007931.887453401,5.385925920682198e-05,6316136539.529078
13942918.53133846,7.550322583959218e-05,7805067891.672412
12918821.99496659,8.105639576294671e-05,6897600789.026024
19533851.23814778,5.798143968340348e-05,13039528247.94129
17823981.24739311,5.760690996667979e-05,11949644804.97099
13095845.41571086,7.652198182205513e-05,7265676666.597928
21452780.51202575,5.35669579269276e-05,15096824292.78257
257088.2373059448,0.0001589306372308023,87621454.23480028
316253.6217250709,0.0001523999395500918,110844031.0289861
118911.0065687329,0.0001625164924212887,39929183.39991974
467398.3580398652,0.0001550423490898712,161952238.7289631
733750.7997170578,0.000150586997642691,259232991.302108
195088.1683499966,0.0001625317913467523,65504637.84712551
811839.0999503934,0.0001478716428067463,290322056.9516855
491977.2669725558,0.0001487364250401836,175253544.258953
417426.2041222382,0.0001552695952677595,144495867.9292859
171687.2774470598,0.0001635112254418143,57416898.78037249
687666.050469046,0.0001515677826407161,241902107.8459241
329844.005158824,0.0001589636263254555,112402702.8093973
4501773.914112949,0.0001142313721565206,1912171104.888005
7523729.945734834,9.827802404976589e-05,3532880286.113115
5533973.823554079,0.0001056768824637071,2475808817.45378
3033454.379654267,0.0001274152786659886,1197999018.780648
2943261.882646714,0.0001264996234368992,1167981823.596746
1750268.00084929,0.0001378556992847881,655875491.2782671
4658109.729910128,0.000116476400559577,1953069752.245929
8935991.035442062,9.410323114712557e-05,4319230361.450077
4546181.764627308,0.0001155619684201534,1916182377.444558
11614365.98598028,2.739425465506024e-08,1278073552879.43
8753399.686223706,9.031399300919189e-09,2018397640402.336
10774709.16437781,8.243037320630581e-09,2640466806057.504
18239022.05931671,1.76954620471876e-07,578664638450.1067
13957779.68824964,7.094788946515908e-08,814435480518.2872
13035788.17808716,4.707325352792368e-08,999895201288.0405
16299855.33184991,1.780623666586018e-08,2390391242049
9905624.23683852,1.070161223498213e-08,2039775520924.073
12936188.30673604,3.034501380268059e-08,1329682957772.451
5820496.721131325,4.625174727154729e-08,451725512873.6832
6117176.894473041,4.670297211960825e-08,471687853908.2759
6895796.218858824,4.175428893943414e-08,572950396289.9998
384.7058630634986,0.0002132319683977385,107785.5629914853
444.0628197677536,0.000212818064702954,124577.2537013234
98.63359724892767,0.0002155831303142995,27433.52975631195
462.966879756224,0.0001971495010917329,136674.0723340723
284.9185186930457,0.0001922429299821086,85536.9498583672
204.7766772709901,0.0001949312396656804,60910.59782197263
430.8480130577312,0.0002033908657263526,124576.5973574062
559.6918972140163,0.0002014260282682777,162881.5749479276
446.8314101242089,0.0002050513731495065,128499.6386486075
454.126765455088,0.0002022046384300348,131820.520875918
545.3099878906847,0.0002002531615404686,159315.1944884357
586.1812335308871,0.000200215859113315,171277.215463597
416.7685861557463,0.000205257757344253,119773.8262780064
525.9835903914573,0.0002016065123276244,152980.4112798968
319.0858299795075,0.0002046279902753978,91889.13411442646
553.6607652972666,0.000209545773297587,156936.6863961637
429.5225528418543,0.00020542823592595,123370.847364378
445.4815693756833,0.0002070697885673733,127277.5814715162
268.8591969559083,0.0002036697595574166,77667.71530180462
305.6572878674613,0.0002032687329557742,88413.99917854606
285.9885406147355,0.000204653191287466,82351.14034753565
381.3276630173688,0.0002021100442610049,110723.4766056579
480.2391376931512,0.0002009374708192594,139985.6751320108
467.2748596294567,0.0002015918366615218,135911.786547593
314.906275926194,0.0002049080479305898,90602.87356362808
335.529349060797,0.0002035235941138584,96973.70872083398
389.4520169527966,0.00020468865572366,112130.7623505278
280.0004243929717,0.0002030320358990545,81055.46655313084
333.2940513953004,0.0002021022839665311,96778.76627323592
317.5290180717322,0.0002026301938704045,92040.85558204401
274.232855512331,0.0002053952838298322,78775.74292405468
261.3446171897623,0.0002042015983968069,75365.76897569606
278.2366051013169,0.0002051846765103693,79980.5371223785
356.0820972148692,0.0002015550436220197,103582.8109372281
368.1944246748068,0.0002008432392089101,107359.1497246363
339.7806085358703,0.0002020830353412529,98668.5362538109
456.7591448819404,0.0001996527404287424,133712.0049083409
200.6551355820754,0.0001975918096256718,59147.67171774559
265.7084455081032,0.000202800143251093,76976.80010204286
364.1629766154674,0.0002018690695521593,105823.6173169716
393.5584959439278,0.0002006283395134217,114836.8064051072
460.9523562884,0.0002006961698420198,134471.4175609931
1217.728933474948,0.0001759468327682612,387819.5124938764
115.5282823306785,0.0001766384129843543,36697.08323149732
355.0612413009278,0.0001843801356648164,109604.1958983421
1510.768346744366,0.000177550560813689,478244.3464645822
1757.791307240137,0.0001761936554836293,559294.3968375565
669.4182142938369,0.0001846187510788811,206465.2592427958
9969.806654128957,0.000141824224855992,3665949.322039998
960.9919990325283,0.0001659908819683202,318173.2153886384
3041.239655001646,0.0001653081257914844,1009689.50779709
397.6069544988161,0.0002126819403469456,111592.128861358
227.4988254552041,0.0002130119806328678,63783.71419625603
77.41766521660473,0.0002154603996049554,21540.79671852828
19.32654106842431,0.0001903238357544773,5841.064644762824
145.3624185713714,0.0002005874045616623,42421.20827226059
98.4331307221124,0.0001952184644723338,29250.10099973995
413.0536052049574,0.0001856911641081591,126905.0558439646
369.06830061338,0.0001879279882636678,112489.6162689156
397.5905230153531,0.0001895642687501459,120484.6454648531
355.1998861975762,0.0001883882380675576,108086.2115758222
409.3588916264255,0.0001858073718213283,125717.4609232245
393.9657836011938,0.0001896785225730658,119338.2685073477
490.5006693190707,0.0001928372756713286,146953.1656814046
373.4712751439031,0.0001901442334402903,112945.3698326351
413.1962337550784,0.0001914388175968147,124395.0270342404
308.9820614131069,0.0001863051209085906,94721.82814052059
386.7101821467841,0.0001849670889597985,119121.2657672489
334.1246167643778,0.0001875455779131748,101977.3967686669
985.6926669457506,0.0001753025122075413,314689.8719557122
1882.859452261417,0.0001719419181836832,608924.420252549
1190.726849887923,0.0001738236809516094,382301.6611366637
549.5501035909693,0.0001797085336883485,172568.4878835269
697.4026379136167,0.0001772435433772858,221022.5761863036
871.4037922597664,0.0001757642530062508,277714.8334302922
753.3418144080723,0.0001780277203045771,238049.342699307
1060.4108963057,0.0001750117440228476,338919.1068676891
773.8511309027522,0.0001767575626852727,245700.1483213875
1139.548814993439,0.000180869593536264,356305.5266755512
1392.918649562479,0.0001777389744403056,440626.5274379569
875.358181863283,0.0001793957004499648,275197.4731779495
347.1953567384556,0.0001838099671784396,107397.5902149856
640.8638000909529,0.0001812528487968418,200097.8918875359
383.5699631114318,0.0001842707076443237,118451.4518867117
1242.465170013776,0.0001789562480253694,391248.7645070336
2465.474634294245,0.0001768897296183161,782405.9178416597
1570.906467993119,0.0001755062767166775,501135.5657741753
418.8295606724414,0.0001830378049153986,129920.2338752775
724.3380875064986,0.0001811813843991661,226220.6640671496
736.9832143180912,0.000180480289179302,230765.6043337111
349.4224856216726,0.0001841546448174926,107951.5951057319
402.3039028232525,0.0001849461133267058,123934.0873878158
632.0723875174023,0.0001822972146549946,196598.468159134
2574.333283931103,0.000170207161576514,838197.2253664664
3694.157506657947,0.0001683622474347533,1211580.473613065
1751.662710873319,0.0001720880582024527,566174.0961439823
1416.558894497307,0.0001762423928252496,450637.9006088446
1226.309779684881,0.0001748828377179359,392134.8106468905
894.1193317948226,0.0001778989792774638,282670.0836186287
2154.050740044122,0.0001715829198522597,697600.1411990669
4127.520670494164,0.0001704270489554852,1342755.399814274
3631.083937846387,0.0001672140052221957,1196339.719830126
1020.202611762692,0.0001752136006374948,325817.6108007068
1345.890602637385,0.0001734682381511312,432709.5189072349
1930.442069575437,0.000171853160379497,624527.7752861901
2050.958013542047,0.0001748517042859402,655908.8990592079
3660.617880603178,0.0001723367724310186,1182049.762299674
1820.644341462963,0.0001734925399530558,585290.1907473694
6321.291623231939,0.0001555509873722782,2185532.713725993
6555.813591959662,0.0001527143102987982,2294598.857111461
6609.469000107296,0.0001518955148759378,2321684.862469795
4970.223911260896,0.00015877650296532,1695060.223383376
5911.996726722731,0.0001570666151610771,2030851.938476616
6190.794157704503,0.0001534105759223952,2160277.275371694
5475.517301375201,0.0001624080377480365,1839445.011280807
4626.384781259497,0.0001632460149821635,1548864.259305746
5693.620184420261,0.0001597596759339483,1933794.75734035
2717.261986148268,0.0001695356871946579,887069.0478284565
2013.940508739072,0.0001711499700809467,653324.2106718669
4186.462417392745,0.0001659431473578974,1386354.558946691
4552.80231756772,0.0001646367547932624,1515633.731876948
4883.828439244674,0.0001603411405805473,1654742.496455591
4303.194559265171,0.0001638082808296075,1437365.049757462
2157.619511185436,0.0001707125519034317,701128.936073866
3409.674338770512,0.0001683799384831111,1118199.610772238
1902.944260650595,0.0001721566081992946,614908.1780768479
2710.039352802281,0.0001752583199562166,865346.0877656891
2013.010762943987,0.0001724322698586429,649781.0877536
1767.290530206671,0.000173876378210934,567301.885177421
5301.871436244423,0.0001677840483201785,1742858.303267113
4116.363774258831,0.0001652097347939015,1367172.533666639
2856.01732964277,0.0001692041323305043,933584.275362156
2753.601954255918,0.0001752936170382288,879138.0818767602
1910.223116797833,0.0001740155681112133,612856.3551396369
2050.579490243974,0.0001724663964194836,661820.6033290895
1982.940071442125,0.0001638961114225648,662110.521641697
2187.412211169298,0.0001603195282791283,741207.2887185122
3268.152736586372,0.0001626558375178419,1096787.710534589
5580.886176647501,0.0001567956438524186,1919319.032351883
6291.607009773509,0.0001539390798152996,2190428.072969128
6061.902866280221,0.0001567762448969244,2084917.146875046
63470.02983518927,0.0001251001334067108,25374462.64192084
97328.09914749366,0.0001272135742758661,38478305.48035847
27122.05665450938,0.0001337963077906569,10367957.29125875
506790.7299481519,0.0001225083880201346,205455660.9966107
292460.2569886832,0.0001265156622726247,116047911.375737
379742.554912556,0.0001198789032605348,156192710.1802677
84610.40513329196,0.0001369541316754261,31844933.67817432
52235.2921568321,0.0001384180087546309,19521010.56786992
143684.0459581462,0.0001331124995579822,55114091.92707472
230325.185340811,0.0001374407648136313,86483061.22109008
113994.9796777623,0.0001430085245365953,41684805.06293371
110801.0623425309,0.0001387376041318727,41344187.74352323
380564.6262747761,0.0001281371038690366,149731031.087059
377681.0872042385,0.0001317604918665684,145859627.2361929
528206.2999612885,0.0001252081516554734,211048291.3546789
72580.01742119435,0.0001430028699917082,26541200.67770195
103533.4481836024,0.0001440752842508011,37672203.35027854
215348.6903439012,0.0001385065551099055,80444313.48277222
46245.5022872534,0.0001427944749649646,16927593.89787834
12798.893657454,0.0001508110598970129,4517348.910691485
13298.69959762995,0.0001499314111795627,4712095.569747645
5312.916936725064,0.0001592699825390843,1808188.645677205
5907.708250226929,0.0001553951147980111,2043905.435556727
5795.017713195624,0.000156373496871644,1996546.069013103
3158.558380589566,0.0001631728836533301,1057767.573723519
4586.623843611064,0.0001612145035393739,1548425.747641429
5035.303523830928,0.0001583173417154372,1720573.891607289
4387.271320419062,0.0001592126463889178,1493514.531034688
3116.879344903947,0.0001626726489400615,1045948.492890539
4982.642912384111,0.0001578166052686471,1706179.158186827
1513.671642256252,0.0001703420811648977,492587.8650845857
1379.280425077998,0.0001736105190884344,443202.1742580705
1907.337457795008,0.0001680556853566286,626313.9212586734
5151.922361208651,0.0001635539773781234,1722642.812056319
5741.788087130882,0.0001571895027261283,1971354.82364078
5155.631834375295,0.0001610651045226681,1741596.690720382
52095.05565988758,0.0001406120326494612,19265554.5944007
16516.29197764742,0.000147747499364731,5909704.863956088
27527.83713386839,0.0001420767844157894,10110128.54143782
4989.265906420777,0.0001583891460857783,1704327.450551686
6275.293986791301,0.0001538304997366973,2185776.618645763
5933.460808141802,0.0001547106195470681,2058865.586698028
5073.796827911927,0.0001578265304714435,1737319.654769423
6306.325148281368,0.0001524612252836158,2209717.499322129
6370.052154946493,0.0001532681682617043,2224206.010854932
4394.316588152473,0.0001662256585998614,1453536.585822253
3163.831694360569,0.0001680698891242331,1038851.401450665
4082.329636572307,0.0001635399794209725,1365082.117108128
60827.94535810274,0.0001188600920837435,25162035.585789
23760.90262620009,0.0001182889419019011,9860527.981888682
87627.66589672031,0.0001115200182355077,37821552.85416266
86872.88709522707,0.0001304094404089892,33781445.89038057
33490.02392802825,0.0001378853665395915,12547869.86308341
21743.06754955331,0.0001369930785968139,8181916.909110053
5800.506042631909,0.0001318447318036437,2239188.712009952
5946.754028486774,0.0001243177670571374,2387396.254433776
6616.077954875795,0.0001286815959355577,2595710.903427581
6352.967821609947,0.0001448608427258246,2303258.330891158
5870.817678698781,0.0001387218904863944,2190795.940673063
6569.104034224375,0.0001425256914146023,2407561.383635117
5937.556944906603,0.0001445982088544721,2155257.56872488
4963.225079837267,0.0001414751596999834,1828004.142024776
5471.753071010183,0.0001384592601945038,2044459.377832252
584.3698444547664,0.0001844126640332434,180368.4759105615
408.8631436604196,0.0001864138158455411,125292.7378012378
446.7186703098125,0.0001832724855021198,138453.0702281735
1127.464056480192,0.0001835985125483817,349025.0515363134
1047.236775597617,0.0001853345783517505,322161.7051758769
927.0176046665155,0.0001812430596254197,289454.5573330057
499.7234454978164,0.000189755538883526,151332.9220854991
421.2780165609836,0.000188033043479343,128354.9671862994
599.1938561314396,0.0001860297107233094,183870.6781458449
1733.792032449591,0.0001925507022325054,519956.4041110421
883.5031266083957,0.0001915718182567144,265860.4139301429
1616.93207865022,0.0001905661308196076,488271.4145755163
578.8708321321897,0.0001922999822659317,173751.6100555493
435.7103368167207,0.0001912179986750462,131273.9896135415
405.8272306975322,0.000189579159864537,122974.2327478834
1477.009080819378,0.0001941857553674639,440458.4230431447
835.5940604751783,0.0001934774539606974,249790.0309496638
719.3928598426354,0.0001924820533624247,215793.9647688956
1555.941775946746,0.0001949631986706122,462762.5943121581
953.3093361619236,0.0001955894764485692,282924.2609826918
895.2181202211178,0.0001942540127745391,266900.1789204015
3903.060529068399,0.0001641747533736946,1301770.337549975
4366.075830998088,0.0001636426582443153,1459352.670802036
2678.818442991815,0.0001681676895738938,879255.1253778785
5132.738738667555,0.0001443832536533109,1864967.53425484
6122.830712049429,0.000147507127203129,2193193.324480625
6200.490986368463,0.0001500937430025296,2195420.364973209
5067.241832424693,0.0001308459113973723,1966066.456312979
4764.614287793008,0.0001378829289068226,1785202.208052335
5288.548639463306,0.0001342517112432064,2017080.741413817
5058.936393192502,0.0001310514404750116,1960791.217574628
5254.649749479417,0.0001350730413784987,1996018.922280965
4756.560779790312,0.0001380881309571958,1780418.710405459
407.5870031537276,0.0001831954367804504,126360.2741096531
371.4650432537725,0.0001863346010768975,113864.6578326184
415.5889250960834,0.0001841020294211015,128417.7082041765
622.116086295563,0.0001797335416016381,195337.3731675587
640.7662923707838,0.0001784628428771107,202147.2261023188
508.2625580351305,0.0001818356469460567,158356.3320741849
5620.070868803296,0.0001571243339132754,1930098.584769103
5036.661062901126,0.0001634885806674609,1684552.087051695
4702.243563120238,0.0001608038801103571,1590159.804790802
1250.104132602406,0.0001729707099884545,402684.0972424076
1830.624198558336,0.0001687134618959111,599560.0782086793
1314.162873427275,0.0001742673118092315,421216.3680373032
944.7235113316392,0.0001786954760308823,297780.1094893483
718.3868955178127,0.0001824816201208789,223294.9919375577
564.7618131335635,0.0001813440709988343,176277.3107994679
1032.07253553652,0.0001782374269573289,325869.9283868601
859.8290230534086,0.0001795139445452927,270196.6584429514
794.8041623178938,0.0001820245546681652,247461.029102297
952.0184378309254,0.0001757035425212484,303476.4633814533
1008.02241761016,0.0001770022264145504,319755.2652194286
613.9359889941891,0.0001796489396572537,192829.4312823557
1711.984671316641,0.0001704658608621537,556854.3215781772
3639.550073781325,0.0001642505726007475,1213509.286189814
2381.939656648889,0.0001662103776741124,787937.9123293047
470.011522497928,0.0001822344755674532,146224.9486110266
597.7258231384062,0.0001788603632151836,188289.432520486
461.4993085517482,0.0001813273318405485,144055.1781663474
4113.352651035641,0.0001669173361493797,1356838.988568376
4116.667279549951,0.000164427502004532,1371606.269364193
2043.82771135296,0.0001706422911352066,664334.0322664896
1255.738995038324,0.0001724320951926725,405341.1020787059
1062.630726487766,0.0001751514180632579,339448.0079699373
952.7158143657917,0.0001769780033927715,302239.0067955729
34983075.90198072,2.394306117671375e-06,195466142464.9319
37123414.32465354,3.944941619277106e-06,148691973429.4158
37641745.35841201,3.271867612333856e-06,170793997674.7527
26829797.85410228,5.920074320581324e-07,380539106930.9889
30429999.96892228,1.344912658056165e-06,249750230574.7091
26476724.13527724,8.515223939031429e-07,294713616144.5125
33540672.00104482,5.775819587261014e-06,104190793802.3383
37035469.23019399,4.127482899470824e-06,143933205097.052
39096594.0497563,4.973871403099446e-06,134176324127.0645
29115000.51241373,9.07113755331905e-06,66938447213.3801
29556568.78580752,7.962403427350595e-06,74123837766.14211
26712303.11924155,1.095743650911869e-05,54146704015.01308
32347412.86830632,4.429584704615056e-06,119930840631.0462
35335478.85945804,3.989739824378042e-06,140469250119.8384
31923842.79344228,5.642002412519929e-06,100730189693.6541
19299736.03160856,6.880717771413416e-07,247625599131.2359
17710642.57066384,2.185954928966327e-07,488060337870.2569
21452512.40936999,2.058258959719152e-07,615382042326.0959
21036507.21899116,1.940257124256339e-06,135228254577.3051
20331265.29706986,2.642474673481684e-06,106371149307.7043
19751309.9962058,1.497345230608089e-06,150908815243.51
18801446.9500343,3.771231183767121e-06,77601330855.02724
14967741.4660757,5.255096411770235e-06,49518690070.11176
18465934.29552916,3.86869437360525e-06,74931024639.12222
12803787.85627431,7.115594519457734e-06,34609687276.89158
9142169.80695064,9.092639510948576e-06,20985660117.37742
11989126.00234503,6.982249270928817e-06,32818895292.24
7139631.135128306,4.053208756190325e-08,605075813441.1351
10282836.85783685,2.397528224017232e-08,1236717368103.74
8356305.528973061,3.552360372269641e-08,773279148240.8788
5199414.661347213,7.638991451742294e-08,288799944282.7458
7315121.916843947,4.379849396009104e-08,588729028978.7799
5900608.69069858,7.473549195063092e-08,332566793272.0863
10405749.83389991,1.736250818580428e-08,1551904783414.113
11070399.04682563,1.77527299769526e-08,1626746362362.003
8641336.980651397,2.571858119230767e-08,991782110801.6285
36189089.15977881,7.179277079182892e-07,451360804151.3835
29147454.37849037,8.037158343592824e-07,337182956853.0034
35364115.04631931,9.805362491831521e-07,358305679593.9122
15350685.88674863,9.78550020485547e-08,722890356910.0938
18850741.70343782,2.23222173693026e-07,512275462494.6627
27481455.67324764,1.155481689829021e-07,1158415486063.294
31088889.38386992,4.184182784150053e-08,2579475707085.581
23991744.46944161,1.679838928209243e-08,3657772858420.88
32320402.52999254,6.323042784743377e-08,2036382458520.575
9827752.558151463,1.067035992391027e-08,2027689726217.169
9539172.795847589,2.049319402741747e-08,1273808906622.819
10535783.15036877,2.658356018525748e-08,1182836528270.506
14485778.4124242,3.727476218546407e-08,1298171040442.993
14644776.99463027,1.737514004691671e-08,2183051026200.541
10038295.20889334,3.894744267901007e-08,873656405651.3955
7012573.807734286,3.947863189709684e-08,604833794835.0574
7813132.490205475,3.130421374463338e-08,786604914356.6232
10130240.82342185,2.293203774376507e-08,1255041262636.376
12241018.90715287,1.360066754007332e-08,2148378276293.866
16251414.46701921,1.016910819850021e-08,3462336342138.391
12961031.21099816,1.416093583407901e-08,2214343133523.872
16563667.13213134,6.976339504445244e-08,977397947289.9714
16718324.39984222,1.157971310717036e-07,703710797660.1193
18005280.7138724,3.246441580152542e-08,1769272939952.738
4570037.853598471,7.489807487762498e-08,257201024379.2247
4799601.672560305,7.943968992571709e-08,259724849003.0315
6496812.06367337,5.821073434162568e-08,432545287888.1973
9018986.84495252,3.824509428219048e-08,794524443648.317
13407940.08029967,1.613303323187261e-08,2099993940139.813
9893304.770199079,3.338187286766665e-08,954261909542.0858
7406578.485595108,3.472395324001527e-08,695875459075.1864
12458655.60634262,4.115352469694555e-08,1045201014447.587
8363607.620487326,4.341212129659292e-08,677100255682.9299
19651354.03093716,1.350409381630806e-08,3465363915631.614
25142811.97864367,5.234560794627807e-09,8339890507813.366
18459332.77111561,2.825716767545177e-08,1989742668814.79
8993303.050621124,2.637358158440097e-08,1015016620421.68
7299307.445208537,4.225125178197727e-08,601711903145.8507
8717339.601148903,3.624273154784317e-08,795982189526.7919
7890287.622949195,3.472134208975738e-08,741358888608.6017
7276463.062335107,3.87577322021989e-08,635352520754.3782
6418288.983194353,6.527054353926957e-08,395920310225.5125
15590845.52857198,1.071457486435676e-08,3207891761572.461
10320380.1124855,1.965707594851217e-08,1416934417327.379
10891637.28510686,1.672135564927439e-08,1665631199912.328
12092559.43812067,3.09822356363812e-08,1225866176302.779
16118215.18048117,2.430573995440444e-09,8916157222221.281
11333142.43018325,4.969298817817072e-09,3891827700845.931
29021314.17362308,3.44595199608714e-08,2740591202374.214
24311926.93426352,3.362063186043935e-08,2333899410855.051
22179758.53857948,9.458193927154525e-09,4959272864302.831
9820391.406935688,1.880142327431463e-08,1388891477835.066
8108660.779969306,2.729742240876109e-08,894406003368.8625
8755945.036784638,2.346037374247396e-08,1068430824583.645
6166728.050028501,5.222781224249718e-08,441353837652.375
7222736.132965483,4.764506345404612e-08,549570158575.3839
6082653.632336042,7.067796867840283e-08,355825482941.3801
6818941.237434586,4.286107783269401e-08,556768798358.8707
6072471.933814522,5.111032271953819e-08,440919968225.8437
5989044.726670474,6.940782529637571e-08,354610778233.5299
88152284.86085188,1.493642049182547e-08,14534582204346.43
22924229.20520386,1.722668151343415e-08,3436848003701.936
34046029.04165965,6.755924299002378e-09,9526717392973.83
11438025.11051975,3.098726015009096e-08,1159388335933.007
9265680.585724676,3.392339471196326e-08,884187670004.2629
11221122.34276241,2.300770148776413e-08,1387141637766.51
7919440.127637323,3.387519522663388e-08,756437891306.7043
10346266.36334269,3.251413718398558e-08,1015629949726.544
7575342.520281695,3.085720643622865e-08,770012668400.7006
17744352.65698565,1.315821238183533e-08,3183676259474.684
9382647.904498469,2.871019721006423e-08,1000694014390.288
9007770.785751907,2.581841019539062e-08,1031171723700.64
9771604.456764972,3.546113652368809e-08,905310266046.7589
8808114.410500191,4.168177079684051e-08,732687596829.4177
10872971.31633289,3.614557201387863e-08,994591723712.6299
7342445.042354618,3.159139894689499e-08,734730608242.7338
8796812.044883355,3.304731790911258e-08,854216259973.8069
7592770.655660904,3.414092993501564e-08,721467409565.8331
7609766.259818066,3.01750695421051e-08,785125586487.3246
8708646.615430273,2.847534793076618e-08,933909174147.5302
9089186.998354388,3.163167130840007e-08,908748302174.5206
8398799.04816208,3.484332504462916e-08,787294943425.9556
9662846.327813471,3.375381538376712e-08,925173445416.4668
10758230.98658997,3.44287689985994e-08,1016544827319.128
38547658.84536886,9.528265753906033e-09,8576737119965.974
23513995.79821511,5.300462928364708e-10,35901883666494.59
9237481.187943807,1.677345988313802e-08,1409738187022.222
264.1781665659981,0.0002032364908811332,76423.88830215789
316.8674377149786,0.0002036697176563154,91536.28960775293
402.8768254091199,0.0002038906253335768,116298.5002892521
227.6415759597848,0.0002034299386731179,65812.49236003973
242.590431253432,0.0002031811638391508,70191.5291986615
376.1097042773127,0.0002038307128328581,108592.9064255705
245.6050141484641,0.0002035931391216023,70967.87530242023
228.369959668417,0.0002035330675579117,66000.76809853091
377.0457879870021,0.0002039288572430636,108828.2477308425
446.3258337123538,0.0002025034860267276,129428.6304379892
320.1709236474976,0.000201876578069255,93037.47868464795
279.937589834021,0.0002021860577209879,81263.16810030589
309.0058253545265,0.0002040191836047179,89163.27184648208
236.074678037271,0.0002046194599963001,67985.78501317425
394.0059295912578,0.0002042288509343538,113612.1282078572
227.5469792123483,0.0002023897952375751,66010.34467174242
274.0345140126875,0.0002032951217541504,79259.98022811141
225.203317938606,0.0002028609505737252,65229.26434730479
514.0703392448404,0.0001872038383460223,157089.0984854216
701.3017607066305,0.0001844035017921712,216467.2267547197
526.5442321364047,0.0001830223327438998,163342.3510129814
283.3806073243753,0.0001881211044257173,86313.44422004212
303.222800776559,0.0001896120680638744,91872.28925936326
308.6068814605938,0.000186113032770062,94671.89752432972
241.6613564436762,0.0001889291785089028,73396.35930455558
262.6716509176506,0.0001911211596210015,79166.36222691454
361.7896606305751,0.0001886748965531027,109979.9212130604
211.1230108789774,0.0001997965506921868,61774.64334279138
208.2111822535005,0.0001997261263124074,60936.96182592145
211.3549588355375,0.0002006016248100836,61676.93887598512
225.3695461505493,0.0002006713476541789,65751.39710163641
408.3492878494822,0.0002004500593419662,119223.2646395186
249.0257820513051,0.0001999406303281298,72829.99408837805
188.2652487018075,0.0001979794296774597,55423.0110229951
202.357915409353,0.0001990753371164414,59352.89272270945
205.2286664861157,0.0001991370517990383,60182.46535023514
589.7968300115,0.0001805885679174621,184604.4920496185
717.8377138854448,0.0001835603862131381,222249.2460947665
523.7640848613214,0.0001854733245816287,161045.3083307448
452.023452575914,0.0001871954577449127,138132.9956975242
633.4002416843459,0.0001852785465643613,194892.3540163515
316.3252532679412,0.0001874687693403795,96571.26318262736
459.7536592662927,0.0001756725172841702,146573.6754303573
698.6235144367915,0.0001811277670896813,218232.7089435126
572.3925439356717,0.000178136830594686,180797.1112978806
328.9904196598085,0.0001795425876745193,103372.4789624428
475.7980290057554,0.0001811118851702323,148636.2265296235
642.5386492482834,0.0001824836664576829,199717.71588672
225.7936277525646,0.0001915422112262313,67951.9645056506
231.3004064034594,0.0001918340680808932,69538.59388827224
211.6116131319495,0.0001896507670927498,64106.65187924768
272.8456613723484,0.0001892626403940253,82770.15894920802
235.7391804429596,0.0001908994512217665,71104.21008048028
221.2431830096353,0.0001890098056959392,67175.92792925838
267.072771808318,0.0001923186699003679,80158.32790757394
237.4548971710969,0.0001937655846915934,70913.68195972311
237.953132111086,0.0001924624681496977,71382.87876086567
352.7263292283981,0.0002050136951613343,101449.3564663038
261.168367382191,0.0002047647255690995,75176.79589859927
410.032885764596,0.000204453532979018,118146.8852502331
275.6515765774658,0.0002031796859062821,79757.88415487553
224.4205045991296,0.0002038663908243868,64788.62726580505
236.4676694661433,0.0002039550301126528,68246.77872673956
220.8138772043015,0.0002018976181310276,64161.16384314215
283.1384181970171,0.0002025125344558518,82103.97724375813
276.1634196568779,0.0002026192564409124,80053.25716637925
246.1875057979207,0.0002027896666103501,71323.96215479833
212.9801987862415,0.0002026134670011447,61739.10878151036
213.158937665992,0.000203050585883396,61702.20947936787
242.6615876930214,0.0002016742555031975,70561.4331777105
241.0132092867114,0.0002012310294939329,70184.98526118023
335.4296489918619,0.000201008731182824,97751.81568619702
204.4795061642106,0.0002035398812239199,59094.91465665319
183.732275530074,0.0002037492489992661,53062.54909248949
199.2051907497144,0.0002034270056588451,57591.92297814469
181.8047497460187,0.0002012583062328142,52938.22184817471
203.3395068847966,0.0002013434482713027,59192.05682212199
198.3708525433847,0.0002019723836209504,57625.74226933998
237.8371974181035,0.0001994676797271504,69667.6917234206
333.0150445134546,0.0002002514600291154,97292.65609054317
235.6235418402555,0.000199594523853533,68990.01914779637
227.3465388703347,0.000197607163369819,67012.09943502369
390.2185756855363,0.0001976532044721719,115001.9928431826
242.8078526026659,0.0001987015739934554,71306.40198904539
296.1636659184481,0.0002002049620403548,86539.66686096411
290.519502180067,0.0002005879010682298,84782.35360437402
358.9170625388127,0.000200590011869277,104742.089971376
266.9028210352312,0.0001993791371526814,78204.79032492572
266.5335808731265,0.00019971551169327,78008.88476406949
232.0999810585168,0.0001993151137709696,68021.82563645465
313.1264868545435,0.0001997051318234703,91648.84342739399
427.1540905380707,0.0002005923921039443,124654.5871449441
312.7265386141481,0.0002000332654829704,91431.65649875539
180.9849338617597,0.0001986351717396471,53162.45032874886
243.9519962864978,0.0001991100025734848,71544.40194892848
210.7325428502935,0.0001990436903791684,61815.77677350799
243.706021741404,0.0001960791205845513,72206.89886523975
470.2989942941795,0.0001970984965115406,138862.5626566089
341.0532059240711,0.0001960841294998905,101047.8722974467
280.8932529208157,0.0001938766249678655,83854.10738529736
275.9906907469954,0.0001931871606187717,82586.47450458835
312.6778985055024,0.0001948646968756877,93026.86958659218
315.0742995380036,0.0001965101517480079,93215.82595677127
462.5534020482281,0.0001972019457335254,136527.7969502163
238.1393131045165,0.0001961878869736022,70531.47564375287
364.6719895941784,0.0001992414209507837,106901.2178659655
335.4347941823845,0.0001990933879510209,98379.25996661962
499.6516366100482,0.000198333084659794,146916.4875008019
351.2310382575946,0.0001997911647829859,102772.1325323775
438.1476710584053,0.0002005344124749792,127887.4420675922
322.5490695583304,0.0001996443634195095,94425.89095367663
245.8591769161111,0.0002012718440783906,71586.49067999556
246.6492698456814,0.0002016089177739415,71736.47106283864
250.5638080480213,0.0002019287179355117,72798.02808453461
312.8556978761034,0.0002013663967928535,91065.26093050555
372.122465873913,0.000201145467741283,108395.7835914201
282.2027458890367,0.0002014669954917438,82115.52906426083
230.4319696411748,0.0002019900899310729,66935.42475578496
302.9955062558047,0.0002017212071105968,88091.73194680938
208.6437880037949,0.0002021075290852096,60582.9565586993
307.5146096595993,0.0002008890030244323,89652.34309045495
387.5233604109867,0.0002010092818610593,112932.8997290525
358.2013872960081,0.0002012883821897755,104291.3103145907
249.9442889807946,0.0001995582842548995,73191.95996582377
285.6321318156643,0.0001999477830011093,83533.88226480097
347.3137281715715,0.000200332392708314,101442.7851595984
336.424902984981,0.0002003121685170044,98269.01000227885
454.7777995996857,0.0002008663452091955,132595.2004883244
413.1720569276615,0.0002008139495744789,120485.5664187657
382.6196419571374,0.0002032301412381726,110690.0325065992
359.8772712905378,0.000203068683920449,104165.9508943332
373.2659077851808,0.0002037357441822208,107805.3148186519
346.7745471023775,0.0002037557299114148,100147.62615699
373.9196354989746,0.0002034576320141991,108092.5132371865
344.1143316529748,0.0002041858804151722,99239.74106284503
357.0567980167873,0.0002023135752817381,103606.5683751962
379.3966337032253,0.000202133085393092,110154.4051878673
383.2734886228544,0.0002027576028047959,111051.3939872517
425.3823232804705,0.0002011843291222356,123893.923391596
467.5837306238068,0.0002012459200732852,136157.4268302976
381.59854890601,0.0002018187414539804,110908.726567997
380.5817105462684,0.0002022287664586508,110463.6252185051
361.6666257133088,0.0002026916503406626,104813.6540489534
384.4646002066868,0.000202853478786257,111361.409232084
323.0884413171652,0.0002000342711359917,94460.84271582968
221.8211014094137,0.0002006096899764421,64729.40071376
406.6465591028573,0.0002007743194727374,118598.2625694088
230.5287832308728,0.0002009266229438592,67199.62270707515
425.9970665264382,0.000200905924238352,124187.5653540697
359.0273473318372,0.0002014861784485067,104463.3680014262
415.8918442362799,0.000201149059727206,121143.9507002548
228.6629945139248,0.0002009869507194598,66642.4025696067
356.6979749415119,0.0002015438520801621,103765.8083912944
371.0463400567373,0.000199613663651756,108634.5513338661
394.4420698458366,0.0001991265234036661,115672.59754159
468.2066742930222,0.0002001708282755616,136826.560347613
312.601299385584,0.0001888889597766414,94955.41342036775
329.9130032578464,0.0001880911550400669,100497.1743487951
421.678326557571,0.0001848619793949622,129942.0000551249
453.0961667765635,0.0001875268801764893,138297.6187593819
340.8148544037307,0.0001887499781482274,103576.343479607
454.348184446534,0.0001847305092898289,140075.7786419137
501.6687378777005,0.0001858325218040865,154052.6681684149
495.9641912524152,0.0001867912255940746,151779.344779808
497.2740582021842,0.0001839751229622586,153729.2124468847
346.3666251950784,0.0001909884858127757,104439.4511973613
316.3077275745221,0.0001903017326159423,95605.15439650825
424.7690661049518,0.0001890926716981311,128934.6808526767
471.8380512631506,0.0001874290449329891,144068.2785019242
383.9689391653873,0.0001902782490415241,116065.5489167335
466.3062006344683,0.0001883682591224819,141905.5477514258
415.4872962518224,0.0001807359278416288,129975.477284546
480.7615706074629,0.0001843207350254364,148438.634154717
476.4596436988304,0.0001824604453271871,148108.608362315
401.7168508481905,0.0001882777851817149,122288.9817882443
260.569035101382,0.0001906503679472326,78661.88926954137
429.3593782064906,0.0001874900604209441,131069.6442457327
233.4361008782393,0.0001930238781062433,69891.97762939957
350.2678112756025,0.0001949652903205141,104174.6447363252
314.3793406692791,0.0001927036473639708,94231.05257549458
369.6232134842959,0.0001959013466270193,109580.7556376386
418.207881594187,0.0001953740128993276,124207.4604033527
319.5519214903478,0.0001925553979502228,95830.62077971264
388.3809062699539,0.0001957234498988653,115211.5349385983
370.422812542335,0.0001961438216786288,109727.2857148949
350.5389161681985,0.0001934896429193922,104784.6717952233
190.4176970650159,0.0001998623725334707,55704.03000227586
190.6317867518004,0.0002009315899850899,55568.6489540999
206.8243458360312,0.0002004493469157326,60385.39279301491
331.5455095900755,0.0001973469034137029,97811.42949960167
216.5830881833134,0.0001975449207427602,63852.90055553355
234.7510573572953,0.0001987081735775406,68938.80262707933
255.6272158549226,0.0001932936763441235,76464.87668896763
255.1107994613032,0.0001945942182454891,75970.01674351525
345.6932559557957,0.0001956601006160383,102570.5597117717
438.6281772103768,0.0001964721052110108,129786.4224391738
318.3544993497882,0.0001946976063298805,94769.9352828674
352.1372958667085,0.0001956816510538359,104474.8979284263
334.7843200607931,0.00019652448532292,99042.28791335148
245.7517924029842,0.0001954522280891392,72968.64421859513
219.202335925734,0.0001967331153629319,64802.76425333578
274.6191628572635,0.0001926028912301518,82342.1692720203
267.0882128228888,0.0001935912749779371,79811.26640875502
244.5735555932977,0.0001940420579111816,72970.20775643132
224.1036910992758,0.0002010711910911242,65295.37833160006
207.2347792114874,0.0002015357136917912,60287.59569670459
260.9520167669648,0.0002022717567884144,75730.44230674453
408.0126259947579,0.0001975151915821868,120302.1160330538
279.7127174727222,0.0001996927559876917,81872.36554619239
365.6869406411701,0.0001993972391088926,107142.890196278
406.0198504676663,0.0001970466918816413,119904.2291821754
358.170392088829,0.0001975623940801426,105589.3611126668
278.0631608410266,0.0001992289921878017,81515.79401239486
801.6422572674462,0.0001619781150237889,269779.9739945894
473.5792725462843,0.0001583783061730451,161781.5120454459
870.5209748566386,0.0001564027354613936,299881.5015167762
2302.146708541579,0.0001667578969362618,759874.8257392941
1235.384898354551,0.000164921895763401,410787.0485642855
1403.218094677462,0.0001627442840029014,470747.4906867907
341.6431320651503,0.0001674897675120764,112438.18888142
361.2518394506549,0.0001611521267668791,121988.635315037
653.2132684540062,0.0001647468516831986,217358.643549787
257.5815745106974,0.0001759299174193584,82039.24614643217
281.2332101257183,0.0001721723549841401,90870.79430390484
397.8990521107461,0.0001733717180671569,127973.7027664547
323.9300540485067,0.0001708106067394749,105222.3555614317
276.8589308801121,0.0001653872831206007,91887.64664685722
272.1868176138326,0.0001695464827547693,88853.50513188317
27959151.18903644,1.68425051336144e-05,42551955546.38947
34111831.20197485,8.218226632541691e-06,83763141743.72273
30255156.41666162,1.028414337432974e-05,63976526062.02684
27047831.50370305,1.987645104387163e-05,36861518627.46531
26552534.95434571,2.238486505498027e-05,33429996835.09925
33104431.70817586,1.123299815282333e-05,66001784622.85152
24926129.04607274,1.354463764860955e-05,43867536390.02993
22405516.17104402,1.834220376299764e-05,32214689098.98176
27248865.36618068,1.165387589259084e-05,53011264519.98494
16361792.91539023,3.897361484126272e-05,14233676762.80066
13702724.93449892,4.277943532941881e-05,11202550440.40892
20352492.46813958,3.251280604644453e-05,19979347494.88887
17491834.77038546,3.37797184185429e-05,16739070928.35519
17448013.89664314,3.609753168136768e-05,15974514246.09379
22008503.37257989,2.712963396826891e-05,24375931512.95417
14487126.42141397,4.008298872128922e-05,12369216344.82201
10155751.3574805,5.23431344513013e-05,7257809680.671453
14447248.95473019,4.240035422198639e-05,11881524468.99738
6135882.713946586,6.569098884205609e-05,3768829726.238279
4928366.702414175,7.313710426573296e-05,2818022830.063724
3379968.884999571,7.608282927453562e-05,1882441980.365532
7633454.889109635,6.742419266648213e-05,4607980580.090519
6319228.050746695,7.0051670445387e-05,3718647662.143093
9130941.029408492,5.89222272835955e-05,6030168318.423797
6047428.196031836,7.437926572676064e-05,3419291521.213296
3264776.761898447,8.674247492254007e-05,1666091892.637677
4884491.785587851,7.700674735005879e-05,2698569020.430426
88904.83971323376,8.55657655220076e-05,45785227.50624046
40693.05647486461,8.584503483889725e-05,20911098.94602174
145899.3974538355,7.914886007681974e-05,79145043.48319268
11314231.66215976,3.540657541631824e-05,10493067132.62137
17224558.16420582,2.796901917421181e-05,18693757271.26856
19934598.50095322,2.883683949071353e-05,21198691415.21077
29945159.72829492,1.666771358396795e-05,45892594898.70335
24919627.3952997,2.415531150148417e-05,29821749377.60102
21877943.31056768,2.328486087513801e-05,26830209330.0493
25554971.21992721,1.040020547059346e-05,53634896867.3075
26481643.07019402,8.168321703834015e-06,65291458754.39091
32555595.44630856,5.382949190010577e-06,105993391689.0882
35012497.01427469,2.229700788172106e-06,205143940418.3105
37764849.76620172,1.073152616649978e-06,360285487451.6932
36922003.89663637,1.337497258876434e-06,304151523860.4628
21253986.0235105,1.238432054661958e-05,39706255639.14919
15411900.10772652,1.330785167304057e-05,27444219512.18697
22099813.1058742,1.014692910628043e-05,47151862300.76076
35619183.80960534,4.814699899328874e-06,124921679721.2531
27675277.95126126,9.558716592399952e-06,61445809171.1437
34943330.27693408,4.547155262368044e-06,127312516943.8456
8648906.482561618,2.118798230069505e-05,11295396148.21353
12150550.09658695,1.606549276871797e-05,19083875429.98074
17390310.96133551,1.513479918017696e-05,28422104984.58776
26204947.18715183,6.947002942215852e-07,334080889698.2361
22955459.58778914,1.408558636071903e-06,182684922381.345
23593656.29376869,7.663850667496152e-07,281728354868.6404
34059474.97008236,1.366081549805096e-07,1284064576060.229
30271134.62663392,3.157545061662087e-07,652823322506.0909
32794946.17786746,1.15871267162205e-07,1379822062857.558
29485917.41695837,1.16717027760983e-06,265985828538.3671
22974296.64938297,2.828188161146925e-06,114877953753.8215
27394992.31798413,1.03717861279364e-06,267363518435.8994
267.312638403376,0.0001964523630181278,79100.88109552703
223.5814140545103,0.0001975721304253086,65910.09080301605
216.7616485495299,0.0001974444475146046,63927.22145287639
363.8732058734568,0.0001954006718856263,108060.2684150695
546.926215822162,0.0001943767137882169,162991.860553002
396.7197474893387,0.000195380635877257,117822.836282921
270.55608792841,0.0001972407728825313,79847.16731747033
279.6816724440125,0.0001963691932035288,82784.38702886061
227.9138236208613,0.0001973614776652727,67235.05148523283
347.7094798014748,0.0001931891618860351,104046.6317726929
450.185246480973,0.0001919997690580887,135266.666446194
555.1067891976847,0.0001932581444586072,166067.5079963148
295.1573857392896,0.0001968036441569287,87236.49962732662
324.8299157773002,0.0001956124413953947,96395.85740056273
304.6854675104565,0.0001959315425636661,90319.6338913436
272.3707006571005,0.0001876480771054823,83099.35299432208
269.95381339225,0.0001854096979367029,83023.52509808994
302.1351262735918,0.0001858694591323477,92767.50206199313
555.113500305724,0.0001931694472487638,166120.3476838681
450.1912901647809,0.0001919114055863787,135310.0011114084
347.7307259170322,0.0001928340023166795,104180.7125976087
388.7621934435651,0.0001949273238098049,115638.4362682751
537.5758581408789,0.0001939234835814072,160454.839633014
333.8796815917131,0.0001935878608202373,99771.05780592418
345.7278697929428,0.0001950430735711865,102797.0619391165
323.6766971252232,0.0001939503679717703,96601.60939358157
524.6276525329749,0.0001940189979148536,156538.6821271621
344.5550412088445,0.0001886758536977043,104740.4396871354
279.7360304710837,0.0001861108709435495,85815.79829581254
282.1962212845901,0.0001883492585830458,85883.27242883758
301.5922541922537,0.000191687962720732,90717.33612759488
350.1418307526189,0.0001906429611443542,105705.3125830389
285.8470803300485,0.0001926040163569456,85708.42895673968
303.0073101385311,0.0001908102141586506,91422.27552454633
291.3776192622108,0.0001890913435111967,88445.36777200582
351.6664063619833,0.0001897640815190302,106493.1176882124
272.799607659477,0.0001940988207368117,81375.77609013805
309.9449289721186,0.0001956010119114328,91982.20234618004
333.0559963946776,0.0001953648808913819,98920.49006082804
243.6861749770805,0.0001907408639638494,73541.93638358367
245.1346419337378,0.0001925493109553718,73515.12668967848
254.2517349618996,0.0001924757240852532,76268.74797318906
405.0123752186187,0.000189889640674114,122593.5002055016
313.0379453305704,0.0001875351529646978,95545.12354329185
338.3417643654336,0.0001887767240171847,102815.0393941095
1786613.492690608,0.0001098283332512347,779030296.3223003
4509441.765569609,9.70992241771258e-05,2134579214.993034
3063075.651780144,0.0001052209496676044,1374325416.558804
688673.6430229929,0.0001209064801110077,281652586.1518041
1054523.703724136,0.0001145520561896343,447082585.2576411
518378.1197904078,0.0001238341879608518,208650592.214172
1772943.676237267,0.0001065442991177065,788874881.1060138
3499207.019230748,9.502748547939621e-05,1680364424.927718
1445592.653618901,0.0001096783057016954,630907142.2504447
19564154.20489009,4.351340260694406e-05,15814144904.88445
28892116.12858035,3.083535485809142e-05,29381911839.97372
23224826.05696777,4.330554436593288e-05,18833171817.44552
7897350.573060194,6.919847444619163e-05,4685440249.012698
11678022.39267818,5.840920403732588e-05,7757380813.337502
5546019.06127239,7.9445154295483e-05,3001025939.736425
3021162.517782022,8.92821184903362e-05,1512392204.552297
5714164.020345384,7.691901400785735e-05,3159343859.271715
3745029.966324312,8.716557456308007e-05,1904986777.715954
915898.2174752863,0.0001085238744675781,402559753.5642629
1903841.560039596,9.718326675415286e-05,900678523.863766
2486476.351830583,9.506628793283652e-05,1193713143.169579
551527.3138541273,0.000107629118265182,243751428.9691852
330646.9887676925,0.0001052078991932855,148365300.1361859
1109076.82561375,9.795728778540714e-05,521919827.7800668
22794168.85583288,3.228713536896369e-05,22480402602.74153
29551896.92852512,2.09583835443243e-05,38875874741.80737
31011155.52510269,2.412697941222851e-05,37140634026.59392
10348100.3602938,6.068194703784539e-05,6701226449.633778
15852294.77085582,4.539163614272053e-05,12457806508.89331
14622486.40737999,4.989963863019697e-05,10788381426.351
20073103.49715142,3.020999592662717e-05,20694141421.81549
26667407.8430713,2.247293206012347e-05,33486851048.35578
20269875.33411184,3.381178720829737e-05,19385291066.75554
11238225.88907574,5.174404363472145e-05,8093272827.623215
14716537.74886714,4.134535840969674e-05,12308009082.85585
9569571.464180022,6.02448726668119e-05,6227003304.219178
22451642.87964571,1.990412210161753e-05,30569343181.665
25121017.21211145,1.976982940289293e-05,34358585269.88927
27299731.45976228,1.319780820842296e-05,48882922930.95141
19460416.44193874,2.684481323388289e-05,21705937015.68325
20532538.75774813,2.214526163349848e-05,26036869971.83993
22948366.61374557,1.73284816340647e-05,34269789682.11444
18168740.75750437,3.083192564239091e-05,18478117663.1615
22767008.36385294,2.41837236455516e-05,27224329106.16522
20229377.10979748,2.431373950759488e-05,24103568137.007
12684143.16094975,4.605151192121868e-05,9872607537.889343
15444970.62138302,3.747571052463714e-05,13791785776.71877
16364841.52181185,3.56576883752259e-05,15105775075.844
10999648.58986044,5.074682997637344e-05,8024898202.896527
9398599.216475891,5.443031107151672e-05,6543888931.84381
13579964.40210091,4.216911954463948e-05,11209053513.95122
10641059.27292653,5.797768532841867e-05,7103585527.710238
16038465.03372745,3.908363992577722e-05,13926205494.14363
16214404.31500875,4.268763006063698e-05,13274952283.50858
18745246.84437605,6.040316186690629e-05,12176375947.27881
12596891.86661674,7.129764934828051e-05,7326219509.584787
9498359.343649674,8.042770509796319e-05,5097745437.717966
262.7922144474181,0.0001721878056266096,84907.14414752563
239.9464827674643,0.0001759540558921667,76415.51308464183
313.6738128502669,0.0001734524685598762,100853.5693160106
1053.58015794994,0.0001568794791467799,362206.987135722
1127.556286761972,0.0001602752054468887,382144.2558323037
977.6624799952597,0.0001624519434343483,328376.7051786868
367.2486336093714,0.000177373324242564,116332.5688679137
349.2291327559324,0.0001821637054974774,108676.5636321906
427.9018398077872,0.0001806197662853012,133916.4628683913
306.9956750602461,0.0001862722253783133,94123.95954077746
333.2300573951651,0.0001842635650747233,102908.4858550397
406.5390004347539,0.0001822179108747687,126485.7226236862
362.6709346584593,0.0001888251172875632,110189.3385648654
301.4021441251335,0.0001881508474400451,91792.85652649698
344.9083170379129,0.0001870517445301458,105453.8625499816
290.3356199104439,0.000191082022070695,87515.92787454958
298.6433506727757,0.0001908538998450804,90091.84697817941
278.9541060097134,0.0001893633654102976,84593.1991398645
300.8524632958512,0.0001931835896229093,90027.13247673561
387.632959903133,0.0001938606632565175,115725.1008463604
339.1060416422628,0.0001948571519310902,100892.2855510594
230.2775916135431,0.0001885211451363319,70039.81107144216
281.9578276754609,0.0001907269658246573,85096.05416561096
259.7819736938793,0.0001912885445108688,78249.7640921664
395.6139921940593,0.000194422496328337,117880.137409815
349.3038839891638,0.0001950959301696309,103841.5769626049
326.8326309957482,0.0001957399572944831,96948.05127347086
9816.745746648794,0.0001099231881683697,4278005.437708255
10586.41333905706,0.0001110260700978561,4582813.687909587
10845.03241368566,0.0001069053359185418,4814648.64434456
14456.36095524792,8.157299988536912e-05,7685899.371126266
12519.47889477067,8.047565904943776e-05,6716503.174840798
11556.60558906064,8.525184737497123e-05,5966153.540076991
5747902.520939897,4.222953664934761e-08,473985638984.3708
7130547.721859432,4.045418872883313e-08,605081525714.5667
6081567.562723901,4.522654567978663e-08,479093108271.5119
11182091.28782331,3.435026456194643e-08,1058204593843.547
11319649.04748829,3.342869301915979e-08,1090820683602.866
8773783.640173551,3.475320259194236e-08,823866857732.7322
5315372.446491156,7.832043141485309e-08,290369047600.9708
6742352.333875565,7.043219476448924e-08,395333814060.746
7094734.610264522,5.708554090155842e-08,478540546229.017
10409607.44390021,4.145641100416676e-08,869040236310.7217
8007937.263262708,6.034968281189126e-08,520479945957.5228
8461353.793159658,4.35019276796675e-08,684070485692.5785
11326017.24375135,3.487721183939646e-08,1061001616808.355
9289469.903384233,3.688750293551333e-08,838310219759.0492
11464454.73647166,3.395453535913577e-08,1093339091043.361
152464.6341231708,0.0001573079011295271,52320123.22856992
2439424.774766931,0.0001016166357732022,1120239516.747785
152464.6341231708,0.0001629018927743663,51115391.98682001
52188075.28530635,1.249498373978843e-05,96920166159.27214
103012700.7817554,1.240736622656931e-05,192207813948.214
16702788.16504481,5.011079458254385e-05,12288572810.17945
2999526.685161662,8.524028492543511e-05,1548660191.221955
1146314.2804574,9.144786913578788e-05,564747923.282926
314177.7025768712,0.0001465847764259715,113009801.8992434
18150848.47901661,3.356949646630505e-05,17442164578.59077
6785946.746773337,6.042753670848113e-05,4406771376.972602
3014213.504432013,8.066920568232058e-05,1614490488.652319
28894040.75287893,1.640182049024025e-05,44758986569.08196
38389114.1743373,1.192405810949643e-05,73551584839.86209
13837815.63424999,4.331481325369606e-05,11219579385.99655
8688963.967768947,5.433125598939318e-05,6057147735.518367
29416286.89233918,2.296005664809415e-05,36414348896.30415
5227859.872969614,6.05692334886158e-05,3389658033.574291
11201730.64076519,3.693671985792554e-05,10099803127.10102
19765668.29247217,2.769162300090417e-05,21594636390.66105
3692652.11193134,7.481147361966563e-05,2079822416.048071
590743.7647836225,0.0001057236810572681,264211041.183304
5893161.081914227,5.644966977326807e-05,4004737381.879041
1004629.721076566,9.429702669081863e-05,484924384.06747
10748062.6811166,2.906296087102033e-05,11370257121.299
11873904.58093273,1.178073377059216e-05,22933939378.39068
11684478.47177225,2.472204645355651e-05,13768492340.493
42254977.25199506,1.448982590331657e-06,329991252246.3659
47486022.88732829,1.456984198447868e-06,369484226658.3985
36850157.83681062,5.947451461361855e-06,112258374188.9009
18078222.28473608,1.251695957020075e-08,3353434456639.056
10271237.32593356,2.272677766675296e-08,1280159809807.74
9343731.956342021,2.429083622009904e-08,1114017622168.738
37403552.18391834,1.44456110071763e-08,6306023305157.11
47642616.54172268,1.155162190291368e-07,2008631617915.597
42402701.46210487,5.210262219331481e-08,3039628251565.143
90427961.81034911,2.131207573728533e-08,11763924854320.23
39898998.76582468,3.171323974719308e-08,3982308710402.82
24091824.44614369,2.226459638308468e-08,3044106241050.083
104876901.5466581,1.69990985533618e-08,15863387038101.81
61381972.50636061,1.079948059999878e-07,2706692552172.822
49676362.62234814,1.251079255818391e-09,42785167830429.27
9415374.79649137,2.884691094143803e-08,1001009202572.855
17789348.14603254,1.305830646317199e-08,3208008153124.667
9136380.696889555,2.629272504960295e-08,1033277853062.198
131750083.9076928,2.381870278752169e-08,15914958004132.24
143936458.2496672,1.625333211176335e-07,4832915542383.898
82300572.94667831,9.038573250768346e-08,4086356670855.006
133375667.0268022,4.473704891764412e-08,10583558534551.15
87503750.41120951,3.983752778069511e-08,7501793081929.5
145635333.6349149,1.793545302434367e-07,4579223644351.077
2961.293085626075,0.0001695433898317765,966705.414683652
7756.282780338698,0.0001525824057323615,2716339.165918181
3303.39662152424,0.0001681843447858178,1084185.700999158
749811.7470778085,0.0001187062991934108,310434320.8236556
91144.13167782209,0.0001373483609227253,34238368.18029062
99308.0221152434,0.0001428603487589175,36339297.57208652
37115.54527954789,0.0001301829362831895,14449510.56102797
181789.3027414641,0.0001188088662024798,75220420.39368232
15327.65424447908,0.0001543861200603098,5326028.997019609
595782.1434942284,0.0001015062994152384,273794982.9782423
85682.01805151379,0.0001218324554171884,34864305.79108322
77622.41981498814,0.0001297059838950592,30293340.68955306
1767747.055784956,8.245914614044702e-05,933098662.676085
6297073.098655415,5.354398632587664e-05,4432665239.34224
723200.8214617836,0.0001027828130225001,329593454.058242
14890218.03401681,7.201301461427871e-06,39929486876.63301
24306368.62694576,1.077136705259832e-05,49835581456.5758
14678000.92420604,2.014051971622825e-05,19828344782.21946
18966846.21082488,1.796784286649922e-05,27648049321.60355
13542861.14011749,1.004134354240741e-05,29097066615.50948
12338592.14245918,2.735569682605469e-05,13590447400.59863
17568338.74195356,2.657679266682878e-07,425006577238.0771
21776698.66305543,1.391067499312725e-07,811135182269.4292
16330489.82324381,1.200076588522515e-07,671212293801.8807
40394304.31420062,3.429037153418682e-06,177639144302.2851
34735320.02249961,2.382465615028621e-06,194724326406.735
35621049.48042846,4.243248794100553e-06,135906756018.0352
38653543.02291311,2.597798243310581e-06,204543505849.3122
29317040.00030892,9.217121020420515e-07,309544619636.5196
33122485.68666273,1.557362172575263e-06,246526252114.8823
22896941.93446483,2.367936189905199e-08,2776711886730.017
31209231.47652829,2.960752513102554e-08,3260981512212.987
35789272.74879564,3.347162308828253e-08,3445892238130.025
19478383.57500348,3.560718904438379e-06,83533584991.11667
20168802.28265098,2.826071876156214e-06,100900032573.3172
16498962.97584832,5.184322461950458e-06,55080174851.76792
14172142.36904253,5.775030007492626e-06,44028376980.43947
17908449.33281582,4.281951680808237e-06,67914651171.17588
15056704.48695054,5.930821431048883e-06,45953651666.09675
19636931.9363448,2.995564264075603e-06,94497693308.07506
19407943.30881665,1.741621816441524e-06,134073704969.2038
19982872.0225916,2.910780782721631e-06,98020799618.24039
19797867.30002474,8.794361246580994e-07,215682814196.1824
17329318.97968722,3.865825091536054e-07,326552762536.4459
18901581.58794521,8.561469703408517e-07,209636031209.1681
17248229.07431444,1.005623594654372e-08,3702151682125.627
13108101.12995218,1.348717788340001e-08,2313444364332.216
16706192.08856255,1.362376987739253e-08,2928729563572.692
12937954.56028779,3.052043825556107e-08,1324763776355.932
13138437.33521193,1.835433694985057e-08,1888214147070.144
16449994.92944791,1.439839416688224e-08,2779434193642.24
11456510.42333776,1.610616088506038e-08,1796350169386.796
10304363.03583835,2.065183080665599e-08,1368932745447.952
14834487.11546641,1.619660874681107e-08,2317340267061.793
360.5474825043537,0.0002044179838306293,103900.2040460817
339.6318310622793,0.0002050709329107153,97665.00615938417
340.1066264257551,0.00020464096878196,97938.48269601111
332.7024991081689,0.0002033891430526705,96199.07263679367
360.6185023376287,0.0002037755327170958,104138.9786448994
347.4607338708386,0.0002031087269837291,100558.783254956
331.2423635339532,0.0002037966395383033,95649.16780746466
341.5111835727011,0.0002047409831038875,98310.91556595209
359.0982768521249,0.0002041833697219006,103561.8364756143
312.669392629516,0.0002037632534315781,90295.91970195534
284.9164721364597,0.0002040502445181233,82203.97374576563
322.6483991931216,0.0002047078586830002,92890.90008633405
314.456938747617,0.0002022718146877325,91257.99757519284
321.3371108454655,0.0002030131136136876,93027.52997512274
335.8438374669372,0.0002027327418642821,97316.86746504244
224.3145671616547,0.0002025791926397105,65032.07138685882
248.019170281745,0.0002023250459108221,71964.58388384673
350.5967927180691,0.0002019846503629749,101842.4943367538
518.6729817478459,0.0002049374460297889,149215.0902527885
531.9017843308468,0.0002058887321249438,152549.1273927748
333.5304252942702,0.0002051475324792662,95886.60133543145
306.6969305244369,0.0002049783230726745,88220.76219675208
269.9389012793844,0.0002043200809870626,77814.06578968457
252.2968177637814,0.0002048429052980413,72604.65869727341
467.8923113653202,0.0002069087438868297,133749.8630251079
532.7875512631811,0.0002067711422845681,152368.1229920415
380.3422804421462,0.0002075791378058839,108488.9410863215
364.0385134095378,0.0002060250187613977,104359.9888362557
436.3423085322385,0.0002066763931680153,124824.5691768719
391.830630881918,0.0002071612025311149,111916.1515921254
319.52368473106,0.0002055107736433119,91751.53239465207
514.1740404620207,0.000206252980488848,147291.1515343268
450.4595942366706,0.0002063919923918889,128981.4571348312
300.4854173617616,0.0002107031939904138,84861.22977239078
379.1321071598001,0.0002108838512556633,107010.9817555182
287.2390254253055,0.0002103365293228473,81214.51258216887
118.485004376137,0.0002169221338731652,32819.16119186601
10.82004515643105,0.0002158712127134366,3006.763381069878
8.040021051623439,0.0002148880027412768,2241.037237759128
21.87409846863251,0.0002168292995424259,6060.635772765822
126.1573668006786,0.0002171612605615042,34918.67155334659
10.12761247963686,0.0002151256522023493,2820.843173278202
0.7893959085019444,0.0002148107041113841,220.0852439091843
12.60902002686168,0.0002142103856099401,3521.986220673974
0.7893959085019444,0.0002134389520301783,221.0272148278697
76.02500768363973,0.0002136110736024587,21275.21532249349
4.754833254749298,0.0002146624132482118,1326.267985788503
4.754833254749298,0.0002132911200624346,1331.946481282829
10.82004515643105,0.0002161376314046334,3004.292046428934
118.485004376137,0.0002171884646528379,32792.32569612567
8.040021051623439,0.0002159473179564948,2233.702393323422
473.561838648498,0.0002098438873776193,134105.2611102797
278.4402777133192,0.000211176136434568,78517.92818983523
448.371597745508,0.0002108580582209131,126564.3206630642
557.149692866809,0.0002092597166513685,158069.5220611829
458.0678649093842,0.0002058814266817986,131376.709283168
432.5962096016368,0.000205144136502789,124368.3781755597
453.0347367774365,0.0002101460114484442,128169.3166344022
496.5054024027214,0.0002095035168223129,140754.7630226937
489.5808654831131,0.0002114828972995061,137924.346431361
387.6750036974865,0.0002091906246856784,110011.8974092348
369.6224036302294,0.0002082781534814986,105195.1719258173
296.1003659940699,0.0002079284164644315,84365.14296476007
39.64735749688159,0.0002125917585393611,11130.55014503228
282.523547708758,0.0002114485096365921,79600.94657564002
215.2569329278992,0.0002112658663437917,60683.54238621696
11407067.87832036,8.897078547809131e-06,26566993490.43043
9013973.221777637,9.562085185969987e-06,20008499678.7223
12651992.44528951,7.59700753461133e-06,32738885107.59485
23627775.57426104,4.186056574761236e-06,90967468293.51453
19379946.98322148,6.555666389193649e-06,55327539238.0623
20366710.42559762,4.535482538152279e-06,74331327518.55463
4606219.298021528,2.029858845823672e-05,6190143516.246513
5390605.590884108,1.982370492808669e-05,7359489233.155618
4275467.01919258,2.34984257413993e-05,5211439679.088645
15239557.73573987,8.992726932156105e-06,35240718920.13929
11306761.88639279,1.137260359756932e-05,22357932732.06026
12382268.88179649,9.548021782235304e-06,27512156279.26995
9580565.361829167,1.699886575112076e-05,14491427733.84276
6504475.087821179,2.21322177153044e-05,8251425170.044298
6802231.769516221,1.889032804088366e-05,9590143202.397968
15235161.72785256,9.916076658004166e-06,33008096867.79432
12366422.6977154,1.324561973075396e-05,22090009294.4345
11302975.40033172,1.229705771398614e-05,21215762328.40149
17907933.39746074,5.492698142716313e-06,57524782083.20335
16983412.04411562,7.527465258932062e-06,44217322370.61449
13958822.48312918,8.071407871575496e-06,34690928320.38741
25872776.20270889,4.006476165732194e-06,102565505053.5154
29329813.33766375,3.817134195391979e-06,120083779073.1061
21417958.02887116,6.375934831073921e-06,62289591614.21497
3395623.463883174,2.769741353631689e-05,3709312152.560419
2465785.009194994,3.328736242537437e-05,2382880618.698337
3142479.244864409,2.781894144476484e-05,3422777625.763504
7277010.211835327,1.274185258090315e-05,13339245543.61148
7770074.496897702,1.086241225853102e-05,15841914379.24248
10001991.14499477,1.016789692298131e-05,21310765119.34407
6675808.241841753,1.679198465766657e-05,10180501389.38077
6799518.982915921,1.46787511247061e-05,11341890562.28904
8504781.490026053,1.394939144760338e-05,14676629091.66955
10402786.76197702,1.49775275502538e-05,17120756277.94435
7497712.689938805,1.686391510508271e-05,11401356431.14762
9429397.800182154,1.403444383214977e-05,16206422371.8736
3840418.075367033,2.476474957254823e-05,4520181546.698601
3570892.948146618,2.489377996245108e-05,4188413972.117414
4154213.050939778,2.157024549273349e-05,5361076945.539295
4986572.698200648,1.448499994058083e-05,8391826373.36552
6528551.84376821,1.194268520110591e-05,12495362715.41758
6077266.131800797,1.381980574683771e-05,10552943899.57793
14801011.47920352,6.533777534631609e-06,42349520742.68324
17333111.05899739,5.241806376070111e-06,57441072018.97367
13451872.45898285,7.82500241529746e-06,34129224552.04388
1863.12428384609,0.0002011233136912032,542750.4796217041
2282.148304914745,0.0001997365460329368,667890.8696556938
1876.092465262599,0.0002005865205305657,547502.8815918583
423.9730924711718,0.0002036716896942248,122476.0535442489
270.5302322396394,0.000203358098053443,78230.26914554833
316.0194698766511,0.0002021678925261257,91742.88314394708
582.518057362576,0.0002044300940029348,167859.5960362156
733.5061410061102,0.0002052724185540088,210790.0084771452
575.4915439187649,0.0002045081494039712,165792.6223148674
1084.042410232122,0.0002054734113272805,311321.5511359791
989.0658971953161,0.0002051274561876047,284364.9277651961
1124.611049278149,0.0002044729178071859,324024.97308437
960.447223635833,0.0002056464727984699,275672.003223131
689.1750915327185,0.0002066684699537963,197157.5547217556
992.8170676193453,0.0002059851701943986,284650.4871798104
972.819410399092,0.0002055868181817442,279277.1371857078
1067.030598905296,0.0002059366309147104,305976.311339325
1056.104470209683,0.0002063313178415813,302456.8649006969
643.175166320574,0.0002045931664112722,185240.175999899
834.7103869497159,0.0002051402401616588,239976.4243492238
801.3884979774743,0.0002054268516403935,230182.1442487275
854.8410836497153,0.0002069072814849456,244362.6745033313
542.7093928638196,0.0002072265262754122,154978.1385042296
588.493543087189,0.0002071588712004138,168089.0198977636
930.4986748069698,0.000205565362750644,267146.2812036522
1011.989620258558,0.0002063166674193594,289836.5703151381
895.2978076886044,0.0002058642123679758,256791.2872671644
968.5056318346282,0.000206285875863319,277410.2400878712
625.5805499569926,0.0002070068395197737,178769.5063882408
958.0974832833562,0.0002066922803641545,274069.1765208138
7.760378010352746,0.0002153732284326039,2159.840750739383
5.43754721299667,0.0002151829579025745,1514.250731649479
78.68628350474225,0.0002141314835818927,21984.26831789649
128.44741905842,0.0002123356309679469,36089.16198451358
22.99001614929037,0.0002120152633868357,6465.883238815602
159.7061040662712,0.0002095618271823038,45266.82814897475
73.42752618862853,0.0002140313942436113,20521.41216620797
18.87927141891244,0.0002150853399346586,5259.099126384015
108.7809738367599,0.0002138435617426145,30419.73942138871
242.6131955516005,0.0002119443956539253,68249.55017235249
25.64635998076065,0.0002130880677187423,7188.743364281612
94.90796862370294,0.000213250226191261,26589.46981210133
2.92950515586828,0.0002138741464290001,819.1348572328236
4.689261801994987,0.0002150922564831492,1306.234939933507
40.82479379948242,0.0002140382943877084,11409.40540948527
0.7893959085019444,0.0002155203023572389,219.60189291746
0.7893959085019444,0.0002162890393046923,219.0812431764268
12.60902002686168,0.0002149247563249456,3514.177597444126
202.5198545701726,0.0002111755407622483,57109.08432980709
121.8918890044104,0.0002130535236523328,34170.3158609731
166.4433213949274,0.000212866206081774,46686.92034414646
0.02319433729565376,0.0002138987692536376,6.484996977125307
0.02319433729565376,0.000214133592257754,6.480255062141858
0.3674632717965755,0.0002151144795131488,102.3530624609841
231.965104068739,0.0002091981974807099,65823.96373822553
214.3797239841909,0.0002073262585355558,61199.44737369819
204.4131751058479,0.0002087069065908351,58096.63832872795
125.3857052243414,0.0002127035750907667,35188.29038701352
207.0161830325655,0.0002108251947885577,58441.67076264603
183.0536211091568,0.0002114658240487608,51572.501637496
240.4749113907043,0.0002079187260142295,68518.42472616427
223.3290171372336,0.000207129594046875,63794.57060915689
241.2705363110556,0.0002090016040885318,68507.4617182347
106.6909267718416,0.0002073919537533874,30450.85928332184
153.4230140934875,0.0002083263116479249,43657.72429479341
20.64527224003818,0.0002107788997980402,5829.113682326877
244.9448786623004,0.0002018295605625994,71188.82867038714
242.0098503669228,0.0001999902846115025,70766.40129167086
309.6078163749252,0.0001995834135699174,90655.80503362618
126.3719170506114,0.0002064740212831862,36174.86865714141
37.78411261072429,0.0002050603654458987,10865.62574787493
155.1974114973953,0.000205896734110546,44509.37556600416
113.5093267296912,0.0002064381276834708,32496.62608698415
102.1721059095297,0.0002057558140536648,29315.51991919993
30.90723322344046,0.0002050223635907363,8889.130976489088
288.2605449598219,0.0002070603654099855,82360.79927546224
194.5848183094401,0.0002069731893345938,55611.70690914708
229.9973976049396,0.0002063967832900323,65854.83092017312
105.3722719466706,0.0002082317072140408,29993.58910106905
170.4588311508491,0.0002084653850560466,48483.82458846658
179.5703596197376,0.0002070825155480655,51302.55930591992
205.663865851788,0.0002087131962146974,58450.92509020076
106.7730073548352,0.0002084065320791466,30375.30102483218
155.1370724312434,0.0002077067782411554,44233.21219173211
248.2528367474569,0.000209377526531985,70405.64959098391
328.1759180767051,0.0002103671206738371,92780.09233013898
138.0192224035415,0.000209072518846137,39180.94819789079
229.9274804867502,0.000210865187985034,64901.43342355314
227.6658096039131,0.000209734687555658,64493.75128184236
348.3888748818611,0.0002107955410573879,98361.08971466223
168.883177299797,0.0002065437563460295,48333.13999196564
130.7927615588186,0.0002063143434597053,37459.68273277456
97.22392266672385,0.0002076944127858391,27721.91730394479
78.56495089066415,0.0001994619687466814,23013.82338241947
202.9769560906082,0.0001978949727344112,59770.95950411422
162.7201673021802,0.0001983149927975334,47848.79623738661
194.4553980172126,0.0002056608840704618,55810.88012251474
186.5164118987557,0.0002041544329594904,53795.32171905853
153.4052373556672,0.000205427743871353,44062.32971690894
215.5585969038204,0.0001981445677533523,63422.57944276028
86.46401778600266,0.0001997105792938199,25306.65229504695
210.1295140093839,0.0001993104876858567,61583.86686484599
208.0924991534916,0.000203038000281021,60238.13827957048
161.1493794099803,0.0002044179965500893,46438.96718331544
205.3879483929874,0.0002011985355286075,59817.06223503974
235.9614733675933,0.0002011433755187999,68733.84036687025
243.4164093696366,0.0002021178573802724,70677.31807667327
307.8891023873168,0.0001998716632374202,90065.8530000415
210.4160435701608,0.0002044847445122988,60623.11410140873
234.3852627594656,0.0002064083411286993,67108.69688451262
224.4998992460528,0.0002040933284697124,64763.49506787273
211.8048980491544,0.0002020225074787579,61518.08780035815
204.9676868615531,0.0002033882534567053,59265.43667286119
218.8709806919264,0.0002029969666499628,63366.80617314685
267.5449731409854,0.0001997011603956196,78308.64991551255
241.7958461627179,0.0002005391426663277,70574.75835862276
314.5485824352253,0.000199267344956227,92199.87015702701
241.2957142527079,0.0002004561895324574,70448.20976021151
208.6029563527414,0.0002022874847321345,60535.1722874063
216.8751066172687,0.0002012937765246687,63142.65035756231
83.69836312022626,0.0002027281196600093,24253.49346842748
105.7977171381385,0.0002027031688608923,30659.79674132876
54.02173275266238,0.0002013054210623593,15727.68720264416
206.9028555105835,0.0002053621588413746,59441.0132223867
200.0316152769028,0.0002042275994352241,57679.6150929471
198.7111090199031,0.0002038558555454598,57368.4813479247
215.1408035679326,0.0002061272010028833,61654.66121981468
231.975307291793,0.0002069167282296526,66309.84664929872
208.1329637372576,0.0002049930163403216,59866.17229273095
272.3457971595261,0.0001974634132838202,80314.92369619774
266.239054339811,0.0001986299235802025,78206.34300034778
274.9812299101996,0.0001969862552567408,81223.01390096493
152.4430081603884,0.000200837881542294,44450.54487892285
190.7631903954362,0.0002006483552092795,55659.27022415509
148.225876223154,0.0002038681444900253,42791.5265188566
114.0901106485005,0.0002045868025160976,32859.64935579577
133.730244923675,0.0002018180066160804,38867.77665524471
129.7822909611219,0.0002048492914312591,37347.29271198326
47.25911860246706,0.0002008693915489182,13778.74855698714
70.2934290336908,0.0002009644683034722,20488.10905728849
75.22543789649053,0.0002022939882594256,21829.44730570417
252.797660546624,0.0001986299816323127,74257.98873619038
286.1710504728808,0.0001986026916274894,84068.94762788227
210.4339603420415,0.0001993168559671285,61671.77903885729
251.4254024704316,0.0001996159689455617,73611.49418042389
244.439593681756,0.0001988872795141812,71740.91006944084
202.8144599696794,0.0001995668232195049,59389.09208920023
153.3402411505646,0.0001983807341972089,45080.61302100681
74.45451388697722,0.000196986318202558,21992.1146258895
190.9199477068572,0.0001981213933132714,56177.67022488487
35.40079055502105,0.0001943421238850169,10551.19535794677
118.8771050248188,0.000195830278341171,35251.5588182682
45.68680499583907,0.0001957123661379438,13553.30700759779
125.3929885535259,0.0001947642960451846,37319.31723132746
36.283301246358,0.0001940681982596266,10824.4011483371
46.68862259255881,0.0001954501429075144,13862.88860091961
293.8529683496596,0.0001923504150671071,88186.34239290249
187.2014085644068,0.0001936210896070686,55933.75884628271
73.65518383363354,0.0001932184877284731,22037.9333531263
229.2586506727426,0.0001954943370333667,68061.7238045344
238.1405905340313,0.0001966820173624812,70413.67154624251
265.0382018629629,0.0001964672425236059,78423.88930244402
217.6724123169776,0.0001946968526209223,64798.37322527648
224.153891297828,0.0001949958396256948,66659.60240204899
259.547376664581,0.0001959698737132158,76929.06165865707
65.83987212033283,0.0001940022238535543,19646.46896325631
174.6117509706607,0.0001944048190721815,52031.79195862998
233.1670889816251,0.000195485334634502,69224.17617789564
357.7691746212014,0.0001925837245102859,107281.0950892782
245.6381668826957,0.0001941447072774406,73262.00680838847
238.8509554644413,0.0001938543930573113,71308.81476965113
206.7479576581064,0.0002020283389649132,60048.15931729994
198.6731535997504,0.0002030219824941606,57514.47272250946
199.9935339459033,0.0002033943553858058,57826.02732871944
288.3240255813327,0.0001972306122950942,85093.80642170622
279.3705730918389,0.0001988740664090234,81996.48257815553
327.3601850502164,0.0001984401732690799,96221.64836285138
78.73094186394611,0.0002007099414109435,22966.74900555628
168.4722266642862,0.000202141838647391,48912.98585365342
197.9729908611992,0.0002003097560913859,57827.96055504345
88.35017327505129,0.0002080744186170206,25161.02209065254
13.06138747200782,0.0002114645137784342,3679.857329412166
75.13064438539573,0.000211073634429932,21193.09841720764
107.3150814698253,0.0002098599073243088,30388.39585500315
107.7460028423315,0.0002066018201073425,30830.34648473073
123.0099049996348,0.0002068554111957017,35169.17323504967
27.41043909053428,0.00021362581891725,7670.320284785142
58.16805819761467,0.0002124657712872405,16336.48368396268
6.62063433143331,0.0002128507925529404,1857.160425563915
593.0328338843774,0.0002113735924888769,167126.3467948898
524.1071917921604,0.0002117901150716222,147508.2559660511
531.2708934602855,0.0002098090469598498,150464.2122296334
479.7513433532654,0.0002067322603320902,137217.8775314651
581.0377815101621,0.0002101084729610451,164402.5926108774
519.9209065920918,0.0002085448518197387,147844.2025451547
417.076522140302,0.0002085253237500028,118606.8778838225
323.6039169089504,0.0002113191822180679,91212.52720316334
521.9403670566851,0.0002109363112078392,147294.5423410555
352.0858731768662,0.000207419128015328,100480.7182212886
262.8294065492673,0.0002069229362924596,75127.94900601139
266.6850451126096,0.0002103697049202055,75395.11314214021
506.3231083448987,0.0002090424806418549,143748.9612963577
422.2647204999587,0.0002085567270322636,120070.2265153927
441.5452715711597,0.0002094689364454406,125187.8420490423
268.4969840772281,0.0002109804922547992,75760.79865801269
460.5669570487468,0.0002096479810093162,130506.5534302274
398.8878880075796,0.000210075076992877,112875.8832897556
392.0820569662651,0.0002079676870591591,111698.2562829295
546.6658866793784,0.000207158429264295,156142.178394608
521.0081309967252,0.0002084613739292213,148192.9137673246
368.6209362100694,0.000208045582593316,104988.3229564012
329.9725664251687,0.0002082311858921677,93924.88088002877
354.4714141390294,0.0002088912947437009,100685.6682201753
532.4554948149989,0.0002069683354538275,152176.4243237365
345.1235767156218,0.0002072083495582663,98560.55210542781
507.1374512245944,0.0002082717788761761,144335.1360845882
387.6265178295623,0.000207602571929644,110558.3783966719
431.9051985072959,0.0002071167129264998,123380.0668947267
347.9671070867524,0.0002077868502101547,99188.08054952374
273.9786640149673,0.0002026170159141827,79420.53355142238
378.6126179844233,0.0002025787946300545,109765.4751644897
270.6092097864753,0.0002020431832273218,78592.25892045694
1526.035729987971,0.0001943494553570225,454823.0681440861
2066.897109002117,0.0001936055181117074,617599.6438931782
2499.192627748394,0.0001930585915746291,748181.517290859
1620.657203796882,0.0001949340072637292,482058.143115396
2999.034825494362,0.0001953971255199158,890641.0920341305
2176.784180632078,0.0001941902335003229,649128.1603219699
1600.822834577416,0.0001937897616229768,478030.9893510079
1421.387515842709,0.0001943963594473164,423565.3368754324
2364.75159427215,0.0001931039519553972,707823.1333879528
1294.541266941611,0.0001944166247431653,385739.0736739175
1056.673299095081,0.0001956082731343095,313580.6486081117
1133.718954076939,0.0001950215343964145,337119.3607377281
2176.337798974131,0.0001980673683828898,640497.8615633996
3650.723386469022,0.0001986103693672614,1072451.469212901
2872.499498914723,0.0001976404138681769,846595.8303674462
686.8466703641265,0.0001961007942340921,203488.6679335428
490.1651405822648,0.0001967007448576265,144923.3681901945
570.5510081226021,0.0001950800921821593,169623.4305346607
2224.012456882457,0.0001972369482658177,656364.422475817
1630.587738665656,0.0001978890185794224,480171.4960148489
1190.979977876388,0.0001967702273083481,352045.0175684674
3370.141532234877,0.0001959962733357197,998810.1123462975
2885.834362253186,0.0001966078086660159,853501.3752142433
2464.21136567249,0.0001955151820006096,731516.7899924715
3260.159937391246,0.0001965032602003351,964552.1930859477
2099.507612636053,0.0001975405422146527,618984.7642130759
2784.129668385513,0.0001971136958646415,822012.1893999084
1183.252541981317,0.0001989848257321627,347160.9009380564
774.8827752779637,0.0001999693042769212,226600.2841198622
572.3006100260283,0.0001995164725297364,167611.9724786521
1934.259583021638,0.0001955641531829465,574101.3780584391
2309.701788172586,0.0001966555068476335,682996.5381483207
1253.903377947085,0.0001961893923966014,371375.9059387766
3012.771707875488,0.0001994703320161216,882498.5841965819
1433.521696649509,0.0001998701511114091,419345.8118495165
1205.658061493604,0.0002001379686605922,352374.518961074
2878.418381691621,0.0001977162148658496,848123.4299221853
3657.395662039371,0.0001986852239371334,1074141.671243794
2196.983788452003,0.0001983678791769169,645920.823124349
1870.630979497316,0.0001985246772467831,549682.3471647719
1599.514251049067,0.0001994671951542843,468533.2968663122
3251.368468271166,0.0001990668833550072,953674.5174041782
260.2543734775183,0.000202430153384597,75488.57610433434
256.9706601463822,0.0002018538081477841,74677.92499120242
316.0705287687821,0.0002018264086315289,91861.17752427325
266.6761650729771,0.0002030570759715088,77191.96843122588
262.6791942847348,0.0002027313668530015,76116.42397670528
318.7421777738894,0.0002021283421133555,92545.37644700616
300.7996878901406,0.00020352899037235,86934.70721307553
387.3541205267092,0.0002029493899563728,112163.0163442871
281.4222420180974,0.0002029892905514235,81478.49556209084
1211.612291360166,0.0001979321615194979,356740.7810595038
618.5256770924459,0.0001974137240815009,182434.1646933016
837.4230505270589,0.0001968150726265705,247498.5588130766
322.4103610613568,0.000201114461968666,93924.76612067169
392.5210093566445,0.0002000485655907077,114755.2629593257
562.9256414826058,0.0002005020019945301,164325.5984076791
386.8208565048565,0.0002014300293495881,112571.1419082024
321.1154254683863,0.0002014589151840556,93440.86303040828
561.2141472300754,0.0002008474537435671,163638.0856175025
405.7880976947343,0.0002021389402201968,117814.654726384
372.3799813412948,0.000200857634982723,108574.3978202551
293.6567573687374,0.0002016024020350474,85410.15906718221
434.9090628547133,0.0001984668944065919,127822.2354410774
409.2658846979311,0.0001979604461138236,120490.6263447605
387.8037418927262,0.0001990105709628046,113770.0366807881
742.3055271959819,0.0001954560096320729,220402.5808023503
621.1925334239509,0.0001944359444867303,185086.6909205582
691.1521374915584,0.0001941224140714543,206153.0984130618
544.5199754230621,0.0001979633590315021,160308.7668499185
1107.092325714311,0.0001984826389594496,325363.4940363883
519.7198098842414,0.0001990153149832537,152467.8485366917
2370.457078919896,0.0001941851286140388,706894.7964057057
3225.645274949886,0.0001953905073707097,957960.5671755209
2340.882561043004,0.0001949096072754662,696344.4662259069
3139.308448634339,0.0001992311011895042,920299.5971096248
1286.18331555902,0.0001998988075220519,376209.192100102
1799.890785864147,0.0001989131826496165,528206.5425167044
862.5141807850927,0.000198501706824272,253468.1609856771
1094.344790224102,0.000199326076893318,320709.2075291619
1320.431823248819,0.0001983829276361709,388191.8851059356
471.8114567471961,0.000200383367397353,137782.4920129227
458.0869573946665,0.0002010962630234978,133458.1990538921
815.9279398222126,0.0002002447994320854,238384.2954412037
933.117608370126,0.000182407677521725,290117.7555733339
509.1066122510142,0.0001839201947420681,157418.5081416551
800.5355303714141,0.0001809032214229506,250274.3900885066
278.1632167228739,0.0001867236474862148,85146.50346317019
259.071321492872,0.0001883349201434865,78849.46886399736
301.0236308181336,0.0001862700481384944,92293.66774818073
437.9015522798566,0.0001834066966870647,135654.1315562583
354.90923661325,0.0001847442175972668,109413.2871894367
543.9937353775575,0.0001813032668421571,169820.5117770185
436.2583415774039,0.0001919256161979979,131115.8259182714
483.0233637937118,0.0001935037590406127,144380.4975022371
321.0744196176747,0.0001929915204475362,96142.08901481496
272.3721604409348,0.0001904104690806605,82294.12533366916
380.9630779523081,0.0001911536017543959,114805.1128770086
273.903387788368,0.0001922187262748113,82236.93970351266
382.9228175806603,0.0001900852378824977,115827.6696298897
501.3236783096834,0.000192776088262403,150227.5006320709
453.6586599252939,0.0001911990580894232,136690.6178641203
306.3450320306681,0.0001964479479232984,90652.37307451798
259.4191754263875,0.0001974842117600902,76497.48444706813
329.3239139757156,0.0001962105525016735,97530.77933229291
425.4168570545127,0.000197906335752652,125268.4093488353
352.5901161903764,0.0001967681363307928,104223.8117542029
400.0593379430127,0.0001973990400633872,118003.3638464948
324.5452976465776,0.0001960949181621816,96153.3519047662
248.8732583560274,0.0001972345625878443,73449.61994700773
294.9042613210734,0.000196115061013338,87365.59047225176
264.0606532915378,0.0001935743975221917,78911.15787649783
323.3925551475652,0.0001948399983260824,96222.7887653393
273.5199999616403,0.0001935006448916277,81758.73122309665
242.5767829432512,0.0001977851254868158,71458.43172899808
236.4288285404075,0.0001976520063678601,69678.63146222151
310.3116803833571,0.0001965117078405898,91806.30388325932
390.1492375599232,0.0001980417845789108,114831.1044141339
272.5049113988649,0.0001979423258421718,80232.17299689612
320.5511731414556,0.00019690521206538,94709.28601701379
403.3065308070811,0.0001987101649124896,118437.3092366972
369.6057179621448,0.0001995755478542904,108226.5450566046
283.5189228147019,0.00019860916440756,83288.01800442327
41159774.58683481,1.209984625133073e-05,78094374912.78198
36872726.26185707,1.238162823356437e-05,68894847421.61298
39355005.59277593,7.204545127168355e-06,105502382649.8934
37357911.49068508,6.275509816496051e-06,109803600238.1732
41844937.18595973,1.05258701984627e-05,87123954627.53384
42242538.20786454,5.455592669204643e-06,136308220291.7429
29548187.18683214,3.622300631115412e-05,26990308416.59074
32372205.145032,2.664667494757266e-05,36286376391.23727
38088092.85177421,2.074845282734763e-05,50442749258.49565
39599765.26659933,4.592541635227516e-06,143325635720.7043
35988226.31329203,4.881302320149577e-06,125065245151.8012
39325926.55619948,8.18744678886063e-06,96808458202.11884
41210162.09831315,1.098074093506833e-06,387183248379.3776
42430356.01841728,2.639841766452608e-06,222138965618.5934
48381275.13125464,2.209941298672694e-06,285161014932.9684
32139307.11917336,3.033125591697317e-06,153382653755.9343
28496271.83797739,1.870024230641253e-06,187739888583.3622
31095783.43738084,1.640856265925291e-06,223522446973.138
19321430.90989611,1.721593659669583e-07,624336679022.6213
13953280.00159954,4.195531038236297e-08,1155628783732.274
17940339.72816676,5.375209462749848e-08,1259603139441.572
27497750.32812485,1.140422518103299e-06,251914582646.4477
33342134.66617734,4.642154761390703e-07,556135123717.8848
24994475.025598,5.498810845885086e-07,372390133407.7251
9153726.83518241,1.486668421335595e-08,1513986038944.38
14850224.30916029,1.769870111663077e-08,2186613793873.763
10057542.00271162,1.823555447926397e-08,1451707786157.809
15638298.03699066,1.359074294699691e-07,591598894083.4666
20153225.58124997,2.419131085523867e-07,519084783392.9216
20111468.48962037,3.065995962564729e-07,442312687565.415
41583920.89753157,1.887177108171644e-07,1263912462547.488
47688273.35935587,3.803207892080807e-07,908472016943.761
42666679.12511908,4.0500490384508e-07,779438739581.3528
35177994.1794476,1.560226258447683e-07,1213796881991.852
35529013.45543058,7.57722480001702e-08,1984158524166.625
25672977.13127625,5.665249490414257e-08,1740457971208.515
40722236.28651375,2.2576850284407e-07,1098304384956.193
47169776.62711051,3.360712527817642e-07,975834668035.9932
41099839.05017668,1.451117181078957e-07,1488350205373.411
28246820.0207961,4.401720014585149e-05,22657985080.5863
21328572.20262769,5.73302668422585e-05,14345173590.931
19291589.02717313,5.916503372551455e-05,12705485275.07364
56829370.89114887,1.477819621204262e-05,94368103981.53197
45363698.19084476,2.590112688468792e-05,51819833443.353
40544155.91220327,2.885415017759148e-05,43097896255.06282
44739093.88111826,1.537552714521015e-05,72354771167.09358
38039146.39319018,2.430143971204062e-05,45339433931.67124
42579935.1972722,2.510176898137019e-05,49667097077.00419
7588.54757672395,0.0001786274080969801,2392543.982507585
10717.3707033838,0.0001737180757395216,3442375.531264054
8282.769339287261,0.000174264411473229,2654828.255581916
1143.454106540644,0.0001922813578337457,343236.8847709809
1855.45639038238,0.0001900086414359845,561394.968841296
936.4365835586894,0.000191850118056892,281516.3726667783
1177.39810672444,0.0001927496789032908,352853.3331823593
1231.665374318378,0.0001931482186837754,368608.7109039284
1686.938287118458,0.0001910533006527125,508545.1285959299
4425.872713060784,0.0001874817180150741,1351117.035663532
4974.030172486399,0.0001860379025398576,1526303.121427561
5659.79971067347,0.0001854558959012085,1740366.170473156
2624.17659252566,0.0001769998157870282,832423.8491900405
3067.502425610146,0.0001823766618904728,953832.4058402601
5506.33324025785,0.0001756709362240329,1755479.97816307
3812.470394556979,0.0001833879955148502,1181115.97675124
5877.888325861023,0.0001810450994704808,1836665.837598791
6490.693250737254,0.0001766822645115376,2061400.831914771
875.80910757067,0.0001878264275488993,267037.1339927036
1956.504160872315,0.0001854150245696083,601705.7483251444
1605.930908993034,0.0001800384890053771,503674.4845700521
717.8400507872148,0.0001906039848027646,216740.3156794099
833.3572668266771,0.000191150928402782,251138.6867986818
1716.515596540162,0.0001881931720676182,522691.1884902504
1136.879523872728,0.0001907203616867168,343122.9260478442
2133.645586187056,0.0001888789458981344,648136.6520081136
2141.891094951405,0.0001877624175456083,653218.1945722413
3353.432784129097,0.0001869597509857236,1025630.337481316
4311.916121513214,0.0001853864021376663,1326228.592398467
5317.352870718526,0.000183500323444652,1646661.22586949
24746.43434356604,0.0001685320646377389,8110686.289610395
91357.06259382702,0.0001578827942773237,31274155.49627136
20965.58646503826,0.0001690773449926306,6856725.061630623
42490.71377294676,0.0001675290423139272,13981935.33867478
55765.13367849177,0.0001636570618874907,18638297.843526
19529.11482612839,0.0001727402484578119,6296321.065239274
1222820.213403431,0.0001327487433918713,469903842.7584615
3720040.283540122,0.0001119790260593587,1601240325.724243
2690818.192698592,0.000111249078294093,1163286641.550819
90463.39148931867,0.0001624201200058859,30388760.10902572
268635.8116163737,0.0001523057617590921,94193229.11622767
109418.7123641836,0.0001585489415542136,37352186.98254109
69069.14470929863,0.0001670263042529592,22773380.21405774
54880.40590330603,0.0001704423052039245,17852500.28151355
180636.9291119966,0.000163442430422826,60426856.24818824
2290.019038799664,0.0001845051900159338,706588.7224953648
3944.253838223133,0.0001814537151834165,1230611.43724543
3697.95498503367,0.0001829307906966784,1147546.816525262
3454.895088258267,0.0001914178228922773,1040191.456568207
4624.232802745898,0.0001907483590942964,1395508.490096314
3655.180110407017,0.0001890035288441932,1109844.59991757
1617.307924354574,0.0001832066070605609,501378.0227355716
2918.133774390998,0.0001802910759158835,914370.8593945646
1762.188244623681,0.0001843244282301231,544081.1788854712
609.4563187536929,0.0001896165306573714,184653.8866802465
718.8356565842,0.00018588683429835,220697.3866154238
891.3660955588269,0.0001874678359348008,272126.9789468644
3551.010644421603,0.0001796467639399579,1115335.969759091
3906.022601138001,0.0001806338320061883,1222368.13962158
2260.910193123994,0.0001836830378617409,699687.2223120198
1426.05073341869,0.0001772623936198469,451915.4994917763
2805.388554392605,0.0001785267360220041,884825.2568835388
1533.656945751352,0.0001814416620659926,478523.8065778258
2878.19014439978,0.000171854206375038,931135.1126900958
9799.167153999333,0.0001630174920769589,3283721.835898438
5265.752688127111,0.0001699028304729064,1716564.192065968
4828.387187246533,0.0001692471291942537,1578051.654528367
4539.391666052152,0.0001668636921412071,1497694.000503674
4290.15698446108,0.0001660344852465616,1420172.124767269
4475.830469244805,0.0001650254335821483,1487669.206037936
2216.12325219491,0.000170231782200044,721495.2560791612
3711.54396080874,0.0001658640061033711,1229475.394846156
2079.824721959323,0.0001749306403995197,664940.5405774049
1930.668655185332,0.0001738076121830884,619909.8689187225
3699.149236166782,0.0001724152870789486,1194129.258407316
1183.110629386597,0.0001808597058730493,369939.5887048045
1033.181322301856,0.0001793552957933821,324863.1193446498
1441.037271720924,0.0001777286208611116,455865.7525361899
442.1968569947821,0.0001845346175734704,136425.9809894735
881.1319526433748,0.00018256865786702,273793.7111608628
650.9190702546252,0.0001810939401674739,203356.3399466434
390.3601267990223,0.0001855311233646761,120001.7559369357
417.3579402185939,0.0001850773770162317,128510.8481169278
807.2941938075767,0.000183564528937659,249942.0453981038
2333.600745911219,0.0001721737473238872,754018.3822226804
3978.71101999946,0.0001683978970009428,1304721.906725977
4249.555389118866,0.0001707821344600824,1380538.543098151
5596.598117323303,0.0001492028784103997,1989478.82445514
4465.799846615268,0.0001581564925411838,1527007.737905623
4799.790425049815,0.0001565860468372515,1652165.573037531
3627.836787044061,0.0001882887367457478,1104328.242685694
3910.721986016847,0.0001866715145037313,1197305.311043288
2677.456811362742,0.0001888645564367182,813371.2775681586
339734.3030544817,0.0001525140330590514,119014404.9260116
374207.2651549235,0.0001515223113664463,131662215.0493705
1161303.546857046,0.0001394258397852847,431900367.0485109
38722.67587064084,0.0001680532719830142,12715517.67445572
131801.5754967201,0.0001601418844958113,44694146.17987043
154818.4610254889,0.0001610379855407526,52304275.79274012
17241.41668267312,0.0001699795235136491,5618778.036887468
17311.44040574459,0.0001687480142374972,5669012.628230168
88548.29827212896,0.0001620710475478063,29788131.32614724
1619264.84864489,0.0001358375009938379,612780259.2891208
559596.6800985474,0.0001485938628631576,199468603.6294017
1544632.835865799,0.0001355033382170026,585497798.6143728
5039.286973910454,0.0001772296991085771,1597146.512613278
5614.095145072207,0.0001725374502832645,1811440.964043217
5574.249059823665,0.0001737695239311944,1790072.531501998
5471.803659737967,0.0001722922170532082,1767204.189879438
4904.524531879487,0.0001769822222872373,1555883.762600084
5018.078156065303,0.0001727852228323423,1617582.188506554
11063583.86299082,8.577043710639278e-05,5688582792.998268
17522039.18098813,6.708046013022342e-05,10613385976.9333
17800215.43480913,6.61690993598962e-05,10880656742.9854
2333955.252369036,0.0001256986353419614,930119644.1834325
4705222.684483968,0.0001099998691300328,2049519571.246628
2490386.300785316,0.0001257572167198124,992151760.6669865
2079829.838808328,0.0001256863931357766,828900297.9644047
2028543.886231756,0.0001251089791552342,810946283.0032204
3591564.523313921,0.000110590888205861,1558849216.344332
30771380.92708113,3.363254524334349e-05,29532972644.45846
28916953.88633538,3.757325689086736e-05,25777055971.09858
22416886.69509816,4.954200874936523e-05,16618540848.24847
34718589.89323418,2.3298651279718e-05,42560647228.32622
30101375.70878167,3.537699943875208e-05,27932234618.50233
38715807.41997205,1.991290841766932e-05,52698532718.25746
30364306.94187308,2.97984422826753e-05,31591312166.0884
22040551.67331662,4.593681626004302e-05,17183641328.48118
26056997.48848079,4.188531906434648e-05,21604778547.04402
6825.938389045044,0.0001799198287634414,2141787.327550743
5659.982223582818,0.0001811777968181271,1767712.980760734
10029.70247229267,0.0001772601046381572,3178440.230802626
17938.67448163075,0.0001767708644877043,5695299.385274027
8686.611052096907,0.0001821074820759606,2703741.599493156
8643.504906402293,0.0001800068987652544,2711213.903841862
3738.141056071111,0.0001885386052216478,1136899.717402929
2881.978833186457,0.0001896852832683843,872974.7758108147
4243.207978407168,0.0001870957428281699,1297134.613707422
4161.332490981126,0.0001869249770235873,1272880.187598658
2814.572535834342,0.0001895145239007453,853068.9072918566
3435.631390085387,0.0001878568002777625,1047422.618935934
2414.177864346669,0.0001922675739277366,724711.6330700356
1434.441245415555,0.0001935307577272542,428728.9065320738
1611.696782958081,0.0001934494759187008,481842.3490023843
2490.802703110998,0.0001898725582635594,753988.1616416395
3046.040340938779,0.0001907053499817694,919377.2075537989
3410.013538154322,0.000189297568872665,1034330.69303851
2032.782987199411,0.0001907642302441356,613422.5274402422
1529.524117269549,0.000192860026354839,458206.7838656744
2537.076133114039,0.0001915959936792743,763383.1167874155
6508.004346926252,0.0001828018445753406,2020508.981117112
4854.726718805982,0.0001848063736017456,1496305.105091332
4929.478536513097,0.0001847616407311734,1519590.045167094
2152.894814682358,0.0001895868919555026,652354.9174999922
1379.326633729246,0.0001918596172946004,414646.5659408504
1927.070055427246,0.0001901631621862212,582746.8159559306
1794.264729281071,0.000193106785265781,537058.3798885504
2598.67386416137,0.000192420714467277,779681.5007945941
2217.958369327423,0.0001916639481003874,667205.7344413814
1031.576770186198,0.0001774504432170867,326675.6983582528
1123.390246737626,0.0001816259928656228,350277.2903109752
923.323978260986,0.0001792748071457516,290407.5735302562
9578.83720103234,0.0001613749060512025,3231633.66665205
2759.354450865009,0.0001702056605811155,898444.9902848597
4636.067226780091,0.0001633159490503824,1551662.718836791
1065.601059506115,0.0001883771594362609,324271.7742090417
1441.134188893043,0.0001895222893565321,436781.4899427001
754.8734130669135,0.0001905294339911804,227981.3974572603
842.5387403965753,0.0001812988808103266,263022.6386770598
957.3202337741851,0.0001853861211152155,294446.0683828348
778.1839084353682,0.0001838115810813018,240713.4360619565
1295.184046299967,0.0001853453020660892,398422.415950671
1607.264200520706,0.0001882250607276384,489368.0830314692
1209.090029406581,0.0001870816795558906,369633.3369741354
3930.1610669882,0.0001900071826222797,1189132.740804781
2257.306579233952,0.0001892386477925597,684831.9127087846
2040.486570332592,0.0001874781023431775,622921.57759411
3328.457688020541,0.0001879362968694003,1014462.342474909
4255.78962505681,0.0001896820503895635,1289127.860574592
2276.927540208083,0.0001871517783054194,695910.2576368183
3215.893719845566,0.0001924049902858109,964918.8702073005
2722.759177402952,0.000192953284749054,815407.0206896752
4347.05586810315,0.0001917359437880192,1307352.990721679
1765.107508606013,0.0001934549719116303,527696.9270846031
1739.599849142947,0.0001941808189775606,518774.3270494489
905.8977078554614,0.0001924748991233916,271745.9583965422
47488920.26306933,7.061624173450934e-06,129019660609.8504
50035697.50214715,3.700884544280755e-06,209126755894.1083
43980576.9925009,4.117889737400781e-06,171189758911.4048
34914175.52412716,1.702203710022029e-05,52762751556.62601
32844012.93285397,2.737216963663335e-05,36161802165.33336
37707292.15665051,1.516497915621147e-05,61545664831.47269
40934518.51280107,5.427753891678413e-06,132538765603.7119
43176730.23795601,5.243819170749193e-06,143048929547.0092
42774746.45517324,1.031207679881663e-05,90286610963.11972
5691806.373461523,0.0001092183425039658,2491072668.053083
3089698.336207659,0.0001266748764794604,1224961443.906795
2900295.395787638,0.0001261962218950213,1152775305.251776
23885460.33916188,4.939270100193955e-05,17742920168.58432
12863000.93193976,8.092632088890494e-05,6875154095.322831
18015561.07666199,6.136605039281263e-05,11579656521.20754
8580245.192681592,9.906505375632323e-05,4007615481.106567
4279333.48647547,0.0001207691759456407,1751480864.491122
7616081.019078202,0.0001027426732453644,3471876869.409338
28926691.61008187,4.10299700841681e-05,24316326457.92165
19854148.13677847,5.617906636988817e-05,13535311228.0216
23742305.43546983,4.538314488664355e-05,18660638341.35372
19989893.77453337,5.160984315953077e-05,14420781396.33312
16436518.35453131,6.240517264387062e-05,10447108449.14119
14227583.74359736,6.593566241853177e-05,8717345013.901184
55482726.10599393,1.353637804748721e-05,97683859070.06578
39407964.19550856,2.761224304949367e-05,43136960582.35471
40651410.07935166,2.093379374269221e-05,53519287213.11162
37365468.11642493,3.503094870857795e-05,34900835850.00719
25486488.27741492,5.129762822920953e-05,18460571512.08831
33003892.84770855,3.798407584248566e-05,29207706699.15754
16585589.3288717,6.816106148777172e-05,9939701546.315802
9808111.457387088,8.73404626617461e-05,4982436055.418279
14795357.01912527,6.999560552836924e-05,8711205641.635382
23623303.19561853,5.451741276546611e-05,16430488121.55129
23302673.79725821,5.542893515461478e-05,16029306458.85433
34710949.16842696,3.916312279976207e-05,30098737542.3547
33285774.92633278,3.266036777413117e-05,32577015288.66763
25968253.17899726,4.882557553928236e-05,19439174686.06607
37541653.9087119,3.346693907872659e-05,36149537026.62822
14382259.68151843,7.184123294451586e-05,8322323777.727401
9824610.067383651,9.140097676670034e-05,4841888281.317166
9479985.703982286,9.129047799357571e-05,4675815450.940658
786177.3015896967,0.0001515304532833572,276601089.1466421
1945363.255839894,0.0001375437653005813,730085017.1165931
1924198.328900752,0.000138222544035931,719775806.9797865
674765.96217657,0.0001517949239080126,237127360.8472925
552548.4795270008,0.0001550931527969102,191414707.960006
1547099.161981246,0.0001417855435915731,568979801.1489692
667099.4397953209,0.000150058483416964,236238244.8556034
1718139.178061424,0.0001364060633074278,648389376.8255284
1864607.977928237,0.0001368848955073043,702021671.2017748
60584.27948181764,0.0001699830437862348,19743442.51181061
179418.0016064466,0.0001619491491231608,60387479.26714388
215505.9270541772,0.0001627630416126712,72291741.61448723
131486.8787366739,0.0001591035165471904,44781217.51434247
38656.86095505603,0.0001657816686146558,12809600.3659303
153247.751896433,0.0001581106682698841,52410704.32979206
27897.76185104156,0.0001720487977880711,9018512.97449155
21837.7823059533,0.0001710297154898149,7087517.596584427
118656.2136729273,0.0001640161864555671,39600379.32134479
9915.131687076344,0.0001760327035037302,3156721.348571724
5573.996946933407,0.0001799509540824684,1748761.663667422
6452.048672204405,0.0001750129472229961,2062137.006224724
371060.9580942046,0.0001581648332199491,126873808.4218771
155748.4340404765,0.0001672650938263878,51304265.74325956
282006.015102997,0.0001614629826105151,95106396.00140531
5431461.43466747,0.0001099378061420181,2366747840.105631
10161333.73217133,8.847931472248793e-05,5117480718.987003
8712845.90774213,9.397903076848161e-05,4215082301.501833
2152294.654523818,0.0001357211148541932,814960916.3147748
2677539.13856724,0.0001308358834734825,1038925916.851266
1091371.085282303,0.0001457307246747873,394098722.5091048
9540050.35941284,9.435756962007162e-05,4602913743.075525
10422842.10997783,8.880105074301226e-05,5236495755.436015
5747504.306791728,0.0001111767466055705,2485821832.527805
6005.712594861648,0.0001836801674920123,1858616.124539156
5972.528428817681,0.0001805580406301168,1869592.699280306
5054.693036304533,0.0001840885538923997,1561985.252882144
181270.7845780398,0.0001637627387885258,60559798.18295566
55230.03308239281,0.0001707640058014333,17943662.03087261
70644.44700057493,0.0001683101618321703,23174185.09864448
34439.21552469877,0.0001700975900986079,11218147.42810802
13475.93505682261,0.0001757274315639119,4295356.372608908
24659.56379320262,0.000173513501726356,7926775.170799412
3908.640955401473,0.000173273451676451,1257586.19253978
3458.053533625209,0.0001764846056349159,1099074.57066306
1901.167978258427,0.0001752212428885033,607149.9818894065
33217.01674254755,0.0001563465001126109,11445510.88821452
10965.68253167923,0.0001660239757163071,3630126.802007083
17198.32684542391,0.0001591420223698667,5856384.95682989
48916.74314910976,0.0001649661499226108,16262762.0799909
12489.49021622695,0.0001692871388021807,4081270.70833961
11798.98687807495,0.0001697829226537809,3848120.956748947
4491.436851289849,0.0001807615089078175,1404908.346601796
4762.471847003573,0.0001792837506968982,1497861.99587059
5282.909067159288,0.0001758262579291529,1683257.84255661
5667.843795505984,0.0001817007661094918,1766770.071010103
5014.309118346857,0.000184382693071983,1547857.589212828
4610.23338507165,0.000182957984080917,1430502.651452345
47254.055008547,0.0001740638564995345,15157701.43031904
13960.84474662647,0.0001781418749295012,4409618.502933532
18410.46902327393,0.0001754812423950685,5873690.414200136
55437.51531708497,0.0001730544418541486,17851796.32288845
43252.42526578009,0.0001714428506123638,14015143.37463047
18558.00432534423,0.0001771322102377487,5883913.016079744
3155.285332972559,0.000186568851133854,966375.4322517832
2134.098255618276,0.0001857833519939031,655455.5038440928
3499.073977898187,0.0001842117605840747,1080790.592045006
1501.131773822564,0.0001862590050668419,460264.3083456109
1687.880032735978,0.0001880205560791585,514285.9822878899
1367.652274816226,0.0001851376380335346,421029.5194037818
6204973.946450687,0.0001041127851592629,2803736868.713469
3308427.090545896,0.0001203616063998182,1357155417.729147
5807931.096529571,0.0001046023016331546,2616137874.557789
14909775.07001208,7.377906015578252e-05,8475832117.452166
9009487.933433902,9.24668184685612e-05,4405983143.611465
8529713.653983105,9.295739788255597e-05,4156666166.537511
6664870.556571708,0.0001035293845590971,3022845594.563598
3605880.951493004,0.0001205100464512541,1477959551.193294
6458283.12576607,0.0001039262218970303,2921686769.894832
25719131.58688752,4.070067402726169e-05,21736447478.55822
26550445.69214839,4.413101397000139e-05,21260617709.54727
32210382.78492591,2.966610987583911e-05,33611571532.70717
32702714.2037585,3.375409647515221e-05,31311182829.32574
27174142.65893771,3.810613358979009e-05,23997127589.75175
33836305.04837274,2.707454451508423e-05,37526854115.90443
15507734.40504825,6.348139095181604e-05,9745049849.01297
22262866.24112232,5.258623573649241e-05,15861089693.0729
21502186.73471234,4.915500894902737e-05,16023994091.40735
7592188.790993224,9.393349086027447e-05,3674120175.175435
6589231.119305251,9.453695157984524e-05,3175170211.392311
12041424.26242554,7.659024654767512e-05,6676705389.935841
3352235.296210731,0.0001102374758956198,1458081011.102651
1849704.190249557,0.0001247542410468902,740853041.3312725
1404785.193939341,0.0001242694464127295,564114174.1620291
13062583.34720696,7.198610099374395e-05,7548546017.573647
7350029.768047636,8.993333069839373e-05,3661637209.575678
11102016.9238406,7.551625534714226e-05,6214052538.915325
5305454.112845898,0.0001049480459651657,2384549404.107204
2762022.631861557,0.0001206467183619296,1131228202.412388
4472862.219894086,0.0001055498842157189,2002689771.574803
314.7629182651979,0.0002074815195482433,89811.22425114129
389.3212745874106,0.0002080599337030735,110878.9656777769
470.1858674264776,0.0002085457459045428,133701.2131143137
220.4519649298716,0.0002060612559129716,63190.20231249928
235.504495866118,0.0002065524068705948,67397.79615101613
212.8784294512355,0.0002058982747109358,61051.52535089356
227.7115600377682,0.0002063555660858046,65209.01200195854
242.1233407854078,0.0002070744766423649,69175.49508076631
243.0058682178015,0.0002068462828456578,69478.68883746711
278.303715745957,0.0001892706617335995,84423.52296030482
298.0792075055411,0.0001876587666707535,90939.47536758415
387.9722586445295,0.0001900130493815652,117384.7613525977
499.1454114265863,0.0001913349707068891,150324.8734499266
596.6639829834758,0.0001923306682186273,179073.2830718111
420.7473010593606,0.0001896057361363979,127483.4156262257
455.8756684188513,0.0001943613656846439,135864.6429409962
337.8467764393549,0.0001953504462716786,100348.3357753928
299.0133403414542,0.0001938471139806324,89272.49477313714
620.4706771819377,0.0001933150459606435,185585.5495707338
554.282769085176,0.0001936313392042712,165607.8599853463
471.8969774172493,0.0001922310559069091,141676.6115235168
415.1655342657567,0.0001966893983391091,122753.5304082916
366.7803724501362,0.0001960603441479521,108679.153429088
489.3894051077232,0.0001950717597939506,145498.4259716978
20112044.67059357,1.391665875634121e-07,748915650066.4617
10405147.96206898,2.085175368272803e-08,1373472187844.048
17464688.87192491,3.624614815367118e-09,7401497765724.829
2651510.47867131,3.706120966251876e-08,238532167289.3583
4755334.919733905,2.637545639608194e-08,536678817628.9636
3276955.963057819,1.331911388595027e-08,583203851764.3202
2615231.046799378,4.624429452810341e-08,202988433005.4757
11986884.62260349,4.433264821130582e-08,956952854041.0287
6294236.497318108,4.076411382184871e-08,531403470682.3372
523.1871305066805,0.0001861690458246626,160466.8782974335
914.3617892077212,0.0001850826214536399,281540.5625594193
573.1316194545143,0.0001816469058424156,178690.8710929447
787.9629798718752,0.0001884525740422605,239720.0896250823
1216.786701332785,0.0001849866192983597,374789.63994823
1119.996921669074,0.0001862223923882458,343448.9775920608
1683.465391581393,0.0001829648746347407,522346.9273677478
1904.551095325795,0.0001838007872772526,589152.4891419202
2365.24602029218,0.0001807489143876358,739876.4238276598
1503.189220707184,0.0001787384519795302,473734.4756196153
1306.203075367279,0.000183790817563495,404074.5477269376
1410.569285632525,0.0001825585949598109,438321.6275513778
865.1296233245524,0.0001883205705466229,263319.290144239
1508.233775507975,0.0001856931558432841,463380.8310676728
1312.241746591531,0.0001848571836306831,404379.9633130609
1529.102539206214,0.0001903885850657215,462036.2020740361
1627.893742701092,0.000190374264191416,491911.7865117069
1870.84745908071,0.0001882976698405739,569475.5481270413
862.0046251151447,0.0001895988794750642,261187.5180454837
1296.87818052425,0.0001899685242071562,392444.3529638094
1504.106734049216,0.0001869708351063417,460005.2028572732
857.345147805211,0.0001964056030805698,253738.5451621072
843.2967188644058,0.0001986549892371845,247693.2049725938
980.1227367920097,0.0001982489472412578,288274.7057546816
728.9769323194043,0.0001912581049549511,219600.7843069806
860.9203999986789,0.0001936060306887188,257247.0548612911
1132.44717169201,0.0001916269949690783,340706.2956695441
632.0777659508362,0.0001920489897590784,189887.2605729623
687.3934036508896,0.0001948299171146644,204535.2957454865
755.3168878101101,0.0001943992604072187,225077.8663015528
324.3090956187417,0.0001957202483952788,96205.9554260585
294.6609328353361,0.000196911358684068,87058.00555722235
302.6703519445658,0.0001963624130823047,89590.98431406677
218.5479462358453,0.0001955209531685807,64876.0688158952
357.7193880133285,0.0001945308308153552,106549.1978950283
292.4762310356273,0.0001958455526945506,86725.75745920671
280.3375943204431,0.0001941849171501861,83599.62822896522
300.8846465125201,0.0001952772584951511,89392.05357251868
320.9050709454001,0.0001949575229552692,95444.28181104948
376.9737046673704,0.000190552172341415,113841.8089602651
407.2867212724984,0.0001913231087091423,122665.3677357792
310.1383855102695,0.0001925127989181379,93021.30963817872
352.8053632750218,0.0001996473780749211,103282.3484716245
291.936763837669,0.0002002656396051464,85287.32532586601
434.2614127140754,0.0001996487512102147,127127.6958127559
230.1372418860469,0.0001981876359722767,67702.16117485221
296.5367367478619,0.0001989140692860917,87023.1573096739
223.2174458807891,0.0001980599236703817,65694.70945991026
245.0704281926036,0.000200258648888148,71597.31266098838
322.2317492556006,0.0002003988467828625,94096.07688160177
221.8371701382858,0.0002011750500417579,64612.75182941685
235.4208822288338,0.0001985497244765333,69172.28524584237
244.3934579262835,0.0001995098815979804,71578.06751529306
302.5303065177844,0.000199276384343847,88674.41476124943
216.8645097647268,0.0001983519764790475,63762.32284502892
222.7542705276744,0.0001984859983267812,65464.54014235282
225.4795840640019,0.0001993124562747166,66082.16517292995
435.6811929712777,0.0002036970227676726,125847.818654065
411.2490749745888,0.0002045098722497458,118475.5542665039
517.0931262515505,0.000204371145957592,149035.2651665551
280.6500049720665,0.0002010684549852257,81771.58710260937
357.7146316581834,0.000200324880462574,104483.2748475103
346.293607932688,0.0002000046435046232,101255.2979637417
368.8174731999171,0.0002043289487243144,106314.2682726356
411.625593909302,0.0002032849604378517,119059.9065376811
322.2320076403493,0.0002038639146360552,93026.87615269115
254.1443891350772,0.0002016478959140947,73906.85629900948
360.9438461614768,0.0002008707529366772,105235.3953152163
393.8460679697239,0.0002021495639964446,114343.4542844835
379.2464573388259,0.0002028832538255171,109839.2094065354
257.9505470932997,0.0002021510187568845,74889.19525338919
398.5807652251193,0.0002026535874837469,115526.107101069
385.4258266985404,0.0002011337475748282,112275.2891539169
281.7190496076992,0.0002006365247433932,82200.83266085996
341.563811537881,0.0002000180594514923,99867.85259517629
376.2405136656459,0.00020270400596599,109032.8433189854
386.3254678791529,0.0002019380293580706,112238.3473645996
255.4725280735416,0.0002019725454954717,74213.45426950339
396.325567137027,0.0002033709539180628,114602.1607264145
474.1345734397393,0.0002040440445675315,136799.8671983984
269.5860450697919,0.0002031991772222297,77997.87619268642
292.7308983168846,0.0002038526420071409,84513.15908548945
247.1007605830646,0.0002033199848988861,71464.0080100042
444.1554021511449,0.000204164054282933,128099.8912753106
283.7453660492919,0.0002047274676662981,81685.44913049221
302.4366700925264,0.0002042043338171271,87214.99183765151
456.0924348194797,0.0002045167014487457,131391.4228344313
239.1980287300356,0.0002019938244015868,69480.91594643696
278.7072208565091,0.0002017527018710996,81021.81748378089
243.1683867502104,0.000201155468801994,70830.32220935504
242.7787281894487,0.0002034868315282323,70175.64704701804
223.8885696674189,0.0002027002713362005,64882.71807798275
201.3963129502001,0.0002029547347991117,58315.6862125943
299.9365315199799,0.0002029399188935712,86852.91052413257
293.2906721810633,0.0002021987415036205,85135.8779083773
252.7220116435793,0.0002024401105772724,73301.35890819882
352.3455067903252,0.000201389333817937,102552.0691638304
251.5313175918673,0.0002005066427091017,73424.25618261322
227.9862233142206,0.0002014223605482375,66349.37203306537
251.160211588376,0.0002031120701143165,72687.60374315314
255.0688971327075,0.0002034372177741389,73740.13004868269
269.4840167725993,0.000203651093749087,77852.96923992669
275.4349586887613,0.0001949668835715013,81917.84036663758
299.2975881509982,0.0001945135879899129,89153.12839189786
416.2081373532716,0.000196297355823839,123225.5978448246
391.441735365242,0.0001906172696892677,118184.0762489637
302.0415772962367,0.0001927404604421849,90521.44293599133
310.0468416798015,0.0001917461191996182,93241.57262631653
296.2920841479235,0.000192437146809071,88891.61079712219
319.9441790285866,0.0001918769758356164,96174.28579382038
382.4541276098813,0.0001931196577127404,114470.8823412894
386.5018805111511,0.0001907206751370145,116650.4524657436
292.6564691240798,0.0001921511612342743,87887.97395321366
297.7042410482866,0.0001928406295754347,89190.64975970727
372.3510163175472,0.0001895660866268352,112835.4193082013
249.6747560570272,0.0001882291250046019,76018.0547236648
280.3599672245819,0.0001909997561286367,84533.22904785187
259.0906300978037,0.0001897564387717737,78461.03385698241
247.1287714177127,0.0001900429895204046,74763.34793900208
257.7679113148768,0.000191777398221021,77511.10071050974
377.511941428128,0.0001897887233189754,114309.8770164891
312.093550883104,0.0001894615795530002,94610.06887810167
407.8461723010763,0.0001905606167977857,123161.3075142576
298.6390339601063,0.0001867113245433084,91418.22797871756
256.8594644987863,0.000188776617935599,78054.28899469784
269.0517926509835,0.0001884897787768801,81842.21100897741
364.5347999068287,0.000194418832352399,108620.9108792823
223.88210978462,0.0001954100425755506,66484.66293701714
317.5249570692437,0.0001954109897663771,94292.80234794576
316.4431281856484,0.0001919915785846544,95084.0232189411
388.1042745289693,0.0001930082126915739,116206.7173685542
325.1137649356811,0.000191766250736163,97765.8632111661
322.0304639940119,0.0001926310505264476,96548.62557176275
348.0592747183669,0.0001943190689651747,103747.1711059011
394.2893745540914,0.0001936443148989653,117799.9861857929
278.7398571046535,0.0001935152311568893,83314.82843846947
319.1954748480776,0.0001942886713249886,95153.5670922366
294.2906972730249,0.0001926000169583596,88241.3858058878
332.8950072991532,0.0001980035344592573,97992.30798457716
450.6806770517402,0.0001989796426096808,132229.9520416279
383.1949782736078,0.0001985659330913474,112585.7214441411
327.403787672251,0.0002048639321609133,94212.10262837264
283.6025550820466,0.0002043993279167569,81731.69335771892
251.1364151001104,0.0002054237332526483,72134.43128962073
471.1946490609625,0.0002047741593171425,135628.278320917
370.4321373247329,0.0002049159810787784,106575.6780357642
280.305422243827,0.0002053134085203484,80541.54510743749
416.7377246908323,0.0002033960184649032,120494.6741055366
436.9935828807364,0.0002031684837784443,126445.7295533107
392.850413159251,0.0002042099731942837,113285.9146306945
249.2252695396863,0.0001988516728358895,73154.19604098347
330.2936385278306,0.0001998172504047136,96637.32286164447
252.1074913556722,0.0001996786809413807,73795.7387697267
431.6728168185189,0.000198924425394578,126676.4720541266
384.7481140570792,0.0001994681508084238,112700.9193250151
396.7815685145001,0.0001997906240309805,116100.6775706481
300.2611364200053,0.0001974950198308012,88537.72494692686
348.1209950614331,0.0001980584159888378,102455.3596063986
308.3458012377569,0.0001969472717806669,91090.1448994251
140.7030940684625,0.0002006130135202793,41057.98009808801
52.32468831848779,0.000201435743402924,15227.0448281093
137.1258137462475,0.0002003705898869166,40046.37716624821
244.3761572303804,0.0002007270844458206,71283.36294819301
232.3016470563565,0.0002005745982148841,67795.62494143745
257.7959008553011,0.0002001893629143617,75332.43562919645
169.4444554684598,0.0002022197899333961,49182.61233380502
57.15863676591104,0.0002018986672308003,16608.34002302149
148.5616290267633,0.0002010732983542446,43284.96309589544
310.1276096131895,0.0002035422806921815,89626.68647850833
271.0359357457988,0.000203767460050253,78271.49968286348
267.8765803680816,0.0002028174032778786,77600.51453255647
299.1573604358444,0.0002052322781221854,85981.01784991648
241.4646330292429,0.0002055498244474221,69328.01874815892
240.2119855853671,0.0002045699602411872,69188.4231093499
253.4621017223612,0.0002059403547733468,72680.63740099013
311.9415627575328,0.0002055560628154305,89561.16133387589
221.824337796901,0.0002060647516011006,63582.85925298448
229.6199810237934,0.0002045313440935815,66145.92515745538
217.5937574119391,0.0002041067389401298,62768.46898305538
370.2461439069613,0.0002042359317571915,106758.4951409256
253.8623767083586,0.0002033677094695369,73408.04817279818
418.7238217731148,0.0002030174113771169,121219.4042485343
236.3347659688275,0.0002033015583847033,68354.50479378828
317.9121323994185,0.0002011835043690681,92593.14942573241
404.6361862933849,0.0002008641823186556,117976.7381916086
303.6668645339888,0.0002003941197174755,88676.27117863708
394.5922661705646,0.0002007490520186843,115092.2906018521
281.8456941500089,0.0002007648852412866,82202.72876409415
296.2443108394742,0.0002002293468003414,86556.20332002737
231.02292859098,0.0001999865490890884,67554.54304781061
378.9695812217176,0.0002005609831077027,110604.6498733564
282.7288786752674,0.0002000303636333452,82662.05944528403
201.2586635941946,0.0001990038400837763,59044.61293769594
244.0119576494156,0.0001987446745283036,71649.65589018738
250.991696149619,0.0001994790800743601,73518.12951050416
281.0752504014459,0.0002000965343155525,82160.46623972882
378.4904063168138,0.0002005788503767749,110458.2395457419
230.6488344902306,0.0002000035618834764,67441.32760996438
312.5914054653082,0.0002015193390313782,90942.28872288155
307.244969650592,0.0002017825099412217,89309.11132573152
343.1237335584096,0.0002015733933848412,99807.21888249714
283.8823186003225,0.0002013668716707525,82631.63160726117
254.720690850932,0.0002014623612385634,74119.92037351729
253.9177640881756,0.0002011379613035174,73965.70298957404
401.114930243489,0.0002010072982384103,116894.5535783758
319.1860312984566,0.000201256335997258,92941.74787824553
287.3624334847117,0.000201021255222216,83740.4593992751
365.1334581900932,0.0002014060006995568,106268.2086631599
394.7322441133696,0.0002011254095676698,114989.4445055055
333.614642407832,0.0002013573634744596,97110.62732475206
429.6955709683673,0.0002025014123397234,124606.9233102679
305.1152918288578,0.0002020675930239062,88606.62513440123
230.1434503216501,0.0002020387828519133,66840.8746269399
317.4559878316644,0.000201710800125467,92299.09052904844
282.9830454166194,0.0002019299029452074,82216.69064152781
220.6720860346472,0.0002020917033539338,64078.90437044545
328.3282994506735,0.0002014179920760715,95552.66609102947
411.3557639257493,0.0002011799600352652,119810.3790043995
322.8483640835107,0.0002016864770037857,93874.4495608047
243.6873185368563,0.0002023063862798272,70712.01300845608
308.970322063077,0.0002021359916369521,89705.89825923341
434.2681550484921,0.0002025658669142507,125906.2064904345
295.4824290083324,0.0002015002607295595,85970.19639288051
220.941072490032,0.0002016611108366186,64248.30694420561
379.2788364090728,0.0002011808882477202,110467.399148632
306.4417287801373,0.0002018272452875197,89062.46451443757
430.0887615893736,0.000202451226592613,124741.5547832132
230.4312288621263,0.0002019795950545655,66937.52819502671
265.536053779499,0.0001994711707575772,77780.382100692
232.8056738559533,0.0002001691736475019,68034.43195442852
260.7436015007,0.0001999098757349833,76264.80434386045
212.5327826081794,0.0002025003665727532,61632.34882954614
206.5415596234162,0.0002028456867742448,59826.95976405079
192.7664175185377,0.0002030987867212489,55790.44475782324
227.7313303360459,0.0002009535663853078,66378.22543396358
231.722123643782,0.0002017995209601641,67352.55564203102
268.4487867607386,0.0002014886209389256,78107.80426424439
220.9741528608384,0.0002015916664181575,64272.68273851939
213.6521584883995,0.0002024685822793577,61963.44045885744
219.7449076407414,0.0002021239213041041,63802.88880910938
258.3554047774377,0.0002032913722254293,74725.97434380132
253.9145952727896,0.0002030083989791557,73509.75825225639
424.4885912014215,0.0002029502195052013,122915.4113222534
257.7451433574308,0.0001929561575570582,77188.28574562905
348.1554795575146,0.0001953346383754764,103415.8389836339
263.6263910856772,0.0001932593703690698,78866.97392522331
208.8658933725064,0.0001983089947316015,61419.44945518272
240.7387817327991,0.0001987250891746867,70693.19194548465
384.7670474283649,0.0001978087337768136,113335.9168032717
500.3967335492259,0.0001977816379309902,147408.9388829887
261.3279457866562,0.0001980729575877962,76907.56543623484
454.9231405167242,0.00019756357668416,134111.7332234686
456.6948500684732,0.0001981206784682966,134381.5285004777
300.4124447766097,0.0001988852989048376,88169.04390629817
230.0230751263476,0.000198404246221214,67619.31444557541
204.7048260020285,0.0002000589063527251,59844.30411056611
204.9332220898262,0.000200866450989477,59750.39272735854
183.3118815701827,0.000200776445284507,53462.43984500071
397.8438178061797,0.0001979821259742066,117119.3422913411
251.1052857001308,0.0001989021906549426,73693.54982393487
248.8305796956629,0.0001990212796159628,72996.84253129188
258.2848032849261,0.0001955464245574054,76665.31679758312
395.0628507160625,0.000196869855901336,116738.3034933219
231.0476678167455,0.0001968164677966918,68285.31233528115
405.8552361351558,0.0001963449528684761,120141.0229241198
545.9045938268939,0.0001973521466385373,161048.0655114737
498.3600548234544,0.0001971284126061387,147133.1078167937
333.4603411982384,0.000200576151010591,97317.58613364177
239.344355134603,0.0002007889537120863,69801.2679075507
235.9981301945475,0.0001999241127418828,69023.73306456739
169.5771404557188,0.0001994657086857494,49673.16256906014
159.5518455823387,0.0001985658064325227,46877.61661793051
169.6391326478715,0.0001989669250288566,49774.33325447162
178.3504437259629,0.0002000908615725077,52134.19731879675
174.3200199486882,0.0001998474314404179,50997.42168800651
174.3828730092648,0.0001993473305618008,51101.09569096884
40.97956346867141,0.0002018296160688459,11909.97176109409
94.19685148579173,0.0002020280601769238,27358.68742267734
94.20912443207219,0.0002009235156935126,27462.44004138843
214.7473287650348,0.0002009513235838892,62594.1658595411
218.7608093400462,0.0002019782085011605,63547.70111513473
194.9393337124662,0.0002008370598590907,56842.11654489284
246.33081944561,0.0002000951142156078,72004.74144681789
221.4248447946321,0.0002004841062850748,64640.74944484926
201.3038526471934,0.0002003646355390381,58790.16867039678
241.5271076409714,0.0002011141420919241,70361.88625176299
246.1903037537925,0.0002017654799375495,71565.93796345503
229.5240831158406,0.0002009666900974816,66897.85733214475
220.9768115619253,0.0002039007103741778,63787.29863711916
243.676282692728,0.0002036834960337351,70389.74097897168
374.6551418632896,0.0002040224779782011,108105.1421022472
197.786478481677,0.0002035059002665059,57166.98147069821
182.3698752969994,0.0002038393500627302,52653.56128451898
198.7603086628137,0.0002039021354154348,57374.00229761783
282.993816580672,0.0002029330144523757,81948.65094942764
264.2625145758529,0.0002029543707669226,76519.11834780783
231.0501229668398,0.0002036166506839119,66757.08189073045
202.9486079340481,0.0002026472792771641,58824.58769570112
204.4617406100503,0.0002029063396709865,59212.71518738341
203.1230875432543,0.0002030775970655259,58791.96087968438
204.9490569497227,0.0002032617101406509,59284.64279898853
206.2937035885169,0.0002030839712719179,59708.4147996555
210.2983783510231,0.0002033720762731637,60810.00542145285
211.6547015433545,0.0002022516449477799,61428.02396422168
206.585134970301,0.0002026985296477038,59868.54028638218
205.0641508751439,0.0002024410012026115,59478.14651389646
229.2659229653806,0.0002024692804613435,66491.59460462758
414.9427616508044,0.0002027424786852847,120233.3714309804
246.5440364072594,0.0002028020711449654,71424.34142736846
304.6099875629941,0.0002008518241901173,88816.49257522268
355.0659648179908,0.0002012566680627175,103389.2835108914
374.560033468617,0.000200860511210475,109208.9905221673
220.6592841080767,0.0002017267620551879,64152.44205623047
294.1799526911365,0.0002017664741089239,85515.93935925815
378.9096064221499,0.0002012569314011595,110332.057792244
326.4262617064926,0.0002105912383584605,92219.95213748576
366.8686599407304,0.0002099048598559131,103871.3120697784
438.0399067090381,0.0002107530338236597,123689.012167441
42.75057423224385,0.0002125843690358801,12002.02149762565
222.4099346056799,0.0002112602433552446,62701.17295107054
315.9700730433693,0.0002114224319136627,89031.81791573809
274.1238010231471,0.0002099706851356788,77596.29192965588
320.608468271682,0.0002094194954833009,90913.89194178669
287.0676954211576,0.0002103374371048505,81165.83687525375
290.2753207992695,0.0002096274364053798,82257.9783224639
284.727344522584,0.0002100675875232866,80573.05163163444
376.2456735452169,0.000210615063922264,106286.6113946083
199.7524889068394,0.0002092801355591056,56668.30125633422
128.6521577850489,0.0002090488129079321,36524.5833841534
313.6427381101749,0.0002103426965737417,88678.21550634113
315.1604918614297,0.0002077591971177061,89844.52095486813
268.2445774834138,0.0002081843630136515,76365.79562754816
275.8745316572463,0.0002086784045459364,78413.93899016632
338.4319715300086,0.0002093137343923546,96000.36845288883
343.0124478469095,0.0002095453873041803,97227.95335771563
303.9460953490328,0.0002102308447586193,85967.10034456447
356.5576125677482,0.0002088033921833793,101306.6637305214
375.5417683505699,0.0002081885881131837,106910.4851495869
361.2587421380025,0.0002090343667712844,102566.7442397541
261.5931222732659,0.000209132805474859,74246.88068737573
254.1646884256989,0.0002086370518921242,72252.72894810529
256.3277290833425,0.0002095731566893813,72650.47976515022
288.6652835857563,0.0002080143699641198,82224.07528156404
361.5861599802175,0.0002071890556438225,103268.3548751505
338.8068229564772,0.0002083987536933516,96387.80034434685
269.1346426553886,0.0002095358400314682,76289.37521364748
266.9181114638939,0.0002086012443346909,75886.89442869174
315.2109811098939,0.0002089860234001356,89506.89889067458
336.7500193004391,0.0002073194209767097,96134.87614871445
361.0543413845784,0.0002069194686018557,103206.0132026085
288.1901279904717,0.0002077445478092188,82159.79433194884
524.957782464803,0.0002059991206102506,150503.8007566983
511.816160348964,0.0002050455104792986,147190.738597463
311.8282787272814,0.0002055841792328757,89520.47347341922
289.3910566476252,0.000206635970034699,82796.97879958535
462.6367824750141,0.0002063971146562714,132465.9965517995
264.2476533755944,0.0002059826832348667,75763.02942377042
343.8663638822933,0.0002050880649123765,98877.18751776477
340.5691733781015,0.0002051827108203846,97898.97836491969
361.513236368895,0.0002045296688206894,104140.5802146154
406.7056087970744,0.0002061896633878536,116529.4156473517
340.293516957523,0.0002054452426014752,97736.38747928196
282.849681742492,0.000205310083620828,81273.47723404906
427.6709957692529,0.0002062660471424754,122506.1713589327
356.1219230507078,0.0002056164237907465,102225.7194294681
359.4933800853833,0.0002055218399173467,103225.1631451964
350.0079721588748,0.000204254960528803,100916.6583628914
380.0621526901123,0.0002035269794889388,109843.2309874915
370.7399255908889,0.0002040321758392487,106972.0333621196
231.0834444973096,0.0002022872503011902,67058.91027458919
226.9579581409,0.000201255790058466,66086.56207691922
243.5323881560467,0.0002020656310392947,70723.17672459848
371.609132083417,0.0002007563800377215,108386.0711453305
293.3563099272309,0.0002006294806826816,85598.39102414755
299.0278309986999,0.000200254283409914,87362.23466523788
413.5256868212526,0.0001988328694914208,121388.3583819929
301.0745694358911,0.0001978571101777858,88669.23593910249
255.9912408036248,0.0001979772377050551,75361.27980018608
345.544964485872,0.0001991565128739781,101323.0434481213
426.2022268426815,0.000199157649406803,124973.4387525736
265.9854737928591,0.0001983021794269687,78217.91967362938
285.1840972998241,0.0002006706903937824,83202.42949018117
323.5704450527786,0.0002012677251167898,94214.86301289905
426.0169215582708,0.0002000538963054614,124545.729364106
278.8905865012525,0.0002001242094362636,81514.35617997243
384.5970960628021,0.0002010059218028173,112081.3704477827
340.7836862418708,0.0001998898064552969,99682.37222267137
246.2979942447298,0.0002027822787020868,71357.70531965529
266.0923016322385,0.0002035686424460547,76893.87071001776
292.9344165224532,0.0002032823890600114,84730.00435097811
261.6703012478439,0.0002011220030551867,76228.03252406979
361.9126901200102,0.0002016200281723255,105256.283340591
257.5510557664387,0.0002019606691211057,74820.18894047312
385.3375845138775,0.0002021252904604932,111882.183287037
375.2656181311312,0.00020289056915478,108683.6468214626
252.2672160256147,0.0002027202701165549,73102.01761036264
382.1375725615359,0.0002022906121303089,110892.605626391
401.5738745353844,0.0002018271232979926,116711.1721523491
472.2358236147348,0.0002012481524705562,137511.0699765526
416.6395083806877,0.0002005249838973974,121613.407355412
223.6588218732798,0.0002005478124317423,65279.0882771773
325.3055406951626,0.0001999704004740802,95129.30330561947
371.7263477721532,0.000201272652188015,108234.7782839665
486.4655143558481,0.0002006906651158939,141916.8436819013
481.0266393181362,0.000200058598214711,140625.5759074188
345.7320487854087,0.0002018308568766236,100480.378831169
368.1402068851442,0.0002022917787682455,106830.2955553366
456.6610177036056,0.0002012492594868832,132975.3308380492
337.4957494120163,0.0002019066245917677,98062.11635191014
287.9715233107202,0.0002016061611224738,83755.5658392372
378.7425307020841,0.0002012770953064139,110276.0426014781
397.8965223895743,0.0002017895951276379,115656.7446293972
375.010344498299,0.0002019747761846674,108937.7724688244
460.2878780909771,0.0002013973153465468,133965.7417269459
375.2777769386466,0.0002030651432399571,108624.8674256196
348.082507479544,0.0002033645190454514,100654.2405050901
349.3408581140339,0.000202622427442924,101264.6128644307
374.2700842620667,0.0002060091992465087,107298.5959201001
343.4155036756773,0.0002050384977425022,98763.45863078133
342.9384034699141,0.0002054686123349416,98488.56198793277
322.6591818463004,0.0002031079867612406,93381.1806703795
275.3965373524763,0.000202059260532299,79978.38605196399
323.8707496662503,0.0002023700572486936,93959.5417869427
222.3905999068197,0.0002047797807369313,64011.55497775097
306.8041152430836,0.0002040865839864831,88508.47874320457
304.3022092094349,0.0002045162216668656,87663.72717125861
265.4774611425758,0.0002023933000246741,77012.9160328998
261.4476573166772,0.0002020670503001009,75925.5162390013
307.5458034106043,0.0002031118832702447,89006.06134762609
399.4995961497414,0.0001981023003455134,117559.2117989555
512.8406556628432,0.0001976785397436885,151127.2444921661
356.8042602536191,0.0001969897318778529,105390.3803427337
501.2543153124234,0.0002001483130213708,146495.2360442295
424.8212093268346,0.0001991029379608011,124591.3079999939
495.7331562892157,0.000199515553003524,145187.8016410322
382.4458810606421,0.0001991272300967076,112154.3749927342
520.4204467481078,0.0001982165616846544,153083.2682164708
406.1928301872977,0.0001986351555028492,119314.9444803325
302.4843704452561,0.0001952508437264616,89875.43246373744
281.2903829268264,0.0001966187413055803,83190.09301846192
283.9686401401711,0.0001961413806013484,84118.3792742909
328.569618106787,0.0001957724249549698,97452.51600955433
292.0849801478792,0.0001965265145032196,86409.55933277917
313.6744870569706,0.0001951583825972773,93229.72210358539
378.3969238654146,0.0001920183128550371,113689.187883716
380.5669238594488,0.0001933809274941401,113803.4113523201
372.7965974878688,0.0001928904140071091,111668.7127145328
221.8893371907318,0.0001975416784538733,65418.00161532856
268.5261318039692,0.0001971215147017303,79280.04183520273
303.5526539278868,0.0001963683972515528,89850.3218766613
82.17822006195964,0.000199727921966534,24050.87464640043
131.0595386735886,0.0001984865442544427,38516.59803456937
56.3276721938612,0.0001984899046200763,16553.74224195792
82.48341532584016,0.0002001076794843861,24109.64401499644
57.34195637755457,0.0002000138511035037,16766.11567076958
131.4448838787191,0.0001988685443638673,38580.36130462199
120.8496063199832,0.0001984766946810865,35517.21417019996
104.2864744785965,0.0001995371448535981,30540.68803193222
58.42393112196049,0.0001984510006344826,17172.04087577454
144.0042909834844,0.0002036076585875413,41608.24136610951
141.5992868370372,0.0002049155672855954,40739.06877769683
173.4742984202576,0.0002036407343484938,50117.80439352211
65.9222185170609,0.0002013095755140498,19192.08650339794
122.2153198852542,0.0002027065098838683,35417.16961696291
149.4723672544997,0.0002027407915303205,43311.19377093832
101.8839090950424,0.0002036315683237041,29435.7786813027
123.8824158816969,0.0002049149141786893,35641.881377161
126.1325919386333,0.0002036051949185193,36444.7311222491
104.6755378396393,0.0002022693697172483,30377.94934515458
90.48584570666063,0.0002026444118300166,26227.54022428149
85.06857232407545,0.0002013154828229629,24765.72386330763
109.6526591304226,0.0002006712211134684,31991.09501628642
109.6394183687846,0.0002017766582392717,31870.29667209148
89.54913543831491,0.0002008213865584242,26112.87900263504
49.66068676102584,0.000198854505750252,14576.58414143308
92.4588779282289,0.0001999405607787629,27040.49773090566
74.08178983732648,0.0002000910473937452,21655.07512766262
126.9871824059616,0.0002003429545907807,37088.89014591291
46.13624122650787,0.0002014086693949905,13427.34359403154
101.9489379250632,0.0002005023018331422,29760.24237513049
24.91057427006644,0.0002025062477483165,7223.673725185498
16.51791104060132,0.0002036279744118254,4772.326650367371
68.80748036143061,0.0002027036422959315,19940.1285245274
25.32014065062849,0.0002043655176534914,7297.84050137942
91.78610799161919,0.0002051025667212521,26391.42808762168
73.00018927791211,0.0002038196912855812,21077.86214971511
243.51496911417,0.0001984057533903903,71585.13062130788
268.8259649869252,0.0001971945923912254,79348.95518253358
241.7317108814146,0.0001974113087946052,71299.35601878546
227.2817653104567,0.0002005331034702352,66339.75712769195
233.3309174674982,0.0001995406289602827,68331.04526052201
231.6120280879059,0.0001997588740924041,67778.25578176351
224.1169356513925,0.0002006827207423398,65383.47853117209
218.9653989390453,0.0002003673032239277,63947.60113351832
230.1241013945775,0.0001996942170225176,67357.36874274426
317.9899768727818,0.0001968615298492337,93966.45883834998
293.5495053240064,0.0001970489408562637,86689.2574502004
289.2476897564712,0.0001982376729680957,85077.05306033642
303.5269512796565,0.0001960437960369017,89941.85855410718
236.1228419473694,0.0001949635108184957,70226.72954386771
279.6599965626374,0.0001962276873770963,82817.76212297681
319.6142592173723,0.0001981407472765507,94039.49369436549
324.6624337602661,0.0001971367051526443,95848.88036205545
295.6130555251589,0.0001985066427642397,86870.75195801376
169.4815216244273,0.0001958616851642283,50252.30997100022
65.04882953545693,0.0001943728755695335,19385.73983249775
231.6763433061612,0.0001958434914512023,68697.7101270313
1057.71182897506,0.000205603205695781,303631.9300292659
1164.549813522255,0.0002045754901387202,335420.0375833272
832.1812032276162,0.0002056664847958246,238841.0023671276
967.780733059771,0.000199935670363343,283041.499460247
740.7888868668489,0.0002020763512403586,215121.6552344947
906.8471807330936,0.0002014530643949213,263887.1170363399
881.0206288434318,0.00018776853219804,268681.3591161158
498.0422439483938,0.000188881729136263,151288.6036893018
471.5182501413287,0.0001924697603248872,141445.8369542988
978.8698187379073,0.000206332329914275,280336.7817525267
942.3631187625793,0.0002058927559365207,270265.6819404049
1644.006790839795,0.0002065665603853802,470468.1869945982
417.0745481377557,0.0001939299697490021,124485.0127551213
442.041886722481,0.0001903366372909829,133592.4236782626
600.9224729907695,0.0001935397054895968,179599.4746385095
838.9492097311203,0.0001974373238699774,247428.3726364073
502.0897838445027,0.0001956915063129832,148958.9951466152
702.1798848813766,0.0001953170298399185,208587.514885437
695.8433025069762,0.0001941246171204403,207550.7832919045
942.3357158056787,0.0001890922916219183,286037.5843691575
516.651374858817,0.0001937742755645406,154288.4827018069
785.7694486623086,0.0002040848563879299,226684.2182716227
685.2765684548119,0.0002035980383050108,198008.3430223266
440.9067341350142,0.0002033510667660655,127501.6373723565
577.8417363507474,0.0002064926294980979,165401.408585602
619.4417105363887,0.0002061051453275895,177531.1458860679
373.0014692800486,0.0002063938574029802,106801.9947057689
672.2704413974305,0.0002063539473564913,192516.8864095704
722.1368724230471,0.0002057775577254655,207183.0307097866
717.0840767859094,0.0002059474666128854,205620.1995116993
652.6932789461534,0.0001996079117297218,191098.5124863957
663.5403944508867,0.000201110124924733,193305.7367286661
690.1387006291887,0.0002002797420375319,201609.8282309618
693.7145577031282,0.0001707432442067464,225398.8983168573
1530.520231021251,0.0001660819110186836,506552.1764868665
663.4371695300792,0.0001724339599226677,214149.9274642169
334.1651558608847,0.000182213641852284,103969.8069355572
424.6647839579013,0.0001754700726429725,135491.13389353
321.9737514335513,0.0001798753749587794,101042.9443533692
1537.886030855258,0.0001646691083784753,511897.1710416954
1641.217852254409,0.0001618430494288154,552633.0622869508
858.970668563538,0.0001683491842829737,281732.958949743
635.2185730848645,0.0001938826279127611,189625.7258415755
1199.93597962066,0.0001926231203089858,359765.1845511913
624.9269033493928,0.0001949817175385317,185851.7381769477
710.702197214551,0.0001949560827062562,211379.6290966604
671.4318210329219,0.0001915956153535587,202027.9897381065
565.9649007229524,0.0001936816767623029,169068.931382415
411.4652518911386,0.0001775083753633457,130272.8553745346
373.7862772086368,0.0001791207279814183,117632.173797384
352.066422451708,0.0001830217276775063,109216.8148307033
405.2781724824041,0.000204007904607464,116946.855976694
310.8091695810782,0.0002033594244883041,89877.49375600005
275.994427223243,0.0002040362064018882,79633.44173970044
3305.7401904254,0.0001996101256447578,967862.5204059954
2633.460846336895,0.0001994910360773987,771337.7887714666
2181.762846664107,0.0002008828132365275,636080.8986477212
434.8558354033397,0.000202397197545055,126146.6260039523
1188.886105496664,0.0002009043619376005,346588.3874561745
671.5501939890348,0.00020008122382505,196309.321549347
543.1109388407544,0.0002032213217923681,157123.9429011744
1275.951213433026,0.0002034028761243097,368917.5729985305
1363.955723613512,0.0002017405340097978,396525.8412782443
876.6544772749147,0.0002050527098660705,252106.9276436534
907.5920414704073,0.0002053873385818707,260720.3321566701
429.368898122056,0.0002042876128220537,123785.3437015364
818.8807740947141,0.0002054530997208588,235186.4027265572
916.0615394032894,0.0002051411416273135,263363.8350831436
651.3816335261693,0.0002046864823000873,187546.6887014978
818.983620498548,0.0002059325279390898,234850.7305900553
651.7485811114457,0.0002066458521360928,186464.2732162377
916.1703172242035,0.0002056343623098086,262973.765233014
686.7348584519613,0.000206652406128946,196469.6395657053
965.0423455399559,0.0002064271790455931,276292.0901753753
975.5879734223686,0.0002057923485233613,279885.4286990134
1729.154314879569,0.0002041344900808294,498757.56257803
1675.235253943285,0.0002042590900753863,483008.6130544777
1998.02770940964,0.0002050780261525684,574542.4046382686
888.1950784166187,0.0002082519073467994,252803.0856618097
828.5257225659467,0.000208255113475949,235817.2371997427
516.576119153422,0.0002081346115681813,147086.0394657657
500.0846709475897,0.0002073241788491367,142761.2164054277
428.2827138412997,0.0002077398709049496,122100.4621294762
499.8458532852854,0.00020721805599065,142741.754377393
599.9853483153512,0.0002076584908521106,171096.3911807076
505.2711715814052,0.0002072624448965203,144270.468538572
620.6337389245563,0.0002065961328625699,177590.851284748
528.8081710090268,0.0002076588390465556,150798.7966729708
586.3372864784999,0.0002078378796102788,167108.1805849197
528.72176353771,0.0002070231705696635,151082.634915297
863.203141145827,0.000208287024671669,245662.1233105913
859.6218258112227,0.0002083525268778593,244591.6269034767
715.9034351130849,0.0002082180392308879,203786.5629820343
1070.989910037039,0.0002081333576410322,304946.9207563723
1096.02586597245,0.000207838516402994,312370.5731329093
1090.522089469546,0.0002079470277879089,310693.849089978
485.912915278105,0.0002073810918296794,138690.1670992698
444.3946731407451,0.000207430109982498,126819.969994628
415.1753431950877,0.0002077796471893583,118348.534283076
935.6314780949165,0.000206647943373532,267680.9303492024
655.8369683347382,0.0002068937849471156,187484.0228385187
823.565844364435,0.0002061894854891835,235968.4737960428
554.105677586533,0.0002067349865571254,158483.2176555531
613.0527106033319,0.0002075228771066195,174898.9345129268
633.9228537937287,0.0002064668977655238,181469.1426309075
459.3250597022305,0.0002075870419597184,131014.6858687565
549.819527814422,0.0002080076469641549,156615.2181438899
429.6106657313351,0.0002079360296031521,122402.0120254675
1617.070591761127,0.0002030958585311243,468016.9701313435
1703.556985206494,0.0002019645860796071,494887.5364403091
1715.958392661247,0.0002014251294774481,499379.8166014834
534.0693334756269,0.0002043213267513563,153953.1246960399
775.8603260629603,0.0002047862273040432,223314.2213138636
359.7522673953449,0.0002040182115042406,103806.4284722553
1902.524761332475,0.0002052853785545911,546711.6216024162
1339.866593305788,0.0002051005925218701,385256.7728333053
1640.390854048959,0.0002043466737183103,472827.0244270238
1346.713223911757,0.0002055324111774798,386682.8521165739
1890.330030582998,0.0002054265074868748,542958.5111966985
1576.745943691503,0.0002046102506058589,454091.5958393181
817.9581887314663,0.0002065064370054423,234121.9012051436
1130.89252738329,0.0002056394129120141,324601.4315741088
1651.812658125579,0.0002058261101553057,473835.0094014259
1151.921566495642,0.0002060272434922606,330222.3583132844
822.4147478166759,0.0002066014332154741,235325.3263682575
1658.143182320663,0.000205924351813237,475499.6750778469
479.4967301259396,0.0002040837424113613,138329.0444170687
979.8442227575215,0.0002051951854847131,281651.6232472311
1177.391054699616,0.0002042672578659688,339459.7022886076
608.6443393254459,0.0002069631157234721,173954.2129772808
608.3808692368864,0.0002068528681991007,173940.6882953434
895.6596575031392,0.0002062879877460482,256543.1285816052
652.2602535627158,0.0002056332953903718,187222.7520080542
513.1758937344101,0.0002052969411158474,147461.2558815387
677.4344896892881,0.0002045597392056435,195128.4207012137
995.2658490043432,0.0002051062487438815,286167.1913360201
797.1372842354759,0.000205514106017401,228896.2610012382
936.6225970930535,0.0002041664162197693,270131.4155373929
848.8026007954788,0.0002065906902305233,242884.352673351
475.0737348976273,0.0002069008937256738,135806.1516517551
675.442437999127,0.0002063619442508686,193420.2483331837
3228.403110801992,0.000199962794010864,944107.8880653711
2119.020139115587,0.0002012359847726146,617065.5799208342
2363.043234433194,0.0002009044909302144,688882.6354004595
566.3746609868687,0.0002077684257728373,161454.7336182284
355.0819550133654,0.0002075536001460813,101291.9864992897
381.7887454987533,0.0002079047964183623,108787.7804539983
864.3607805030254,0.0002039246790704106,249487.3488061712
862.3709451085473,0.0002049323617221276,248096.375259601
1279.802945381762,0.0002041223777562763,369161.1806159354
2024.009398572296,0.000202274759493264,587378.5225423153
895.6189122647964,0.0002014689470785193,260606.0605469734
983.1418503803337,0.0002028676321015176,284756.9571291913
2746.374846231272,0.0002016173481661797,798744.4998142802
2725.081742360354,0.0002023620431069873,790606.1051384039
2019.849586524614,0.0002031519450386366,584482.7612442254
2456.826884454314,0.0002012843877481423,715321.3077841181
2477.046897047896,0.0002005427042429316,722985.6061347481
1183.293225154505,0.0001988493345742664,347330.5227771874
1315.516038684693,0.0002023890703910363,381626.1361579625
2344.767411657153,0.0002016253400837936,681924.6051202356
1677.694459549971,0.0002031537482895906,485470.6479870096
1191.060313404856,0.0001988832480648881,349570.641355001
938.5257526538676,0.0001982482181414937,276040.8348643376
2116.577610582932,0.00019994246609528,619009.7669538158
619.2876252538977,0.0002009733503035011,180495.6557773235
594.1053805453278,0.0002017921806606527,172687.3784500956
400.3144332395118,0.0002023672835362174,116138.0101472991
380.7955463119671,0.0002076706269348617,108586.3273135554
317.9036267952263,0.000207617473871136,90667.75885118735
341.5005366299887,0.0002078868915650835,97313.55094560111
253.3676580721705,0.0002066929745158263,72477.08207729954
239.9611043113731,0.0002069104495925802,68593.9641814053
270.854272152575,0.0002071254159471406,77371.33569505069
213.8287624652706,0.0002060836314830054,61287.29544397312
216.6324764854326,0.0002066083214229795,61985.7259163124
197.2777916626405,0.0002063069021139532,56502.67719179703
911.2431467570599,0.000205948801067748,261293.1932571167
855.1166831861173,0.0002065181945844971,244748.3840466481
1602.819187072427,0.0002066105216334261,458616.3953656582
391.4807410170166,0.0002067105871828861,111978.657018131
444.913006125998,0.0002058320773155758,127624.2090562363
574.990592390069,0.000206171983654046,164755.8988405816
355.3617380174938,0.0002069215121639899,101578.1353371581
305.2583199579112,0.0002067469473144177,87305.46688416712
407.0967743730936,0.0002072148686317,116256.4484307398
305.8207098865979,0.0002053146378714175,87872.62829469414
235.8505435168818,0.0002045876926362164,67928.26860484185
241.7125486200968,0.0002045700516049974,69620.61058132743
338.7488080196263,0.0002066499729965674,96914.22796707157
338.3023019840318,0.0002060958674061507,96959.88624705275
289.8755664899406,0.0002064617039821859,82982.26259377348
328.2788125109179,0.0002066594698741111,93915.94073825296
252.14508591956,0.0002065118966286761,72169.51582519939
327.8392631964331,0.0002061172068531263,93954.61831747474
987.8578361834317,0.000207396321293753,281942.4158470194
968.0860507643905,0.0002068288155390188,276804.5762675733
689.3028130847273,0.0002070503785162418,196951.5327592716
501.3425281341553,0.000207856681812545,142875.7599450675
849.4497382655911,0.0002077939078766146,242130.3034943284
578.5429458138181,0.0002073435671797419,165148.7250534071
541.8253603581311,0.00020777122479904,154455.1505881058
462.8286315376079,0.0002075150552333562,132044.5489082266
389.2573810407394,0.0002073660700797611,111107.9304350181
985.0089020199289,0.0002081440525638713,280455.622749185
764.9943403623373,0.0002079909196327235,217919.1043917362
1009.02479613135,0.0002078491301037433,287565.2241215968
835.2093127096337,0.0002081987397111113,237762.4481967193
476.3610581433516,0.0002080892490031832,135655.2135571541
633.7135452149878,0.0002080532415687734,180485.9219299835
945.6281998819945,0.0002083207023966021,269090.7655046757
1009.30414162644,0.0002083171417332822,287213.8531222689
936.120909596773,0.0002083858383574966,266329.8298291235
534.8598490080328,0.0002078092391907451,152450.9362373869
365.9257448278615,0.00020757348185475,104378.6603620472
456.3925985036061,0.0002075676203930117,130186.3711976485
987.5061578181936,0.000207736032156191,281534.6959495315
992.7438655901008,0.0002076207448363,283132.7120625895
693.3852498493239,0.0002072813102763703,197970.8139350643
834.1749332741567,0.0002082857852441594,237401.8217786281
921.2811032947758,0.0002080298535314069,262406.7814440788
556.864247059314,0.0002080907699939721,158579.6507989583
963.1470174125723,0.000208326231236786,274071.1229679823
1037.359408682759,0.0002082523740050826,295258.6363733216
1056.583870623014,0.0002080713141236611,300904.8376318081
594.5730956750186,0.0002042679837487514,171424.0371421748
441.4068125659991,0.0002050104871973886,126956.5113414594
359.6552093809179,0.0002044933643785727,103617.6030671637
879.8509014072285,0.0002039430217626556,253943.1583780328
744.8319783092289,0.0002052968700290356,214027.7546890305
771.7170345131142,0.0002042181778084349,222533.375504491
1789.412292323943,0.0002019950607604426,519776.4313044933
1755.070096875592,0.0002030021076488454,508113.5409133267
2014.194000020596,0.0002016663259978009,585705.1468839201
1011.616837898717,0.0002056351986869341,290369.5551911333
1000.877723927306,0.0002062760252513587,286691.7444525256
811.7775400574183,0.0002060397820254865,232703.5328820653
346.0006316668552,0.0002076634888900881,98666.59196445222
510.7122573458061,0.0002079082825057165,145521.9215426823
370.5999700772582,0.0002079514524991135,105583.829037255
375.9028626226483,0.0002058959466492553,107806.2075069571
326.9271076930812,0.0002067608990522541,93498.64657449398
294.4647538074856,0.0002064348898871636,84303.30205057122
917.3572329427819,0.0002068596265099008,262273.6530878246
936.606669617922,0.0002074274930606525,267288.1470992088
526.6967605468263,0.0002071650270060592,150435.275809725
612.9773731147394,0.0001756182379629048,195463.0629839461
506.8501549675668,0.000180196426672959,158872.5259536811
440.0885590943526,0.0001781624036646045,138993.9945257683
361.0244910069008,0.0001799184300309693,113279.9101404836
365.8791787427043,0.0001784174960234403,115446.1361716538
341.3589499124802,0.00017545212537527,108919.4747168366
351.1045380324155,0.0001814268522005125,109555.8061979779
320.4647227747776,0.0001866964776913179,98104.62433645673
330.0640034556803,0.0001853135487188238,101545.351646005
782.0983173570966,0.0001733549960662927,251557.4072379209
584.9591475210315,0.0001759244596288017,186312.239576244
1249.191016689863,0.0001711461590811909,405244.766059721
439.9317648773508,0.0001828074292198952,136580.7290972833
346.0809175254759,0.0001860677957606456,106185.0831857291
377.8943695925356,0.0001807751132753304,118198.3261367593
389.3619584387098,0.00018212131058354,121184.2947452389
458.0606332432012,0.0001842522350148152,141464.6054716016
394.4029497946313,0.000180614387382384,123435.0771536463
409.5816616198504,0.0001881798652838871,124726.4040049958
245.2132384782275,0.0001913274387809915,73851.45812437915
328.0233838255117,0.0001910076888875695,98901.80957974867
1847.746990056613,0.0001685374356901352,605589.3778494429
1067.060728711152,0.0001715105752693074,345670.1417080848
1603.503611166688,0.0001692961693527459,523968.5110922019
1810.7568853877,0.0001637161984557602,605060.8375199098
2173.583298976662,0.0001656720285060513,720571.0812909338
2336.56805552161,0.0001627662499170382,783794.4727225363
1004.741769468166,0.0001704772890000527,326796.0287544226
935.0977579160236,0.0001718066762583776,302573.1070428172
1672.720047650978,0.0001688199105030437,547613.5069476683
783.1605526627201,0.0001656266071308961,259675.3549418289
901.9145706877655,0.0001684701502461377,295676.4675258812
1236.536150870709,0.0001648470766051074,411294.2625198556
2208.754699513815,0.0001665813064949403,729563.8568976119
1940.907688658589,0.0001673506374152077,639126.2177245802
2373.029078500472,0.0001636863568164698,793039.3518158997
493.7370512254922,0.0001765933068296071,156860.2464055841
671.3121271449997,0.0001737236304441107,215618.1067274152
730.5119990936785,0.0001724361840044123,235798.8874184706
445.1712227725703,0.0001785637934763838,140388.4826146268
508.210796638026,0.000180320186216671,159226.1236435325
614.4736080898016,0.0001756949891552187,195883.1070747219
593.4826487712211,0.000199557475982222,173791.8307266388
463.3272722760385,0.0002000777761851509,135442.6045184737
603.8281335645954,0.0002010609145069352,175938.7794389027
741.4328238547743,0.0001975186760868302,218608.1579178328
671.6058363032442,0.0001987069784077213,197229.7307912651
709.5823850112882,0.000199386634207502,207908.4453820401
630.0046848636792,0.0001914942797130649,189629.794948428
668.0617776073292,0.0001948527332623718,198767.6134814419
421.9568114949214,0.0001932738482380718,126227.1003952893
557.0094415606294,0.0001952020957902529,165528.5481772186
632.8305767316247,0.0001976649333138387,186495.2184727827
700.6624388099943,0.0001964703616935317,207321.4033821487
1158.160418440036,0.0001909644759857017,349247.7857282996
604.9241981535228,0.0001922355307261665,181612.2686202055
509.1879713979241,0.0001883376402217462,154972.0528416558
463.6991979439347,0.0001888714408560488,140861.4481961401
1106.651592682635,0.0001901234037290042,334698.5720932394
475.2317629742802,0.0001874867636293787,145074.7123716754
490.2686936042109,0.000190549415943363,148057.0461756731
587.245815654683,0.0001941617227950141,175136.8441445566
1147.495934045492,0.0001917897682039132,345038.4804582913
459.0689105617989,0.0001964031027206075,135866.4785195927
414.1027130256199,0.000198297572141682,121776.4037560727
467.8957614179132,0.0001952983076121205,139000.6371936548
309.3078046252574,0.0001911712841158431,93205.69308688227
406.4766132532405,0.0001940075970992415,121289.4627227693
326.5293030266585,0.0001903891535343354,98664.44849638321
469.9259494407177,0.0002037324771072184,135723.7708051772
519.7531103834134,0.0002029190040149914,150515.7506934346
367.7202941102946,0.0002030757524264315,106433.6325562806
382.8556995299702,0.0002004720987313934,111771.863602619
294.7529311018878,0.000200762717099963,85967.85473408859
482.8718927280336,0.0002018060960292243,140348.919176479
596.8237656847754,0.0002016751336604458,173544.6405563959
457.1942181788216,0.0002007005617665945,133373.1282065932
565.9521060035052,0.0002020326029433,164373.5901493793
565.1397762570816,0.0001982347113605702,166227.4490364544
493.6213991211899,0.0001957699964696669,146407.4657769906
438.3247900602099,0.0001987535441086954,128702.2420005017
281.0171411920755,0.0002012637864110577,81825.5724108174
322.1121091317514,0.0002024613917129579,93421.22827246448
465.2451442253625,0.0002022990089802271,135005.8784117737
308.8134355127709,0.000198100045033306,90874.03331708672
217.289039400211,0.0001991575849723834,63714.74057137573
234.7920062124233,0.0001997372169709945,68713.80168704147
232.2746281691982,0.000199885980266985,67943.33868236803
405.8958027029057,0.0002004835941891467,118493.7200087863
232.5110738803665,0.0002009252665623668,67777.76960828328
341.9051312416663,0.0002051393271287484,98296.86511708323
257.1015808309328,0.0002045219957910341,74064.72232052717
281.9336493629613,0.0002045760919422588,81203.91992650625
356.6578419602449,0.0002053614221430622,102464.2900582387
337.4466287824247,0.0002055013645271065,96901.08066694166
269.9152469532658,0.0002047604093401648,77695.65964611202
363.9131107463978,0.0002057371191991965,104421.3409463562
295.6190793843423,0.0002062354262256222,84688.3388776396
344.5047894086649,0.0002058611222219579,98812.61059385131
390.8470539521515,0.0002052715972150319,112319.2690220937
377.3128726446819,0.0002053290266491316,108409.6785087851
314.1666250560809,0.0002047663674353626,90431.75571548269
388.4371033967642,0.0002056248372307104,111498.8340304082
305.5702777735016,0.0002061807814538763,87554.60399794253
374.9450804532215,0.00020568263373052,107605.8568068606
285.9850861762411,0.0002072445018991676,81662.25606065389
242.7447306684165,0.000206780476077174,69418.75024370504
317.5401551860495,0.0002069418504806025,90761.10343163321
310.9876050982573,0.0002066367028369631,88975.70494597321
330.3293444732956,0.0002071018588910427,94367.94349648517
499.9666301873622,0.0002067450947538822,142993.9103153271
354.6707464523828,0.0002061440944239211,101635.3461152953
595.752620082415,0.0002058354987211794,170890.9682095851
489.1250532889384,0.0002054324846879999,140488.4094395172
559.5869520854216,0.0002015692539503062,162773.8817866369
396.1605366118496,0.0002027123888427928,114802.413109819
629.1965404772741,0.000202972732934798,182177.411281406
574.8725551455356,0.0002024005834912212,166761.9899266917
542.628251050608,0.0002033889096648125,156898.0533978912
384.5553286385735,0.0002029604805315362,111348.5361554095
222.086427670802,0.0002066607546839814,63535.53302170288
231.9732289725894,0.0002062234852014835,66457.77334916347
201.7519873459241,0.000206342582089884,57777.4779979225
296.3346917788215,0.0002073237408059746,84595.99565556494
263.9780613360555,0.0002070871404790949,75416.39132003028
358.8911079198967,0.0002074465329713619,102413.8228454546
246.6335220410904,0.0002064685427351261,70601.86551035332
243.541750278532,0.00020624125142373,69768.02022994783
233.4087688571329,0.000206700680114249,66766.0829194212
333.7866100544206,0.0002056033715497671,95818.36503039266
267.4484384847587,0.0002059738677087275,76682.92150784016
270.6879393113255,0.0002061847767567498,77558.81672852488
237.9350402072291,0.0002053430963010417,68360.4637389659
316.6517449321533,0.0002053824696855998,90964.71664067195
257.709622766591,0.0002057573731541468,73942.42634156613
340.9350969511838,0.0002078730993826919,97156.7212529454
315.7242518272208,0.0002075358507987476,90069.79817525536
380.1984477134903,0.000207650193878708,108423.17283714
636.7503321959742,0.0002078087562614989,181493.0301194611
470.2989306009099,0.0002074046781341808,134223.4175874584
860.8668145101408,0.0002076620352545288,245488.5434594541
361.303518034719,0.0002070857024377398,103221.9628697293
413.4546461790472,0.0002073794373955446,118009.6209412513
327.5891054889074,0.0002074043866843378,93494.08989491065
299.9440993125378,0.0002067787159835976,85776.78541465067
332.6992296890878,0.0002071025724310646,95044.75009608286
400.9561827285737,0.0002072668639675343,114483.7017892415
775.3865255209111,0.0002081759040287848,220748.5926436581
678.5589178019605,0.0002079360489061791,193330.7953032044
474.8019803579849,0.000208057539762001,135224.9665025082
884.8817615539483,0.0002044881433864377,254941.0808093525
776.141165131354,0.0002050121265483349,223230.9210926187
778.0289564614216,0.0002040179956451372,224500.2228087356
623.0857002819354,0.0002075326623133125,177755.6768807776
585.2356678221878,0.0002069776501036147,167256.043374316
400.2670753013304,0.0002073239357162545,114265.9684481526
808.1390516507681,0.0002026345614288613,234248.6408978078
740.1627308106737,0.0002037837362534554,213737.5694355047
527.4027983808704,0.0002022583156044478,153063.4527357582
871.4559716483013,0.0002051200787859749,250557.0730901821
901.0283063939273,0.0002046986715543936,259415.0005630284
1290.86528099092,0.0002043176649528544,372114.8277505546
800.0018416486678,0.0002059379195624071,229403.53508334
786.20162200672,0.0002053596719753046,225869.2765505938
794.7912530493712,0.0002050781887739608,228545.8976165292
760.6946569240996,0.0002055242793106467,218424.6305544835
793.5294860799302,0.0002059725258883275,227522.0745889115
788.3400527301351,0.0002051162318381578,226662.7946063017
1966.068244782377,0.0002071091191709165,561650.0142832187
1177.695065223556,0.0002075833574375484,335921.5256000357
2175.041414995768,0.0002073578081407682,620850.8333782098
897.2594669135424,0.0002074615234166103,256031.268233707
1598.168179766745,0.0002069907942397037,456725.3585898545
851.7204228032101,0.0002068895872665765,243484.4920906172
1911.336181652081,0.0002074740611596804,545374.1415543285
1100.036045781779,0.0002078205212573728,313531.5838855425
954.7233170848813,0.0002074395118651032,272447.7390591003
1012.996435510861,0.0002067201202932675,289747.3134308971
1882.174438900474,0.0002071990086423946,537528.4092387148
934.1459154786602,0.0002071614861140089,266814.0574972579
1248.587601936121,0.0002066510639671667,357212.9989609364
1988.697736838677,0.0002068733199374603,568546.2378380427
2198.839832272395,0.0002071272737766488,628109.559226242
889.583372163905,0.0002080564701588331,253356.7654717741
787.2595963338788,0.0002079351656282068,224301.7531650831
891.3058812774618,0.0002081788686914952,253747.8334317351
735.8635000548078,0.000206065842095157,210924.2869820296
555.1698944115861,0.0002056703298591056,159335.1074463728
722.6304939033996,0.0002055061296834055,207507.165163145
589.3870886963873,0.0002079580885544347,167912.6464394034
790.7240440301277,0.0002081866337120419,225107.3711700943
650.0393247638286,0.0002081313000061254,185089.3225787901
652.1501367106373,0.0002072308304505739,186227.8708841996
571.1049414983581,0.0002074957199118843,162945.7944651744
685.4440080779823,0.0002067825539551629,196018.0454231383
680.0991147976508,0.0002075151197584818,194031.5617731868
803.5469646146072,0.0002078843202562254,228979.5912174633
597.2784855792938,0.0002077661400649476,170265.6433836154
651.4441548762709,0.0002068649141343264,186245.5765873686
539.2820760587227,0.0002060123112290587,154603.9324911941
717.5545260116452,0.0002064033574541322,205452.0141140459
218.8286081510364,0.0002055302800863205,62832.86874867865
195.0779363817065,0.0002050837850721893,56094.54158934449
244.8232832563612,0.0002050349465572907,70409.96443162458
248.4711709424022,0.0002056096514580365,71325.85867386223
232.3137219845313,0.0002056672944544442,66675.25820624908
259.0752385129881,0.0002051628665946382,74477.7819533596
217.3845939424772,0.0002060347976925679,62316.30754571965
306.6724943844879,0.0002055360790126583,88054.07261290208
234.7419781825046,0.0002058244829524659,67337.87462246118
346.4629866187527,0.0002073536778640855,98896.82508689044
253.3348564651436,0.0002070279137083429,72389.51689303564
252.5160404785686,0.0002070139460419611,72158.78881410837
416.7934421524281,0.0002045621166530344,120052.3699695892
274.2117242188369,0.0002050464400143049,78858.98759469828
364.9441005677423,0.0002050945705152517,104935.7744199324
575.5913463486552,0.0002030803841924129,166597.6758491389
523.0902295327721,0.0002038908792974123,151000.3923216499
573.5831519258296,0.0002037139780900763,165672.01955546
261.1973249345756,0.0002044140970811533,75271.08267741356
250.3946094036148,0.0002048788126383077,72048.83164326508
387.3040601632974,0.0002043903598234326,111620.7948934695
291.5193057002551,0.0002029728659224148,84406.39106676844
251.180773426758,0.0002037704876123407,72536.87978716801
284.441191084636,0.0002030906833429458,82325.14190354742
206.6721041857546,0.0002042142112637242,59597.02125251813
201.1987215336281,0.0002045767390980241,57950.12568998525
218.2394359804516,0.0002043118756958931,62912.5791803815
303.778158407419,0.0002053282689854393,87281.87107490515
207.7239351863331,0.0002051588183484764,59716.32625146462
232.2105846371863,0.0002055999573612242,66660.20809170224
221.4569217638795,0.0002049262701284957,63712.42987838761
306.310697779615,0.0002051875300792041,88049.76248838643
228.9824509890769,0.0002051273180886607,65834.44798228449
218.8218378209102,0.0002045055306053113,63040.64136019864
201.7579390113553,0.0002047537209643399,58077.70292763186
208.9438311678423,0.0002049592331695038,60106.00944228721
197.2868544928839,0.0002041649084306837,56899.80128886567
180.9585964662268,0.0002040871539166329,52203.79869418495
191.9400360136371,0.0002045159576365123,55294.35187406912
404.7005278039975,0.0002044774200107231,116601.3377148182
244.3690920698656,0.0002048768926945715,70315.48167619087
347.7818817517993,0.0002050430174851718,100017.7230391461
236.2943715326389,0.0002063175853137847,67675.14777790919
258.8763888613412,0.0002058832631680896,74246.91500072934
309.7291877891125,0.0002059175132314489,88821.87644032079
231.7518170784982,0.0002069476469607257,66239.36383321464
222.9408080751494,0.000206786755978072,63754.04688865527
264.453578523665,0.0002072371848973018,75515.77063162043
359.1459264707327,0.0002074639032091832,102480.8176901016
263.3604098942627,0.0002071011469043162,75236.54091379246
298.1497916128047,0.0002074195503077476,85087.94819393459
218.58486454176,0.0002068130087913651,62503.0942992342
198.4152272263786,0.0002064808431343975,56796.53247287129
217.8243246968978,0.0002068045393268495,62287.32282212727
270.4626961722873,0.0002050895718635747,77769.92034041148
358.2173050476245,0.0002038185436214262,103431.0101598897
250.4285589012637,0.0002043906575194978,72173.28848630769
281.0195325389661,0.0002051691196151641,80784.58725594619
292.2897373200262,0.0002047235317002925,84146.30632112508
370.3514206285139,0.000203907611968348,106903.4503765136
220.3839638668653,0.0002066663456632737,63047.34703192546
217.555998961621,0.0002061244787750379,62347.3524644489
211.7938903215377,0.0002065109161689734,60620.30058252185
215.9429536780747,0.0002063135606915723,61847.26813077488
221.7608518076403,0.00020594518329878,63589.26254519638
237.5532989256038,0.0002058973691128199,68128.24490747025
208.216283850888,0.0002047382480970556,59939.8110061932
277.0074605922309,0.0002041275229043335,79901.89677231859
259.5160201118561,0.0002046791227928313,74721.99770501294
266.9147315565402,0.0002017269225700228,77600.28242637936
363.8428419756218,0.0002010758373600199,106008.47281337
344.633440139508,0.0002014693001802678,100280.8862088647
201.7538709974296,0.0002026705328891821,58473.82045469554
206.7641690559745,0.0002022308542153854,60012.76953699273
186.1537671368306,0.0002023465471742388,54010.05638160933
206.2332678154611,0.0002021452810022868,59875.5687509886
211.2988284329922,0.0002015213452621415,61472.80824215713
212.8424305293142,0.0002019607942807978,61832.02876031316
253.017871737443,0.000201486687710988,73618.4992754035
432.8512539671393,0.0002010406445117794,126129.333674856
319.4600524122756,0.000202123848857019,92755.18278122957
451.2251742535455,0.0001996583393489451,132089.5168422735
266.8571918778187,0.0001990363896714346,78281.16038780977
385.302978648649,0.0001975511696596773,113592.4054034996
395.4411015737749,0.0001978796383988002,116452.210090052
288.9625229392298,0.00019924614373742,84706.14240412692
459.0735246358845,0.0001997379651024124,134351.2876438137
234.7651530470995,0.0002012120688303483,68369.79578000148
289.6630365865307,0.0002021019405951585,84109.70118056188
420.9632504546266,0.000201004604025555,122679.9284703378
246.6134447795393,0.000203056885264085,71384.66671041686
213.5552888634797,0.0002033134521925776,61763.64552707964
214.567147938046,0.0002037000370443253,61977.75247786153
452.4962230319493,0.0002012836758570882,131747.5623778265
315.9171923389507,0.0002023802133547128,91649.0346288516
336.3675747360553,0.0002023427821390199,97593.81889606423
190.1799349214373,0.0002015228987652474,55328.44017914141
207.1150924649211,0.0002022344670294626,60113.90820945116
239.8786426486163,0.0002024047161899355,69584.28422659195
333.4434610991421,0.0001950907211767714,99128.33137961139
219.7393241538475,0.0001931617847289178,65759.77392513621
253.1507045323121,0.0001932350366918635,75739.40535846868
500.151200023227,0.0001992217289895238,146625.727035881
430.6096028267032,0.0001971300564037514,127130.1266998573
433.6289910406388,0.0001973419479351671,127929.8928695324
244.7488835810392,0.0001984727812324509,71931.65992868018
341.3926304751664,0.0001973931247373198,100700.7705936525
358.6411753082306,0.0001969635951840955,105942.3268299808
259.9173730272952,0.0002055139304519914,74634.75854746469
240.2852720121265,0.0002048258800957734,69151.87056870529
310.867736448451,0.0002055424200470134,89256.80573641084
280.8375988708035,0.0002032165803874335,81248.58855658113
233.7499259771524,0.0002023025122358654,67829.29420220635
250.3883385680709,0.0002025286705361364,72603.31052499449
291.5190821999582,0.0002041640897234287,84077.685945113
278.0030700328919,0.0002029213612127768,80506.52491946987
369.4838750802312,0.000203340318665071,106851.3031677988
273.4370518009027,0.000204247764157076,78841.06619296773
291.3839550873938,0.0002036980252762367,84166.85276894202
260.3519821154604,0.0002030171427297379,75371.25515035592
1860.283218066555,0.000164492279069625,619653.2373524902
1666.674296652983,0.0001670180645846844,549551.5536095065
2359.120580582085,0.000162295551899233,792889.0033083892
1853.317557442361,0.0001633553991149508,620193.9299714311
916.0775236540505,0.0001680315162693921,300841.9512059492
1719.803883452616,0.0001615132408318578,579882.7247957244
1001.648891314944,0.0001738687355261127,321539.63729298
1339.152819700342,0.0001699006052760081,436549.5277246874
1513.250080665048,0.000167397539329332,498208.721487464
793.2002045186887,0.0001850728353454569,244242.3848381683
701.3204425216782,0.0001802639280971567,219774.4884504354
462.2170291955406,0.0001842017169361467,142774.3393585212
833.8109650195524,0.0001794756224495932,262057.9201481113
933.738799957743,0.0001842659132893737,288355.8298548828
965.503495723697,0.0001810262905793777,301712.1147960297
519.6838532594567,0.0002006802179610139,151612.9090091611
468.6242622898999,0.000199423590278103,137290.47763892
362.7031556938034,0.0002018291261002808,105413.3076973407
1626.529337546077,0.0002035910112461069,469990.956435466
2264.792120949233,0.0002028060092329222,656106.6899240791
1153.00538861862,0.0002033926690857512,333381.2264729787
378.2207135864343,0.000197018483912656,111705.3553588782
472.9978471574046,0.0001982189256223227,139132.6591150731
524.2890050901439,0.0001994872297739654,153565.6269753079
292.6632650237967,0.000183478440013909,90638.25186691307
297.9940236614269,0.0001898589976196416,90209.74015589144
304.2917946383812,0.0001858035571374221,93451.77589106742
713.5265609052647,0.0001973999943688132,210464.4362222243
682.2879112816925,0.0001992702249594781,199988.9817440795
568.6304986635134,0.0001982467217309669,167247.4378119071
729.934181609308,0.0001880390615639062,222391.5685681373
934.007854597962,0.0001833748621959727,289372.5478458503
891.6542785812368,0.0001873718451978636,272307.9216135439
353.2046774737439,0.0001567649726125257,121486.240415648
338.9906314719647,0.0001589464470390818,115527.9710931249
603.4638309495191,0.000151394949438645,212443.6008408071
699.2229828157111,0.000167260821961321,230331.256591124
508.3120300613229,0.0001712083091028106,164859.4434647109
375.1340825456651,0.0001700038049811078,122240.2123392081
798.59290865793,0.0001568710150240368,274555.6034188661
380.1298669078363,0.0001614297765938069,128216.1985417546
421.3150746221922,0.0001637273461344905,140775.209884289
288.4370953428893,0.0001898484537204333,87319.86801413381
280.0879168662522,0.0001913414008902142,84350.644905947
250.2469501986215,0.0001914794304883085,75327.58461394598
603.0432836956337,0.0001854762197036542,185419.8937138264
354.1481871527714,0.0001879105220618359,107948.7514557376
294.9816721736051,0.0001876493739952789,89997.4670588623
397.7507947832158,0.0001897875738753827,120438.6484885244
315.6645509455192,0.0001909187432703451,95205.07558561429
324.5243595688763,0.000189427469473971,98390.234677541
654.3474859608068,0.0001640294367443187,218370.470138495
901.8150691983618,0.0001597368614144615,306323.7876702809
1340.1003392931,0.0001601881894019521,454342.8055040172
501.6059042331048,0.0001742362335435882,160794.1793577956
426.371208515899,0.0001686172518249225,139696.824028027
383.5237925732895,0.0001686349172049826,125649.4645443526
540.6600567699051,0.0001651442514547388,179617.4990645272
712.4316430587351,0.0001609810731444167,240746.5036082276
494.6796929649358,0.0001652599006294355,164265.2722116585
477.2222005121126,0.0001755445538735767,152216.7337697314
302.0361452337537,0.0001738971105083489,96946.17418193589
403.9140863515585,0.0001699289090502491,131657.0601178709
400.819448471791,0.0001836403396937787,124061.4143003523
441.5233292553949,0.0001865316014357551,135244.2188885491
470.4808288687453,0.0001857285532799223,144529.3826515666
262.191427039099,0.0001756131147415359,83607.87590453602
333.6735677350828,0.0001792576241944348,104955.0599076798
314.7782549599677,0.0001747473574072287,100708.0790606473
513.1526319309701,0.0001802613729106261,160809.40477745
451.6913749998559,0.000185170892411733,139035.8036208964
410.5102014449628,0.0001822752300791055,127694.497674828
386.8570222047666,0.0001728125935594545,124690.5553303133
490.6907643227948,0.0001752762358723649,156672.4104382691
373.9870309906506,0.0001696865075155755,122018.3088280422
289.9899062843726,0.0001647616438354931,96489.22187311735
338.1210641637738,0.000170192106188235,110097.9633512281
326.0961158761087,0.0001670564648526197,107507.0062047807
619.9947835098344,0.0001632120425431673,207596.4402604194
1368.397206104479,0.0001593529911870972,465556.111529253
1064.920498693126,0.0001563525432877973,366927.7463720898
278.7388897056292,0.0001606750782893278,94311.62307523536
261.5478095634458,0.0001670174929048075,86240.20503956043
266.1280952689514,0.0001628505536666296,89241.02832536535
311.6426488744379,0.0001781879909955364,98417.25917174375
618.2014072456712,0.0001811379671828501,193103.5818956073
394.977312799519,0.0001756933907516536,125912.4094035234
662.9551212104994,0.0001856882435336408,203686.0053844486
481.3167176271223,0.0001884818112166371,146414.6887777669
400.3921202882146,0.000188119698015439,121953.9880066407
328.3038477334974,0.0001925091631126948,98471.00461852328
347.5556251303082,0.000195191769176007,103288.0285740851
299.0572424430747,0.0001918306228835461,89910.21436610945
258.0952374394678,0.0001918187809165319,77598.36540079508
224.3476543137917,0.0001917270337834122,67473.40558732126
356.4152738360129,0.0001893726806967168,108079.8555915062
291.7444334490924,0.0001939618614959218,87067.95604984967
380.3622157348157,0.0001960445072200114,112709.601986346
377.5346865240889,0.0001958035780431235,111963.4941448752
1324.072785857455,0.0001539815647705309,460892.21630464
2532.380960052486,0.0001520362536736028,888991.4822100272
2339.466110813828,0.0001496851821695805,829846.0891693798
442.7338442549134,0.0001712368256306443,143574.7085897571
702.3082451743488,0.0001700509578328793,228810.0233607622
598.0084961721409,0.0001672417472412867,197005.139755696
280.3581826117399,0.0001730341154221262,90287.03919225249
334.6545195271509,0.0001721730652484003,108131.7471676123
419.1449021277235,0.0001689417644377692,137153.2715153866
394.098486145902,0.0001680083545232496,129434.7376290931
293.5563801313943,0.0001719962724651733,94917.32723454504
435.2487415952805,0.0001678999739907385,143011.3275795809
467.8890417846242,0.0001780770843432844,147821.4698508877
370.1361132479911,0.0001800941068378626,116063.3564078406
294.6205442671977,0.0001764461542562006,93652.97174710991
431.5178101141088,0.000176573198809471,137103.6032132078
654.3772045678397,0.0001723890163718851,211262.1852449873
404.8522321771055,0.0001735646486910018,130113.4989098391
3549.112674099575,0.0001588347303286175,1210104.308324483
2942.411494136442,0.000163590760315566,983703.525432097
2648.790594188076,0.0001619328550687149,891574.5099231892
2636.462682381572,0.0001595454544954942,896255.8530081181
2548.228290160888,0.0001583428729081885,870641.409663651
2887.653899855137,0.000154934154807556,1001029.850024694
2400.708545414823,0.0001623101856170099,806818.0186758285
1965.948115936595,0.000165985593531266,650916.261645621
2316.545866243501,0.0001611042842166084,782413.2147187302
6904.840146321852,0.0001440137169013835,2513146.017254708
5241.525788217619,0.0001489843425228509,1865079.324514976
5819.39452524815,0.0001457252069818118,2101461.061401616
2873.084246753951,0.0001600499860609315,974640.8286709123
3714.468815741512,0.000158036197888522,1270746.732119306
2319.518579926811,0.0001622472925676083,779733.5418976303
10247.66560926816,0.0001321726064348316,3949395.642358198
9743.929371262957,0.0001348596947312676,3705208.734276765
9113.838903028203,0.0001342261738879352,3476507.792201061
7477.294999800164,0.0001479327120680847,2673222.055107058
5616.750309688829,0.0001495405612572275,1993635.600981052
7334.546540123804,0.0001445673561364442,2662725.77892948
8682.406783857361,0.000145201490826947,3142867.551013473
8286.454797780883,0.0001468485181205563,2977070.048486814
8136.1446344675,0.000143474215537671,2968721.249632893
8231.417539635979,0.0001470725275880923,2954293.196812967
6462.791095309106,0.000150930363037107,2279829.523798771
7846.007713944902,0.000148709750932142,2795261.438212515
2309.408318391358,0.0001585018010281799,788517.3581790355
2186.520664621047,0.0001613456550069892,737760.5067823019
3538.539911785964,0.0001550049852569779,1226291.320369184
2896871.57675618,2.958623961276103e-05,3028326724.570708
2248793.384119882,3.506096304979738e-05,2099263690.796103
2433554.505425015,3.47887671109804e-05,2283573804.694818
3621479.579372697,2.417268710119338e-05,4331810207.865259
3383174.575216841,2.57731656664638e-05,3877447249.25513
3397273.25354851,2.656483361128993e-05,3815859830.973235
3987484.444339629,1.758334297561727e-05,5897003292.08067
3782241.326728256,2.121399073700231e-05,4935535943.643056
3589287.209165854,1.999625080985201e-05,4872021105.931689
4565217.872401092,1.596954879787988e-05,7198904488.893626
5611140.946397123,1.530785615503008e-05,9101401280.816547
4706284.192861629,1.789472459375733e-05,6879044776.15732
3197900.298120796,1.572916827495699e-05,5094025098.098287
3832729.765156293,1.62137188900321e-05,5983010616.055048
3442541.228862823,1.861972093829149e-05,4900386916.830148
7675846.510431134,1.311356626259858e-05,13803177467.95035
10468660.01758896,1.056328782370234e-05,21744947002.22083
9481712.396107052,1.239476195181974e-05,17703588964.23493
3783575.735815702,2.776574961945136e-05,4126319284.956324
4585883.017689747,2.733239507624717e-05,5054030350.445058
2936484.451089235,3.412326016272835e-05,2791219736.773159
5012388.213711939,1.837867060032211e-05,7197283957.534845
5944935.567366894,1.579579136911058e-05,9443208078.838352
5829296.817249822,1.789468605574018e-05,8520533344.141118
3807357.184429599,2.280533293481084e-05,4734411584.587752
4145602.673602796,2.108604585604049e-05,5431555788.716837
3562910.271966471,2.440188421445719e-05,4235024988.409886
3959414.112516342,2.105387929098589e-05,5192894597.343875
4169346.575086198,1.740728715679844e-05,6207460071.809617
4304205.551141978,1.933114500236441e-05,5975688505.66182
5574539.841963653,2.075142792248329e-05,7382050858.716386
5305304.849615453,2.398888872587628e-05,6378280152.224263
4439444.022234543,2.44238506402468e-05,5273745412.746132
2084049.659581455,3.834841324283624e-05,1832637057.694014
1913342.154738971,3.861727645063597e-05,1674704597.380677
1529113.664896871,4.38168489944411e-05,1230303730.312785
3149200.276142884,2.881923487563018e-05,3350261062.095053
3135626.650871885,2.803037187618475e-05,3398117882.21666
2652779.782184474,3.322079369645438e-05,2567011786.934988
4406604.873109518,1.454600529517973e-05,7395058538.33602
3723830.874940956,1.40566131458237e-05,6393462957.221759
5862359.827373926,1.196813801225914e-05,11204386437.26438
1892628.973771121,3.891962040499292e-05,1647984365.09223
2006880.904265723,3.968284689437513e-05,1724989223.85345
1503112.656816924,4.397507176475162e-05,1206481019.246682
3449321.784499104,2.198211936677484e-05,4395625356.941915
3638526.074509136,2.322295052990232e-05,4470065567.850726
3413784.272424004,2.560238145648334e-05,3929909028.849993
1353706.16638391,4.54511462054844e-05,1062905156.435522
1360814.650439741,4.559308680726645e-05,1066267843.465068
1724500.45378741,4.039260473185772e-05,1464857592.877411
1983569.34633264,4.285280695607074e-05,1619799293.470536
1160823.505187124,4.910232938950183e-05,865694775.5050373
1356530.584915713,4.664627676288139e-05,1046851147.704703
299349.6955986571,6.064031565180144e-05,193941694.3009705
563897.9274634481,6.016858237740225e-05,367243382.5601551
568262.5431475849,5.672030201512472e-05,384937310.3832355
656721.9096066711,5.479805297014627e-05,455202620.5748526
478039.4223415451,5.813503278432062e-05,318545713.3026566
298698.8516783986,5.985273296478418e-05,195213970.9918694
1071902.351535869,4.910523299814112e-05,799349497.5418984
898780.6718850135,5.156087580799865e-05,648794063.4024707
793691.1130540303,5.269549303500702e-05,564680169.0271585
1141671.951796094,4.848060733921026e-05,858675945.6647079
1135161.726964358,4.833337691414871e-05,855512410.4246274
848251.9621411602,5.192770573593403e-05,609432273.8487117
2096616.817579086,4.010381637722243e-05,1789487200.244415
2253094.494058379,4.060347553940083e-05,1907233793.730903
1580905.395440939,4.439622838363223e-05,1260884087.071094
2176369.647081539,4.256614449948795e-05,1785211943.381934
2051029.730850077,4.549811945174714e-05,1609322159.684977
1309365.569870524,4.881504363076225e-05,980298780.330199
753510.3173006108,5.557805566964685e-05,517392707.9633047
748483.1165181858,5.904425559757746e-05,493624727.9325771
1008015.694482534,5.610263224164454e-05,687825810.4944495
87514.28473029916,7.04994181405856e-05,51280855.1955807
167180.9458271253,6.774201473384205e-05,100603874.1521069
149859.6456161635,6.490642668413077e-05,92788232.27320044
14694.87035126717,8.292756384359676e-05,7727395.734907268
11769.9599547121,8.661086758236253e-05,6012568.80486652
13419.28713357881,8.593968119039229e-05,6890757.293647188
56199.39707805686,7.870175490348674e-05,30601452.82605051
23521.15107273433,8.094744587723112e-05,12569648.63837012
21899.65353736568,8.39707845177375e-05,11420499.61988287
36652.69114243278,7.539678306164928e-05,20537015.12928179
17656.3755734357,7.801577444574648e-05,9670448.332445186
19943.49113970482,7.910917650538854e-05,10822226.24226384
8543.020856755365,0.0001206746659899914,3498383.341705843
8550.381345468128,0.0001196661031706673,3521043.458674517
5289.524464379205,0.0001226654858466484,2142570.10635838
7970.993097201314,0.0001114036106083154,3442808.939384539
4604.619800671891,0.0001111109486934957,1992305.220197657
8131.903127090349,0.0001142235265950694,3454261.031848271
9930.290692908493,0.0001170446658683883,4150122.134583366
10402.42905559195,0.0001142554142803846,4417910.393413323
9816.477935258776,0.0001159515174480339,4128301.464999998
10202.87441186049,0.0001048406838653756,4588837.134713423
8166.641372921214,0.0001028110469423223,3721205.29371672
9206.265393071604,0.0001078719631173342,4062665.836650563
5656.690650833269,0.0001028846780474583,2576293.238625339
3819.03723533796,0.0001054706037450344,1710801.430413944
3524.526048500234,0.0001076475489720313,1557511.615108157
2827.896745600081,0.0001106319827208499,1227090.001941127
3092.317834234522,0.0001085299386504879,1359098.980829427
2545.403105457846,0.0001150161099249608,1076260.627948783
3301.851917987449,0.0001190921065759467,1364066.70059156
2901.289707744333,0.0001134984608609028,1237649.818818537
2706.819447671262,0.0001184893476847866,1122035.029690316
10581.80879693942,0.0001015751201548636,4860732.039972525
10688.21979881271,9.481542419225111e-05,5140271.379294114
8506.024607561179,9.954940003194723e-05,3960051.830374456
6802.246612980191,0.0001004336300468034,3148228.646872552
7819.291131100073,9.789777161570872e-05,3681166.934281562
4769.714363970421,0.0001030570432376873,2169904.330283651
7590.172828948868,0.0001087781685439874,3330866.064941925
6649.062519362898,0.0001037366238715155,3011658.168687988
4316.296650272094,0.0001084918164245163,1897492.049696741
9375.089936770433,9.454871629728475e-05,4517224.602993174
9094.910100862866,9.576511565280601e-05,4345037.399558324
7995.259652814734,9.833708699648767e-05,3752790.722193719
10466.69261876891,9.28773094507171e-05,5103518.807654555
9714.064209304899,9.383009139828044e-05,4704421.328010128
8308.526695833611,9.762621898900223e-05,3918739.307603164
12521.16085829185,8.985430139656002e-05,6241447.861586021
16774.3092202414,8.554276304479693e-05,8640173.470599778
11696.65832533811,9.080973485651604e-05,5789488.5411761
12211.63077333091,8.666515703204862e-05,6235586.562222115
10790.02778928357,8.739492786669127e-05,5478963.547753133
14440.13680167323,8.142047054815108e-05,7686858.778000552
12271.26875978152,8.839443029902282e-05,6184048.217847039
10696.43242822539,8.904122977039961e-05,5364280.991472982
10192.68914362674,9.269047085918429e-05,4976592.190982397
10420.53577772426,9.226008004353562e-05,5103649.3826508
12197.02136292488,8.9204741814274e-05,6109352.12675112
10125.03150884017,9.349624722617119e-05,4915114.021719649
96116.0474978,7.430882309225033e-05,54379554.83771874
151791.9490503707,7.010310007519496e-05,89280631.82853889
76482.85076979999,7.284674958774658e-05,43848756.47931436
29550.35030387652,7.872108727256485e-05,16087994.57121191
65331.46460340872,7.646027718658756e-05,36265901.88484895
49341.58275855797,7.500521346960261e-05,27742916.12484478
74564.64127971264,7.6111838318944e-05,41517525.25515241
151112.8379399478,7.091814151977905e-05,88198892.37505013
95575.80414101321,7.512405800673662e-05,53681989.29696121
22953.16103681583,8.238376554300448e-05,12123129.50823881
36667.74332198669,8.030583784814695e-05,19699389.66563227
19181.56453643352,8.459107477231971e-05,9954077.064111073
12031.5646998351,9.010425071078743e-05,5986301.566978724
17174.90737149443,8.483720752355825e-05,8895495.824650111
13935.23338874242,8.703435751253467e-05,7095566.831345432
2838.62981264891,0.0001353118980241399,1077005.949328748
5149.11594350386,0.0001355483304757269,1951356.214300233
2462.793956378631,0.0001397199777792605,914651.6887746796
3279.94392842431,0.0001273994357401193,1295452.270133864
2667.48146415398,0.000132127082449679,1028269.245676258
3131.237041797167,0.0001319181208133328,1208313.539401015
3027.713180728301,0.0001299812131969668,1179942.943456446
5344.614355349434,0.0001331150841916594,2050051.917615857
2984.253563646947,0.0001329008176781475,1145910.289654686
2057.015064327304,0.0001365098205191345,775880.5680949514
1739.063439557193,0.0001408891555236599,642288.8472739889
1604.761891786386,0.0001403011839313894,594341.9416613005
2353.12714027114,0.000134924961652651,894507.234490983
5123.273997229792,0.0001336199718542957,1960198.258380404
2861.697875947721,0.0001304665895281363,1112476.659449354
2224.01967787704,0.0001373940017939815,835269.7949983255
2313.294940201988,0.0001402632219585916,856909.8482171745
4931.904657535203,0.0001360677851105916,1864279.949297963
1421.340000726252,0.0001395443622385325,528311.1563393311
1049.249483739433,0.0001446355651833836,380798.6203097102
1492.885372976866,0.0001423992881844115,547462.761822066
2918.806038896858,0.0001239306850566153,1174228.641041339
1628.732538824306,0.000128890577915851,638315.8945376873
2338.141066856281,0.0001273048778463977,923933.4279633098
780.9551493754038,0.0001484973484314976,278492.5789202602
865.1048164384148,0.0001530297975976488,302378.8381955562
469.586662270494,0.0001550091459370448,162733.714457061
1062.48883225408,0.0001353251517294179,403093.0950332848
1073.845261176663,0.0001410717607771024,396261.2881263388
948.7715856739103,0.0001421678118230132,348305.888734455
1086.197211677767,0.0001348253818787,413105.4370091466
1270.915527606634,0.0001416220642248694,467766.8122560101
1143.215138724284,0.0001408748267216191,422252.636825391
744.6671244617095,0.0001473627451914425,266913.400848305
441.5446238671627,0.0001538731260541406,153768.0416496465
717.4214227297319,0.0001484949288124989,255838.907911707
2200.350956917282,0.0001691720999759111,719348.6997485925
1506.281693159299,0.000167567704033488,495578.7224507459
808.4234710130441,0.000172170552907908,261215.9336380816
1503.453675977083,0.0001525183069097399,526674.228269174
1727.683842516316,0.0001571822711368074,593191.9270636066
1361.740501250233,0.0001583493950446963,465246.8223095749
1166.041302864413,0.000145581435051595,421350.2636286902
1342.47683990648,0.0001487670442060816,478155.3058017702
1132.120215486756,0.0001512033407011225,398888.5966398558
1082.743540157946,0.0001323105761392723,416993.4445843671
1129.075213137195,0.0001308370880897444,438095.6692918937
1267.179490824752,0.0001391163871628731,471975.3040494052
1742.998693930494,0.0001599288249066281,591578.7483759179
1561.014204392101,0.0001635068456880449,522054.9620410531
1375.340814425982,0.0001610968187025622,464535.6211161889
5138.799545942421,0.0001367764286803716,1935771.85204986
4622.531066468799,0.0001404079616159662,1711139.233066841
4493.907389583707,0.0001409447702022559,1659299.596771636
5083.958516450559,0.000159886168358725,1725816.96938566
4746.100274653171,0.0001641819273169296,1582899.505165657
5079.227225163515,0.0001619887452991463,1709258.497156964
6116.940911107413,0.0001551917099607317,2118142.981471302
5421.6147342579,0.0001576391117018059,1857887.161351143
5416.728815824097,0.0001597405998894891,1839897.17602403
4180.993750037548,0.0001490048764413093,1487576.11724069
4556.714442048424,0.0001448387685513327,1652197.38637934
5982.736953099331,0.0001476499316468218,2141629.834106993
6255.036122163337,0.0001502258604792415,2213434.569624643
5625.630657745135,0.0001552601348120399,1947442.199289705
6333.527719300717,0.0001528134994488934,2215837.262902673
6256.884947690091,0.0001500895143729752,2215429.499513179
6340.970912622101,0.0001522674655186278,2223741.742057589
5627.38400675763,0.0001551234278523622,1949193.509618039
1938.671801506646,0.000170408530838835,630729.8794965578
653.070338018406,0.0001734089132848098,210012.7593379707
745.3257114256818,0.0001725170678852768,240505.3405069636
1094.188686905653,0.0001669623913252779,360866.4018347114
2107.835663597637,0.0001687969580307667,690123.7991816201
851.5584587412858,0.0001709053135094441,276509.9457816955
1523.972031849123,0.0001628234590387523,511091.916766095
1719.111456100824,0.0001652329968558123,570916.832896422
2456.116543878592,0.0001668347324782132,810447.0720167834
5232.89791732112,0.0001547927493778111,1815133.281639552
4338.782760570636,0.0001514937538249288,1526762.278046947
6171.200219368621,0.0001501378806520608,2184621.061312902
1840.512482408552,0.0001508775555221661,649415.0381180109
2852.51781661138,0.0001517901576134277,1002457.473005654
2087.778625765135,0.0001555429442317643,721856.5532489923
1743.299650575866,0.0001485102972207736,621633.386818915
1689.111254690425,0.0001460764575732259,608982.4401328088
2731.171689989616,0.0001494240201726066,969918.8303938116
238.7278728129205,0.0001871650628452335,72960.29903634782
296.5779122473816,0.0001858715811762021,91060.52322012176
291.3002719277454,0.0001893738314516983,88333.93541624972
420.7335613509754,0.0001835211931093057,130281.5770855761
280.3300329002332,0.0001863592517603223,85921.59345375877
409.5911531210882,0.0001876913667628037,124945.6199882851
397.4798437120024,0.0001826516463430054,123471.3082144461
321.7998806903676,0.0001841915179177939,99404.51883721257
261.4095594252197,0.0001854840784200362,80374.26986870845
438.1522847979486,0.0001751495596886236,139964.870759548
428.8515154193939,0.0001792876903882473,134877.6427896396
290.1581233483448,0.0001777098024185165,91796.71592222495
468.7067425134621,0.0001745968445526897,150041.11194524
396.178091088275,0.0001754833642676856,126395.9486668301
459.0854340705135,0.0001787268407479714,144688.3823609404
1128.112576248564,0.0001752192028628784,360272.6610067167
590.409853210404,0.0001782612890445376,186401.2848546824
522.8625315886047,0.0001755203268674876,166789.7055556062
2188.657871264604,0.0001673808030847403,720621.8842883816
4634.300152179063,0.0001687135890722739,1517810.136870618
2220.882225002791,0.0001716817068254814,718967.9208709376
4721.863525985158,0.0001696312208468514,1540906.328687965
2434.789411244146,0.0001710513288496247,790151.6222155505
2281.625145850093,0.0001725993057303242,736012.0617338158
2206.550733084483,0.0001779379588709958,697484.9604759888
1060.740419464971,0.0001800055982077863,332724.7519554819
836.1480837401326,0.0001797014214635295,262572.2690336914
1606.728025251837,0.0001755452529109275,512487.144412068
2386.585050357314,0.0001768229666212187,757561.3351528442
948.3305322564811,0.0001785859849198704,299039.2198587387
1218.777122154439,0.000175962265491762,388130.6416275929
946.1068810778692,0.0001787122163601781,298197.5291136951
931.7722983096544,0.0001794115275244496,292915.8677536615
2228.257047191967,0.0001667077025244075,735633.5217107922
3891.142211190214,0.0001609612743210325,1315011.353136869
3591.022528476003,0.0001625352236783728,1205738.516001233
1157.780928193366,0.0001758874701677236,368810.3693380468
1281.170953195262,0.0001726182245649428,413252.9731509165
974.884197061116,0.0001771614194769676,309058.1943545927
2432.498423479358,0.0001650522505268942,808422.2671429525
3567.413275357708,0.0001615915003462426,1202470.457188479
1984.989742641333,0.0001673360792675982,653680.0150481286
318952.8080458701,0.000133400629586694,122167169.1403016
174477.4205320502,0.0001346976690065096,66399658.42301768
458301.1920022917,0.0001268483128403228,181535342.9496361
17191.18586700801,0.0001522274602629192,6029905.435554731
56896.91196342947,0.000147505310688477,20380598.1013113
34659.78456525418,0.0001464332399483735,12475733.18032983
21892.92740666347,0.0001498561906211315,7759862.835259829
62439.04827712601,0.0001418402071612435,22957435.358491
64842.3227126345,0.0001461125500063056,23374027.45218427
8975.576855937568,0.0001490514749700419,3192798.553463417
17566.63354106938,0.0001441864769548441,6388597.41261097
9051.572706346435,0.0001498582245167935,3208265.656308764
5527.380686723272,0.0001618161389507784,1861393.331944688
5746.503994124011,0.0001591681116290169,1956589.28273979
4818.581620672816,0.0001608783436576616,1628999.042087736
3259.559898760153,0.0001674872457687608,1072764.694832077
4853.640032056089,0.0001638957969593962,1620649.201859516
4190.972159674357,0.0001629576500703608,1404747.518747263
4549.909345672479,0.0001623697334494763,1528736.700537481
5146.436804907687,0.0001589034045243503,1754221.823325826
5608.746374070025,0.0001588836284133552,1911963.962723067
6682.735848838142,0.0001394246824531655,2485389.841440321
5978.267025985158,0.0001356216697546442,2264762.079330815
6805.833781340527,0.0001324579901159401,2619163.224468969
6765.830944343567,0.0001452977881911716,2448021.004583281
6632.458689654848,0.0001498110353295453,2351321.509483833
6546.455389848629,0.0001476335945761734,2343596.010613619
7324.222468340554,0.0001379428699687627,2743439.299657199
7024.720628487401,0.000140005114804726,2605352.288912047
7150.914799938476,0.0001330381044332967,2743958.706517295
41005.22646791029,0.0001256597541186825,16344629.39858388
13283.17054389119,0.0001343560968969432,5063647.859959553
13049.41780220385,0.0001294521798250912,5099389.956079131
17730.65041486669,0.0001419989389033067,6514302.690495016
9092.925437749809,0.0001468632698252423,3266591.550338608
9527.516452404332,0.0001411065847366298,3515185.005320441
6733.412150048141,0.0001494455724989426,2391001.395500141
6679.254975338204,0.0001502640528630743,2363150.006910006
6813.094578967459,0.0001457507385968537,2460012.090992439
1697.44712811502,0.0001695272462719118,554161.7984745647
2907.453737956618,0.0001653541044875518,965093.7284502481
1471.619717065192,0.0001722431888256692,475372.688311986
22293.05407313511,0.0001464754602644998,8022806.577127982
9107.056888609148,0.0001462851635159453,3280282.108033601
8082.190957443694,0.0001536654964862266,2817160.11855026
276959.795646792,0.000138658925964013,103383566.1583913
537060.4053153041,0.000130729248133038,208500912.3391888
638192.0357688932,0.0001311489689347433,247233960.7560852
18077.61381199477,0.0001461005680810917,6516881.659552789
77321.85039224137,0.0001461256133368569,27870922.30085338
24414.72039272549,0.0001531129945703737,8530550.427818742
59495.23750102706,0.0001411327373130811,21948104.83553829
352961.7737403112,0.0001332264645326909,135311280.6792582
150180.6687478849,0.0001411539313140444,55396889.70881662
8809.609280129953,0.0001542664938722877,3062731.376941714
22175.89796832979,0.0001484707176853601,7908983.621494833
8011.710861622787,0.0001556608869394399,2768676.834556087
309883.3648411388,0.0001284967220664193,121694298.168352
539336.9387940469,0.0001223488564810531,218840092.3630356
93515.13544728556,0.0001364241869511967,35287508.12075069
5273.368430539425,0.0001275377748938699,2081272.237375945
5615.234900934364,0.000124031839368989,2257767.094692074
5473.147620591842,0.0001315587539090043,2115878.185881226
152088.1469337548,0.0001585848187406435,51910390.39014746
346946.8368920108,0.0001519212295707598,121857039.0700109
226029.0477886234,0.0001552357918694337,78253363.67781252
188220.5437418051,0.0001426983431826708,68926739.71827301
499062.3352589533,0.0001351891690531418,189464069.8259129
131871.3303440939,0.0001468901691416043,47368383.79042192
589059.8570765117,0.000122355861228058,239006424.8113637
474856.8412355128,0.0001285273349277266,186451421.0367969
114859.4233154104,0.0001364333876551343,43339728.81773788
4481771.831315171,9.969595998142454e-05,2084481457.810998
8747805.415359717,8.244366708681086e-05,4618074273.521723
5460605.367336203,9.685898781593292e-05,2589092146.756423
1098738.667685919,0.0001161276561185866,461605139.0474693
2136652.264821758,0.0001115215116172293,922206295.3117282
940518.9851731954,0.000122299304429734,381725853.8711855
6459739.143549508,8.98108680052886e-05,3221037034.218693
9053303.986882534,8.068036769924981e-05,4848735835.268706
4701184.602683494,9.793506397495724e-05,2212662442.136943
932532.7986636087,0.000124495077767948,374021006.8833861
2124606.508771445,0.0001137184906866713,905158115.6451402
1064410.149243463,0.0001249132885786587,425961072.8264853
422.9575301553962,0.0001799543841428156,132695.1776689302
348.1101058659356,0.0001819958841839469,108394.9177766822
366.1010772066139,0.0001772121078163023,116039.3834423016
668.1269553065374,0.0001730700635955275,215134.9771265945
1312.338164843778,0.0001684678434124193,430230.3871814375
1337.317470353614,0.0001727710944120419,431109.0388915321
356.8781764082362,0.0001854760831252222,109730.6740862801
312.5982920244667,0.0001865744797751878,95738.16692318625
412.9824522912859,0.000182522822023039,128347.3232133185
679.7938324253304,0.0001815767702500935,212000.5700698293
440.5516069875778,0.0001842265123339284,136069.8907708732
502.6596014649932,0.0001812744949541312,156933.6876657628
294.3193727367973,0.0001856283934353261,90445.97509799899
360.7196739386962,0.0001881945807118139,109841.1541479633
343.0055051047117,0.0001864214895921547,105108.323191995
1489.494032781375,0.0001763110191115802,473717.174787789
1074.273058630393,0.0001779372840114104,339575.7845707003
1363.695138633801,0.000175188219472186,435559.368880161
383.9113558081425,0.0001911257558116992,115704.8280259458
291.2013911191779,0.0001900270428868037,88101.47347433481
289.798997514619,0.0001920483506628639,87060.90105152316
8827.627187866205,0.0001402087271449467,3270849.933137625
10451.25723460021,0.0001372442434419393,3928008.739641924
10151.04108570217,0.0001384355582297765,3793255.952670985
9669.884086079965,0.0001406269035340143,3575820.079427701
9351.869462941349,0.0001432138840218089,3416449.618748723
10104.90025432978,0.0001397169774803647,3752890.644365508
9041.736717603953,0.0001361894703247014,3415776.945587858
9590.54235835558,0.0001388711455302123,3576309.989963114
10023.78986225539,0.0001379604857714394,3754298.589884183
8063.179294726816,0.0001423093370747293,2958130.890383049
8035.29790317603,0.0001451463261772332,2909363.26347072
8982.66749727426,0.0001415310470968467,3307532.936690565
12470.1722430576,0.0001198280813458749,5130582.968377201
11474.44716273561,0.0001228312678082888,4643646.45787325
11633.38400784851,0.0001234684556468596,4691755.661029291
11260.16184198241,0.0001256345611181434,4488885.708971589
11103.80412483103,0.0001249903712315958,4441749.75195251
10960.60326059066,0.0001284780159554207,4304756.367072782
7637.378301525483,0.0001221391106782984,3102471.500151771
4582.308235539232,0.000124095931357963,1841814.710691129
5230.587260327671,0.0001254622335487568,2087092.873464678
9046.411316953107,0.0001231409572984201,3654892.825833863
8882.509090167845,0.0001218933669636636,3613119.106738008
6269.118935892427,0.0001252367603294145,2504486.102755377
10290.286334866,0.0001214511776021013,4195911.370408121
10918.46619238068,0.000118460079618922,4526685.132938623
10115.42884273777,0.0001201954421157577,4153290.415475674
7558.35855136083,0.0001279145969337666,2977241.647601944
8702.196365709213,0.0001246589978175557,3487223.571221036
5983.131889003615,0.0001267252754017654,2371481.533348834
10994.41024964734,0.0001224664515956993,4458209.934753358
11166.59338342358,0.0001193673852657653,4606066.972251806
10513.00076518989,0.0001220958446202418,4271621.597671743
6372.308134394832,0.0001232579334106866,2572883.845240078
3376.819632524691,0.0001262966655453127,1341466.837942748
4011.600823029044,0.0001244693407456047,1609197.881688635
1847.495825034422,0.000167173846973518,608795.2304433042
1514.283131568173,0.0001652467644469717,502865.4231736923
1141.174040956806,0.0001688461447603177,373557.7790166031
2570.493943598347,0.0001651399170539842,853981.6592135651
2357.710573263953,0.0001618190436541639,793969.959758302
2003.884340125908,0.000166689218827257,661608.349184437
2517.786344055308,0.0001543900552682337,874861.5408397733
1313.525427666889,0.0001563025961415216,452683.178590768
2283.611644198078,0.0001590280675426654,777988.2916300286
3018.090205443829,0.0001598080715871838,1024864.40253517
4641.285458379613,0.0001550754962817313,1607963.404162826
3974.694077737208,0.0001567026221849336,1367475.429766068
9413.819033227748,0.0001375951637828337,3532078.921971734
8398.157379001454,0.0001404216359071149,3108574.810048822
9336.040646852281,0.0001396432225752905,3468562.241967996
8928.878267173446,0.0001358071526629895,3379469.044775972
9552.649675997,0.0001364388918368826,3604389.608234684
9474.298683672569,0.0001384930251492098,3539390.418137318
10605.40111716609,0.0001313535356469452,4104238.477286993
10464.99341375962,0.0001312904271104496,4051199.07871349
9318.856457238844,0.0001333512952890818,3570243.165601874
10098.25536387701,0.000131280782590271,3909419.224409786
8556.937264961971,0.0001306921509692962,3322655.722621337
9598.251271465158,0.0001339733593565521,3665893.271924473
5961.074847693442,0.0001371284967456781,2241675.600700365
4419.706183481596,0.0001358457621337464,1672486.685943525
5641.774062285596,0.0001400641946319246,2091851.917772991
8882.484388305333,0.0001370069406180318,3342253.65682
7312.229007190103,0.0001373211657909321,2747207.498293131
7896.731740127921,0.0001398400113656307,2931071.534573202
4686.751600408321,0.000142888215629557,1714777.044871224
2998.615232141359,0.0001417064141231266,1103217.317644448
3099.127237553201,0.0001454134511853102,1120735.216933055
6110.864786149653,0.0001388405275176626,2279074.407053696
5787.522326886511,0.0001417613030894446,2128731.475322651
4947.288436995687,0.0001426673926478667,1811968.938333884
3747.321857880639,0.000136411980352814,1414119.096470791
3152.373874078881,0.00013944008540344,1172319.420414535
4878.498045901647,0.0001406417911166424,1803889.274145986
721.9201271974157,0.0001551321997645095,250046.732037242
573.9790565427389,0.0001515675118196296,201910.3734098062
736.402529485558,0.0001560075278932757,254107.9396684983
3814.679703724195,0.0001460883535032125,1375247.980097866
2993.386353318136,0.0001476871728766894,1071357.11063598
3211.102242789677,0.0001500979344219288,1136940.289485769
4893.938007361562,0.0001492729023513087,1739153.088761328
4299.98920692465,0.0001465083854023278,1547244.843532988
3657.564049043202,0.0001505113279086556,1292644.636021286
2963.322545659792,0.0001563995718459163,1020834.217264479
4512.106197148632,0.0001517465580146125,1585988.668300512
3328.519670632811,0.0001529836772256008,1163646.490496843
7346.380314014968,0.000146762987849923,2640355.336546724
7373.040759154856,0.0001439314247191158,2684579.184942357
6250.761027094471,0.0001480101141102664,2233942.377713649
6945.569655013893,0.0001412134330184736,2561280.817679356
6398.096110984653,0.0001387109041432158,2387684.964603615
5206.061591875975,0.0001425312180432416,1907960.169533107
2073.219568416501,0.0001427786622097267,758932.3996346387
995.5214498566602,0.0001471694754069764,357140.2465076113
2156.934899463575,0.0001464658938135408,776269.8165270477
854.0855589192718,0.0001461569102397868,307814.0765082973
1866.713339627074,0.0001417168064201379,686746.9294968166
1378.951928443851,0.0001423663045576977,505759.8136462027
829.2641883283998,0.000148435686635974,295801.7191035629
656.5181225418182,0.0001477957883324222,234857.9937436372
1124.402357566846,0.0001440700110256665,409140.7038283153
750.3571166154286,0.0001512405304594854,264335.7346644855
779.2420690992358,0.0001552384325670574,269777.8099884136
586.5264991119979,0.0001505626317505439,207241.2357640929
991.756222571852,0.0001473309327271425,355529.4998131376
1162.866297488404,0.0001503237473409056,411318.3214694151
1424.150261291056,0.000145093249448813,515771.8980608804
1437.671121824672,0.0001574311135725243,493097.1635269774
982.1635593275377,0.0001569818275473127,337508.1228784408
949.7015597405858,0.0001530045657558979,331984.3089496576
1176.309639781636,0.0001535787966999227,410173.3902511995
1494.294401350413,0.0001565857851869733,514360.8985983833
995.8252375966363,0.0001521474443285596,349413.7737787844
1420.831065037572,0.0001456201255566996,513327.8690645465
1159.867184034718,0.0001508363475455203,409327.4998204671
980.7013074628444,0.0001494070202128501,348302.0934862379
748.513551574451,0.0001506046971228576,264427.9285060255
449.6593661637046,0.0001581538682776899,153755.419119016
898.0594401392391,0.0001535890534965274,313134.9714286171
514.2410780743817,0.0001654861003023008,170605.2602690299
563.6768074220697,0.0001654650495926191,187021.979844141
1208.886352303293,0.0001616318365797989,407412.3622706282
567.7542336837446,0.0001647811089987896,188895.7124656625
628.0587837710282,0.0001640168247240714,209608.0835482963
715.5191844784185,0.0001604639579332342,242309.0393407626
1123.418431903754,0.0001582030603110368,384059.3048573235
1542.676585557282,0.0001618559985807601,519424.40972908
2030.58319142532,0.0001608845000963318,686453.8049732203
776.2841825429333,0.0001498344499289061,275177.5197524347
946.9521855076531,0.0001534525798085748,330378.6097559886
1827.802338696175,0.0001491353508801619,649943.3358646602
763.619555221332,0.0001586861319047297,260525.9923797276
673.1730031010761,0.0001622760222209694,226268.3387822181
748.8706335120062,0.0001578056765376947,256443.5140289246
852.4029737780559,0.0001587796071455261,290702.3041848662
771.5071746520124,0.0001631957523841958,258345.4012935011
1221.881953496081,0.0001624270135157952,410446.9925123727
779.3265542512419,0.0001565126066340778,268340.7265905731
750.6887623357978,0.0001563797592180243,258626.4198120942
586.5997967213591,0.00015189068479396,206057.209774048
784.12215635847,0.0001594884401216516,266622.9843712937
603.3342889850503,0.0001636661428623818,201644.0646055964
755.395564539297,0.0001593251888608013,257030.5836977494
489.6147764732856,0.0001673005066758366,161258.647167896
397.9138041742798,0.000170559657189537,129381.2857509585
545.7245308406125,0.0001665436526437842,180282.9901368561
6256.164111490691,0.0001507566290410561,2208634.511112691
3151.724443286158,0.0001558579757091679,1088250.525916354
4565.64346669984,0.0001523559845719898,1600524.459527006
9195.661146994567,0.0001421360576157568,3376344.73157343
8236.814478722228,0.0001457447949019105,2974157.171191174
8885.608468938761,0.0001447174765485489,3223590.387467107
6673.083377900432,0.0001491935554477209,2372246.650202593
5630.951978904852,0.000150442449127489,1990680.491389251
4868.97928992634,0.0001536575945702041,1697208.665353643
8149.535820588449,0.0001468657951448013,2927649.618256492
7528.715625559646,0.000147893847765007,2692077.063444478
6390.260687189253,0.0001507309596606738,2256231.193180504
3277.975816142953,0.0001560696218843186,1130820.031483757
6433.532694151034,0.0001509589920502544,2269221.313812749
5187.326775054604,0.0001531795477424794,1811936.965722273
8498.951568735854,0.000141761696434378,3126027.205303072
9798.36288830599,0.0001400006758160981,3634126.983715916
9057.064659638119,0.0001434899934230017,3304504.830982455
6755.063485037335,0.000143414932862021,2465470.737640624
5041.305554524808,0.0001447265443070009,1828847.779324961
5682.828187354523,0.0001475024648716743,2035627.647623856
1963.275395494782,0.0001650790273223005,652409.0193072109
2217.13477745305,0.0001667469331071942,731846.8215131649
957.548086102917,0.0001714540556392613,310262.1165738509
4211.71827683014,0.0001554988621497206,1456491.10413845
2673.708975467393,0.0001602221204736936,906356.7021315455
2512.842772846086,0.0001583803604960979,858415.9221447054
4008.963847104839,0.0001556193639529555,1385659.049786064
4702.93888137858,0.0001524097482773683,1648266.774336651
3118.348166851831,0.0001570542280397713,1071251.676678228
2965.376754780267,0.0001630406931676684,993609.8087657755
3574.330290501703,0.000158275891743072,1221569.466456764
2736.492615869686,0.0001597131300978241,929609.4568860298
5595.031993273,0.0001525555982869981,1959673.897501842
6663.295614897327,0.0001497251204224618,2363157.315804171
4860.619181141658,0.0001541811786865171,1690456.58722591
1183.420784370341,0.0001714723688281867,383421.4696428069
540.2331318891022,0.0001762321693136162,171866.4437562253
585.34812965886,0.0001746229720417392,187361.3403691837
10313.84647133018,0.0001292215748964023,4035189.881400183
10452.77206298826,0.0001257519948969738,4164423.525721241
8755.484943417274,0.0001286421831530056,3435774.122446293
4660.668926516794,0.0001336652660314567,1782799.658638567
6240.40254120065,0.0001349688435777283,2371684.52831471
6767.469138459962,0.0001313760737124428,2618677.991947793
10562.89821913124,0.0001209766093915068,4318326.640395541
11218.0167039355,0.0001182387052677671,4656679.039936744
11199.22215520338,0.000117969962057024,4655934.905904742
2678.640688155126,0.0001130266411135175,1145848.622610296
2403.901853394739,0.0001173950904071026,1002651.73399605
2491.91331923744,0.0001180696533440234,1035398.200773288
6539.590444649314,9.945832914620235e-05,3046420.000140653
4714.349247398777,0.000102840686562439,2147723.856097099
7748.357657917862,9.765854544117362e-05,3653727.535876262
2591.03766089217,0.0001140309648774455,1101856.892752629
2488.319086872407,0.0001159086112735881,1046716.176123724
3029.366257097376,0.0001093957345401901,1324397.008768361
5333.971150193867,0.0001027350101996364,2431672.127476444
3213.754176887024,0.0001107380579868454,1393631.814580076
3699.975713198399,0.0001061023088335907,1650880.54811336
3891.736688099055,0.0001243435122662596,1562169.046416002
4833.581256044337,0.0001274615336835591,1908459.423052444
5049.780567765656,0.0001308667376412014,1959083.691775369
3381.308155708893,0.0001076337935985541,1494349.974138448
3188.241344475435,0.0001169775245915246,1332957.302038344
2792.10743516104,0.0001138980992159725,1188286.438874794
4206.293996929087,0.0001177694213573511,1750698.112067057
5702.581554508305,0.0001099091772928145,2485319.345189447
5995.581996071563,0.0001155497751022829,2527271.755567721
3957.695768735583,0.0001060411219871751,1766551.069784008
5167.483166801955,0.0001075304210242878,2285203.285304978
3748.58843779593,0.0001153911425043434,1581561.601936306
5391.147480113355,0.0001021892737231891,2466480.412301999
3892.386915818499,0.0001039328421915526,1760816.644316001
3258.16930260389,0.000110204745398986,1417446.852409717
9558.108849863933,9.108505253241794e-05,4721433.711708075
7769.33826050451,9.6521880302409e-05,3692327.212321501
9082.256107258227,9.471240345984584e-05,4371084.201648808
8461.471392675532,9.640026510786463e-05,4024640.300374295
5057.409637508847,0.0001004812044161841,2339941.017879163
6748.771026653927,9.873912463936238e-05,3159113.129085137
9733.471616806964,9.091905446867084e-05,4813908.447202038
9775.668295752092,9.401036299850238e-05,4728201.434604811
7927.520907452898,9.635469878988185e-05,3771859.125657319
10188.65450730124,8.9352752392826e-05,5097746.234106228
9635.121608155103,9.012693602896858e-05,4793147.521810341
10231.82551584459,9.245051646230074e-05,5004341.028819806
10827.3056583927,8.578876771531432e-05,5566302.156297854
12370.6387413007,8.023737675810003e-05,6649785.602607006
14483.25639734769,7.981095251697805e-05,7813121.111997072
3137.49327459085,0.0001243784884556018,1259174.597867515
4184.97126229739,0.000130902907487179,1623278.18237872
1939.710518178293,0.0001276095734724819,765270.1072981593
6306.011683995544,0.0001190805475944864,2605318.893992723
5820.513511153473,0.0001209126802948945,2380382.430640378
5472.357008826261,0.0001244181093396033,2195762.467706333
4055.504504690602,0.0001214289430135203,1653852.389276852
5815.2884555606,0.0001192092651356221,2400847.572752654
5015.900073692766,0.0001245472583400347,2011219.300504447
9496.159160145511,0.0001056370541786532,4249493.119709031
9421.552660817551,0.0001044998789646941,4246638.456431809
7789.730581647428,0.0001120415894792934,3351734.397490518
10576.56153171963,9.366190707500797e-05,5128249.772989678
9685.265073829341,0.0001015168424049697,4450609.022671244
7622.905476409994,0.0001022802048698952,3485454.960275288
4820.623071807845,0.0001007926401655405,2225788.841338034
7622.628441422849,9.439393658487746e-05,3676845.253220321
6147.453060977416,0.0001022809898227314,2810812.911820329
3779780.884430702,6.374061735055068e-05,2368767562.973533
8447050.802558748,5.307418301484208e-05,5981125213.377299
6945799.350174183,5.920986929893007e-05,4572209956.141986
2868691.748182921,7.511096722171062e-05,1611443122.066809
2692883.999938599,6.924999626806467e-05,1596875813.406755
5439732.918069775,6.47189312550319e-05,3374608161.250784
599405.5284781794,7.091679519451047e-05,349854939.6443328
1501615.491807065,6.231698205705324e-05,955332307.4367627
1526992.478667584,6.793117847939402e-05,917186102.0746622
33291.06115972972,7.894594402917777e-05,18090105.11383124
124637.3159636549,7.749351388049474e-05,68570584.58120662
29858.97924037426,8.41904640682119e-05,15544127.66759557
392567.590496021,7.032610057060854e-05,230411110.6859365
416118.6254668955,6.556838072170445e-05,255910152.8909095
1161531.086980766,6.172630197533308e-05,743676397.4706784
8642.004731374651,0.0001072448506453431,3828513.656547657
6567.326095765216,0.0001166189673461833,2751328.543571746
7082.426052992128,0.0001147871430470238,2998609.304503357
6875.446738055843,0.0001472534473155216,2465607.495156872
6955.962732909633,0.0001435591937465229,2537094.085276776
7254.010544385967,0.0001414966263131064,2671452.515510932
7171.685526447825,0.000112675233671487,3074224.595588098
6850.889512228763,0.0001070338330806578,3039015.471702965
8812.439160916314,0.0001062700777154714,3927855.173773318
222290.3184874345,0.0001218906608254266,90421892.76573424
394950.6965028564,0.0001148589764312897,167147386.1774752
343021.5807545821,0.0001174241436895873,143048456.5008456
60035.16844097318,0.0001364138583594212,22655139.37362625
127277.7134419333,0.0001289387633735799,49868927.79494542
156441.7032391083,0.0001311087589795123,60617506.06567642
124858.2998895693,0.0001205621909844113,51161507.09309657
325320.9715785127,0.0001156432724424099,137056134.4793428
170895.3156584706,0.0001226754801251049,69218945.84623796
11720.75065152459,0.0001219997562342449,4764852.393623956
40300.52925239496,0.0001225711533158065,16332471.20754049
12653.21106154676,0.0001263632403991694,5024816.99789987
159350.7483701771,0.0001100710435621145,69380706.53070258
321281.8966643927,0.000112492445940365,137870287.6692639
122360.8274334538,0.0001174107816912466,51031353.2922678
19380.63305025185,0.0001055995873894464,8674806.80044719
72449.78952846215,0.0001082051098768195,31905969.6619229
16202.99849214141,0.0001149733209577042,6852736.103526745
141587.6599985356,9.8962656315647e-05,66177624.69016936
1156827.29323297,8.842319383950128e-05,582851244.4851027
256270.8389217253,0.0001015676128571278,117723281.7544016
1348.075130949526,0.000143021385064935,492924.1663305223
1471.393147842948,0.0001436475745149491,536450.7593119793
1022.783136045089,0.0001474477267073451,366458.5322891692
3343.895645476461,0.0001348497891051498,1271605.9011748
3168.616153282406,0.0001345409996998924,1206794.155698041
2783.307287278675,0.00013792392251715,1042640.899121284
2737.186922625217,0.0001347422600706655,1041442.359158993
2304.800808854819,0.0001349850126203771,875876.8141592189
1824.442441815517,0.0001387696051823956,680665.80229153
4087.088615282539,0.0001223945017537522,1657955.163349151
3394.075498849153,0.0001258035983054136,1351842.584868862
6396.004440022472,0.00012274043145857,2589705.184102167
9562.327385958597,0.0001185538267593999,3962353.550713012
9450.649311865056,0.0001174804979288844,3939893.3164464
8937.345952609821,0.0001203180493490002,3667088.414097226
1926.109026143474,0.000123597842329981,776259.5215854399
1223.142965013197,0.0001288629156333448,479430.0514700984
1271.185022554855,0.0001291776781366346,497451.1636659564
1086.823219493487,0.0001329381841395614,417246.2224881407
1042.436233345346,0.0001326483221297636,400788.2594853223
1098.308617724935,0.0001386948771691676,409905.8449363428
2007.205458636403,0.0001299066816712436,782535.718467171
1354.613686790958,0.0001315227364548773,523779.18456973
1585.31773612098,0.0001344096034837622,604175.0478647574
2927.348644009563,0.0001226052182378275,1186137.800231638
2368.801793775488,0.000122032692593519,962818.8715599717
1635.115468381836,0.0001276103722491715,645096.1401241977
7095.605338524685,0.0001159876261135987,2983424.22512282
3833.553865340322,0.0001128866523575183,1641244.084320974
4292.060790936585,0.0001184747499677469,1779297.890861061
7762.685658168039,0.0001207801376465946,3176983.700906139
8241.556247613833,0.0001179614421069048,3426487.707566192
5192.848626092392,0.0001204340153027534,2129313.228419705
10753.93741912887,0.000114050587108669,4572662.569350063
10273.79645959101,0.0001168396912328965,4298702.173606557
11217.71530981208,0.0001150947199162606,4740972.982672671
5135.038246958204,0.0001229055989001423,2077284.135760327
8353.655868502219,0.0001199240514819991,3435097.372851372
7770.196843302303,0.0001216610865286579,3164687.952941288
9543.670199406355,0.0001118649533142674,4110734.165091386
9719.664149598051,0.0001146712338308378,4117955.050347656
10302.76065658107,0.0001129532145390787,4409146.686719593
1823.886064792815,0.0001221523042269582,740849.3929372615
1251.680224906886,0.0001265889983880346,496473.5108854859
1202.872145137938,0.0001280742006032971,473418.2897385521
4276.215702398939,0.0001292255510691237,1672992.556486368
3534.230284633055,0.0001323474634096172,1360873.517111595
3719.213786412246,0.000132692013618478,1429622.210168931
649.094352212337,0.0001743881451836801,207952.0429777158
1141.61762571327,0.0001720552651614802,369041.6249168538
963.4194998288293,0.0001775775354429382,304946.3335846026
1102.78843895829,0.0001707975041955633,358237.6201045561
581.2876441800331,0.000173888727658415,186585.0336524924
614.1207958692793,0.000176337037405001,195295.1436955512
1683.095763156455,0.0001630840946051567,563855.4149213416
1316.562772371874,0.0001684131196290148,431708.8550985407
782.5428733213708,0.0001707656319671452,254238.4082664204
3580.03109009242,0.0001523575335568128,1255001.30062642
2665.266877279076,0.0001570706941906933,915539.86636381
3298.025732509578,0.0001566205252961915,1135067.239141328
2438.626008385633,0.0001613606065312191,822773.2993988229
1733.605607802125,0.0001660622240520305,573812.1455035809
2150.888253393573,0.0001607327631772189,727581.3761248587
3427.56361468857,0.0001539168116068903,1193424.140173142
2873.99440047141,0.0001583242144312866,982021.5608734369
2560.853050090789,0.0001577165304988778,877269.804942631
3665.833930544897,0.0001512316774139907,1291450.03143725
3633.620344253465,0.000152140387125249,1274999.077235346
2739.370120666095,0.000155951574031229,945491.3053110139
4748.904358022492,0.0001534664712741049,1656727.514169335
5290.989443626419,0.0001480921017193703,1890234.260995841
4740.682485262902,0.0001513451065045344,1669277.782768569
4273.872694617463,0.0001444495397181528,1552425.639580345
5057.153543349997,0.0001435773194481028,1844373.664797822
3401.644401169662,0.0001460749676252815,1226417.613663712
8877.234082196042,0.0001349674130892179,3373844.45186439
7876.9395939107,0.0001317045483291,3042918.585572897
7307.46540229626,0.0001352921904011187,2772798.321146382
2534.435997039252,0.0001312323640841126,981418.0172244983
3132.227895899761,0.0001264618539033005,1243217.143673426
2574.498888737819,0.0001282903009535412,1012115.694636206
2405.267294924119,0.0001391310964132985,895805.8090252728
2764.333330341265,0.0001357891848420318,1046357.976633724
1846.617567618872,0.0001397666665897282,685658.5425874782
4266.515734323792,0.0001276008891656102,1683336.28319718
3683.096564143695,0.0001262644718279654,1463386.332264186
3525.412423108924,0.0001307788463002847,1368311.349913394
6425.314728231551,0.000129761857753711,2506857.816014718
4980.117457511247,0.0001285842054965398,1954854.786462503
4377.479610552842,0.0001320746225598626,1687891.578775336
8653.503443064834,0.0001273676711195206,3418370.7643803
10341.31569958182,0.0001244676924752123,4148311.600863373
9874.586044592257,0.0001240944232919669,3969027.016708158
589.4700004452581,0.0001898703273848347,178439.2167296027
405.0963551169791,0.0001880643839442021,123411.0266373984
490.933474399407,0.0001919609896023255,147530.1074763646
344.7094764103226,0.000184232379093603,106465.5860739295
541.9472112393173,0.0001888329240585795,164653.8311794344
350.492800007518,0.0001906215649836588,105819.1853400475
349.7569381566374,0.00018301387618955,108503.4778507833
371.0708120922141,0.0001858112116203288,113957.3088227373
548.2714062110962,0.0001876305029705247,167286.143124261
626.8346894760232,0.0001777268095711052,198297.7224267394
500.8937766677569,0.0001749346717261202,160138.2357683594
402.1406464166209,0.0001816690511232136,125369.1476246552
396.3057709259332,0.0001778824095902958,125297.3042485037
338.0544422183148,0.0001833716244723681,104736.621068921
317.7252134293725,0.0001805801322894576,99450.05680895178
448.9908576856065,0.0001737645590178826,144188.3027225395
424.698604432171,0.0001754666801908228,135503.6709751671
343.1991549066902,0.0001781886898145563,108382.5721149619
2119.120159490226,0.0001678185169188485,696512.6319365611
1607.90013746203,0.0001693664320598888,525259.819303053
893.514655928729,0.0001725318968528401,288307.1518117955
1093.831028557847,0.0001771675489330425,346758.7703434337
701.7267510413051,0.0001793962679247604,220610.2890281457
1075.077458655932,0.000182848569102969,333717.2929174419
1269.24322199749,0.0001708775943620772,412181.1297911065
739.8205283115528,0.0001764031536093254,235209.8371555315
1141.266287415603,0.0001741752790988208,365928.2834999143
2848.888871280068,0.0001597133892976589,967790.3589604888
2263.168087529104,0.0001601671984746704,767363.4171900616
1902.663824285164,0.0001647385481680078,633138.2790632565
8014.702130323278,0.0001415836493305715,2950384.729110632
6841.681411653321,0.0001433081520280416,2498324.900415651
9626.825301170677,0.0001392906859897162,3582627.918148465
4147.997777642162,0.0001558285695649189,1432431.267458788
3255.805748115989,0.0001578591136454761,1114667.603169525
3843.43183060312,0.0001534367981395171,1341012.515485937
5177.652034822733,0.0001480002919529352,1850508.76075462
4641.562040659622,0.0001533653382241404,1619991.29896051
4319.049603542233,0.0001509702486895387,1523329.824173335
4008.826704580296,0.0001545495128000972,1391998.783970947
2559.339482349041,0.0001608858149490163,865199.1020022831
4016.387637969898,0.0001566611128113246,1382063.986147386
1704.712680083155,0.0001628602544765915,571620.4868834228
797.3046758527942,0.0001705130577581014,259290.068644435
1393.897371417651,0.0001674309053727684,458853.1477546146
1322.532869558649,0.000167777448591062,434761.1719163221
700.0763722446089,0.0001714505121783275,226839.9602247237
847.6813014176271,0.0001742634421169209,271703.4030634019
1499.561854132046,0.0001992924338291889,439511.7704940311
1147.827281909207,0.0002011782172707422,334315.0332389742
1476.935359447967,0.00020132339284456,429963.9006989587
1702.137869109449,0.0001925525142276008,510460.2609670584
1578.35442579468,0.0001953218990262956,468853.5841635005
2225.722891342565,0.0001942569532448547,663569.9499071909
1093.805084333073,0.0001988808524774535,321029.263583701
1028.963003852397,0.0002003946953390698,300475.4166136021
1230.019666086717,0.0001978139977978838,362304.7615986983
996.7377650689001,0.0001828798378329239,309364.4181624789
964.4590983143543,0.0001861201286587648,295861.3616518708
952.9687910766735,0.000186891850913034,291531.2409842497
391.2961464580014,0.0001925683820274271,117340.7653692096
701.6405302193119,0.0001881489915877791,213687.9690412568
392.9878480053299,0.000187288326095117,120052.7140185401
481.4023391667558,0.0001930962975303117,144098.313676896
810.1210107521397,0.0001894409522376842,245603.1789938738
820.7178734605184,0.0001886872416019138,249477.9697489254
422.4030154090794,0.0001969876824018947,124767.3533761294
333.1292697214925,0.0001957777947430704,98803.08488479753
328.0838579615722,0.0001945557155434487,97713.71699943309
632.0485389677381,0.0001962484384687133,187159.966405195
496.1592337805521,0.0001971038191498775,146495.5340351528
393.4380094609036,0.0001946783251090008,117129.0389870198
590.3768806813893,0.000200359684289782,172420.5857942797
377.1380064961032,0.0002017589540539745,109633.9569854909
485.0127636069648,0.0001993400295580434,142131.4397847368
644.6625101435143,0.0001946883619356199,191913.6008669173
661.7478346048754,0.0001908592656940289,199625.9655718634
816.116134967848,0.0001902037715613113,246758.7422292045
540.3402282893695,0.0001993589093023585,158334.979182275
535.4577217080191,0.0001977266012674078,157766.6189016144
391.8720681407012,0.0001968972970207435,115784.6905936718
891.5150099632617,0.0001978169453362088,262594.9271415978
750.3384106529431,0.0001956773178566373,222619.6630698574
675.0578082570655,0.0001971692302922958,199272.8831299486
1016.228121031152,0.0001946415011572573,302575.8381121683
1289.07569787027,0.0001954183551834731,382796.7001143576
1401.166971948312,0.0001926474570553645,420062.9434190868
977.8376732821444,0.0002033837312234646,282741.3268263394
1337.179978499746,0.0002023432260900224,387969.3513040408
1025.034159614916,0.000202201021648966,297542.797258984
640.9363657114631,0.0002068630930253899,183242.512318079
673.9463290098756,0.0002064199105411191,192955.6893496238
529.7254239933316,0.0002060348820950406,151853.0951180603
1444.485604509004,0.0002036526681029341,417304.5774913252
1603.867846830032,0.0002023848099010339,465282.4149166894
1561.917583372878,0.0002024366117197897,453035.332506025
1042.166074578151,0.0002038392015603348,300892.7973352318
1300.681234629793,0.0002040179054883767,375311.6263576288
1412.23178964949,0.0002027966270607071,409133.9307140615
784.3162042006072,0.0002061135394730357,224777.8469167032
661.5484153304253,0.0002061935098436328,189544.6973699618
1078.317857828689,0.0002051461542873623,310006.7933495248
633.7124287934165,0.0002079285268663496,180557.7664506422
845.720141507648,0.000208049264528711,240869.9101008021
841.937868212016,0.0002081698938305002,239700.0343507627
2594.474931719369,0.0001990568321572129,761023.5330360355
1982.263252204048,0.0001982345393815289,583053.5526825426
1903.973188072903,0.0002006254537663884,555567.4678173041
2610.548252186532,0.0001921299377976001,784034.2413327686
2511.143582507661,0.0001937831514428425,749884.1990753855
1985.654135516574,0.0001933750932472142,593795.0604364647
1321.666986227326,0.0001976906126990211,389461.6298588095
1112.926639897501,0.0002002688089014948,325130.462317954
1459.632108857247,0.0001983850943534836,429112.055821402
568.4658775875829,0.0002068904139837943,162509.0264898896
897.1065664244346,0.000206177261260627,257049.5559259302
690.4705579199111,0.0002062431590254765,197799.6247262541
1750.173527303533,0.000198112479492327,514999.2005638843
1657.55207335739,0.0001985276743364023,487064.5008322086
1633.759067707439,0.0002005545134227952,476833.0883420579
2113.121803622189,0.0001883103548325736,643193.6231938829
1854.385421560668,0.0001903866261764401,560328.0698415727
2496.539436309101,0.0001904376947857495,754228.8725145339
1943.106937333097,0.0001825034439532342,603924.515349014
1892.284464950076,0.0001846748834852389,583509.415451413
2014.154222548886,0.0001855811440078223,619065.8149391323
2803.217831010412,0.0001777374847208407,886756.0504684227
2927.832175589722,0.0001753801235466312,934456.8774853027
2716.485204312071,0.0001763285315894299,863891.0009456382
1796.354795881991,0.0001863974842532995,550510.2633745963
1569.174392189382,0.0001893943921520758,475802.2247295368
1915.144098429347,0.0001873034760162937,585020.2490818822
1011.993161985642,0.0002030304329879637,292956.7332094428
1332.356975723671,0.0002037905473420175,384737.5510282781
935.7471981077189,0.0002041843238281504,269863.1619102288
837.3600656053834,0.0002001794038957428,244699.2570453831
964.0406847561653,0.0001995589870337475,282302.3555880711
923.5998518728477,0.0002013807890650352,268826.3460921551
715.440984421895,0.0002042604688934328,206277.0597064168
707.292606419155,0.0002045612890905616,203727.7319784783
506.5672392399651,0.0002027525402288409,146777.5261306077
635.2825309048927,0.0001964702242655648,187976.0066679259
464.6583839434237,0.0001961494817957354,137639.2616490792
676.0710328838094,0.0001985150011746089,198669.0010249803
490.0885933778663,0.0002004357381856221,143095.0095639575
642.6384089136852,0.0001975423116398489,189463.9515803294
683.658711579434,0.0001995861972725783,200179.230962208
493.4504692317513,0.0002003556832185014,144114.9788359263
699.6061874379805,0.0001992928743815197,205049.6950796053
646.4872825027876,0.000197483170644277,190636.7352030854
803.7528037828367,0.0002018476419729337,233582.3628986109
523.8605356976004,0.0002014992732587418,152416.9827114469
723.4444814007802,0.0002006684505568378,211066.4196541371
606.4165167750082,0.0002022194008417047,176017.4839166988
689.0584359092072,0.0002004751782753285,201163.406695511
484.5984940360752,0.0002015431535776098,140973.2440188008
528.465261826336,0.0002051256190674429,151939.2021215554
616.6341497390858,0.0002038134128993181,178048.8057685408
692.1169784414693,0.000204931190108117,199116.5971481187
550.4589735602876,0.0002045263797999812,158571.5976391381
795.3570550452173,0.0002025820345241623,230583.4779437185
640.3738522304444,0.0002032332496361914,185255.2038303181
1071.187185453584,0.0001977625386096666,315575.0669629303
1206.027602824222,0.000196696985931581,356581.4755041655
942.646016875345,0.0001959212918263283,279443.6292157092
684.2980758717935,0.0001905236033897373,206670.9619937238
995.7034103333239,0.000188300787823398,303083.2274236141
741.8064095359608,0.0001933085291910172,221882.5953692742
687.0479378381863,0.0001941902183238738,204881.2147508417
631.7894930525558,0.0001918577990254211,189926.7312290218
615.0979453867822,0.0001956741654864044,182496.8122328968
727.4255337747524,0.0001989941805930799,213416.6461685487
507.3935389233277,0.0001966129373646625,150061.8184714896
845.800971317532,0.0001983536683681408,248680.2842146133
485.3138115445276,0.0001894196512481222,147142.8948427468
597.4402448059973,0.00019029485196518,180582.8271355797
651.2074703401386,0.0001926343416111808,195237.6471836727
438.707569798451,0.0001772547362801249,139030.4395577229
422.3032013918664,0.0001842286911636305,130432.6133592393
467.2903805938257,0.0001796899076183981,146747.6146699772
1266.253795700789,0.0001997076325310272,370616.1310281421
2216.431892999765,0.0002007618971394998,646447.9016569217
1219.842317548593,0.0002015328798714636,354873.1063637024
678.7096191022017,0.0002042745301466747,195677.635036378
603.982678698225,0.0002031555154008535,174772.0870184838
482.4230626474704,0.0002024957102403696,139899.9340863608
583.9014669390109,0.0001956904250102101,173231.3601638902
747.5627954931176,0.0001911923431690728,225251.3221849556
433.4662633407176,0.0001948462652017159,128971.5477029863
440.94287615953,0.0001860250979359684,135311.4774251133
457.7019527991463,0.0001790388589927128,144084.7103271604
548.0932539644973,0.0001868813133086159,167678.4323708457
645.0105596294021,0.0001856253765688071,198217.4688901571
546.6074055662376,0.0001777674428016911,172891.6535379699
837.599196111887,0.0001809708798220833,261796.4701956671
1218.67086286257,0.0001725846798856709,393143.9530530954
897.8333126962207,0.0001765458287660471,285292.7538767027
1034.306367351203,0.0001781206776522959,326717.9327287896
301.3852675180415,0.0001923871014200203,90435.31412814528
306.221832448728,0.0001936217457872934,91495.56920023951
307.7185853654408,0.0001883425292365906,93652.94997227068
495.7759017095775,0.0002049008248227713,142644.9086853474
537.7867171401085,0.000204307212911945,155031.8531836681
432.6312335504323,0.0002050162179566623,124430.1786897294
309.0564427643329,0.0002060384737777958,88594.2600954759
435.2843304951077,0.0002053362940708171,125063.1089196189
376.2526225387355,0.0002054386827048742,108066.5751334713
741.1974837177758,0.0002043418736960857,213646.4538704959
407.6822187491111,0.0002036138969317357,117792.279423482
526.7593702741235,0.0002046294941275012,151693.4339407922
773.7649320690091,0.0002053980177490976,222268.6496799545
882.344399606133,0.0002048827234759358,253883.5571043125
768.5343217492015,0.0002055830033100659,220633.6737549503
363.8419688001463,0.0002034970746913407,105165.674760353
517.9694458508839,0.0002039166822033442,149509.562715812
476.755823705211,0.0002045244537471999,137340.6755215454
604.094509673116,0.000202687135993487,175073.6413074108
602.0371504242992,0.0002033289603376919,174110.0331158157
635.9759206951787,0.00020233547716805,184526.742076117
835.7263535939223,0.0002048150308542468,240522.7794355256
606.8944947970388,0.000205096311381229,174505.0360576093
725.0687759419488,0.0002055068027714108,208206.8761137423
486.6607958365364,0.0002043382482782728,140279.1905828105
430.4952839134394,0.0002048787362342508,123871.2367610578
535.4049873036233,0.0002041659542720815,154416.4380778403
239.7339414048249,0.0002053474446214867,68876.32876652865
259.5816468176304,0.0002057757249672907,74475.12195218613
324.991285421048,0.0002054001219799557,93355.07184150183
859.1041997445636,0.0001988187871603958,252197.5686148082
865.2857248883047,0.0002004498057964956,252632.4375449911
1978.278125209506,0.0002012628977385456,576029.6891368733
2235.85963161011,0.0001954118303924325,663963.1342519596
1586.892452983802,0.0001964774041965896,469539.8103699769
1737.740315517143,0.000197172819979604,512963.9500992383
2597.961704824528,0.0001916978558260663,781426.0918630512
1941.935509962647,0.0001916469284431526,584207.1857593522
2498.799289001817,0.0001933513358905022,747308.5005857029
724.6065818652536,0.0001963745842452345,214476.026719343
780.7817959357507,0.0001981898236764595,229690.0126123336
794.3016753353082,0.0001959292585553749,235461.1614365919
807.5719779054255,0.0001999857782334901,236146.6737034415
717.8870366945421,0.0002017161127022635,208719.1917302891
941.5785096834986,0.0001995653548893226,275718.8374003869
917.2593269525672,0.0002083076078246803,261028.9734537237
922.9598196873008,0.0002083103778620623,262648.8621219686
913.5674635229582,0.0002083850277254252,259913.9658120193
919.8074263101129,0.000208245096142169,261806.4787228283
923.7605489209761,0.0002081363403007558,263023.2470441344
925.5158191366662,0.0002082486512677401,263428.2709401901
495.2175421603388,0.0002081288611829161,141007.1544122479
623.7337959436243,0.0002081808119226928,177571.0424191764
758.3193747376428,0.0002083113660732398,215796.0582341932
545.1674315420502,0.0002067373898748185,155925.5257750248
657.0959685951599,0.000206669323942986,187979.9184459486
545.2551725024864,0.0002073626344171739,155636.9792590697
1111.129563275673,0.0002079040406893402,316608.6306517253
1925.950256438698,0.0002075604884810745,549391.509272786
996.4043099547123,0.0002077781756385309,284033.1160009293
1654.889270284268,0.0002034859199313097,478350.278222119
1688.241742829521,0.0002024826088677266,489601.5857151647
1602.1500651573,0.0002036100587760072,462917.613584633
1408.289111398759,0.0001917293971622624,423544.7962149777
1316.510789624531,0.0001917447812101506,395921.1672192064
1022.294883976224,0.0001937227866598638,305343.7598407536
1080.208394362575,0.0002051094325323884,310587.3709192037
653.6257275913871,0.0002061358437679415,187309.6395299724
740.0837487713582,0.0002058806108568532,212261.1774621681
1651.351021219957,0.0002022858376885013,479213.5401305156
1503.744180343763,0.0002035679397245621,434544.6146955299
1738.210332740217,0.0002020167348898891,504867.5166110466
1568.516276267406,0.0002027956744911026,454412.1182950184
1410.946535544722,0.0002040642904912269,407066.9862066268
1424.746937769334,0.0002040813549963772,411025.575545467
1203.589527646805,0.0002048478537121655,346357.1214916365
1190.908073116473,0.0002048352128855821,342721.8769527152
750.3418777818424,0.0002058749021179893,215207.2586135172
760.3651188792439,0.00020475138437402,218879.0967688367
556.0288562371542,0.0002055030695147597,159668.2095498402
703.5743373638959,0.0002059014975211057,201776.377175243
1152.558524848404,0.0002047403152515716,331788.0516862016
910.0473394468131,0.0002045681399111109,262123.1148854436
847.8141184824549,0.000205706535880994,243296.1579331599
836.3072849959511,0.0002027725807745872,242303.5223346612
584.6126613683938,0.0002047040508360386,168312.8442500187
793.7302907133563,0.000203969432923169,229067.1937397007
223.5804958997118,0.0002009946608223996,65159.47368357932
227.8755219626147,0.0002002261050367426,66581.03525797998
218.5116224065758,0.0002014002094659554,63596.70225625034
251.0860486306303,0.0001987255657666432,73731.55967473098
272.6011937717124,0.0001987009099664021,80056.11599329038
276.7778518744747,0.0001975185929382464,81606.736827172
212.3963211315422,0.0002024277936699648,61607.49669604942
219.6969461618702,0.0002015452499962046,63911.00428833543
214.6725416751787,0.0002019504768987587,62365.81128325604
259.613216115693,0.0002024899712320433,75287.77309346036
237.7162001991413,0.0002030816516445644,68803.67805845977
420.5619373810287,0.0002027988371110504,121838.999602837
164.7266336080645,0.0002058032081111088,47256.59176278431
212.1548512842254,0.0002044227785424195,61136.43481051919
221.767547581054,0.000206737938711232,63428.51435428525
257.4168731859128,0.0001960839936679095,76267.98074190081
344.3632595597771,0.0001946662134625627,102523.4209545873
322.5855107230211,0.0001952499903461728,95848.24736076542
253.2544111557682,0.000203600644927921,73176.37960937977
237.5803078309404,0.000202877576471547,68810.45166797432
250.2007586397578,0.0002026535060498987,72519.12260843688
211.8246636379018,0.0002047115053451367,60983.87606946733
256.3196048517457,0.000204242491150754,73906.80457763272
294.3714275148883,0.0002040182274714691,84940.79873761756
212.1819210690008,0.0002049838345187348,61032.61364769356
296.0577415707151,0.0002051085766724496,85124.36291640127
256.7125819881464,0.0002045151036455089,73954.32265706696
265.7902941779388,0.0002043356006644335,76614.28601071199
305.8004864057783,0.0002049294657808238,87976.88211332282
246.1685580772927,0.0002042665824788371,70974.28615762062
342.4913697782349,0.0002059540344082622,98205.56456146904
229.8389637945191,0.0002052465986142073,66055.098208076
313.0045455374888,0.0002049827792933496,90033.83022930578
343.8296990083713,0.0002060839141281674,98547.8886718646
318.1381177206996,0.0002055007607647334,91356.63290350282
230.9355516259378,0.00020537605208685,66342.36181525915
378.984682185837,0.0002071247034788729,108259.7593094916
383.3793411466804,0.0002065309773277754,109724.9116722534
351.6603837088378,0.0002059889208846925,100823.2913264338
381.8290393565763,0.0002077088417611582,108867.67935383
362.6845758590096,0.0002083220137977693,103206.1655817902
386.2401114510885,0.0002071134198451264,110336.3332605264
322.8974769268327,0.0002067627203239795,92345.66077735895
261.0414093529392,0.0002060983966184659,74815.74359970402
320.9045782188225,0.00020578005408186,92067.65077268181
123.1834569855968,0.0002064643945821859,35263.24515971483
135.6027187112293,0.0002071432238593648,38733.60411515136
90.67909559800998,0.0002078454433914425,25843.23289464655
200.8586415997558,0.0002075018509472062,57307.20197707742
295.8858168942506,0.000207587463336152,84396.29860233201
257.8607404481527,0.0002085086658543481,73333.51226567289
60.82184668198596,0.0002025005275354629,17637.70858648459
175.7105693092916,0.0002028228779512905,50900.25116205379
172.7278959014774,0.000203477963159229,49928.77317331352
228.8652027959379,0.0002038268906824217,66080.31636541169
232.2965944457705,0.0002031709577323666,67215.34380367557
247.7982234210244,0.0002038953117674134,71530.84603522556
42.75666860364461,0.0002045402417241365,12316.42546886956
164.0819261354262,0.0002043960887224002,47287.4278349329
165.117498464708,0.000205377530069716,47434.15292088516
22.50697235934808,0.0002038875733737287,6497.155177917798
32.15998579661382,0.0002027667504611803,9317.899474724703
121.3244924634535,0.000203743337043105,35039.63227894787
350.9962479134642,0.0002058690510764987,100671.9386985273
377.9568578207522,0.0002064514978976704,108200.733353457
353.0803502745878,0.0002068500747903159,100949.2493511464
203.9811132801744,0.000210676110824303,57612.01910979665
229.2353951077743,0.0002100353426957861,64876.4019598221
201.8511960656484,0.000209544875464636,57215.44730538489
320.8653038254647,0.0002115847926206133,90364.90393636047
145.8959597814186,0.0002128927944983276,40920.03126964722
207.6738985704356,0.0002116547548795319,58474.05736872641
194.7766661073485,0.0002118790129122671,54803.92129553579
232.8756755189345,0.0002091058247021372,66101.81344061073
233.6586387347881,0.0002101888904814275,66096.02426820906
256.5048512028441,0.0001980609175729372,75491.21097669523
224.1299290546184,0.0001970406238299674,66190.55223250506
290.1144993236596,0.0001980336598245941,85390.60528737669
194.5248705043898,0.0001976948784058725,57320.70491805817
76.71205349445682,0.000196553833100751,22692.16485788834
166.4723906745147,0.0001966671538517242,49225.21948184547
193.4223047859383,0.0002000777028644103,56542.38094761195
189.2895661540744,0.0001993390082548638,55470.89166832945
237.6039004442532,0.0001998095355678781,69519.94588853384
129.520866263447,0.0001979325540960162,38135.39547957258
64.31300825233349,0.0001969382418850797,18999.64354748684
138.6246957399739,0.0001983363101808595,40760.46404485438
131.3058327618351,0.0001998464237898472,38413.7257115787
149.8166840310235,0.0001987854174433058,43984.92262124459
159.5360480021045,0.000199687383128395,46697.29731999939
24.26529992639086,0.0002038157038969203,7006.383443862605
71.20127380973425,0.0002032669652032722,20595.70019172962
83.84673488562942,0.0002028942330710589,24283.22439807708
258.5394253787339,0.0001961762891175237,76576.54522733144
327.6261363296533,0.0001956220047052537,97222.48933912403
345.66143223637,0.0001947592103861444,102877.1493315973
127.6596178465287,0.0001975816940314567,37631.86455120023
131.0023871059352,0.0001969314028861995,38702.22138865471
63.00345033298908,0.0001965861236032245,18634.98701602113
303.8956560021576,0.0001948653704543255,90413.79818273628
273.5661849484123,0.0001941570472751708,81588.12918145806
237.8101737027816,0.0001946716080195463,70799.25470917363
193.3693604608364,0.0001962115502222968,57267.02402016499
281.3696583429405,0.0001953792193273545,83565.11527044496
217.9334379898636,0.0001951849588643062,64767.87352587235
227.1967858715437,0.0001968553230913489,67138.36197689592
212.2126593690269,0.0001974757697758006,62579.01805162642
292.2162159819801,0.0001963012848255981,86514.4964829247
86.03142040877765,0.0001973865887411968,25377.29523773838
188.3423430122072,0.0001967636969862363,55673.85827381429
244.6170118668058,0.0001959302422806255,72513.52315946248
71.70679907995314,0.000197869589828317,21117.42534168648
154.0312868550671,0.0001978667452018867,45362.16115400629
166.8349852131911,0.0001972477004777173,49235.5916708865
417.2686689418615,0.0001929131888739548,124980.1849828142
363.146396284847,0.0001944572320044954,108192.960782388
386.2310533219519,0.0001938735595538493,115301.4580205976
155.1168722900478,0.0001967619064915941,45852.71169447336
80.24600852034216,0.0001973863254783062,23670.7525100632
234.7924345574776,0.0001959298551792454,69601.24701136444
68.42721539344689,0.0001960290628895755,20277.53802445208
138.7738323604057,0.0001963725629866341,41075.89574762266
159.6954921413138,0.0001953474640632161,47433.75127364914
127.7468385705196,0.0001979070929423345,37616.2866713577
63.24874212078846,0.0001978806669329412,18625.85920764683
131.0907421951524,0.0001972562031783589,38685.79944217108
242.4340140618074,0.0001987969229106177,71173.84809135139
242.406786910743,0.0001975840876418608,71456.78368494021
273.5405018021851,0.0001976628593446766,80612.97029776689
225.9675932813126,0.0002013582706962491,65775.85644325541
235.4882468080284,0.0002001792927415527,68816.05982306061
254.4959071037999,0.0002008155573755313,74213.44047332923
233.0556308146044,0.000199098653792793,68351.39531314281
234.7798587751583,0.000198879224433831,68907.72183846754
233.0289355037723,0.0001978896944660431,68621.63570960873
227.5742064262897,0.0002000324834437783,66535.89744641091
259.9469066080019,0.0001993303076667982,76179.08680486266
238.9474516869469,0.000199352996776199,70019.75027445449
220.4896749445846,0.0002017280932362217,64102.84944814375
216.5972328159786,0.0002008761653322279,63149.11924798138
221.7209986009575,0.0002011909265819399,64575.51802090071
276.7914851156236,0.0002011217878569674,80633.09164175505
263.5103140404809,0.00020032301857849,76968.03185695961
235.4203674220146,0.0002005815388283855,68704.21691993935
303.4082684330098,0.0001976907801907346,89406.645716817
235.8325389317061,0.0001966900240697524,69729.33192193272
308.3273026321475,0.0001966773368257557,91168.00210567369
279.6067217239326,0.0001995576037714663,81878.28811434658
308.1261395895692,0.0001987470651311099,90474.88922306559
284.5687233099133,0.0001991107657369288,83455.95612899156
260.6980872840407,0.0001996713964036769,76312.19426481715
212.2259253483302,0.0001995744710518587,62143.41438208427
288.2601217905397,0.0001988671203548623,84607.57398651128
