16250507.56449606,1.904538713688934e-07,490915856724.2838
17397193.95206961,1.988995099055456e-07,510571689229.882
15907559.28501585,2.029989216718233e-07,460547465361.3041
17024963.88585153,1.651482563532482e-07,565592364060.6086
17685559.68748646,1.894496531738265e-07,536154059499.8464
16529247.63992073,1.809812272463258e-07,516611497033.732
16763311.02815042,1.614581841689748e-07,565353077284.1603
16789391.23180052,1.581060725062219e-07,574208013270.546
16308033.26618871,1.492201309323092e-07,579673318454.2396
17538044.59227499,1.753982197927199e-07,559711696396.7241
17943501.60548367,1.880575848955006e-07,546654962454.0839
17278060.20483377,1.637665341778338e-07,577224661297.6021
17416660.08988484,1.78436098274637e-07,549511008531.5699
17405432.25125719,1.740128047555055e-07,558423914182.8328
17139792.0872123,1.664584587496065e-07,566415292196.4656
17659341.67226835,1.934239139790408e-07,528000578002.5065
18040240.16953981,1.95474198346634e-07,535610835786.2722
17633685.42134536,1.828120425168293e-07,547444236956.4212
15079526.26052031,2.000372840582261e-07,440873232587.4113
14064209.69344467,1.869971326834279e-07,430089362742.9387
15413477.78481578,1.874801617072642e-07,470540591976.2114
14754837.66847287,2.328911627189265e-07,389791558589.7771
15336307.0397114,2.1773083815341e-07,423747840985.4972
15997130.93510078,2.301089108946285e-07,426010014242.1818
13475420.17694962,2.635393532439689e-07,327827462357.4822
12943124.56733484,2.761429188608805e-07,305222484765.2491
13777096.54008102,2.512565970329157e-07,346002618900.7247
13131329.54123394,2.58046768510292e-07,323973696044.491
13333924.76335536,2.278303825279128e-07,357451321830.8731
13787103.33001582,2.405108670257496e-07,356492087186.342
14196907.12782596,2.296117615636075e-07,378614859163.0615
13736986.94394002,2.169299881955057e-07,380491614874.4687
14767384.14547477,2.144496279129684e-07,412179803327.3038
16074047.61058123,1.033423576553212e-07,729916207007.649
15957133.66190358,9.649099138313657e-08,758514179534.7129
14810138.02041506,9.979360128737817e-08,688373234393.3062
18119012.55372362,1.211361744377442e-07,740091284261.6599
16857772.15694851,1.127781330470881e-07,722187963428.427
16558969.29326487,1.223234628118085e-07,671985841750.7451
17991276.29301396,9.894281860396382e-08,841018962043.4476
16752179.75435553,9.627912276244647e-08,797474077161.1379
16871965.60259602,1.031316919216131e-07,767192331045.5945
17240723.56288485,1.113959101946976e-07,744690803961.5901
18345041.71645212,1.040822219291636e-07,829088708416.1075
18111759.19788933,1.137386968902293e-07,771534119579.1465
14698125.15714049,1.471094275616325e-07,527434180335.8264
16036640.63124508,1.432906478739963e-07,585645530096.4934
16407142.304673,1.377949824409303e-07,615003153052.5118
16571739.83950235,1.623303884284435e-07,556888463886.6315
15059299.34168018,1.627682621240931e-07,505155340119.0876
14033810.96676855,1.722405269175204e-07,453334452082.8362
14585600.29788351,1.79104852283303e-07,459042335114.8703
16446754.45186292,1.664086749352042e-07,543621010540.6692
13918812.57787713,1.76331584486003e-07,442638086981.2302
12742010.30292597,1.896091583278028e-07,386069131228.3154
13672569.22229612,1.84905520370128e-07,421259989561.0824
13027236.64940246,1.821325628925306e-07,405440600651.2645
16384450.12818007,1.77402082613019e-07,518950651486.77
17272989.51442538,1.826421570931036e-07,536578776529.4582
16452837.68381735,1.745663717594974e-07,526745001188.2313
17964902.18818676,1.403199195667344e-07,665291496146.4597
18331737.42684178,1.241100247405348e-07,736770768075.2889
18711133.39735838,1.270043998805211e-07,740549768523.3733
16375674.40479591,1.494114219226566e-07,581580712896.3411
16186798.27200074,1.472395672825837e-07,580512086100.743
15454510.14769411,1.551895010630438e-07,535155943119.5134
18462106.81925322,1.040142151689491e-07,834743017787.3159
17328010.91888791,1.082023206030112e-07,763116767567.9001
18606406.06925648,1.165618563679129e-07,779755041265.2292
16312056.63464416,1.168322813326775e-07,682548446591.2903
16375025.69754108,1.058804687901628e-07,731652318606.8021
18261206.1217148,1.116687095976796e-07,787484099490.3826
15892410.93400641,1.103180439328299e-07,690916266765.4886
14284401.90234077,1.113307024809463e-07,617237203030.5574
15602328.48653748,1.198724755608879e-07,641765600022.0066
15364024.83060298,8.152426513652135e-08,817172491519.1169
17187449.45167608,7.337472635559746e-08,980649408805.4126
16861863.93956028,7.441357995029373e-08,953097758805.3885
14173899.6664943,9.671435723054375e-08,672711297016.5361
14310138.87915651,9.016872226422187e-08,711661117450.1162
14464009.54452738,9.427691825600242e-08,698262064068.798
15563775.57344746,1.059522395300557e-07,695090787366.6184
14320503.21799275,1.024124830866521e-07,654218792493.1647
13972924.80348751,1.069670895320046e-07,620088774036.1044
15579108.23599911,9.311500828579817e-08,758337973652.5568
14583572.83584955,8.986989023436992e-08,726866177643.1761
14446035.07453506,9.642590863718697e-08,686993832708.9312
16253458.60465105,8.996816511529389e-08,809505643308.1863
17130275.77948454,8.3837790621918e-08,894275099255.108
15236253.39791606,8.672311442553524e-08,777657341370.5276
12408839.37444293,3.199165705006257e-07,265281321642.7368
13197184.90221898,2.957018933662676e-07,297334450430.1047
12351838.64481287,3.21958142872608e-07,262945252494.1158
10971758.29201202,2.193011611940099e-07,301704840065.0286
11038063.66260173,2.13917034526359e-07,308600042532.5098
10810950.92662362,2.26008366692263e-07,291371823200.1269
11696914.45479544,2.403367679211201e-07,302592274682.1112
11174979.83247407,2.274614907114152e-07,299898868593.9022
11175390.08889961,2.403968605086413e-07,289052566932.3817
12401323.8482995,2.201914985032759e-07,340095603280.661
12737045.82952284,2.133754207608e-07,356702197158.7974
11617073.62294351,2.180214458430811e-07,320698748222.7932
14758956.60909039,2.097066564711708e-07,418132744099.5094
15765016.73913787,2.034846219743599e-07,455694066495.3711
14027754.55085798,2.083807218623686e-07,399101291171.9857
14641255.05868517,2.241338675617099e-07,396801510046.6387
15116856.18729468,2.164290602404297e-07,419357517174.026
14756723.24459661,2.154454045538692e-07,410612130802.6389
14065229.61440676,2.404185834540237e-07,363776637032.8351
14331442.19575267,2.317992382724283e-07,379794402771.9603
14255332.4190798,2.297755471311914e-07,379992311750.1575
13871438.80839353,2.64608211944546e-07,336552353304.8233
13950607.17812585,2.485902054760203e-07,352861087116.8635
14139936.39647938,2.379682674691809e-07,368214955102.724
13175032.6685569,2.758937748010413e-07,310878317795.8611
13176422.15192722,2.75857093241559e-07,310938665326.2309
13616371.64265816,2.584524759361187e-07,335588908394.1121
13909479.11405255,2.522138149521895e-07,348442899683.2875
13464780.96276333,2.696212861919059e-07,322623879254.5046
14347134.78456127,2.509086164893127e-07,360651819717.9925
17538260.75484559,2.101881355996594e-07,496113514248.9774
17548381.03964565,2.002271189517308e-07,512729679041.0186
17578247.59590017,2.02116310703319e-07,510396870090.6223
12126716.43052513,2.049112830295946e-07,348898664541.933
11363261.87307144,2.086465913322513e-07,323019558607.1709
11295985.40312937,2.140281678482304e-07,315701636616.0961
15408392.22791271,2.015502518688846e-07,448230868142.7998
13403469.77994441,2.01978618006963e-07,389356092972.9967
13691468.63169551,2.064487853951415e-07,391960058967.2752
14252985.68509792,1.945049521761555e-07,424572707750.2767
12851248.33911135,1.947567740769987e-07,382487225077.9359
13017664.33314931,1.982338467568428e-07,382896323590.7103
16063601.06759837,1.749211549175467e-07,513587784933.469
17013540.06486438,1.66059652422642e-07,563142889768.4763
15119633.74477306,1.787514595253821e-07,476476559304.3001
15154005.0077718,1.889279057563665e-07,460253061590.4379
15602176.60883987,1.806369539758139e-07,488255849945.6786
14672072.47687395,1.844729451374212e-07,452761693894.9503
16411807.61850232,1.684135538998035e-07,538152122023.3695
17105133.23436987,1.580282169305461e-07,585198720719.9442
16343505.47734381,1.71248349455806e-07,529981792923.2399
16945311.79865888,1.707709776212979e-07,550520532506.4957
16592458.0879244,1.729084410838945e-07,534605307146.8339
17416040.28171462,1.809827371830261e-07,544324629602.7169
17405228.0480115,1.560205249858627e-07,600562984786.2379
17603372.16040203,1.603826228507155e-07,596335956634.0333
16636872.5458121,1.692384032963709e-07,543758104927.7338
12275853.60344738,1.954509572300824e-07,364496335187.386
11906800.68646859,1.972839274141413e-07,351345137277.0152
12438513.54736656,1.989280676522652e-07,365009729428.4935
16555002.9307522,1.437686419995624e-07,603234930607.7505
16157272.20441344,1.326185850165049e-07,621295843873.9894
16365092.43995828,1.415980068513238e-07,602393627989.2323
17256943.93776074,1.572551828853208e-07,592325699813.5558
16641531.16894179,1.519155842181566e-07,584509710692.4354
15712811.74502407,1.576945211835444e-07,538322878314.2316
17966596.77011444,1.512142707159194e-07,633000376113.1919
18508552.47662427,1.335333463552962e-07,708455592438.5286
17338544.03864377,1.458736010556301e-07,625693278747.4376
12206434.3115944,2.260287125731032e-07,328962513088.2239
11428471.85328355,2.238715498122866e-07,309971828961.7084
11956225.86011955,2.367412812670431e-07,312424282684.8845
10563925.47553967,1.959981958999526e-07,313081408912.1387
10799548.5647738,2.025362113687361e-07,313138990555.6036
11234674.52135427,1.981175195321636e-07,330581521191.3406
10740520.20603425,2.407317788219512e-07,277546890782.0443
10754370.73911951,2.598403286937005e-07,264107438225.822
10901210.03414979,2.469558671411068e-07,276946028510.9219
10752320.47715669,2.151767512733193e-07,299436889468.0743
10830664.55121133,2.291036618313368e-07,289268016647.7856
10726087.79627685,2.282290568420848e-07,287206362821.676
11383542.65546192,2.00615787860933e-07,332175324116.9348
10945514.93410051,2.050334635809694e-07,314789109536.6572
11147286.94156671,2.059897840235112e-07,319598985634.2056
12231852.39116944,2.013282026998865e-07,356086755478.8047
11704623.57814954,1.996885669818541e-07,342601019548.1266
11465041.80501292,2.050617740742556e-07,329700168497.0457
11864057.8738877,1.941918882255374e-07,353790255422.5974
10822512.13495001,1.939081762092913e-07,323045726586.9254
11501295.36909902,1.960305807439164e-07,340824552003.2467
10436839.2123341,1.959822354940731e-07,309331766289.6756
10715005.65623484,1.980521327442157e-07,315359599671.5016
10671048.55502907,2.025206605301231e-07,309428899377.1674
10420221.41970722,1.929160652710781e-07,312103053102.6465
10603914.84022286,1.902553323668478e-07,320559269262.6532
10698167.78044483,1.949860689760079e-07,318156169219.798
11229177.09636488,1.840344654593277e-07,347068465090.9729
10756227.35981257,1.909038195368046e-07,324426928638.6812
11794651.98423292,1.911946890982847e-07,355386763239.4382
11166547.49596451,1.940715445646139e-07,333127901698.6956
11660056.74211642,1.885772077228412e-07,354574797321.1016
11722987.78086297,1.900273817107738e-07,354672505291.7593
10882493.40646313,2.259456980147675e-07,293354234464.3098
10803961.76320135,2.120235545654934e-07,303850739540.5786
10933143.39518707,2.156075124137746e-07,304066880259.5741
10856824.04569818,1.891135465970487e-07,329524497506.6689
11440992.87615757,1.883491944908709e-07,348193936287.6022
10952191.88300277,1.938442406750755e-07,326988472571.8547
11749640.34583679,1.962857862153397e-07,347882037677.2083
11678425.68007515,2.055539178131148e-07,335300186858.739
11278847.32558593,2.083820173643109e-07,320891262928.1668
12459568.01479458,1.798078299630369e-07,391108497667.5336
12047341.99260915,1.864625232116013e-07,369116563998.2791
11983545.13546049,1.850102696093719e-07,369080776193.3795
12604187.92043344,1.800858570486151e-07,395240825990.8441
12555905.66502588,1.861297883020395e-07,385156698343.0976
12189556.35432041,1.867383041217109e-07,373106051112.1998
13658028.16688728,1.83530420072435e-07,422911308579.9114
12980775.14059256,1.84746842627314e-07,400174376518.5381
13272760.4227995,1.764039267929334e-07,421977300706.0816
13095556.33971264,1.980284922071263e-07,385453653226.8842
12218415.84065151,2.027941429717722e-07,353979379246.3801
12659118.95257029,1.92931831772072e-07,379141120266.3951
13536613.60703179,2.007419050091917e-07,394837146860.3061
13600670.03948396,1.972242789886116e-07,401408643423.8854
13837570.99132676,1.909145379636038e-07,417350105979.3247
12097251.68911244,2.187804658240443e-07,333181609125.8854
12079248.0612128,2.092590781767666e-07,342702307141.3723
12951465.75744157,2.044850500070121e-07,373145217954.6152
10842524.39361579,2.7361685587195e-07,257257775008.5009
10802907.87836348,2.667078358876533e-07,260725488013.1588
10894828.80079428,2.623362347082846e-07,265857075435.6821
11229790.14430756,2.294849320023845e-07,299595664160.0432
11652594.07663538,2.155250191329675e-07,324158556439.631
11670277.01043127,2.250368612201051e-07,315436581104.6575
11454204.87751475,2.54329406142568e-07,285343003838.8127
11178729.98663589,2.526210660285615e-07,279734537901.984
11620030.56431656,2.374267671147028e-07,303054556199.6422
10921676.80858134,2.094806041339947e-07,309642174760.7585
10792563.1380059,2.058952729163479e-07,309523537869.7991
10836769.55092414,2.014267138157924e-07,315371027452.7661
10721961.56106099,2.389479639026838e-07,278444529433.6282
10826518.24796019,2.39820880192298e-07,280477148731.3369
10735800.126597,2.580557745296118e-07,264865481638.7127
10766365.78240392,2.238985493473976e-07,291990201306.6774
10993012.1564238,2.118042238549152e-07,309380993993.7697
10792647.64080677,2.108526988117908e-07,304655172207.3394
13585741.2676145,2.913703434312037e-07,309114783311.0131
14018204.10463679,2.776146956745843e-07,329405422748.04
12717799.94640084,3.115216816081796e-07,276749261180.3796
17638360.88530627,1.210313173665074e-07,720874589649.9459
16476825.80810768,1.332525830898456e-07,631572375494.3099
16778925.207824,1.186934112353945e-07,694725218100.5519
17576849.42266018,1.967332155133687e-07,519624044187.8875
17546984.0547267,1.948451504060767e-07,522086841452.2914
17532674.76038317,1.886589200174017e-07,533003360495.1624
17224640.82755328,2.19210083572861e-07,473779744685.7748
16995391.46073083,2.257002524861082e-07,458468824149.4572
17822170.73572759,2.092100655957135e-07,505714666998.4867
11419815.23608909,3.161462508066116e-07,246074750538.0879
10831878.42752414,3.352915334002464e-07,224434035779.4813
11715679.94182817,3.190412528147028e-07,250920573079.3137
13657299.52297887,2.530207655388275e-07,341397804525.3091
12827018.03716394,2.77888357942861e-07,301216531804.1118
13004657.74423185,2.705529557060067e-07,310883308435.665
9505883.479404822,3.762344020545541e-07,182398033001.8681
9106565.923970426,3.971180939795927e-07,168554953053.2058
9498702.606922224,3.847203021376848e-07,179570181061.8216
12101422.92036974,2.986084062833114e-07,270874684932.4688
11422418.01478579,3.184526212359354e-07,244941006204.6482
11615862.47135276,3.086739600571825e-07,254322508762.6819
9642510.80259051,3.964961790349274e-07,178661426174.9761
9380581.939822424,4.14647811937685e-07,168698101858.0526
9235390.474554015,4.18730375121658e-07,165005701744.4117
10666400.63146473,3.437644585345229e-07,217358807571.9778
10036750.82169747,3.710941937552394e-07,194358573413.8076
9922663.664723685,3.628283179784824e-07,195056676694.9827
11242108.29733448,3.519671885024787e-07,225517186762.7411
10767267.54801156,3.709057739465673e-07,208575411261.1299
10315300.77266621,3.743957825056038e-07,198576535933.9277
8822740.26274034,4.195398398381367e-07,157430190851.9857
8640694.234980814,4.436768278848986e-07,148537965918.4701
8932072.973134719,4.29371526481121e-07,156938718421.3813
8666261.311259771,4.679063400388771e-07,143789054120.7785
8600239.799839551,4.556634359564959e-07,145238283327.2114
8884391.014932841,4.412053183483748e-07,153297064409.3655
8740504.20667824,5.217477486150315e-07,134864018794.5828
8675551.636582991,5.105220663203772e-07,135816985456.1032
8795783.815647773,5.349467432408659e-07,133475282301.6818
8683455.094067184,5.108699358513869e-07,135878996943.7856
8567986.44115733,4.913579371998973e-07,137598421980.5185
8618715.239033839,4.996385046398321e-07,136879559423.8648
8696134.940221181,4.697539948531515e-07,143906126046.4119
8975516.852118852,4.598277990173996e-07,150659313643.4584
8973989.660941685,4.426475850342675e-07,154506527534.7885
9189086.287301468,5.536250478556414e-07,136289325571.9846
9157322.640054889,5.496752049332311e-07,136468081011.3727
8914322.890679844,5.333304317416137e-07,135547272816.1979
13718168.88723071,1.992465984262513e-07,402132216878.6916
15745676.33675929,1.988186060396292e-07,462228412013.4224
14985548.8767424,1.95521675301045e-07,444845684031.6305
15097468.1367487,2.247982441599076e-07,408359044100.6754
16630696.4412873,2.180972805433484e-07,458997446593.7378
15580363.39388168,2.170922456451531e-07,431335009026.8751
12630287.11387776,3.094532543800993e-07,276068286853.4213
13926318.4839899,2.755408605240131e-07,328886198773.0367
13225734.75470904,2.830762093589405e-07,306773302022.8731
15397443.80176136,2.447288842064586e-07,393542651693.9006
16351126.7734608,2.316337815896525e-07,433523942420.866
15110277.07724156,2.523123876284061e-07,378425197144.8718
16903671.81481229,1.646206695258327e-07,562762058877.127
17247488.66864878,1.563721545492812e-07,594227739613.0383
16551254.18935679,1.667564719173566e-07,546314142218.0345
17468053.74508215,1.815587700876385e-07,544794897565.3084
17164385.67938898,1.729336683885638e-07,552978901840.3586
17638126.4709725,1.831449860900081e-07,546918268144.8273
17319023.72243187,1.770365451052512e-07,549306565597.9973
17042935.97338279,1.650581244601826e-07,566395518577.9755
17016659.50648539,1.684133326025172e-07,557986034087.5601
17246006.27384049,2.156659300224965e-07,479550312193.2413
17465094.46712104,2.036150903870271e-07,504619812732.0118
17454998.23035201,2.135750581083331e-07,488524242868.9991
17510601.09731445,2.072181605310252e-07,500052779022.0843
16691166.8175165,2.237083328157876e-07,452930872067.8914
16016010.61478446,2.112988553870157e-07,451463785007.681
17687713.47506266,1.054680536351149e-07,792363400000.4517
19978365.54787172,9.001582643846688e-08,994673863767.9147
18806034.76736687,9.814804054838427e-08,883845073558.323
16918781.52319709,1.519686164774302e-07,594109471150.2983
17283450.85893953,1.369077695487291e-07,650646446757.6067
16435558.82125656,1.430832830922179e-07,600793479545.2513
16394379.971012,1.569754669663166e-07,563387414025.5413
15907999.16400835,1.728188534267075e-07,512729312437.7669
15185693.7174264,1.567809904458757e-07,522282772012.1879
17594290.7366317,2.009790496225774e-07,512788061249.5704
17374391.14241097,2.130299621138736e-07,487097388256.8996
17974490.78334082,2.030296970539126e-07,520335613273.1818
10822168.32672646,6.625349505474142e-07,142399486205.5088
10862567.07250153,6.510412473445281e-07,144608382376.4938
10693833.52827859,6.483448985644821e-07,142756542325.1389
9460391.836699609,6.639833173571085e-07,124299966842.0242
9682541.515872309,6.416359840745568e-07,130155810165.2492
10377171.15307386,6.499983503723796e-07,138294256377.6858
9126371.521441471,5.525608812952314e-07,135532896719.1693
8852554.476922464,5.322566535809247e-07,134789028126.4923
8908186.733629284,5.454591557945248e-07,133438501063.6084
9387441.585329382,6.162418572073938e-07,129632267719.2204
9082392.270743556,6.055153116425367e-07,126896653428.6699
9269045.578146083,5.813750298607339e-07,133065080533.4751
9894303.341616148,6.107376487858312e-07,137451270674.0223
9590469.431537779,6.175481489691329e-07,132249076860.5318
9470795.921368962,5.826694114750215e-07,135759948790.2966
8562800.711700723,4.928368749867461e-07,137239893726.7048
8678234.532881241,5.123469082010089e-07,135536199327.4919
8597920.41462541,5.055466468200657e-07,135483351493.1178
8510903.450989889,4.67785522622857e-07,141235697575.9014
8575576.902436942,4.888667226644974e-07,138187797662.697
8524975.405133981,4.805875170393283e-07,138945603889.0428
8892637.301173268,7.864275112157047e-07,104373788491.5072
8717017.147407092,7.974928823963819e-07,101363910439.8007
8569088.140760245,7.746101601034206e-07,101596594468.2229
10288063.37724569,5.74654845377884e-07,148843171643.1009
9859125.963872375,5.891422459908185e-07,140289436664.362
9807996.175467199,5.987079091968263e-07,138071366853.7264
10446481.56887863,5.624586688458481e-07,153312052970.9997
10495698.6473999,5.654781997282584e-07,153485531205.2369
10243981.98774876,5.796188004416193e-07,147358037952.7735
11313761.31715797,5.228575850260399e-07,174321680475.0563
11662031.56392992,5.062556644161858e-07,183595041998.2939
10716488.2947644,5.392152974720447e-07,161762440651.57
10664609.90818753,5.542487341926346e-07,158055095345.9652
11064061.80899568,5.348577483461453e-07,167914834397.9702
10473506.45607541,5.511630731865538e-07,155801641640.163
11411843.79254365,5.075509550404596e-07,179350552458.1171
11983635.65813241,4.803046459456099e-07,195393781605.8937
11518247.66165565,5.113550700550762e-07,180123910996.7145
10646121.86923292,3.702342348689891e-07,206477967691.5002
10798924.7817666,3.716454112976774e-07,208911012003.5656
11514065.9974031,3.471999638807933e-07,233082106050.5323
10527613.8519775,3.725493697858034e-07,203332776732.7048
10453860.64779945,3.782570899901738e-07,199872013930.6666
10656229.51113547,3.65528545305057e-07,208443984799.6698
10848413.28086082,4.207997151268344e-07,193189090073.18
10727090.08756819,4.307588706370483e-07,188072706667.4195
10404408.11474371,4.134356562939324e-07,187475891026.5791
10438451.06949173,3.93777865766049e-07,194298087546.511
10775474.7972598,4.115559168113581e-07,194752862161.9261
10332980.38558551,4.041822735559204e-07,189019856879.3008
11899607.21531082,4.613476777887461e-07,199302953093.858
11390186.70534456,4.732861329603769e-07,187549102246.878
11130703.80580065,4.508371357854143e-07,189311140295.1965
8521501.002075329,5.99567754512327e-07,119846104108.7472
7761929.58129667,6.174327761541918e-07,107047512106.5678
8148836.250122556,6.168787365014682e-07,112450758818.3267
6459389.459591324,6.583888602068034e-07,85349927084.25417
6636222.150699193,6.618137572357031e-07,87383691758.40498
6655868.846201075,6.491973316976853e-07,88774234930.16542
10753878.90177674,4.249823021499876e-07,190247041464.01
10858817.71284041,4.39424879406808e-07,187870870582.4863
11084700.90350127,4.182783413019713e-07,198189386983.9832
10955035.53569523,4.017833803361071e-07,201195908690.6386
10688345.72847864,3.832719659409135e-07,202568754082.566
10963829.50486314,3.956153285956751e-07,203444927633.4228
11853210.04556996,4.505527165445804e-07,201684368076.0735
11085832.15131318,4.400406996506701e-07,191619514016.9955
11209161.68742758,4.300733941317368e-07,196733393290.2692
10397191.84250743,3.755180493216928e-07,199754013128.9777
10623348.61348778,3.66263921369917e-07,207522571136.5228
10421293.70408288,3.790016312473952e-07,198988318903.7292
10685663.6283182,4.67490557062803e-07,177399722878.2476
10399015.69487335,4.852232494795297e-07,168408690556.1136
10707716.60583815,4.613292511062845e-07,179345110182.5142
10655631.48786019,4.637738374607081e-07,177845014656.3187
10724246.33193348,4.585053967089706e-07,180358720837.9262
10641946.48562822,4.37888398933846e-07,184549176249.9344
10730199.26066987,4.780253529977014e-07,175512141934.6387
10941586.32998254,4.94920476762289e-07,174873234490.9044
10799053.38386131,4.727655740040655e-07,177946093576.2315
10305785.78106594,4.159164675993103e-07,184959666450.1103
10626946.48269545,4.332506354965816e-07,185601872978.5283
10448392.55339714,4.30742384535028e-07,183191116275.1907
10572602.14906072,3.8105808629547e-07,201150493225.2622
10837852.96118799,3.995757526449013e-07,199776240984.8374
10498691.24916084,3.867719847003902e-07,197772160528.9049
11714055.77968773,4.367679945823729e-07,203488599714.6681
12013914.06186038,4.497139600149184e-07,204672867869.0706
11365453.67846682,4.292580361862991e-07,199729011848.9296
11252126.71760808,5.89132185462571e-07,160112822920.9144
11359710.70032739,5.992592586263803e-07,159817415377.1316
11643587.5179152,5.959728979845691e-07,164412867864.1467
11032825.12019141,6.038961916648187e-07,154422960326.9952
10501224.231775,5.974769092786702e-07,148033218492.2895
10770823.65722185,6.108591282195415e-07,149608018257.1971
11097998.78867357,5.703585291590418e-07,161366252339.3075
10751893.83922164,5.647281045486714e-07,157371239906.8833
11022110.16079653,5.771057624844475e-07,159011233565.6731
11044696.36908785,5.690374325190976e-07,160839688633.6691
11268883.19904395,5.731384415264554e-07,163320682154.9637
11582841.11431064,5.86710721482128e-07,165271923900.624
10960164.34875228,5.594854341056498e-07,161420198448.0585
11238506.24018295,5.484357906160306e-07,167735401208.6542
11183495.92751037,5.6357074043648e-07,163912456553.6851
10434475.33899965,5.739912454263235e-07,151077725540.3746
10391902.44053014,5.857685051184894e-07,148437756810.8745
10815283.30310454,5.820319739481868e-07,155145793374.3866
10599796.63871375,5.642982547754272e-07,155223830043.7475
10486361.68663307,5.686242938397931e-07,152782833191.2411
10868106.80344642,5.766628222920592e-07,156869770884.9524
10659365.12023446,5.447171852059203e-07,159814907305.0967
10516244.11831704,5.544249603615865e-07,155823208662.0339
10428580.37373347,5.602503955323468e-07,153451243254.1924
10313778.83662764,5.692108439067845e-07,150165109675.7823
10400959.74159458,5.633899759533066e-07,152475712576.1278
10198904.01205936,5.805706577945582e-07,146549199080.2397
11123791.44355857,5.1221061119794e-07,173761593351.4099
11169809.45675758,5.090938392419227e-07,175191838537.6159
11268797.3548184,5.28067747014273e-07,172484923579.5651
11116643.9099815,5.046710812542966e-07,175375160519.2404
11194944.0972195,4.961564604542562e-07,178625241427.9388
10932521.95817448,5.219200032324578e-07,168649243305.5887
11222218.07317021,5.327914053360978e-07,170755183765.004
11123435.42063691,5.138154152742615e-07,173394047623.5012
10939256.99964762,5.31101821942745e-07,166802529127.6561
10774308.59898383,4.701860220921362e-07,178187103302.115
10853610.39233091,4.530234091397689e-07,184003943976.8486
11109861.81140103,4.755077119918367e-07,182363091993.0347
10973192.626584,5.298372056525616e-07,167586115793.3899
10677838.96004142,5.530594342088666e-07,158477944624.2406
10628196.16689823,5.499998534600704e-07,158325613352.5635
10270701.68757567,5.750920796792059e-07,148516665900.5101
10156067.68301511,5.864254882101371e-07,144960727901.1352
10228464.55341489,5.868576843714891e-07,145922383234.2766
11201124.59097831,4.984281935712849e-07,178180385612.1191
11141289.52301973,5.137279443566357e-07,173692073701.5543
10938629.59354729,5.241576499168939e-07,168262871977.0538
10833347.33282518,4.805320973969804e-07,176582529171.2524
11169811.59633539,4.858377997212008e-07,180738905080.7255
11091599.50423213,4.943289444638129e-07,177412201892.0973
11968036.97387362,4.739243275491198e-07,196886945110.7535
11396621.92008874,5.011927320497267e-07,180622963932.7462
11457137.8313749,4.858872161016068e-07,185375565665.2644
12138968.97580619,4.760326170323095e-07,199108894401.4958
12024222.44809136,4.904509553931568e-07,193342180481.0726
11670544.71271123,5.070747524377345e-07,183531156798.1565
9577317.033193417,5.984797643027993e-07,134858259433.0667
9160908.683331786,6.119196302770986e-07,127099047844.3013
9526924.235009659,6.079883557715762e-07,132746334225.6167
9494916.861682743,5.907381731074777e-07,134863515405.6255
9734269.89806685,5.864201486500088e-07,138941119699.5364
9974000.086554972,5.688254000891952e-07,145283640455.676
8872786.150707442,6.095095021615418e-07,123425916476.661
8324632.36540049,6.209697667951954e-07,114371572530.7369
8292090.249644977,6.280047690862773e-07,113072082897.5418
10084332.49706032,5.576105045425812e-07,148853777011.2535
9580779.702067228,5.835492060814321e-07,137198448182.5218
10061997.63797977,5.615855911497096e-07,147822396952.6724
7757085.488273725,6.649423826415753e-07,101822221387.8719
7343116.475328847,6.708719261641025e-07,95819523027.50934
7717601.085206105,6.781760953959947e-07,99981736386.95755
9000434.268690955,6.086828090935774e-07,125314917844.1232
8415505.776107026,6.272308714219241e-07,114849366860.6665
8824728.574287485,6.177951064924876e-07,121657357928.6658
7270439.423268533,6.515175842540726e-07,96740850051.27913
7232861.998944684,6.642111299744329e-07,95010750034.64207
7643754.222665627,6.582447541219413e-07,101014048301.2157
8510179.054093599,7.726121604198236e-07,101072033806.6376
8474460.321679901,7.711547073777141e-07,100774590318.7723
8621573.780876732,7.940263779414836e-07,100545644513.6227
8590729.187190974,7.853353485308159e-07,100923723420.2948
8510490.780004313,7.754299061992886e-07,100830729170.3737
8506653.88418759,7.93872458126159e-07,99218259871.72124
9168192.669949083,7.463751477492915e-07,111424052910.3407
8953084.719638746,7.378651655525107e-07,109644795567.8165
8712927.511430427,7.56425904984221e-07,104950981677.7612
10542594.1934337,7.002489878958022e-07,133694178416.586
9385201.634087583,7.139351754062441e-07,117490951471.0572
9793571.921622168,6.934411744153064e-07,125007105761.2899
9258484.399318345,7.991773924011989e-07,107508905181.3125
9743789.137968406,8.099249023789671e-07,112141073408.1642
9375059.475537583,8.261354386506304e-07,106481263697.4652
10558463.42862378,7.107103692624966e-07,132578251004.9561
9854824.861705024,7.353049479115142e-07,120968023537.7714
9400174.806737883,7.244067066752353e-07,116541594280.643
10762212.72392497,7.245214951060572e-07,133413790152.0795
10181072.91188698,7.796296389666089e-07,120189903602.8098
10051700.9683075,7.491002504532266e-07,121865169987.0685
10725459.37535533,4.769222286379615e-07,175705029182.5715
10867507.41513421,4.990938721841707e-07,172719664900.3359
10438274.54305861,4.946677887486066e-07,166885893292.252
9928135.748985186,5.83013931584877e-07,142259655144.285
10457809.53718273,5.724957288626979e-07,151679152714.6176
9997396.6090718,5.94052082428182e-07,141472025997.2472
9743648.604809618,6.182539595253448e-07,134259082676.7705
9540074.194790285,6.039526293361335e-07,133521079453.7083
9777834.753986889,6.073929062301068e-07,136331501037.79
9729969.621152317,5.530253675812888e-07,144415823898.2272
10108641.91080313,5.411608594301235e-07,152221230090.2145
10439628.35899489,5.559128783429271e-07,154411822323.0062
9347715.86563397,5.747013746182904e-07,135231338230.2764
9412922.919241533,5.640383706506053e-07,137885543752.5475
9590423.783869116,5.774453131177317e-07,138302667889.0073
9276154.144929426,5.699614130302467e-07,134939051723.2591
9302127.355226755,5.584754948256358e-07,137165913471.1511
9341111.556319121,5.593002975973676e-07,137605309583.386
10792543.55527777,4.843803341951091e-07,174984457332.1368
11050311.78191519,4.98192071041343e-07,175836888795.0233
11004540.84200574,5.012808961091404e-07,174388492720.3168
9664933.525784759,5.614450820604169e-07,142012754128.3077
10372258.37874233,5.64344161555008e-07,151883513767.1585
9844783.772580016,5.748601390308987e-07,142396085789.3631
11318508.12669913,5.767586244944294e-07,163352751990.8773
11241867.99364305,5.835101992436493e-07,160992698643.0634
11633151.8290587,5.903410042463018e-07,165308593122.8171
10838511.00367669,5.406026308823174e-07,163324317835.7696
10719861.74730986,5.518226246229572e-07,159339279613.8895
11120174.42446489,5.423134741637471e-07,167216066368.8912
10667905.58341027,5.452165028652575e-07,159845286649.1526
10437027.89528447,5.607684685986587e-07,153480941179.4363
10550196.42019914,5.56436302570777e-07,155949351996.1347
9919940.855228085,6.330857230080632e-07,134544950433.412
9976583.343508219,6.363199968551767e-07,134854296354.8083
10224906.8895579,6.492377809011033e-07,136371464824.3893
11437584.97959895,6.163439411938952e-07,157925494854.7864
10968065.33748212,6.200947404234872e-07,150831250065.8865
11601205.98891902,6.055731703604616e-07,162078492129.3966
10075530.03090026,6.586296278748573e-07,133098673244.439
9815538.255005609,6.778097915950179e-07,127206380198.4791
9946482.035726229,6.774505691588254e-07,128948935491.7303
11156635.59761352,6.24481720184514e-07,152705060027.5865
10490310.64658986,6.38122203043617e-07,141531283482.3883
10692979.18136368,6.282304142438637e-07,145776017923.2065
10489162.23229377,6.724007851513804e-07,136664377641.8015
10828894.82458931,6.898697127806801e-07,138698814777.3957
10069584.13641148,6.8306093547608e-07,129829056990.6122
11141227.23463747,6.305968170474776e-07,151506703632.4636
10632704.35824865,6.527702040311224e-07,141298273968.0135
10475369.65715057,6.442606449214196e-07,140430558174.4746
11323182.17025896,6.242182364922553e-07,155028255301.0386
10940009.70470994,6.236959183202544e-07,149865766521.5024
11059026.82263478,6.413472806681422e-07,148703573879.2491
9870321.977992928,6.154314053213158e-07,136420053965.1997
9694756.525652798,6.278849168098812e-07,132215855576.7277
10371858.37499509,6.192017066423591e-07,142769404540.1656
10062605.93763314,5.935406556687934e-07,142476580780.2096
9897338.11367807,6.035482949074165e-07,138583137256.427
10134669.51301745,5.939710811839467e-07,143427597524.1038
9729321.334050044,6.339602047439253e-07,131838185120.0899
10010195.421267,6.398441482552054e-07,134811338596.4898
10407608.79624384,6.253452915205626e-07,142321671826.4811
9238811.53003205,6.318288404686323e-07,125472863795.6248
9415026.329687126,6.310428484169926e-07,127972200974.8931
9588051.828676278,6.186129727982316e-07,132063972712.6577
9075209.264891354,6.408588782808125e-07,122090454747.3509
8930103.061018305,6.546713793911213e-07,118442500567.5301
9249864.278900247,6.400296830987005e-07,124547577035.262
9687362.837902939,7.015140436584215e-07,122700967366.7026
9195098.458656803,7.241289181624475e-07,114028249230.5961
9413077.208102129,7.326614598106924e-07,115823332455.6464
10287271.99139591,6.635326458244576e-07,135225530081.2515
10111103.45984572,6.778907207910968e-07,131026385724.0623
10431314.38567983,6.752083773738085e-07,135533655941.0553
9606742.94123894,6.916316943042252e-07,122836163953.9539
9242769.012779621,7.138754668798357e-07,115714325501.854
9736291.162028704,6.912539762898932e-07,124537972554.8115
8551796.687689906,7.593015927671821e-07,102749841367.0593
8789738.048082843,7.407260643867343e-07,107367007298.6379
8515990.631771341,7.57828113827849e-07,102452218388.4385
9602280.060604986,7.37731270573171e-07,117609455724.5352
9370209.568989974,7.461177968812573e-07,113905415186.8447
9066542.940031789,7.553153557522531e-07,109317455237.5135
9902792.777109599,7.233950708370562e-07,122887392097.1235
10262623.23911989,6.979487951517783e-07,130429554477.5841
9667096.786103224,7.317626354303013e-07,119046303110.5082
10430193.425563,6.427289211635981e-07,140046996987.4943
10032079.17639005,6.346905491032375e-07,135836431360.5554
10338751.07411037,6.508240851730578e-07,137665674798.7811
10224151.18904852,6.581599080505322e-07,135126225964.1454
10178232.44658226,6.537276501953876e-07,135126686901.0152
10048526.295391,6.725301515610911e-07,130906496580.7971
10421808.43520945,6.614284814211339e-07,137284389935.2475
10365176.10192605,6.594109142655343e-07,136816748270.4198
10509760.9818813,6.71088601973296e-07,137111199670.6378
10488842.25554746,6.34259517111623e-07,142085434255.248
10288126.8885657,6.4415604722784e-07,137935351680.2318
10334292.57976479,6.48602891796606e-07,137920291326.7573
10712774.34161206,6.671684393119068e-07,140306662602.6718
10960206.56047747,6.621342217129966e-07,144273992243.7463
11056080.40919384,6.846264154131812e-07,142330755315.9154
9027686.795463946,7.190891526332903e-07,112474652055.6367
9067742.389685724,7.208435376705168e-07,112790321333.7245
9428287.066922294,6.98587928781273e-07,119752727168.9273
9505275.968882801,7.500844400370851e-07,115139576061.7104
9148639.611507252,7.698489876656336e-07,108914614323.068
9058857.956064656,7.391907925668803e-07,110807481523.1696
8632286.192033423,8.00667981377006e-07,100113087680.9888
8516982.83288648,7.977164608723492e-07,99019349588.8363
8520822.057151686,7.792516315787276e-07,100622788628.3187
9985672.844722485,7.236667077943129e-07,123884870478.8459
10029364.97657667,7.228397706428045e-07,124521805655.1889
10313842.99281375,7.083112879293212e-07,129798918508.0688
9795330.584374966,7.222058738416489e-07,121687252846.574
9236354.668578153,7.230683372983606e-07,114651842430.8394
9900787.578949623,7.058104660048075e-07,124894797122.6678
10583138.01834791,6.843990315198819e-07,136272493418.9772
10133133.89808149,7.125448605973926e-07,127019083102.5176
10240389.05630081,6.961410251478562e-07,130372193086.6376
8689110.716156447,7.721240387570854e-07,103240622672.3551
8449915.719409088,7.870417238271357e-07,99125914343.60506
8621616.810191711,7.808651325956418e-07,101672779408.6825
6907946.435411165,6.722750400514295e-07,90015570134.03401
6710608.578762206,6.706427036097031e-07,87585948690.12836
6579845.271335767,6.794318635594578e-07,85137012704.82106
7031416.115980324,6.656627209132509e-07,92230233782.27261
7068467.234376124,6.529986964907651e-07,93911124232.60835
6832309.782320546,6.640350372386371e-07,89764969146.86465
7240307.529423995,5.881918844376411e-07,103136168743.4064
7702864.101157283,5.790596244356022e-07,110875786349.7531
7779637.295039544,5.887927978460748e-07,110743358525.8944
8401469.13156385,8.111748235945867e-07,96592986518.23392
8377203.395327705,7.973068514382851e-07,97427613070.71887
8542701.547253268,7.931703844863158e-07,99697493648.75739
10267339.59197999,6.282231956141916e-07,139974400070.3933
10483592.98646379,6.302779497339657e-07,142611782849.1136
10329082.1321927,6.446098930243063e-07,138419439534.4246
10020558.26233177,6.348548916696974e-07,135657019386.7982
10151814.18864063,6.293713624574988e-07,138231071644.5056
10213208.91293483,6.45731211347884e-07,136708136457.6068
10308779.29859963,6.539217374782183e-07,136832751173.6418
10059433.11681773,6.409938063575203e-07,135312406731.2164
10252455.32339288,6.518632177520859e-07,136371484481.0364
10513541.76629126,6.88415054559651e-07,134849333704.4375
10458901.84053868,6.686968997206304e-07,136772844955.362
10547010.44042686,6.783275219503805e-07,136616477642.9148
10557161.8456392,6.872145436357022e-07,135566469132.6809
10722309.77732323,6.735740188165172e-07,139539811552.9413
10502408.54075765,6.675088802767052e-07,137504700048.6151
9830744.371368866,6.240927056152452e-07,134612998702.7401
9865082.837382793,6.132383310841867e-07,136672521753.3045
9887131.993642282,6.273197788276637e-07,134920418077.7289
10241586.02273826,6.064842164812449e-07,142940143955.4221
11237490.29774863,6.026075134466164e-07,157511754211.9174
10396887.67945706,6.150782373930705e-07,143752843750.2221
8581768.121790456,7.510537590046239e-07,103863453681.0044
8856562.37055268,7.339534566569102e-07,108847762317.1913
8816976.473780375,7.322079716965756e-07,108533392959.2189
10090769.46040629,7.154940434663588e-07,126140225319.4156
10420648.11746969,7.001038357237858e-07,132166004047.9663
10453968.72307024,6.900437479760428e-07,133874166364.0262
9959132.107506985,6.930690135588546e-07,127165851911.6835
9680998.25002341,7.242040442221739e-07,120045580978.2171
10276946.34168222,6.903548865016627e-07,131567660873.7946
8943548.168959649,7.612925592782829e-07,107269303393.1886
8875071.290947918,7.700530744240355e-07,105639112571.5405
9475691.362833329,7.437373476443944e-07,115433318116.0265
8448103.924051581,7.877145608742653e-07,99048217754.56671
8687273.454793403,7.727921745102226e-07,103159290974.475
8614297.529831059,7.835613474062843e-07,101353293297.8063
8882568.348489659,4.9764618893125e-07,141446249432.1066
9116244.861923238,5.273463392339315e-07,139664283625.119
9069285.053727873,5.113507190071907e-07,141827507843.2054
10657075.6861944,4.552215481818797e-07,180089963129.0772
10177080.33220433,4.785258941735803e-07,166348762201.8413
10658623.96696906,4.436454500956322e-07,183235852382.7725
9297393.503812907,5.423833321101908e-07,139794576443.901
9253717.245006332,5.364865557365737e-07,140155559598.2577
9339918.725956224,5.123194529964115e-07,145875558817.2827
10772945.8515327,5.531990022274965e-07,159862604716.6869
10436674.81103504,5.38441940702559e-07,157689544204.8576
11048915.19244466,5.42157784829497e-07,166176334319.61
10343853.18622673,5.964308965906882e-07,145985232512.6722
10812086.87205428,5.748587828644844e-07,156387515131.736
11344602.35299939,5.925359923621423e-07,160809901981.5563
10740278.46822008,6.206581952143799e-07,147609353750.7537
10521379.94409204,6.186210182719195e-07,144918197278.6533
11366902.75344939,6.061495529153926e-07,158704394233.0774
9462079.219997354,5.807516586694472e-07,135933429479.2693
9899013.249580473,5.933010360229775e-07,140198005222.9168
9683604.797165655,5.784389721782971e-07,139486451606.3497
10080161.09048484,6.210659155370248e-07,138476371618.6075
9949370.706576809,6.265654831174967e-07,135878674535.6606
9927252.221669901,6.12477528562055e-07,137647697116.2061
10381237.76771577,6.333235622597276e-07,140766303894.4432
10144480.70513251,6.131611688520913e-07,140555137657.121
9984068.022015104,6.252688497183867e-07,136540975877.9688
9413657.343849374,5.849716063014068e-07,134586612314.1289
9488405.519314356,5.953164390498645e-07,134079172391.3056
9849484.574810086,5.975141539292905e-07,138840032345.0753
9411375.80343084,5.387769394834216e-07,142139172528.0831
9374942.968943667,5.515020216898502e-07,139402499862.4103
9335888.161892977,5.506809706376121e-07,138959719142.2568
9580912.130208248,6.035301698140388e-07,134155207046.4402
9784919.495143708,6.178207455429264e-07,134890779826.8163
9943730.680583393,6.057126402965045e-07,138900858081.0162
9593545.422852077,5.844555103376402e-07,137239195782.3919
9425296.441258298,5.920587480845062e-07,133675499844.7932
9350797.754569845,5.817037285907228e-07,134188129413.2402
9697917.238843707,5.890532920478844e-07,138009425678.9848
9766371.765259771,6.000908299665137e-07,137274095819.5045
9528751.473494017,5.96653546353561e-07,134448052484.6148
9303619.347374175,5.495657916901183e-07,138666686698.1062
9347413.074886939,5.554651462830604e-07,138331226051.9373
9541258.587787941,5.646382888645541e-07,139666457023.2903
9049908.13298632,5.508916433939752e-07,134668714431.718
9228967.898545317,5.484185267409386e-07,137745807777.8809
9465657.843902268,5.634855477991283e-07,138748707886.6778
10025542.72715261,4.469873567713601e-07,171492210947.2523
10005870.69328026,4.20748720329188e-07,178199446315.9341
10495814.47384067,4.304392424134753e-07,184108952269.5199
9160425.225610575,5.246226543190516e-07,140826463671.6209
8926179.48798712,4.949224821678146e-07,142661732497.3583
9246192.092402518,5.004560462916024e-07,146684970579.2735
9021201.528096177,4.601383738449525e-07,151358012356.2812
9322699.423583033,4.282267267099903e-07,164093924849.2968
9568915.334150167,4.229327905638236e-07,169830285628.5565
9355972.320354007,4.869027827951495e-07,151168309754.2102
9034048.884419257,4.813690232481322e-07,147083405464.2406
9601398.018733976,4.704093065321072e-07,158739084023.1004
8969611.363578137,5.010733176751525e-07,142180305024.6115
8719820.885511281,4.862405220794766e-07,141017647312.2585
8783928.875201173,4.873665219540266e-07,141835523171.901
11141625.31781124,5.630572996224011e-07,163398031698.4937
11196532.68203486,5.479249659051203e-07,167212789736.3226
10794835.37883643,5.574389618651063e-07,159374123848.2007
9547879.871338235,5.350967998449395e-07,144861188414.209
9885615.095708746,5.359628536474964e-07,149823717798.5808
9511183.518971214,5.478232406295024e-07,142060801214.5755
10330594.55276973,5.061155887309014e-07,162664272163.5544
10757630.0896366,5.105487625573541e-07,168406346709.159
10292188.97436249,5.227091373939127e-07,158611384850.7274
10480022.79622933,5.294761558162257e-07,160127020446.9144
10949645.14066738,5.173107561477521e-07,169915255274.0499
11093515.20844009,5.33181701940493e-07,168714480376.7742
9641278.859335018,5.198866297639199e-07,149117590868.2486
9849219.407854043,5.035694610265121e-07,155606913774.861
10018468.02991747,5.041585402427583e-07,158157538702.8899
10776660.35835276,4.485349848627913e-07,183916198012.2721
10672120.24791893,4.340749543329902e-07,186154793802.4622
10754536.46198319,4.546961069070866e-07,181876898265.5032
10803578.2023796,5.360124425411799e-07,163726020420.1544
11004988.95750406,5.25542294714895e-07,168986169792.6021
10659489.03327181,5.457488312569563e-07,159615297202.1518
10039339.53361266,5.931148936204426e-07,142215169311.4702
9828599.232110761,5.775016239071304e-07,141728161532.4376
9784981.862702405,5.77746657216453e-07,141059302077.031
10194902.02203215,8.01811458619559e-07,118123113078.9054
10785478.45179048,7.758602618861092e-07,127737107108.371
10097963.10129949,8.090567291047165e-07,116300378955.4989
11007488.54844944,7.2594783532811e-07,136275557041.4883
11016632.54917233,7.550272702595326e-07,132863933428.284
10419672.4427247,7.810739936921893e-07,122854937278.1412
10170148.32980522,6.551994343233317e-07,134817088696.4656
10325182.55821091,6.637321126880451e-07,135696668578.6042
9908930.66818909,6.743808380075272e-07,128851647334.9971
10981375.25603495,6.953794869163485e-07,139907871363.175
11159590.40660371,7.33653723531711e-07,137189488695.4225
11150387.25605571,7.04467448256321e-07,140836750897.1111
10810732.68394615,6.563294294870878e-07,143144239828.652
10290183.64428831,6.531921588233925e-07,136687610159.1179
10738809.85136012,6.696944436016018e-07,140293760184.8967
11115184.16259585,6.873199305716131e-07,142717546505.438
11019053.83632269,6.648700128911997e-07,144650456229.3263
10946440.18846589,6.781668300352729e-07,141812728288.7185
10767468.59042673,6.539362917509131e-07,142919005905.0859
11279166.43835459,6.317625106333532e-07,153193770233.0784
11015528.03871302,6.489244151830369e-07,146963417994.4095
9355946.278322732,6.683715829947379e-07,122389004293.4854
9320314.646024812,6.469340981966553e-07,124601674616.7708
8999327.339035921,6.615184925966866e-07,118535578293.3329
10677835.55543387,6.283601217952268e-07,145549533579.9465
10275246.05943503,6.428589020571232e-07,137947909197.3032
10795421.80118379,6.459922209837469e-07,144462377165.4195
11252599.08034928,6.085366172679092e-07,156697367935.1433
10987985.34759096,6.155138801545946e-07,151853977201.2708
11371989.84175376,6.160132628386321e-07,157075971557.5311
11720482.67770178,6.018349397347341e-07,164422242021.102
11435664.2557089,6.05117786378814e-07,159845881372.1821
11556019.71322568,6.125905796534309e-07,160211885424.9181
10979046.70800186,5.88090642929523e-07,156411417926.1617
10552440.62422323,5.918059397657448e-07,149703988318.0807
11085320.30899711,5.982017931915514e-07,156140814131.3133
10246766.46000421,5.98540693839512e-07,144274988899.3658
10008118.38557534,6.080948444771059e-07,139434920380.0388
10513100.31622156,6.1186899462478e-07,145867490259.0634
8731499.065479333,6.974983148142667e-07,111017992552.8911
8566019.287296902,6.753425814669405e-07,111283205134.9058
8153308.711288745,6.855177366414685e-07,104870842220.1239
9556304.351939518,6.654549844840656e-07,125374972629.6842
9798154.937195307,6.498423132526213e-07,130598737461.2108
9520292.852015777,6.440154745991785e-07,127659392270.0352
9828745.357656213,7.195794861323033e-07,122399290653.8264
9539183.490121067,6.902621284915289e-07,122133603745.0955
9405032.619500808,6.983838479012316e-07,119480633092.3657
10480386.61605851,6.738085811521096e-07,136359775897.5355
10037249.18176964,6.573185377082059e-07,132769234821.4729
9792447.240624571,6.728665408301332e-07,127527922554.0215
8947666.50094888,6.458037394259837e-07,119759346737.5029
8740205.706858637,6.598016970964693e-07,115322142423.7508
8803587.687882986,6.596194336708881e-07,116179828973.178
9961388.332696185,5.967122138116382e-07,140543226427.8601
9731418.11555998,6.06639774670051e-07,135796594294.2188
9796957.256308598,6.066870094607648e-07,136704060969.3046
9320526.172024487,7.035649700966903e-07,117825047860.7086
9201038.28388555,7.109442287751244e-07,115508288522.8665
9742352.052564299,7.247051288256073e-07,120750683038.0255
10496909.92793116,6.88667528836402e-07,134603101364.6856
9808419.265370149,6.878271137044867e-07,125876935311.7706
10102008.68914158,7.170813162359623e-07,126094303297.3452
8884915.897437587,6.766029476852492e-07,115282680045.8622
8989156.487105809,6.989552156414796e-07,114135139571.1631
9107265.040584017,6.915480126118503e-07,116459007321.0454
8790247.99352468,6.716655294309898e-07,114612614804.7668
8726914.137463491,6.718884999954639e-07,113761654034.9978
8893933.383082824,6.940586799520905e-07,113456594995.0332
10790164.89685092,7.017508696239612e-07,136638402345.7337
10389732.90931648,7.300471349269429e-07,128145624709.6147
10966827.94316913,7.400174989108062e-07,134045746298.4815
9190801.300066516,6.863470486534414e-07,118120206260.8043
9323420.94136603,6.781944009030814e-07,120783003758.0373
8967428.450554201,6.71399884030017e-07,116953640676.9094
9363078.97008903,6.195443150202538e-07,128835961275.4769
8848568.751405559,6.350029498058125e-07,119772156134.3626
9081093.646929067,6.328116455941539e-07,123203159615.2381
8103397.769675815,6.956998852604363e-07,103209388055.5213
8362296.785407103,7.159809515501546e-07,104485958611.7233
8679846.050427649,7.076456847808447e-07,109303679178.5255
8400791.069083406,6.43124946431291e-07,112751747042.0176
8145913.302405928,6.409377504370698e-07,109579475084.7332
8054713.147788052,6.519411407628901e-07,107130011895.8256
8918475.835895538,6.41891229773019e-07,119853212359.5092
8688055.852720546,6.441228138473752e-07,116486827246.8425
8711355.71224284,6.55948702381901e-07,115391148568.6695
8716503.044334983,6.247424153209181e-07,119272857662.4894
8309827.197079862,6.341295774435477e-07,112583130154.2769
8567236.892749939,6.363386644075324e-07,115801779821.2192
9335676.643366944,6.163719700848096e-07,128899296475.5481
8973389.65621059,6.202726873232361e-07,123377155907.1222
8821930.513653921,6.319036701419282e-07,119801718410.2596
9624375.436747184,6.144216284907104e-07,133166471568.7775
9559417.098012919,6.14390769068566e-07,132272112570.5183
9274468.097753406,6.276900741030609e-07,126510188930.5282
10099137.72299283,5.886534021706869e-07,143784207867.5172
10349079.31787956,5.745289428944488e-07,149747796607.0906
9867573.660142571,5.986259392926188e-07,138922745002.1902
9514608.698094117,5.967661280819839e-07,134231617041.2128
9277988.56711119,6.010483242823119e-07,130270947696.2287
9099580.996327747,6.101876774282022e-07,126486965320.0618
6793034.366669233,6.466559450131104e-07,90840941908.57376
6773186.113117049,6.592802388086322e-07,89415533128.89601
7008328.245030787,6.482459406163563e-07,93566682312.3474
7265379.459875188,6.781860150065266e-07,94122274863.14603
7439951.741573124,6.941760860991705e-07,94897991245.90643
7637901.290937442,6.854832319937185e-07,98244779958.06174
9716565.108376272,7.860689102934428e-07,114078994649.1335
10690909.39498111,7.610638435128857e-07,128252918189.3644
10121219.01044426,7.511893307716553e-07,122480386616.3194
9196382.37512989,7.230822244452268e-07,114154200531.2338
9301789.055050187,7.52084249521225e-07,112474867618.7637
9737561.126155159,7.368260495102266e-07,119364050940.92
9327299.545486983,5.727401647299137e-07,135243841349.47
9547250.898081994,5.704289187097563e-07,138806769257.2821
9353344.210874915,5.612584576665535e-07,137464846475.7755
10738742.67519255,6.396123125787148e-07,144657923126.3892
10332054.0624875,6.167595526746521e-07,142596679750.3082
10570977.37448405,6.368943407425884e-07,142802852751.2866
10097420.46344759,5.981514006208677e-07,142233869396.1338
9842323.368052784,5.827912589538501e-07,141065975588.7307
10059480.29544236,5.976478897872971e-07,141779013652.4461
11104715.81270532,4.039463908991947e-07,203216184940.0775
10938166.1172801,3.821332607596499e-07,207715045251.793
10773593.01268383,4.106643321318778e-07,195000582771.8639
10894432.32842201,4.403978685210178e-07,188209323350.9714
10895997.75544336,4.288259934249576e-07,191607690769.8021
11120683.73525862,4.192369735779143e-07,198529525723.9294
8956899.06536185,5.405443120041791e-07,134980224370.2368
9088032.586342921,5.220718581430155e-07,140168261407.5826
9135040.843226895,5.380656197961109e-07,138087276657.9801
9935397.291927764,6.008687328348106e-07,139529327561.1163
9511001.699481759,5.727884490479248e-07,137899732922.7767
9752815.331735255,5.78062935665781e-07,140544304787.3947
8654291.104068764,5.038029131721882e-07,136686109759.8537
8655300.62308776,4.949518458794358e-07,138326968065.6308
8774376.37794091,5.282665240156136e-07,134270580302.2735
12169862.91188899,3.192770474071421e-07,260519690620.0656
12915203.42847539,2.880263112246487e-07,296128229163.8194
12833872.39642137,2.904557101934662e-07,292620290859.8018
10399119.91564516,3.889133598778646e-07,195176718264.2767
11340126.10749852,3.541834623951825e-07,226533463330.5722
11197939.40296844,3.641134911344064e-07,219607380937.6288
12160137.93973484,3.223849543285937e-07,258635811242.2198
12744526.8636394,2.960056882262299e-07,286939505721.0114
12004201.05097805,3.272571343675231e-07,252778720814.5642
9693106.51455747,3.876577656631884e-07,182318466613.7833
9284907.969341077,4.099007267298634e-07,168264233400.2371
9580995.090725495,3.793471557575257e-07,182832218690.589
9905602.354977645,4.050803726084761e-07,180933960391.296
9655064.292344267,4.103774794237861e-07,174836789741.9674
10364104.32751657,3.887372179953226e-07,194578280495.5077
8820750.726235759,4.721596205006681e-07,145472081736.8593
8756508.262296064,4.710270953320877e-07,144643981689.1689
9118907.851800187,4.402462710370914e-07,157571996005.3792
12671761.64967855,2.778511502429854e-07,297597215081.2268
12002916.4434508,2.952666721676302e-07,270693086033.4188
12818274.67080488,2.720999941075591e-07,305265144218.0726
12390042.08814749,2.895401394125561e-07,283095910356.4147
11898666.51621078,2.996261566320775e-07,265732787787.022
12564640.25939594,2.822039502740652e-07,292039322965.871
13405729.58779176,2.719331204726064e-07,319385883785.4037
13496311.14139758,2.848216164008648e-07,311769134486.8482
12874826.08018895,2.845247716510369e-07,297619453877.789
15689795.66329296,2.392701763688113e-07,407091068764.8787
14150635.24679427,2.543213900203498e-07,352522908108.1283
14459735.98241637,2.420275753953307e-07,372320654959.1828
15614589.5997642,2.476830137742267e-07,395912996526.1745
14172043.00735006,2.756230157933782e-07,334622758237.8448
14079217.76354069,2.62722870559961e-07,343225810404.1241
10749781.48540094,3.37809753806272e-07,221624709607.2791
10003090.80718109,3.568527932034366e-07,198826748788.7133
10362247.62393329,3.47167696475954e-07,209778557340.3146
11750948.08658868,3.282374732262428e-07,246952901871.822
11455834.63472751,3.233395987018421e-07,243176053471.1534
12135817.71235862,3.034723618180739e-07,268734205148.6013
11305355.30204827,3.439965726105987e-07,230275714646.1057
10375888.38008043,3.664048083866599e-07,202636580554.9358
11015927.15700653,3.390409048212064e-07,226561610518.5129
10340901.34041188,3.901192293119536e-07,193683885807.5911
10809256.64215809,3.73767717002751e-07,208318562361.27
11430497.7636532,3.505131047988952e-07,229929998508.3011
10291944.76025397,3.557209231046941e-07,205001877936.6715
9926678.300991017,3.738933291919032e-07,191266452627.6252
10472323.89282143,3.63432155420989e-07,205633641303.2332
11067766.37210212,3.281891542997434e-07,232618276283.1754
10674490.31473173,3.375737415737282e-07,220175019061.4552
11258196.75367411,3.18418713462803e-07,241436603088.2099
9757740.338251228,3.660285624137602e-07,190694985440.8924
9750464.941770468,3.7453640505949e-07,187656077132.348
10112504.290154,3.563544435608331e-07,201188861548.0356
10685258.38127747,3.475755542217663e-07,216148493216.6313
10738683.08153131,3.532514057152173e-07,214896046914.9403
10706407.77004729,3.418691351722769e-07,218979697373.1788
11256533.46698465,3.558325280934239e-07,224168319505.6285
10712831.62663149,3.655205481140428e-07,209554221881.5125
10788887.5160891,3.52821506340187e-07,216076049954.8949
11154886.7560225,4.158269151855399e-07,200227366233.7786
11499059.01797231,4.283175408292172e-07,202372608400.3873
11153695.08168758,4.207869231188208e-07,198629589242.0811
10586048.39007015,3.945926665024115e-07,196774069977.5193
10926607.02912273,4.073960159242533e-07,198826441183.3565
10925427.61168453,4.123538518792921e-07,197208247340.5199
11167116.72856023,4.059426263596704e-07,203687612496.2318
11502465.21017496,4.246048025946459e-07,203610885986.6133
11158241.5903186,4.121191421428848e-07,201487095051.6227
11324331.43916742,3.641788696797036e-07,222059526451.9286
11055616.30741836,3.862154846354049e-07,208463409445.3084
10778974.46841869,3.738719539763891e-07,207696343769.7038
11446317.14049274,3.199897746767428e-07,244666799458.5283
11752428.80047368,3.149761837929025e-07,253868695201.1039
12182807.446067,3.322227833449482e-07,253977028952.3038
11676991.82976393,3.456745697104701e-07,237075143657.3565
11427682.75573472,3.27663980120883e-07,240439439675.2681
12163582.66992079,3.398952385698116e-07,249745760081.7704
10763514.36783807,3.107627261594437e-07,234603676182.9479
10827568.90756944,3.037092434665514e-07,239639800652.0883
10981191.4333826,3.134449859198957e-07,237980795161.2305
12313577.78576214,3.603113600424542e-07,243182482858.548
11925392.49155118,3.893776197171488e-07,223644741377.2732
11912994.70778047,3.860746157532979e-07,224684674291.317
10756791.37361806,3.322119529609116e-07,224253506623.511
11079019.22052713,3.257442850936987e-07,234018457481.686
11324516.24877969,3.437558312299212e-07,230773680573.8447
11652952.38937732,3.935957588479786e-07,216971337083.7834
11262884.14086808,3.861858323800968e-07,212382498286.5153
11056116.60550234,4.205776644467857e-07,196957175305.5185
11624806.94265977,4.692296052419001e-07,192513923668.6082
11480309.99097401,4.938031310278097e-07,183760031014.8098
11882412.67458279,4.864003471388932e-07,192121239759.2545
11855691.16543523,3.330444424472162e-07,246750902818.4024
12622847.10832289,3.002644228238641e-07,281506268712.1945
12196653.92262478,3.230485085526731e-07,259057124591.7334
10683403.21219825,3.068999615816584e-07,234807373383.5463
10659312.18781274,2.979935565408118e-07,238922985508.3122
10747219.28701559,2.998447566325181e-07,239900859816.5652
11456276.46730711,3.076546742072294e-07,251382171721.5097
11154071.91709232,3.126684896485209e-07,242127450886.3031
10999240.6063437,3.029326293826408e-07,243855187828.4289
10534164.15491305,3.248157645554473e-07,222933507509.4452
10638896.64729504,3.168539880900448e-07,228905979804.4023
10636667.76203826,3.156663312534385e-07,229431697832.9352
14224248.31539727,2.558993685269941e-07,352898529848.4962
13345741.48679539,2.746124772056309e-07,315885141049.2733
13428676.03760755,2.721809430582823e-07,319738343332.7047
10416589.35596786,4.446815997923272e-07,178796674692.8664
9698270.073773751,4.777268725044963e-07,158699110697.2177
9948116.215359023,4.612322112498553e-07,166645822177.1509
10493084.09427132,3.83989682114017e-07,198620216128.5423
11590468.78318236,3.44384117950324e-07,235905966475.122
11438240.24049019,3.49248976083356e-07,230640614361.9285
10753220.27129534,4.134285063216571e-07,193763333070.4731
10257233.677574,4.037249609537636e-07,187775898529.782
11050686.04060797,3.789241890601907e-07,211034934474.6846
11221586.10918453,4.038864174025069e-07,205375238561.7691
10995877.90897152,4.13468639891166e-07,198122983245.362
11296658.49900141,3.789734563948611e-07,215713572637.8101
9684528.093870152,5.256131705044717e-07,148696576835.5585
10062554.21561809,5.098819106731327e-07,157662532013.1041
10024650.61933004,5.264749935526057e-07,153750810376.5949
9379687.464203399,5.103172356388166e-07,146879621029.1045
9412564.116949134,5.284819652061593e-07,143997350075.6665
9337071.700299256,5.403835412153622e-07,140737322743.3918
10075777.4952622,4.903559180699056e-07,162033303947.0936
10553405.52521824,4.670418808605413e-07,175316210850.3675
10246953.38873707,4.909439261750886e-07,164654460300.4435
9473091.591772655,5.009134660809469e-07,150193082853.7832
9712617.185881352,5.027582217365501e-07,153613771061.2885
9506131.391131973,5.190748659222452e-07,147180569504.2059
9695798.6814264,4.838398764871347e-07,157319473287.0995
10414028.068624,4.507948260500185e-07,177132993435.1163
9938106.001529735,4.856841289589e-07,160842574785.5539
9116040.366419377,4.140829601450202e-07,164089704682.6487
9012178.82860004,4.044500171450419e-07,164785841985.9126
9409443.843834076,3.835652843270622e-07,178239693176.0345
10369275.05481102,3.844467678124491e-07,196121069114.0605
9660055.036235156,4.060869692000865e-07,176157132233.5152
9925830.384098379,3.879212606452168e-07,186611238232.8702
11756431.27504517,3.387447193775957e-07,241932281071.1987
11126272.39518999,3.619940415025315e-07,219052765377.8481
11608879.66170197,3.430540867353335e-07,236891008985.9545
9658138.592266075,4.299214993462352e-07,169551117820.996
9677465.943628952,4.561637576366814e-07,163310634696.8962
9107839.654697629,4.671231181596733e-07,151284511988.1827
8593818.565143725,4.797429004685869e-07,140232004786.5083
8592812.638127949,4.88636746327306e-07,138508978579.0059
8528074.1039734,4.675442235992083e-07,141569327259.8928
9171291.087681653,4.309588408424405e-07,160745916120.0126
8807841.555747544,4.617519531055049e-07,147433779681.3937
9027734.79953102,4.350446893849055e-07,157237529506.9934
8988255.644889873,5.117970734431668e-07,140478615187.201
8857846.586860109,5.302751931374337e-07,135205371892.6298
8738203.861601681,4.969703460654067e-07,139273510438.0334
9797711.409127701,4.925980791945143e-07,157083113423.0194
9678211.599319788,4.869124993073318e-07,156372782551.3266
10048334.0818255,4.842242710239394e-07,162953251201.4243
12279173.61016339,3.525614986875304e-07,246043870709.3945
11879155.16895228,3.783243468322042e-07,227095935435.2341
11790252.65095454,3.583364401698088e-07,233702017529.1945
9265651.152661476,5.756554711775672e-07,133895974604.9149
9942591.627062876,5.555816673431703e-07,147118627324.4867
9680897.710886754,5.591419057579504e-07,142637681103.4725
10214433.55433119,3.97094464841308e-07,189068160443.9774
10295315.45949402,3.83225656562858e-07,195135644481.7287
10319299.01844787,3.867005777253242e-07,194416736953.3141
10504257.07630504,4.216100591944745e-07,186820572734.569
10275515.03813656,4.12997837898045e-07,185284211561.1867
10417912.94014942,4.278320021384316e-07,183484146406.1422
10487856.05392894,3.839711655563612e-07,198527638484.6652
10337277.90485657,3.825396605747596e-07,196165161330.2291
10256231.01025405,3.964231370479099e-07,190056093496.5915
11215922.08844806,4.304394367460049e-07,196740429060.7099
11512114.96003762,4.465643002743002e-07,197045165365.3763
11583801.42664923,4.363829755602396e-07,201344252963.6205
10498933.07253205,4.393114990239648e-07,181675676690.0743
10599260.36016883,4.589603758432526e-07,178138899606.9333
10585611.61623715,4.33101922146673e-07,184922269594.124
10537256.00445285,3.914524955286604e-07,196913195854.5476
10305083.05891944,4.039086212880052e-07,188594669897.6325
10534152.15566708,4.12503337281526e-07,190099631955.5529
10708773.83892941,4.447120381830356e-07,183803519400.5606
10630003.91940006,4.618488619662837e-07,177909923432.4803
10529530.88985522,4.422142983375953e-07,181406914183.7336
12080591.36734199,4.757957464494817e-07,198217118074.0865
12195605.90551668,4.613452560832612e-07,204261261205.3423
11893474.41192742,4.48403768336796e-07,203015520109.6403
11697210.49047134,4.576618302229731e-07,196963540850.8052
11955612.81949648,4.748714258638432e-07,196420954348.0897
11769470.06739634,4.475004194611252e-07,201169102136.951
11159660.78700029,4.081223786817584e-07,202826200114.3398
11128444.61902791,4.208307309111763e-07,198166164908.7906
11494898.12719322,4.267703541643562e-07,202788021407.9933
11119295.66033857,4.620318494268517e-07,186049854856.6768
11290466.36430862,4.877579971556807e-07,182211429571.8892
11433767.35339208,4.63132873288759e-07,191008317432.1879
10984315.12323565,5.27235090341764e-07,168307490852.1371
10635890.15650176,5.403145299871308e-07,160328013785.7032
11577946.31794646,5.073586214781967e-07,182007032343.3872
10198794.73104153,5.624886522962381e-07,149671693975.6021
9956361.728462968,5.801322295416205e-07,143136152001.5467
10387386.68884222,5.655562646821466e-07,151887635394.216
11124325.58119033,5.24387237309334e-07,171069380366.6385
11229383.62142844,5.281688360217057e-07,171859708245.2614
10826931.10201086,5.476047006362206e-07,161756072976.3501
10681849.81831325,5.368719836263683e-07,161708422418.8878
10360933.66367368,5.459431055255031e-07,155107918298.9174
10338294.39883017,5.499160962692001e-07,154022655690.2215
12471537.70365694,2.709063571504421e-07,297879447554.6707
11435833.87066606,3.056106869079775e-07,252051225297.1982
11493323.51906388,2.743874531994178e-07,272188307928.905
17091754.55019831,1.863493783017084e-07,523883453709.1283
16207950.61039746,1.811063316697385e-07,506336243549.0093
15751098.65865489,1.893966401637601e-07,477598189117.5949
13677745.63177297,1.553063271230073e-07,473392918196.4994
12965426.38103974,1.626092904526163e-07,435201015794.1002
14266092.68693899,1.594361315141463e-07,485192272942.5257
11667657.49209427,1.816405064733985e-07,363782555104.3671
12243932.7757296,1.887971906205975e-07,372040813038.1815
12523560.04990093,1.813137739554481e-07,390937445465.954
17210992.41460885,2.051024071960366e-07,494871080264.9088
16103877.80161636,2.121692343597721e-07,452698296540.476
17171425.73191892,2.131739755910439e-07,481190339113.3561
17755240.24099015,1.887138714468347e-07,539664690230.2061
17628842.44904571,1.952009349271947e-07,523884883832.5574
17584602.45872908,1.871248429382435e-07,537499736022.6813
17620125.30291896,1.913602315602561e-07,530608904571.404
17049847.41944396,1.977073988763021e-07,502387180096.0449
17494210.22498008,1.978464190387459e-07,515239177588.5286
15856633.40813654,1.932636733472552e-07,474363027895.4897
16638271.87672456,1.965625143915031e-07,492161628298.7054
17201681.54731004,1.9021335554371e-07,520088078184.7125
14573631.16095439,2.173410459820301e-07,403156134072.3017
14382435.07409346,2.240107384816273e-07,389929892805.3433
14458882.95013992,2.260284135635261e-07,389666183024.0101
16145721.65817675,2.042533767504767e-07,465526739089.8051
15127387.41301264,2.10477199165044e-07,427524057977.6813
15491988.17807732,2.114588674315443e-07,436472167913.2035
13646101.63132208,2.12676450194941e-07,382997259295.3513
14177581.33484659,2.206729910836418e-07,388242158658.8227
14367415.41562193,2.140040274770298e-07,401572549529.0623
12951411.5179848,2.2130376044204e-07,353990201168.3204
13819102.2499404,2.224902901708389e-07,376362018129.7339
13294449.368981,2.145004584336343e-07,371009364191.4724
12478683.05843486,2.05155154789645e-07,358740546386.217
11635770.33826875,2.142615108663374e-07,324961840201.5499
12756622.7081125,2.096171383110585e-07,361507950068.4108
12496459.76884981,2.378202350135901e-07,325552568446.4026
13613330.84955253,2.282930192334381e-07,364448341535.4443
12752229.57359771,2.271292597636112e-07,342560590750.0777
11433001.74813641,2.691447984323826e-07,274264507480.9879
11762624.54917225,2.507495673846071e-07,295808584592.3714
11239620.66392104,2.508202934024035e-07,282602851567.3504
12672268.64801372,3.069161414956128e-07,278510272448.059
12417285.92786784,3.187174967423116e-07,266127289719.6761
13264831.78475806,2.924340943391328e-07,301080810910.1985
12413112.17347508,2.608440023249125e-07,304060573144.0734
12671214.48394453,2.924485102377919e-07,287597628103.5889
13263753.25507727,2.779663023585608e-07,311414144315.3882
11544580.32983605,2.899810413355267e-07,263510796230.4195
11437598.23584601,3.025127493436548e-07,253808238755.1801
12128279.71957305,3.032016609759027e-07,268727113557.8663
15203628.50757738,2.424743102334294e-07,390994001157.8
15110883.87482037,2.512232907226798e-07,379533342048.7872
16555275.98710884,2.284509568769685e-07,443004125682.9426
14997242.17327758,2.29804740869262e-07,399734913429.647
15175090.65246926,2.371188177757706e-07,396114384314.8715
16525496.00578727,2.231005466199896e-07,449249305034.5558
14414747.76697409,2.349137975630262e-07,378618092922.2601
14147758.9671381,2.435366057882492e-07,362781238913.632
14589118.49545773,2.422308418374997e-07,375441917581.6705
16949689.54132215,2.244779228400589e-07,458894294237.0455
15487802.78098704,2.472456459710609e-07,393161250927.7913
16743754.05514276,2.265712567320004e-07,450522301186.1575
11445025.55965154,3.595450732788632e-07,226350368294.6952
11334165.27317513,3.904018462209192e-07,212185140181.4804
11409612.67424561,3.654837712928995e-07,223198961615.5258
12496131.15347252,3.05505848895959e-07,275483688100.5659
11731584.85943414,3.383214398849066e-07,241622295554.0092
11695731.04152369,3.442599674655606e-07,238105644205.4831
10829121.00544383,3.773672076840516e-07,207372151904.697
10668496.52564909,3.848169071762573e-07,201651035696.8304
10665373.40618696,4.058702111595931e-07,194558979752.8374
11847246.17324355,3.369916175075834e-07,244645940619.5625
11231298.1689964,3.560306280763727e-07,223582796288.1232
11511237.69758304,3.469850132303324e-07,233121078463.9658
11941655.26740331,3.343261739075738e-07,247904424324.3713
11885739.09778582,3.363476615211658e-07,245753993877.3622
11323225.23892055,3.533468813919188e-07,226552732432.8085
17255345.64159312,6.804716094556256e-08,1035262118249.799
17584690.05452965,6.700603254663371e-08,1065922055759.527
16894062.32986384,5.604011765761158e-08,1153634051567.891
20380949.2475856,7.83808692543937e-08,1112801469467.714
19213628.71398326,8.15979396645531e-08,1021307682432.191
20792510.98707537,7.05119626531935e-08,1218236865064.904
17501810.51322732,8.544718926598258e-08,902161847084.0637
15637965.17248321,8.968034836317011e-08,780516431861.3606
16981209.08592876,7.845982617365672e-08,926553245518.6548
12247983.91712169,3.242705356018374e-07,259493379137.7892
12097369.58174733,3.285941481451459e-07,254049141813.9841
13100009.86462794,3.041129572072902e-07,289677661902.2773
11024548.42503157,2.836189003911346e-07,255390083533.1601
11118324.01438355,2.790640362575215e-07,260357491581.2365
11440992.80771216,2.883475386661631e-07,262131701687.9189
10687227.80066616,2.925705359608637e-07,242499775964.865
10795410.73103316,2.852062285578205e-07,249153217557.3365
10775249.6981082,2.944206242267182e-07,243471719849.4518
11309417.90191087,2.666934506443015e-07,272959796192.3539
11085827.4651665,2.736519991415461e-07,263008044158.1029
10992189.30977705,2.782039711468284e-07,257934033367.4409
11088238.4251996,2.484692089079029e-07,280552518031.5972
11090003.36274479,2.37719091867424e-07,288994095379.7266
11527766.53794696,2.332741110311281e-07,304205790922.0892
10963373.89959637,2.727285038791477e-07,260689700042.3834
11015968.63871964,2.614458967768639e-07,269423084601.1017
11289442.98058167,2.631560506026034e-07,274914053337.9262
10958025.09078539,2.790754028563968e-07,256596808431.5233
10948908.35611614,2.771362061848305e-07,257577926239.5969
11274763.828001,2.675641069027757e-07,271532749905.2572
10680795.88892972,2.871972689812796e-07,245367334580.8137
10749427.92006424,2.729226778364172e-07,255481193326.581
10788946.34242349,2.798326732937424e-07,252181613409.5945
10820877.99994384,2.593611151910321e-07,266067966674.2795
10914626.10778108,2.442399455079598e-07,279338673717.9747
10912875.18176302,2.549908620522353e-07,271387251769.9349
10703673.98357778,2.737194235522664e-07,253899860105.5982
10728117.26871461,2.713935648484242e-07,255931542994.9079
10659553.4115386,2.856689024082817e-07,245751983971.5987
10748573.59310882,2.6365283042364e-07,261414220611.2162
10839345.55319195,2.454156512453209e-07,276525311891.3711
10773068.0625507,2.613300222632686e-07,263560223213.619
12268512.73987969,2.225901066433251e-07,334031953332.719
13128649.35361652,2.083218755252969e-07,373591337709.6323
12771006.71478495,2.245397048557842e-07,345697603025.4828
12169154.53948978,2.374637009966301e-07,317342996486.7325
11714816.38626382,2.490513632788454e-07,295943998396.3906
12465707.04809962,2.356686826820246e-07,326724975189.2717
13400608.95024917,2.047382487562866e-07,385767122179.9651
13337025.94510398,2.082458686795882e-07,379613282505.1994
13039255.57433912,2.20958008298935e-07,356762857189.6821
13357829.3550443,2.071794388122815e-07,381509001644.9086
13751567.01353653,1.997310776524485e-07,402459107148.0516
12799223.3784907,2.205652646498635e-07,350611001331.6533
11984810.90380861,2.537222535084742e-07,299037380291.5035
13458650.99511029,2.229364177233269e-07,366055991010.7759
12983299.17889338,2.502351214090176e-07,326953673948.0771
10890312.02452169,3.17717256860094e-07,233890789756.7127
11123636.17672736,2.840701656291592e-07,257412535776.4445
10485577.27963707,3.230383747187876e-07,222718487018.775
12411918.67477164,2.327382098260317e-07,328040245577.9686
13311979.87277313,2.185497622938609e-07,366895535086.1744
11846426.099398,2.493449860639641e-07,299033783980.8203
11527543.27928672,2.560780558725572e-07,285861182183.9428
11969673.22360983,2.421335039569789e-07,308114665119.4388
11414464.97909441,2.587000890433459e-07,281141208824.8366
12432780.72766082,2.289933373572456e-07,332164368218.8418
13026775.88563094,2.144928283211463e-07,363547998182.3126
12475209.82264527,2.278844705966862e-07,334378263692.5793
13639309.49012771,1.675755544865489e-07,448730174217.0542
13809852.234741,1.736655705441046e-07,443656191435.4164
13900407.37458108,1.795692260935687e-07,436723190641.5941
13141564.39700227,1.723334809014799e-07,424359530952.1098
13303364.01953596,1.733559193382308e-07,427893501849.7307
13965145.77757255,1.782883828378572e-07,440856020804.8336
13768674.06585821,1.744809261144997e-07,440954197312.4592
13256438.59967301,1.726146421987592e-07,427604016963.6993
14083557.15278709,1.785674336366783e-07,444130762966.9149
11654048.3102567,1.616227033337874e-07,392773250640.3293
11564297.64543476,1.603972604758252e-07,391731020132.5044
12328115.09649364,1.664074244901659e-07,407488053625.0862
10238690.45049991,3.57678178913201e-07,203196449856.0022
10487333.72023993,3.884573915686643e-07,196986362913.588
10272665.11187229,3.863918544268398e-07,193641225317.0238
10381211.025583,3.463877885353094e-07,210477803989.4358
10849599.71449989,3.412606510888525e-07,222172126702.1739
10631568.50281226,3.771915683999164e-07,203652318051.0282
10992815.3048486,3.685693733470331e-07,213843523544.2807
10866621.3421382,3.460335222306893e-07,220469788249.8183
10496674.63611399,3.800875820594708e-07,200045728147.3816
11122089.23632962,3.082624049361476e-07,243728323062.487
11410029.9780576,2.852117866081406e-07,263334931755.6455
11357870.13232941,2.746255600464908e-07,268824963097.0373
10322475.40201461,3.743594210413954e-07,198727519619.2243
10689366.20295027,3.402823110782338e-07,219310305486.4471
10288418.40362813,3.456264045986056e-07,208902678542.0019
12151689.67846571,3.240831499010069e-07,257552460223.3967
12428576.44942878,3.258464370287215e-07,262469838288.8552
11928562.71187294,3.057876872575572e-07,262809739198.0603
14225054.01121458,2.894298923245379e-07,325106012964.2874
14025673.9758932,2.621004859528175e-07,342461579564.933
14289133.83230661,2.799751316895493e-07,333881942963.3948
13353582.506534,3.399096621833602e-07,274171381782.4478
13468748.93449072,3.345750629964995e-07,279467651405.7336
13745766.6181261,3.280947701674476e-07,288958912477.1027
13981911.08532837,3.076769312756221e-07,306786736190.4649
13524093.25661927,2.697357114337497e-07,323953386752.2643
14157602.9853816,2.664323386360692e-07,341925721145.7113
12316769.06180503,3.52174493414934e-07,246977960215.7852
13438490.78831869,3.435063449563929e-07,273985337792.2081
12700115.17415712,3.631372190088841e-07,249513367309.5409
14247338.72326751,2.449504342546205e-07,363927555587.8258
13979010.06718169,2.273479518616576e-07,375274498795.3583
13968369.11167175,2.426727970272481e-07,359030743792.956
14168332.63244981,3.149266716083569e-07,306087632435.3085
14345188.26448065,2.736809860867981e-07,340311403094.861
14264917.7869488,2.98737553644409e-07,319209684939.0025
13604986.22280389,2.483341171846452e-07,344355624130.652
14312353.28482002,2.22064463232641e-07,390293817223.2457
14240366.11297763,2.450290929382771e-07,363671599546.4396
14262513.58900983,2.140600208258958e-07,398570999426.3173
13556394.84754559,2.403287900579917e-07,350703696179.8152
14042031.33589706,2.130193893864426e-07,393686492453.8005
14432182.99362777,1.894840927914895e-07,437471926893.4565
14484432.57072357,2.013461953896448e-07,421637472443.0247
14262234.9758041,2.003128372868424e-07,416595971221.2628
14095561.93633056,2.204571634918403e-07,386248006271.1006
14365001.57746916,2.38060758505584e-07,373978931126.1116
14437302.69217714,2.150950633534545e-07,402160210900.0977
14310573.94300556,2.5916888114365e-07,352047947075.1611
14030982.87195818,2.568969139281384e-07,347201961224.9344
14230400.50450664,2.842319826116333e-07,329181303186.513
10834614.94209498,2.833982161143029e-07,251120445495.3845
10843683.97799554,2.853392721583387e-07,250189542441.3477
10814417.31722585,2.926141818252358e-07,245361382863.0208
12101841.61724299,2.381139044948887e-07,315012867367.4484
12143702.69322603,2.369995012806927e-07,317092646997.1996
11698340.10729004,2.509592272316436e-07,294028073182.9751
11527647.5956828,2.968389266702499e-07,259055881287.3268
11238217.11543036,3.198745717079347e-07,240276302335.1305
11830885.44985249,3.211031974013225e-07,252302079101.7001
11308618.55619738,2.641747483154178e-07,274672609720.5606
11409615.53327681,2.760368873013508e-07,269128441249.0963
11168883.05630208,2.727133529448468e-07,265586181617.3784
11164743.19619234,2.737044883336852e-07,264846431293.6498
11053462.96768104,2.763569353271204e-07,260526226195.1313
10525489.03035958,3.127138887185e-07,228460349138.245
11371691.36227986,2.617443150791584e-07,277911739234.0385
11420665.30112696,2.629937508338455e-07,278223911119.5582
11472968.97333148,2.735975056776765e-07,272229005517.7544
11486085.56141591,2.539299482461889e-07,286437207414.6196
11936008.79170877,2.423447041799519e-07,307069565287.4627
11535304.94800209,2.551907245824006e-07,286716370284.3904
9073125.912526142,4.922612491565507e-07,145532449194.6751
9346715.611713873,4.832927251679509e-07,151769856513.2776
9353286.746189773,4.8597579893618e-07,151317034194.784
8368585.569366633,5.155685742373184e-07,130155073791.2892
8715281.308963167,5.041835943809564e-07,137580094358.2687
8542269.566929733,5.133146940839942e-07,133244965258.7425
8492657.378673157,5.106489196277521e-07,132931730570.9198
9049139.44445234,4.936340016360749e-07,144878487379.6889
8841887.715979798,4.992642049057145e-07,140494085590.3618
10454759.54735507,4.304405304960676e-07,183388434629.3477
10364039.08298557,4.445676581471293e-07,177925064540.3232
10319140.23934084,4.321534849627158e-07,180530881025.053
10273237.45390296,4.05821601823951e-07,187420554860.4073
10431922.33084664,4.207510525635856e-07,185786521815.5706
10296451.70994566,4.224671059958402e-07,182876957246.4138
11774929.28318612,4.274264031783416e-07,207515596705.8612
12130129.7357533,4.302889561482267e-07,212826308776.9277
11620943.96120939,4.389391360284774e-07,201204892709.4555
10866899.25605492,4.281619915077699e-07,191293508677.3157
11457397.69275087,4.268928631847849e-07,202087782497.5607
11305509.68147161,4.384106758319893e-07,195900735002.9244
11055437.62528592,3.921175187952895e-07,206362972399.1561
11651641.12084683,3.681004077071811e-07,226852150483.798
11725335.82263847,3.941672777231594e-07,218107991328.0372
10778918.05623045,4.552486219833298e-07,182141710364.4694
9801096.724875888,4.721224379005528e-07,161648463590.0796
9950891.78497486,4.671643111606419e-07,165278196395.17
10872207.733077,4.545530614634883e-07,183905485586.4081
10311874.56325467,4.643751833136095e-07,171959016726.4351
9890063.715843532,4.714243573250576e-07,163276773996.4366
10642938.45836904,4.332915346661005e-07,185869478933.2159
11077050.53546409,4.435417873602633e-07,190458828587.574
10551403.40939581,4.474133480698174e-07,180372754099.7739
12092460.67559757,4.339023753865098e-07,210985851037.046
11626828.72945623,4.41882560072994e-07,200411836350.2795
11584074.61416508,4.425547802518803e-07,199472633823.0181
11978578.51018186,3.637508158429389e-07,235072936753.2042
12356665.68958593,3.747151427556927e-07,237739019765.3257
12053298.35328401,3.898167895296238e-07,225873637814.2003
11216072.80805567,4.194892479822433e-07,200152152006.5923
11006081.53129531,4.040676928624807e-07,201370867219.2807
10580586.50697217,4.188991396963724e-07,188989102845.8831
9684194.073526483,4.730267521791311e-07,159516770604.5008
9550209.114030145,4.825507558259798e-07,155233058502.2265
9516551.239164412,4.81979057900029e-07,154808265460.8835
6978656.108918332,6.172075752632079e-07,96268520940.03116
7269471.246754288,6.045482349840495e-07,101675313010.5737
6945048.441501754,6.072905493086304e-07,96845087862.12724
8143533.563056094,5.240259199801565e-07,125288452351.7208
8314878.323127307,5.217738958351239e-07,128292420723.0552
7814894.644839287,5.380170144922531e-07,118138772492.1234
7740664.594430588,5.529680068027571e-07,114897764716.4499
7691787.486268433,5.68441782353045e-07,112090794748.5933
8021160.003330928,5.509491760763023e-07,119351941377.3015
9308114.86131664,4.85195400863031e-07,150747672943.1885
9518352.367303198,4.768955064816986e-07,155935964687.3605
9097901.349457756,4.90824840669198e-07,146214418205.7627
10741528.56701568,4.204539035651819e-07,191390552078.0968
10798341.9204078,4.075916688304992e-07,196429574529.1115
11328656.03979354,4.191906113406252e-07,202257216544.6747
10049699.54667665,4.688071929084386e-07,166529137859.3029
9808734.904296689,4.695955750179948e-07,162354251811.3709
9640012.861044837,4.785414097254546e-07,157566757116.1802
9402571.409052255,4.935254729493926e-07,150559070474.4826
9520362.47877421,4.992142576264415e-07,151284870257.6226
8948630.29087716,5.10687688599573e-07,140061779646.9308
9306605.038511669,4.90103926743679e-07,149715177178.2155
9339889.906399654,4.906790158027168e-07,150133208735.6113
8851054.08757478,5.055216794989085e-07,139476745298.6616
8924086.187737035,4.982934767186842e-07,141984288066.1097
9201954.028443931,4.920080652030206e-07,147649476432.9613
8749003.836218186,5.074244496586498e-07,137523741932.8466
9575228.989370495,4.779502294802777e-07,156636890291.9636
9990342.359365085,4.708947533504598e-07,165055931894.1962
9581879.952020392,4.806319136162258e-07,156162105521.8611
9737146.111494651,4.696740493367017e-07,161151360707.6092
9727386.83494244,4.685612380385413e-07,161244637924.2361
9602794.070233343,4.7919432108386e-07,156815808155.9665
8638541.48983942,4.435800224284917e-07,148522563915.9594
8820564.956895821,4.194528473579975e-07,157413136099.7885
8923319.608221766,4.290765090769798e-07,156856777820.7254
9536699.400111107,5.663459326399287e-07,139318964063.2499
9297596.902645979,5.610711240569192e-07,136675950055.8826
9077362.553592442,5.540004200654984e-07,134571456323.0714
9559569.765802154,5.684191149742707e-07,139313295046.2361
9602682.37333343,5.681867408643936e-07,139979735136.2618
9141739.649563149,5.558391032247776e-07,135226804243.72
10115656.38728059,6.006317736624146e-07,142098185862.2214
10088098.54163088,6.07834053325722e-07,140589417298.7311
9904112.361334423,5.850322530732404e-07,141588838470.5335
9122542.270696808,4.171934308258747e-07,163389537526.1521
9402164.25585735,3.949658313874372e-07,174657866109.2992
9012046.422897357,4.07354805757666e-07,163999122396.694
8599275.595726168,4.68794611627533e-07,142497351867.9537
8875590.782786414,4.416878315293077e-07,153033665505.3578
8585142.426655343,4.559909421002924e-07,144913894215.3984
9673840.181341566,4.097372663621357e-07,175359217082.9169
9568894.944530251,3.955696893113223e-07,177574165503.7304
9286785.923986251,4.17791267404634e-07,166172516048.4863
11571861.74164835,2.167359319933525e-07,320712552067.0032
11638204.27939744,2.261659715999203e-07,313521841118.8741
11333555.52240944,2.233888794198136e-07,307840066012.3799
11840866.23280437,1.990934317613954e-07,347279264602.4592
11641509.33399788,2.079587948203802e-07,331658472420.0933
11479007.06671168,2.065889904752279e-07,328472897122.0143
12025193.00248728,2.137078654361221e-07,336417349190.6882
12661961.14558954,2.273028321761915e-07,339962550268.5782
11992685.6694662,2.263423791501606e-07,322903336985.0893
12802988.42554938,2.414145391021812e-07,330219263938.0937
12488657.73022856,2.442617863510594e-07,319603905282.4852
12615665.09004725,2.462943403544748e-07,321075521324.1559
13979374.30336776,2.246367328371581e-07,378297859622.86
13237071.43083405,2.344525886887476e-07,348141041497.1537
13305309.41331706,2.311113857000724e-07,353300363382.3066
13838726.69909545,2.248970385776897e-07,374202749939.5284
12760751.61141945,2.321503067342337e-07,337828859716.163
13100218.51232071,2.347126975581195e-07,344287152325.3163
11335253.03650571,2.536880446442613e-07,282855450581.3466
11553561.91870492,2.56593364046767e-07,286122678826.015
11258046.42673369,2.482038903867023e-07,285051925536.1647
11577670.27246189,2.365096249056481e-07,302729885982.8304
11341220.58552221,2.486663788078636e-07,286801719530.1483
11263993.62063677,2.431829538536578e-07,289114790342.1523
11546829.63376827,2.618943558634283e-07,282084137769.1932
11542993.7847295,2.672173842475392e-07,278233011346.8839
11390814.30245563,2.585504737950477e-07,280666909957.5637
11442199.41034273,2.621452948905585e-07,279349651622.4205
10935440.71322383,2.663476685476253e-07,264162008098.3328
10751022.6347622,2.718078419361742e-07,256217302523.9052
12302184.29805473,2.521908848269601e-07,308197637477.9177
11931124.70796914,2.566540309455938e-07,295426415720.7288
11805243.79325195,2.585098016759139e-07,290908861436.0033
12167216.99902948,2.483094465688085e-07,307984664606.5184
11890942.3546631,2.531452636345845e-07,297145895927.1498
11921669.70781959,2.548038649375361e-07,296619531515.791
10835673.66123756,2.734183824019073e-07,257219630769.9791
11401972.99302953,2.709350369563808e-07,272313952614.2514
11405785.34072507,2.656107362212291e-07,276033278340.7106
11563913.16629706,2.670718315343581e-07,278838517709.3929
11630634.68973369,2.613109678849263e-07,284554192923.6279
11411595.39160084,2.584043138845226e-07,281284968850.8104
10854031.87095493,2.803367037621932e-07,253398739833.3697
11262775.61609129,2.746130395759289e-07,266582310951.3535
10699987.79904464,2.770974849015282e-07,251745409386.5013
11757018.86990239,2.741136196160606e-07,278618621355.2898
11717326.41227118,2.652335709048636e-07,283841700552.3416
11650356.3310623,2.709957529331895e-07,278204543816.02
12540090.49472883,1.759003716889583e-07,399444242573.3364
12914678.65400509,1.788643716424254e-07,406818827366.0204
12285241.04672033,1.65800011849383e-07,407062076749.9599
13379756.88538342,1.795118392820511e-07,420454970617.0761
12702781.27387489,1.771582639055469e-07,402708883233.4698
12640735.93256979,1.714422335363767e-07,409600503266.8355
13721698.55189178,1.837606938528055e-07,424527791311.0597
13996320.87284991,1.884436329023202e-07,425820185593.7615
13036015.32902358,1.814089407484306e-07,406792000649.1417
12561848.6689255,2.008316401378119e-07,366295964329.6041
13157203.67418191,2.030698061368655e-07,380831936852.5151
12564262.37331304,1.872462615459536e-07,383879475952.1451
10827189.31798004,1.49725494121721e-07,383988803006.7986
10681391.61345202,1.432086648674427e-07,390224896474.0098
11490695.9386554,1.534328724563765e-07,400928924444.3412
11055147.15148099,1.606114675184687e-07,374150928668.0034
10988767.56889305,1.551822137233168e-07,380528940692.8778
11939874.05221298,1.633012851496309e-07,399644043081.9673
10407122.97869611,1.38350259403541e-07,389054731506.3711
10415422.87174788,1.394376338134104e-07,387338117603.1644
10559400.12907544,1.45956316004549e-07,380911412650.0362
11911951.92714786,1.726180394888526e-07,384230773907.4332
11036348.88049201,1.614687872224892e-07,372191426931.7469
11059305.50388672,1.637323105822035e-07,369520265690.3982
10682492.34888564,1.307100126179982e-07,414763011740.0153
10917848.06337589,1.278730093167884e-07,430147882173.8135
11030841.90205929,1.235039415278853e-07,444789761239.055
10588604.67100392,1.446202029131896e-07,384313897570.0619
10492566.24227412,1.378107760093829e-07,393271916155.277
10404163.32541551,1.422646714056212e-07,381776434595.5698
10674117.2313564,1.440703237486827e-07,388402735698.5033
10745290.88512975,1.400731673511991e-07,398395915619.7439
10577690.902281,1.372630452583454e-07,397516462445.8082
11298115.90532002,1.185319461509452e-07,468219053173.2023
11463358.3977866,1.157311526003255e-07,482701170280.6173
11470727.00443716,1.179882247184862e-07,476831750936.1826
10914942.83985386,1.259310688240184e-07,434443068792.2675
11160755.75289986,1.210830262349439e-07,456006912513.928
11332318.34778984,1.205359471288313e-07,464416573325.1872
10192460.81065862,1.421113590482929e-07,374277041983.4948
10526621.64032418,1.333019062000556e-07,403395863079.0744
10355857.17355086,1.363535196078715e-07,390908532782.377
10406480.88811104,1.392106138436467e-07,387426204548.5158
10494893.62962072,1.347572881913442e-07,399279058356.5506
10597958.27468766,1.324024834787583e-07,407966764749.5173
11246627.81739103,1.188445227728708e-07,465267670183.693
11421649.60869885,1.161502459496626e-07,479787295215.8921
11245188.33629276,1.187891708041269e-07,465352623085.2081
11420303.51382376,1.37677811620295e-07,428319989611.9081
11108562.89237143,1.40575520381284e-07,410882910382.5192
11660989.91149108,1.461678780372139e-07,420243293540.0937
11716033.69745575,1.429769221931042e-07,428486012609.675
11572743.25520065,1.382793734206895e-07,432777542326.1707
11815022.3371985,1.46767451477264e-07,424633948121.3483
12264716.93787809,1.362901413811272e-07,463106881821.2056
11912240.95255715,1.355789100046661e-07,451369328041.1165
11873106.4264183,1.403405642434477e-07,439651826585.4864
12860356.02035298,1.369546571628013e-07,484025736928.1407
12643312.8811566,1.369782636546829e-07,475802202005.4149
12810846.64923531,1.42391194358836e-07,469810166669.5363
13331781.28453823,1.510681779912251e-07,470009012851.0715
13032213.63877041,1.404770142403965e-07,482260115127.1739
12982374.24168889,1.459136210748374e-07,468407205808.3415
12833621.44121231,1.297953785526298e-07,500621777981.7226
13436547.73591912,1.256391649450767e-07,535637538065.8322
13022997.77991388,1.321683901756712e-07,501910059015.2549
14112609.82947284,1.193968382404126e-07,582030107434.0327
15052773.74841372,1.118924696870679e-07,648260103471.403
14188642.8938371,1.188783261595796e-07,586866163814.2988
13013242.67206624,1.329663685572179e-07,499525492522.2321
13426638.92130119,1.26426993057375e-07,533016643986.4456
12794907.74349127,1.329798779091481e-07,491111238097.6054
12703193.1328102,1.273740475545205e-07,501794158417.8207
13117130.41114837,1.240783328841533e-07,527280288875.5032
12682988.1766424,1.216076474800375e-07,516710947374.8217
14270998.77857128,1.149611083875203e-07,603606267693.2493
14917601.02473608,1.050407342352347e-07,670080770600.2753
14659058.49608392,1.066223436662047e-07,651939449648.5829
11016999.60519191,1.311825888597583e-07,426722820561.1268
10949765.14561018,1.368299850043339e-07,412367045793.5702
11259285.04106915,1.339300260652493e-07,430122516788.2647
11148678.15676096,1.211221214251601e-07,455415421106.0244
11035080.84723643,1.254888634397816e-07,440256113496.2292
11150111.447679,1.21178358641325e-07,455333039612.5142
12673357.36655129,1.541148814321736e-07,440888357284.6761
12305415.42136812,1.530118313928029e-07,430143077098.6899
13088629.37651473,1.583617142491017e-07,447157693501.6165
12880616.3547248,1.501765414513894e-07,455898936943.1956
12784918.0797194,1.537077627815198e-07,445554412108.3825
13067815.56940776,1.591419357638279e-07,444986230187.4369
11916513.95609981,1.461757709103451e-07,429436509325.3648
12016344.15734008,1.499648664559012e-07,425708846276.8371
12379970.70680702,1.510728056956129e-07,436444227488.3286
12438497.80780873,1.383343038664667e-07,465030396550.0023
12044100.22879627,1.423828161837001e-07,441708722320.3809
12604673.53945827,1.437515376612932e-07,459328369266.2092
11734904.91051707,1.35363234161195e-07,445122034520.2944
11552895.12186575,1.354271787493375e-07,438080185121.6025
11696063.01257855,1.40127228076142e-07,433535513205.7458
10623311.60930736,1.34050334942801e-07,405584470947.9032
10791271.20684285,1.36861651996143e-07,406335489542.1525
10858018.04273096,1.312142844338462e-07,420497238525.0107
10843942.54439808,1.501264061240876e-07,383897970100.6768
11145587.00870564,1.552794569833626e-07,385798271443.0897
11030859.6785207,1.523231433882934e-07,386751581065.3181
10767412.42102459,1.552758672667162e-07,372713713466.6859
11056259.63097368,1.571261118639707e-07,379701797111.7957
10550770.66228895,1.482585571975728e-07,376649738397.0823
11159945.93313691,1.498036771039142e-07,395652372908.5223
11594932.82178624,1.491970418348187e-07,412187447467.8518
11044091.72789922,1.436082137619488e-07,402726756914.5798
10768089.98184185,1.470736500684008e-07,386469681080.4439
10954355.03108529,1.492744904363349e-07,389280886644.2056
10839575.72885721,1.430757472968132e-07,396249081507.7838
11721129.90014874,1.592260997751211e-07,398988128836.2598
12727857.51870178,1.597920151715219e-07,432233664763.3344
11513914.78824396,1.550475197861166e-07,398945093987.7253
13600041.56645121,8.933191286869728e-08,680564273077.2627
13836451.09584974,8.837780571312166e-08,697368890135.0789
14783312.65201125,8.126471063146079e-08,787959264933.7018
13832321.5201812,9.081664953526377e-08,684622904710.515
13703606.40562262,8.984551455827055e-08,683130919875.3855
15331427.16495115,8.139378460349612e-08,816309948070.5321
15053137.90718308,8.174003596523138e-08,799227632422.0475
14165307.37237029,8.878722104602968e-08,711747079668.4458
15681888.41144172,7.937156209545891e-08,849092635495.6932
12238094.84120087,1.023256051447627e-07,559402324544.2487
11940549.42546305,1.042585173872923e-07,539034564256.627
12862764.94561327,9.788625805662854e-08,605600905016.4453
11943799.89231335,1.054595432199515e-07,535079847486.9904
12372980.07844372,1.081262098810738e-07,545155410867.7584
12742010.89573602,9.812082499591183e-08,598959114498.8031
11264606.63787399,1.279254523997715e-07,443688381492.5192
11509584.90280219,1.306730994997647e-07,446960213653.8665
11953693.16868636,1.238014421762148e-07,481228826829.578
14121809.41785632,1.033662448298116e-07,641167036887.5547
13578992.42147411,9.640706936620343e-08,645844985325.4955
12967079.92061165,1.073719250237187e-07,574004144191.1256
12305477.15668752,1.227924760142519e-07,498100855269.1808
11854820.06442418,1.2966911508731e-07,462740241061.3433
12661490.02068131,1.239044319894153e-07,509440642702.085
15645296.06477074,9.372982653031217e-08,758225833389.7609
16601433.96690397,8.22291151486097e-08,877933978377.2993
15978720.72446576,8.281483990054562e-08,841014006044.2281
12839043.28731225,1.012513385322179e-07,591015422985.0215
13305097.34935855,9.67940389923733e-08,631130228557.7145
12985581.06293789,9.60209720843445e-08,619275628580.3285
11780477.0989105,1.108705154871097e-07,510448777658.6492
12106291.43971228,1.052538865399276e-07,543065687678.1473
12357078.88889358,1.059163464575048e-07,552001797039.0221
11085984.62936291,1.137152601013407e-07,472311412290.07
11524722.10430981,1.129829434653356e-07,493122939001.4688
12095105.69586742,1.080320964255745e-07,533221679700.1722
10374631.32395887,1.365535866159102e-07,391234607962.1812
10358473.66846176,1.31625584690356e-07,400315332305.7587
10403477.28671185,1.382724992468409e-07,389064239530.4996
10554136.37983113,1.328054656786885e-07,405457559948.233
11131728.55123598,1.232715020858421e-07,449421814482.2014
10537839.48720694,1.278742088446265e-07,415173481519.3693
11612533.52880906,1.122839142276425e-07,498940339737.1008
11919914.40745701,1.068420585411394e-07,529393135405.5955
11596634.93062242,1.124631178475916e-07,497727808569.2227
10742856.46394614,1.285163463215123e-07,421839774659.6559
10639087.93127115,1.308705106154651e-07,412739975182.1309
10986734.75130278,1.236665789452723e-07,442622759818.656
12821199.82767022,9.784559526036088e-08,603811178889.5306
13460395.45532751,9.340691779630723e-08,653840460113.4889
14326193.41774764,8.635384577232029e-08,733290999580.1271
11299526.20036139,1.178351163278008e-07,470121821570.893
11476411.6406048,1.151977571491599e-07,484741387414.1546
11464778.96832457,1.150332344609694e-07,484711658217.8853
12716602.72541858,1.053715985876253e-07,570018203015.2549
13322644.89315592,9.440682006546368e-08,642571618219.4465
13090685.42341062,9.535238939820574e-08,627202816272.2527
13400693.33720946,3.372286479058731e-07,276594980623.5988
13793563.64177417,3.254124530981515e-07,291554917262.593
13658500.1395492,3.238487580638632e-07,289628650579.078
12352083.87349634,3.586490153833961e-07,244696150226.6309
12907615.20855797,3.486234265380163e-07,260580331348.153
12639891.35590308,3.476591031546418e-07,255647139341.5441
12334067.1911291,3.628896278386366e-07,242431997453.2323
12711343.32949098,3.593739478005148e-07,251474366084.5212
12918353.2142911,3.518294419373528e-07,259210367963.8501
11915641.74467872,3.799991583887515e-07,227123643984.1295
11999987.82706258,3.705443878756544e-07,232605856711.9173
12028120.25853445,3.69502032468914e-07,233589440897.9007
12952160.19481064,3.58376577322905e-07,256713748896.8482
12859887.07199206,3.646885192014765e-07,251935341090.2729
13602827.27366849,3.450550827936154e-07,276505366148.4707
12571119.99530071,1.261787757384212e-07,499708149671.5327
11767381.4124184,1.319400998686432e-07,454041229832.6982
11951066.41822825,1.318761427607038e-07,461277745755.8947
13369511.31390575,1.694833605068057e-07,436546813034.6815
13201718.07392784,1.633909024569269e-07,441718111122.3444
12176038.90977515,1.628354099154569e-07,408325772854.7287
12753496.74507297,1.690354978499005e-07,417167689735.9946
13256014.27967574,1.709042156257546e-07,430438503641.3694
12067737.16494591,1.642482020832327e-07,402369845688.1885
14115934.30041314,1.867500991632793e-07,432051715916.5379
14019921.547921,1.843590760556999e-07,432815263614.1628
13928977.31498076,1.784681061458851e-07,439418989513.7526
13665316.46247551,1.235664381011492e-07,550832227527.2186
12955075.23697397,1.30631814541807e-07,503200000883.6831
13590700.65449914,1.240733260432575e-07,546331486239.1345
15077649.09554493,1.054912714010368e-07,675340218465.2391
14427549.14606528,1.15407552214912e-07,608652965744.9856
15298817.61550872,1.08415048992806e-07,672870497810.6174
12987469.60203262,1.240348970511274e-07,522190079698.1377
12357102.94314715,1.297346806314062e-07,482183790442.1476
13419799.19623083,1.233774892668243e-07,541487869613.9495
13312917.38694629,1.617601460274438e-07,448427478090.0228
13186859.25616043,1.666096787927678e-07,435519782096.7025
12894073.86277751,1.575149915905863e-07,442088167141.5807
13246454.46542825,1.617020257537729e-07,446295673983.688
12852913.50656206,1.714697743461099e-07,416431142796.9033
12741397.69870527,1.68085165788768e-07,418341369414.2556
12067533.72022931,1.453681886476749e-07,436487959679.5103
12533890.02991768,1.502644128017794e-07,443453875027.3937
12628645.90407469,1.467328653625932e-07,453947038595.9827
13064739.5871304,1.748009292643709e-07,417899257515.0005
12775064.22379044,1.831498327513769e-07,396118757245.9871
12823765.62798437,1.770969264159854e-07,406638245445.5832
13648400.31854443,3.272545609654022e-07,287402988790.8366
14076260.6087944,3.106259281160308e-07,306899016250.4308
13927249.99492281,3.20774387305082e-07,297211481039.318
12945213.721702,3.539094041254665e-07,258730616270.5828
13268416.50120301,3.41028562694165e-07,271826583078.1914
13154111.61289234,3.4636399224732e-07,266710244816.8348
12654076.65099477,3.798731705124354e-07,241252254118.8991
12645552.38275397,3.663847048290372e-07,246971163716.6624
12269261.22127889,3.699007342545997e-07,238101218203.235
12750222.75849828,3.808043952141386e-07,242688839054.7417
12650147.25193376,3.736258804758279e-07,243858340044.0716
12741666.16225209,3.673158519437151e-07,248427560482.2149
13998028.89289178,3.288181723696096e-07,293830141891.0428
14094032.80330803,3.126348858496675e-07,305968689301.1475
13665900.41390865,3.292618120114619e-07,286600763059.5554
13667886.26939303,2.165965292665665e-07,378966098710.2736
13823818.2982984,2.355828480726694e-07,362408942018.41
13834404.06249419,2.202401793039502e-07,379340682609.5056
13710883.81901337,2.535470101495339e-07,342262870478.47
13206197.56127322,2.541885595994768e-07,329109528625.4539
13772142.73095907,2.748967673037589e-07,325753001867.3313
13957560.53102764,2.528305489832469e-07,349078543191.2851
13951662.96536536,2.524200384178828e-07,349309253533.4889
14220382.86342013,2.707214195788055e-07,339804826769.1406
13407249.61585272,2.145315118739741e-07,374121183516.8918
12806198.84900814,2.122971284026871e-07,359852199222.4601
13555878.64914708,2.331003026635094e-07,357903364317.7639
13671740.72506826,1.950659900644161e-07,406477124350.8246
13630003.65000036,2.064699105895688e-07,390173820041.5456
13796291.21741774,2.101101172062734e-07,390359161417.1116
14401485.01947859,1.984526793301613e-07,423288008979.7617
14349385.40056228,1.865944918046783e-07,439441181733.2998
13934432.31315595,1.887576664740208e-07,423466975572.7542
10185823.49563949,1.433640605471398e-07,371851282900.5654
10329108.88899442,1.413625716944403e-07,380633110688.5165
10519876.3826661,1.345546266078511e-07,400631303057.4905
10501476.76323168,1.475138893386112e-07,376150606654.3779
10186272.41332816,1.456642370450961e-07,367942533254.6171
10349619.36253088,1.399068448255819e-07,384029926608.7151
10653353.83994069,1.583446068533717e-07,363985571010.5421
10630822.70857609,1.560813030218917e-07,366718613590.8674
10271680.5383514,1.510658168478296e-07,362129608350.7392
11903748.6164913,1.768529901368517e-07,377811763126.8274
11244332.21336468,1.647484894035857e-07,374155994437.1194
12127990.53009126,1.758985374342391e-07,386320152281.6092
12489155.85079903,2.019551629346944e-07,362824365931.9547
12357095.49704859,2.010316140282021e-07,360086492056.5713
12200193.08920701,1.893204889693936e-07,370028315977.6455
14101800.78833252,1.956169556489135e-07,418475700219.5797
12974972.77084355,2.003595541677448e-07,378936480682.1325
12911818.94647473,1.867727838056907e-07,395164903959.3729
12647418.07328635,2.390659803710368e-07,328339668385.105
12722307.30311765,2.424101257777884e-07,327239241239.7694
12401592.9820319,2.303797223563766e-07,330000532052.619
11837001.05962787,1.623311149039802e-07,397777767087.7928
12768130.16807194,1.693666113916841e-07,417101837019.5193
12609628.85829048,1.683455947360638e-07,413587876604.4169
12314027.90234358,1.961895478007091e-07,364711582523.9342
12316417.68044289,1.825972925464115e-07,382667447317.6641
12157400.02963972,1.844799587040096e-07,375152557857.1214
13343603.07515747,1.824133997562774e-07,414860375722.0238
13093133.33139081,1.753132249937575e-07,417991199227.1895
12706129.33179895,1.780028865404879e-07,401539778333.8328
11982324.49973586,1.771574981285197e-07,379869756015.9178
12140196.74596049,1.752796522371585e-07,387618702173.8077
11616831.4057255,1.669061527681987e-07,383212313410.1232
13964420.47099385,2.09561871328562e-07,395805117519.2714
14304577.32086874,2.041971807192382e-07,412517016874.5072
13839111.64072752,1.944957401478295e-07,412257106022.6285
11190536.74715264,1.567203692532399e-07,384976263955.8864
10888280.4664765,1.5156575827895e-07,383023336197.9573
11210274.53801618,1.580773441892819e-07,383445072592.1494
12513187.80960443,1.678101303345722e-07,411297288532.9159
11591578.38466978,1.607796136525931e-07,392032364995.4916
11611666.58512012,1.621344902278812e-07,390520901767.3788
11365149.74094781,1.586337164657622e-07,387833062356.4234
11161119.67506485,1.544489756870296e-07,387719588639.326
11276520.65983892,1.574066775963518e-07,386805836383.6354
13851735.29478987,2.323990177080888e-07,366449942813.6026
13868072.67372406,2.244398261760044e-07,375505376587.9843
14780500.72947377,2.181304986305113e-07,407891716567.6162
13119096.5183349,2.685280083403249e-07,315193703668.004
13622638.25738802,2.786467814330789e-07,319319325779.0365
13059805.61038972,2.579277584755929e-07,322308176751.2364
12601549.6508757,2.640929805708885e-07,306139510083.8502
12846102.84678904,2.640523283894757e-07,312112666286.7143
12712351.82610563,2.501075882990471e-07,320239322432.3225
12569836.66489778,2.737769282088343e-07,298125004878.2234
12585182.79187238,2.887537872581852e-07,288076435754.7972
12814083.4259661,2.737055069205188e-07,303970793251.8456
9844437.379992703,3.269672571715918e-07,207421955678.4561
10308306.40268651,3.421548545908375e-07,210719882184.8065
10760574.16037228,3.277322382990369e-07,226371979684.8248
12908508.81847548,2.605105763901051e-07,316465109648.9981
12849696.24547919,2.499336041027572e-07,323849397617.2574
12774432.46318651,2.465931505635745e-07,324853543464.1284
11837589.31729167,3.183757299867637e-07,253884760517.6076
13073167.2672499,3.162206844452439e-07,281657055639.6952
12487729.59199558,3.061714852206007e-07,274899315654.4468
13812466.23388549,2.401434132805869e-07,357512125905.7892
13818334.30869816,2.40542892518027e-07,357267910004.3403
13662433.30016014,2.215898085898889e-07,373102535030.1426
14044164.22316613,3.099448857529523e-07,306647608988.8324
14257806.77472443,2.903486979846853e-07,325166754393.068
14050607.63701888,2.934264562818913e-07,318196643250.3575
14091802.53929313,3.120741157526835e-07,306286637405.6346
14241688.52436242,3.019236011139169e-07,316443933789.5346
14305805.75929474,2.924671642962633e-07,324684020021.4567
12308589.66174266,2.174994308605718e-07,340332071409.7751
12384323.01052551,2.080753003373375e-07,352689002201.9502
12516528.38808325,2.09000209316996e-07,355401624015.374
12905596.1014953,2.17814245881402e-07,356495360223.5939
12437505.57486342,2.199340752952787e-07,341353956281.2038
12646525.85515863,2.114349119345283e-07,356330860638.6262
12911575.82274264,2.433019110148822e-07,331295525178.4005
13410653.79381904,2.426435812542858e-07,344723385433.5767
12588469.5201682,2.312704289320254e-07,334112606256.9332
11791551.79680862,1.65377493936219e-07,391369242822.8121
12318795.03307795,1.737507590611139e-07,395625025673.7573
12699899.2420602,1.710508236648518e-07,412145120222.9914
10540566.26743251,1.467047627608347e-07,378937687690.8276
11045813.59041642,1.555729914733991e-07,381863581326.3034
10726207.43352843,1.490619736250049e-07,381535494398.025
11053903.25151036,1.616484931127783e-07,372507097697.7996
11707791.90927454,1.737510866218394e-07,376001844400.5531
11346542.68030727,1.634979706672535e-07,379479779910.9868
12395988.86146685,1.730067607684015e-07,399244670463.2531
12142615.45479571,1.629044385893007e-07,407089870913.2235
12334698.26919487,1.672887642403106e-07,406272426733.2571
13012865.56831565,1.563214546361351e-07,448429200364.7976
13357077.54682141,1.459950187958257e-07,481747446978.7042
12521880.12014943,1.525403875760793e-07,438611126708.691
10549222.36855821,2.727923127774371e-07,250802789049.8087
10316017.33963461,2.795519557082727e-07,241288731466.6103
9954313.779491056,2.866424207144893e-07,228973040559.6239
11667235.02162474,2.583700140022977e-07,287611694259.2586
11636837.54427754,2.567097536223423e-07,288097877118.1434
11155461.17767571,2.625721553036001e-07,272053979584.5049
12998522.07180989,2.360104098770324e-07,340361061839.1302
12931076.39344448,2.393512428235999e-07,335436938893.0333
12742814.90413518,2.442311210394514e-07,326135473713.4359
11886140.69767674,2.357931959194478e-07,311424914697.3066
11080342.57270303,2.362220312878052e-07,289960999392.2888
11477159.68091648,2.416024121022155e-07,295869533351.9628
10594219.05692087,2.581765556769562e-07,261290977469.4961
10589681.45576815,2.509276443095822e-07,266185190960.9901
10436476.64687744,2.577146505334417e-07,257707960332.854
12188995.5646157,2.428621762434368e-07,313132393368.54
12168014.40047626,2.374532330816435e-07,317322589917.0302
11754170.21145402,2.432617038902097e-07,301631119399.063
10709146.22155194,2.314382334078384e-07,284095776922.7301
10788458.17085147,2.251670740033805e-07,291489417614.8592
10690851.80250807,2.283114947565272e-07,286193955946.4589
11188998.45998439,2.434800993404742e-07,286956170026.3818
10797238.63221649,2.380992188631801e-07,281065400158.7449
10734991.0357497,2.43305009679192e-07,275444635552.6627
10770235.08915931,2.55546807096365e-07,267451400858.8574
11182122.94745775,2.478388618196275e-07,283407491273.4879
10728256.48054864,2.476667022724949e-07,272030374871.2993
11827894.31411149,2.51114414930559e-07,297161817729.9326
12103439.76584134,2.462774551823724e-07,308053188514.0422
11670157.02421596,2.466770052573986e-07,296704583070.0387
12001250.82619184,2.314883431246727e-07,318327209078.403
11932956.85940112,2.243826108234119e-07,323163229247.0175
11191491.96155774,2.319165048160908e-07,296483286165.6942
10131147.50418478,2.872475069457909e-07,232713258047.1662
9755703.695311397,2.918041833155962e-07,221750321833.0101
10407337.11612643,2.859484579097266e-07,239780824938.0001
13704258.58818706,2.133149669097764e-07,383861591362.6125
14583564.10958078,2.021959354904815e-07,423332938319.7262
14527446.87743531,2.066966678601263e-07,415559912088.252
12935533.48102273,1.739826941057467e-07,415062639301.6597
14091515.78710219,1.8902656753718e-07,427834509998.5045
12901977.53921581,1.801781121636077e-07,404440768253.6599
13715041.6497371,1.876928480074592e-07,418374604330.7654
14299780.7150435,1.917631228442744e-07,430017353453.6025
14540019.70595775,1.940821331037055e-07,433751800556.2512
12296903.04531142,1.63902338339821e-07,410587429725.6431
12926635.60375213,1.769673622114661e-07,410100269515.1368
12587252.9280954,1.683139954466925e-07,412905631418.7264
14223700.50039404,1.86136657273039e-07,436306140744.5753
15047776.97535942,1.909100274186211e-07,453857851096.9886
14503276.50000346,1.908175524532492e-07,437576421920.2292
13869466.66641033,2.188297529857077e-07,381934462980.2789
13198089.59857276,2.253082113354609e-07,356445436692.2884
12811898.15895781,2.112464083621681e-07,361205140190.9539
12011233.61083575,2.68504602003473e-07,288593442056.9537
12146356.91960446,2.646753577766318e-07,294648136990.1427
11914674.64995109,2.735112494034572e-07,282769171113.8318
11404545.81284205,2.24104783393044e-07,309108235858.5938
11829699.12434078,2.349451608130675e-07,310691493521.3948
11855612.10388171,2.299271083591273e-07,315886110044.9256
11346281.84705886,2.143389046672236e-07,316800770687.6818
11284960.52527796,2.189504150543797e-07,310648691799.1655
11733678.69139584,2.247813360156261e-07,317390574999.0575
11249094.68566296,2.129623877075098e-07,315439179242.0665
11173342.44640272,2.20983284246035e-07,305686899445.6816
11154664.36359227,2.179179564174007e-07,308031049458.8972
11284136.46916265,2.304243966607774e-07,300226730764.9767
11274305.49718057,2.398721492125153e-07,292036127592.592
11687940.86673398,2.382011291038796e-07,304164689369.0765
11554947.78207554,2.315326669015987e-07,306450126101.8011
11241581.20910482,2.382057567448191e-07,292544923932.0191
11251397.90636315,2.287574432549071e-07,300808193267.0396
11783547.06814047,2.102454774388922e-07,333266452966.2562
11751368.23180698,2.228790708012907e-07,319675173490.8699
11684703.47399961,2.134495695942314e-07,327155460456.0738
12792748.19720929,2.345770188076874e-07,336336145875.7642
12539083.19079612,2.427966858851005e-07,322183983934.7173
12119978.28062168,2.336159084991366e-07,319521607573.5718
12205791.36200033,2.516955940749143e-07,306183793809.8116
11710821.66537856,2.580139429601406e-07,288951697656.2377
11553698.59389906,2.546707000893839e-07,287564350683.3732
11734602.14639971,1.723693819219719e-07,378874131205.225
11889076.37130335,1.824321274369714e-07,369612997644.5442
11900441.58661005,1.772104589895876e-07,377198690761.9583
11359903.39646921,1.946277317333241e-07,338250274230.1309
11447531.81536519,1.968404899447e-07,338300184244.5261
11472117.11577156,1.897446924159951e-07,347427198384.8031
11423003.99663672,2.039497191878154e-07,329684291137.2173
11416736.76064801,1.973905117018667e-07,336763079513.2592
11783986.2327702,1.964483728691195e-07,348706414033.8051
11321822.96908275,2.072857326466464e-07,323248674421.3236
11288251.33260493,2.076363577721872e-07,321927246970.2311
11403041.19773391,2.029481212005981e-07,330190066144.75
10404495.59966675,4.336420940404372e-07,181607344824.2506
11062643.30832695,4.268913736965987e-07,195125482677.5107
10431582.11396251,4.262882658275051e-07,184168179669.4037
12800613.19168765,3.52643549149589e-07,256452425994.6784
12247414.65694521,3.626570483101068e-07,240831712331.291
12219026.78181817,3.637071848445182e-07,239810777117.0164
9743840.997564385,4.311193329296566e-07,170738655034.8463
10032870.19773619,4.250027123506634e-07,177485982512.9469
9725141.188731726,4.229384118117356e-07,172601471926.2128
10012206.51421325,4.500125226567634e-07,170495687873.5265
10078979.421995,4.428693230615041e-07,173473374329.0817
9842953.373100875,4.493759850292239e-07,167771757756.712
10385655.23432631,4.620576278006124e-07,173768001138.5999
10989527.70170339,4.515590288402153e-07,186710757622.8889
10140671.81046913,4.628453501479653e-07,169476488716.2935
11243450.23418691,4.424490643593612e-07,193638071146.7949
11251020.85741105,4.327066331681279e-07,196666125233.3455
10518769.22728173,4.465959247505232e-07,180034231828.989
11489338.53433354,4.133282705313223e-07,207060989736.7354
11662154.97411045,3.942324614001126e-07,216908824414.6992
11276792.54901174,3.978962831075325e-07,208451809573.6468
10305104.0112764,4.455896751444503e-07,176642675237.499
11030006.21478484,4.317147482303095e-07,193098025789.258
10372844.95601239,4.384619986695628e-07,179725588228.5803
12479199.68509324,4.182764812631483e-07,223123049450.517
12660865.78349468,3.979413883782761e-07,234018754904.231
12467881.07062659,4.083512564026836e-07,226518348624.1789
11868902.82007695,3.738773878928774e-07,228695581577.3702
11370230.70402545,3.880402524319171e-07,213723080074.6855
11757172.9853304,3.843698456061028e-07,222400982712.8273
9165716.866249245,4.44288013632822e-07,157418839502.5083
9482863.76859799,4.360197707145287e-07,164918252146.8545
9298332.849979345,4.337335468348095e-07,162276791622.3229
10765894.82632124,3.986079574095844e-07,198770908771.0565
10262052.465514,3.976288128259502e-07,189779369589.0613
10345114.23446156,4.134339028857675e-07,186408008133.8918
9397056.680133978,3.765588224008818e-07,180206296603.4638
9488603.16214586,3.676323695891505e-07,184895548235.5236
9745676.625990314,3.799520347304427e-07,185777371443.9174
9220229.292075627,3.87742633500589e-07,173398772044.913
9329929.051014274,3.815862913565452e-07,177343999462.9816
9677312.946041735,3.849739220497561e-07,182866398275.2271
9029669.030425942,3.858282308347978e-07,170376292885.6862
8908248.290665988,3.772938442403762e-07,170610530554.4648
9138232.623345241,3.796662979071161e-07,174285334487.0531
9553533.483257191,4.142937162544823e-07,171906302487.6111
9427297.026878722,4.030137155841356e-07,172785504862.1399
9488919.331635887,4.099344625722566e-07,171951961522.4346
8863873.202821061,3.550570843206607e-07,176776587745.5249
9010853.926402437,3.446989026298902e-07,183290243816.5683
9100463.292022189,3.455903167426652e-07,184794535787.0004
9095383.06667296,3.823351024032645e-07,172659924371.6962
8897662.280231167,3.77959434647103e-07,170207668907.2278
9019011.098348793,3.864976276053338e-07,169978646353.8316
9450693.556867789,3.937096669068696e-07,175932589763.3799
9801302.467381714,3.912546706731271e-07,183221922171.9958
9361293.915654225,3.864345694797156e-07,176448742399.2806
9391108.875093717,4.051459042208659e-07,171517816913.397
9329805.508728981,3.98221498321255e-07,172367793571.063
9163998.744703569,3.951087819797377e-07,170192558028.8174
9649563.174337124,4.11177779987344e-07,174510365776.7477
9874621.510551833,3.974424980485583e-07,182671553605.0056
9522691.751410654,3.998896411935481e-07,175441752541.5663
11132006.87046989,3.674740923576356e-07,216981304121.428
11959887.46798236,3.506518852799675e-07,240515447302.2948
10797970.65478765,3.548319323597756e-07,215440333146.3834
11859127.46792457,3.258808316144214e-07,250426447745.4752
12576332.79260172,3.36122363709928e-07,260149152306.6243
13095801.07517787,3.237005976168168e-07,277781340092.9321
9502918.259807622,3.478660992069759e-07,192124281116.3128
9993453.358981492,3.471931154429868e-07,202302625894.6999
9536805.565977193,3.320100361072216e-07,198900307176.7069
8883578.396468729,3.568283624476646e-07,176582784707.7564
9180459.755124908,3.526839280876359e-07,183910835894.9626
9030721.733743992,3.464744264094479e-07,183066271958.6725
8946417.55285289,3.717349086243765e-07,173045482580.4614
9144676.33828822,3.761103503749041e-07,175505803560.4756
9216155.034675084,3.615989548239336e-07,181578738349.1207
9660429.124097878,3.764868549695119e-07,185280568076.607
10555482.7317041,3.739331918086811e-07,203367752243.0597
10230278.09352735,3.613034604691803e-07,201669099327.4124
9687726.383985719,2.89015489538016e-07,221619405192.1162
10109092.50085063,2.821789363077907e-07,234979031313.046
9486535.860130267,2.91330888505068e-07,215865529316.0888
9810543.265833065,2.881650864030578e-07,224870326203.9846
10334375.19242053,2.857155709908575e-07,238229177770.7343
9583627.460715011,2.904326913249435e-07,218524225870.9306
11594698.10996085,2.779481309951115e-07,272238957734.7699
11488776.12040564,2.7482171271808e-07,271793920761.8719
11075914.07793221,2.805523263262029e-07,258446305655.2303
9980151.267178969,2.931599252682733e-07,226152150743.2228
9457689.391061876,2.988786685623103e-07,211570494076.7245
9476719.929205986,3.046061108721824e-07,209330400678.4208
12410988.75064399,2.417506242486953e-07,319811919371.3183
11245571.91489291,2.631349844280337e-07,273860345836.6453
11901405.88628855,2.552337495469898e-07,295782766238.9329
10665919.26850551,2.639219167909604e-07,259227648910.8878
10267939.98950062,2.722148073755848e-07,244460572719.6949
10062408.44767509,2.750885908156551e-07,237895862924.0077
11786308.53468858,2.648856048987373e-07,285762717588.9276
10707533.76678131,2.698505629510452e-07,256413311227.9355
11184030.25364342,2.622907346647074e-07,272945769156.148
10446204.33540981,2.812523733128853e-07,243347965364.383
9842267.808496648,2.844723826019035e-07,227545597808.8044
10180067.61648862,2.775697350559968e-07,239241172419.2798
11278012.77926318,2.812482533555604e-07,262727798278.8572
10912245.480447,2.844572764024324e-07,252291583305.6774
11120390.57661038,2.903628802552321e-07,253605875246.7826
12274155.0562412,2.475674320190664e-07,311312049615.0491
12738234.79520309,2.523065332066877e-07,319024168577.593
12420862.56540915,2.584502202125883e-07,306126189314.0657
12149638.25615937,2.669440168990678e-07,293055506752.5276
11967424.16358016,2.689243853266039e-07,287241527558.5875
11694091.19846091,2.734480813811673e-07,277576837058.6741
9850955.562829504,2.817904432272003e-07,229189219990.4688
9589794.834443998,2.913664926556465e-07,218197403600.4166
10278188.28787204,2.783579235912293e-07,241090914243.939
10932283.88419519,2.932966122932091e-07,247650686517.8125
10520587.88779574,2.940380036103854e-07,237923696412.1184
10735294.32642961,2.863143944261974e-07,247126034730.3095
10723767.95342373,3.138030622923486e-07,232225170095.4077
10461621.93030525,3.147356152506254e-07,226100624055.2537
10394917.3231946,3.241971255829059e-07,220266406272.0113
9968496.676026583,3.133575717103925e-07,216074179733.0363
10302237.65528131,3.02631128326363e-07,228554178736.7852
10604175.91436954,3.092101736770519e-07,231903733507.3148
10976827.1364942,3.005720599605429e-07,244630772346.3102
10606073.38615861,3.088312667625383e-07,232134907378.3806
10870011.86863245,3.078951285566037e-07,238393717749.6352
11281218.17429148,2.808846585513017e-07,263029212952.9417
11123573.49502067,2.900091306063515e-07,253884710614.0468
10924860.18042202,2.830223109516847e-07,253436272409.3948
10246161.8568588,3.027197090711164e-07,227265797117.4361
10021688.1388734,3.075019779529988e-07,219976155778.337
10291330.11622054,3.091763031971904e-07,225078515776.0575
9813319.569109088,3.196049874731723e-07,209929550820.1107
10182003.01049617,3.134004983407538e-07,220681926185.5599
9913806.622574648,3.117225639919718e-07,215639483791.4369
13970278.72042826,2.594229553042119e-07,343452068103.0796
14032113.75019538,2.807958762736872e-07,327237158526.0881
14239176.98093937,2.7771483156382e-07,334517496970.0024
12583413.08151241,2.14697938770997e-07,350951042625.6438
12507072.48628321,2.241185471462504e-07,338977184264.0081
13326636.43599818,2.354944781745734e-07,349462085494.4699
13413825.75639725,1.885823420535968e-07,407898376962.7874
12774656.31398689,1.841805433346536e-07,394626935486.9921
13372484.53934963,2.000082665886524e-07,391003045840.1044
12223389.63948646,1.850988231878941e-07,376347657650.6293
12450608.34208068,1.841444956553131e-07,384666834837.9649
12512625.37003713,1.977330365182983e-07,368662489477.4468
13563838.87986506,2.872025680120664e-07,311594949486.7675
13061395.27762948,2.770669775740491e-07,307326300405.3058
12830286.40231876,2.921055121108832e-07,291435990092.5966
10240024.14457118,2.940724025528332e-07,231560671782.1435
9554614.904448442,3.076600382695903e-07,209652056996.742
9595118.875551423,3.133384372833826e-07,207989420184.635
10814065.60525243,2.726885037946188e-07,257164557605.6675
10647526.42444957,2.79971066002481e-07,248794032503.5312
11457373.96062144,2.647943011800628e-07,277851448785.3239
10367975.77954097,2.796569444042361e-07,242443327059.0233
9676530.061227731,2.926398074368453e-07,219531771484.1246
10204921.18498824,2.869240914623018e-07,234583959011.821
12532488.79162736,2.359506752331869e-07,328213551498.6873
12195785.54827918,2.398244564355397e-07,315946925240.4611
11539933.64758344,2.496156215138856e-07,291086549268.0209
10100930.81065579,3.331236957308491e-07,210195966967.5103
9785911.370002156,3.274264150869385e-07,205996007241.2558
9856210.582370711,3.311070295077318e-07,205935415241.3086
11165690.29059355,3.570794512937904e-07,221841267651.3684
10946515.32320401,3.49245111084317e-07,220727104257.412
10899083.77530031,3.478209393530418e-07,220370187755.7141
9904099.718727786,3.273807608916094e-07,208503285061.527
9797830.052902406,3.264946435801532e-07,206639112725.8488
10113039.75400534,3.321951931951069e-07,210839908195.883
10615979.14940358,3.417012567916082e-07,217201259567.6295
10106645.7610697,3.311823648898621e-07,211135976843.7746
10317700.3770309,3.359951438770544e-07,213481827321.5091
10220164.55483388,3.268698467535697e-07,215381294146.1465
10286306.98802268,3.174100171524945e-07,221061135106.5278
10022627.98399318,3.244986327025434e-07,212246089086.8371
13792198.99993325,3.143887879923296e-07,298301530596.1505
13927920.31766906,3.159578225819873e-07,300238834379.3842
13934337.01302698,2.994263964142842e-07,311333786987.944
12949407.98300733,3.004805852979041e-07,288650492547.4656
13545446.59933004,3.105196449989203e-07,295393277721.3027
13686310.67201208,2.955569020278505e-07,308455361568.8447
12909640.2376064,3.398517338427758e-07,265086623256.3183
13180190.87671526,3.408306357339154e-07,270123654535.3268
13435877.9793459,3.274508701371745e-07,282814682150.1788
11303817.66165528,3.314114893886846e-07,236037009201.5123
10840153.14427441,3.458092928497976e-07,220027844667.7134
12004279.35366885,3.416424829206033e-07,245633830274.0164
11362686.09642545,3.029166136872589e-07,251921720492.0329
11420165.29287317,3.150616621406899e-07,246646723130.9875
12058894.46456581,3.028356994478434e-07,267404953241.5056
10838602.63104208,3.067216634761719e-07,238310764776.4627
9972785.159772379,3.180911785676435e-07,214017217378.3583
10894742.30929221,3.188819912754074e-07,233415826851.378
12116775.64253293,3.742204449258278e-07,233329003318.4853
12032019.39006846,3.83668301616741e-07,227877393561.4901
12499210.82210731,3.841908994784753e-07,236510927432.9872
11426585.36328948,3.697394634556574e-07,221812456049.5761
11981668.83454914,3.639248601998392e-07,235058609414.6231
12265153.11388882,3.529393579403414e-07,245587493479.6931
11171437.93565533,3.781298111712257e-07,213639620845.0974
11224854.76535127,3.864831626409565e-07,211556810875.2669
11720363.01668664,3.723084649235221e-07,226467449807.0636
11661074.35023592,1.737927338956552e-07,374441653474.1412
11605642.67342203,1.829598049743963e-07,360107419223.8492
11815065.43973334,1.838649854542301e-07,365401318604.9038
11743376.56679609,2.712514702657623e-07,280249547524.836
11259321.58262385,2.762140067546199e-07,265469780992.303
11472629.13420909,2.75760331571757e-07,270795697404.5661
11903909.03249727,1.699695211106586e-07,387949829696.3663
11968621.39026916,1.581648069313191e-07,409233230411.2327
11673003.12397864,1.60463553642542e-07,395304414678.853
12363397.72860731,1.930865524632084e-07,370086424914.8712
12663268.44150484,2.062708618451398e-07,362733130965.4161
12567948.16987489,1.994140647551821e-07,368208539959.5558
13085161.51306571,1.825960709102348e-07,406553903699.2392
12379939.25211478,1.858106708947191e-07,380193551093.3987
12236663.06899512,1.868307882898214e-07,374424309848.751
12973609.9427595,1.98107553565076e-07,381762688053.0007
12805237.19496196,2.048680646008198e-07,368472248338.6273
12833275.99097311,2.083717536647132e-07,365127858288.7847
12702484.24703993,1.801070415233565e-07,398291957190.4114
12871567.37601933,1.886055226801721e-07,391376877528.5117
12431102.15308316,1.856889486816976e-07,381931604242.9957
12822225.28587768,1.783209548097851e-07,404726662681.4952
12908304.71870136,1.785770435605966e-07,407054090349.5806
12992100.85541018,1.86837744438353e-07,397529753548.3143
13149196.36559833,1.960566196463608e-07,389623255494.9401
12883771.35407174,2.017985962040247e-07,374481971936.3154
13052657.94174443,1.950140247548153e-07,388139992713.475
12330615.69144256,1.797858293550992e-07,387092232805.8047
12987349.31725159,1.884909636948507e-07,395057367296.0137
12807937.69756696,1.791839210758724e-07,402976619207.9644
12074938.42190955,1.907518885736563e-07,364394959006.8557
11838213.72713002,1.969451079782727e-07,349721805130.452
12736674.2707754,1.94232770059941e-07,379758677510.4731
11830905.08712223,2.202252344107731e-07,324419225373.8602
12013045.6265752,2.270779676669114e-07,322752633160.9565
12185803.7134489,2.246816156076821e-07,329717870496.701
12492910.73818123,2.109518391582308e-07,352539750569.5049
11949086.36496061,2.161918361676923e-07,331722686085.3883
12305740.09830487,2.20671879918455e-07,336984357545.2512
11435744.17009307,2.13986672938614e-07,319648948568.4719
11824652.48146765,2.244267856953055e-07,320188153564.3162
11643951.26084829,2.17550159217139e-07,321904792082.8731
12614982.38369895,1.978484063935002e-07,371533755406.8158
11720902.96398822,2.005806237321167e-07,342059575299.2504
11604520.1827211,2.052695482965191e-07,333485921027.3369
12896963.6552206,2.033437325006692e-07,372964029743.1522
12993521.21616835,2.101792310545444e-07,367564585333.3314
13694282.41274543,2.088370978843835e-07,389045903758.954
13473221.23594251,1.978731226288024e-07,396777377715.9113
13015631.11562661,2.002623068613479e-07,380246963901.4031
13816554.73640711,2.057955799807677e-07,396377566123.0916
12074287.09897139,1.900222416967482e-07,365307459127.0698
12216612.27227121,1.890253210597476e-07,370911928967.1528
12419949.81311243,1.953574270355511e-07,368892554491.6708
13087594.65678169,1.942560095770797e-07,390190651767.3136
12287971.07447186,1.913333470280945e-07,370072148263.0155
12636657.55859595,1.966499857155053e-07,373682652660.5168
14950725.13353642,1.957578410565189e-07,443454921746.3698
13952565.43716877,1.967475146326196e-07,412459424425.7893
14301914.95810833,2.046515421021513e-07,411829554722.1092
14849118.08417905,1.907609703703258e-07,448099348261.3602
13906497.24026861,1.845897453381203e-07,428955960461.6153
13854414.66559505,1.91732973328697e-07,416668155924.6821
13303316.83012637,1.797557602379124e-07,417674591828.6921
13091458.04091857,1.754611627069901e-07,417702764428.0609
12592159.06932096,1.829663401857611e-07,390708386886.7026
11535228.66320335,1.535527302360819e-07,402273273371.0083
10753656.75751832,1.450475844965254e-07,389537407639.6613
10970959.82295586,1.485002112882067e-07,391224979894.8296
10391956.46033758,1.261788731638368e-07,413085123930.6393
11146729.5972432,1.240889289679155e-07,448048927264.0909
10930713.54580683,1.309078982050872e-07,423972752310.3285
11143649.2745618,1.168641717336682e-07,466200975694.6982
10712297.32294019,1.175892187878753e-07,446311024588.5903
10571675.87966277,1.235482783970347e-07,426173107045.5887
11489740.0242463,1.065364480563517e-07,511263426821.5031
12550784.55550403,9.725055964316909e-08,593484619544.3346
12509745.30660882,9.762127101840949e-08,590045490879.2041
10322716.46549614,1.253620436175264e-07,412113292987.8674
10461677.75255235,1.194093577946087e-07,431428763925.7983
10138867.45552123,1.241318264973321e-07,407443457420.2654
12335992.27611343,1.046332012790045e-07,555555877883.1665
12479638.81938265,9.939922681952776e-08,581585199103.9779
11316654.15573693,1.103185213581695e-07,491985634876.9594
13059306.04742926,1.590132043955838e-07,444936437774.9647
12350263.66368199,1.625283668771968e-07,414689890804.2887
11578568.64617135,1.530905157177786e-07,404597024081.4118
11819894.16741089,1.926242153156464e-07,354383097355.8463
11452081.15772076,1.935732490438646e-07,342232190760.5638
11564748.10906315,1.886822918843166e-07,351545936741.7767
12368109.57692391,1.489138941356698e-07,440230211938.4504
13198246.01702632,1.423524702093776e-07,484104976996.4277
12391503.72771981,1.417880933119995e-07,455719386027.7762
11292430.2860112,1.527974856471818e-07,395102653372.665
12054685.05472624,1.622368391359517e-07,405249869880.3298
11864803.62150999,1.578500481149948e-07,406222594271.4061
10192818.48403958,1.316985255415881e-07,393767935287.0993
10636142.71464487,1.430372739174106e-07,388882147493.5768
10422197.93487157,1.39583165102851e-07,387320623486.7349
11451209.20600989,1.411374672996917e-07,422431669070.8812
12824875.41783089,1.536663987103224e-07,447027128203.3101
11357890.28577734,1.477423056543139e-07,406406913894.1345
10292636.64632439,1.306511207842537e-07,399746388077.6528
10828845.60798392,1.353832297798902e-07,410713439966.1506
10738103.27570033,1.419866789376341e-07,394544362635.8055
11818632.30284339,1.251441641256981e-07,472382158900.7859
13106308.04084205,1.304009770370832e-07,509674776111.5056
11596169.61673071,1.319636742782794e-07,447381779925.3987
14205310.94691284,1.364781428440662e-07,535889616197.1321
14532368.71638439,1.384650542990255e-07,542970566740.5455
14248008.41662978,1.490274925044435e-07,506885537654.6391
13506854.23150146,1.368506833092077e-07,508615470682.9905
13376857.11802669,1.509432910443067e-07,471858241758.8774
11973112.85492007,1.384149768152541e-07,447457391466.8546
13248262.71583748,1.575217127787087e-07,454219018770.9456
13458275.30963731,1.573344833593324e-07,461785326992.3376
13595553.83480528,1.472092012837572e-07,487648545294.3793
13638251.75287394,1.728729977359385e-07,439481496092.4233
13598413.77991604,1.778465096842646e-07,429989668788.8276
13504980.54057794,1.758837498709298e-07,430206352100.0714
13469124.95507177,1.64058152865341e-07,449442533811.2669
13322012.82804164,1.695002812566241e-07,434966922714.5162
13575467.65497198,1.688349159759229e-07,444406042481.8569
14429855.83509514,1.432905940654836e-07,526967142290.4429
13802085.18867677,1.558109344353643e-07,476664434338.472
14146505.2279676,1.538555369144724e-07,492689996263.9077
13154376.56894703,1.627088573866107e-07,441363220635.3997
13217113.24128185,1.679681204777263e-07,434162226635.5912
13363646.62518102,1.625247519965131e-07,448723321527.597
12983551.42757503,1.658904074569742e-07,430043762879.1449
12906174.00296286,1.733269596511043e-07,415164397389.8279
12820101.68668864,1.730922733874181e-07,412768311315.852
13597735.6257343,1.72088849207434e-07,439505964156.2852
13344072.03276724,1.727471952228516e-07,430210534971.3411
13557956.91485267,1.770620065527383e-07,429975782065.7574
13732654.68097261,1.642821177150879e-07,457819518673.5039
13671799.16661762,1.694779724847495e-07,446426702603.7796
13538363.74237585,1.724962559497306e-07,436897671010.1307
13973796.1320424,1.596250985052398e-07,474876068835.3477
13631497.98817142,1.615842637419339e-07,459491562862.3353
13738478.50275776,1.663695776565565e-07,454174446685.5476
12607580.25086547,5.017570116221451e-07,199665382521.7016
12498603.74641427,4.964821527572841e-07,199339059663.206
13355427.54864832,5.116058537191697e-07,208785720391.781
11652322.04090832,4.655044701540789e-07,193997697330.4984
11223999.74793115,4.743847889176888e-07,184527236722.9664
11334454.90175434,4.738893142052923e-07,186473030222.3369
11967396.91912732,4.801234184887989e-07,195178107344.8018
12771536.137993,4.928975114894212e-07,204678418630.9751
12256412.94481693,4.884140090188672e-07,197623222492.5809
11250416.8430088,5.373684502345579e-07,170210822679.0815
10660769.46256647,5.496713638948898e-07,158874114783.0573
11379950.0301406,5.41605227274416e-07,171271508770.9625
13684432.174773,4.926142514011849e-07,219392680078.1268
13223569.22640886,4.810815499455328e-07,215378769847.6898
13427238.09110931,4.914803763681304e-07,215600237581.6612
11141498.14924228,4.373492905751405e-07,193370984444.0309
10652383.6658805,4.337262141913786e-07,185910114781.894
11328590.68902043,4.36420993021835e-07,196896862991.7077
12742203.3758841,4.601142018843397e-07,213796589760.0548
12517300.92050041,4.535853277261959e-07,212033603583.0453
12681715.49488761,4.53017603426287e-07,214998099232.4517
10699953.11308484,4.295350470695443e-07,187953090540.1092
10291348.50891377,4.143921619697644e-07,185153217733.2468
10197282.81539853,4.248664739961496e-07,180433077271.6404
11960243.45632605,4.469035121246932e-07,204611878018.7404
11272888.78981592,4.391723475857997e-07,195109566759.6092
11391591.64891881,4.405340772750678e-07,196757548472.1009
11088405.75161937,4.308011338293927e-07,194394758599.17
10511633.90262748,4.158803298860712e-07,188664985731.9834
10924546.08461742,4.310210198530352e-07,191456934497.2545
11544276.72286896,4.01779647237714e-07,212018995742.9233
11380360.96971694,4.275187765326583e-07,200533026541.1889
11339884.56906357,4.287177860317945e-07,199447057288.2371
10876651.98542684,4.350367918920485e-07,189442714387.9432
10369798.41595745,4.303734789600444e-07,181917011731.7896
10993255.51986087,4.364036011092757e-07,191073637805.0785
10933282.00321559,3.730724323329771e-07,210970522086.2596
10553059.53002685,3.949533886199641e-07,196041413460.6934
11293067.69907048,3.841366195345911e-07,213708333734.8491
10962885.66922881,3.538965907855056e-07,219115936645.1351
11036818.61876876,3.628087855934612e-07,216966179602.6497
11398290.10354224,3.738712350905068e-07,219630004817.5651
10650006.9968627,3.451410027766229e-07,216447307972.1835
10149164.2494814,3.388385401307296e-07,208818231340.5625
10722879.07897902,3.540503977907057e-07,214256834425.7246
9947666.247626372,4.016298188538542e-07,182741522825.8075
9849583.369953645,3.922551588458642e-07,183811248336.2363
10079036.90315288,4.065917266680669e-07,183645381360.545
10114867.61946846,4.088868198258315e-07,183607941737.0981
9989249.886314329,4.075144120631638e-07,181734576119.7208
10021613.8145385,4.193621245279575e-07,178873028690.4452
9721578.939947983,3.730510306784706e-07,187596462316.436
9760646.149488127,3.838685219469323e-07,184795007951.4775
9858286.300747652,3.932493360676179e-07,183663459830.5261
12854875.19487629,4.690040158382213e-07,212952866459.1811
12717549.94125404,4.656874311330684e-07,211677049837.6314
12546718.89582672,4.578882570328119e-07,211198338553.1274
13415528.60032379,4.764131633281542e-07,219930411981.1635
12334558.79402654,4.675524388105408e-07,204756046279.4134
12785077.18098827,4.69105734277485e-07,211765980283.3028
10959289.44836879,4.477503310940624e-07,187251420180.8271
10714175.33354467,4.406227959753624e-07,185032254808.8855
11239648.03959365,4.502100646116195e-07,191341531385.0484
10435068.9480565,3.531842529789533e-07,208846772599.7454
10424453.04138214,3.587625394472736e-07,206466003348.364
10415817.81929196,3.545068459950787e-07,207942673909.1745
10426998.33234479,3.367365283986161e-07,215426512411.8035
10453507.21279741,3.461728873011824e-07,212031306620.2611
10505531.68613023,3.414495004555851e-07,215047162185.2857
10135033.58296677,3.41868286109217e-07,207293642200.6448
9621258.750502232,3.515654488671702e-07,193149877306.4453
9653572.168045891,3.558492781402072e-07,192240101977.0573
9395649.150171973,3.808232443550763e-07,178831694644.1342
9210231.263139056,3.872480315070836e-07,173358200132.9537
9015807.054413723,3.768867144591117e-07,172794821608.4141
10065877.80937014,3.731440342551498e-07,194208090898.4269
9668523.045227861,3.76463640271853e-07,185443427278.954
9521888.039740149,3.691910552808121e-07,185021539543.7809
10037027.93640049,3.909220232344002e-07,187734910980.1978
9463065.901622109,3.907548754924348e-07,177049862680.3037
9650998.962033212,3.84332677780087e-07,182571952893.2202
9810923.993021883,3.600855210436116e-07,193838246281.6345
10271469.68197054,3.601423324577286e-07,202916084398.1876
10282007.42411995,3.545780462606255e-07,205243786362.9828
9274046.526660513,3.906559228081738e-07,173542691331.5365
9439543.338990668,3.911634268928857e-07,176486770700.7605
9290059.502203867,3.835999733410661e-07,175967629428.2799
10243210.05629848,4.049581843418582e-07,187138276359.2002
10264602.30883197,4.053136141760718e-07,187419453285.3145
10310544.75116634,3.928510741332702e-07,192219000618.9904
10641616.5733711,4.548513120361937e-07,179926295765.9705
10884557.72906765,4.607373807275851e-07,182463144228.3444
11139717.82653674,4.681513077411225e-07,184763719374.6428
10346857.23534217,4.335430126693994e-07,180628799702.7466
10442472.45840752,4.428926205872321e-07,179723296437.483
10672019.75976013,4.355589339724648e-07,185729976260.1941
10256818.27455893,4.336723640947115e-07,179021350613.2368
10308597.1126902,4.361166235700576e-07,179252190897.6415
10352017.52274216,4.430309299710269e-07,178129411695.0499
10516648.34452884,4.373587984381638e-07,182523493987.5016
10759505.31770969,4.444893049664439e-07,184735953882.2882
10441334.39383737,4.371673010477117e-07,181269286122.2536
10271058.55052673,4.175484482902748e-07,183855780529.3826
10394875.04478486,4.30624077622584e-07,182286175734.6751
10319999.18321681,4.304312369099514e-07,181027189479.8224
10753965.49752714,4.37630968670061e-07,186564900477.6991
11187479.51643119,4.476794824144385e-07,191170463311.8593
10663242.32587992,4.380922596639793e-07,184861111009.7647
11458673.03980694,4.5585989911936e-07,193455048363.4121
11582331.65849713,4.632315299955634e-07,193462704793.2182
11175578.81257738,4.534026812133488e-07,189356682535.0207
10275673.40393974,3.811983674768355e-07,195453268658.8806
10313207.73008542,3.698887149411659e-07,200145752443.583
10021986.51450906,3.821396546844184e-07,190314732767.47
10173653.39828191,4.011269766738657e-07,187049129305.5678
10240759.46025314,3.890032469260138e-07,192174907696.526
9987506.61272222,3.899549110819995e-07,187117389696.3989
10194583.62682721,3.931901460133974e-07,189947861868.5949
10233793.33002355,3.866952902444132e-07,192807557859.1632
10294601.90214309,3.867516823862966e-07,193934354576.476
10253664.67634532,4.034227032605202e-07,187804309587.5185
10199540.13510674,3.973719340607222e-07,188704590235.148
10299582.66209102,3.909526848112824e-07,192635723131.1305
10211039.57663734,4.082327151453192e-07,185551622311.4075
10129233.21801646,4.102228925994886e-07,183469259792.2231
10157027.80104985,4.021951920196728e-07,186412654772.6346
11197235.01616049,4.221472954946903e-07,198976346699.4582
11359831.33780507,3.964046058828205e-07,210513243162.2117
10617601.95591351,4.072244664226124e-07,193257874194.5365
9471048.898244189,2.936811114143194e-07,214361803443.1442
9214329.288848374,3.020757058690183e-07,204669531644.2848
9296211.392385619,2.947988987530656e-07,209872443826.9312
10371319.20184078,2.802047268682395e-07,242205330004.8054
9944465.225617232,2.870418976554618e-07,228534219600.5478
10522987.47686779,2.834450262382416e-07,243870813222.1587
9329306.962203998,2.981058866290506e-07,209059070374.6949
9467666.719092984,3.092781012928232e-07,207018987965.8422
9528832.047981938,2.957900591606488e-07,214643276646.4218
8825149.078411505,3.371559522389485e-07,182180334971.4257
8843182.122376435,3.438263473327782e-07,180183824264.1646
8787237.862996457,3.272955785483151e-07,185022959596.4848
8758916.06570545,3.147540672503359e-07,189293687189.891
8804066.286692813,3.298881935817466e-07,184404757735.4779
8766200.431017561,3.200237084672057e-07,187365644140.2972
9253895.135859409,3.548248559552528e-07,184635504348.1597
8959080.611923326,3.507028108426931e-07,180151249979.5866
8940929.722240591,3.440375910566573e-07,182100895931.0573
9909834.042240048,3.576566459345067e-07,196677878569.4104
9508283.154027486,3.555795792207837e-07,189442564996.7011
9259645.048520865,3.408355957976087e-07,189771522809.8912
10168082.134686,3.664144966017664e-07,198574714732.7933
10278327.43730419,3.758660620382448e-07,197348443910.838
9761278.976565776,3.643365514755241e-07,191354301598.3791
10189413.25767557,3.792580010309894e-07,194473012656.7595
9816659.629340829,3.800045850162396e-07,187113235535.9709
9674634.974887338,3.677345342709844e-07,188485658060.2782
9932520.462177927,3.968353428351116e-07,183930000608.4576
10057782.10890902,3.982109365909065e-07,185820418518.0974
9795297.561199291,3.76640301243327e-07,187816225263.1922
10122903.10739094,4.136699565003961e-07,182334601774.2917
10023613.10743132,4.205619256032617e-07,178568284763.6334
9991245.948486643,4.087047230984256e-07,181417792793.9502
10315553.86616421,3.881303155786523e-07,193868614967.6764
10170982.39642182,4.032218871493058e-07,186351762260.312
9940478.638648754,3.888755712381066e-07,186580758815.3032
10165131.00181631,4.253042240117281e-07,179740736082.2195
10211680.71729788,4.294411772467698e-07,179402340409.6358
10075994.06684154,4.27036887281795e-07,177682358065.4396
10624776.73418302,4.145513095311335e-07,191103049996.7849
10292479.7426963,4.1986067061985e-07,183562187351.8705
10302956.26196482,4.147042688364127e-07,185269040465.152
10791612.05660361,4.164165681841438e-07,193523773726.4121
10967950.8280392,4.221627887666799e-07,194897167762.9539
10456695.64035491,4.217251876684459e-07,185940833711.0229
10385789.38398253,4.320267741874612e-07,181732417120.902
10868813.74367299,4.356509667384907e-07,189128230094.1731
10248947.0451613,4.296240801027699e-07,180005941015.1736
9054916.789680371,3.424568757237623e-07,184989553242.1086
9519274.376826927,3.325135058276075e-07,198334219531.051
9160676.1809205,3.251273238603724e-07,193742642425.1006
9709534.949048093,3.470379922650991e-07,196613687225.3017
10225630.79005783,3.373368431464549e-07,211015451255.5737
10009686.82186023,3.377317217025173e-07,206398207077.4156
9351103.421989739,3.521940005185077e-07,187503001626.5722
9492952.359154545,3.507520900101173e-07,190868586078.6911
9789763.355201073,3.414462859824854e-07,200396715168.5457
9384413.923533112,3.596037592397268e-07,185577081209.5726
9316312.96024707,3.55010614828301e-07,185816029893.1162
9722267.695240861,3.466662652125486e-07,197012230113.6258
9194259.984874049,3.650253123632107e-07,180012000879.6887
8959689.599083962,3.683620811803697e-07,174358457719.0846
9126853.771319548,3.604344304460491e-07,180206414434.9561
9712382.293776931,3.660344162209042e-07,189806531978.39
9881449.062793707,3.783554172861548e-07,188895088211.344
10170635.85779342,3.660819908874621e-07,198744840190.3331
13783255.6533849,4.905449331418571e-07,221598057320.6078
13820939.68916353,4.829631715054405e-07,224523375076.0771
13320717.38882101,4.789147657883592e-07,217614984296.9973
9748120.940436056,5.020310127721229e-07,154324144363.5205
10076928.77644476,5.03153072329844e-07,159292295117.112
9405370.712773254,5.152020035005079e-07,146349380746.6751
8730799.366019366,4.649435571318604e-07,145474604653.2263
8784645.591405874,4.689458143850107e-07,145537798890.7578
8913100.026602222,4.571354193875589e-07,150198478123.5838
9072213.684041725,4.582493526924457e-07,152631918860.7691
8815260.581154935,4.615007754595745e-07,147611501514.7846
9051971.570820512,4.506627406505718e-07,153995753683.285
9103384.71217376,4.637893398886171e-07,151934262370.6885
9176837.374961955,4.728343860905666e-07,151200653175.7579
8845987.389922645,4.670486931283959e-07,146950660287.1707
11883200.29554278,5.280304799600254e-07,181897789947.2543
12849959.06513119,5.087931918662568e-07,201623376421.1761
12182124.99661154,5.320273628563743e-07,185538370701.5678
12771234.91264281,4.779597320140863e-07,208916153286.2971
12331159.05895139,4.697540824741056e-07,204059518552.9359
13411983.01131794,4.786400474187539e-07,219189782683.0006
13521396.02469243,4.966926033527629e-07,215590558625.68
13068796.03068536,4.846703621611528e-07,211805843513.3575
13716874.82519329,4.853284254613824e-07,222108249740.1636
11021952.86593322,4.786083043320298e-07,180137886483.8902
10743877.65893806,4.70596156157736e-07,177580580228.5291
11960998.1347039,4.781179508205745e-07,195618859704.0994
12697677.43460043,5.253972706667945e-07,195013981289.2944
11971329.39703224,5.366831528325749e-07,181271866192.72
12170198.37105584,5.37092823720959e-07,184189452688.9854
12824506.43079454,4.838496879810995e-07,208081601998.1101
12230469.30095967,4.846426502810209e-07,198226646828.1476
12258701.13027274,4.946626328654242e-07,195992019171.0498
12848418.03016493,4.613496967611809e-07,215193673099.3118
13099484.93573491,4.761185341518863e-07,214837865028.9461
12995504.89262466,4.792709057830686e-07,212196938205.2072
12538244.63245408,4.595273071533444e-07,210553528071.9023
12299979.659144,4.758503169277373e-07,201801389064.7661
12895682.47957786,4.750795821408256e-07,211803640609.5952
12084492.95730204,5.246775271132841e-07,185766240044.2862
11928560.54125328,5.337129131119853e-07,181293777706.0779
12565288.82411799,5.22917128371312e-07,193590435719.1778
9340409.139244601,6.041100239154923e-07,130703897696.8871
9991097.676360076,6.074675424966679e-07,139293596777.1967
9316487.030004162,6.204611071310795e-07,128068544776.0207
10534918.68346891,6.375145870782273e-07,142223415322.8748
10801587.52990733,6.225746482540752e-07,148147150083.3295
10224516.19385939,6.446571112451635e-07,137011466646.5259
10249430.61574154,5.757706737732323e-07,148092607278.4366
10433264.79426715,5.635432745898481e-07,152921558573.3931
11229030.23881658,5.724782704717541e-07,162868181312.2388
11544881.73614029,5.316940689942905e-07,175906388070.3177
11676094.33419684,5.35901563274953e-07,176973230708.4081
11830373.16860648,5.268757236782137e-07,181353657289.1969
12310330.30754721,5.011736907173245e-07,195109101810.5514
12523490.85921327,5.079038083646827e-07,196730225734.4897
11836714.7299336,4.972741193356293e-07,188582161722.1507
13502587.89922418,5.20798729920251e-07,208594923768.0774
13717236.75859567,5.174811759804923e-07,212815667207.6824
13375989.61438064,5.068408739793309e-07,210415713362.1311
12294533.39158672,5.114017359113185e-07,192251875655.2195
13142481.77338257,5.19266812278645e-07,203430939915.0456
13017587.05029282,5.05319654701338e-07,205188506345.3904
11346689.27978262,5.662225450734632e-07,165784678164.9561
12191813.37678054,5.61218472363646e-07,179189958134.6758
12776474.70044603,5.414048994598562e-07,192337035625.9396
12258907.44363628,5.68103466654684e-07,178717387165.0099
11858152.19725257,5.831434364216152e-07,169889586361.0062
12583408.74485149,5.588434477041546e-07,185469084575.5174
13466104.8137959,5.322472622591857e-07,205037374939.2354
12657836.63817808,5.553791984116732e-07,187341106140.6486
12987541.41777724,5.461186012362751e-07,194387782745.6933
10874957.07727995,5.764780435191678e-07,157002187796.8346
10833054.30437873,5.824328641639761e-07,155329402607.7223
11702645.73235493,5.714901174539589e-07,169933202324.6091
12858280.53703503,5.256724162921065e-07,197411646591.1269
12019704.23768643,5.178104416333439e-07,186400287930.3875
11904865.51490493,5.309468001459087e-07,181561524982.9023
12119143.90746431,5.396757145884632e-07,182831080407.4308
12240982.33876428,5.280856637754651e-07,187361355442.318
12279163.95192638,5.27943687904444e-07,187979459662.1001
11819568.44576793,4.74205510975798e-07,194367607422.2048
12359150.45121522,4.656691335916538e-07,205717064100.1314
12002713.98549494,4.693810966713836e-07,198729524681.6893
12498833.6823722,4.596672550454353e-07,209849099953.1575
13077545.55542753,4.547591133517687e-07,221142374006.4429
12712071.93850049,4.59837341636979e-07,213376629831.0925
11162913.58068064,5.241224763370385e-07,171720590441.5797
10744488.79999603,5.523283457989358e-07,159607833592.8498
10960103.50602855,5.409011592950444e-07,165095808507.8807
11324268.99489707,5.180997226625541e-07,175550176496.7516
11606603.20921835,5.167884225237075e-07,180231191502.0964
10902802.20464424,5.462978139791119e-07,163149278748.9332
11577074.74455237,5.158550164727716e-07,179989456294.6502
11372086.97959094,5.149947420401356e-07,176999338272.9171
11167376.90208088,5.317904614785692e-07,170133882075.8717
11523623.34490364,4.958624772044401e-07,183942276713.6414
11765059.83454254,5.041850201992652e-07,185723780237.0078
11480793.07554086,5.05491418088498e-07,180923937818.3162
12831086.48898663,4.999514927828016e-07,203693976288.7466
11573016.51498399,5.296133935573801e-07,176796609922.3336
12042430.41826542,5.098241604481434e-07,188697959449.0818
8037392.828594105,6.518592620507746e-07,106908598090.2931
8243807.691881428,6.55735082173756e-07,109221693486.0856
8886970.731272712,6.304776292492417e-07,120866875537.8461
9522543.767473295,6.078965957097001e-07,132698649578.6699
10235090.74056111,5.892199806494079e-07,145626379916.9389
9176278.599174721,6.489144769385112e-07,122426363200.042
8184301.782264544,6.732127969032124e-07,106548349440.1395
8250409.171790099,6.919124835074171e-07,105464923843.0815
8658078.856644966,6.568057363988657e-07,114585653397.3441
6731410.196301114,7.670117154024984e-07,80334986421.24506
7173595.003425044,7.352857243521428e-07,88057448638.9491
6910515.244516806,7.294384200805437e-07,85280814564.23167
8412923.440188292,7.335281913950286e-07,103435367948.6843
7890011.897568043,7.537602316281115e-07,95262544577.54501
8111218.21099612,7.542612439146557e-07,97889976242.41829
7466021.808407791,6.767258062586266e-07,96860661060.57584
7193449.091105791,7.051188319498986e-07,90802045480.59743
7060222.223674922,7.053663290933955e-07,89099490607.27985
7688670.97841018,7.463569538682796e-07,93444459034.59415
7933134.901319045,7.211022581151612e-07,98653750958.1963
7571224.69928245,7.294976275911675e-07,93429397057.51764
7465110.998714324,7.88016998816388e-07,87500905154.20314
7873371.870337481,7.678706566819938e-07,93893468607.9955
7655455.504283137,7.674063406548717e-07,91331540102.24635
9896105.605422365,6.805351021472228e-07,127907879888.6813
10358382.14557257,6.614142053829146e-07,136450851568.7959
10174940.46032265,6.620381584947975e-07,133950147220.0562
9390034.381837849,6.70479257137978e-07,122577366003.0187
9049732.150781062,6.995547302497956e-07,114838609954.6946
9806208.496076623,6.676737223209369e-07,128368440989.9642
9076245.267973838,7.210506265526883e-07,112874468317.6994
9454605.080972452,7.113623692101613e-07,118645007494.2423
9496616.90742184,7.022918366621421e-07,120196135728.6395
8032260.303041112,7.739913916524324e-07,95282619300.8562
8523962.563786976,7.45238019587502e-07,103699866741.2624
8161748.04024071,7.606157495362171e-07,97950421176.68088
9664635.432438439,7.020762234444073e-07,122347744086.0785
9913321.969803093,6.838820025211219e-07,127712016388.0488
9707110.819483681,6.929963367323198e-07,123956516168.9764
8643406.097479271,7.468530807918074e-07,105001330043.7355
9238021.507706624,7.225464531694839e-07,114727743900.1683
8864064.987866219,7.321860900339359e-07,109115207320.7976
9878662.02287939,6.750910993299315e-07,128367930332.6257
9991970.358000882,6.721074307647231e-07,130224292223.8155
9934611.761764575,6.620705674938974e-07,130782021326.1021
7496165.426510057,7.611729151330463e-07,89918753493.42345
7380204.445468858,7.443304810792916e-07,89858229362.30042
7165533.438385719,7.804007169436639e-07,84535038321.57925
8421885.082540665,7.249118539681686e-07,104364431111.2004
8146444.940904558,7.19930912028448e-07,101416257252.5593
7898690.638759859,7.452005256564279e-07,96096226938.37843
8671031.969771272,7.338605202446141e-07,106576577883.0201
8610939.723012233,7.285600113071049e-07,106350694167.2132
8305672.274361126,7.49286257165802e-07,100679939502.8707
9580237.678117597,6.913769577790461e-07,122527343067.9806
9854617.626090573,6.728889385662389e-07,128334725178.1108
9096238.952774648,7.047948531586396e-07,114855918145.3256
7715049.466971439,6.885782896422177e-07,98939527331.93988
7153278.15206195,7.098244407513209e-07,89895471252.05789
7420896.166438469,7.156816116373279e-07,92749116728.32513
7993724.359897854,7.064252276181727e-07,100779384588.0066
7928655.53924992,6.877239420071271e-07,101763051424.382
7630418.637167178,7.148533016109212e-07,95441461470.49736
8868849.148926431,6.409670951148955e-07,119300824370.5006
9088731.656166535,6.286021997927005e-07,123856655937.3154
8389259.351646896,6.573934889878195e-07,110961764727.012
10236843.8046755,5.817851546753962e-07,146889579187.5775
10580537.10619069,5.61487696131038e-07,155458408959.5438
9798852.120124856,5.976165226163997e-07,138110534527.2419
9245064.752976255,6.260954254034053e-07,126323147150.9381
9900184.223150164,5.979412185980012e-07,139488246427.0203
9469534.262768695,6.137504004259978e-07,131119543165.7951
11495221.17363839,5.336407373475532e-07,174723510966.7543
11608071.59417899,5.205210176107818e-07,179391239749.8189
11197820.71202956,5.364580509793041e-07,169606697603.4471
10595303.13594653,5.68808919796565e-07,154336668410.4523
11238957.84855044,5.457144566401736e-07,168299336228.075
10944912.89528139,5.485138099135797e-07,163338011989.008
11228517.97009776,5.613654534138739e-07,165003054313.8723
12651059.99270499,5.365704088292475e-07,191591293600.5566
11705507.21198874,5.418268687583456e-07,176123190909.1526
9156454.810711151,6.850750096866786e-07,117824409726.3356
9686429.653171668,6.943419850220538e-07,123532560799.3728
8830877.620276559,7.028384366742166e-07,111712095114.0877
9342982.303758835,6.418918633137483e-07,125557968190.5487
9124785.501197444,6.642116229686085e-07,119862965105.3818
9006995.305605864,6.509326012459434e-07,119919346794.0457
10166807.29330085,6.251409538144094e-07,139059060562.1089
10559599.41486404,6.4028160501325e-07,142145601848.1053
9858785.37904018,6.319313623782533e-07,133878284652.6161
10304106.4673948,6.107257923540395e-07,143146092119.5936
10265779.60055125,6.10220605384739e-07,142692349995.3777
10671174.38164131,6.330862427794306e-07,144733911557.6211
10643510.73747519,6.850006490930245e-07,136969618862.2778
10478973.12616096,6.986322630269501e-07,133092311619.1716
10192210.96998804,7.131899474817006e-07,127682564202.3581
10788977.22464023,6.597036301565967e-07,142368647867.607
10748715.68233676,6.711835386587221e-07,140215398637.6479
10403273.91820419,6.829518168456795e-07,134145669447.0098
9564094.851314513,6.745050926340425e-07,124352270475.0155
10485769.39884725,6.605470182989126e-07,138249789342.2709
10105574.195198,6.837667931585156e-07,130203399842.4137
10279798.57810713,6.204767890871583e-07,141308269700.1874
10307616.84908894,6.132878227313909e-07,142795779777.7477
10674746.73688195,6.356424884111765e-07,144393940098.3965
10607054.36391504,6.50140381109065e-07,141337270634.6788
10514838.29477399,6.582246450687518e-07,138958944130.0524
10734868.94710105,6.643302572931732e-07,140996194604.2183
8605043.100015908,7.900305076838349e-07,100690958512.8261
8433507.9532283,7.961934364894683e-07,98173859209.26396
8622652.436865048,8.087483323709401e-07,99334158124.08472
9012599.789351746,7.584417207738676e-07,108368220788.0081
9546702.985410815,7.419680912900485e-07,116483190806.9322
8902542.608051615,7.691108430289517e-07,106052628800.8573
9713799.730376517,7.367256215977496e-07,119083602062.7778
9670801.215859719,7.375754487788453e-07,118465389940.5886
9063928.392227575,7.639084446562513e-07,108464826316.2017
8660497.255166346,7.659191305835236e-07,103455650779.9447
8741438.065508585,7.758490436942492e-07,103529646732.0007
9114408.029077152,7.558739828939875e-07,109840424369.6603
8778271.599597808,8.273625408200899e-07,99604381802.02333
8580971.608451132,8.097312354717678e-07,98773976151.77744
8696705.845369516,8.127080701401546e-07,99861572232.33054
8573963.752106257,8.165109009770281e-07,98146236672.64917
8606649.812395755,7.955942625106611e-07,100239687576.7381
8522496.448418237,8.041459246393901e-07,98554604331.16318
8793009.405923195,7.755440959173464e-07,104167731643.6813
8866736.834627165,7.647549382075026e-07,106026792989.1351
9167066.471196741,7.555911681113702e-07,110502592006.3345
8921915.05248457,7.725115256531399e-07,105971261784.5557
8597828.77896855,7.607006799399734e-07,103176214370.7982
8833255.635555895,7.418419082696032e-07,107790351928.7089
9825733.336760825,7.943623392956499e-07,114556361024.8592
9338366.182355512,7.836075757033892e-07,109868151017.4088
9698646.39437205,7.638666678424939e-07,116064503843.9354
9014054.177936904,8.178972596380834e-07,103067322802.3461
8828146.795403929,8.083206423167073e-07,101737352759.1837
9004877.293647902,7.972471093104758e-07,104732747581.3026
10519664.52433448,3.909196029479827e-07,196763070400.4525
11071748.62644332,3.727897155985957e-07,213750399549.3095
10864224.86265283,3.847339885809905e-07,205380107062.4854
9959445.81310411,4.101138875590665e-07,180425889806.0965
10162883.29183395,4.030363980002539e-07,186260497691.1869
10177884.38771751,4.078685813993803e-07,185059199152.7181
10156728.40952592,3.849428937760904e-07,191935939014.1882
10646653.45814846,3.772848975408651e-07,203907642844.603
10295605.94643329,3.918890518327387e-07,192254490090.8641
9264251.329771595,3.210532463344362e-07,197587265746.1884
9124326.980318908,3.321501066128062e-07,190244120100.3099
9268420.993627852,3.168369323822719e-07,199426049257.0481
9291548.639293198,3.041132644735815e-07,205461850801.788
9306232.26944316,3.140461319732893e-07,201424172692.134
9310411.368971732,3.098247733975524e-07,203340916343.8287
9520448.156510198,3.224661817495744e-07,202457844583.2243
9299693.335633356,3.346761635847236e-07,192923636534.4235
9349676.4245276,3.226883854790401e-07,198734999579.7161
10212387.99952028,3.456138754335735e-07,207363919620.6692
9596494.44162797,3.41738938040886e-07,196328329995.461
10169523.30754909,3.348795874917994e-07,210882955073.1298
8843992.623122588,3.622770204774906e-07,174028821875.5051
8871601.580619214,3.682767361433526e-07,172670907923.2897
9140217.224401047,3.581365014755971e-07,181241421326.2092
9278845.152111096,3.577700427220812e-07,184115892961.9684
8929958.210815938,3.583241816701216e-07,177010358393.4203
9167422.81918682,3.48862331737617e-07,184988419900.4896
9285849.968954256,3.637117111131823e-07,182242699199.2624
9195289.23797402,3.726386722470776e-07,177571574429.8196
8936830.099550631,3.642704207986007e-07,175213499282.5837
9487563.216644041,4.031658586630192e-07,173846326278.9884
9259282.642961126,3.93138677765306e-07,172536172493.9006
9717321.593219722,3.90355134820539e-07,181930974104.2245
10061538.3488067,3.012680233824154e-07,223887077899.5657
9731751.425227877,3.1200341074424e-07,211552476135.3246
9644359.902828423,3.037719374051459e-07,213423206932.431
10393191.3622283,3.436279163527193e-07,211847477864.4678
10349948.4926915,3.328972013498119e-07,215475596899.3365
10307176.92463889,3.337946862935001e-07,214200321481.7616
10708358.50818672,3.4495659470807e-07,217710780435.9298
10482407.3370275,3.466402260095161e-07,212426352737.3703
10396023.74558819,3.368100879334795e-07,214755289255.6514
10592134.62113653,3.650861737706444e-07,207357573032.3951
9841699.075119829,3.604217731858208e-07,194325324851.4983
10346937.40103751,3.553887469415381e-07,206225662213.765
9454631.572626853,2.990263404747212e-07,211432451825.767
9355468.899569636,2.975347906182194e-07,209913509439.1627
9482733.080188857,2.920137431642936e-07,215442476195.1516
10041517.51222163,2.96192518244704e-07,225986915189.7351
9624758.727921737,2.98691995066981e-07,215397568106.5215
9653111.751518851,2.916883759971839e-07,219476445956.9732
9565640.684391718,3.156545309480897e-07,206334909397.8358
9394462.282991214,3.158720535490425e-07,202549476274.8203
9478999.901939983,3.074229693850252e-07,208099790687.9908
9469125.891379941,3.363802687695461e-07,195774541266.4111
9691870.877027512,3.241770399108627e-07,205377462905.4818
10038394.6372807,3.29520176785019e-07,210414787115.721
9196557.844479121,3.38443335509803e-07,189365705019.5127
9106475.447662234,3.375477284059438e-07,187842356515.1371
9246263.371779101,3.26459952688857e-07,195020223975.7846
9088100.070233271,3.748249329771715e-07,174818525332.6078
8858751.480268558,3.724486196550421e-07,171130836137.963
8831162.540746542,3.664533600018089e-07,172453523768.6257
9332842.142932136,3.126371368739146e-07,202606579029.7032
9318137.526589461,3.027010536871943e-07,206690172371.4149
9417102.678201048,3.041797455184859e-07,208207855439.2962
9323025.296817485,3.229768975522517e-07,198050475894.2713
9283100.363273699,3.173199796657297e-07,199539142073.0866
9138891.839906693,3.326250688354759e-07,190366365830.5277
9291660.769322921,3.460183604209318e-07,188521368229.0948
9325169.624567892,3.301532034067068e-07,195214945283.0144
9141014.887615381,3.397980383376308e-07,187721423155.1367
10750241.00211487,3.000490922548745e-07,239859351792.8821
10542549.70528756,2.921929231266903e-07,239422996450.2784
9888033.635384835,3.114207824153444e-07,215217809790.7043
11441547.51513418,2.734832826194815e-07,271559028154.47
12347720.66207917,2.663305839107579e-07,298290508997.5181
12869295.19941795,2.51824731237748e-07,322717495308.1447
9708057.467151342,3.0196017186524e-07,215691267499.5242
10398853.52521005,2.883725741739754e-07,238240810625.7034
10217517.39469932,2.905377453604691e-07,232921910902.0445
11267366.92373191,2.912396935156569e-07,256441747206.3233
11945732.05214252,2.761675041668098e-07,281685431147.5826
11054714.86521688,2.833651844414582e-07,256241746322.5817
9301974.797824645,3.167339682409131e-07,200191391014.3857
9593694.942932459,3.204375014069592e-07,204875651206.8638
9693054.050597003,3.125587613168601e-07,210461591281.2613
10553096.12550732,4.156105869319117e-07,189491104025.0537
10840488.82679446,3.968746716396082e-07,200730458812.211
10918140.87849053,4.087693456017663e-07,198227154698.3035
9962042.564728417,3.419110645169327e-07,203738430499.5915
9893636.033247616,3.574367827187256e-07,196436913303.3941
10530516.99501459,3.571257309804293e-07,209203493141.2981
10312066.9590455,3.812383595584639e-07,196131791944.272
10251206.75076694,3.81174882517187e-07,194995898183.9527
10264192.61756385,3.711220952901625e-07,198752951072.7388
10310926.85585775,4.215692462626594e-07,183393986845.49
10392598.37405798,4.284111761128112e-07,182873291974.1364
10268795.48021946,4.153333046990152e-07,184468266170.4698
10240782.00740853,3.789193060402287e-07,195569878536.1287
10270276.17623314,3.721364980156051e-07,198509187303.0937
10253761.27176778,3.688445832335065e-07,199367453655.6314
10160644.33386388,4.09489868537378e-07,184257769148.4121
10337481.76547377,4.052867770966753e-07,188758477933.9803
10188481.95003785,4.014529033351432e-07,187220360999.8851
10417274.13809742,3.980200690760497e-07,192523661457.237
10439241.03007335,3.868527902508927e-07,196624864329.3659
10307048.22079278,3.876967805557963e-07,193853142121.3001
11070724.92324146,4.544011185534506e-07,187305184565.1145
11475582.20464317,4.64233732778648e-07,191403672016.7838
11036931.32455793,4.598655913266531e-07,185251214244.7297
10153105.33103106,4.222070057672612e-07,180405013053.056
10064021.25369411,4.239389056340695e-07,178334771238.5647
10163510.69334815,4.170511839051557e-07,182075219776.3223
12329611.4105674,4.555998704855058e-07,208238164929.0362
12498963.00123831,4.634120341688708e-07,208719220464.065
11987168.0751791,4.598808720077917e-07,201196164488.4696
12410498.17624379,4.48720760319886e-07,211741071519.1279
12247856.99531069,4.492857581113076e-07,208790950891.7057
11672325.72159622,4.429219749378775e-07,200881177974.0706
12790021.49298093,4.64001488185876e-07,213398661945.7144
12873071.19727281,4.685827576500729e-07,213382091987.1802
12564695.55611928,4.574797414656565e-07,211626829405.167
9541199.996796519,3.644603151499081e-07,186997658462.5472
9141826.258585798,3.588831258908838e-07,181021824266.2911
9579903.438363757,3.752761546977976e-07,184131101692.2625
10597257.59532982,3.694882551220938e-07,205806805876.2919
9958330.175649067,3.698038660718531e-07,193288295717.2326
10222975.71978098,3.913718403943147e-07,191066381861.8243
9638591.668156056,2.980988421693388e-07,215993188685.255
9858686.005436245,3.04732940317673e-07,217707187184.4538
10081336.86482794,2.99952048495834e-07,224983277215.2904
9270664.865816662,3.512896942280413e-07,186208974738.7005
8957413.567682862,3.404947454645813e-07,183699940969.1683
9025173.943154791,3.365414850580875e-07,186536221898.4081
9405865.070138453,3.625135287847057e-07,185004630481.6202
9545910.282439226,3.747920480600607e-07,183635695025.9521
9108620.128647398,3.583911797294619e-07,180529307058.7991
9875538.563767266,3.455165005956723e-07,200561819506.9213
10002896.00637232,3.551383121642618e-07,199462260325.9058
9349609.558159286,3.383134145210852e-07,192566467099.8086
8838576.842092406,3.115673019949708e-07,192315561082.1813
9019146.351618804,3.112366695868543e-07,196383469248.9691
8951414.044218007,3.227477281982619e-07,190246284188.7267
10216602.37528917,3.440857330601559e-07,208063251313.1923
10344288.57934598,3.516293231061342e-07,207639785386.7678
10286015.32060496,3.534903199428446e-07,205744775781.3093
10500713.23553909,3.928678455511734e-07,195758731269.4951
10677469.11346471,4.078035825584659e-07,194163518177.2502
10354845.48348889,4.079552862261183e-07,188250113183.1926
10316855.44136258,3.717721273481245e-07,199539767076.6599
10419360.89335404,3.777188717306868e-07,199401593690.0164
10308359.77332545,3.68269535503954e-07,200637621839.3444
10309828.36755661,3.752091595864677e-07,198184254601.9177
10280277.41954068,3.819952270020992e-07,195268808768.6697
10412298.99036006,3.811445021545162e-07,198070679135.6511
9550668.04013139,3.556805401814827e-07,190251028653.511
9617880.500672143,3.401494713968049e-07,197378348059.8373
9151094.077640897,3.500983693937941e-07,184224036909.5051
9262878.734182442,3.118958772311698e-07,201406224820.9974
9653143.741537005,3.077188076514571e-07,211787055582.9302
9435368.864643715,3.010851579767425e-07,210038698292.2101
8883980.539381878,3.402672936849825e-07,182275148438.2207
8988739.837718165,3.229286586023495e-07,190968213381.2425
8827907.173316434,3.237354670840733e-07,187239542023.8581
9653394.2242202,3.279763806127958e-07,202979259105.1989
9583823.364265801,3.242916393973142e-07,203040013048.3462
9292254.501639053,3.205884467546067e-07,198376025309.5395
10312756.82698777,4.826380207466178e-07,167607618916.7157
10111647.56420921,4.708283052750487e-07,167075799567.7378
10012090.18185523,4.774626728424332e-07,163894785484.2066
9898966.242316663,4.672943548091334e-07,164385240055.7401
10055603.89766821,4.673337340817494e-07,166977031808.6391
10145194.715157,4.752361493597997e-07,166591974104.5384
9654082.290360328,4.547251849772543e-07,163259448157.5453
9697827.620361425,4.600588381847425e-07,162729219462.9767
9916335.83938662,4.617690068526232e-07,165984693083.033
9743900.070074989,4.53428652540923e-07,165092311388.1069
9665564.190323338,4.530732498849773e-07,163850685126.618
9927972.60149136,4.600998817549126e-07,166581137058.5447
9825437.016521266,4.641222516035106e-07,163906791530.6736
9955909.176628204,4.569853663864949e-07,167808026743.8456
9815633.582963044,4.630046257790206e-07,164006647498.7768
9995694.653873457,4.425434700079808e-07,172124367095.5791
9682248.260246679,4.486954231518393e-07,165199395707.2151
9760651.583629174,4.490466999841438e-07,166450257382.5118
10100918.93101702,4.354814363047341e-07,175811705838.7096
10127607.62107311,4.281351442363318e-07,178286974097.9086
9837207.069867827,4.342567151268042e-07,171543441242.675
9648002.680966988,4.328473550466418e-07,168609058539.8713
9629395.107302707,4.246704695219044e-07,170437163776.2223
9646700.804113733,4.319252843512491e-07,168826152724.4206
9603630.033266958,4.47631368385373e-07,164117570499.2844
9654543.156771716,4.402596077045308e-07,166824244492.8149
9705289.615727857,4.460841390439959e-07,166238130118.7959
9673186.473701732,4.461013061421599e-07,165683997127.9002
9986487.321561445,4.399710189938998e-07,172635473948.9876
9724283.396135313,4.387326347221441e-07,168418959625.68
9392517.17582765,4.744210637436921e-07,154409028061.6996
9318204.636538485,4.653973017385638e-07,155161154741.652
9708134.302179389,4.734325007207949e-07,159819731494.3295
10993959.2367618,4.910122834789143e-07,176641421555.0073
9800071.081757106,4.808262125385206e-07,159675077422.3807
10122407.04448716,4.798125796851839e-07,165159177176.8452
8727953.148471436,4.804934655200866e-07,142272429929.1481
8752738.860935498,4.71230220383106e-07,144540165794.787
9081856.475069171,4.769883448537517e-07,148765692911.0491
9260756.782566914,4.337373406295258e-07,161620062411.7737
9178245.374406293,4.399464289685836e-07,158669382956.3691
9256654.866570059,4.324426791706803e-07,161870747355.3937
9896144.63830729,4.542017990475634e-07,167481484146.946
10130736.60958457,4.638919430266206e-07,169055694596.2327
9973393.943619387,4.690864591653649e-07,165199112324.1311
10738394.47017663,4.657472950825665e-07,178719713397.2773
10999746.45133184,4.592405429194644e-07,184794564767.5477
11955212.65630141,4.732883694984711e-07,196852114470.9832
10140869.08257806,4.749929557931e-07,166577777498.2452
10299522.16467169,4.698030190737371e-07,170427578853.1234
10571823.324598,4.778368170904421e-07,172967094702.1292
10031774.14867227,4.502650434752587e-07,170765024581.8362
10523556.75980543,4.534556411423494e-07,178295072886.5209
10267958.84081273,4.599895499258218e-07,172313303597.2077
11799521.67422252,4.648512374020045e-07,196632397619.9237
12230090.52258537,4.730545579584418e-07,201444547720.5103
11263475.15631429,4.590222428827669e-07,189285168060.1366
9611826.602991909,4.50279872944721e-07,163612910732.0755
9241583.777258182,4.518045211486775e-07,156956518345.6854
9554078.530253455,4.571220675489409e-07,161003017314.9369
9601208.764545431,4.51869467585868e-07,163048665256.8157
9702855.564721279,4.502947567593336e-07,165158770007.6153
9644834.273338161,4.571729398015127e-07,162520353616.8628
9562013.418596972,4.390243833722698e-07,165535160570.3989
9243534.485858252,4.473179787058605e-07,158037625795.9317
9613816.001162844,4.457637090377896e-07,164750218910.8417
9536779.02688841,4.161040148681288e-07,171106739504.0577
9618836.319887474,4.277327025682114e-07,169436731077.3261
9601555.646121429,4.204797438578552e-07,171071718157.2387
9279792.685046736,3.934891495497859e-07,172815662208.5163
9191206.986722235,3.862189728682641e-07,173307281596.7519
9114432.92022356,3.903780084805592e-07,170636823104.4036
10102717.28777932,4.176888712791572e-07,180801875186.4382
10020636.37213921,4.018868960423453e-07,184003495040.4235
9793910.631064747,4.156323999677274e-07,175853037186.3341
10890452.59608732,3.90882462557895e-07,203711308553.668
10837838.41482006,3.825395389389194e-07,205664082106.6784
10383669.15129685,3.899117608396469e-07,194553904936.8448
9850781.070115561,3.94112909256559e-07,183255447506.0432
9785891.959275816,4.081533089087317e-07,177849044193.1206
9619440.896147298,4.069155992275704e-07,175178285400.9412
9211079.407787684,4.354902842198843e-07,160321418248.5266
9132863.590728218,4.430108292245054e-07,157155919035.9077
9079089.349568488,4.460238563641877e-07,155526201301.0017
9480612.188362965,4.177760425689117e-07,169644855445.6498
9377120.771455739,4.271322559406056e-07,165333653648.0175
9562428.004729539,4.293853076450341e-07,168010616348.4234
9802350.455594338,4.156235291612295e-07,176007081486.2805
10019068.79295219,4.133538938599258e-07,180556309699.5057
9535584.12655401,4.250499156615671e-07,168676279211.6306
9943048.814140273,4.543989333761534e-07,168226613605.8197
9774383.726119116,4.537590427152929e-07,165528402122.2819
9802864.170460567,4.604054721258432e-07,164409156247.158
10513770.02752208,3.806035621046367e-07,200190397026.4751
9620525.896075044,3.831529619873683e-07,182368862017.8374
10066515.70323372,3.879792680481981e-07,189237337518.8759
9671109.611214293,4.375077313513152e-07,167810507533.5403
9669806.176245712,4.365720922609264e-07,168027534776.1873
9721899.532984255,4.433109834526541e-07,167216373734.6416
9702494.766175384,4.748191255081468e-07,159415770017.1586
9583283.474434001,4.664841843713147e-07,159327124723.7138
9296476.149721101,4.738438119692995e-07,152954250578.4306
9852611.899826683,4.873917242099284e-07,159086236871.9233
9769891.567913303,4.800526586045744e-07,159354313678.456
9362450.177018669,4.790403322989685e-07,152923700835.8739
10090556.790933,4.894927844795075e-07,162461678080.9581
10307429.86639678,4.873234581977167e-07,166445545500.8867
10006841.45907344,4.821254440120733e-07,162750994604.5908
10050217.433509,4.787729590905111e-07,164218613830.4725
9680059.941326274,4.814715790261648e-07,157578734794.1707
9805151.337912569,4.708271050692646e-07,162011806015.8798
9971470.838608569,4.663372351735043e-07,165815768406.7049
9752352.627828225,4.646053156678039e-07,162574819301.3213
9872607.654409388,4.729466157432012e-07,162638663471.2963
9808057.070763862,4.624255797405598e-07,164016831457.9006
9779569.078419721,4.557580878081897e-07,165131577280.4036
9963976.639766568,4.624542861620617e-07,166617326405.4936
9179326.398244852,4.525773159818204e-07,155721636006.1537
9158965.073069539,4.449809561236462e-07,157139531131.5373
9241389.965790095,4.387692173315971e-07,160046628331.5224
9788922.234931121,4.681507802261938e-07,162359502064.0169
9397356.904257692,4.600985926640331e-07,157678247640.3803
9712392.075655771,4.532495505689739e-07,164601814301.887
8637567.078411315,4.799340557117219e-07,140908455391.2145
8715858.877955191,4.746531798708072e-07,143238333629.6717
8662224.208548307,4.706350794475202e-07,143165999872.2944
9712207.22672902,4.90571487035818e-07,156140801808.7251
8962812.096793685,4.853373582888828e-07,145127086619.0117
9321398.3765759,4.817952928588403e-07,151672216716.0897
8764094.938438376,4.850290327845965e-07,141969564443.9588
8953600.076095305,4.780027049241247e-07,146457221048.7292
8799357.322921084,4.771256693013476e-07,144110546691.9297
8471152.400165832,5.229740510190509e-07,130503572728.8144
8082380.939848014,5.335145558481886e-07,122868852026.3839
8435587.712861598,5.206565925942675e-07,130341014708.8849
9108627.716788715,5.186464922226535e-07,141103782402.8872
8876516.84633318,5.169638764813384e-07,137806314092.5862
9445976.430860901,5.054890786182319e-07,148858054853.59
8819949.574379025,5.257814499167082e-07,135392911998.4687
8297795.426718786,5.339958365988496e-07,126067790956.4693
8591570.368673131,5.240864137290679e-07,132171337232.5708
6607243.438162877,6.455004843382034e-07,88461831494.03618
6452236.117794569,6.54309563922091e-07,85609390745.89449
6648607.495568344,6.451285034932836e-07,89049853190.06784
6864237.867514894,6.280835469753931e-07,93593864593.69939
6738156.027945253,6.363051607377469e-07,91081624130.8047
6892438.046762867,6.253898364174489e-07,94248039525.10355
6768543.600482597,6.343848153934395e-07,91676926437.95074
6512903.112117511,6.506011222573552e-07,86742395614.56355
6643347.785729486,6.426094115325416e-07,89211792903.0103
11012800.02780738,3.127692002239433e-07,239009465271.0323
10762223.1405944,3.168371113123297e-07,231567689423.4709
10776297.98831478,3.276269208007952e-07,226751345097.4063
11908778.36907626,3.282742729873969e-07,250251091666.8243
12158512.34880395,3.164892905414267e-07,261802884768.4056
11225602.40886887,3.306575667061349e-07,234759952280.4787
11260242.19409066,2.878369081154925e-07,258295443187.4394
10983624.284463,2.946213747266109e-07,248067289212.8026
11154588.86111158,3.003686334292988e-07,248704617451.8995
12522188.8490368,3.457765920509976e-07,254184963570.1423
12076345.1858691,3.793079984936902e-07,230466346793.5926
12466959.98394535,3.502365304660353e-07,250910943869.3994
11485748.37597332,3.676084987481296e-07,223821740639.0564
11879624.26917228,3.750295198428637e-07,228433118686.0518
11952493.5666152,3.46285790017402e-07,242382952649.0896
11074917.00345626,4.308195593268348e-07,194152746647.2846
11338881.20074333,4.271494110143264e-07,199917278279.4764
11672253.35054343,4.038347778446782e-07,213641471545.9453
10310413.65655474,4.51061788565134e-07,175301405402.7295
10240154.42748662,4.564140101246934e-07,172743027998.4491
10265631.24719376,4.386503419276924e-07,177817027097.1634
11507979.49266592,4.203408112444523e-07,205083808514.7783
11750929.51553384,4.035973565092739e-07,215165851203.1299
11843810.31461964,3.970370684449474e-07,219248891484.163
10351398.59230589,4.705087629053092e-07,171114660934.4554
11006126.53728266,4.438186298971723e-07,189160657974.0023
10746087.34994618,4.474944538175092e-07,183678614587.0758
11113384.32985002,4.67441532015225e-07,184513495275.2021
11142364.27786294,4.733327934312064e-07,183456437832.8571
11338746.36095105,4.433662410950427e-07,195009884906.1496
10389807.42382239,4.759189244442564e-07,170445490286.3938
10903048.32844821,4.691428451786923e-07,180583419385.0912
11045730.3215363,4.492313908314721e-07,188313319369.0689
10016610.66340466,4.891145776535418e-07,161354242539.1293
9547073.237211701,5.02005557571435e-07,151146433553.6861
10520661.71666695,4.823353769469448e-07,171058100627.6528
8395100.698251663,5.143650950275281e-07,130771041753.0238
8447076.941956386,5.141298582134066e-07,131620812026.6875
8948428.183538741,4.973496321435451e-07,142551641599.9203
11231068.87571917,4.532611372818038e-07,190336509708.0254
11457615.02081221,4.291859781751432e-07,201371130961.7909
11617433.18570811,4.16610740518049e-07,208268317533.7044
7569423.028242277,5.529849529174497e-07,112353662580.4465
7509814.010747639,5.527872575974832e-07,111495455387.9734
7346461.924275777,5.666718326080797e-07,107281247461.5164
11135745.22255901,4.139358860340561e-07,200492085497.0737
11166971.62106864,4.012144821211063e-07,205282066965.6062
11524591.74198873,3.991603325932009e-07,212582396628.5955
11448146.79118182,4.196480970210934e-07,204241982518.1755
11205613.52550315,4.18518777044721e-07,200274508588.1115
11595667.54442146,4.037727945154471e-07,212261413970.9012
11068942.68746321,4.484534462910257e-07,188927231927.9165
11382706.51080088,4.495667098567764e-07,193961756578.976
11088193.98474074,4.334633254868542e-07,193594304434.6397
11736260.28910663,2.971168479656947e-07,263579449584.4686
11652721.95679569,2.911638758238721e-07,265258345255.1153
11957589.78046462,3.154130675579804e-07,258061883213.4364
11095221.05006139,2.988386674892079e-07,248224568802.2327
11543182.24742734,2.962926123356858e-07,259723753398.7501
11554226.39887128,3.035607153824031e-07,255805863276.5539
11229561.08285176,2.786539141362613e-07,263220281931.9131
11470943.1152996,2.819761283139561e-07,266762163302.5085
11553828.46865852,2.879347271846019e-07,264969905403.3538
10974602.33960106,3.930901933455429e-07,204516014015.8751
10502322.90798987,4.212562121552405e-07,186890756317.7458
10770510.47787146,4.27494744139818e-07,189793980598.8483
11185070.92016234,3.350857608157467e-07,231846971143.2596
11313095.30789068,3.576244970474178e-07,224541492932.7567
11776354.23775777,3.362939946411572e-07,243518215706.6775
10382556.10776029,3.969951023371606e-07,192212157753.0542
10405893.48018042,4.136365630933702e-07,187441936323.9462
10876023.63926916,3.854575893975573e-07,205345761057.3373
7468416.068512295,6.083241018214942e-07,104025183117.7653
7040148.742455206,6.173583683070379e-07,97100979006.17171
7049528.822258715,5.997539031245753e-07,99123821095.25272
7131633.019588958,6.240304058465317e-07,97660397205.72256
7562633.011480791,6.14995692967448e-07,104574302504.4832
7419252.277902807,6.264411338757162e-07,101338225225.7073
7227978.159108191,5.940854149430576e-07,102278473594.3718
7766856.772971685,5.947021623048178e-07,109827800150.8432
7652058.030871364,6.026593501305109e-07,107249922978.2937
7517942.061359479,5.568935599626046e-07,111066779012.4418
7782343.854252636,5.450356721432085e-07,116634526542.6009
7877610.81631684,5.444066782631091e-07,118153219089.3923
7131065.673303793,5.836605552356212e-07,102105124714.1937
7331608.971271577,5.706400836522907e-07,106567418174.0374
7590173.67880159,5.745268371623107e-07,109827601721.2618
7276177.332775139,5.802647415535016e-07,104588954101.2623
7262107.649746117,5.748005472392392e-07,105047220845.2876
7377708.085939701,5.661537452170558e-07,107803255908.3211
7544169.158971214,5.636303751985499e-07,110564360351.6434
7987905.618659005,5.556164716955774e-07,118190576213.5472
7806423.033855203,5.675156653693531e-07,113885083927.5389
8036882.483058816,5.665099008919737e-07,117385903881.9163
8221009.148203627,5.546074147283599e-07,121787117196.3729
8470618.745894622,5.59601398789021e-07,124737185531.7671
8229289.077931215,5.387874587343156e-07,124284604035.8107
8749316.264153169,5.305809807635243e-07,133497458143.2103
8314430.203630151,5.432570871288435e-07,124880767204.8461
9296361.348517956,5.214185094500738e-07,143501145269.6699
9964083.640684791,5.093623878289983e-07,156225809105.0279
9307999.01692947,5.268796935969775e-07,142686216264.3354
6700492.28944035,6.39571078193359e-07,90263915270.21082
6742146.758424091,6.39197250883122e-07,90860461021.69418
6824766.182439298,6.305987257698998e-07,92808064954.42555
6918913.797042218,6.018762161016111e-07,97058400903.15527
6909621.050548866,6.194698610594558e-07,95083999693.75223
6937914.204129701,6.167886474240553e-07,95749829787.95769
7649665.352150246,6.135638191582196e-07,105942270244.1596
8403852.409452811,5.957124207206943e-07,118700891229.3784
7693589.890205113,6.014706023412682e-07,107974059213.5934
7125691.727999471,6.409677129259731e-07,95852385898.79774
7240577.66397392,6.302122418896822e-07,98502818995.56441
6908588.644585386,6.39398203440248e-07,93084004819.61809
8460188.555108175,6.128654723204595e-07,117256413384.7121
9012716.458463391,6.013667186100185e-07,126501628226.8591
8839827.15312738,5.9551952769589e-07,124885811989.7749
7360735.821203349,6.377341722526157e-07,99348528408.54619
7857332.070554467,6.264326423336134e-07,107322847752.824
7477493.651471891,6.269635038320658e-07,102076995591.6449
7475030.433693577,6.398769403217178e-07,100665809949.5563
7943553.089014317,6.355829589991852e-07,107456652195.5104
7975404.62688105,6.285659911389474e-07,108688969928.2257
11540204.19610188,3.436696633270834e-07,235208328233.4895
10900358.31031207,3.574340894961179e-07,216426346099.9151
10671256.17265234,3.666791893800608e-07,208301007529.079
10562168.04041549,4.525622560910858e-07,179184670401.371
10271088.20224213,4.640984399135009e-07,171346953167.7763
10170903.14145365,4.755803142504971e-07,166933540900.1837
7937271.482494835,5.456875033413605e-07,118861688708.8964
8020892.263131413,5.501546446227526e-07,119462837801.0244
7576227.449238287,5.581783462986067e-07,111756042601.5774
8385157.084886587,5.27045000202169e-07,128512706828.0743
8094963.463403822,5.369406359129865e-07,122536097346.1922
7998387.209069496,5.375820513041644e-07,120977865629.1035
8929999.377035977,5.296636259865437e-07,136411608219.5191
8941405.497480402,5.351330106518956e-07,135653591403.6182
8490588.88444389,5.423477258637348e-07,127669139288.1649
6859531.002419977,6.108595908314834e-07,95279651211.62994
6922657.331593879,6.188486097914993e-07,95327138123.87227
6892931.366416315,6.207920594371446e-07,94719599279.82108
7426654.63158485,5.869981254435108e-07,105934011503.1328
7055475.771223152,5.99738433486129e-07,99209147441.1879
7382438.270304376,5.970002629563533e-07,104123831956.6981
7120836.680011448,5.905182894597703e-07,101167757408.9485
6955590.483243626,5.926377999141786e-07,98584303463.12761
6911277.706517363,5.995733426431504e-07,97199373771.26233
7474306.056939725,5.544620639267269e-07,110744708876.6957
7427332.834163538,5.597022027035354e-07,109360765602.5444
7311342.734967348,5.683535716844058e-07,106557677743.2898
6907261.860447935,5.983230900188708e-07,97278174483.88237
6926246.272757625,6.132311883984484e-07,95958129355.11392
6863103.54481539,6.052458255296715e-07,95917830986.68401
8018483.971391619,6.639347185842565e-07,105359899035.6364
7978338.965469022,6.771681432104021e-07,103462143336.6104
8386652.108195433,6.6692202745613e-07,109868177460.1497
8494295.475992873,6.478162023724847e-07,113455658302.0183
8146276.687392123,6.565801270612324e-07,107836885021.0713
8517334.229608811,6.596136334020292e-07,112402837361.4994
7902894.115737594,6.416208534015004e-07,106234892521.2482
7435590.307751195,6.458536176656914e-07,99515956502.17657
7813068.51896175,6.526066043186563e-07,103845414302.2801
10890392.06986286,5.000516618675006e-07,172862291300.4524
10209277.37919916,5.348595829456507e-07,154941759181.1358
10995794.69844948,5.096751601829264e-07,172331358070.1262
10022433.87263232,4.716081177022449e-07,165419111904.8925
9571750.942120751,4.825903462061546e-07,155574699112.9833
9923471.929209253,4.830872857868571e-07,161180775307.7007
10338675.10575135,4.365818772153774e-07,179647461650.118
10313107.75188339,4.54349316580774e-07,174500350070.4699
10604778.2381566,4.428080396142455e-07,182539949614.0617
9738963.7266629,4.713593316611574e-07,160797024757.8882
9526290.263406977,4.796584705948938e-07,155466109755.912
9975913.993740663,4.686767904468612e-07,165337131327.8784
10938248.23222642,4.50923299995265e-07,186014153664.6444
10104002.78989906,4.628336618403092e-07,168866498815.6875
10415944.98218138,4.548006136354564e-07,176123773837.5735
9393158.800706752,4.807444065225721e-07,153062512513.2743
9118885.177584486,4.897119986966454e-07,146773590083.5881
9539815.317159548,4.757829067519207e-07,156531138384.8366
9990600.56589528,5.198598776000885e-07,154525703336.1043
9962836.199564742,5.374076088883829e-07,150723319144.5167
10635813.50843412,5.026246471973906e-07,168244751942.3425
10826879.22047706,4.831867462434999e-07,175830124361.645
10203537.77718408,5.063141950635325e-07,160621634527.7789
10855483.4199519,4.890696233013873e-07,174878079656.3818
7731955.069872923,5.436955916467662e-07,116069678249.833
7997353.67045208,5.295062064180436e-07,122189043693.6098
7671708.225273927,5.434974532742598e-07,115193259763.0342
8804789.132742688,5.192536097982164e-07,136290612466.4525
8415912.168951195,5.226454373132356e-07,129706901699.6835
8379310.920743665,5.350451370654645e-07,127139751454.6086
9401420.177797999,5.227268234360308e-07,144880612123.5778
9051524.060864963,5.192701574592791e-07,140106881712.2985
8620052.185883513,5.350667878506595e-07,130789003825.9948
9557822.390459035,4.968050789777054e-07,152370749747.2806
8703894.6684983,5.130877162588162e-07,135806080461.212
9099294.61937389,5.096943897924525e-07,142604914113.4613
9596484.365952434,4.923421738148453e-07,153910223043.7984
9250659.398247911,4.918435354658963e-07,148464075806.6908
8740790.930850381,5.086243464553913e-07,137178474622.6769
10342266.36504471,5.416974804001555e-07,155636399453.768
10856766.41755628,5.201129000349877e-07,167868319893.2204
10075329.72534631,5.452535676007064e-07,150959433431.6392
9363874.713238753,5.888947550299297e-07,133279637674.2147
9861768.169164853,5.630230689898484e-07,144634088312.7889
9187633.33542408,5.830694444768823e-07,131640684798.5224
10862450.87707191,5.283496547869486e-07,166206067278.5844
11058119.39429687,5.158780992037999e-07,171916098799.441
10538812.58204194,5.374781112971124e-07,159423066924.2378
12506973.23262152,3.303478201576557e-07,261720609749.0222
12451777.96890652,3.348131644166806e-07,258243669609.6884
12016631.85363709,3.17563341267582e-07,258164098815.0802
11858376.62927678,3.021239980555147e-07,263371285945.7133
12356932.31194871,3.221737152988606e-07,262936330362.8994
11869570.51342186,3.093920095958066e-07,259475052938.9686
12072473.75886532,3.802675806379138e-07,230004713254.2967
11978698.88459762,3.868277348498642e-07,225630554916.6703
12422752.76865534,3.53276308279142e-07,248584950876.2592
10221311.68822395,4.578774554399202e-07,172057572544.6049
9912319.988473799,4.659140493281784e-07,164931943193.1229
10151357.22598474,4.632301508133557e-07,169561102399.9682
11626299.44687455,3.875796831502811e-07,218709426721.8629
11267092.33567481,3.89630578276371e-07,211207740941.6182
11538349.97928593,3.676042216612969e-07,224848527392.1624
11311738.92400231,4.29570957479808e-07,198688515584.3227
11051426.60656551,4.434660531850563e-07,190039884025.9815
11070662.67229611,4.284416267582347e-07,194795615779.9048
11348692.48488111,4.347506460255399e-07,197751143773.5289
11204060.67110158,4.546617139013429e-07,189488647263.7151
11589964.07211742,4.179991690619504e-07,207315517793.2512
11130588.50289809,4.699169384062776e-07,184149577773.8885
11066379.89614237,4.538240709135719e-07,187390350486.0337
11326867.23901856,4.39964138955235e-07,195808537745.6884
11765939.00508866,4.987705382905882e-07,187079441373.4515
11365828.9207424,5.061548429513741e-07,178955692229.8485
11167444.6241878,5.186822531711501e-07,172989422338.4429
11743570.85534881,4.032764174551665e-07,215145180367.3136
11582884.41390887,4.158631358194384e-07,207897742345.6886
11731267.971266,3.99955390285057e-07,216107871441.9133
11100902.01974944,4.830799224010234e-07,180306871300.4185
11207316.04114039,4.927264185727593e-07,179651585062.9012
11036779.21973844,4.670202689976008e-07,183351810140.3562
11035229.81370855,3.059019679549761e-07,243067298783.2737
10865185.93702935,3.00154816117622e-07,242367073383.1751
10784396.41361569,3.09970284493229e-07,235459274778.4554
12479388.35442198,3.415177804548574e-07,255417757248.3593
12201932.97621689,3.397677897113264e-07,250595825328.1411
12128306.08523006,3.685009147719844e-07,235961474824.4071
10604965.90330524,3.253149182557795e-07,224202244908.3945
10707812.57233563,3.161643817408443e-07,230723660262.6303
10924928.48465424,3.188462903477566e-07,234080026021.3134
10954096.11970189,2.94838935711696e-07,247278670774.0797
10983551.0506068,2.875629359831576e-07,252108506842.9809
11399227.57304013,2.922929160403603e-07,258819243785.4743
11387871.19104012,2.623304623119549e-07,277892438528.188
11303204.65114856,2.607489426908882e-07,276940551955.9675
11163502.70783227,2.692865112002885e-07,267705575021.7697
8171226.535422567,5.767918112383342e-07,117925536342.8362
7704894.711021477,5.812670880000865e-07,110624049646.0938
7659856.456133592,5.91262871421983e-07,108734382472.4079
9559912.581189543,5.340574894505983e-07,145231864999.7383
8914633.187708396,5.594171868768598e-07,131304499279.0815
9532753.679857912,5.516060754246635e-07,141731269566.9612
8161429.049121957,5.54608606575773e-07,120904316510.9214
7829159.026317566,5.721082108867182e-07,113604707375.9835
8299181.282719022,5.676236769374044e-07,121058396222.9481
10482917.61484846,4.877848352631312e-07,169172581467.2005
9511119.562941017,5.07449765583363e-07,149498305570.5903
9869705.583332384,5.109063787434385e-07,154434140157.132
7573195.781511206,5.58203444523966e-07,111707974254.0804
7350178.705053478,5.718971477165476e-07,106680721570.8789
7524851.132961337,5.736795679336915e-07,108989582995.0378
8180581.332336837,5.285840904219742e-07,125133840918.773
7861833.213137098,5.430080880512256e-07,118118963455.8509
8144496.007082704,5.409836160977591e-07,122670877815.7364
8175547.608096001,5.245316131609137e-07,125700133784.3433
8124414.869521528,5.247655084528962e-07,124876841097.1407
7856898.545483354,5.389539682655866e-07,118636054794.831
7393568.067390614,5.643402992532451e-07,108266317708.3392
7325151.038353404,5.675677894979316e-07,106857437883.3189
7291927.863777147,5.784622803983359e-07,105032975003.8707
7724802.305274758,5.453179290643085e-07,115732194754.1515
7530437.117777727,5.539432755299146e-07,111646039898.6328
7577734.739730529,5.487033008254259e-07,113061397718.1626
7685544.155725819,5.481298787102994e-07,114749897049.6066
7422806.125814495,5.599765366877288e-07,109258415346.6241
7491676.638566416,5.567603812662677e-07,110696394255.6048
8525238.922617117,5.446643695589524e-07,127826407026.3176
8666015.247961953,5.576795483927225e-07,127907586269.1917
9302391.29964692,5.323311490757738e-07,141625030897.0181
7171690.732193235,5.87988029348491e-07,102182352419.3231
6961379.220503706,5.970355067219586e-07,98181241430.33267
7157722.484513988,5.825108782297455e-07,102621611303.2703
8772178.192730526,5.707349426614588e-07,127492450899.3136
8976632.630424147,5.79421694226857e-07,129156703207.3021
9385423.140426578,5.629469537365562e-07,137660351849.884
7210284.273546713,5.812885025011664e-07,103520072054.6619
7013216.414131651,5.958004997454412e-07,99048977928.62262
7383296.270706698,5.830755067744411e-07,105787356191.4516
7072167.741285129,6.203164822546242e-07,97232250763.20052
7321930.318536629,6.197118923792075e-07,100731593568.3171
7364904.987546856,6.076284162275121e-07,102661695211.4862
8395873.868790973,5.781620094338637e-07,120976088419.0638
7877409.24261081,5.926448527007227e-07,111648715364.0672
8595920.485998824,5.868387612133096e-07,122634649761.4965
6737673.582131579,6.360523352851726e-07,91099235562.63115
6862290.216558369,6.270922252667163e-07,93665891307.6557
6891950.108884267,6.251465556148424e-07,94265815674.07651
6864643.619965233,6.360122389912618e-07,92819882353.97777
7195587.484802585,6.26832020407927e-07,98242365019.04443
6948007.939173782,6.274153771248511e-07,94803317198.05345
10336789.93230451,4.009410595674422e-07,190107244917.3754
10552124.04995374,4.0301264671949e-07,193401915721.8771
10495963.00405852,4.158882035470574e-07,188381343512.7975
15287424.30792001,1.163276615119317e-07,641523132734.8873
14120254.81435938,1.096417376645188e-07,616394271839.3867
15348385.55193982,1.05370819431823e-07,687990532442.8894
16768714.58390276,1.349120150508778e-07,637479201716.783
16409852.13992013,1.240900095345783e-07,659599203585.381
18364671.16643576,1.18916179503051e-07,759432521379.1249
16183665.66570107,1.372615640522046e-07,608196993622.9801
15977004.30049234,1.28280710154068e-07,628137104773.5336
15831153.18846157,1.264296104036109e-07,628463439929.7966
15314801.67907685,1.205939492927216e-07,627423862409.399
15458260.01988152,1.224395615992031e-07,626920922892.9365
14146566.80586911,1.139083955374631e-07,602024129520.3561
16868339.30015456,1.598275273413656e-07,572758145639.1591
16411627.72205999,1.475875900424618e-07,587649579182.075
17211798.44811301,1.515794835753021e-07,605432833578.9506
17076590.27162953,2.023641265847537e-07,495426014075.4507
16637597.71547655,2.022244675055089e-07,482912172065.7051
15973878.8959314,2.094308414149252e-07,452949685570.9531
13619615.36308588,1.920125842418638e-07,409208878137.9618
14619036.96231311,2.05049520243204e-07,420416345243.2603
13593922.11171873,2.075315577868645e-07,387812687571.8268
15736085.30381174,2.399984073508903e-07,407465767411.4154
16474322.34810843,2.333956075409124e-07,434589377818.1063
16700041.89245927,2.269065350009216e-07,448903396422.3693
13182419.46032005,2.972765866096778e-07,295952029730.7173
12176567.74320765,3.217366686632733e-07,259333038654.4303
12568289.71217048,2.969446047405835e-07,282374770203.4279
15173509.18272676,2.514770089204631e-07,380849895745.6855
14442660.33396734,2.72818612324718e-07,343345374067.3307
15898582.49988539,2.448709618227115e-07,406194039965.1162
14841009.3305556,2.562088728701316e-07,367903563318.6102
14559103.82853538,2.637935867807255e-07,353963505815.558
14118311.81448573,2.775515547236009e-07,331808107228.3283
19007526.45084449,9.470536539226134e-08,914834527956.36
20977762.83905937,8.618507204756217e-08,1075155147627.516
17733299.31956961,9.204246842775803e-08,869889401917.3165
17056831.23591528,1.57032441718912e-07,586010543672.833
17050204.37841157,1.611095742490977e-07,575857935422.5419
17315152.07045939,1.68662116500595e-07,567215312058.5525
17815297.24251401,1.223645624077985e-07,722807469388.0829
18749958.40916845,1.083448438176219e-07,825014301050.1329
17260721.13580342,1.139822060508077e-07,734233559210.9647
16375822.60790429,1.352682597979091e-07,621449519457.4515
17222191.77465416,1.290946735663269e-07,674242625601.6022
16676998.85944297,1.207120230760452e-07,682785380082.9574
16987490.3644151,1.42310808691138e-07,623214140879.2092
16674500.22853688,1.248430647726771e-07,667538848042.2385
17346211.35676921,1.313251115089824e-07,671386774052.89
17446741.1967741,1.434269564497e-07,636737552433.6312
16641063.00455209,1.394358133808769e-07,618868211171.0978
17808274.35047927,1.272173890360926e-07,704029492150.6968
17514208.3388093,1.844929565967457e-07,540427347490.2545
17528510.09701893,1.906786484977438e-07,529107145247.8917
17502949.0962556,1.800675763051678e-07,548892820640.6125
17450054.46365794,1.385095313887945e-07,651844011704.9303
17083622.38277393,1.535711224985613e-07,595717361655.9468
17090255.73071139,1.494933361342e-07,606737268595.9883
10167464.79623303,2.924464718976649e-07,230771276923.1614
10428095.85026133,3.037492124513103e-07,230778266757.2174
10383621.01632966,2.915852697062109e-07,236141205013.0075
10154319.69215621,3.155057738488209e-07,219101806371.0061
9935086.008976215,3.255743237904737e-07,209928563043.9488
10011418.85989271,3.196973800427177e-07,214126086874.8516
10236715.1721705,2.941193934440534e-07,231461188328.4607
10255238.48083558,3.040281771549608e-07,226814008367.4243
10211680.75445841,2.93751999540531e-07,231087617346.8265
10086932.51548221,3.204805634324561e-07,215389561263.8807
10111769.45379107,3.282915157221895e-07,212481302470.1938
10357025.34441645,3.166962360972667e-07,222915245275.8556
10116156.47275081,3.153929814068361e-07,218330388987.8326
9860276.037685914,3.192330534924205e-07,211097863795.9742
9897337.403054917,3.254616168620126e-07,209179212648.8916
9008069.535557097,3.715151145087601e-07,174306696419.5333
9218361.780021228,3.748234886534664e-07,177324692706.7662
9347996.954068949,3.664265720305053e-07,182555079888.4678
9150979.060932532,3.584219052551866e-07,181358479303.3386
8983593.079100238,3.663523099022628e-07,175462420351.6572
9291307.667713098,3.569778043938194e-07,184635850788.6862
9264751.223767344,3.689815778561468e-07,180093196455.0687
9409400.369498212,3.76257602018564e-07,180539302084.9651
9029277.545481924,3.723175267406941e-07,174465950996.3122
9777816.974786201,3.45116495553417e-07,198730606754.915
9499159.873575712,3.571308283671465e-07,188712341352.4725
9839054.679990176,3.441905081905628e-07,200333747185.7867
9750032.417709801,4.098642415651116e-07,176703861243.2643
10136797.42954268,4.086413362068782e-07,184079702593.8036
10369457.69247981,4.183645309068679e-07,185375700644.1985
10093412.34732914,4.107275741244476e-07,182670650708.9683
9695895.233217517,4.100046594401905e-07,175682587555.8824
10135182.75760493,4.169677588338497e-07,181591953537.4977
9469074.737149512,3.959494487914125e-07,175609382538.0542
9303318.106617939,3.954380043059541e-07,172684066489.3014
9407523.514253883,4.027432359947942e-07,172500281854.5485
8960307.849282688,3.766724900529624e-07,171796243092.8891
9154135.915979236,3.87036292953563e-07,172365189864.2766
9170045.078049097,3.799748969436768e-07,174797359012.0098
9767583.279298525,4.125984645250131e-07,176239012667.9959
10387557.23139722,4.21091140011499e-07,184896785326.2227
10208473.82612299,4.195562719835929e-07,182152026705.3409
10138596.2268714,3.950884601734514e-07,188299108648.4807
10052470.56490953,4.010048686406333e-07,184858622762.3838
9561694.79749608,3.949245937581007e-07,177633725294.5354
10599107.08083209,3.974771317910511e-07,196062490466.3333
11089541.5796564,4.01873201594779e-07,203635845947.0104
10825544.75794762,4.059820665264894e-07,197444569460.9977
9776661.919134073,2.845392805561597e-07,225993411423.8091
9621833.683637166,2.915441298033102e-07,218837449629.2935
9408688.263957996,2.923090769721601e-07,213616213036.9442
11448230.56125786,2.632179843203013e-07,278737025529.3666
11572198.50903874,2.613628289338813e-07,283087043941.3456
10877045.48150496,2.710250414149419e-07,259719563838.5199
11383848.19803331,2.603636410332341e-07,279191508345.9726
10670631.62915649,2.729840709785928e-07,253570420072.0373
10907788.80597426,2.662215448866493e-07,263577249137.7231
9889083.916219834,3.013868464617347e-07,219991820005.2331
9792076.953129387,2.937885308974304e-07,221573725273.7339
10150847.26453207,2.867044786106546e-07,233460086323.926
10281918.82614769,2.854938372468061e-07,237142655613.5977
10011021.33067442,2.99312380386259e-07,223732254793.5273
10274383.06371312,2.846298822891077e-07,237448132465.069
9896286.175621757,3.210281111183505e-07,211078275099.4156
9943467.534333875,3.231079410287503e-07,211173510155.4238
9868834.762505841,3.141146666844749e-07,213570075315.6623
9908819.399948973,3.26285907334171e-07,209069028871.5067
9991831.684715852,3.321053716597135e-07,208350481998.5721
9602729.57092361,3.189233869501404e-07,205717128445.8138
9629014.402202236,2.992284847348725e-07,215235158292.917
9725212.269178146,3.068208955493623e-07,213784296255.6389
9494920.730628271,3.084549514957874e-07,207984121067.9733
10013958.30151036,3.264714669640937e-07,211207316272.4516
10343044.70083953,3.358780725404963e-07,214055947985.6675
10061419.0045209,3.285474935899704e-07,211313444771.2575
10387406.5409847,3.490054075304399e-07,209549047919.0839
10259453.67184385,3.414507727581033e-07,210009448641.2149
10458539.25091512,3.429623416664756e-07,213455200483.6512
10455923.58028061,3.497518901372811e-07,210631031042.4936
10436653.21541578,3.510768507637803e-07,209713533188.7902
10507954.05863019,3.450389562830748e-07,213602375257.9168
10264288.02769126,3.643010136295439e-07,201228077138.7899
10280811.40386962,3.675896952415557e-07,200348074801.6273
10282894.7842822,3.607320226181699e-07,202920345998.9876
10392286.44975801,3.610129111891775e-07,204972667417.7548
10306635.26123899,3.621964339288571e-07,202840245327.004
10383664.56351663,3.567651216169201e-07,206425046068.3082
10382592.50426911,3.662015345746982e-07,202842538016.0821
10344932.01393215,3.775148876704146e-07,198048512765.0432
10296981.35554058,3.673816588709908e-07,200738933509.1891
9392462.264811881,3.061831696373317e-07,206756219474.1003
9313759.555431813,2.97720014405346e-07,208890970562.765
9525833.02365494,2.969556927097799e-07,214013840779.5093
9947272.343810832,3.391378243361378e-07,204543895176.5694
9687507.558179135,3.255239502582827e-07,204718342343.7018
10016820.24680598,3.359922284455406e-07,207257565366.0172
9680159.625120098,3.360780238802734e-07,200257646978.1738
9159530.662791608,3.288688432337398e-07,192246334074.5057
9228044.344647741,3.173692357508647e-07,198335195583.7274
10100279.18688558,3.500141506607028e-07,203365046343.775
10239614.94772954,3.562775642264526e-07,203747040573.1408
10229073.01705517,3.596223948841909e-07,202273253241.4603
10414481.93995753,3.354891824547466e-07,215700916464.3758
10455322.97400276,3.36458083512012e-07,216130873430.4344
10440974.91532941,3.449219365572492e-07,212288845486.7783
11096186.24464146,4.262083471122466e-07,195926164608.0299
11304897.41619133,4.326019051078353e-07,197639770392.3051
10581915.42620987,4.257716827275297e-07,186973376207.6982
9778559.204764662,2.939395739711048e-07,221192040987.2831
10224471.53185431,2.957884913595398e-07,230313832316.9659
10430943.16675846,2.880848220785952e-07,239135100650.9606
9284465.636655284,2.930421444605077e-07,210444149862.4942
9119838.196593827,2.961695903499982e-07,205254879375.5745
9507832.553008376,2.90780979574682e-07,216622814611.4303
9041036.483265489,3.013651323805863e-07,201135881307.892
9111148.883309545,3.103020733105474e-07,198784884822.9893
9282226.993381118,2.994984182861336e-07,207358811966.3477
9508264.589614909,4.143200616322248e-07,171084481030.1653
9673755.118931385,4.155406439538168e-07,173721171944.2338
9404621.940408656,4.236763967028706e-07,166719025073.8929
9394976.154755676,3.725068209722356e-07,181470566850.5042
9957054.279055791,3.573162990806606e-07,197740513008.4594
9467424.581311651,3.57991428730647e-07,187780331651.9944
10252573.93419889,2.927859065005597e-07,232523114427.655
9860067.525304947,2.882767400741229e-07,225947125691.2992
10464541.78811512,2.850559544820046e-07,241601784868.5881
10855900.89304117,3.053898178791639e-07,239384577825.69
10550374.17610905,2.988081497164561e-07,236051213238.998
10962646.97647163,2.980634633188783e-07,245683656319.4541
10610143.16242578,3.145672037161389e-07,229392359936.8335
10325774.49541702,3.240688756577439e-07,218859005450.0991
9974282.329007261,3.18720214273419e-07,213767617985.306
10969373.86026176,3.535105405681133e-07,219405205236.7632
11188776.41556549,3.613450307560692e-07,220547025249.6892
10990462.76899561,3.648856656598568e-07,215234281202.9259
10102456.46358915,3.303674737735038e-07,211395367466.6625
10611685.57690864,3.408901806560002e-07,217457660984.0458
10300774.31554025,3.327422455157936e-07,214518413637.121
10472342.07362922,3.390272568591247e-07,215387622604.5666
10725778.62111438,3.433127761499859e-07,218760472027.7141
10772831.96698114,3.447298566829383e-07,219117612206.253
10685507.86739629,3.923862171044954e-07,199366723912.2827
10358950.21836566,4.034396735156336e-07,189727380324.6011
10343816.2260519,3.985949704547829e-07,190982212278.0694
10939709.6327335,4.1760471192831e-07,195807295087.3643
10926584.34608417,4.322007584980749e-07,191144030513.6167
10574301.42139228,4.244303153871759e-07,187232292540.2707
11446504.42746127,3.790719589468766e-07,218537065715.3638
11141842.52852758,3.996602975575821e-07,205350774201.6577
11063397.59213579,3.877447554446973e-07,208061263708.3999
11317666.37687139,4.426766106086118e-07,194849443711.9645
11606273.0159372,4.556766229465284e-07,195999493753.89
11208201.26742315,4.434751448649621e-07,192733140548.2992
10068593.02903864,4.290989968385057e-07,176982552471.836
9797664.999565041,4.400358628930609e-07,169354680595.6639
9544312.755097218,4.330771450570214e-07,166737960656.6862
10704589.79127193,3.96583726529052e-07,198310984183.2487
10419016.32263452,4.153503281564727e-07,187161713731.5817
10377738.43146648,4.076292165687357e-07,188766903033.0481
10536351.64824846,4.465900446383865e-07,180336747092.5801
10044266.58940767,4.433831438709337e-07,172742332179.6465
10318559.87624695,4.324965382719211e-07,180425256546.7524
13702484.99430086,2.201477988939878e-07,375828551439.5701
13488264.04200383,2.178033198253905e-07,372603041422.5465
14305034.35276079,2.111844389815037e-07,403379938627.7855
9820906.498649204,2.801567690365803e-07,229377507651.3005
10023969.18384227,2.772914727541822e-07,235730284275.1965
9688791.179678423,2.842006254749536e-07,224140107638.4128
9407981.146604467,2.938542794115213e-07,212850704481.6965
9666671.053763555,2.842988972631389e-07,223576845095.8023
9535600.789582714,2.883312441426277e-07,218484311256.3605
10570106.05505477,2.714410499407275e-07,252132595075.3277
10742489.52777371,2.637243901872642e-07,261218987117.5947
10136784.80314902,2.748831095547934e-07,239773688098.588
13373015.49844512,2.343013547557606e-07,351867764171.3263
12951298.24679394,2.345104300824774e-07,340569064031.971
12430626.24320631,2.480343688924637e-07,314884850373.4954
11889092.41924673,2.446235045052607e-07,303960101324.7338
11312223.26140895,2.551376266049836e-07,281210561188.5276
11241654.21167782,2.544119776153164e-07,279987420775.1954
12660405.32940545,2.462790892532141e-07,322227486862.8139
12169416.67801342,2.354683736017614e-07,319140096552.7992
12143162.80833007,2.404675373106554e-07,314022558261.7664
12338735.34307792,2.556305434718333e-07,306334201020.5298
12703467.88333317,2.513089964156731e-07,318994799850.3954
12185337.28059322,2.455131399286088e-07,310780953063.8461
10574246.47315084,2.834602312420176e-07,245049979786.1791
11010262.15209037,2.793890037541792e-07,257627045803.3366
11394557.95323902,2.794316336322249e-07,266591993219.1535
12408269.28606256,2.627304118477014e-07,302485326726.9045
12725481.60125579,2.566032623473725e-07,315137035322.0487
12224118.70986051,2.647245862309874e-07,296497730380.2276
11123011.77120048,2.778063564909384e-07,261252794394.9107
11934008.86659899,2.691696852283036e-07,286265443305.9952
11482561.17919278,2.756775424885778e-07,271084389282.6189
11498354.51701191,2.570158181100947e-07,284443355153.4205
11964079.28945423,2.487547779244107e-07,302481159031.3791
12108927.38584645,2.596209657858824e-07,297540325705.507
12273916.14521335,2.411161624169758e-07,316834357244.647
12419901.24099142,2.326330866768313e-07,328350100636.5582
12737991.40950315,2.458473966420313e-07,324581584360.4609
12070220.5420041,2.420943184806995e-07,310736407503.6119
11954454.86687139,2.443605467059956e-07,305850398937.898
11488919.31642275,2.526346509176156e-07,287486353720.1179
12410364.55661418,2.305768301497152e-07,330045713136.8619
12236016.28118765,2.329794888000975e-07,323167928309.4096
12728333.35032549,2.438203655409926e-07,326130604492.8062
12601770.22871398,2.198996761882753e-07,345898355177.1898
12386206.34139175,2.261343524884771e-07,333703388093.7219
12240419.99292205,2.346253093756631e-07,321770639792.0914
12642660.95556375,2.058023065874404e-07,362692297686.3231
12905603.34067059,2.000763536546253e-07,377266118190.0872
12095550.77415249,2.110443083245072e-07,341226867625.2253
10721423.91089337,2.880954017795435e-07,245788513675.4327
10512082.8372211,2.95805452045428e-07,236783439619.3668
10927749.70675493,2.940037661463024e-07,247150869910.8239
10640928.7826621,2.736000423099509e-07,252484911483.6471
11716423.74664054,2.686379213309795e-07,281416910898.052
10912984.51642159,2.772913867603505e-07,256637009454.8032
8959272.643106809,2.994563348221512e-07,200162976167.9908
9122450.927630387,2.963303953919709e-07,205239399598.3725
8860546.730053172,3.039320061481213e-07,196009097592.3326
9964414.052696805,2.880262300692782e-07,228470643818.8721
9739636.686638344,2.890549476779081e-07,222786644233.7578
9592101.78185636,2.925754678332067e-07,217648246702.6405
10832507.96509102,2.803030342206649e-07,252916492961.7855
10400061.9124779,2.843745369756247e-07,240496514626.6088
10679868.52916208,2.830703955793711e-07,247724867779.937
11259918.02240255,2.783532499213699e-07,264121870618.1599
11048606.4846128,2.787924120072178e-07,258892939284.0036
10894446.684401,2.815674593934434e-07,253600556994.1839
11802336.16466191,2.714325278284874e-07,281531321957.6711
11706622.25747736,2.764309743196576e-07,275871689979.9669
11317054.79138893,2.763797464409815e-07,266724315431.0343
11165791.67616227,2.811370496864551e-07,260182130462.1116
10124757.92305162,2.861971266971826e-07,233135173968.7985
10353911.13574521,2.851616244297939e-07,238988523742.4085
11270126.60437069,2.806733964906418e-07,262902446768.4948
10758738.97934838,2.832769311634147e-07,249432993320.1665
10224121.66249425,2.857224274663517e-07,235683830472.1216
10503581.95727856,3.069858810461695e-07,230812058343.4729
10872555.40050657,2.987310018787784e-07,243301488355.6689
10457949.78283515,3.005258296896586e-07,233090916171.0887
9921628.813859666,3.234135676112302e-07,210576943899.748
10183984.53896487,3.163261321429256e-07,219361808156.9246
9815264.893668868,3.225272184511587e-07,208700958687.5982
10387022.4307831,3.270530085263603e-07,218815947444.2511
10429959.17502179,3.261519965092027e-07,220124938483.3551
10715749.1295463,3.166551629479162e-07,230656034898.0109
10057872.0745098,3.508650379811654e-07,202183655429.878
9559830.183899734,3.559016385830298e-07,190354662774.6466
9446728.31212569,3.46998134986978e-07,191306619777.4344
10523027.56272985,3.881378175403612e-07,197765288994.1802
10877898.75407447,3.735461736252441e-07,209724330923.9199
11075198.77752093,3.699872075191739e-07,214895369434.9722
10022972.10874072,3.785234518669295e-07,191543753623.9953
9762242.747762138,3.662092356002537e-07,190720220761.3262
10509698.615315,3.708643827800892e-07,203601127061.2556
10820474.6383156,3.51458841073103e-07,217268448462.5504
10841419.99563931,3.628421807711136e-07,213111878356.628
10593337.40685999,3.531498090318488e-07,212028132405.4399
11055377.78609358,3.698003503545069e-07,214583031159.2302
10745409.59021816,3.622323594451072e-07,211461582495.8316
11243779.53622878,3.658700359263424e-07,219800036149.5233
10645549.05801062,3.913843387273859e-07,198959999005.2738
11013893.52977611,3.816119842383729e-07,209343527198.4742
11137044.71137419,3.957812360686663e-07,206601353732.6212
10518631.57995101,3.709264600767381e-07,203751446561.672
10565987.65169086,3.634967698761932e-07,207448227365.3851
10873375.5757918,3.710645910007521e-07,210570751369.3061
9997010.183987044,3.518154943834128e-07,200598105104.16
9987806.077897394,3.478574689712933e-07,201930790969.6993
10283710.35237174,3.550323709802569e-07,205102616527.6741
9893290.490396177,3.489707206414861e-07,199594284560.8985
9866154.313011343,3.436520021112947e-07,201095329855.7656
9884134.266449012,3.450128937554049e-07,200931681694.0755
13263764.66389788,4.555773025655358e-07,224022731595.9533
12902775.2253317,4.588152175019229e-07,216899186182.8955
13270960.65556186,4.537353856357071e-07,224750462908.6872
10628468.0773898,5.665045585210003e-07,155239320539.1239
9902112.457856191,5.851595147805337e-07,141539722632.8347
10711471.87024325,5.579901326989346e-07,158039193796.4084
9290268.269739853,6.041622621542293e-07,129994763660.8701
8419638.428452659,6.327878273189688e-07,114232065816.629
9843717.511824083,5.867128608932424e-07,140456573698.495
12638355.7828636,5.094069001593235e-07,198143894509.5391
11304417.1784075,5.475881834690221e-07,168893187100.505
11390014.67193395,5.390510811030352e-07,171964051755.145
8050982.976924113,6.482085309516476e-07,107491076786.7395
8902813.175321762,6.195834261540758e-07,122497548835.4629
8297431.691754409,6.483981801177401e-07,110759884527.0936
9288153.911212675,6.137905042355227e-07,128602465028.8612
9843173.381669503,5.89095227484226e-07,140069893610.7771
8419135.195054488,6.352053053847314e-07,113935240219.5477
8296995.438438549,6.581883362036775e-07,109653053533.2794
8248493.896382357,6.616861690526745e-07,108627542067.4424
8942191.035830552,6.329305005280187e-07,121303480100.3739
7214307.317608217,6.972016118132216e-07,91753445901.2628
7825526.076342403,6.724160722539939e-07,101958041822.6648
7624449.637646937,6.685396833149281e-07,99721860514.08409
7264068.780730457,6.99652330267703e-07,92170460593.0802
7830091.863999586,6.783639990301791e-07,101420324591.0932
7877349.11254062,6.748687588719921e-07,102384420632.653
9263175.638968192,6.255271463592356e-07,126647257849.6229
9542957.898976188,6.113866718023766e-07,132476556212.3788
9918925.501257634,5.973393569539124e-07,139846158702.9363
11586557.55110924,5.014709220720206e-07,183565299073.4077
11382090.41976104,4.938034317245986e-07,182187801644.5154
11468300.48615358,4.94511463764323e-07,183392464876.9317
12315385.45585594,5.193418080922486e-07,190610060344.3345
11988227.36273363,5.105125326956373e-07,187679728073.1333
12555601.16760882,5.141824729891453e-07,195625740708.4032
12263493.00068786,5.180547164107665e-07,190121150157.2648
12346671.98941465,5.090155059464806e-07,193670096519.337
11937029.540734,5.092188093493388e-07,187194597439.9312
11840169.37454908,5.052507908651257e-07,186646527198.7352
11720621.78183725,4.982923842292252e-07,186478092744.0233
12404069.30855101,5.089245206746788e-07,194593621241.1719
11935558.22557417,4.863013339983591e-07,193006719195.3624
11597470.78944541,4.916964272853326e-07,186165236140.8683
12211225.11709863,4.991556809024105e-07,194059641846.6695
11742895.14057688,4.813592837081231e-07,191188726915.2807
11441093.91921668,4.793787964495262e-07,186787726851.5514
11407567.18133464,4.867540131219314e-07,184354329454.8093
12346231.53620638,4.901516003538344e-07,198600711775.322
12123219.21732836,4.85913426466975e-07,196145654978.2943
12401032.46889565,4.987724748995245e-07,197176971635.1411
11752001.59022855,4.656733457852304e-07,195609940609.9847
11627438.1033804,4.583031717129321e-07,195605979998.8984
11849681.0577332,4.631735797695003e-07,197944820428.4492
12745042.84073759,5.518429939258262e-07,189436768838.1842
13556047.51133328,5.287306809387405e-07,207321053722.7375
13342668.51985594,5.320342167945808e-07,203212142177.5623
12032676.66876999,5.614405871174408e-07,176804389724.7648
12554663.08389702,5.556814277381376e-07,185746714766.0231
11942234.38465745,5.740486042785524e-07,172896610909.289
11561156.77971227,5.972921443887769e-07,163008439055.5965
11588266.53821904,5.728712046641144e-07,168001753137.7009
11656792.47523766,5.846604514751801e-07,166715733080.9317
12348852.64178349,5.281427918247053e-07,188998795767.1406
12589392.95121643,5.229725411862112e-07,193948100941.0354
12120579.71378898,5.457119192930055e-07,181501867978.091
13023696.00781068,5.203889970460385e-07,201302350989.5563
13559935.58718854,5.235051223165197e-07,208758260582.5072
13079692.73290824,5.373686786840214e-07,197886412614.8046
12217813.86875971,5.496517294623955e-07,182082596899.3995
12688486.01049119,5.269163719694143e-07,194498091088.2985
12743758.18092563,5.439089493321174e-07,191255258817.628
11977521.43909793,4.924925000431866e-07,192058651882.168
11414226.27097682,4.806385578162908e-07,186023326256.4948
11303382.1595949,4.811303965616816e-07,184091278612.2639
11852582.83390495,4.810698001037106e-07,193051984180.2617
12667827.10250438,4.910562567597414e-07,203523530621.6929
11867012.66063538,4.782905607515954e-07,194035055438.92
12301940.49678634,4.663405381552732e-07,204568224436.4338
11763622.74321718,4.748924410757288e-07,193261012453.6645
11777998.33260236,4.72104105358124e-07,194258323864.289
11833831.33416077,4.726505122905776e-07,195028742146.8814
11729346.95226085,4.740425753436435e-07,192928150185.9574
11603604.23733794,4.821626286489833e-07,188710997616.0152
12485541.76700639,5.618638333004781e-07,183366504686.9428
11763152.98686551,5.861801918302047e-07,167945995445.6386
11874822.40364517,5.802353969291067e-07,170696379751.4173
11180283.29637107,5.512829827124644e-07,166291385005.0597
10538335.72950334,5.743977559205084e-07,152509491776.1994
10714230.64772901,5.708228168070923e-07,155701731332.3967
11497761.97411177,4.965708006634077e-07,183354903098.7655
11454979.8364562,5.062011874095594e-07,180348370497.6366
11660710.00768056,5.070397340678441e-07,183384939171.5851
10412849.65828517,5.699245183580938e-07,151480956057.0569
9841765.386236066,5.94625686197038e-07,139180127749.7265
10625127.36186992,5.585307099817443e-07,156664082574.755
9703965.102154095,6.099879491743944e-07,134917532314.7124
9776441.603883497,6.1750499385778e-07,134819846316.9971
10214439.9948046,5.983400259195133e-07,143851984499.2329
10199854.60763991,5.867674105073628e-07,145529149531.1487
9818548.929353459,6.008054441964886e-07,137898032287.3122
10372913.46983072,5.832129601995377e-07,148599031018.2375
9164719.494314522,6.327161445179611e-07,124350222368.525
9514519.229086796,6.26093065859556e-07,130005258425.535
9443022.002301762,6.18582063168414e-07,130070692695.0276
12626735.91539786,4.609069622316436e-07,211616203409.4995
12203538.30319404,4.660530274302066e-07,203015351616.8184
12562922.54674597,4.623343089167118e-07,210113166139.3193
10246871.90026725,3.777643253842762e-07,196084837236.2459
10235794.69585556,3.876757464069429e-07,192519981809.8966
9845924.834357547,3.810856092644979e-07,187315974742.1479
9881344.881989093,3.578416079092806e-07,196044877817.4086
10119942.47573264,3.684893409348692e-07,196892009144.3247
9574473.492546149,3.645356982193322e-07,187623914046.5047
10853548.67883285,3.768432681844159e-07,208032529958.0608
10487918.17782394,3.866144430880822e-07,197622887694.797
10499130.94002767,3.767049500805253e-07,201288579022.52
11453487.51435783,4.097572205720327e-07,207612422770.3143
11728880.00145978,4.204538654331657e-07,208983008373.1722
11506480.80236398,4.224281090216582e-07,204381058696.6992
12403455.94929401,4.40171743805724e-07,214352195008.6084
12212383.06397676,4.397262327559315e-07,211192667131.0793
11789653.82810277,4.323679151482622e-07,206188962934.9243
13103726.57126926,4.480069042088058e-07,223805978888.368
12744670.59829708,4.437513689815346e-07,219062889159.3987
12594625.0163616,4.419841654328865e-07,217060484439.96
13074751.50163971,4.504876986323878e-07,222490507115.4254
12481192.18159169,4.519353229721403e-07,211936233810.7679
12716095.48095023,4.462374477073375e-07,217759162848.7776
10682903.96496563,4.116939424998608e-07,193036605913.0992
10605808.20759136,4.18819228597326e-07,189463705753.7669
10370496.4196084,4.091045752739414e-07,188181382530.4855
12175920.61025351,4.417908347384008e-07,209905590986.014
12050974.1798591,4.441201373895365e-07,207024548238.9551
11957107.58530367,4.387543775724061e-07,207083340391.6668
9512737.865926424,4.045939271394241e-07,173897213459.2733
9407949.74036821,3.972980177821252e-07,174080739582.1362
9894813.431432504,4.033765430183787e-07,181245479476.2492
9722008.431487961,3.912543754424807e-07,181739720225.2026
9573801.529395051,3.949042836299299e-07,177864737991.2381
9511910.314601999,4.017008815557976e-07,174715951172.0054
9692084.911860401,3.864628653539643e-07,182674823870.8395
9393794.362881845,3.825482307755371e-07,178258501104.2833
9544107.14631867,3.901159251740446e-07,178761032083.0753
10042681.31685461,5.641335977863936e-07,147094026995.0656
9862336.440767987,5.763975389167357e-07,142396200701.1505
9652358.954427134,5.749389229768488e-07,139600076668.845
11266965.98012679,5.45738186276925e-07,168713857063.3995
10551422.86091814,5.53830216584657e-07,156456375000.7182
10804448.58177626,5.539098814841887e-07,160192875996.9212
11329126.17029649,5.530620419429009e-07,168143665855.8009
11506175.55279685,5.668064748006208e-07,167999424536.4137
10700470.43058401,5.578719774444349e-07,157899167405.0564
11944219.59616522,4.691682532634553e-07,197820836681.808
12049654.55936165,4.677581779493719e-07,199967923697.6655
12470198.30739599,4.626282785719532e-07,208474004802.3872
11670589.22377035,4.840812341976081e-07,189298549021.6616
11810789.3520202,4.750601710825085e-07,193990223456.2593
12177049.72441251,4.75792222344939e-07,199800783600.5678
11508798.6357798,4.865595134326381e-07,186039863622.393
11522721.59109694,4.856372981492679e-07,186500662643.2036
11648026.47929331,4.775219778655554e-07,190658763787.9548
11947905.73760626,4.982090545932731e-07,190115434637.3836
11704590.65884778,4.898646203681839e-07,188352843174.4808
12211780.56200474,4.815852455969589e-07,198760559120.9821
11577926.90395781,4.833161541325377e-07,187993685776.1074
11626252.95601231,4.786199451653458e-07,190011216903.9917
11807900.37957811,4.737912437944302e-07,194288901881.5443
11679762.68001288,5.035357386190652e-07,184535737579.3539
11530608.83160002,4.921502932257319e-07,184978139533.0804
11516681.11056424,4.930536134495514e-07,184528978530.5539
11967625.27331086,5.049982331275013e-07,188718616101.9562
12681139.52415387,4.988903376768887e-07,201598928292.1621
11816638.69970611,4.935999492554043e-07,189195391158.4487
12413419.22064453,4.634379629945405e-07,207282999601.8425
11887082.68795878,4.692003721693048e-07,196865547252.3931
12202711.37888148,4.63278982816796e-07,203811150449.3755
11782750.87584347,4.882388746710018e-07,190031293627.9404
12646033.09486905,4.935312960960446e-07,202493544425.3228
11831502.07642503,4.835561439032028e-07,192047480445.2258
12408331.22619419,4.54992766151979e-07,209754063641.195
13000175.66324472,4.535409914423041e-07,220227487430.8221
12423197.62736388,4.584588603483097e-07,208945559999.8731
12336887.04898024,4.370619322846796e-07,214211903751.9388
11724755.19673416,4.292554477804082e-07,206043968834.7833
11949243.85990417,4.272797568880453e-07,210635812548.7697
12300096.6558847,4.50377636694263e-07,209342454758.1697
12341223.29397599,4.442291426237482e-07,211976074907.8719
12533297.53955539,4.446715530859829e-07,215132381601.0895
11296473.55378446,4.685211920273004e-07,187265049716.0519
11214544.8535394,4.730415459160504e-07,184720655940.531
11642688.3924364,4.641645014578498e-07,194210180498.2662
11646518.28040869,4.703595239926398e-07,192564466706.0212
11444736.11118808,4.680374287182623e-07,189853551982.6251
11958957.91564732,4.644296752532399e-07,199409891161.9605
11637534.1083566,4.750946073004523e-07,191135298714.5512
11922563.09014456,4.83381745357269e-07,193572116634.223
11435830.12206807,4.727758225383893e-07,188436135667.0707
12045124.70355142,4.558970002534964e-07,203344990372.7809
12276468.59095518,4.532021412201099e-07,208071287727.6209
12238854.89299725,4.470312865883701e-07,209338370590.6099
12059139.20906728,4.613004590951842e-07,201988689147.086
11542744.4393883,4.649075429534613e-07,192337818216.6384
12044492.32117117,4.578408934007578e-07,202758364223.9821
11460554.36765884,4.727866682396144e-07,188840646225.5957
11504013.38529506,4.726551554420527e-07,189591899977.1896
12008970.12654124,4.61709112474959e-07,201029657983.4958
10586745.34113547,4.303852546474451e-07,185719516368.2993
10414651.3125522,4.240035556884506e-07,184529187034.8693
10595526.30154707,4.255362203710258e-07,187282923159.3828
11445276.77016876,4.337270976573243e-07,199747764947.9206
10841913.85334731,4.328120696946693e-07,189484217812.1777
10850799.98404189,4.27970908883678e-07,191066959246.6898
11713600.81241971,4.458536033358132e-07,200706867292.2229
11451672.04958852,4.496170035462086e-07,195122379864.256
11013018.90088204,4.395724634804243e-07,190496089725.7031
9832850.63254106,3.937619268013864e-07,183030568082.0765
9621551.70567329,4.042023969628201e-07,175999943477.9361
10017557.23836797,4.049270504271417e-07,183025094284.48
10892764.01778883,4.154121992669737e-07,195652438175.9339
11209879.29608419,4.239764810938854e-07,198627674949.8173
10814913.3258935,4.225362131056329e-07,192064493837.4983
10408922.44769317,3.979811215626157e-07,192381862566.4646
10633330.17602035,4.064881150942842e-07,193777819461.8521
10321653.71841851,4.038954089202206e-07,188902051207.2834
11272982.15684427,4.07560775702793e-07,205073982845.4363
11325556.68691895,4.202338778855794e-07,201867087693.3376
11006797.70630825,4.116715671135175e-07,198896467340.5068
11677799.07231995,4.374340063655501e-07,202652813222.6613
11770565.02008861,4.428082359532571e-07,202606566806.5085
11068255.44999848,4.365240875168777e-07,192341809932.7963
11382894.76829676,4.28270046343294e-07,200343037468.004
11582954.42504049,4.325938159896464e-07,202503473197.9663
10984865.25093772,4.268354995276639e-07,193770523449.6119
11655604.19865915,4.312050745788105e-07,204210882653.7887
12075944.55109006,4.385665471702869e-07,209201170018.6783
11858035.7919007,4.355262572506364e-07,206381070806.3911
9509278.785993753,2.978133915578717e-07,213231534167.399
9448176.346359417,3.112998096229245e-07,205697377079.0833
9252038.018206149,3.062016319979873e-07,203656874607.1514
9912432.057182293,2.817441436619959e-07,230644777430.8836
9541887.735081607,2.89513378811406e-07,218032822712.7433
10166229.15903832,2.803610805954255e-07,237327507526.8589
10620702.06839984,2.70029541555168e-07,254221556532.7158
10181768.27190063,2.768731692377387e-07,239682298440.436
10438968.64918978,2.754901011178029e-07,246558659958.1216
10480148.60603074,2.728253545309887e-07,249140475349.9994
9887219.182543134,2.866732647405019e-07,227413390736.1042
10044159.63604104,2.796683245088217e-07,234864883123.0168
9367994.032979168,3.101618032178583e-07,204450289649.4865
9427458.68342129,3.128710209631489e-07,204558600999.3799
9289394.120159872,3.016991070617274e-07,206508550888.1052
9782090.224665184,3.12353534567332e-07,212487823309.132
9856394.890196325,3.213488745133129e-07,210087512754.4824
9551122.208531253,3.139823861705615e-07,206752551694.5405
9909181.690491581,3.305543440165441e-07,207272910431.8574
9581657.968255943,3.200834163558868e-07,204769474059.7972
9521708.210321592,3.173752290889419e-07,204644236054.3323
12439395.49454749,2.417809697935347e-07,320517095877.9193
12753109.48584978,2.38933741103027e-07,331205672347.5908
12418199.8244156,2.363714626493735e-07,324834350641.9476
11580657.89107127,2.495026938347042e-07,292201925074.4124
11819577.71114302,2.37346124255233e-07,308328637788.3827
12233500.57351303,2.46528404259572e-07,311152124245.2448
12700326.90589518,2.044091628881844e-07,366000203363.9735
12748041.28476099,1.979498777011371e-07,375324259213.8285
13753371.97152468,2.119852705571683e-07,386846553371.6868
12121958.53583122,2.093446712161317e-07,343820304346.5685
12381551.96737509,2.088809632245968e-07,351702814519.9877
12761250.56968643,2.229352226934795e-07,347088940718.3939
11866317.55753805,2.025597365513758e-07,344043917436.4267
11728273.61814485,1.957858697579673e-07,347840270063.1776
12123173.68682453,2.020956413949831e-07,352028935599.2066
11814886.12957518,2.00818519822736e-07,344529990776.0594
11915901.14093545,1.951463016404494e-07,354176717098.1323
11677142.54868152,1.940422506235837e-07,348395373959.8185
11617433.97147762,1.853485166098971e-07,357369487833.3848
11662515.13600282,1.802363906211749e-07,365508290896.4037
11873157.3904718,1.892894006175277e-07,360148845956.0532
9894609.534199754,3.373978561102814e-07,204159901775.8984
9956211.315935047,3.36473756914567e-07,205806920428.3573
9963805.304599788,3.262617803157405e-07,210239556433.9408
9872772.606256912,3.414845873554406e-07,202080804886.2204
9854802.994335579,3.401235355839997e-07,202250757489.6889
9847862.001267439,3.348580250860406e-07,204221508493.4903
9793436.995896824,3.525200329442957e-07,196251325653.16
9487944.463085175,3.592129803762609e-07,187760450844.7409
9766438.203507222,3.472012667262515e-07,197703946717.5252
10337082.74865976,2.823756649387412e-07,240166897818.5668
10246554.20420242,2.724548616500823e-07,243808102199.9732
10117057.90274537,2.776699391047889e-07,237703180254.2639
10572148.19700705,2.999565725812764e-07,235934248013.3765
10485110.83888268,2.934675288753244e-07,237428576678.3738
10529802.26180447,3.056268327164656e-07,232073683339.3719
10539095.81406559,2.913298550283898e-07,239817032298.5156
10398168.46766993,2.711239505374449e-07,248224661316.247
10452194.89908081,2.848383839092766e-07,241439593148.7072
10422337.40874221,3.284921968508413e-07,218918143746.5737
10330348.51849244,3.225268165224541e-07,219653310826.5033
10606207.49342072,3.238900769890739e-07,224885622422.8088
10407310.91680608,2.549402843487284e-07,258848837362.8192
10560302.28366025,2.481481172963876e-07,267425219014.1642
10476922.03769257,2.470715852263355e-07,266083847106.4365
10392961.58327462,2.793685551096388e-07,243194812840.1867
10339088.65375681,2.656557496773839e-07,250189711294.6813
10302188.14763368,2.694520840257815e-07,246949667533.2231
10591146.94578913,2.724438989887414e-07,252014155590.7864
10594585.49840305,2.635530621744301e-07,257734125633.4413
10436840.35009062,2.630961451900957e-07,254190539900.17
10216302.89667249,3.145201275928264e-07,220899533362.1357
10038296.30145258,3.077514597064591e-07,220221608110.4694
10418698.60290788,3.04590584933134e-07,230145502032.2067
10633141.13330967,2.557041118810415e-07,263938718508.4666
10591430.81417977,2.478210117631152e-07,268449469358.1476
10628595.20356574,2.484562405192037e-07,268932069587.9055
10465023.35599167,2.773344190253966e-07,246076998444.2768
10601680.69754891,2.671144528959485e-07,255609188647.515
10598240.99363408,2.760017249248776e-07,250011082125.7718
10418275.5736976,2.774864022701169e-07,244888300161.0833
10410689.99782811,2.766165591033937e-07,245222734738.9536
10554628.33714474,2.67268320943679e-07,254377066557.2281
10592054.12169377,2.424172138839607e-07,272440219069.8519
10635639.37783047,2.340848717641548e-07,280015048495.1575
10629219.60367137,2.430507640107023e-07,272920852666.4886
10146877.32997537,2.763229208858278e-07,239177948252.0976
10126835.40486614,2.844006192307548e-07,234163963008.3085
9922088.934039857,2.750581040407045e-07,234595756454.3372
9855089.516253689,2.754803031404667e-07,232773501022.7271
9970136.646116985,2.842087937591929e-07,230644323088.4329
9965813.211457288,2.786391185031576e-07,233606371949.729
9806826.13157245,2.615765657493548e-07,239770594384.4166
9763470.504832909,2.671812371823254e-07,235360501587.1624
9670250.085374219,2.597584892529308e-07,237533320117.7331
10344243.96969813,2.584686769836884e-07,254933441203.6005
10413644.20497092,2.506015996295312e-07,261987262013.5056
10307334.25676356,2.622597717119288e-07,251569840334.9949
10613685.4081429,2.428964798135257e-07,272637378377.2795
10620100.49016867,2.339261414449923e-07,279732410652.7961
10530094.26400493,2.418112566696249e-07,271298827140.1888
10572512.55631505,2.898738207953902e-07,241382369575.0181
10585627.44840317,2.790238251630069e-07,247907165541.3458
10431361.21335831,2.696749060364301e-07,249908269290.1851
10661183.61610725,2.382824624371891e-07,277381421978.681
10751747.16566301,2.303938828476231e-07,286087191145.2085
11144979.09632299,2.287731128262121e-07,297949460868.5953
10600258.87008811,2.404700432614356e-07,274121111219.3276
10662115.1726101,2.35263107824473e-07,279774084307.8268
10643860.98649474,2.32138070480991e-07,281796079698.6266
10421746.27866309,5.680962644786944e-07,151935481614.0612
10659398.69708357,5.583728277634221e-07,157199027848.237
9852047.691391885,5.855745211349894e-07,140757558175.5744
9348509.444247069,7.037889666613958e-07,118153720552.1268
8870476.390800394,7.171820033546264e-07,110711828179.3178
8931465.952376986,7.225044757557975e-07,110924901684.6144
11140991.93636391,6.252768920883988e-07,152361628943.5411
10483474.82188482,6.482384898478718e-07,139963688933.1635
10669664.65373196,6.475867137542016e-07,142545053017.828
9043831.016286157,6.794371180360073e-07,117018068762.7759
8429769.98398835,7.034889721653411e-07,106572264829.0881
8709919.476074539,7.084778895650293e-07,109596480010.2453
9698646.67034651,6.372334100531716e-07,130972096504.3246
9553126.47372449,6.549180565521541e-07,126674019426.6939
9972860.204125682,6.520837292361454e-07,132622585022.1501
9490186.497325033,6.344904677523536e-07,128526104838.2785
9140838.534554979,6.410901777034218e-07,122943797130.3244
9346244.624935407,6.521563609537279e-07,124280403367.0632
9683649.92537771,6.920004600868873e-07,123775538757.3585
9557094.27738652,7.074212702396016e-07,120376153298.9072
9397823.502444768,7.114335225304521e-07,117924597063.3523
10233875.1342037,6.49503468287233e-07,136453851179.3132
9938525.148032499,6.694419432246745e-07,129871341984.1122
9994643.915150801,6.564318677651098e-07,132324690892.8816
10778457.96378641,6.226811880956682e-07,147813058049.3183
10443698.95626038,6.378291632341887e-07,140945569790.9954
10202013.28831709,6.447263597588931e-07,136700131921.7831
11173346.99567163,6.22352049888921e-07,153282486474.3608
10703842.86741825,6.449326155820977e-07,143393730886.8643
10621823.26058147,6.377973131219133e-07,143354263525.4468
9941841.629677741,6.817931933514251e-07,128340895890.8133
9692795.355349675,7.000286617289212e-07,122943383824.2028
9820243.373052003,6.846281575432651e-07,126420958767.466
10256182.0958514,6.52910553177175e-07,136275127649.5265
10082968.96232386,6.700251876242217e-07,131682383141.1499
9960508.039773798,6.72834341384977e-07,129720731962.6811
10334597.65878286,6.645235804754274e-07,135712539101.6727
9872858.214543317,6.836544700657863e-07,127218946514.9599
10080813.21215688,6.744941054574704e-07,131072061078.2284
10362713.40384368,6.482360536926379e-07,138351763501.0681
10054877.35461452,6.553554102027809e-07,133267888945.3339
10112581.59170636,6.653996324074014e-07,132680469894.9256
10689757.33340589,6.052762916555685e-07,149393626919.5073
11384563.30286635,5.902659769786407e-07,161789826346.4237
10742969.08174287,6.231855792837865e-07,147246866819.298
11045259.08902776,6.152403411610685e-07,152690741703.9307
11260035.88694255,6.149236391370206e-07,155713278543.486
10706349.75341337,6.303784971143361e-07,145626529504.3957
9619805.557907999,4.268472238010249e-07,169688073778.1939
10105394.33708937,4.151857663459034e-07,181575937230.6683
10146127.53838515,4.229009492223059e-07,180083757541.7517
9289375.979587737,4.528152282796473e-07,157533355989.0781
9351809.849276114,4.390236693192064e-07,161896345028.533
9602610.919005672,4.459689803034156e-07,164507700183.1047
9371576.169210033,4.272270041400848e-07,165211462420.4807
9640239.43245949,4.190988562643306e-07,172138033288.9101
9375703.466481194,4.28533536557575e-07,164948100905.6513
11267496.03327228,3.992508731602412e-07,207808590862.2966
11573859.49346999,3.786628452574994e-07,221127663215.3005
11568471.52478518,3.861074840330094e-07,218174422670.4139
9908876.847646018,4.062011842026023e-07,180660680057.1905
9974171.763011537,3.921752566440951e-07,186161577266.5541
10111799.8076228,3.991127350783077e-07,186536893145.1813
11198220.9543664,4.107113469148207e-07,202670823159.3352
11498275.89402328,3.97574261257315e-07,212660689661.2495
11294293.19092942,4.245155140029862e-07,199953961730.5092
11316630.55398039,3.678478798476898e-07,220430473312.1747
11490664.98727026,3.711136992418666e-07,222505374431.816
11106813.5679696,3.797958897867414e-07,211782128346.4601
11084085.73675255,3.551033722321715e-07,221036169307.5248
11521866.99027159,3.750716537480855e-07,221537216715.5568
11527244.09633205,3.676259656871183e-07,224623248723.6785
11296897.34767438,3.607755702840612e-07,222912506135.5442
11028719.53604924,3.515275443057355e-07,221421022733.4922
11470780.55896119,3.640508073362914e-07,224984002805.3993
10290117.96476649,3.364529785460978e-07,212717931848.6995
10043102.61646318,3.344363115332372e-07,208445384641.5839
10541353.11238712,3.407436387560867e-07,216078317851.3452
8793846.980161501,3.167264024736369e-07,189258789940.3091
8906399.206127806,3.279005417840336e-07,187301275343.848
8839087.026418952,3.318542646404211e-07,184406322792.7156
8874780.894271601,3.037512468964912e-07,196401858681.8705
8776522.901275001,3.082183587101809e-07,192346145663.5608
8783814.582765941,3.134902600139366e-07,190341633313.3042
9000507.687881522,3.141692152794328e-07,194756183630.7727
8930823.117589541,3.052358979140759e-07,197000690751.0276
8839569.303676317,3.149775526972137e-07,190946353424.0659
9388010.738123247,2.947182782424955e-07,211983567545.8068
9533973.676285833,2.911955229664628e-07,217012201529.8692
9145440.752591472,2.965926663839605e-07,205635315430.8647
9316085.964158708,3.152360560119641e-07,201129711408.9715
9512898.458531484,3.203341634176726e-07,203193910675.0467
9770327.136162516,3.339510831090232e-07,202980289558.4258
9150012.364693746,2.977126333458742e-07,205221805824.9347
9068778.111449413,3.049774671713509e-07,200156765285.0699
8887709.944094909,3.053088387460077e-07,196018451676.707
9567335.894889954,2.908061787574209e-07,217965923470.6467
10317457.27836437,2.860970851807334e-07,237627695994.3248
9744692.85905904,2.896848620774691e-07,222579051741.6408
10220014.73698114,3.520324132853805e-07,204988620811.4198
10080812.85212964,3.45765028627711e-07,204632609165.1441
10150825.2229495,3.426190102583715e-07,207313243322.1606
10284368.19446697,3.61397811822735e-07,202700088105.8335
10302993.13425442,3.578161179128546e-07,204420043972.3976
10361314.39739137,3.559588918463001e-07,206291636518.992
10283494.06538363,3.675129560674485e-07,200428249022.8106
10275012.14742261,3.639958963420096e-07,201550873957.5908
10285577.717582,3.60652435824538e-07,203003149991.9513
11554116.44579754,4.960510309172963e-07,184382274971.7598
11760116.06309908,5.037199946410997e-07,185759976674.6417
12166737.31587775,5.035113163081502e-07,192235964561.7407
11358869.54403994,4.814151188780562e-07,184922019760.9369
11411459.33919027,4.894990725230987e-07,183727121814.7575
11325463.58622051,4.887879556543552e-07,182519382525.8604
12212677.3276886,4.470333544390135e-07,208889974646.5838
12171765.61664398,4.531836779125552e-07,206302302170.4891
12019155.25981747,4.558913675017871e-07,202908247292.8262
11837456.61702817,4.603002340480565e-07,198562669649.3535
11988912.69585606,4.575898931918798e-07,201896527113.9532
11488336.14560837,4.646598303925768e-07,191499237053.3058
11826300.46739898,4.841199774232148e-07,191813972270.9663
11259464.61522866,4.780309122826482e-07,184167822263.5592
11341556.93555094,4.735081672729324e-07,186689987997.3925
13495721.69109087,5.113351123498131e-07,211053408186.0251
12634334.92932037,4.962180519082364e-07,201575314475.6056
13157258.52786728,5.006962802351596e-07,208664786325.9577
12132563.07509034,4.946852231614666e-07,193969419487.259
11454011.6841731,4.833252425075376e-07,185979312003.1245
12025663.73931932,4.894149071308153e-07,193638150996.7105
12932441.2771572,5.124868922526388e-07,201941389589.713
12715813.52283471,5.057578113835425e-07,200316051436.7897
13466817.86950693,5.156088656890257e-07,209436032639.5093
11579843.5047047,4.910782116102018e-07,186038250370.3325
11483364.48033575,4.831247336754431e-07,186507500371.4744
12048342.55463754,4.949806631770804e-07,192546288349.5066
12206508.98624346,5.079059075764312e-07,191750261851.246
12154130.06173099,5.182347431889451e-07,188382054583.5713
12636295.74387891,5.164555105327024e-07,196304914030.1361
11612448.23458918,4.805590232557098e-07,189274729218.2402
11956974.61158857,4.938526724682461e-07,191376982031.0738
11929092.58699864,4.838163337018756e-07,193562129736.0555
12157031.49868604,5.09955380630614e-07,190461012898.9317
12035775.8518375,5.166089123000102e-07,186938819124.3218
12087899.40015612,5.062914294980462e-07,190290505519.1062
12318663.87330578,4.942153996269053e-07,197069503633.884
12227798.73429184,5.043594843661239e-07,192984081422.548
12158465.4290211,5.0068792170175e-07,192826782351.0702
11805126.86973207,4.732614925559789e-07,194388191558.2573
12124379.84695683,4.831275367059153e-07,196917814134.3877
11620804.45216108,4.763061513834389e-07,190536741143.6977
11899684.30935941,4.741297702310638e-07,195705917078.5396
11998338.83346614,4.797563075164743e-07,195782555716.6102
12220204.81021281,4.839898654202317e-07,198238334149.134
12423091.07691944,5.094909526673852e-07,194747556928.1758
12301379.01736935,5.186607775761688e-07,190559905397.8279
12277193.23206342,5.110100404927345e-07,192078815577.4554
12091158.47730195,5.15328911822067e-07,188109866129.4597
12115160.41156689,5.229881785795599e-07,186638507952.7734
11683048.31484398,5.26795638847267e-07,179113392097.3257
11922658.68261589,4.644120717401655e-07,198809642603.265
12126344.78585198,4.596130033401376e-07,203611220626.6464
11618899.90645604,4.705624025512147e-07,192052601340.6345
12042800.33585654,5.149911574834429e-07,187439437043.5028
11635514.11404081,5.264651413012091e-07,178459291120.8325
11922117.14200876,5.216536391843187e-07,183977716318.3737
12360510.32170478,5.210373572234306e-07,190893215442.9716
12322202.34721991,5.211631526703373e-07,190270970996.453
12444017.12464794,5.119990920764438e-07,194437997435.7627
11974640.75205356,5.434928999202755e-07,179804232193.3363
11702536.44348008,5.431956260765151e-07,175782576628.1475
12095752.45406993,5.318878993713465e-07,184255085539.702
11913046.55594866,5.535783286810931e-07,176700096045.1299
11754042.21361959,5.54407047539695e-07,174167887616.9457
12139365.91349331,5.360007554329381e-07,183972284478.8566
11550610.29008538,6.035707926725524e-07,161728336983.2738
11643579.63713711,5.906719672151164e-07,165394962464.2274
11533005.43646197,5.966040093478715e-07,162736530108.202
10632457.00013915,6.384758291487251e-07,143396096042.438
11294558.87309505,6.155232382058126e-07,156089241794.2695
11277150.31813681,6.08544044972914e-07,157037976816.6823
10887677.98495189,6.398582148598576e-07,146626601155.15
11361153.65786111,6.172923923251911e-07,156709437072.3857
11363744.46234263,6.175350006912904e-07,156704117291.2485
11776276.66624136,5.524543729711459e-07,174908288356.6946
12002709.68107534,5.457675291453056e-07,179724591840.953
12161961.70389782,5.340362496087686e-07,184766460813.1306
11718547.04779496,5.762591057844266e-07,169223978284.4614
11649839.56729343,5.644762335146468e-07,170564837086.667
11808139.90600284,5.636401250785244e-07,173053434027.4572
11605596.73277829,5.692437974693368e-07,168967017264.42
11863321.64247466,5.545789807674471e-07,175750823433.7733
11638213.53422536,5.612521573444238e-07,171046544778.4978
11527555.79642075,5.960423155670499e-07,162761807515.9347
11522126.77517982,5.796102071021249e-07,165745583946.1791
11554626.15387004,5.716002544556916e-07,167762268324.1318
11281850.82997836,5.987108859695275e-07,158818924236.5053
11658664.77193149,5.807425498743217e-07,167491607307.4303
11493482.43601304,5.819452130319791e-07,164890981484.1196
11599723.52536127,5.406057315248159e-07,174794276373.9632
11561346.67402599,5.331185541341888e-07,175843327061.0822
11991222.72343917,5.292921658868005e-07,183259497864.6588
11649905.60197662,5.714788477777677e-07,169169591023.1452
11816204.18619978,5.702299002854134e-07,171834882279.2238
11908119.32654087,5.567910874005748e-07,175946916968.2481
11445896.27672714,6.043018605575626e-07,160132881427.9084
11229345.66013149,6.045937886883959e-07,157052672020.2379
11440486.52112649,5.878510534047779e-07,163029536283.4146
11555610.63070132,6.058059990517445e-07,161400120011.7112
11552998.04487558,6.055383559411701e-07,161411173488.9297
11648600.05879202,5.928924228348416e-07,165052890543.2267
10463754.69880196,6.557697434267178e-07,138628747692.8223
10208379.509103,6.657515929911599e-07,133890161144.0462
10382661.94129712,6.486560174628843e-07,138558257412.3844
10043337.24850805,6.263182118568247e-07,137198075499.2768
10322347.35670604,6.411608592994247e-07,138824824955.6626
10957708.81399611,6.112502001326675e-07,152138949293.0513
10542453.09162922,5.958205732194476e-07,148889708844.775
10097401.17628423,6.149949034953583e-07,139624597303.8798
11014176.96906316,5.999241699063925e-07,154841657179.4765
11852473.69373708,5.748386265437328e-07,171439821049.8381
10977226.21873043,5.857845859729258e-07,156795642036.1771
11458473.46015482,5.898797683714084e-07,162911257440.3184
10417235.09507535,5.840106009811687e-07,149098055104.3463
9861671.222059743,6.016175684764677e-07,138378997331.9479
10376224.49628847,5.899644899273354e-07,147510220197.916
8885972.358738771,6.550022493450299e-07,117817489311.8516
8472908.017906249,6.901454125813398e-07,108493925082.8837
9088510.645395761,6.660704373284815e-07,119164240111.1198
9174971.475275863,7.269675760602737e-07,113482273717.6176
8582422.486383021,7.512568988761366e-07,103852647936.3732
8618326.353583228,7.498211271770752e-07,104420191887.4142
8573500.498478292,7.450105951732279e-07,104323755197.1515
8080350.326336327,7.737690975967524e-07,95871444164.29799
8356511.328956971,7.596510270047814e-07,100372695384.1445
10470771.31738421,6.347390695119878e-07,141769188715.5237
10284482.21354633,6.364722482767693e-07,138994020276.8893
10418238.85716853,6.168382937653317e-07,143773912758.1857
11265553.42002662,5.804179203390298e-07,161904401707.4742
10574445.92801673,5.954148574920718e-07,149409372746.0643
10284325.66423101,5.83749244146577e-07,147239703117.2504
11903693.79313601,5.518019036793343e-07,176940106255.3629
11811795.76714231,5.652559958416099e-07,172776952962.7761
11632401.39827074,5.515444871798833e-07,172961329359.8607
11120801.64469734,6.092481029260389e-07,154741441248.7083
10850196.67431562,6.241505393622525e-07,148563245020.2114
11494938.56649637,5.912864226046083e-07,163170401991.1315
11257798.45511371,5.45980812538476e-07,168526634910.9963
10631153.12309511,5.507625716948133e-07,158223417498.5308
11219991.92390485,5.384647140102822e-07,169520039552.018
12932208.98679072,4.767095344180058e-07,211919126664.8589
12846216.33246101,4.658884425655418e-07,213757128487.2891
12785481.78276932,4.588015022659607e-07,214931734565.9893
12654350.82026439,4.543518979515119e-07,214113954530.6088
13013428.21717713,4.69890933689243e-07,215308087726.5875
12763191.35563504,4.551178202930948e-07,215713199314.1197
11575521.62069505,5.431661642209134e-07,173880987616.11
11106647.86169693,5.513475692223033e-07,165183257572.8366
11771089.01652871,5.43582629776015e-07,176728366680.6539
13246992.60635486,4.882411276757568e-07,213645813608.6456
12961098.22206476,4.732487053786894e-07,213426747200.4175
13047473.89070838,4.84056181618399e-07,211639108132.9052
12757239.95532763,5.221558896589849e-07,196738763292.4545
12115603.69485351,5.329634262301829e-07,184309103838.6996
12846251.21483764,5.216560564606422e-07,198238000216.8643
13618388.38864167,4.7798998180944e-07,222764775582.9549
12983131.10021898,4.707112715032588e-07,214557175771.3034
13121878.99955716,4.739912801055721e-07,215848545878.6379
12980180.63331396,4.900468557785365e-07,208828129353.5082
12410912.97112867,5.008461738633775e-07,196789002025.539
12844252.28354185,5.09412698727456e-07,201370407688.5928
11016198.62873061,4.226378301322102e-07,195607804804.5115
10639174.05983386,4.131239284341749e-07,191802536945.0739
10846134.12486327,4.27434000836845e-07,191144699836.7837
12390569.09526151,4.949416132969699e-07,198025874926.8336
12445468.23096327,5.035658201047763e-07,196625758496.6784
12299438.65771932,5.050785294543933e-07,193930456283.5318
11110949.57442182,4.641585633768352e-07,185341894720.3216
11551054.57687041,4.685191236311942e-07,191485879704.0136
11368734.30600571,4.715641191819271e-07,187651316274.5532
11018383.60532044,4.515048594408084e-07,187215988655.1057
10840498.50897079,4.400530294713054e-07,187375401852.7236
10609136.56494131,4.473804245079445e-07,181368580936.3003
11783496.87944552,4.763283956320121e-07,193198259558.3445
11379273.29628932,4.638907960361124e-07,189890843701.315
11468803.83246502,4.730609139555161e-07,188903532839.4412
11967178.14851659,4.719688253706902e-07,197416242043.4894
12202213.20775561,4.55632464838824e-07,206076673397.4318
11559788.84118249,4.59533852093171e-07,194120571505.1869
10463903.11724169,4.326157658379848e-07,182933038642.9382
10381951.34773374,4.257765818746475e-07,183438775165.2835
10553776.10097866,4.321566237835716e-07,184634885065.3579
11355605.01306993,4.790011617219351e-07,185489458502.8089
11312427.49463277,4.791291741272546e-07,184751255395.9385
11408187.25927,4.870838710600718e-07,184281105399.0446
11855267.45792325,4.687230679241638e-07,196471911811.1786
11552373.92271247,4.748726746026731e-07,189795735874.4844
11855629.77318665,4.768504275438699e-07,194239034720.7592
11826363.31427711,4.700087980114908e-07,195635301975.0438
11924350.69325938,4.675057355256264e-07,197959695844.5018
11924714.06262645,4.75635903185274e-07,195703332456.3637
11673552.86458768,4.545896547490597e-07,197449795821.3362
11937992.66486882,4.508209803734933e-07,203046369342.0235
11896234.00993247,4.594578374127381e-07,199792442310.4473
12299484.9757407,4.510262810112579e-07,209131295227.3185
12136448.39543989,4.471904836449968e-07,207537498718.6203
12261836.0074697,4.448524386564161e-07,210415721863.0096
11552070.49397242,4.700332044557627e-07,191091251424.5467
12102645.99964455,4.589588199268964e-07,203406354787.1347
11872953.56800542,4.616475939532641e-07,198770403097.7678
12038768.98853238,4.594793871757706e-07,202179937877.7012
12080776.84618534,4.508479431028297e-07,205466710086.2901
12243440.31002344,4.546867499756741e-07,207059551606.9365
12019136.49694221,4.950353953190561e-07,192065384087.7906
11673709.18221189,4.8175332032391e-07,189958643159.0676
12178417.41839869,4.885652247498402e-07,196325097258.0115
13033837.04949283,4.906460070503539e-07,209520621918.9503
13137970.02661069,4.875081920848877e-07,212099830476.2735
13001215.82007864,5.068679022817881e-07,204512931617.1466
12002076.83255301,4.476825212845739e-07,205089287741.7581
11184341.38471032,4.401347407456905e-07,193294715799.8264
11365014.1812655,4.51573646136262e-07,193086061007.8082
11946161.06124917,4.412357877135506e-07,206117347897.6281
12387039.84050006,4.471874968558532e-07,211823642975.7507
12494727.13865057,4.479648490654195e-07,213417888272.1378
11546696.88133449,4.404923862074745e-07,199449136755.8641
11737147.13170896,4.395628572322847e-07,203024550176.601
12280947.18666041,4.462948277175971e-07,210289357744.1239
10476045.1634947,4.311411560391016e-07,183562673405.7087
10428896.06458098,4.270047141699172e-07,183914749287.2009
11146718.36789607,4.338359619257667e-07,194504653254.8134
10285934.59218976,4.261873149322593e-07,181625467651.276
10258460.74323449,4.136455082315712e-07,184783558230.2825
10237074.89475401,4.132950680025375e-07,184502561002.3418
10796497.18222405,4.541498269245211e-07,182732911419.1501
10510702.78687864,4.413675743545885e-07,181314055911.4968
10829920.94849489,4.486840157909796e-07,184784222844.7881
10233258.82082575,4.271910781057523e-07,180412175126.4159
10257505.66198632,4.171233430756681e-07,183737908728.8016
10284978.23283448,4.29647616037489e-07,180632172773.1775
10196797.44490124,4.236939698628884e-07,180757199292.2471
10139154.7443244,4.155980743542238e-07,182062038144.646
10221001.07702279,4.136059193742046e-07,184120552877.0221
10704454.28316306,4.540037072545524e-07,181213938292.4438
10463542.83749806,4.481082975862252e-07,178685824096.5328
10419888.91851045,4.412140472729534e-07,179789173194.5811
10620104.08265077,4.297525683305937e-07,186487525289.7235
10237817.46769964,4.196398158835429e-07,182651365613.1703
10295739.54939046,4.277299495027889e-07,181361225074.1656
11195864.61109312,4.675514739964851e-07,185853759701.0621
11107407.93160776,4.583712007885e-07,186839131509.5402
10696495.32544049,4.542624676727492e-07,181010430746.4279
11013959.96417921,4.19131227633548e-07,196657333947.5752
10837250.22351326,4.133863593374733e-07,195290749879.9346
10636974.03940842,4.096103192799531e-07,192857932410.0814
11999340.44320874,4.422813517337875e-07,206708478222.9993
11354364.96476087,4.299299186686906e-07,199326207635.3469
11181699.8640758,4.347203819766718e-07,194850337523.4153
12131103.24756195,4.42817587893759e-07,208809566167.9226
11694844.36123721,4.368614360500426e-07,203125902108.8501
11482547.47654264,4.304696500331359e-07,201407926434.3047
10359995.76641627,4.004523564190561e-07,190689015063.2213
10250074.10705342,3.901388298194065e-07,191976272061.8479
10210833.19728916,3.966124497783658e-07,189154620015.4985
10660509.51921272,4.256622540368644e-07,188394347668.9151
10455336.65792241,4.113480661579487e-07,189030426790.0178
10277489.70884423,4.155402578128131e-07,184563144402.7169
10719302.30020348,4.064930697703232e-07,195342955844.6965
10542199.06185238,3.915576594490613e-07,196970292537.0722
10520124.05344716,4.027183113486914e-07,192909349373.4885
11572309.51050172,4.424153573444111e-07,199311907097.8809
12096207.59260629,4.503643481091115e-07,205876398604.6065
11757043.96237519,4.546259811982518e-07,198851394622.6548
10080050.87068686,5.683289934488856e-07,146913886901.0095
11384274.20393876,5.498777342614544e-07,169613828864.2845
10731001.3793721,5.576284810279075e-07,158395784462.4886
12960176.8287514,4.711763553318728e-07,214036874960.8512
13246061.10629742,4.861800138686415e-07,214234142928.9635
13043776.25339588,4.757579424460718e-07,214032295345.3676
12991589.47769427,5.177801833530324e-07,201480029372.8155
12457976.19986679,5.294948424150554e-07,190344211458.0405
13133228.8206316,5.062372537298698e-07,206761072724.8686
13095425.19230484,4.929102201944551e-07,209865502382.9344
13152795.78603075,5.086367939974098e-07,206417364336.8455
13295308.81167398,4.970785831697721e-07,211875981797.6998
13018257.42935802,4.969352705135547e-07,207500735452.7426
12985655.71441288,5.131440260616852e-07,202599187567.8408
13075458.9237135,5.126530961730865e-07,204130492926.3645
9470562.367390921,5.959098800135838e-07,133738170469.7861
9841838.392016271,5.876201280042538e-07,140285177863.6739
10125692.65095622,5.993094313741941e-07,142448320366.3234
9306988.99515735,5.869375616119529e-07,132764286165.9128
9148231.665593524,5.967083221612564e-07,129071123587.0883
9026458.321843764,6.03972258656697e-07,126329871296.427
9470283.862966189,5.818060810572576e-07,135886869175.9893
9678282.195111208,5.832450196758921e-07,138642885401.3093
9310133.8943679,5.915330046709915e-07,132120418117.7355
11213492.86732161,5.543006021359667e-07,166179460320.208
9919387.76997536,5.727997526935905e-07,143819018388.6238
10075585.03705027,5.754773467238214e-07,145630201710.162
10433992.06106637,5.601827552093305e-07,153543232142.0142
10185367.89478802,5.600929232656583e-07,149900585794.0893
9792255.076578427,5.708688618664981e-07,142295712462.0665
11288707.69154648,4.386455458739437e-07,195539760281.5559
11976537.32783391,4.463785985041669e-07,205051222506.8101
11455265.95903038,4.384257256632863e-07,198491154191.3688
7202374.652731198,5.838703869188264e-07,103101442773.4879
7235393.420343649,5.729807691462128e-07,104882280033.1559
7036179.525903256,5.859890673808541e-07,100479446970.6936
8254261.368343012,5.253042865272922e-07,126785888969.9374
7904912.190419364,5.381558378928567e-07,119479027632.9083
7756131.813911842,5.415480998555193e-07,116740215403.9203
8713775.938300744,5.114263594449143e-07,136254540354.458
9198857.211631952,4.965826430180621e-07,146691918054.1441
8749921.682049071,5.137364846217985e-07,136409272492.5362
10199717.94356471,4.864810134577555e-07,164896295402.939
10279323.27701094,4.959651003018849e-07,164057886682.3752
9947202.565498229,4.948599200663481e-07,158993526293.6257
11256403.89086413,4.915621889703019e-07,180723247191.6653
10374296.82402156,4.804210782835948e-07,169126099845.9294
10810131.49917193,4.832261584464616e-07,175548593005.4858
10528847.69833168,5.065563403044553e-07,165689761653.9191
10453622.52735134,4.998716954301494e-07,165969308009.9718
10485544.29444098,4.942799218622971e-07,167729325151.8929
8853905.988382479,4.705462899349068e-07,146352452302.9169
9008624.017311227,4.71364669852812e-07,148737488215.43
8982863.979078414,4.586863203153759e-07,151032692518.018
9027373.167477766,4.491296267480323e-07,153926570243.076
8790986.155413684,4.599963606735803e-07,147525806983.5038
8973910.851629661,4.521752286124017e-07,152327122997.9024
8643736.131210517,4.838801141756331e-07,140241425539.0527
8686948.822506245,4.864761183035395e-07,140440676535.9572
8722055.821171934,4.786139859925747e-07,142548265826.5575
9154400.897914253,4.692162633773487e-07,151605360136.4162
9439024.901168615,4.618758539776236e-07,157970851581.2785
9128433.123983545,4.564867500088807e-07,153972840144.8065
10433688.2236154,4.888928280748191e-07,168123624517.7693
10401845.54886475,4.944784781996806e-07,166345914221.9559
10321766.28172795,4.84984083999026e-07,167212611669.7711
10174894.34320414,4.712579514813992e-07,168018633190.8519
10376628.48733757,4.830686578699797e-07,168545447891.7395
10265013.8305589,4.791831271756861e-07,167632617837.8069
10997716.41438343,2.87671144200249e-07,252370342050.889
10941481.50980865,3.188774564600541e-07,234419419400.7709
10471091.85085909,3.240130659866416e-07,221964550667.6982
11501952.53886873,3.554434826875219e-07,229222828663.5119
10909641.58308494,3.794586294953779e-07,208145740051.871
11130491.36110217,3.435343768879162e-07,226917262226.217
12581785.01648547,2.852942601925012e-07,290322194093.9686
11919614.70138111,3.319051247935779e-07,248648729809.0345
11541414.50351179,3.199929208244599e-07,246697903279.1385
12006281.94131349,4.108598570940347e-07,217243136180.8203
12227945.87354637,4.232721631691843e-07,216907067325.2798
11871305.52709764,4.204086624086046e-07,211535881734.992
11036040.75733221,4.039917125002588e-07,201944327375.7993
11705359.6716678,4.060401072637235e-07,213470961867.8383
11572090.30909699,4.155883017229709e-07,207795563704.6564
12517095.53999232,3.807643898292343e-07,238268163273.5631
12616644.4078411,3.879419156145284e-07,237191647837.9468
12211753.00704126,3.958659554861648e-07,226505755776.3936
13086997.42052023,2.863745847815161e-07,301219928991.0336
13537418.27734537,3.243146820158658e-07,286786106496.7012
12411485.55429805,3.329854992786812e-07,258349059689.0504
12589240.0436295,3.971130898724004e-07,233018308827.7128
12408090.39902925,4.174482799978339e-07,222144977262.3704
12184792.1978221,4.050364494877667e-07,222581324334.2787
13744527.49675966,3.386541402165275e-07,282895184471.1658
13415438.28340453,3.390980516167473e-07,275880710666.7861
13090438.79052191,3.51979828720144e-07,262588490861.6401
12252022.65712339,4.145440678199654e-07,220374152322.5543
11802056.06547716,4.227107524333196e-07,209537685926.6483
12263242.88562614,4.244668502692512e-07,217124823059.3901
12095195.86154082,3.904635116243335e-07,226408434386.9734
12371361.41895148,4.013979333354788e-07,227353026512.7842
12563600.56240043,3.909847912551949e-07,234967363662.0471
11882602.29631652,3.966604504499154e-07,220106209428.7794
11708154.07862571,4.157607550896155e-07,210180667706.2674
12156343.81400898,4.075923860371335e-07,221132342322.7375
10950901.97907655,4.494519388606513e-07,186635556543.2489
10235869.05930765,4.536040505246694e-07,173383103445.7867
10103569.17253379,4.607275236936285e-07,169373468283.728
11223930.00309101,4.487105222864699e-07,191499412971.7767
11266014.88299355,4.480313024312441e-07,192411672869.8116
10654486.48592838,4.585216248384578e-07,179181282624.9341
12109630.73737023,4.304330988643218e-07,212419212173.6527
11651369.2518211,4.286718127914282e-07,204940133289.9456
11643665.08962659,4.384079902345388e-07,201761081874.7188
10878190.02004598,4.391831369016986e-07,188275092602.7038
10746660.41932102,4.455639295413219e-07,184218613359.8737
10526694.49806796,4.314417328835495e-07,184364479417.267
11190304.45055184,4.337531264736163e-07,195290068128.133
11081458.51040976,4.345454070467919e-07,193155382802.1992
11094676.46130121,4.199578275512308e-07,197838520267.8351
11523954.65012682,4.580654378039778e-07,193932170268.7516
10994277.73172223,4.522176334643674e-07,186610055372.4517
11127309.42904174,4.458579088950117e-07,190659821414.0804
11653184.56978045,4.57117443706569e-07,196377968131.6021
11718645.97806683,4.590838270777127e-07,196916801105.6119
11428636.77297953,4.460914312400272e-07,195754539786.619
11386742.16296999,4.401645915678197e-07,196783834008.1353
11569995.36580137,4.523853192735236e-07,196333397999.3999
11346254.40584128,4.413683630964694e-07,195727440546.5547
12405965.11794575,4.655102833976292e-07,206543264158.2485
11962236.89312885,4.639452709320278e-07,199603382758.1468
11896097.67590373,4.619727351145106e-07,199064411712.7569
12342760.76404921,4.828778788542052e-07,200533732666.9349
12227758.98334534,4.897144023016252e-07,196812020021.8694
11388543.44050961,4.833901977302189e-07,184899735429.8784
24994353.54385742,5.105334682539544e-08,1816180869513.808
31743618.58179748,4.418837824077937e-08,2539711528355.755
25341835.97984987,5.014900847403481e-08,1863501908501.979
17861732.6941144,6.780613276936132e-08,1074181335379.329
17177858.1378448,7.325657013351133e-08,981155759858.4381
20611407.16896471,6.039471053675406e-08,1338982928418.357
20613159.24967859,5.912103940413394e-08,1358260855311.098
18782349.48991603,6.404212128829165e-08,1173382062449.824
21922598.57119353,5.573028549384249e-08,1502557796278.075
25451083.36690254,4.914606826985031e-08,1896911577185.733
22258893.56266254,5.539981006799248e-08,1531668293363.834
23618812.07448987,5.201002101117016e-08,1695118373251.257
20978504.72016382,5.999091578230528e-08,1368939333226.159
17448406.60447956,6.993598590706221e-08,1027910507219.007
20146091.98734917,6.115205279561813e-08,1297926558198.053
15462736.75419179,7.728732691633321e-08,852211723588.3672
14494005.2915856,8.440433642088628e-08,753260583459.6698
16299537.46191242,7.342014877538954e-08,929604977190.9039
11190439.35746606,1.231701521755652e-07,452039951246.821
10602928.17057208,1.316181153378377e-07,409778065091.5452
10775709.40733033,1.285645320349217e-07,423024079237.4685
11497595.94533139,1.150292592311976e-07,486110304204.9188
11520811.21002849,1.17111864338384e-07,481299928132.8953
11513426.53168227,1.148552512657278e-07,487271140039.584
11296990.71687252,1.173179395996457e-07,471396644903.21
10721043.80756644,1.240040770543167e-07,431134814979.8376
11320002.66786534,1.193978727443593e-07,466855131073.264
13343477.01461256,1.514199387147605e-07,469692509732.8275
13028570.93785209,1.473356722908711e-07,467044407257.3556
13043777.24861003,1.408367996310564e-07,481865620456.2032
12881545.12308623,1.365148624867945e-07,485863940966.3956
12866433.70020043,1.430176143191487e-07,470469889703.4279
12693203.84913597,1.341379721903544e-07,484399214586.2178
13216502.23405186,1.596791223992508e-07,449039393201.4679
13378256.7986518,1.558676003058947e-07,461915244361.413
13028237.2169769,1.507175212795011e-07,460019768972.0728
13201221.09384106,1.646525376563883e-07,439442259437.4868
12967602.72989168,1.706123687977703e-07,421553489526.734
13362882.40419641,1.608414067221223e-07,451822899255.4861
10977455.47108908,1.846068759994551e-07,338586601873.6646
11440825.25919279,1.758175298816224e-07,364543397084.4625
11564818.31809403,1.838425576521421e-07,357691081834.9635
11586972.64091386,1.690034789487729e-07,379058481401.5455
11092425.73719959,1.741384503052063e-07,355710550191.493
12187641.36823835,1.602548664946865e-07,413090792638.0844
12758599.74914111,1.377575894420863e-07,478328205133.7004
12662638.3035238,1.344523803360023e-07,482479136575.4388
12835660.16524103,1.433274464282566e-07,468667999814.6489
12838199.04695608,1.337013558983349e-07,490998573582.2155
13156501.15723186,1.27100969196193e-07,520444592017.3651
12741938.15697653,1.303978826829393e-07,495513091566.1754
12671212.12187283,1.473321815919382e-07,454241087414.3914
12760751.03688159,1.409766168892494e-07,471098273661.9266
12837817.93968797,1.465495037739867e-07,461850740487.422
13284651.63887003,1.433507479929482e-07,485009443654.4788
15394464.89523216,1.306325989836147e-07,597948185991.1691
13376328.54990066,1.369982891887241e-07,503338516589.2047
16461728.71803135,1.325264817181755e-07,633296364195.2628
18458897.10840294,1.177091449272548e-07,768538471746.9225
17088963.65584299,1.246102932856988e-07,684982980179.3073
14578144.894291,1.464898865147186e-07,524602674945.7948
16280364.58649611,1.371695412296575e-07,612104636205.2723
15538249.57782439,1.407908252296878e-07,574141830854.1561
11412915.96315178,1.750364911398534e-07,364735095237.1746
11968372.68279591,1.684013543535338e-07,392468420567.2271
11498820.42170971,1.686955632481892e-07,376632261367.6443
14949818.50165533,1.557317342327285e-07,516477222902.5452
15670189.89255992,1.477774378298154e-07,560620323492.5176
14347390.99370315,1.515911995313563e-07,504649995994.0115
17015450.2262424,1.366790363693523e-07,641271845202.8909
18622839.57622334,1.206619290171076e-07,762662500013.0874
17397027.77055577,1.311625016920412e-07,673910043848.3451
18946199.20477722,1.083803304946042e-07,833467081991.0366
19825791.56177642,9.895640719771032e-08,926690241917.0776
19529440.34458126,1.077331725647883e-07,862561689269.3893
17752369.27700046,1.25605949928659e-07,707809165013.6638
18429060.33039526,1.150428676779388e-07,779106317442.4747
19004347.3312613,1.144154356042668e-07,806361678576.7169
19510623.15517499,1.086902414776832e-07,856664502723.7135
19821050.84705969,9.921856337387739e-08,924835984399.6201
18941564.85288499,1.086181023303539e-07,832046723330.0656
13735974.78432243,1.107829396132022e-07,595494235277.3544
13500467.518981,1.097531200007131e-07,588939782545.4037
12961707.32566269,1.154245106344759e-07,546760144473.8689
16175699.40961458,1.217343954467641e-07,658548147410.5743
15951742.61411093,1.143563137570535e-07,677071762618.2845
14438758.31400528,1.214993905185791e-07,588591221670.5316
15677754.52205324,9.924098982748976e-08,731402547371.5676
15299864.42506126,9.914746655204804e-08,714221908963.8596
14634482.68118595,1.054258030337947e-07,655761773367.9757
18632815.87223114,8.019045127054958e-08,1001990000267.448
16827718.42889889,8.933491024822196e-08,842062705135.4944
16307441.52003577,9.211303379300032e-08,799536765522.4153
13514935.73424429,1.326812032546175e-07,519526514793.2693
15543134.99361056,1.263175809022824e-07,617394494302.3695
13841468.69360168,1.260809733563341e-07,550489626497.5601
11886728.6018566,1.666052806948585e-07,392587534094.4767
12403525.0309307,1.563528341708071e-07,427373860064.9263
12379786.95240819,1.660430307254338e-07,409794447495.0472
11884356.8932065,1.807253395535049e-07,371788814105.9999
11758657.9430328,1.727003337451486e-07,379165638058.361
12249079.99224152,1.721380837393669e-07,395839225405.5468
10775809.59295535,1.836415252364871e-07,333530827857.1264
10748054.02637728,1.79984544850495e-07,337162835886.0601
11234948.00575907,1.748523093761316e-07,359299670099.16
13380336.77701116,1.474713532353191e-07,479360157364.7849
15395539.82778597,1.33248723610819e-07,590137052414.0774
13285650.19982765,1.459701030308446e-07,479225814215.1536
11924309.3635155,1.638740600766605e-07,398192515159.1819
12533549.44791522,1.551272186603322e-07,434125611594.7554
12441913.40801699,1.536261194269849e-07,433754307620.8703
12421186.46970547,1.597148396058652e-07,421955094867.4565
13619811.94173392,1.521189898196365e-07,477949658752.6225
14548334.40738303,1.464300115586204e-07,523672631824.9567
12743796.23015361,1.213185203048999e-07,520012857853.5626
13365358.14937478,1.229275472160711e-07,540606326175.5333
12764049.54505845,1.270863847583204e-07,504958628536.7646
15673986.66600026,9.582556821729146e-08,748500114060.594
14915023.52295307,1.008944751364857e-07,688196330091.308
14267364.34440542,1.038498879488867e-07,645762860115.4399
14955184.99031319,1.105827538067704e-07,649132752343.4625
14018122.83218973,1.180900721312073e-07,582390482680.7257
13811580.6619106,1.136283651399017e-07,588733676229.4662
12728401.88622116,1.162071730436679e-07,534505184094.955
13902306.12564868,1.08318239351471e-07,611813589472.9431
12756778.19520988,1.123215009841389e-07,547981300602.7365
12839020.15202431,1.178698081472416e-07,534068335105.6805
13202614.70954662,1.189857332216986e-07,545753699959.7336
14017902.12068334,1.099931433837904e-07,610622234599.4905
11575237.68548239,1.185912228285863e-07,479543732676.742
12152919.05099229,1.187791840952979e-07,502944866798.3582
12180646.8198972,1.148980641497358e-07,515381165392.8738
11338065.04571143,1.212585930076425e-07,462804167470.3361
11222066.478243,1.25572295841951e-07,447517765670.7087
11909869.96049836,1.21448213761324e-07,485638301854.3589
12268546.82384185,1.318715833487503e-07,473542516388.3422
12626217.26178607,1.325877854595654e-07,485591318187.0778
13327507.036694,1.255193831567702e-07,531628664875.4244
16875479.89549878,1.076298475104264e-07,745820497990.2245
18476403.04867258,1.081101258069941e-07,814153908867.0231
16755858.16227922,1.014751320383068e-07,770182403556.4598
13995018.37303495,1.190495318473396e-07,578302422657.2556
15485155.91214688,1.119100851237041e-07,666811014575.2024
14337752.74166598,1.119394787400623e-07,617294252138.647
17223261.16173708,1.195105147380121e-07,709868615489.7504
18598463.48746603,1.126158710033352e-07,797524437940.8911
16992141.35896669,1.121367631004933e-07,730717376771.7487
13472834.66366284,1.943501856882844e-07,401546341714.0722
13030102.21942718,1.892295801681848e-07,395325782119.874
13708624.46537313,1.880234277987948e-07,417688548739.5822
12847629.13750301,1.160211423794098e-07,540088462789.8293
13384037.42192557,1.103495283944374e-07,581755040219.0179
13269226.49185896,1.131683537577622e-07,567146959596.5522
13500968.42119897,1.200545097801951e-07,554769532945.6804
12876223.70751509,1.184458303308907e-07,533877963938.2819
13298286.18422212,1.155947156913142e-07,560407175591.248
13367332.00303506,1.206077793793091e-07,547597160079.6678
13702339.28744441,1.13495779132156e-07,584531935180.7793
12929034.14791533,1.181380814883041e-07,536998171143.7508
16192281.26886295,8.611494311196143e-08,830339490339.755
16303245.51541902,7.640562638093252e-08,905434784827.6699
16196205.76010714,9.08299024621362e-08,801544035853.1221
12917278.7585544,1.730971513364162e-07,415889304216.912
13150445.40052263,1.671433215377654e-07,433392219347.8881
13159125.65200364,1.707983573756327e-07,427468949707.173
11956762.67757531,2.013150980934158e-07,348093604902.6266
12028819.70899989,1.920457441191908e-07,361370938891.3065
12392763.52571126,1.914359329601343e-07,373094794707.5749
12083674.14106835,1.816640852326443e-07,376720818468.7868
12451419.9644138,1.730760205931102e-07,400922977650.9373
12561662.27148984,1.764595416499013e-07,399285631091.54
12609487.90397125,1.623633687789358e-07,423680764373.8237
12633445.08961568,1.526774982779383e-07,442254004106.1591
12799803.24606907,1.518949295289169e-07,449615328921.4283
12767851.04370715,1.634654488495759e-07,427071404366.3411
12959353.28476193,1.529909909040904e-07,453042999830.5334
13273426.73869583,1.570787625342492e-07,455936900950.2717
15305415.42779264,9.763006256420425e-08,721865152149.2051
16428465.37786317,8.593032912062339e-08,843657192499.7079
15477395.52166576,9.743860976176558e-08,730932313362.5393
15774762.53884682,9.410340987935668e-08,762475552617.2529
17407751.33756763,8.333210693911779e-08,912433242253.9371
16914599.38041561,8.240394537812827e-08,893229475170.3987
15258152.44726301,9.783923529530149e-08,718609989257.8053
15761546.27995368,9.505624994934311e-08,756737118335.5388
14350908.31100356,1.030885602165122e-07,652738266304.2179
19117617.95531679,7.736303132146356e-08,1052958996407.696
18159772.45026923,8.080429184583074e-08,971599874336.9076
17288593.89600888,8.651309083115306e-08,883836204365.9204
15293655.24865983,9.597056213451761e-08,729601867517.4364
15623331.48415202,8.506319489089831e-08,807754129883.9625
15176267.94124242,9.121346871631524e-08,748960656477.5011
15658606.44913418,9.631956485891121e-08,745206728944.6136
16436026.52055045,9.125264205645623e-08,810898570837.3552
17285720.25399379,8.554425667500832e-08,890348932453.3077
13992591.17575269,1.102146906440164e-07,608702597194.5377
14754611.55730246,1.044376370811567e-07,665308525759.6028
15143516.45075643,1.071698601652792e-07,671189196799.8447
13657771.83511623,1.102900808461481e-07,593866576173.8728
13774247.97162865,1.074691296882587e-07,609366734885.2494
14410741.66555946,1.045097742255435e-07,649503845165.5792
16799006.95246572,7.39500761991878e-08,953508405696.4233
18625260.36724009,7.634433557925252e-08,1034946275664.795
16300373.23376387,8.827237676437837e-08,822206681787.3394
23688243.88488739,5.801783157204048e-08,1580611741599.02
22241872.35693866,6.552976340755659e-08,1368397516851.478
27784733.1717529,5.020944422131745e-08,2041499546080.039
14707046.01883247,9.358575794281371e-08,713486253297.4475
14013543.76927133,9.295604994313251e-08,682909048678.2517
14564893.47343605,9.992870307102739e-08,676363991807.3683
15097341.41705601,1.001395972738498e-07,700105113115.917
14980711.4079012,9.537943082734154e-08,717622345521.511
14837239.19062351,1.017285013364742e-07,680860281953.0314
13470109.50919704,1.191386594232366e-07,556334492855.7809
13910333.77407705,1.184819942753752e-07,576637188071.4272
14293491.57610591,1.101501296825736e-07,622035238323.9127
15462788.9997036,1.051784805775729e-07,693963402846.5646
15069779.30032776,1.024460647285609e-07,688298312929.8239
15240434.10290103,1.022500397402462e-07,696982189644.6698
15950784.80127829,7.960509539233366e-08,861962048126.5269
16610023.88895235,7.413489232463897e-08,941214226611.6543
15499026.66704888,8.575300198393297e-08,797024253458.6274
10779041.13104541,2.907993164316633e-07,245575219885.6499
10716379.15076683,2.785717413582144e-07,251240721221.9907
10672232.37409559,2.905202939459348e-07,243297486876.4454
10692641.05885251,3.079617817039509e-07,234469904133.124
10773086.80570501,2.981464469748353e-07,241390625697.6262
10666307.62677892,2.978679192270496e-07,239147007369.7472
10634831.66971205,3.428422214949307e-07,217103964037.9889
10655931.11923349,3.371384366571736e-07,219981364778.2378
10537187.63902868,3.343085988532273e-07,218755853200.2194
11248913.05487725,3.487568080524316e-07,227036368005.2255
10781427.10290495,3.457470480554079e-07,218862117601.7416
10683110.84376272,3.372122697905605e-07,220510270590.4637
10577387.55530012,3.66412563996106e-07,206568856757.1646
10706305.97622756,3.593920199519186e-07,211800687023.0689
10652961.97494013,3.537086739029254e-07,212996877508.9473
11321540.36411145,3.11641769638182e-07,246302268268.6579
11081728.24193825,3.265025837197533e-07,233713113367.1663
12008760.21699618,3.123334812808162e-07,260867000900.0826
10539544.29999666,3.288088338228277e-07,221237894016.2555
10658301.02085786,3.316381089719715e-07,222456463320.4486
10644303.46799433,3.208458085678684e-07,227118756107.8177
10966383.63477622,3.505591259074381e-07,220574811330.7277
11608136.83220671,3.36795339695781e-07,239801449069.8405
10933767.6829205,3.39170057384912e-07,224814769123.6
11231317.26139401,2.775466077876691e-07,263961191180.4019
11039656.74786134,2.592130348119117e-07,271550753632.2371
10955057.07423058,2.843293638963748e-07,253357346705.8145
13552171.23900049,2.642593438644656e-07,329095526634.8773
13817575.84066668,2.375735324135431e-07,360218892701.6818
12692178.96084924,2.471029812118604e-07,322317730937.7746
13659826.16474806,2.739739981714384e-07,323821445813.504
13295060.95282216,2.754255954797595e-07,314065911819.5493
13738389.2084551,2.579519971567687e-07,339033973254.0496
11690406.23295246,2.796621613260849e-07,273363460175.1481
12277735.25377828,2.928892183792014e-07,278387250075.6764
12023692.75228464,2.612661195813339e-07,294204384001.0869
12570448.6942351,3.116496236236053e-07,273467912406.014
13003067.78011244,2.888521748221347e-07,297574284831.0385
13363832.4249095,2.874247022308401e-07,306842110426.8159
10903961.26695078,3.696351055164698e-07,211707133965.3612
11066342.06064174,3.621761618861276e-07,217799819466.3319
11622516.38740993,3.451652890543405e-07,236201194962.6969
11085243.47514533,3.696223985402883e-07,215231772580.7781
11252904.95021313,3.914208097925668e-07,210298113329.9302
11363368.0840699,3.605892911170054e-07,224301334842.035
14493060.49293105,2.525784958980052e-07,362712500320.7599
13689898.31813143,2.688604534369778e-07,328636354646.0393
14402512.43866571,2.613293167375498e-07,352354241446.0942
11995401.62258901,3.254290417734531e-07,253538502984.9833
12768361.66342907,2.925922175105894e-07,289707671338.3089
12766993.86528723,2.92644691961607e-07,289642007491.2056
11732101.92681502,3.429411100782765e-07,239458060838.8113
11877629.83765756,3.330048343285064e-07,247227111225.473
12533725.02025333,3.041851230495511e-07,277111691370.1708
10926910.89636981,2.573974004368813e-07,270039915851.7151
10779898.0214282,2.70288641229677e-07,257867210573.5249
10842745.16428603,2.825153634028809e-07,251832167835.272
10939384.19536575,1.818323766730405e-07,340835951717.8635
10629194.28151844,1.823934768352321e-07,330491892875.6802
10472643.16559377,1.887066683736979e-07,318320646318.3973
11062437.71589903,1.735512323006844e-07,355548652781.0467
11464617.48421195,1.666558675161766e-07,378569681793.1939
12156206.771319,1.596702037731957e-07,413030534096.0103
10380080.92964485,1.901188419546585e-07,313942876164.0656
10535941.24525423,1.838009424463129e-07,325917878064.6146
10563421.74658423,1.874581611124576e-07,322503959588.8188
11125426.68038826,1.774360176215069e-07,352334757645.3036
11210244.32057682,1.710973196137738e-07,363735989387.9234
10812591.35023362,1.7799113078102e-07,341715135142.0795
14518259.58759622,1.917760534375547e-07,436567738788.3574
14046627.00785327,1.873155321267075e-07,429064770195.1687
13103201.96546801,1.920227877490796e-07,393679005365.0693
12384354.95099173,1.637598571594511e-07,413747221564.6935
13080745.09308028,1.564534822715349e-07,450514728001.7728
11906631.37487421,1.640429521275037e-07,397329237705.1196
12518594.31323205,1.76722001587382e-07,397522594029.2628
12224298.76199445,1.704132228255793e-07,397699546390.8005
11662864.46296292,1.770405909491671e-07,369904823855.413
13133412.45039983,1.734496432882997e-07,422274940435.9949
14126047.83206072,1.639674673355375e-07,471536751004.9507
12831934.27192951,1.671449991740061e-07,422892388121.3275
18154850.24418326,1.280337649219942e-07,714676760092.4326
16593230.23369855,1.292246802561119e-07,649183233828.2737
16996258.65698368,1.403763850634662e-07,629251069226.8258
17910195.05778044,1.471770774556254e-07,642500592588.718
18655300.7495592,1.33861183117145e-07,712906348398.8944
18111184.85918591,1.515400852800419e-07,637179573956.6384
18533165.40526763,1.154881692462915e-07,781492121089.1938
18769137.57731124,1.058354240012763e-07,838861536699.7368
18914629.42542128,1.183832143269436e-07,784520720583.5938
18985784.89818411,1.153118991192993e-07,801393482874.5682
18424489.66758529,1.152656064591126e-07,777909319185.8918
17747883.3186128,1.258078594618022e-07,706872982457.3811
21913678.83503265,6.548827460257697e-08,1348775266789.497
19928766.67593745,6.30853440529547e-08,1257558234180.886
30243337.69222651,4.490666873885095e-08,2393807145991.021
16654671.34571085,7.983685125385177e-08,898256703384.0236
17067909.29205163,6.977676928411499e-08,1007023845716.364
17775472.49868881,6.602803555098854e-08,1088100231722.358
18433234.37071993,1.044814084879783e-07,830951225372.2936
16710762.93082678,9.313509732364282e-08,813306099943.6346
16714749.75490543,9.784965439669992e-08,787155162736.1263
19730155.34482355,8.65606200163131e-08,1008285679390.128
19935413.34047149,8.005656482779919e-08,1073232817539.123
18090264.60779177,7.393411403629057e-08,1026947725476.122
21856499.05426759,5.997036569813706e-08,1426558109773.071
19676835.93602685,6.406874985302219e-08,1228922317777.729
25382132.18445928,4.31914411777029e-08,2061878030312.757
13669276.69271121,1.049827352142347e-07,614233660037.5378
14013081.04525118,1.004186653515539e-07,648620499729.0511
14301548.77921482,9.798006576670965e-08,672911453844.949
15641730.42170895,8.169555928584931e-08,830779611667.4906
18040261.51537904,7.508827470038585e-08,1013587886849.009
17481100.64221415,7.354352136255281e-08,995877283630.6165
16628143.22103524,7.197930317729777e-08,960960045713.5958
17495497.51373254,6.811001256062515e-08,1049024561261.266
19263960.58636429,6.317814494064931e-08,1214416523879.097
17212911.8529841,7.236782398668844e-08,991190966539.5654
16746347.98258441,7.273674582157855e-08,961060806954.153
20208000.55871737,6.279586068921277e-08,1279094604546.046
14408701.2086893,8.697784636416679e-08,733982551003.7985
15111796.01382114,8.759148926332642e-08,766198814487.3517
16209068.46245278,7.598502858310133e-08,903523326110.8895
19093800.2024675,6.322116111510561e-08,1203143406207.272
21933390.35648276,5.581488938285003e-08,1501777946341.441
22258976.53545178,5.490039176378407e-08,1540948872135.018
11620899.66058804,1.149358427146697e-07,491589685198.3522
11444351.97887852,1.176311392914574e-07,476697642523.4109
12046372.32981771,1.139362087722032e-07,512564400377.7217
11682783.08908403,1.091285672592611e-07,511588387294.9838
11680732.63540632,1.128080890224506e-07,500314690573.8475
12107289.38853708,1.118025267663501e-07,521689998140.9526
11538395.68716174,1.094173963069743e-07,504376113407.7867
11524694.92254052,1.129288695298446e-07,493279178310.4533
11536357.94420353,1.130908668232367e-07,493306722780.9267
17645079.91472657,7.51539103546302e-08,990807399606.8494
19890613.68498023,6.543584350247846e-08,1224910561434.733
17002907.39058682,7.574918437951026e-08,949739604676.5431
26146901.12050407,4.949854247634344e-08,1939509675767.513
30139468.69491736,4.391817270883048e-08,2421248793816.691
33040840.86518283,4.262293274904255e-08,2707835049765.822
17888920.68270308,7.164762181309272e-08,1037010018532.283
20847998.45748531,6.133812378853782e-08,1340429697454.447
21389611.17443479,5.877143412531633e-08,1415007356337.706
18206129.41514073,7.516464801054435e-08,1022214114940.439
18717629.83392725,7.608864102159498e-08,1042407760537.05
21052102.72078624,6.512573162814264e-08,1300550050455.396
23835780.557546,5.263648151025946e-08,1697089752397.993
23263842.72500976,5.519069022741174e-08,1604861540154.627
27654226.27116354,4.706478688373866e-08,2121440135479.59
16068954.82492661,9.23726484337571e-08,786367155968.6387
16175573.94796247,7.795576252113779e-08,886395515389.826
15686350.53186663,9.227992257787352e-08,768157782065.6414
13974799.81106687,1.061133854531448e-07,623493813045.1914
14214390.8446717,1.071441067524756e-07,630109547937.8239
14870259.88116767,1.008664912958307e-07,686257782571.2765
19335180.50505664,6.173982704704265e-08,1237764317030.67
21661361.26787382,5.999484958316009e-08,1413436925893.343
24722414.27422681,4.566550182292898e-08,1935079104317.786
18284731.28012725,6.913889371460554e-08,1085442856253.021
20139530.87442931,7.526492495894564e-08,1129763643273.631
20548660.03639466,6.73947167058009e-08,1240793774219.061
19187437.7851759,5.75376883989136e-08,1287405552871.728
18452029.54913201,6.127066138625636e-08,1187250685978.506
22448769.57744113,4.588334064717247e-08,1751549930562.985
16667565.60763195,7.023549931317068e-08,979116547675.2235
16555366.27607702,7.994532002689122e-08,892092928416.0559
17672875.47380792,6.614830320748991e-08,1080508228100.688
16938369.50919127,8.52930717039906e-08,874169733863.361
18962044.16090539,8.786568175589664e-08,959413072386.6244
17355090.697811,7.524234291396876e-08,973760187127.5991
19122001.053572,1.03740398993099e-07,866100046252.8984
19415256.31570255,9.496655021775584e-08,932744478914.9904
17366862.39774121,9.241252206733591e-08,849638430465.3645
14794558.62219321,1.075088748039417e-07,654343514115.2269
15959747.82232765,1.074795885879125e-07,706006492043.8624
15843422.78850708,1.013244186835994e-07,728964307757.3177
14382252.79716416,1.466355008965481e-07,517210698955.999
12982817.1950477,1.529398924856643e-07,453964356406.2729
12267762.25325398,1.599270006391259e-07,416374530481.8423
18506073.86621703,1.191430905659874e-07,764307961780.4196
16506281.95539765,1.3395268183439e-07,630495005595.4965
17270899.04070803,1.303332971249677e-07,671858821945.6571
15928978.33052707,1.316505155866985e-07,615516281485.7479
13877946.73513818,1.458687083903597e-07,500822453319.5571
15323608.06657608,1.395676409384695e-07,569514182328.7395
18231505.1104641,9.697583422916703e-08,863734315245.9674
16696007.88807667,9.773041777088756e-08,786911944926.5022
17974515.41976652,9.076178295990668e-08,889996936568.6781
19575306.02335759,1.065412036037789e-07,871024078992.1125
19197140.6506596,9.999897918514319e-08,891058400861.9664
19886245.83533995,9.707071261470046e-08,941515177387.6023
18810984.34319969,1.077690293792073e-07,830645164108.0427
16895853.52812202,1.019822390757919e-07,774040658959.2968
18440311.61198795,1.012269522797266e-07,848993075449.5314
20059186.87582138,9.174572889905104e-08,986104076404.0408
19367065.40997522,9.467513744857698e-08,932337579991.7822
20266144.88565589,8.524308865872431e-08,1046321200182.153
19646420.53366978,5.78592750536247e-08,1313312599259.963
24829233.27702802,4.684723323586213e-08,1910618642195.646
18585663.94854401,6.196097780574956e-08,1186950401855.379
18651240.61139888,8.03418197959167e-08,1001720623268.243
18113688.77957624,7.335731886908748e-08,1033660534301.845
20207303.65901409,6.92565376366465e-08,1198214351793.837
19051078.85537683,9.358063222779021e-08,924263050203.1765
18788356.06736652,8.736642504564983e-08,954243196049.0426
19942877.17257121,8.414875351624352e-08,1038538711885.352
14987600.94779132,8.972374828218953e-08,747814443657.0557
14830962.63165806,8.561374217624027e-08,763496446933.6989
16303197.76130473,7.849750758704548e-08,889273911542.3839
15997318.49019339,9.706936916736207e-08,757400730666.7271
15399316.97638157,9.433474060609762e-08,743110992094.6962
17249287.52339916,9.009969412984419e-08,858266741526.9711
15172126.57004379,1.008112754541872e-07,700444480554.1354
13951215.48110215,1.050795736290204e-07,626517460106.9001
14589901.49280651,9.80808805510089e-08,686008434687.2902
10642741.79112543,1.416068587068219e-07,391739471499.2856
10671957.85084368,1.433222418824053e-07,389674248080.26
11450607.34121393,1.518319216083046e-07,402333748257.644
12146533.42509495,1.627247898218057e-07,407520884370.7258
11187061.15986062,1.546055629935707e-07,388358308933.9679
11861341.7852692,1.583103919959087e-07,405316425680.9562
10548429.35474068,1.329989918139394e-07,404845111383.3964
11134449.08120407,1.245531995704552e-07,446442441623.1042
10556785.39397875,1.340879463015435e-07,402969212762.9794
19420575.56095748,6.32994205182598e-08,1222725418656.823
20586827.8594041,5.968818845364406e-08,1347919121754.455
21461868.20033127,5.863214180324363e-08,1422035213327.516
15887558.57911029,7.635041506287985e-08,882774060405.8988
17506521.38871489,6.929324533342621e-08,1037701849522.937
16565331.56685932,7.196032102435667e-08,957498432357.1584
16543686.85422098,7.426421159226637e-08,936366607883.8837
19324335.61726756,6.359392704492947e-08,1212906924133.12
18194938.9913917,6.720168574313533e-08,1100771454461.801
12850189.61417754,9.805769702292122e-08,604303454052.1659
14356836.52843473,8.657263752146907e-08,733620833658.5767
13579404.80391255,9.426547032573605e-08,655610110465.6351
16877899.23123968,7.345668153820364e-08,962271270467.6471
18980183.3348771,6.514948188625984e-08,1172266692465.136
16225372.01008839,7.583287455630776e-08,905641503510.5715
13462340.0847605,9.052046647825656e-08,667763538627.3671
15172910.2009876,7.964554923143779e-08,819648936762.8475
13419835.42979655,9.089833082996724e-08,663809175485.6497
10665148.87622819,3.108371203973719e-07,232422590591.2424
10638849.34017919,3.007433031829548e-07,237008550993.8031
10662917.2425559,3.09647918762517e-07,232968531244.3608
10949836.25609297,2.254034846465071e-07,295642732481.5284
10789190.21427195,2.321211316232715e-07,285657565339.9011
10950242.35878738,2.383452249812313e-07,284852101372.1262
10878784.49833464,2.396043543815808e-07,282000948813.0834
10906097.75290265,2.40394675344293e-07,282089003528.4333
10812386.3571764,2.555137448615326e-07,268521281480.8796
11116207.62592456,2.161252317406116e-07,308664252487.4186
11512919.74661412,2.132970360130764e-07,322499414359.1058
11092680.91557629,2.272584492848815e-07,297867528037.3095
10917846.94591489,2.308524615929486e-07,290121999473.6042
10968579.04483773,2.205126666306564e-07,300511669957.71
10945209.16267632,2.316467947234936e-07,290183825563.988
11032898.97930782,1.985878179911034e-07,324131499988.8676
11586039.92321227,1.945431381738303e-07,345083670824.6606
11118569.64676109,2.066418705910586e-07,318104664794.6447
12340865.55991398,2.40053392658009e-07,319502103955.56
11593802.90886877,2.534421509616976e-07,289494299289.1083
11679548.88603511,2.550184328446728e-07,290432371077.604
11931996.07541498,2.329932155626978e-07,315126010804.0837
12427620.24303124,2.349313002977107e-07,326407943224.1251
11763951.20663989,2.499055658775759e-07,296507667648.9175
12914602.47224942,2.202736437038277e-07,354083768425.4921
13871152.1114869,1.99454886967862e-07,406333609854.2413
13832393.2582544,2.060751991105786e-07,396472901207.003
12818858.99290732,2.269640422286853e-07,344517535557.1089
13114116.36657935,2.142556618901811e-07,366255505312.3585
12518110.06527225,2.287644049642213e-07,334667186056.4059
13948842.86510981,1.896034363095026e-07,422643355682.2509
14044612.33975218,1.91990980813815e-07,422009801693.1374
13646671.22276287,1.994389543683167e-07,399779084916.8698
11086687.9225403,5.4272096318788e-07,166629065292.2794
10844292.49032953,5.524338783395814e-07,161069886771.7346
11546232.05632684,5.229482305237783e-07,177883015534.9948
9927267.347079417,3.038144327360991e-07,219663273012.0364
10197036.85406291,2.900086319058227e-07,232737682711.8697
9937090.820122119,3.026840770625324e-07,220427720222.7949
12301889.64080199,2.473751406361153e-07,312177158989.5998
12054980.26402556,2.538699382582751e-07,300671537769.7126
12427946.13592784,2.494075460089129e-07,313660359688.9489
11352666.33471577,2.594956457834112e-07,279047299358.9174
10785955.57560042,2.627655215869016e-07,262913593430.9214
10640443.0420425,2.721217708772314e-07,253386915941.7055
11728847.96913897,2.073491930981538e-07,334801290902.2451
11928948.12433258,1.984793189701643e-07,350583906420.8398
11827877.70864799,2.041438650913261e-07,341153059321.1671
11258193.21112921,2.197886099475262e-07,309123419896.8573
11334232.0540426,2.117633295112773e-07,319025155416.6022
11495709.93054341,2.131319453071268e-07,322183600711.7011
11666126.54092269,2.542086282364128e-07,290714364641.1973
11784521.8675221,2.441481071969642e-07,301677596148.6816
11369165.65440886,2.458175250826427e-07,289725485876.9591
11684906.44962967,2.340304340610823e-07,307687850376.1818
11262386.9167264,2.231852676547598e-07,306093020925.9318
11281154.93397081,2.26249831257673e-07,303828181665.7018
11554256.16602615,1.955024576927924e-07,343010312913.4937
11788138.66581715,1.892868398401241e-07,357573195312.4004
11578955.74255426,1.884013007488355e-07,352327705904.1536
11330943.56732165,2.049934452186386e-07,325916309233.6147
11412194.44470102,2.00646048939723e-07,332977908629.9775
11324701.6403906,1.98440321566232e-07,332869104408.4856
11635440.5497014,2.080193734722077e-07,331421217845.9966
11845449.51358169,2.11602741449997e-07,333583083982.4313
12647219.97293286,2.006168697463334e-07,369048495452.4072
9821776.599432409,2.572532953150884e-07,242819049046.4943
9685096.123193786,2.554345636853863e-07,240575184157.973
9823208.412998354,2.498866403517606e-07,247604195663.9168
10600293.01624487,2.382545612901825e-07,275818708842.7551
10623379.73152195,2.402525133982043e-07,274884812618.4899
11106326.22064031,2.307337766415475e-07,295231692245.179
9995463.279527739,2.529263756149904e-07,249923358048.1716
10346443.76396164,2.457960009806335e-07,263678403030.4947
10323660.11898975,2.438080796661058e-07,264525961822.0875
9747714.293159228,2.668482253073364e-07,235176133316.8457
9743737.792869313,2.602603852813847e-07,239030622700.1796
9654569.303741857,2.594309803156845e-07,237347692170.1151
10212825.75504676,2.620118420454223e-07,249420402295.2606
10318648.45323582,2.503478045935905e-07,259772769917.5606
9968143.8036638,2.574763712206793e-07,246295252998.8454
11034743.66112254,2.236983693204298e-07,299447278260.58
10954529.86903663,2.299691098850091e-07,291841741155.7532
11688229.65057674,2.224349019024056e-07,318380734927.5026
14036906.57073527,2.212056136239195e-07,383772613685.3068
13880026.14992045,2.199476546993459e-07,380929021115.9263
12951084.34498377,2.284580875493384e-07,346552024660.5778
14525160.64986088,2.146770603350016e-07,405132593914.8996
14877783.94864603,2.023427214219522e-07,431664688209.7364
14365567.51799041,2.134195263970909e-07,402253674318.5074
14229110.44760755,2.10407167639633e-07,402226546605.9626
13206212.92930408,1.963612928018846e-07,390907833519.9367
14578143.34226124,1.980738956077027e-07,429026436483.5689
10213419.08697412,3.087248249217903e-07,223592269427.3027
10070101.53647975,3.129194145552302e-07,218480246363.7049
10169950.35700745,2.98452364920654e-07,227720511133.8397
9852065.63994904,3.33642444227135e-07,204804628490.4285
9831709.944191517,3.300239819626292e-07,205872682853.3766
9794771.772237863,3.237953584750164e-07,207721081454.8944
10450914.04055462,3.465162001531754e-07,211838672755.4431
10397839.32513394,3.537078332076261e-07,207896247408.919
10100285.6517211,3.465323681208405e-07,204725112690.9649
9872713.570820248,3.379279410104394e-07,203495028005.0719
9877252.80455015,3.409355584204283e-07,202389496586.9938
9852336.544499232,3.343094270651981e-07,204537757231.2276
11394261.32175448,3.953473127981106e-07,211527570541.3666
11269692.20261596,3.811789532149784e-07,214367748238.9843
11669206.45744818,3.896492609029383e-07,218738595456.0343
11291432.26436393,3.751464495569193e-07,217077664225.571
11481826.31624355,3.712163640501123e-07,222293227425.3792
11691328.32534664,3.836166944376507e-07,221444819277.4312
10367645.04809139,3.599011968912548e-07,204907533689.218
10320736.06294383,3.673307396032531e-07,201220623150.6896
10079768.99364065,3.566833897170773e-07,200414276675.3046
9871801.885448178,3.359530365757671e-07,204272882416.8755
9940917.998729816,3.248107916629003e-07,210380843178.0043
9864854.907525621,3.306858444682996e-07,206291008456.9536
10657131.72395951,3.035219269207029e-07,235964654003.4432
10279760.23530407,2.971489771730518e-07,230851920660.2648
10179372.47797322,3.116222558412105e-07,221463433115.6028
10660679.69927233,2.984933703008007e-07,238686818309.5378
10193246.19004081,2.915069748175801e-07,231853263466.6818
10283244.83241694,2.9211928518889e-07,233573385968.2041
10507982.37791143,3.113930118998747e-07,228724890150.6247
10714984.47702167,3.07084472744836e-07,235407145485.4145
10235915.36801041,3.151815329329437e-07,221013860615.5767
10511505.44039651,3.063662990498831e-07,231297493196.4712
10249827.5454502,2.95069184976782e-07,231260070479.8932
10718542.06867754,3.020566837369119e-07,238091239983.5129
9987552.679396873,3.353626806392363e-07,206910530758.5209
10019882.37187215,3.329552216668232e-07,208579714988.7703
9995158.609030345,3.25150324785414e-07,211381461050.0656
10698059.39064817,3.171827930668888e-07,230019819587.3058
10625404.03490778,3.058852597491053e-07,234048800842.2035
10582951.47070051,3.115558078273774e-07,230276473671.5903
9926060.574224522,2.735357106491838e-07,235559649567.2399
9811568.234054403,2.63788467401021e-07,238543667495.9543
9815558.550013009,2.70370809318402e-07,234751558363.3951
10295099.49457895,2.859637478577012e-07,237186460683.5657
10075524.31577951,2.812633210505994e-07,234706754712.4881
10079871.48052445,2.868252468866034e-07,231762630144.9472
10134561.58990433,2.676367797910625e-07,244028810203.536
9890824.674485266,2.631083570377391e-07,240884806599.1509
10005777.17238792,2.728538720561495e-07,237846854787.3367
11543025.67409345,2.538092578686035e-07,287948412664.802
11387205.88564741,2.493747456607093e-07,287419034540.459
10971522.84885402,2.570781163662243e-07,271366878558.2724
9657193.540915208,2.525814427333078e-07,241685154947.1896
9709622.42403397,2.458269065158981e-07,247428315186.9416
9795107.442512792,2.470292381286625e-07,248796136206.5575
9641050.504725669,2.547084071591429e-07,239936049840.2464
9730156.68648438,2.555412095256744e-07,241627226999.9497
9693435.608600963,2.479552414614785e-07,245600285668.5838
10001206.32923074,2.862694050836216e-07,230251479817.8992
9885979.55985745,2.775454064419246e-07,232343402825.9471
10090355.02921781,2.868849126684423e-07,231971505465.308
10105130.17431227,3.311826656971704e-07,211104187186.4995
10387362.7423759,3.385056918869959e-07,213859221235.5443
10188959.02758913,3.369965543982409e-07,210400213181.8701
10504022.1607805,2.868113168384582e-07,241522784509.0729
10490957.93397034,2.976616811773036e-07,235324164494.7291
10109226.51883919,3.00824777215663e-07,225169134652.6422
10333476.9084263,3.320286300707877e-07,215507696207.408
10411657.94195478,3.367448220586394e-07,215106041033.8235
10081472.99858584,3.273454739718153e-07,212252638472.0092
10185599.9903908,3.224964273513171e-07,216589140550.693
10276943.56773904,3.284702442591925e-07,215873806481.0031
10025634.20711272,3.237797055079353e-07,212623912744.804
9918961.718194287,3.114872659668051e-07,215860253589.3636
10095911.74825535,3.18251461068288e-07,216586778418.1503
9936654.596540606,3.195330021112558e-07,212599895770.51
9847279.844083076,3.10725263018444e-07,214650499705.1475
9857063.671291955,3.095949540255983e-07,215386417507.8332
9874701.282774482,3.176528154633649e-07,212107240617.5303
10331699.45149037,2.849667408549021e-07,238584548422.2705
10464068.46795859,2.836384851784712e-07,242395080337.531
10070031.57256079,2.976516530743557e-07,225887379015.0292
10571173.0922764,3.073048807665537e-07,232136560511.6246
10643643.11447223,3.185999232395304e-07,228170691982.8123
10367294.52851539,3.1723056975802e-07,222885636817.4344
9380780.052811157,3.621998034589644e-07,184617761074.3639
9348926.851221686,3.579223382824378e-07,185453866553.9661
9040251.584490808,3.672918248670301e-07,176267810018.6211
9685547.876094887,3.811432827107007e-07,184246259093.0539
9518172.650038313,3.68836466879085e-07,185067862676.0126
9387358.724599436,3.77228311558171e-07,179807261887.6084
10290267.07149996,3.498997684215633e-07,207235526978.8599
10304511.23758668,3.414471555048328e-07,210933259848.0642
9818992.247254003,3.554279024908857e-07,195688770542.0523
10650980.43305579,3.262066412191416e-07,224764501361.5749
10507664.20355891,3.317856420352606e-07,219247404138.461
10466720.9684497,3.308037543472077e-07,218825045094.829
9879003.593821045,3.391425858818363e-07,203138196287.9126
9846902.166659497,3.415486930528977e-07,201526055506.4827
9438325.996082667,3.498950095286452e-07,190080022526.7526
10590963.98095988,3.26671688632404e-07,223285828101.8281
10229761.12274818,3.326393600035329e-07,213083457439.9545
10448053.47253081,3.322469016086936e-07,217801781087.1704
10600484.72763147,3.229379527248892e-07,225205849236.6457
10485904.37017241,3.173131782115622e-07,225396492430.2401
10239118.14619502,3.289080008678585e-07,214888378523.8347
13734292.13253697,1.53091918868608e-07,479922859252.9468
14360536.30421403,1.405562748096372e-07,531215208549.5153
13872967.68750449,1.429598572724352e-07,507411108510.1654
14178383.18889221,1.288213931631266e-07,555863360274.5012
14140288.83266028,1.183995329366993e-07,586441849073.2472
14505132.58884837,1.308082491645411e-07,562900474105.9796
13920173.16679365,1.546026657135675e-07,483244202692.2722
14052777.67455235,1.40511861541887e-07,519940343946.457
14095245.46036072,1.530601008176936e-07,492604052003.14
12225620.86312541,1.205206145896778e-07,501068034990.1136
13250196.50615951,1.134646208841986e-07,565347324885.7245
13534712.02112312,1.25774279797298e-07,539164298299.8716
12137232.63436151,1.729370536125831e-07,391015799357.8582
12610832.56811167,1.723618110499088e-07,407176833396.5392
12202575.25923183,1.611447882959174e-07,412072834809.5308
13322705.5283336,1.757993652320889e-07,424535710069.6712
13537380.97536282,1.791717466310732e-07,425946413977.7393
12793957.99444644,1.711016802060536e-07,415115297190.239
14030373.0623748,1.594894654799446e-07,477069022245.9769
13794577.51821599,1.662296318098455e-07,456284912597.2426
13855705.37281776,1.610285337850543e-07,468123109226.1517
13625966.23362834,1.799641179837086e-07,427474316805.566
13748790.11053784,1.813786709323212e-07,429082041807.3933
13532438.22414474,1.780126260131052e-07,427637237408.7795
13508141.38489792,1.63725628001735e-07,451354545984.4776
13315450.89028924,1.71938911599454e-07,430632128410.7629
12786848.79357815,1.672392494836115e-07,421248198255.0558
12440761.44297529,1.919414259647028e-07,373881937361.1838
12881396.26985653,1.948729025093659e-07,383232181602.8425
12741563.29790703,2.051447214602983e-07,366310317857.3725
12385070.90933251,1.584757089082817e-07,422918511809.6094
12796344.71237653,1.696802315966082e-07,417508285529.7775
12873392.69241321,1.622301402324358e-07,432784788889.9612
12169690.34833521,1.817301355964184e-07,379310525577.7124
12158197.25199685,1.869496163647059e-07,371865709325.8442
12822180.19842826,1.904442946447893e-07,387361599133.0355
12779010.61632917,2.498406823277979e-07,322147767540.6503
11995896.1203038,2.585343810211868e-07,295588245152.5834
11356427.37955425,2.715604230905155e-07,270809613277.1599
15374039.51975103,1.978916796742707e-07,452726903368.5903
15323040.10200084,2.072685637776812e-07,437511338665.8868
15011152.3043066,2.046166707821423e-07,432301446363.1414
13466265.65901777,2.359319038412541e-07,352686954892.6223
12520536.55292568,2.496216859571106e-07,315816439040.3637
13320324.73011721,2.409539105777463e-07,344000303994.5663
14340957.43729013,2.136424422346057e-07,401285183039.9232
14156072.69591782,2.233758124151862e-07,384519782085.4526
14940283.81852104,2.141400253678392e-07,417407531754.9936
12247139.77994533,2.418040235414762e-07,315543321348.5848
11266183.70866771,2.554441970239756e-07,279841938913.7359
11089631.61347498,2.631889914032438e-07,270025827948.2184
13937539.24321927,2.168042820697876e-07,386195787913.8188
13327531.89544821,2.267070696355097e-07,358459164582.3966
13755281.99701058,2.264919740812241e-07,370198186484.9846
13760311.62250796,2.139855710066838e-07,384625974208.579
13057840.88317081,2.153269244379742e-07,363473272091.6666
13154238.59329232,2.239387470824397e-07,356708029585.9442
15274144.25103357,1.985726181509443e-07,448756390842.0085
14618276.56537724,2.074232511715397e-07,417181027423.2939
15223310.92958489,2.079470731173584e-07,433717796909.2383
14658977.02134819,1.946494632815459e-07,436450360985.4527
15206365.59045087,1.947354560621666e-07,452614788281.9557
14845474.52870238,2.014665643672526e-07,431975149783.3589
14801497.10489395,1.977146939271991e-07,436127039475.6786
14559098.63826788,1.953927336764466e-07,432376633457.2154
14744961.72431509,2.022178994150147e-07,427987008612.9494
13317369.15157141,1.845763316197377e-07,410803780375.7938
12936943.1911281,1.816128275206035e-07,403398232571.9991
13893657.63245757,1.886487434042792e-07,422390344143.4792
14089544.02384058,1.840932025583103e-07,435383302967.4412
13965204.01802478,1.82671893575989e-07,433776610522.3358
14909779.83514141,1.888663823637416e-07,452933860924.9018
10894103.16533612,2.604332996008066e-07,267132753943.3299
10963574.50162189,2.611759271132982e-07,268326402974.2362
10491849.02625727,2.687418368376585e-07,251938870789.4847
12745374.07064282,2.199686937372158e-07,349766868801.3961
12499768.33302532,2.32412702894743e-07,330670452516.5683
12840613.55915887,2.285404096635646e-07,343513472767.0468
12592134.57767865,2.219980378184612e-07,343452434625.7307
12230923.52233055,2.366863385969324e-07,319651776934.5475
12348016.98582102,2.344444554911237e-07,324766013220.2896
13081109.89025705,1.90007894892802e-07,395788796377.9031
12997026.73580223,1.817475633604711e-07,405071431030.0721
13177753.27946895,1.910317383787238e-07,397286999423.9918
12945809.43965458,1.746729240052072e-07,414297344609.3676
12720902.61353287,1.766236910348473e-07,404096687395.9225
12449322.7794884,1.822081690923572e-07,387347268545.7845
13092615.65992348,1.704183058509833e-07,425940487279.6091
13030175.51059682,1.651727976390286e-07,432837203359.7933
12866431.62908845,1.723640593232053e-07,415425968328.8748
12127180.91501011,2.570718971873256e-07,299955471308.5143
11975107.71603359,2.469624539461853e-07,304223067240.1746
11855756.44460983,2.570213610990105e-07,293280455972.184
11869266.13127571,2.722138595375912e-07,282585828764.7761
12100508.62005713,2.6338437632159e-07,294494340028.5891
11829384.48691879,2.633292858482849e-07,287936048440.8898
12208281.19214852,2.641193636532598e-07,296565774229.6241
12709322.46107065,2.559777946826595e-07,315249352552.494
12344505.27233552,2.602782920820243e-07,302818025947.0867
12714078.85008048,2.13840718010674e-07,355542316633.8917
12686170.64320815,2.103629006917596e-07,358661242285.9063
12497552.39254692,2.200675290343033e-07,342863289872.6813
11229745.10878555,2.10734717609883e-07,317111875179.3976
11263229.69718298,2.103935986275645e-07,318401124616.0513
11168739.94069516,2.153554594968778e-07,310861487854.9122
13406615.35472777,1.83451438798861e-07,415245627287.1186
14222400.75784922,1.898446009344589e-07,430567003834.155
13060947.76038098,1.748010064267154e-07,417777846151.5942
13307572.22170737,1.839414315459142e-07,411445632910.0134
12451772.78528513,1.881551193413261e-07,379216443771.0056
13256624.5997834,1.91093859704498e-07,399578215688.2132
12255460.09678734,2.787986875024096e-07,287167841396.0084
11568229.24100324,2.938359864403426e-07,261736062094.5986
12270613.16117144,2.937883274232915e-07,277657818447.152
13223184.46498473,2.447896554268166e-07,337914905565.4125
12694413.57457004,2.592837728431936e-07,312197258355.2273
12805622.37279448,2.452799221323182e-07,326808008849.3469
13423267.75230681,2.293711651559834e-07,358233095604.478
13407194.58922142,2.373045431435901e-07,349784486705.5908
12986713.97118656,2.378254674340333e-07,338319504508.0945
13146254.71455642,2.23615939844794e-07,356834527914.3746
13357753.09591337,2.25955268369268e-07,360068473223.1149
12922274.7735674,2.344216668884766e-07,339891631275.8982
12449783.0541751,2.256620572409701e-07,335884081272.9502
12918102.42448693,2.235431320718641e-07,350717822385.0833
12696082.95417059,2.343494866588188e-07,334010726194.5438
13083302.41873372,2.070162417315815e-07,373864676052.1483
14214726.95138538,2.022722936598919e-07,412522450611.4403
13346785.99262397,2.133980356593592e-07,373751621313.2335
14684745.50973819,2.098525936050796e-07,415837384356.0187
14993241.31071098,2.124877961046032e-07,421055685631.5622
14074166.05688786,2.188105673549895e-07,387594086734.5114
14826016.37404331,2.190976046822161e-07,407942909516.244
14044850.43884556,2.282995917855543e-07,375993521725.6072
13895798.81864525,2.333593987669854e-07,366606352746.844
11463739.05094958,2.665197408973965e-07,276804642716.0926
10653662.47094052,2.816751159776119e-07,247932396804.9243
10838811.57347016,2.795371910809401e-07,253525667687.3707
25294699.18523957,5.283676270341622e-08,1796409674256.071
22029641.15150468,5.702149969568878e-08,1487013801228.5
22960461.84138845,5.575783215808606e-08,1573173779653.732
32978233.35460143,4.032094963052699e-08,2804616935138.771
34283882.34460443,3.819939403873671e-08,3022634814523.299
39311680.90969561,3.590299681890253e-08,3612166941167.309
36594926.99189683,3.929497577425084e-08,3166135773731.527
33538001.08332196,4.058681934847169e-08,2839752531990.52
39922624.72808506,3.617674170019583e-08,3649775237996.978
23274064.85351788,5.593973704404482e-08,1591201916215.012
23877182.05552904,5.561528756989679e-08,1638778582103.167
27665371.20298666,4.780164258425514e-08,2100428753691.195
21576755.87861035,6.427799082504063e-08,1344656283844.315
19212523.29801115,7.524558689321413e-08,1077946113971.495
20197389.86212023,7.179954644531517e-08,1169178394528.269
29620474.62323911,4.438471054598994e-08,2362851448076.24
25695873.70097428,5.219247114002382e-08,1839888405003.058
30858533.24727518,4.226433062190684e-08,2543270865217.839
21093223.12931439,6.189017564666162e-08,1348119746139.137
18778799.23318075,7.161280329286173e-08,1088948570550.168
21667573.76693264,6.15749965657091e-08,1389549491390.964
12450728.33027639,1.021138037860371e-07,569908482426.9569
13168677.46459408,9.831695379840035e-08,618191768632.6112
12705040.18494965,1.02779725423587e-07,579034455997.5549
11636178.62422559,1.07550385739154e-07,514520162114.462
11929930.75227859,1.056137662728035e-07,533938088856.063
11622419.91083288,1.110559772666344e-07,503039324386.2069
12104267.20793463,1.024566935473846e-07,552813039171.8575
12907735.95867997,9.511556625999569e-08,619463432061.3988
13032666.31245201,9.608238584729125e-08,621256229686.8717
15252945.52361099,7.875863862569965e-08,830146839434.8186
15698366.36286909,7.837286373798539e-08,857190434760.823
14050637.56343061,8.683208631475363e-08,716543466884.6138
18709129.49126624,6.53933529436184e-08,1152651032757.217
20713626.05716286,6.072798009036957e-08,1340695775648.34
17735709.94093812,6.806413771126407e-08,1063905399164.962
21132288.06080653,5.991996183581652e-08,1380062759242.311
20239684.49865329,6.117306831184444e-08,1303657663899.572
18066754.61411209,6.947772884801663e-08,1069013206156.594
24242517.24146962,5.395066278423811e-08,1697904229826.551
27263230.34201334,4.979237100492101e-08,2014352359396.37
26639482.72572029,5.102957180032214e-08,1936323152123.979
23173124.00623903,5.530760175198213e-08,1596349697674.595
22297823.82457741,5.645107586057476e-08,1515238503548.42
26128437.84667661,5.11388780063926e-08,1896470019824.759
10193560.7604591,1.479723596123147e-07,364366843018.9207
10551346.37808747,1.529878384410962e-07,368867116854.602
10336900.37405756,1.459708410915309e-07,372860396417.6945
10574002.82125606,1.518593350870815e-07,371488259264.0421
10639119.5290514,1.572889506112394e-07,365123857903.7045
10257703.62249978,1.500102124194979e-07,363331397594.8447
12254784.14698415,1.680714890498709e-07,402386097691.6516
12222123.68178848,1.742680457686508e-07,391743230320.7885
11358242.92529206,1.653827498975752e-07,376979453377.4852
14321330.57448587,1.819531205529848e-07,446009076955.8524
14191242.24234293,1.861531202373527e-07,435284831444.7767
14003785.55621037,1.778650440580617e-07,442776995321.2517
13695343.23312804,1.831681336029595e-07,424625731048.7906
14106747.23228274,1.809988730937695e-07,440869076282.199
13441578.20813588,1.760643934200754e-07,427893714227.4514
14201629.52592396,1.977574431899219e-07,418391596958.3262
14240901.91931268,1.911243133614663e-07,429200484201.7785
14371217.14415476,1.869302205766726e-07,439582646327.6348
12849795.8814607,1.579164875405363e-07,439822975056.6254
13142080.95728551,1.670076323300523e-07,433351122127.4662
13133406.33021284,1.633492500485135e-07,439507156424.3419
11591149.50917854,1.534516259978139e-07,404400959993.6156
12809055.12831891,1.581997769791974e-07,437904945740.4301
12034380.8052518,1.528447432286093e-07,420975426251.0853
13800338.65078696,1.79147637789117e-07,434259191851.978
13413054.62955087,1.720079822840728e-07,433672575424.0554
13540186.74607105,1.671693600813558e-07,446190378267.2325
10291533.5304639,1.295685060155724e-07,401926948531.7214
10107963.66519674,1.28330537674966e-07,397292466072.3545
10336391.6561904,1.362160237309138e-07,390436272308.2562
15366141.21911783,7.916990954423184e-08,833408747139.1554
13599519.63154911,9.050206823019115e-08,674659384088.6816
13926456.44654341,9.126150993932126e-08,687040267689.6974
15094736.07305867,8.127099402937322e-08,804516846864.3469
15755560.3766691,7.685929762747483e-08,871571284880.7634
14297301.24376941,8.895543076775613e-08,717473320725.7764
10541886.20529402,1.168880946804323e-07,440965694434.8978
10643254.24367995,1.152615872946173e-07,449384448688.4413
10217831.11913339,1.216073643940892e-07,416279926916.6609
11021080.61975297,1.116716669588995e-07,475257354933.5304
12169150.92403515,1.007585854809991e-07,562003347906.1271
11124721.50888095,1.100513424814304e-07,484423925581.2758
15845634.60838074,7.530901564826722e-08,888542740695.1182
15797278.59606507,7.575351416282828e-08,882362591930.8373
14050826.58070534,8.661798717614584e-08,717733386663.8083
10784488.36538858,1.161390897074451e-07,453051181956.6917
11109720.3291662,1.203973591522565e-07,455643471809.7081
10356223.20857277,1.224845731116318e-07,419901223724.1777
14075735.68811188,1.302946434359871e-07,547671399732.0992
13958362.77226647,1.372556196970275e-07,524583216077.1066
14447416.76341369,1.348635227925938e-07,549364427496.3479
