3999799.058207586,4.080952266329611e-08,337440467288.4349
3999772.22295243,4.078665666282365e-08,337564308992.4465
3999689.419755696,4.037420272806407e-08,339852364837.7188
3999942.894124024,4.226080650193776e-08,329682026100.55
3999867.276565195,4.129878151499265e-08,334775824708.9591
3999859.839645446,4.134345516004457e-08,334533998051.8754
3999936.427863582,4.223950811487333e-08,329792307153.3152
3999833.974903566,4.125803445260864e-08,334993419165.8251
3999860.810365875,4.127733999470416e-08,334891206187.9116
3999798.08749465,4.088179275406809e-08,337042587477.2651
3999805.524356992,4.083339481888764e-08,337309482722.0377
3999695.88581648,4.04053177900154e-08,339678417388.3169
3999777.537324834,3.955515474199035e-08,344535342485.8622
3999860.341433682,3.996607172740725e-08,342176767170.1364
4000151.53913891,3.753045428406735e-08,356851256232.2774
4000115.693822864,3.802601010449825e-08,353740984031.9609
3999841.373997235,3.907766368077004e-08,347341792474.9351
4000215.378795774,3.704818619773867e-08,359947151759.7984
3999940.228636781,4.051429316737462e-08,339089746327.6808
3999831.763320644,4.080400200484308e-08,337473662448.7047
3999729.561212235,4.032678429911822e-08,340122137413.1209
4000581.337819885,3.814411853748309e-08,353051490340.8081
4001867.416878149,3.733311326277465e-08,358261294640.6791
4000517.684658809,3.938352459037055e-08,345599528301.7437
3999786.93136218,3.981711993411721e-08,343023305957.7657
4000061.249320924,3.876520682605617e-08,349224928994.2131
3999997.600297557,4.000432230098131e-08,341970349627.6819
4002642.358830404,3.713188650552352e-08,359624091288.187
4003681.057674735,3.735972904751599e-08,358253406038.4791
4001292.495921866,3.918384003653711e-08,346839834033.7966
4000735.477314281,3.642663486417492e-08,364077468228.4533
4001921.873670458,3.659286167241828e-08,363081697063.4353
4000635.785861138,3.740472989273646e-08,357693734906.7427
4001775.059004529,3.55832142159013e-08,369904166453.2506
4004794.871109283,3.402863425463008e-08,381373573988.9254
4002961.609480418,3.574766194954255e-08,368878205754.3513
4005759.148494714,3.443179902159599e-08,378481820000.6895
4003957.593632262,3.546045246321312e-08,370959605189.4091
4005791.083289415,3.373734682775281e-08,383661021072.6327
4008014.662922425,3.43858238575455e-08,379032408880.8092
4013776.84344412,3.332520149745363e-08,387588932207.1072
4007251.762831257,3.564649892949963e-08,369971872528.4965
4003692.772107168,3.610606013233157e-08,366500026126.676
4005494.267397968,3.508245837305058e-08,373762823720.0414
4004731.607226566,3.63364034101197e-08,365044203289.7104
4008311.57218087,3.302820149008223e-08,389378100615.0985
4014041.998255976,3.266006759037199e-08,392859439481.6634
4008279.627340862,3.373030526270521e-08,383952792239.4647
4023235.629723358,2.967725007006775e-08,419720032601.2834
4020325.980379607,3.089770516648049e-08,408297874063.9392
4024771.49546404,2.823327794509924e-08,434077251078.6581
4025130.798262647,2.921640343557605e-08,424321947437.3298
4033302.48322043,2.819692373305679e-08,435371143641.2598
4021275.575040471,2.886292575032243e-08,427369575295.7509
4018529.844931929,3.111293151838561e-08,406231169147.0118
4021438.844357881,2.994244673963006e-08,417051747017.8633
4017585.390020117,2.951098198599691e-08,420703387259.1487
4008857.383192107,3.460514846777451e-08,377508552510.3897
4015383.770372745,3.228515108504605e-08,396027347719.6442
4014439.685258111,3.061430315782955e-08,410212306257.8538
4011711.61473596,3.17787048684493e-08,399857804169.7407
4021888.391949235,2.875405387549555e-08,428512958638.6458
4017444.46983947,3.141804414053736e-08,403487841271.6558
4028464.978501108,2.745621486805217e-08,442635065640.0622
4035101.916684823,2.786172125263359e-08,439051919076.9241
4026928.408132303,2.892103242006155e-08,427396912456.0194
4034846.636151209,2.744600467935606e-08,443446205655.5445
4031302.923541656,2.681514004113657e-08,449978800731.5107
4022817.424217406,2.827849026103343e-08,433403927785.5984
4076507.319915259,2.445676451374254e-08,483825653517.0588
4065466.308701134,2.578084673627107e-08,465849444155.2806
4044424.597834358,2.614098164035686e-08,459172089304.9697
4075382.92856509,2.580024346761516e-08,466751675618.4034
4113174.613043706,2.522218464995762e-08,478250404575.5561
4057418.557130669,2.586792958608788e-08,463883257019.5886
4035971.68138963,2.682646300499743e-08,450373158847.458
4056991.42052843,2.648972325387215e-08,456547331344.1232
4042614.797837449,2.725664591628426e-08,446355358768.7391
4096133.310298144,2.411303146423888e-08,490764199312.0557
4122902.184422,2.484989638912784e-08,484157476919.9297
4085065.735002846,2.54835154008563e-08,471729269816.8616
4043647.512567866,2.696828727393201e-08,449646323706.4669
4058025.969817298,2.623910264312618e-08,459567000567.4267
4040099.936411766,2.622738159463431e-08,457673202609.6173
4209827.419422873,1.865005497007784e-08,598610340931.002
4378041.437767546,2.176351968880834e-08,561643123616.0392
4171372.369411769,2.210304855518598e-08,529636013818.9617
4389215.022113605,2.308604113171907e-08,541361308898.7488
4246656.716236886,2.462184913746829e-08,501764631053.4243
4189309.326644159,2.512567937214739e-08,488349281373.0759
4196921.246119271,2.461023902490756e-08,496044073638.2681
4376546.103005211,2.348953670078123e-08,533599245802.2429
4176932.48175188,2.5139247339561e-08,486731299352.7729
4063402.120011018,2.601550780312422e-08,462808789052.1902
4119199.132883503,2.515331700252908e-08,479824711971.7419
4099396.539730321,2.586738665593682e-08,468689143308.4527
4167574.16281245,2.353073158336634e-08,507527661137.3143
4374150.257055367,2.317877135424497e-08,538063364803.7759
4194575.087950892,2.427656219361918e-08,500299246755.2657
4247331.932381053,1.74163653232459e-08,632136962925.1989
4321703.115833586,1.699759005954295e-08,653727410761.1805
4416286.259088458,2.050407929104123e-08,589517951494.3458
4399878.808089102,1.80581045952531e-08,639233124260.2235
4561548.961988599,2.157941350213038e-08,588508287137.068
4495308.969681263,2.155111216427387e-08,580469967948.9634
4478817.543638116,2.251084955813878e-08,561783242336.5029
4544936.365501086,2.244345962913798e-08,571217193590.0594
4334799.528501727,2.35833538529501e-08,527106824647.2463
4493485.678005472,2.259726144148742e-08,562185303627.0432
4276278.837410554,2.437677395195643e-08,508645487353.1771
4284555.763017064,2.442014239809355e-08,509026436424.3827
4201100.262780357,1.557941710203729e-08,673486523687.3456
4399641.042572271,1.843124299095512e-08,630542205657.1804
4309063.606126606,1.616102358026006e-08,674119663721.7322
3569292.029133198,2.582156586849326e-08,408564252656.844
3232444.989807777,2.595796741201175e-08,368709239557.7669
3306237.793950551,2.637409131841707e-08,373149114764.1107
4397695.452262322,2.122699480079076e-08,573631257276.5044
4149890.368482422,2.29075058321894e-08,514499258468.2333
4351562.279225493,2.280225275407711e-08,541161260795.0546
3639549.910880403,2.347309825438409e-08,443950008195.3621
3339570.742790777,2.514607342344374e-08,389084438475.9094
3792944.292471672,2.382306498848276e-08,458118722039.8411
4274563.389169292,2.099551890168101e-08,561660678191.0713
3872132.799908119,2.232965306016086e-08,488309972022.3931
4030302.765587092,2.279492825325381e-08,501316716126.1049
3943630.508018077,2.060712904074877e-08,524667976166.7377
3803979.145802675,2.119960511208924e-08,496614748538.504
4008940.327554072,1.690549651060574e-08,608617316663.7969
4307150.82851911,2.364047673990292e-08,522900744247.7259
4525130.612629835,2.273257791033719e-08,563895540877.7112
4408829.188297285,2.296359051079209e-08,545711882881.3803
3852309.567952351,2.754403706372722e-08,422379452868.3953
3952509.541466265,2.409663822443344e-08,473771161960.1922
4004219.040725455,2.811200883688232e-08,433101717533.9116
3995038.952288575,3.232738753016799e-08,393677516064.69
4379772.194527976,3.337489622294865e-08,422511213289.6696
4932756.404317237,3.336632673741602e-08,475938389755.3357
3576022.445851107,2.852632512077521e-08,383033140243.2516
3217216.584437255,2.930627378448806e-08,338459387164.3005
4013997.392128662,2.935556999842068e-08,421809873237.8338
2399394.07840158,2.989668426443853e-08,249088053817.2191
2939945.639511624,3.051302451938358e-08,301080384211.8813
3131440.532401553,3.130081767480739e-08,315287713345.759
4103717.983026914,3.190860322331399e-08,407917475876.0583
4163165.918870999,3.117896231469955e-08,420257960163.1772
4054558.258715549,3.305787172663595e-08,393634919844.5665
3290955.789901247,2.836794384222665e-08,353810031674.8998
3556629.119896118,2.872412603976274e-08,379204978800.48
3207359.561104168,2.967887190396128e-08,334592387873.0463
4101795.968416868,3.006028563306458e-08,424272925459.5428
4175106.364850714,3.040665307298967e-08,428570030548.4852
4115572.931924994,3.114682236341105e-08,415739355264.5008
4211152.952789194,3.186706705592556e-08,418960378117.5941
4295944.552845603,3.466904927617388e-08,404045907766.514
4101917.02439832,3.375631367765887e-08,392720460565.8187
4320300.157101472,2.327323397257774e-08,530000277695.2951
4171737.905495646,2.488567447080194e-08,489422658391.735
4219653.80668814,2.446069542785597e-08,500761526763.4043
4505191.624418845,2.108781629492783e-08,590235773865.6093
4458496.544032109,2.272922849304789e-08,555646570222.734
4575446.974269206,2.239623438735629e-08,575859926262.4517
4398589.803301266,1.758594782489111e-08,650433562581.5587
4490098.464315442,1.978568564358115e-08,613792807553.6185
4560236.487372854,2.111509469807677e-08,596932662320.3047
4095161.037818425,1.669060428218804e-08,627031863809.5525
3887978.758577124,2.079568796887801e-08,514132457437.772
4291211.612341907,1.948010823319683e-08,592723784042.8723
3707058.026459597,2.616635554460402e-08,420598021340.7719
3438878.997042648,2.679449662958694e-08,384048871152.0884
3772765.702324487,2.783154227817445e-08,410804305309.9735
4246757.920313444,2.372507423913737e-08,514342548076.3112
3932734.270711662,2.472606196142036e-08,463366501621.3764
4099476.653881087,2.459146732678779e-08,484773407981.2325
3807299.132560065,2.431481263873358e-08,453631337164.3664
3353041.202074809,2.553215162176312e-08,386705735570.3768
3695959.993551395,2.529515941412426e-08,428912774394.5193
3915748.15169164,2.4904371417861e-08,459160332616.0314
4229105.944529022,2.371688335266612e-08,512322567283.2709
4030325.786534024,2.382834073796854e-08,486718236401.8217
3380461.762136309,3.12554208176936e-08,340689796968.7637
3901882.844811967,3.192436434682262e-08,387727007243.459
3853950.973941927,3.305784157100347e-08,374159281600.6769
3483122.026569409,3.214668782646488e-08,344517431780.8663
3280995.013776718,3.130626965262252e-08,330307186388.238
3747696.148189128,3.311823895724271e-08,363401081494.9257
4126085.457213724,3.351205331229652e-08,396951572243.1456
3691369.435132584,3.269915519822512e-08,360991096183.329
3963595.225401434,3.369314151080052e-08,379951613027.649
3273122.010410643,3.126545668222072e-08,329801285028.0623
2473181.833204889,3.004698621785503e-08,255891250049.1402
3215656.696672085,3.149780074971096e-08,322415706035.5652
2821628.535680783,2.982019422472143e-08,293422126546.303
2384774.789144733,2.967088295060726e-08,248824835137.5636
3171296.557510697,3.082011029725065e-08,322612158101.512
4018895.137739025,2.999994117466395e-08,416255264474.8391
3221601.521042804,2.98921756032811e-08,334477420344.0134
3594532.013084407,3.095144746573232e-08,364632224162.4609
2266267.728640554,2.832214265376846e-08,243908617127.631
2409692.4795439,2.835488104559766e-08,259145140380.5684
2644850.441914266,2.89461202276345e-08,280548237492.0875
2456085.164966526,2.742191545822755e-08,270091902216.5357
2646008.538479086,2.720572598520294e-08,292516944449.3963
2316190.450671751,2.751419951794259e-08,254138041420.9295
3026654.049087684,2.654401790397696e-08,340135275913.6671
2956068.197691093,2.637044813264834e-08,333658947685.6431
2480449.948184973,2.719854582122078e-08,274262656377.858
3525983.324615939,2.837104589282783e-08,379050164880.2747
3259923.102971223,2.722149566622423e-08,360246165446.3417
3046749.497329004,2.763504622690303e-08,333321467001.231
3919921.447490206,2.768451924879828e-08,428337443195.3309
4017998.760113489,2.576601420224375e-08,460586958921.3409
3852938.999176383,2.553946076948643e-08,444274088167.5712
3873747.37027684,2.922959307756142e-08,408240525977.866
4026074.857730726,2.979495013822107e-08,418909365806.6152
4039724.171315134,3.083250877557128e-08,410846070006.1674
3344335.195234623,3.035192517810705e-08,343704831688.657
3700794.183307956,2.936239104309492e-08,388836764462.3674
3863062.756128381,3.099013527344375e-08,391545991411.4741
3394405.070204741,2.711049175424402e-08,376130661071.102
3625513.425683567,2.459795239572836e-08,428650709182.332
3664141.327545117,2.743233026087704e-08,402837985792.4929
5323739.111907007,3.429614683187499e-08,504335893936.1827
4748618.472406188,3.429328352240197e-08,449877801617.8026
5494932.606702777,3.600217129792725e-08,503976060855.3834
8037631.27161813,3.167644933294638e-08,802854937108.2701
6335500.896028096,3.342823379948596e-08,610527648111.9832
7489986.199976551,3.428645908750899e-08,709685491676.4104
7420257.070818286,3.070254823409168e-08,756779460582.1207
5255816.822998616,3.043170747972285e-08,539207602536.2245
5788765.367196058,3.244745665776104e-08,569026081540.6147
4592258.356931625,3.747830078751631e-08,410052740009.2772
4194429.03241908,3.51610728942775e-08,390809193596.0546
4390607.20923585,3.606826003463667e-08,402199128099.1135
6827967.15425042,2.570539378116216e-08,783926325765.803
4973925.171537686,2.583121499501832e-08,569205854075.3898
4411090.69021344,2.713323259811164e-08,488515440394.1418
3440466.278329567,2.732481137239027e-08,379238590446.7327
3713652.240376788,2.870054662401416e-08,396163494226.1819
3774428.246133932,2.864158353967279e-08,403199349897.5875
2439019.083396823,2.720625873972876e-08,269630685383.8777
2777182.215049175,2.721827571946929e-08,306923849071.8333
2980870.090233013,2.686311069464214e-08,332332015625.3926
3018392.907072177,2.750704337451265e-08,331242837919.6116
2478579.357839655,2.759135384180088e-08,271448526137.9602
2954026.09509576,2.667531304376769e-08,330883144453.8774
2109943.560721627,2.870885442429448e-08,225040281821.7181
2321562.42271472,2.789382274497916e-08,252411036979.8761
2185609.711129552,2.806870640067087e-08,236641556450.7021
2451028.967983072,2.729267849799574e-08,270386085188.6725
2296581.652663976,2.73263610822969e-08,253139949515.1518
2640760.390474595,2.73606079422756e-08,290833994749.7208
8243042.365113334,3.838061407865568e-08,724457510616.1356
7589939.920571199,3.639530035098277e-08,691100912444.3656
6615426.096335945,3.723633556230088e-08,593262000476.4563
13581452.82247706,3.933483659754101e-08,1174252055597.102
12001552.51492271,3.739848902777327e-08,1073168851797.431
11831983.54069044,4.089074927325169e-08,996875320774.4407
6283228.880933488,4.373528396817188e-08,506168265148.2959
6724190.224847985,4.583069328825738e-08,525052067585.4178
7984082.269902137,4.156706091689682e-08,665363221833.7268
4804287.389522188,4.323116703036773e-08,390029694096.8964
5308209.30710123,4.299711631573397e-08,432502364343.2773
4899310.527226639,4.048253943616511e-08,415549854858.5554
5195486.188631448,4.951915285722558e-08,385280820715.9278
6034596.77881986,4.781215735735909e-08,458095504459.7598
5617251.88187518,4.573003121287723e-08,439261256844.2755
14424655.47882309,3.787757357458903e-08,1278941506833.24
15135817.12661599,3.50650970462775e-08,1412827615267.921
12794956.69566779,3.594441600753581e-08,1174765541049.837
4604616.356933434,4.193221965473102e-08,381500300022.1611
4697653.682413027,3.917059968608189e-08,407293534961.3627
4493675.819950624,3.776103518356202e-08,399244685901.5638
8446287.405344995,4.237590147300419e-08,694896122737.9862
7148897.542189863,4.662422514243921e-08,551863055681.4807
8004307.377450105,4.69547222912523e-08,614994039994.0217
6789965.567622145,5.030527166518461e-08,498262924611.848
7584874.557421088,4.894067511778969e-08,566893875768.0624
6752820.011387454,4.858931297132783e-08,507136266016.1293
5329364.705004829,5.020177135627511e-08,391618091967.8376
6020915.89591248,5.086283755865495e-08,438593479350.4584
5217288.379040096,5.009562197745887e-08,383923763078.5856
5908961.377784271,5.094773278744923e-08,429959857016.2804
7691269.551192261,5.303185504183996e-08,544887467870.7044
6636030.073361279,5.160396598508117e-08,478761947921.5251
13513492.77592818,5.531271621120732e-08,930859831550.532
14517645.04399358,5.242194917612111e-08,1036463621848.443
13226886.00092829,5.539117636100847e-08,910256701162.2574
21442240.69740758,2.209429937360367e-08,2723223862369.333
22738980.19415465,2.241798280085358e-08,2860047826876.809
22086510.92911468,2.083990134782978e-08,2916509141419.941
16498229.22242316,1.828544657573876e-08,2377024286735.516
18503581.04507902,1.955353054191724e-08,2549405963016.394
20182388.72913021,1.948717958633359e-08,2787018865390.055
18652419.15724302,2.802226354530328e-08,2021775941194.991
17127675.84889303,3.213318269876416e-08,1694582067300.904
20378286.28135572,2.829075390296429e-08,2194848989427.409
18335328.21594299,2.455050609645633e-08,2170609614528.447
18808028.48880269,2.554150951640946e-08,2168597237175.515
19897868.78316012,2.34689040558199e-08,2427418679292.658
18831512.1092255,2.117416454307192e-08,2460448833765.268
18341123.52471643,2.34424973092763e-08,2239185221928.642
19903905.96340595,2.237242973040838e-08,2506856894688.038
21413464.62522073,2.493610131990107e-08,2508810764420.951
25115115.07421886,2.571887884262959e-08,2882485628547.967
19738172.48583673,2.674322674229079e-08,2207146033819.716
16525917.91289393,3.086128704637443e-08,1679665886283.543
16211122.36255847,3.277638386937477e-08,1582847443031.762
17695389.58322072,2.86656513959818e-08,1889233270477.922
17585918.86825464,2.597588319562653e-08,2005017573201.075
16867625.43502309,2.916192442184165e-08,1780368199385.627
18048920.27182601,2.696539728842207e-08,2007150837731.52
15974935.96392913,3.25143173445844e-08,1568156367403.284
13781217.45637813,3.634321821828343e-08,1256045381876.467
15685275.84289577,3.234590090038674e-08,1545062289857.837
11342693.57432008,4.387223073190006e-08,911849270305.8583
12428504.2007291,4.145460198653461e-08,1037616884805.977
12246501.87925656,4.043310647298349e-08,1039570580278.336
19734789.62592365,2.527503318996687e-08,2291419887741.232
22129778.67254413,2.351898371835763e-08,2695864352806.558
20850784.32365881,2.321066534787325e-08,2562500759294.083
19377362.42805779,3.255710213998221e-08,1900483780741.138
20566347.47815315,2.94245129411812e-08,2157832089561.633
17300122.63686537,3.326056873733152e-08,1672743692732.932
20680307.36734323,3.164225288230523e-08,2067182047058.771
22483659.5980182,2.958783356931471e-08,2350308601766.005
21908030.75604438,2.850032231826321e-08,2348029204007.188
17491970.42082452,4.306074068907314e-08,1423806824917.423
17658921.85059267,4.433811455343467e-08,1409654570728.023
17716100.85875941,4.637002007883783e-08,1372597767280.108
14632618.56398635,4.132144323181855e-08,1224254560905.904
16357479.45803558,4.176819520742857e-08,1358790735059.063
15182947.68367645,4.291195704660105e-08,1238712579280.705
16816530.92253077,3.784430327457665e-08,1491887473482.701
17680151.27180674,3.746264886354105e-08,1579138864094.876
17315540.86685844,3.998241702088831e-08,1480891925964.874
6052115.015828617,3.629393053831053e-08,552100114308.407
6985671.919971398,3.544515693251905e-08,647396354550.9304
5872384.579446628,3.458195236855905e-08,553241585631.7889
4880140.273183015,3.763092478395437e-08,434579308509.09
5380416.648815007,3.683469028179289e-08,486009277365.4744
4642205.32270845,3.512785155745877e-08,432802691237.9022
4184947.570771724,3.480007526169808e-08,392617722415.1507
4582337.186559756,3.712186537270062e-08,411781832743.5084
4351868.455161665,3.462389017933346e-08,409661532187.2328
4803999.827858074,4.533378473252297e-08,377851947065.2415
4898149.012475325,4.890270392465006e-08,366277362297.8618
5307907.040032397,4.510310658741796e-08,418908337562.9343
6172567.235069562,4.193594581821492e-08,511377404087.6946
7859276.13912865,3.975954747871329e-08,674665122749.2809
6272105.606125227,3.862255468781393e-08,548933030833.7391
5910753.893468982,4.882641248870095e-08,442458965715.5756
5080621.908743951,5.052166401014296e-08,371762099789.3329
5147111.048495419,4.977741094858397e-08,380372112752.567
10308044.12135498,4.305552612361122e-08,839119219474.2114
9244444.008628234,4.148302576146953e-08,771437084178.7838
8781777.965274923,4.607617220210404e-08,683279184591.8671
9978682.545360632,4.91948956936593e-08,743235611707.7723
10499049.47892223,4.498174188388255e-08,830091186947.8379
8958143.979408419,4.800381284816581e-08,678215247195.6627
1884560.565235686,2.522511561686063e-08,219106194287.9405
1866370.899718717,2.587776524793738e-08,213327466248.6472
2015203.118197984,2.462486412505273e-08,238087318980.4026
2077359.199006756,2.73290855171796e-08,228961009404.2938
2059059.337844458,2.757203919292734e-08,225608922225.9397
1918116.09800626,2.71894710287611e-08,212132747993.2134
3587115.882407461,2.893511003226042e-08,380594038529.5583
3103594.489321409,2.799085374436878e-08,336656917072.7195
3498239.495239832,2.907721751638294e-08,369953927154.9816
3683974.179327567,3.20729055955482e-08,364942441867.8268
3622993.344463125,3.229806660834061e-08,357231586494.7297
4053776.929456559,3.310229557429157e-08,393206877379.8171
2279766.377193229,2.844640845633337e-08,244646336341.0616
2721518.110829308,2.972940652884524e-08,283587490130.7584
2202473.348272239,2.920535324168506e-08,232239285221.9159
3789185.962788279,2.638047156783814e-08,427586728179.8325
3749902.739432008,2.35812953601453e-08,456010558390.7529
3888566.903206264,2.299347087934858e-08,480898275765.0418
2473790.731755645,2.821119773053507e-08,266940994926.1292
3013108.246509091,2.82264830615362e-08,325020101017.2855
2933141.937796844,2.947692752215316e-08,307381885593.3436
3217088.160437417,2.583128950196329e-08,368156301036.871
3511634.28615291,2.422292456964562e-08,419460975770.7149
3284244.741882674,2.667034308513879e-08,367916934739.784
5703437.710888989,2.903525990765352e-08,603744087721.2332
7950398.873110072,2.925120791538504e-08,837451596151.9828
7775768.33357284,2.678508991975529e-08,868589497666.1715
2394594.581808266,2.851640634777069e-08,256548097921.6622
2207988.50640359,2.911374488326102e-08,233308964952.2556
2629031.870129528,2.920819416503088e-08,277199672499.0406
4014733.537803839,3.165902886263467e-08,401166814669.1694
4954637.937322136,3.267431929344835e-08,484775754822.9904
4462542.642304515,3.068604143594764e-08,455290373316.5729
12832483.4512341,3.436264044706173e-08,1214095998111.723
15176630.16455138,3.347934969940278e-08,1461023972539.604
14584358.5805896,3.155182629182415e-08,1460621420582.586
9215150.173014734,3.81315999982816e-08,813415414058.6566
10435185.65207357,3.620970439649986e-08,953418395487.8223
8523837.847995607,3.61366185845167e-08,779836403890.1576
9803519.291584976,3.931752328073868e-08,847860831542.8135
10897946.38403006,4.088319587450369e-08,918293355364.1553
11060709.04814414,3.739658983573926e-08,989072896305.3641
17198256.35021465,3.654680232463258e-08,1561654038389.622
16265059.11562511,3.521571434908368e-08,1513902749611.94
15527532.3058193,3.803046684747243e-08,1373034143451.144
14322984.20731238,4.399075533522081e-08,1149368349651.461
16446134.2662698,4.348432516725727e-08,1329970501238.91
14996063.94163184,4.117135123045426e-08,1257710065045.821
17266734.22625241,3.622086477035129e-08,1577263770392.875
19178383.81084831,3.348831293768931e-08,1845935376196.969
18141694.64691643,3.583962830229764e-08,1668920009098.733
17409122.42456297,3.379856858468955e-08,1665372315627.714
18988612.14724639,3.297786201980304e-08,1846481211074.073
17086692.87624575,3.571066119170284e-08,1575648785620.558
16336444.77684798,3.260019368034105e-08,1600825875393.321
16416522.43215651,3.367047467818442e-08,1574399724559.583
14790906.17005972,3.544971846901107e-08,1370627964509.83
18587793.0415451,3.070613819781725e-08,1895589793102.113
24245506.54969116,2.787960641523889e-08,2636980003163.336
18673203.9415069,3.177767553505398e-08,1861247337533.622
20875979.2926136,3.106586078316368e-08,2112473467422.548
17557168.62646573,3.347480754139212e-08,1690346561290.661
18526217.47257336,3.48038112242844e-08,1737943104976.966
5607045.535676875,3.851463524371572e-08,491643411562.1727
5096087.386524937,3.930461549267364e-08,440833406985.7703
5512953.956559,4.182860208591847e-08,457511622815.4884
8186333.692976395,4.946795747698488e-08,607491386128.4974
7359653.421608239,5.083988802554332e-08,536275108722.0576
9163130.907693833,5.066173517103723e-08,669253294161.2198
2826037.086883529,2.771525056475057e-08,308578254018.8793
2469574.954566331,2.753964785670472e-08,270800808664.1358
3203162.396903927,2.855273765549288e-08,342883921605.7053
15504714.86265769,1.959378575831581e-08,2133298102581.97
20186841.84087197,2.074699526775329e-08,2673611138429.893
18291345.92786745,2.007259586812096e-08,2476528343028.169
9486494.543906417,1.79788828020768e-08,1382284040069.24
12847652.95452696,1.882748238713766e-08,1815358055832.053
15394620.5606448,1.90927184467031e-08,2155048971761.337
7358751.535979131,1.971981292520766e-08,1008174276814.34
10867756.58585223,2.03388269181481e-08,1458554412958.201
11461648.29430177,1.943107758109084e-08,1585802703741.643
4756752.600565201,2.467216210892904e-08,561270768482.3799
6930712.535300538,2.334497952949952e-08,848494219020.9012
3365441.898721222,2.378307953695973e-08,406939679227.5193
2265058.855971096,2.785453583857599e-08,246499215106.1896
2969677.914732862,2.772442161708392e-08,324191048744.9444
2112182.275733121,2.707927997201067e-08,234228634001.7144
8133373.162020091,2.256704388150002e-08,1018484090590.374
9352142.100868896,2.150030784415348e-08,1209524430672.177
4218079.503522381,2.289596236556104e-08,523129036193.8465
7878707.255606188,2.487776964461426e-08,924515086558.1261
8269777.040017616,2.3789470366045e-08,999778865574.474
5876238.65391843,2.498854426316334e-08,687499079925.0651
10731301.91679924,2.454765774092607e-08,1270512787803.822
18489551.02054794,2.362817826056464e-08,2245464566335.853
11186918.37763023,2.339354648189253e-08,1367665080488.541
4386605.93490115,2.780412636625317e-08,477957322359.9052
4870325.82509423,2.865049798116731e-08,520159538160.0053
6797496.129132198,2.64491923114333e-08,765727114933.3356
2463057.075384698,2.661501374142817e-08,276305807081.9822
3383221.061812982,2.730143446267392e-08,373141367082.8314
3878235.484680539,2.607419700581179e-08,441055809951.7347
2441507.205834551,2.826834990076122e-08,263102134545.7324
2833899.905875776,2.898157503207859e-08,300356142141.4083
3171235.828076246,2.82648870464264e-08,341767191767.5002
9692014.441233458,2.92897194119734e-08,1020008783848.161
12690740.60963535,2.913921972273278e-08,1340196117130.164
9499102.069228562,2.674403379353922e-08,1062179575114.717
21856729.18103915,2.269759637675428e-08,2726456618513.105
20887893.48667755,2.160630107400138e-08,2692615626647.444
15414070.2510535,2.133144639952548e-08,2004028058663.974
17685321.86105269,2.87504281671747e-08,1884444813529.571
21725485.18498874,2.826132302769966e-08,2341573663191.628
22554216.37987981,2.55402760708757e-08,2600622712147.916
8489232.247334838,3.459303189995441e-08,799605912760.3896
10396892.47630686,3.465257888708901e-08,978167386316.759
9071640.667678677,3.196503185698001e-08,900677011630.1635
17028081.06337227,3.238312304166568e-08,1676048399579.687
20298682.4942194,2.997949882315133e-08,2103382574269.297
16400372.97598401,3.045739177580335e-08,1681609885425.728
10204284.23788124,3.105445564306242e-08,1032840517716.992
11607099.49464662,3.3740833874687e-08,1111611845709.827
13275974.58061935,3.09467756710854e-08,1346861093340.859
16105852.03210318,3.853545895908007e-08,1411703032424.09
16594281.80840618,4.067406680920612e-08,1403072338730.384
14856634.15576871,4.022744730172853e-08,1265431902853.984
21595103.93727062,3.072423567833835e-08,2201411546812.062
19204015.48493426,3.446362962083583e-08,1813362810076.625
20270209.84227713,3.211258941842872e-08,2006356147260.174
16444773.8465302,4.528987007244259e-08,1294276866475.88
14321714.63593404,4.5796965968661e-08,1118846595296.457
14990868.03905174,4.840005266191537e-08,1128746002025.925
15828403.1181107,4.416196518148214e-08,1266887861461.651
17027180.64937408,4.301695037983318e-08,1386914423399.494
17248322.82805009,4.632551808174809e-08,1337211230744.317
17449125.28073223,3.825340045502085e-08,1536951970913.849
15765949.90458488,3.973828802627425e-08,1353881664873.603
17251929.05478643,4.204837565796496e-08,1426718133638.459
17224421.09220079,2.883717056529646e-08,1831651602181.266
16862086.30584677,3.0637795982851e-08,1722157872341.337
16564455.57921924,3.046939140362742e-08,1697988117686.299
17415531.26480986,2.616418697978499e-08,1976052890004.186
17363411.26014044,2.771868043201108e-08,1895774529910.783
16700762.39074021,2.935089932017705e-08,1755181456919.778
18160564.51329216,2.501611561829907e-08,2123160181205.372
19713371.4697477,2.475998876671091e-08,2320566099266.097
18107340.51464273,2.656966543207754e-08,2033592562595.48
24863769.14764675,2.353847508751179e-08,3027248565542.411
26739618.80012223,2.45554772892956e-08,3165115953826.246
23829703.36259748,2.244928586788494e-08,2994449196900.402
23292592.65901863,2.891692938267475e-08,2472386606210.684
21915803.11291637,3.030373152250845e-08,2254723633552.569
25999654.92795465,2.722866442459134e-08,2872654248282.873
11648856.84963635,2.563798550086539e-08,1339761139270.537
15158465.52793702,2.80319333054473e-08,1642680895572.226
19688063.81746211,2.485554440269079e-08,2311643306135.375
16360692.19002114,3.527355833728415e-08,1521138734407.557
16048168.31303297,3.718549727128363e-08,1440488321066.659
14801234.6911869,3.887728556373331e-08,1289735503665.102
2573790.287484447,2.713833367913414e-08,285004054908.4408
3284591.825781153,2.734759339625148e-08,361855627953.7042
3321701.710875001,2.854708763651757e-08,355619929339.574
2350009.123981792,2.783804641417234e-08,255845065645.7137
2227349.532767241,2.733960645362155e-08,245429560337.7129
2379489.236866488,2.756346850781494e-08,260772125384.3965
2144657.460367301,2.874924858119143e-08,228528449047.9743
2328622.551986493,2.826523468948251e-08,250955875825.6924
2357968.633458273,2.794551200345387e-08,256053063571.0304
2152787.381358948,2.789964653086097e-08,234028458345.8392
2171498.199898448,2.739995538380221e-08,238923886089.4599
2292630.907747226,2.792395054764361e-08,249086143970.0735
2121183.564641478,2.684742553704703e-08,236579161998.2888
2961197.291170721,2.667714203650489e-08,331671236117.8309
2288480.215169545,2.689692815663594e-08,254924772360.9733
1860276.81435376,2.689614751307987e-08,207229154266.3185
1864902.759933389,2.700568673780308e-08,207182327641.4839
2003912.086131069,2.756371427121518e-08,219610704470.8691
3087220.506728757,2.693131491019089e-08,343607481694.4736
3175103.76572864,2.700903676279925e-08,352710611393.0741
2302798.572219724,2.656021849298499e-08,258683178910.2641
13153549.4803804,3.818533853541908e-08,1159965838775.227
11970496.10305829,4.078517770135159e-08,1010285012594.963
12518610.08209867,3.916511462230156e-08,1085483379373.158
24890055.57500372,2.796521858651577e-08,2701554422580.098
20898059.14049603,3.104153008266422e-08,2115812639114.79
19239373.98138458,3.186171999879896e-08,1914306433360.802
13028952.42441805,4.171421890592901e-08,1083228524385.295
11751878.74145065,4.415981756782729e-08,940637859571.3708
11794994.39703413,4.248970096469733e-08,968668749757.3392
15913419.85220152,3.522901037845723e-08,1480800521827.76
14375963.87857607,3.88329576511346e-08,1253631780940.137
14313561.09099617,3.700791505207829e-08,1288896220656.038
14160044.67405566,4.357778309586209e-08,1143460591574.109
12321863.26130655,4.443169675759044e-08,982232845649.8582
13628751.20463755,4.198646467964787e-08,1128192456387.401
12656018.52328947,5.753556735926292e-08,849192536312.1462
11642035.6120329,5.942504668262058e-08,764508941267.0917
11849679.56920087,5.949511701996017e-08,777533407333.8368
12473420.2061326,5.651720012698055e-08,846964343687.1074
12869886.39965698,5.680892355601418e-08,870890741162.2209
12056651.37502803,5.876687518834662e-08,797636411242.0809
15258153.91513832,5.107289297815448e-08,1108430206015.662
16483064.61931246,4.990670964523925e-08,1215995597918.78
13934128.44083257,5.403349192495939e-08,974924803350.8047
13068988.20475281,5.257191893705874e-08,931263853298.9442
14476194.81017489,5.171952749307945e-08,1042840893850.432
13473502.77839519,5.460646437233217e-08,936090442093.9813
12889808.35460941,5.120931679735654e-08,934717712499.7001
12753158.6680902,4.915724030699279e-08,950370106457.803
14287582.47044963,5.035993398776382e-08,1047696071507.988
12839711.11651574,5.107777834903659e-08,932682696807.3553
10607409.56028785,5.142531407848847e-08,767051815903.1106
9859399.491360741,5.303303167318274e-08,698478154410.3893
16493945.75837426,4.921402641628307e-08,1228189263743.581
14985141.37292811,5.029384391966793e-08,1099809900121.743
14247966.26234989,5.13231823176631e-08,1031677185464.039
13064486.31732909,4.695026137911248e-08,1003845774943.316
11394206.36380702,4.990623916094222e-08,840583482463.2041
13703937.44624381,4.955616356743248e-08,1015734605971.507
10168966.29771107,5.816475993477614e-08,677386984935.7815
11148127.27479891,5.911118057076292e-08,734664119124.2864
11869241.52691029,5.730067764747809e-08,798576382529.5546
12493111.69722276,5.400108038842227e-08,874451359050.752
10483357.18166407,5.688576022219297e-08,708758051373.9032
12208708.10786275,5.602231331459049e-08,833864884150.0542
17203847.44537625,4.579847845803898e-08,1343976111915.707
15715997.15449139,4.891072345174166e-08,1175093842092.118
17260285.48611811,4.783392504697763e-08,1309857231910.717
10067117.24904011,5.524265497511976e-08,694046814008.7972
9969776.341796312,5.669011730999923e-08,675585798730.0303
11931867.89401203,5.380750107774175e-08,837169159492.8605
13555126.72003289,5.147409473293302e-08,979590211800.3217
10915956.47147518,5.393821691850263e-08,764652427384.019
12854461.92450981,5.250542381459029e-08,916750432006.3789
6288836.422491191,5.639615910317215e-08,427632411100.8613
5545008.300150366,5.48995249669759e-08,383874982356.702
5475608.822499318,5.595203307262704e-08,374301729185.8107
12717109.41033061,5.178228808042737e-08,915378940553.801
9752001.284284972,5.374074945468779e-08,684790831965.5498
10165303.60901316,5.424737159560225e-08,709361946740.858
9262191.864295524,5.159547459862795e-08,668301904309.0677
7448459.858585185,5.17642892606898e-08,536265236523.9962
8564116.464330982,5.319755583600124e-08,605463701973.796
10326390.66756994,5.986191347022407e-08,674809966190.3601
9384852.843223689,5.891447743145127e-08,619839783373.8365
8664385.099924151,6.030086561276369e-08,563449999110.7145
3851088.607861433,2.196173558319239e-08,491065102683.5778
3600748.072190971,2.583985397077384e-08,411970419295.8457
3647650.032641286,2.24142131649684e-08,458843057959.4059
6418595.782482496,6.320468294739252e-08,404520487233.1891
5517551.510423562,6.069263011559879e-08,357263863917.6714
5493599.331927486,6.360228257466809e-08,344779826599.7726
7985735.797183698,6.605216317390048e-08,488716393991.7595
9338923.990320627,6.477734258109473e-08,579003811043.3358
9110792.205075817,6.399081868355889e-08,569478978356.0743
14716116.97134507,4.896291137517504e-08,1099550234644.155
13158203.22442319,4.776426691055538e-08,999526958218.7139
14556567.95063113,4.563444733989038e-08,1139892234736.627
9736737.988215171,5.471785091231127e-08,675555129003.7084
8793128.457061563,5.600272841151702e-08,600717974599.7328
9831666.19055214,5.644305862925232e-08,668169680459.2867
9648353.440128868,5.064989247644447e-08,704802634998.9219
9753117.485924888,5.158445823802319e-08,703824218191.0065
9685249.684418809,5.187351212487071e-08,696327775925.6589
8636569.954113344,5.710341288840964e-08,582415938490.7781
9086049.444486538,5.910202738475698e-08,598834541877.0309
9666079.893858317,5.753455640728289e-08,648581466581.0242
9790929.950296281,5.426890821774847e-08,683056382436.3788
9546468.379548393,5.51359795265662e-08,659000901541.1517
9356661.024249842,5.428201453589914e-08,652654882565.6401
8863314.54349421,5.975382921600287e-08,579898965862.7749
8759889.573953642,6.117995187752229e-08,564190640828.8699
9184305.868691439,5.966854904987671e-08,601472839144.8218
11333248.60140405,4.334259508124461e-08,918497139952.5337
12062364.52086311,4.045459716734601e-08,1023577021898.42
11524444.18481288,4.207463658577545e-08,952663968848.8018
9590336.970360598,5.648646202168934e-08,651434793915.452
10159753.40430066,5.701462642410543e-08,685844475809.5043
9216871.39605129,5.828409445966384e-08,613126601147.0847
9044601.774156827,5.467208736510091e-08,627883416953.9775
9231233.129273392,5.552200822615845e-08,634282810001.8812
8545566.305045079,5.581662394164481e-08,585102299688.1831
10045980.44810531,5.473338393205916e-08,696879135884.2821
10373804.8784219,5.612632313048663e-08,707663854399.4756
9798335.278154531,5.559969578525467e-08,672621407973.2507
14361501.85070852,3.868209542227664e-08,1255624739256.613
17771565.72458873,3.486830628343558e-08,1665092855109.316
15784749.18491684,3.557630536537475e-08,1459252533600.479
7558912.245420922,5.627515901685484e-08,514732372705.176
8904959.154167159,5.537178667346541e-08,612970499549.6433
8518400.706241673,5.486479766623522e-08,589968572545.9049
7243380.322843091,5.946589855349101e-08,475440271468.9924
6717932.355279526,5.753751479684124e-08,450749126141.4589
5876474.484221233,5.709073250764853e-08,396344751243.1276
8912879.986524342,5.747101191061069e-08,598483474078.3224
9004929.712951845,5.602260083063689e-08,615042059680.3628
7651039.747396754,5.692598855344546e-08,517027215238.416
7954666.325154551,5.980039313647181e-08,520178751042.9
8645597.916996274,5.841582690740651e-08,574259270163.785
7403549.123744725,5.786825139712809e-08,494857005379.188
13605457.5194816,5.435018709857799e-08,948227300588.5508
16125422.13453058,5.022166202727645e-08,1184632668904.2
13905598.2686223,5.23357420232755e-08,993857427706.3903
5616373.313895196,5.73959164051622e-08,377458002715.9484
5640039.253726847,5.876452979109097e-08,373140122381.7741
6954284.223145029,5.977443380456258e-08,454892513131.2587
4363489.861999066,2.016248805673483e-08,589030643826.8931
4146761.799053133,2.069438967460512e-08,550140993416.251
5776690.434812048,1.874290192225034e-08,818693243920.5284
8208968.703820702,1.810009285328025e-08,1190788773103.728
6164793.5535851,1.996425281907925e-08,837689676957.9609
5155333.224623772,1.983261619230384e-08,703617669478.8712
18529803.70722407,1.886755823235457e-08,2614530340530.288
12603613.86548777,1.775859793023277e-08,1851637522427.661
15007455.46640401,1.784494730140431e-08,2197675416433.569
15176940.2996265,1.926043332829028e-08,2112225055146.294
11082977.131132,1.966077785739609e-08,1521444003853.54
11285679.4284142,1.835475166348629e-08,1621917281644.211
4163997.316589888,2.56882184104664e-08,478286127187.3365
3725826.621579063,2.674350055243491e-08,416623541338.1074
3980405.625899803,2.257556708609091e-08,498312237301.9107
6800889.897164833,6.845287645438882e-08,406416447826.236
5749568.517280716,7.098811519686365e-08,335360177020.7078
6688866.149627767,6.980053362561907e-08,394560262205.5031
4549663.646050584,2.421117858541589e-08,543628232766.0358
4357664.418025801,2.133831563947937e-08,566431015673.6278
5289384.985913061,2.14681494269793e-08,684765868377.6173
8737727.900398828,2.026170196795573e-08,1175658625036.239
7616429.527637087,2.258806412194382e-08,953159147364.5399
6915106.697893971,2.52862679204967e-08,802679913862.7731
5308515.68823826,7.96599737741644e-08,286734311970.8318
5641863.01042985,7.83285796288828e-08,308183253698.0105
6355467.276158167,7.34989473531728e-08,362209697954.1025
8784772.421880852,2.50055926434767e-08,1027320009633.521
8800528.170214463,2.239435907562648e-08,1107685096411.055
13363517.4054199,2.181829981702928e-08,1711486640273.226
6283882.09560639,7.228903110969261e-08,362114925006.046
5374555.75481839,7.348746744787293e-08,306337656272.9467
5243109.310996814,7.844953551094209e-08,286107117022.0433
6625416.304817911,7.667174109320314e-08,367104427013.7687
7654782.81372348,7.182250714379225e-08,443022549815.9424
7296718.171663114,7.230430037156561e-08,420421406006.2271
7839939.921957298,6.27653217526045e-08,496401282662.9604
9907384.68461225,6.082506430967311e-08,640575968116.0553
8280940.869583423,6.126390806714288e-08,532856030702.984
7460199.724627019,6.430906415946652e-08,464767403802.1305
7533637.45366569,6.593505613591486e-08,461594327329.9159
8627447.625021882,6.387363843684807e-08,539926397544.9272
5944113.365586218,6.006048111652302e-08,387579869763.7307
6878047.151755696,6.25739645087954e-08,436384551569.1497
7291491.826703725,6.107245362750207e-08,470167726091.8412
5807275.93531752,6.497966354304288e-08,359297467990.8431
6827202.387902382,6.620931863275504e-08,417154274805.8011
6757301.19384966,6.458406791676842e-08,419781227436.747
10500033.8267441,6.306664066001815e-08,662711081487.8584
11502654.56569193,6.064415518916094e-08,745198738100.8505
11389330.56370626,6.084539199442154e-08,736229252418.2388
9348712.156334756,6.583467053686629e-08,573388102327.8105
9365820.759465653,6.557464982555481e-08,575954959165.8574
7888990.086829755,6.819569151581777e-08,472625103301.2853
11199790.67268671,6.062713312872117e-08,725713525752.4424
10997946.58189163,6.055698479915209e-08,713184852625.864
10078210.54619041,6.206178987549748e-08,642935238166.7457
10096272.14535016,6.361201889680173e-08,633580198475.6654
10968653.91823277,6.139088526750315e-08,704829495263.0077
9859014.310106579,6.282551738112088e-08,623844160841.1934
11945331.78947819,5.915290556540169e-08,786829853192.3359
12242705.9687202,5.710287756826008e-08,825604573032.3246
11829842.40182109,5.935319655273738e-08,777468645312.6077
15868682.79779275,2.931452280922235e-08,1669112692587.031
19846229.82421145,2.788084292541934e-08,2158443822455.383
15800513.10405843,3.221568744426681e-08,1560604740064.551
9248097.288886579,3.186562406629136e-08,920105099405.7483
13177560.33126205,3.021759394255369e-08,1358298098146.964
13115445.84539071,3.296481132483771e-08,1275702271878.696
9896251.714562578,2.575757469542049e-08,1134664379400.413
14726664.70800128,2.414863907824942e-08,1762690072707.248
13647446.85348905,2.697808427865804e-08,1517204097846.171
13852482.80084197,2.114766998187189e-08,1811420464986.185
9198156.560154177,2.033689770834722e-08,1234556568672.594
10426590.37950937,1.99032398724786e-08,1419688705845.395
17588215.16669944,2.122164341285452e-08,2294575901128.815
16097254.94284908,2.247188859470838e-08,2021430310786.68
12385255.79146268,2.094850764391049e-08,1629807282590.2
20299789.89662461,2.602404360887745e-08,2311576962758.111
16274524.29083746,2.745788689196085e-08,1788120964742.095
17451156.73807715,2.477388348954713e-08,2053500558469.46
6146596.736831382,8.09333204793741e-08,328510923611.9061
6853460.035862298,7.826495039137187e-08,374568865086.2306
6249114.898350689,7.966337353660266e-08,337530260062.9179
9489022.296724321,6.883622493921405e-08,564950118050.9835
9189643.337969499,6.759401287876118e-08,553808779221.1396
9556299.006880783,7.031194218222146e-08,560966595178.0681
7718052.519874101,6.983752600491268e-08,455108729117.8815
8922230.20924175,6.690022650149587e-08,541404298047.3438
7497621.354528457,6.926132859262508e-08,444559223445.0944
8446268.525799586,7.092921763230351e-08,492925673127.663
8108259.567878399,7.112443473363188e-08,472333147499.8835
7688694.817622325,7.456229019284524e-08,434016723221.922
9151873.05237034,6.635770877735505e-08,558361843602.6954
9456474.933991484,6.605430776679573e-08,578711143783.8696
8595159.636200037,6.851058720723887e-08,513352270543.431
8990624.380979896,6.675067933406195e-08,546369012687.6956
9124733.922981927,6.648128400653156e-08,556015984279.4491
8916239.725114739,6.843768123652691e-08,532907147890.6523
9602415.358496191,6.290415707195682e-08,607100964714.5238
10152901.1124417,6.143786906032672e-08,652077767985.9712
9491675.063546047,6.431278094273122e-08,591304706858.349
5916979.241930407,8.430993191725918e-08,307737829690.5132
5759264.282964127,8.330854114584356e-08,301930733287.5599
5236400.741347098,8.536826628909068e-08,270085893226.7539
12719804.40119095,3.563060641433707e-08,1174712591113.526
12262188.8618525,3.844434845633461e-08,1076497430391.016
8376446.997655165,3.635928073812406e-08,763219847924.3367
8420020.463110454,2.783981407968323e-08,916647292227.3473
11903475.71133149,2.847261311915266e-08,1276602151699.236
8186001.338439452,3.07817028843867e-08,833444560917.8477
21025229.58961016,3.265139538189293e-08,2058130536155.375
15401860.67758651,3.772193551215921e-08,1369337636553.891
15914219.95706672,3.480734810513587e-08,1492810674650.62
9955256.682795115,7.69094040546032e-08,550468955624.7949
9899701.837027611,7.766909596981635e-08,543821801744.6235
10276093.22773815,7.742989784175828e-08,565660141913.8566
9573362.147108324,7.443993991330735e-08,540995698550.215
9746520.737055484,7.587918505890083e-08,543794118217.7686
9558373.329927776,7.553499394652245e-08,534915509304.9652
9690889.901324326,7.408254959064885e-08,549397121029.6373
10010658.89593899,7.414746118160457e-08,567194233117.2529
9886705.244464483,7.548962295905218e-08,553511628325.8972
10218015.48911724,7.443456191223887e-08,577453208701.2542
10519783.63424774,7.523711508655317e-08,590271821418.4388
10092780.67726402,7.578469695025018e-08,563581190775.0028
9969295.877378512,7.261046864601641e-08,572793822713.6183
10031403.11024147,7.343031539679468e-08,572064178208.0551
9711300.284892814,7.336943031932059e-08,554115908205.8994
10200365.13128973,7.249509954399128e-08,586691709106.8228
10639491.85721109,7.290866021579171e-08,609632541973.6139
10263186.89355516,7.331527110612674e-08,585894301868.0024
11475533.43931765,8.133036658443991e-08,611323460640.8412
11422116.7737621,8.146053510295807e-08,607829475896.9945
11374508.3387679,7.970291158327642e-08,614162330612.9825
7530515.379096017,8.475148358692711e-08,390295155105.7064
6862292.615113994,8.460179610077996e-08,356081581962.0568
8224795.271259561,8.451838235996321e-08,427062048509.8141
5998462.148931776,8.462319739499299e-08,311205288764.5621
5352725.14491225,8.375248148009835e-08,279625315982.3932
5984692.858123463,8.554144360833601e-08,308264951507.5462
8372754.006631959,8.459074319778229e-08,434496655638.5248
6997498.663535708,8.468747809336817e-08,362852420123.8961
8104848.204243017,8.504276071988946e-08,419102243119.6805
5262235.565464328,8.246219556991316e-08,277758285636.7633
5177872.936642888,8.29824798189359e-08,272161767127.5815
5813278.271408808,8.385334809357874e-08,303440939154.3871
11592498.74569958,4.803801136855169e-08,877243940782.2113
12293930.49267293,4.580588031637575e-08,960306637619.3759
13379221.83908423,4.323588986036899e-08,1086095264716.819
9315767.828243315,5.800431751506847e-08,621696528309.8873
8958236.4527635,5.784402393943126e-08,598940282838.5183
9711295.862895539,5.632339298737543e-08,660923680387.7789
10318609.9255021,5.18277023933567e-08,742300735617.4325
11679322.3474733,4.86223504140483e-08,876718853115.2914
12365082.29304489,4.669617021259278e-08,953548605777.1201
7410941.603287064,3.53279496387431e-08,688326414731.6346
7919281.636261515,3.328502791646305e-08,765337813293.6975
11523164.72623813,3.407463860149247e-08,1096354317849.04
18233551.38653651,3.526424409483445e-08,1695566702606.401
21520900.2468024,3.128621131434756e-08,2167496733246.004
19757396.29795917,3.333147552266462e-08,1907626520149.064
13249359.49922962,4.361532455832279e-08,1069306348031.116
15520157.07392523,3.927229136800117e-08,1343296711230.583
14375158.75373067,4.104265903850851e-08,1208154075021.142
19160267.4763338,3.377687120788321e-08,1833673275915.653
21364189.10401509,3.139613118452078e-08,2146688303939.458
18089327.65788481,3.537092208331956e-08,1678771177575.021
21898547.00408319,3.152077364910097e-08,2194576482658.612
22785424.7997214,2.811725915955347e-08,2464195388647.792
22434018.30536262,2.826820037932147e-08,2417547202798.836
16030344.50940823,4.087167641570699e-08,1351018268750.785
18928076.33795123,3.685108716181909e-08,1709252704233.008
14909915.68057684,4.214583390868439e-08,1231134268049.558
12718982.88333287,4.651638833217015e-08,983365704406.7672
14498755.32275115,4.328800582746141e-08,1176031626767.267
13434188.37693218,4.456092712920312e-08,1068829966940.793
18154901.14654901,4.008724967816954e-08,1549969127211.303
19807138.29239524,3.63201126746816e-08,1806024381553.735
16840119.62994327,4.034583970598991e-08,1431570256406.555
24113824.23349232,3.036745596102168e-08,2477386789601.799
23202908.41371057,2.86372310549711e-08,2478877563983.77
22307862.36171547,3.202658911082642e-08,2211995118730.651
16791249.82537128,3.717895714156442e-08,1507364283947.704
18254818.17831475,3.52515290146143e-08,1697952508713.16
15599406.17307319,3.895357396796588e-08,1357510485700.629
21990041.00679732,2.873441402125419e-08,2344001089525.696
22384167.59349101,2.97295395519377e-08,2332466921966.053
20126834.07575369,3.212491785973096e-08,1991655022070.84
21156176.77601049,3.267993875912266e-08,2069742724032.837
21682548.7565595,2.946546404723571e-08,2272836219246.647
19832703.83376772,3.284410015832795e-08,1933794621335.135
23247811.4165724,2.639020585176059e-08,2622729827937.751
23739791.53091196,2.461522598828609e-08,2805483266739.964
22892843.48381924,2.654694592648249e-08,2572507772390.209
24003525.32131667,2.51827005907736e-08,2793874079838.482
22739032.93326516,2.687220942040243e-08,2534562901179.296
23325407.2436903,2.797533771499159e-08,2531117712255.282
8506438.013367854,8.618131644953928e-08,435985781111.926
8133621.818615199,8.567274617202536e-08,418525750158.903
7009335.463774804,8.623875575535929e-08,359094310611.9001
8319751.273179449,8.820083733621517e-08,419883237749.0967
9195153.262735423,8.646323338722847e-08,470259947184.9791
7709327.757553673,8.811414437457688e-08,389331393534.9618
8779533.852492072,8.780955126279601e-08,444402969841.9958
9554820.54776131,8.654613999866905e-08,488341987325.2081
9678202.937746508,8.607131184171813e-08,496465540396.3093
6734428.640433612,9.166363046813857e-08,331260296306.631
7701066.618923308,8.950000452094989e-08,384889008452.4627
7114218.757321742,8.941087773279581e-08,355795384342.9891
9325100.678797914,9.047111394339272e-08,462714992025.7401
9466499.573054828,8.764508479667988e-08,479775105136.4717
8694880.388170447,8.890848059146726e-08,436483823561.223
10824381.29395129,8.455341227519412e-08,561887006824.9092
10721218.19086774,8.311369193376233e-08,562940401354.9066
10170738.21659337,8.530266018398322e-08,524860745423.0355
11045103.60177091,8.275352051463715e-08,581628226510.7034
11097632.33728299,8.262014510968528e-08,585023120918.7413
9907589.871852757,8.486771171084408e-08,513026374037.2079
10464531.06246815,9.34911243005613e-08,508010688364.0254
9483100.134637872,9.294320409846733e-08,462173715612.515
8522841.625175057,9.542716317605034e-08,408134282273.6193
8414728.539241506,9.74249785204509e-08,397429314497.6645
10177570.42645935,9.460545138234077e-08,490192514250.1499
8264063.07547575,9.654939900429171e-08,392669563912.0166
12640504.42860409,9.32856034981814e-08,614546365869.1478
12885466.76522302,9.062939786217505e-08,638637023398.4399
12000114.59010238,9.259687858773485e-08,586301711359.8812
10024207.14476829,1.082066656777688e-07,441449154528.1258
10625822.09846082,1.067646020302232e-07,472147488065.4635
10774065.50822925,1.067494062674932e-07,478779962458.1535
7350090.741911385,1.125593922497581e-07,315286136286.3548
7001022.461337481,1.134518596850794e-07,298735653740.6002
7941441.167253532,1.120584162111098e-07,341666975187.0638
6598202.38572816,1.126660788397609e-07,282854773716.6488
7196473.063253223,1.122371343749385e-07,309287231373.0031
7578459.61623216,1.112228037377672e-07,327681342988.3709
6151411.18191338,1.150421951746586e-07,260057859951.6276
5446984.087938555,1.168486172693949e-07,227897934062.3793
6264651.217320852,1.14906536230322e-07,265053620714.8654
8921897.763371818,1.115103747846654e-07,385106094854.0999
9714726.808126455,1.104786120170231e-07,421934579405.713
9544121.052808538,1.097615486952888e-07,416328161154.29
9414604.918777684,1.095098123079222e-07,411307608481.2481
8855354.875051139,1.106420921217321e-07,384230984807.7038
9470511.214494033,1.093942444808715e-07,414041405214.4467
7517387.369793031,1.143077898728792e-07,319165821641.1824
8001018.779816743,1.141386917505183e-07,340034797467.8652
8178414.737178034,1.131487585352642e-07,349598264651.6092
11199185.67084755,1.068761137231271e-07,497278110474.5298
10784011.68352411,1.071522650754256e-07,478020049371.5607
10417838.01223843,1.090332941697397e-07,456462226883.1267
12089641.2003232,1.063588038530305e-07,538556306230.4044
11524646.66503639,1.066761645598944e-07,512368817292.8789
10731823.11000432,1.088334554548008e-07,470795056051.1338
13636525.62103572,1.01591245634448e-07,626324705063.7699
12856014.27854705,1.028374329257023e-07,585695914640.0068
12249044.98776108,1.045222349771738e-07,552030539706.8594
14978967.50159117,9.752416630520739e-08,706979869015.5963
14322486.50070862,1.001835214567859e-07,663978819984.5649
13496969.19669376,1.027977994755097e-07,615054657186.811
15426917.95815557,9.545563671037085e-08,738603652028.7214
15238092.02343793,9.4523514091842e-08,734351555805.2578
14760583.97343926,9.811514641726401e-08,693872223142.6658
9915320.92104201,1.083812247628711e-07,436185012461.1663
10661169.20184512,1.069278658746076e-07,473235776793.4789
10180930.2644767,1.074754178300271e-07,450382355461.7119
12260252.4455759,1.036326140381231e-07,555693236200.2328
11690427.46650746,1.044631021194484e-07,527053998791.1541
11243835.58065835,1.055896165636997e-07,503307819492.6946
11608819.08464199,1.047782301884432e-07,522324828981.2758
11922107.495296,1.050577248401073e-07,535469048324.7497
11169176.19552856,1.057394685541191e-07,499493368274.6943
10369365.25464747,1.027116466747616e-07,472794458786.4582
11550544.59301089,1.028981564414556e-07,526014115524.7145
11870900.07990845,1.012627206692789e-07,546408258923.6597
9585547.196562603,1.049067839689658e-07,430937737856.9165
7976744.51304918,1.059877155557801e-07,356168352911.8015
9733888.691887217,1.053074559145804e-07,436496027012.6309
11471247.85674576,8.343513771341292e-08,600774289964.8236
12503994.27424343,8.205826578104219e-08,662166506933.719
11640307.36654358,8.080741008740304e-08,622773784919.8804
11286545.4417532,9.184008413689522e-08,554463360127.2169
11682733.15274153,8.882662221020822e-08,586834572763.5664
10266365.36063831,9.129473370438105e-08,506352429955.0058
13385277.87775037,8.835377622306231e-08,674751689960.9734
14233403.04788051,8.717241843307605e-08,723973524134.6707
12899090.89102807,8.730662878962963e-08,655431973787.856
11281940.763309,9.787553846588191e-08,531211790114.7669
12226033.33528257,9.891470046947634e-08,571625615632.6759
12360043.40801959,9.599807834415027e-08,589537772631.3457
11790228.25691482,1.043141059911327e-07,532059480591.2975
11889432.33728255,1.038889040466085e-07,537999257709.4304
12105938.79983659,1.045982511685704e-07,545316776035.2027
10916572.66395709,1.061862528847523e-07,486826390326.6756
11356681.0607842,1.050610245136232e-07,510062828530.0245
10921885.1319999,1.060231257249646e-07,487562769702.2806
12448553.30659394,1.031114491827466e-07,566127549579.9082
11973873.74693259,1.035142639832887e-07,543126769772.2836
11874317.26843072,1.039449657169161e-07,537122083303.006
11660110.22029523,1.055910775608696e-07,521936706932.2825
12252486.80429009,1.03910474357843e-07,554350816904.7411
11236398.8539785,1.058723212681915e-07,502079153863.9999
13681840.91158945,9.944598162058802e-08,637411229427.142
12831330.419954,1.003377129612611e-07,594240467164.4038
12983041.49595954,1.015731639816458e-07,596380989554.2695
14985928.52218149,9.511782847022115e-08,719187900483.8073
14424630.97832734,9.782132557349881e-08,679436721963.1069
14512419.48961033,9.869876458170197e-08,679514422610.1655
16278593.22751079,8.708597298157171e-08,828548748111.1388
15395293.0993061,8.783925413965651e-08,779104181474.9694
15763067.32946984,9.19142549814729e-08,773960535364.2734
13520380.77324136,9.063191422903044e-08,670092598419.2675
13269427.29724028,9.327931535098625e-08,645151848714.6056
14543646.96191381,9.25926561264354e-08,710595242355.949
9069041.080484159,1.047574436182285e-07,408104554182.3287
7737540.902518026,1.047194146712521e-07,348271674306.4112
7506199.817629625,1.058398547630511e-07,335470213037.7183
10285685.31713216,1.040464470742189e-07,464959433469.9406
11149171.40472369,1.035920531276991e-07,505465631772.2523
9989254.324485192,1.034091164585242e-07,453412879096.454
8160770.776211214,1.041469674810479e-07,368666288534.2517
9526775.980578661,1.041852931316099e-07,430270602205.2055
9241571.783248946,1.035508260444672e-07,419092732146.4112
10659474.09922974,1.050312193997108e-07,478839725960.7011
11588447.54962475,1.048897691928876e-07,521038529655.6041
10504213.45585858,1.046313258512497e-07,473066708389.5156
11394320.9369227,1.058532657218296e-07,509196731204.4417
11997192.68220638,1.051907379147471e-07,538387084330.0245
11750741.27849621,1.053050887630629e-07,526945490133.145
11226061.82464847,1.060422804931281e-07,501081140297.6936
11074730.12917489,1.060538411652794e-07,494290446731.1799
11824523.31738744,1.053762814793338e-07,530015287004.3142
11632868.21739204,1.00108219965002e-07,539560707446.635
10712428.22608046,9.90760242037922e-08,500313488228.4798
10062748.81517555,1.007921431997352e-07,464621010906.1252
12963799.72648914,9.604448823310596e-08,618135968427.9287
12826546.8386665,9.896169813234037e-08,599512614223.642
13676901.32206816,9.806214468486592e-08,643161622272.0078
8589512.025683865,1.007034351502666e-07,396831040019.1591
7883557.570345231,9.924173869324473e-08,367783860535.5125
7123203.094929847,9.95093048115122e-08,331715831263.3863
10414372.1618463,1.102332559445579e-07,452992838777.8392
11047387.08092764,1.088894681664531e-07,484472339836.0391
11923525.5147308,1.070846590026979e-07,528753408518.6117
10972214.3650322,8.097870205407749e-08,586201703532.2489
11242711.69819174,7.97919095401558e-08,606594546677.5393
11000616.56794559,7.942427302860352e-08,595362571436.6823
10125485.01972716,8.491851614366221e-08,524100094058.5093
9999274.705354689,8.539394915779187e-08,515644552477.9363
10545156.22171392,8.320367943052849e-08,553296593794.0963
9669566.902154606,8.54558682967465e-08,498401218048.0546
10107008.08924617,8.495815715149466e-08,522980975724.1519
10793707.01195117,8.333704606844473e-08,565733492039.6396
8933660.746262377,8.654938967027872e-08,456583398571.8325
7855121.109384988,8.77019987021427e-08,397935995014.8184
9354314.512366898,8.605031770973231e-08,479928987934.1837
11101952.80920333,8.341907220246881e-08,581508151227.2603
11268278.81717587,8.078532101337929e-08,602979593131.0625
10997472.21731581,8.198194137437008e-08,582747932281.4886
14957590.15749845,8.569707610494202e-08,769515950408.1388
15828419.59156893,8.493897115263649e-08,819155258594.5018
14029190.00656786,8.333708093936375e-08,735315534330.47
14923421.3483179,9.132341614960456e-08,735891243391.355
14750260.25539834,8.817955640652604e-08,744539500004.4821
13886639.03912138,8.935716245046834e-08,694775081812.1864
15340202.83626427,9.228392131477395e-08,751185290848.3917
15529658.43351622,9.321038651200603e-08,755415162904.6581
15164633.36507162,8.914250190536669e-08,759933113302.8433
15744698.51227164,9.368417196481137e-08,763291103575.5333
14795500.16290377,9.50086721064792e-08,710592826560.4847
16079165.24220765,8.78695257160507e-08,813525761763.6638
7969241.512397501,1.187249222895389e-07,329905122703.587
7765766.130081608,1.195462538979324e-07,320007624792.5693
8311071.562657095,1.19376370460084e-07,342803127047.8547
7888390.452784719,1.14867452086263e-07,333828753005.0294
6991090.392427211,1.165729862555652e-07,292963131698.4449
8165960.147430319,1.145112888703924e-07,346291411714.7401
7762513.944610327,1.198906876195632e-07,319260673871.8952
7956067.516666677,1.201078493675017e-07,326826703032.7584
8307707.119619321,1.197229572222355e-07,342002715014.8413
7037097.311384004,1.194566696655056e-07,290125980631.3912
7448409.22265252,1.195637008232524e-07,306900288292.4197
7647710.774127739,1.187460533684805e-07,316557056438.7686
7176457.226211293,1.20579611012036e-07,294031718139.6096
7671767.779324518,1.203223184658738e-07,314773372669.994
7481725.344154044,1.201046422228024e-07,307346707619.4059
5963131.889725271,1.209587199337122e-07,243808940302.3344
6645177.118129213,1.206982483955785e-07,272085824517.0834
6542252.463150411,1.201253339755513e-07,268722621330.5859
6697805.966568838,1.209987446834212e-07,273786472022.7837
6703621.22065314,1.207371490467933e-07,274419850002.9212
7322151.069546164,1.204128945600286e-07,300277888988.4411
12807153.50483407,8.939827892040398e-08,640569873606.3243
12331680.05711077,8.835399423931643e-08,621638814424.0839
11924543.80370752,9.13616570562106e-08,587849014758.8755
10077307.18759353,6.788258523015456e-08,605581010557.714
10016427.7452374,6.894487914546066e-08,595723665089.7665
10471242.94150912,6.781671328222858e-08,629661409253.8934
9643768.114546111,6.558725344778489e-08,592971466852.358
9892385.521397676,6.662369303205788e-08,601933570123.5103
9916556.685081063,6.48854080002623e-08,614133618912.3837
9809302.191969646,6.872227782604676e-08,584664085005.2347
9852609.642181976,6.917366514846984e-08,584687871314.528
9912989.94956688,6.810807843037672e-08,594391030980.0924
9907656.166511448,6.973749833992355e-08,584781130395.5677
10582218.57328175,7.181212311583527e-08,612507695749.7509
10277301.65224568,7.060217330834587e-08,601635873540.0364
9982172.132314328,7.175847734779869e-08,578064427227.7537
9825160.672967322,7.151180154276543e-08,570279616041.7046
9980643.671325451,7.102790342487689e-08,581932421156.3406
9772804.974238748,7.326136225014507e-08,558173532009.3859
9709229.451516731,7.225732816237171e-08,559667599677.4532
9608677.753598852,7.326249872673851e-08,548793734090.348
9555292.349635566,7.505579785930186e-08,537016729215.4904
9734079.084740812,7.395933900906527e-08,552458325758.9275
9570278.751871688,7.396408972906702e-08,543138568167.5507
10131750.98766183,7.49820665867016e-08,569787481683.4788
10309648.6565983,7.434352230694709e-08,583107252108.0355
9996850.066835515,7.402265953520938e-08,567048303540.0125
10206596.03358596,6.945723645086289e-08,604044952607.0537
10851007.4400232,6.993088989152646e-08,639279372531.7021
10665660.70491751,6.832832851023297e-08,638146756083.844
5788540.106066783,8.594804656224056e-08,297220234870.8516
5167306.558505132,8.415626713823942e-08,269074939820.5404
5232551.405326443,8.625160185746029e-08,268041510875.743
6547274.251035918,8.59516082877162e-08,336169154099.3157
7635272.983244939,8.538518341183779e-08,393764196834.1241
6561675.824518333,8.503261757259507e-08,339331678263.4831
5299345.242498862,9.631984958229265e-08,252199961989.4802
6333800.994827551,9.034336646312263e-08,314581781459.8691
5361087.292598874,8.955846669912365e-08,267823354747.813
7235153.911688286,8.788773153814559e-08,366012235821.1468
8271653.546536091,8.673511691585689e-08,422145687603.984
6796362.256118336,8.67926715226028e-08,346700511002.1038
5566515.906580934,8.721926781214947e-08,283036099133.2714
6556921.782410605,8.800853792950524e-08,331398190074.7773
6139532.114447695,8.691324393414109e-08,312904134915.6532
11618642.58155295,8.468830999055797e-08,602475995151.1422
12239846.50890887,8.5799334896972e-08,629197068917.3384
12657860.2197606,8.33025695891375e-08,663622899052.1841
11091045.85648867,8.260204846817064e-08,584761299417.8019
10394798.4312892,8.42195105220446e-08,541012870424.9282
10819957.83706896,8.250643826868082e-08,570909156959.1359
10199231.13207429,8.991873100725741e-08,508160208116.6686
11611110.16309667,8.745538481461462e-08,589317551126.33
11006282.05117432,8.634336923496719e-08,563405795947.0413
10531233.64190468,8.283937653691417e-08,554184915189.1246
9263184.839048803,8.413365487805969e-08,482444277815.9446
8981280.298754113,8.457818476549375e-08,466121723852.2681
7581350.815747605,6.612682071389124e-08,463619290654.8428
7653715.51007516,6.742969219807907e-08,461995980666.6723
6942884.389277523,6.905142045108729e-08,412500857495.9838
23432513.24371213,2.732490492194883e-08,2582932745642.791
24347881.6808498,2.912580012407587e-08,2572029464202.137
23215220.28185384,2.694555113954585e-08,2582942638596.271
11848488.08524838,4.764161226715889e-08,901582145670.835
10207066.05414067,5.253872953749931e-08,727636619422.6938
10940242.00228207,5.017258363681759e-08,804234349931.8579
16842430.39734787,3.753624110389338e-08,1502349261800.209
13839833.19665893,4.308861254816747e-08,1126045266126.008
14353848.26504938,4.242309984978935e-08,1180049118658.553
12008057.25203359,4.677491198008129e-08,924976637899.9219
11238045.86443834,4.972657294193463e-08,831058853471.8318
12286352.30431898,4.639578277858203e-08,951562444588.4713
8836185.908310881,5.593420095032719e-08,604152465825.0669
10177413.75487486,5.224125559452248e-08,728274370473.5485
9470711.87781612,5.461387919380758e-08,657931390734.7561
8804147.439634936,5.587316051885789e-08,602400256357.0741
9338381.433679387,5.440160161180713e-08,650424889583.7677
10143027.49452293,5.219880488440881e-08,726207220850.9091
13441378.20500014,4.598194396434653e-08,1047254533969.427
16522507.21012761,4.249481527307907e-08,1356808803959.968
15269363.785092,4.276094601343465e-08,1248694136182.13
8062120.594695355,5.563277367682395e-08,553216954386.8348
10551119.75890056,5.085014726241955e-08,768723945016.8597
9259883.596462237,5.406502889222077e-08,647631405897.5894
9718935.775282646,5.087948408577009e-08,707821222029.3508
10170259.80020167,4.963670656420204e-08,753003061334.3398
14526307.90387523,4.484983983467568e-08,1150750876575.745
8674783.55928554,4.507937567141917e-08,684867755125.6492
11653236.99565588,4.290353562085873e-08,950862799234.5552
9456294.825839562,4.820394058376558e-08,713947004471.4595
6673938.144562372,5.171039131270139e-08,480835983797.6541
7495147.825941424,4.729643659548063e-08,573096718697.115
8222769.154666562,5.037704219229437e-08,602832032759.7218
5510185.911687577,5.738074111010581e-08,370386785124.2535
6179249.210843868,5.422681528653046e-08,431313426769.5983
7672623.349560285,5.29324801924598e-08,544246590063.804
4835638.875638031,5.920900671536066e-08,318318595614.127
4737023.5520119,6.029676447777343e-08,308065363012.412
5463624.170914192,5.609532078482804e-08,372846205052.4637
5447701.035364047,4.354710591516268e-08,440122665123.165
6095960.04790377,3.916646231834142e-08,528565989043.0867
6802426.534433969,4.327822802506736e-08,551845551851.5782
8154715.817854823,4.247035920260889e-08,669912695583.162
7379371.840479122,3.808225172848976e-08,651935026511.9976
11049185.67663269,4.014374036268167e-08,942435669517.4694
8679554.410257144,7.484195509558891e-08,488728141954.2699
8308098.7174366,7.485556313324515e-08,467755526067.6551
8756825.202789966,7.395949722681006e-08,496993505898.3623
9644042.132098291,7.702323267405213e-08,532735049891.7281
9159623.974136822,7.559946671481208e-08,512308809384.7796
9846908.333390359,7.558004116058349e-08,550843816917.9265
9365914.526174296,7.745286911969458e-08,515456297569.3876
8747088.998939669,7.729812558745901e-08,482041286487.0935
8888623.262905523,7.602871199187007e-08,495278425771.5905
8607198.952435307,7.555883793422568e-08,481583569766.9012
8467932.343901094,7.682689696839242e-08,468563567769.7877
8237311.749838908,7.557160270624296e-08,460836016758.2511
10624914.35473852,7.820514193975792e-08,580989877198.01
10009384.05625958,7.767515734474171e-08,549818386282.0743
10216037.28285436,7.623134744196775e-08,568233375064.6943
10836736.0666001,7.950404489937644e-08,586100843340.9854
11059486.5305025,8.142737127857078e-08,588691846657.9595
10215009.25877714,7.897372800337313e-08,554945505229.1987
9271546.930271981,7.985347780786887e-08,499984234811.8947
8226003.074569499,7.87052863288229e-08,447905365936.4254
8595455.77725441,7.831332025253561e-08,469582408308.2624
10033566.8354096,7.925842718692123e-08,543782275853.0179
10870660.13809324,8.171290082357344e-08,577291946914.3671
10098863.8090092,8.064482570669526e-08,541030203113.2355
8924026.031092906,7.82343236291107e-08,487860818718.3771
9548972.645742672,7.838931828486633e-08,521337210895.0316
9612675.861014826,7.97745370341942e-08,518722122069.5624
11206367.56407504,8.108217598005257e-08,598202099443.2799
11048660.74149838,7.921073863362172e-08,599036929086.4767
11117196.06190253,7.78516055781054e-08,609747763134.4381
11379596.08595253,8.262404659567254e-08,599868245904.1938
11815330.2287022,8.401861814321114e-08,615926431254.8755
11220670.71601571,8.075208390162616e-08,600596769552.1238
10901175.55325908,7.995000137379437e-08,587391534599.9534
11169140.26538787,8.126712407587318e-08,595309963133.9231
11080117.29534584,7.803622223092495e-08,606755236809.2844
11838307.62398247,8.403604635286934e-08,617038903357.7792
11469929.74747485,8.269347367330889e-08,604291660528.0836
11243062.71106886,8.076923642170915e-08,601710118781.9374
11891893.64166593,8.781454146963174e-08,601921779320.634
11985633.50994392,8.578462023826937e-08,616199543064.0332
11546740.9261339,8.4389719324972e-08,600159097005.9377
11976168.46561032,9.018113718571477e-08,595535184417.9922
11880706.26373051,9.385668071796344e-08,575261705499.6558
12070239.25193559,8.81512399983141e-08,609392251896.8428
11489313.75850448,8.829546468630155e-08,579431131684.8945
11098072.83455516,8.75321662389773e-08,562949087734.3265
11371539.37045133,8.489710792140073e-08,588695426715.6025
9231686.448527673,8.599810304715756e-08,473829174636.9777
9638951.584949395,8.854409759107768e-08,485202900219.9951
9922790.625645332,8.829733571535388e-08,500420886710.0812
7729233.750766565,8.093943132705838e-08,413075726905.8011
8246754.223012951,8.197088098486721e-08,437028724867.4531
8513555.897990385,8.321151258894274e-08,446671984513.5719
6757486.274914115,7.945279452486774e-08,365633282199.0598
7185167.625358363,7.990396254860887e-08,387309390084.4903
7245955.631332374,8.054876304800509e-08,388498864149.6964
7137083.53350431,7.894714468324288e-08,387819666267.2645
7450021.342119028,7.943542461318964e-08,403163650850.8875
7303223.513252317,7.958083497128995e-08,394737995405.8326
7902632.000367668,8.022375638400069e-08,424850789629.5104
8449038.703945605,8.106887833697545e-08,451063677915.7158
8269669.490269572,8.139957896193441e-08,440291242167.1154
10501175.83934803,8.644508565525298e-08,537127916346.1017
9894079.248302067,8.50152970861394e-08,511733678643.4784
9999183.868754461,8.274199346078038e-08,526599652048.5554
10498187.80877863,9.043326375360686e-08,521069357771.6438
9933279.300076336,9.459723026791668e-08,478454194658.4835
9945308.156903617,9.309723231466783e-08,484165378638.6932
4527145.79426943,5.809833940002856e-08,301797289329.3809
5802639.028675914,5.63992018787135e-08,394557451074.798
6889318.660451149,5.491178211259508e-08,476869171806.5672
3897531.691737611,6.295992933067123e-08,246271128591.3088
4315295.171889877,6.051933940044249e-08,279950375806.3448
3729898.763746979,6.03759209698224e-08,242356421927.4709
3655859.934221642,6.579090021774175e-08,224325681495.4135
3732966.42313983,6.474768720925309e-08,231510793545.3601
3556817.061235448,6.402671829949915e-08,222239217984.3635
4190372.625923075,6.61454495462376e-08,256204052993.8242
4436353.097574593,6.207159880777891e-08,282985478801.2739
4012622.241065193,6.444827590392881e-08,249624614301.9195
4764117.255688791,5.777534651301759e-08,318777310835.9833
4945597.920213743,4.921470742681103e-08,368260834807.7371
5492718.836388963,5.352720477938268e-08,386726849826.8973
6347127.839248331,6.495763431578662e-08,392787006081.5322
5733156.000240322,6.580764838789938e-08,351730080429.3378
6514205.722317699,6.337729491909747e-08,409800361621.448
5274937.6043244,7.296209298784311e-08,302101214411.5393
5251807.497821092,7.145291289794009e-08,304996957264.3904
5717476.414445921,7.040765518647831e-08,335318715895.4385
3238728.992120263,6.949353649076292e-08,191607130429.6973
3399907.970748869,6.860977650459191e-08,202866261177.5507
3518866.989508722,6.945278819918512e-08,208261852729.8973
3608222.153962993,7.245302242143293e-08,207613503526.9852
3368121.677736157,7.14175694316253e-08,195667064153.3594
3292531.616275467,7.202657638389419e-08,190196026333.3906
2983203.922514864,6.715623951056499e-08,180561586429.4858
3400830.833316802,6.593019804629654e-08,208382915153.0968
3323502.554748704,6.742248249308522e-08,200628606867.4057
2846000.400327478,6.892835311727656e-08,169291968683.4501
2811842.420394463,6.813072293554256e-08,168563023942.7824
2987608.884024533,6.928283959657503e-08,177108724789.0947
2706441.153018285,6.845355450948765e-08,161733971987.9088
2436529.983523592,6.738016815810848e-08,147146645667.7832
2673133.761852938,6.764087870512578e-08,161020509783.1655
3132948.176326504,6.898172458085748e-08,186264680818.4965
3010347.910474856,6.913384972537163e-08,178713021039.1042
3517282.618251085,6.960770383850525e-08,207859108659.6904
2454006.333924254,6.641610704069367e-08,149632776781.5444
2780484.807855349,6.455143247708393e-08,172789203890.8745
2691437.511653378,6.663441810874484e-08,163751477791.8857
4088739.594130369,6.774780931163124e-08,246032576250.322
3730570.19946892,6.902635249949012e-08,221699782330.2215
3608054.700234052,6.816989312967966e-08,216211125556.5092
5273407.621170575,6.60632750591408e-08,322689332930.3889
4808766.849554908,6.621417283714609e-08,293809893423.5268
5705890.624875946,6.347100273677608e-08,358596904381.8413
4883774.033047473,6.777927252881258e-08,293781397597.8331
4173216.117486228,7.029124530862048e-08,245021043058.1791
4437031.294560821,6.791077514447028e-08,266563101860.7983
7618444.999481693,5.903231374217188e-08,502504319808.9037
6946242.025694836,6.124768949970136e-08,447050691693.1498
6604846.934108989,6.108429956874053e-08,425836638738.4657
3927377.316530167,7.296548781352763e-08,224918045317.0605
3921887.631410644,7.26568321731973e-08,225239302475.6118
4089470.397125538,7.449552862025458e-08,230983131340.2845
4168652.834925346,6.838691056471724e-08,249275964657.4749
3913064.832478601,7.075858894015901e-08,228734110356.8859
3806920.400893415,6.967170589905508e-08,224837889505.6079
4687896.418132444,7.214096273902861e-08,270514190011.3493
4143281.235839268,7.434989105349631e-08,234328001626.2581
4079214.983405453,7.245601515875694e-08,234707497957.873
5743955.64168547,6.916565261976226e-08,340892482904.665
5277186.777030787,7.02092606459566e-08,310079364868.4807
5377044.806789143,6.800261085270148e-08,322745303120.0904
5862635.469986517,7.043911315913494e-08,343729630794.2643
5819365.54854578,7.158693555673626e-08,337535760078.6105
5414401.719890439,7.299881039844023e-08,309984481811.532
3746654.221599245,7.295965534538664e-08,214579600026.3931
3728915.608913527,7.437636568327828e-08,210843031836.7746
3388955.853669612,7.273662145782606e-08,194489948694.7052
3607306.801628176,7.060915014849685e-08,211158754204.7946
3715990.195964917,7.201438972885357e-08,214681705287.968
3359795.391139486,7.180143298457548e-08,194487079790.007
3940939.430307914,7.317706700214572e-08,225259488878.0118
4003914.74252209,7.507046280161004e-08,224994598698.5246
4108924.493201381,7.502444994966042e-08,230989876818.9878
15587116.517024,4.261092000957818e-08,1277669441632.031
11060927.91849954,4.758720078939649e-08,842296099121.5878
13427623.69065097,4.221962096530354e-08,1107446976065.677
7892591.073169351,5.539312956133445e-08,543144851364.5866
8543686.392671037,5.325619067278563e-08,603575912166.5032
10357048.90983829,5.066782948203494e-08,756393567633.788
2790519.494723052,6.531044231465002e-08,172066626529.8096
2451556.31968008,6.650251665738907e-08,149353872513.3781
2668789.348214537,6.659427631159489e-08,162438770288.5731
3393453.089296614,6.109849778931474e-08,218753408282.8125
3121644.446580635,6.344678220787132e-08,196235255402.1136
3381622.521647899,6.283963497344871e-08,213945271057.0405
2814724.942779392,6.408699848871559e-08,175761064290.747
2486179.860777311,6.592995380178488e-08,152338858323.2735
2827451.049723896,6.468248288025123e-08,175470443371.9715
4375288.960077234,5.993402837745574e-08,285687405256.1598
3331654.960456034,6.194470742614179e-08,212809272511.6736
3626684.991092312,6.011062886467666e-08,236342769672.0028
4390525.390701565,6.088925771006508e-08,283676073226.6733
3682336.086794677,6.372787960164108e-08,230800694677.458
3344952.30642492,6.286580253407434e-08,211566525483.4384
6800168.089484506,5.724001668412992e-08,457846410273.261
5815753.914696486,5.803793025616524e-08,387969939865.9346
7405452.60073233,5.509232516806015e-08,511474757517.1749
6774442.399250105,5.985337912997574e-08,442738991634.278
7171786.609335777,5.787574649225142e-08,479324493350.5958
8303834.564921142,5.633482679021205e-08,565059324579.1455
6048106.676520769,6.133249326339496e-08,388889033234.0036
5325448.638901124,6.223896231485735e-08,339089731436.3304
6423858.174645094,5.934742340941537e-08,422209529779.8953
2483722.437468838,6.760542878799272e-08,149663310084.1238
2756166.677913188,6.862223699251105e-08,164435492552.4848
2873529.677558676,6.850215368805074e-08,171637772494.3076
14754096.57099242,4.018668433545183e-08,1257547808520.204
17339425.40386534,3.648563559293442e-08,1576231821194.123
13422726.90993362,4.210696930660256e-08,1109016732186.043
11533760.41443185,4.781997021532535e-08,875450089750.5586
13316113.5149542,4.30200350454339e-08,1084585137439.391
12052859.59511256,4.493867736119591e-08,953549494084.2228
12980009.68592068,4.434376218305547e-08,1036064179690.66
13269285.19218221,4.396526640871999e-08,1065224276787.628
15228523.95467913,4.000201548850042e-08,1301976748342.435
10924213.0157517,5.059838940259803e-08,798544331829.3627
11683576.01378736,4.764810560009878e-08,888952787415.5677
11000036.80455005,4.987730507818663e-08,811818264952.6094
10309833.46478881,5.386839516584472e-08,722817999239.1831
10584428.07805992,5.215057963953894e-08,758277150908.4926
10659065.40181808,5.143298177564059e-08,770710587491.4746
10168104.32022434,5.281509958244668e-08,722328234951.202
11806507.43953892,4.790707586357262e-08,895065881621.6495
10779336.62438372,5.123660960762165e-08,781397070042.775
14829639.71702378,4.221637939081786e-08,1223141243836.885
14616246.23770082,4.248653528884159e-08,1200424839113.345
18597008.30697235,3.716888194481394e-08,1669770382004.926
16350721.92492886,3.801651471276588e-08,1446179052464.363
14318137.25855891,4.198932639587753e-08,1185206204468.964
17369655.33320193,3.642829334565841e-08,1580636418501.005
11740277.50618786,4.818760171026445e-08,886587262986.1128
12971637.45941096,4.523777454929789e-08,1021709224169.512
13172712.14244146,4.498555482942738e-08,1041421359203.871
23394557.15222116,2.382600763437722e-08,2825404576061.088
22756092.30020495,2.583964681764163e-08,2603594254028.203
24021052.5097873,2.414296966559667e-08,2875620516278.068
23174523.6014128,2.27014967957674e-08,2890510069049.77
21108200.26603103,2.164440218100353e-08,2717820744629.409
22279276.64500673,2.17316929849818e-08,2860917794329.983
23131373.33565341,2.602196527283209e-08,2634155180824.944
23982682.32860886,2.405756140195789e-08,2877818187387.042
24216697.81187752,2.422677986630775e-08,2892351876324.077
23294299.42855458,2.615311252217589e-08,2643833282128.263
23077649.74723824,2.570568390412725e-08,2649550099268.564
23786768.62282951,2.435677962786091e-08,2830884846112.935
17795099.0628268,2.068030928439915e-08,2361904808342.547
12558960.49842094,2.010985933875468e-08,1698299724722.233
16896301.33737013,1.990966481098016e-08,2300112160198.297
21260520.44689897,2.114417525020933e-08,2780439129812.473
20116897.67248616,2.106527642264632e-08,2637441882901.104
19160525.78731963,2.036705666690833e-08,2569144754680.905
22198416.19874415,2.278834579489063e-08,2761723035903.334
18577832.89519594,2.2762152178544e-08,2313056123133.084
20177104.38456059,2.182693643837925e-08,2583431703990.984
22660573.67958118,2.355683883730786e-08,2757567973517.484
21968573.66718567,2.508815250176996e-08,2563437541063.599
19000827.44605507,2.363713821049722e-08,2306973385223.579
23387445.83140037,2.800922475016515e-08,2535802363784.219
22984544.71046955,2.700934718128014e-08,2553249059064.457
24066458.64915226,2.523059764580533e-08,2797652894318.478
18323569.09723747,3.560287999096613e-08,1693115751036.013
15723588.94274235,4.049903295381348e-08,1333281683633.738
19596521.41960942,3.543209615120784e-08,1816551672315.343
22723177.99026837,3.032193180386095e-08,2336851737131.284
17395730.37290551,3.239620857220936e-08,1711774464231.917
21629417.31581602,2.820981944718772e-08,2334056056924.462
5885680.608540569,2.687880290013656e-08,655928864378.8317
5277330.146761011,2.678284152221111e-08,589535320540.0385
5762036.989345836,2.288775087289211e-08,714782586128.0966
2790802.064282504,2.640100585945579e-08,314761823922.9783
2047812.652249821,2.649760226076303e-08,230401783912.2068
2061993.741447563,2.570877820936333e-08,236718963767.4706
10203599.40082181,5.347017368310204e-08,718917413412.2535
9934022.769576984,5.518788162804298e-08,685324095699.4498
9172203.421596,5.671123048641057e-08,621385284721.9948
11647611.12907724,4.832918115617832e-08,877870734905.4264
13074544.4174235,4.512164255259827e-08,1031580912256.421
12584183.62851099,4.578571724991799e-08,983267532333.0928
10277139.63024851,5.01740968117183e-08,755473464779.3737
10332160.05892473,4.913325883496355e-08,770206912110.7512
10417400.29555888,5.098465368704662e-08,757646061678.1871
12050478.73520925,4.567064777494832e-08,943147286679.2233
13869012.1207973,4.481529637448276e-08,1099245456252.824
12504915.35164347,4.694137690395195e-08,960970833751.9778
10420160.73391643,4.596246954154642e-08,812092528272.1035
10924499.29100421,4.471946126714193e-08,867102620721.1631
11112229.89871806,4.345156325264621e-08,899078503631.6182
10624771.10863019,4.873646748859293e-08,796312533031.9316
10336497.88388877,4.738366713146182e-08,789382766657.709
10984143.07257628,4.65431734065732e-08,848911050796.1593
9904710.749496391,4.861112779688852e-08,743620463591.3994
10618744.46350073,4.600935795198984e-08,827006750537.9882
10121597.68943476,4.725234633703275e-08,774402629179.7134
12194941.64693408,4.106641923095989e-08,1024523290392.288
13388774.51793868,3.846721156023814e-08,1174934591881.538
13449129.98228603,4.029187852280711e-08,1144324457971.436
10372811.3971637,4.978216091907295e-08,766503222840.1095
9977440.935823958,5.072387056768172e-08,728133325404.4879
10088000.43546653,4.842863996528464e-08,759282826525.0096
13389203.66057406,3.73488115402296e-08,1198312868022.766
15552656.33520253,3.3520132188227e-08,1496008612675.718
14045581.62286169,3.63692113411556e-08,1279529998019.691
13242532.67378016,3.961466830452519e-08,1139550835522.537
14610546.08024865,3.651252206710332e-08,1327512319296.359
13054642.94957933,3.859339887255254e-08,1143114269672.614
10790481.87576903,4.658057722325485e-08,833497424683.6606
12053083.04214765,4.299309806803157e-08,982122486065.8009
10984175.02051798,4.540809352659727e-08,863002258120.7131
13172285.69962841,4.213910059620137e-08,1087771394406.904
17054619.87583972,3.651472905929707e-08,1549518107356.069
13717746.85578129,4.032063391690984e-08,1166624832836.119
19555159.2581361,2.041810502334849e-08,2617687113246.787
20647680.97850257,2.159036531368772e-08,2662959864615.438
21279990.72806726,2.034199191932495e-08,2855677213063.407
9691814.999401497,1.774118841073013e-08,1424787108105.321
15655875.0152369,1.882473067724142e-08,2212372057086.906
13815887.46559538,1.779120008542729e-08,2027256140262.999
5820333.207882163,1.886953640746462e-08,821183777549.2415
7437153.651958425,1.791525408394087e-08,1086237452562.761
11095024.17017049,1.733667914033062e-08,1656345676092.263
14401252.98862954,1.978071043801409e-08,1968969653771.012
13734589.64129607,2.065782321793775e-08,1824284845787.006
18924871.26906399,2.083913387442371e-08,2499078074366.964
4347504.215084258,2.045253456430207e-08,581311063100.9271
5215399.322973765,1.970216179347915e-08,714954348840.5364
6013194.97777547,1.877040766573411e-08,851378769397.196
3628307.308803003,2.161882389892227e-08,467537037912.4536
2996916.089593072,2.303676814283944e-08,370163462709.434
4424584.115453218,2.059782242219672e-08,588832242807.5043
23185353.57237233,2.251582114086883e-08,2907737493568.284
26056798.30121337,2.465251849457119e-08,3076192594824.287
22283650.93552434,2.386664635361691e-08,2688182491536.254
24919391.97021316,2.480017888634742e-08,2930224526066.075
24047894.39428112,2.753483645653871e-08,2637274821434.791
26797300.55726308,2.583887430668345e-08,3066022383507.801
13595474.72616339,3.692383792519378e-08,1226092265692.462
15182382.20764696,3.484001063032576e-08,1423271439163.57
15487074.5799003,3.292647294145798e-08,1507552974110.19
19947130.85142147,2.605513250376052e-08,2269611791926.852
21730588.81779234,2.633087699838882e-08,2455243733982.466
22354602.28499911,2.429847413140653e-08,2664695649727.574
23008610.06504711,2.225301348760333e-08,2908246159442.954
22499183.33457052,2.147091200911498e-08,2912503302463.525
22352255.76611865,2.069089076991697e-08,2965754737923.92
7811521.25658917,6.948290796619285e-08,462186186594.6873
6919783.169705084,7.164175551926655e-08,401157583536.2374
7694822.951632182,6.861658823607001e-08,459105559200.7457
10523211.79218737,4.695208282102634e-08,808559038271.7444
10179942.71508729,4.916945433883496e-08,758487465752.6282
10333644.75254627,4.81246867377494e-08,781042950730.4055
7824846.660710418,7.781294808291768e-08,429313543405.9686
7626924.136887164,7.62871820329027e-08,424015479249.1726
8185278.422146055,7.742118842073634e-08,450602469511.6302
9531066.124204936,8.386249870901455e-08,497465480894.0246
9045534.796280084,8.183488513675336e-08,479890254523.858
9634229.727120647,8.159021131806797e-08,512143453665.9839
7004550.081891977,7.614160709630015e-08,389911057985.5396
7241993.467564212,7.456396887236669e-08,408794883103.4458
7276899.194472476,7.538363715650346e-08,407782233522.5238
6596176.590793053,7.642747400955186e-08,366262624637.8651
6496887.256089804,7.457802205769509e-08,366689175254.7266
6720111.297670004,7.635106962181761e-08,373393180687.4384
7097314.052516552,7.930294689855403e-08,384504245089.4746
6635754.433191142,7.833137125763983e-08,362465341640.0855
6933546.490573144,7.867071056444491e-08,377641792223.0403
6432462.561801919,7.023047987225571e-08,377885455517.6205
6147233.640777546,7.069826799614414e-08,359534472246.1006
6487574.708415225,6.876241066801569e-08,386528608147.3615
6387973.227861896,7.742653423883208e-08,351643996654.6549
6287282.898321842,7.642454030958319e-08,349119771971.8898
6487396.381468599,7.701190004824481e-08,358397695574.976
6274211.722870694,7.760718721471918e-08,344845482476.3779
6034939.556224063,7.7735721557132e-08,331328785550.472
6174425.580210035,7.660645471077022e-08,342310050971.9049
9456501.190519873,6.470631687153259e-08,586722434679.7698
8448682.651372945,6.606825256254753e-08,516964178051.5266
9083306.298901346,6.366956892720896e-08,569669130469.6106
9434397.651970884,6.684523533609602e-08,572796742809.5455
8686457.357061081,6.794289032801371e-08,521691002524.4481
9577817.089107336,6.571501427368678e-08,588152753472.9841
10709353.43226417,6.602929388335591e-08,655549488466.9314
10815593.20385608,6.781230054788953e-08,650396245306.3824
10134385.51159566,6.809637793505503e-08,607735696157.998
8698705.345307454,7.333814122765486e-08,496479538355.5724
8251490.072976197,7.423289194692385e-08,467162665974.0981
8449265.768188829,7.235938245992387e-08,486581660753.4163
7073658.956508827,7.422526065682255e-08,400506556111.7529
6839014.523143257,7.579995132544395e-08,381839548782.2946
6613807.713122948,7.402813320994604e-08,375134522171.7043
7708445.118475095,7.0554226597775e-08,451458770346.6047
7289727.552864641,7.291181670147033e-08,417682248007.879
6822788.816503712,7.271855609600758e-08,391620211507.4493
8187353.773197046,7.269824572606978e-08,470032191102.7089
7992685.847283638,7.45724376640596e-08,451135687273.8021
7660326.017908344,7.469585269128012e-08,431899724548.835
6889937.018879221,7.804713924087216e-08,377262749925.2697
6694093.91641437,7.729508792860954e-08,368912924636.6832
6818940.847594444,7.72210525137718e-08,376033420581.2075
10350768.43960397,6.30904543753231e-08,653125774545.7849
10869112.3736361,6.027195161970007e-08,707050731680.3319
11117377.94453903,6.139720306017469e-08,714337273564.4381
10756420.66269642,6.451199441843819e-08,668714590851.9303
10137245.71962486,6.556242915097598e-08,623471514700.002
11050137.89602126,6.273720803138484e-08,699870313913.2784
8403460.149532892,6.802054247145789e-08,504310585542.9173
8282404.680208117,6.715821075044937e-08,501291531989.117
9280537.248884907,6.579395208934122e-08,569441527141.8115
6732378.731282886,6.909883562686125e-08,399810982644.5765
6788758.344948674,6.763437712942326e-08,408957979481.313
7361306.106140137,6.618035998209086e-08,449920167486.3183
6210985.855411246,7.508880451835654e-08,348961150593.5644
6179226.09230563,7.392758624862076e-08,350802813802.6149
6312019.068174484,7.382867862927572e-08,358661619467.764
6157590.876387176,7.272648304147606e-08,353412933815.397
6066151.906637602,7.168841577642655e-08,351517776769.3804
6349514.904376396,7.122455114546432e-08,369533713464.8454
6365721.717194547,7.293652975461202e-08,364656745545.3104
6232362.040139014,7.303958776893506e-08,356681401786.2177
6425438.897444135,7.153363568298596e-08,372874427017.59
6002194.67591604,7.572182946394592e-08,335348224929.4323
5491449.146648465,7.636214038411655e-08,305094869276.5428
5970973.991135265,7.456178607020476e-08,337055158065.317
9411360.745176952,6.095796848762674e-08,607620051555.8534
9477010.169728039,5.900611560309091e-08,625278260432.937
10068167.07630905,5.822345936749266e-08,670221584345.7061
6654833.458173375,7.18916560467551e-08,384903209864.9417
6715888.537172151,7.049169677215994e-08,393560499710.9736
7415288.334524967,6.886947010108372e-08,441343649355.6618
7878615.507443305,6.297654957809068e-08,497734026792.2274
8743036.682690965,6.046613517738823e-08,567528261839.0742
7985604.490540279,6.35187437991521e-08,501618097154.1479
8623775.157043451,5.548009924987901e-08,592842420787.005
9558486.319188569,5.419106815290637e-08,667478552231.9377
9125056.680938903,5.434150595330341e-08,636035160283.9202
9877090.685706479,7.142037765241325e-08,573782915670.0088
10479932.70599134,7.201804775096687e-08,605430456143.9783
9808692.125322374,6.994111881752539e-08,577815764253.4973
9065949.315017276,6.774311213936487e-08,545552466736.9777
8991253.059791144,6.943277417941763e-08,532243715978.4499
9430153.219299996,7.046112603852494e-08,552780052622.6222
9300048.767651809,6.647997506208591e-08,566706239118.0905
9126503.721359434,6.663826010190859e-08,555250130157.7594
9424860.687348768,6.787754320394719e-08,566401240976.0323
9340242.940917579,6.395140226020622e-08,584060888312.2937
9231029.280037571,6.536067045266793e-08,568904186318.0297
9096137.985888308,6.56290437291611e-08,559061590444.7073
10518756.17398577,7.454687917882074e-08,593851799681.4253
10660991.81428672,7.317025746163656e-08,609407630468.1775
10052887.72700827,7.257158025156182e-08,577802982111.5078
8627143.234610286,7.676343798506646e-08,477636378900.0104
7885542.53727793,7.919145494068246e-08,427608205824.413
8509538.947195239,7.982568992821577e-08,458998123255.1014
8983027.970963137,7.087543338321748e-08,524516233158.3265
9032935.131678808,7.352005799668138e-08,514704933219.0215
9421729.726658467,7.190763401439061e-08,544854625644.7858
8576696.9190931,7.174341678206939e-08,496743308965.4986
7813159.475049614,7.537610443485621e-08,437862309159.6033
8625463.87000593,7.438506540226805e-08,487669162664.0949
10242069.01698822,8.240980449309186e-08,540839549226.74
9575368.77935951,8.359043473019208e-08,500861657638.4445
10863928.7038558,8.229745022345129e-08,574199293165.193
9252640.01463004,8.032053100649141e-08,497028491824.0447
10050817.74720156,8.081082846389796e-08,537718557843.1846
10230641.96902181,7.761326938393728e-08,562270848532.0369
9155289.134747833,7.607673259310742e-08,509922485640.6729
9034126.334195497,7.913704727349999e-08,490116809954.0667
10000802.62888936,7.644132115917455e-08,555242541366.2891
7428551.121930663,8.075194331721351e-08,397620525315.7634
6795740.01657638,8.300290206931298e-08,357142256065.6055
8034545.78157218,8.138950670988073e-08,427808148358.5658
8049390.212222124,8.223139392501297e-08,425668206118.2267
6809392.723273082,8.384294356169262e-08,355465430078.5911
7485728.964439814,8.414231163928179e-08,389844255493.7825
5269309.358089534,8.38825844073566e-08,274982988879.252
5790746.02906073,8.444183578545113e-08,300858814878.8085
5117689.316296265,8.550231493931779e-08,263686969182.4643
11521027.65485701,7.768446803015928e-08,632802843055.7225
11500278.81163497,8.037376710323884e-08,617493163050.8243
11399144.60587962,7.875949741667102e-08,620397880712.7366
9899013.055445496,5.258568155191767e-08,705256166736.7216
10077696.68565972,5.325702005001793e-08,711939968218.3434
10403339.65561384,5.253749881683985e-08,741640063442.1587
10371099.57511189,5.090956054357955e-08,755020201576.127
10081248.65757516,5.293808737140573e-08,715048493475.4012
9975762.05601096,5.184958642812285e-08,717434984707.0304
10769131.17367971,5.261791445081361e-08,766934450465.9484
11122156.82416731,5.382698907193447e-08,780169478863.8293
10672581.40206279,5.241086922213258e-08,762058949361.9932
9896726.551180482,5.200732953574126e-08,710310990703.5941
10400995.62612098,5.196066111911659e-08,746950464439.6016
10068470.07186363,5.094731357614546e-08,732626501144.9794
10360076.73732582,5.364343109453851e-08,728369816178.6813
11041954.70021787,5.41346223273107e-08,771606516816.0751
10690214.47295045,5.292640908506016e-08,758353098399.4142
9382167.485067431,5.36907929914373e-08,659229503672.9633
9821590.593801521,5.354445917369339e-08,691361942757.1864
9645202.252038423,5.287526921384237e-08,684662084216.8844
10381147.41959385,5.618073814592958e-08,707707390709.444
10962992.80440548,5.494633921513813e-08,758525095366.316
10283596.21638837,5.445753012234693e-08,715769280872.6908
10419434.07745618,6.030867476683103e-08,677523361193.644
10120731.08049588,5.833903517638188e-08,672830582924.1791
9527007.696031461,5.990113600015623e-08,622300013288.2639
11213976.60693552,4.394697804509386e-08,900479094337.382
11047123.75384309,4.449490909929449e-08,879783210763.1655
11939305.69857517,4.105852872759073e-08,1003175268465.673
11119224.45489875,4.52562454817647e-08,875565853649.5786
10467548.79869023,4.609680951854827e-08,814199970601.6337
11161164.58241506,4.358573902687238e-08,901183509682.5331
10014512.87610545,4.837830085185485e-08,754274493653.5011
10569207.37216361,4.632478566977324e-08,819407887172.4532
10732424.83667197,4.57769279945041e-08,838687349985.6342
9676843.907165866,5.226503419040194e-08,692244599757.3503
9346701.88232151,5.33720098053104e-08,659350013546.5684
9609242.468442805,5.255396309420327e-08,684886865423.6301
9921847.669297451,4.843129941210618e-08,746749844404.6113
9812204.944687469,5.07254840138078e-08,716059554791.1464
9707123.175771415,4.978968207567661e-08,717239674968.9757
9838245.937505405,5.361576252997571e-08,691920211619.3536
9402917.057987584,5.363381022713296e-08,661155331806.0995
9734041.801634284,5.253041161729239e-08,693989134645.5289
11736618.99470889,5.210105965302159e-08,841353751418.5139
10510279.99196092,5.300254855496479e-08,744874517881.5021
10806191.04426842,5.097106140325183e-08,786062098395.9315
9170513.041087467,5.640673444461543e-08,623504598573.4187
8805395.380269809,5.820073754693897e-08,586313466581.0135
8487148.563044399,5.66958380582409e-08,575079232986.5194
9719085.381010199,5.161588275656858e-08,701083626622.5439
9889287.227807621,5.055164361853241e-08,723338315477.3026
9682124.682425097,5.038929853451092e-08,709705976689.8376
10850738.47610242,6.005321117177955e-08,707568471441.4402
11229934.84839993,5.887638120612245e-08,742021514569.0411
10545871.37735714,5.808714703167564e-08,703119440421.9924
10058830.59944325,4.945990460284156e-08,746526641895.4099
10400068.58831951,4.724573382765922e-08,795782658495.5856
9849890.429602163,4.929612288912236e-08,732638196346.2815
11038701.46929683,5.412192109997491e-08,771499861720.089
10739360.65986341,5.278760782488668e-08,763174363545.6287
11190325.91913413,5.420136794412914e-08,781332526072.0461
10570187.18941758,4.933333287787263e-08,785818726235.9694
10867923.60037507,4.939674361213318e-08,807261728577.2031
11371983.7716071,4.651781589065615e-08,879204740248.838
10545944.66666654,4.792450282216379e-08,799307235343.0369
10490357.17757839,4.896607147722901e-08,783778658530.616
11289175.72951911,4.615135392649563e-08,877416780278.7554
12246263.71617898,4.279045767474698e-08,1001011314603.96
10973305.88097279,4.638114470733196e-08,850047465197.3431
11731192.82478813,4.460533946587963e-08,932719251393.9805
10145684.69728249,5.017640495966278e-08,745787328735.9297
10384233.01799103,5.098414094529658e-08,755238905599.0498
10299128.86388167,4.913429530187907e-08,767733817467.2805
10569222.80054337,5.241510541524425e-08,754638127717.8942
10866199.35830595,5.375145278901586e-08,762929130096.2789
10503727.06097555,5.271498239873561e-08,747114876612.4137
10539934.94025961,5.187681922422452e-08,757743762688.7179
10444420.43991962,5.166895709120506e-08,752889456994.9612
10205177.78960101,5.08625322487584e-08,743398915230.1925
10391783.86078526,5.258799133630351e-08,740341992495.5969
10262138.26184464,5.398048380575525e-08,718477788339.0314
10610568.19173623,5.154332920751074e-08,766108586452.3387
10424164.94204215,5.169999395445735e-08,751128567553.5038
10359120.90601831,5.200010324470638e-08,743566984172.676
10283858.58996277,5.089134698899535e-08,748847640205.6006
10799800.85790872,5.431500894465035e-08,753013063419.911
10308509.85243912,5.467256017731423e-08,715620790693.088
10438447.11813559,5.328079280733564e-08,737205856102.6517
7587529.997202625,6.718775977752272e-08,459099669950.2858
7469178.580446309,6.853376780520025e-08,446001621047.1531
8907885.155201357,6.59130242828734e-08,545917626204.5456
10178314.95189515,6.118025956092121e-08,655543740997.7764
8081151.34763202,6.312037255187236e-08,509753486478.5455
9294277.121193798,6.268493599510652e-08,588988514860.8636
5495698.590061903,6.636822836800651e-08,335260783887.626
5463099.327131618,7.013202296835754e-08,321238941182.7413
6489008.257759846,6.759269867628596e-08,391061566845.5683
10660238.26710222,6.081065153573907e-08,689361683746.7828
11312497.88470643,6.070053207041352e-08,732425594765.0885
10300430.86749927,6.338261084362541e-08,647950717703.5864
9187764.813819304,6.002293645783155e-08,599328657173.7351
10073836.90931164,6.036525777102094e-08,654641513987.2131
9525528.684909068,6.183131342202943e-08,609186271954.3962
10857933.7964717,5.780353620119621e-08,726291426406.2137
11457094.87553814,5.930444103675153e-08,753383951852.2955
10800618.1949538,5.941589269942467e-08,709327606902.0745
12614314.5115788,5.518577911484842e-08,870253014127.3856
12615507.65906726,5.343814935715007e-08,889208881770.4614
13012996.10554219,5.547591154277012e-08,894624941483.1696
11170241.30931684,5.708392309599229e-08,753448108556.7332
12073138.1773394,5.653669147883362e-08,819596152806.3529
11777843.27568005,5.858445301522834e-08,780807874774.1301
10858295.65944215,5.611975897923224e-08,740771840317.0642
10522842.59069384,5.472460377746004e-08,730036638500.2595
11748742.58149102,5.557072600161717e-08,806790312164.1199
12445309.53071195,8.379177523513441e-08,649937269414.6455
12757806.5085757,8.482747676282215e-08,660822738762.6736
12119828.5650553,8.262010215251841e-08,638909469545.5022
14005849.80458801,9.530761421810018e-08,671260459590.8348
13646963.61320945,9.326671082167104e-08,663567223596.6841
13922672.75229454,9.136031998033666e-08,686358274880.7385
13698750.31377327,9.181995050675902e-08,673063821489.6615
14018956.25559551,9.494540953895251e-08,673596309626.6527
13935740.23658316,9.099902001238138e-08,688819709941.9657
13682579.39171493,8.826983796697343e-08,690175847457.5796
13615244.96082707,9.015135416310515e-08,677190135184.2422
13851514.5555497,8.933242013033604e-08,693145693886.7609
14632524.12863106,9.064916730244846e-08,725120254422.2567
14301242.96084996,9.25667467021997e-08,698881886247.022
14110322.65611167,9.432347747192643e-08,680963355933.1372
12239562.57369635,1.011428756142556e-07,563822451598.8705
12057677.25708078,1.015170592884963e-07,554078079959.5173
13333643.38207444,9.891670702806082e-08,623403259502.8103
11884740.828147,1.020168359866406e-07,544346141492.4426
12414215.15028199,9.918486991084142e-08,579369527268.5858
12038032.47585435,1.015514034770607e-07,553050629119.8521
10067454.59872053,1.098000738226395e-07,439053986715.1166
10449568.37444615,1.080060071451212e-07,460751132485.6952
10354849.52404611,1.086130239965654e-07,454871983429.3647
9995581.190734584,1.109815592275025e-07,432820181750.9343
9955130.3322354,1.105437252208418e-07,432206094256.8918
10240928.81717905,1.093570583135997e-07,447824793799.309
9102191.622594764,1.118212226802535e-07,392159869845.9088
8857813.576076129,1.112729293223978e-07,382883679580.1918
9019022.599522622,1.100972996401858e-07,392622361073.8426
10425077.7457188,1.020938888751501e-07,477250220620.9913
11098882.63502836,9.972409218297348e-08,516114267198.8003
11295575.79558332,1.022330848096835e-07,516631319233.5981
11679132.50241037,9.409101619187608e-08,564562221037.814
11715514.59077089,9.22018936993205e-08,574030288789.1218
12054539.13553108,9.220587077622722e-08,590624641423.958
11814168.81894838,1.008777406617396e-07,545179614047.6886
11755187.99119723,9.699485414716438e-08,556840031402.1543
12342085.93655869,9.804581393448624e-08,580455853656.6448
11155568.37845408,9.677098042947499e-08,529250904009.6119
10701837.5463432,9.416428856972302e-08,517051974650.0546
11294944.84568653,9.539657806365689e-08,540997905251.446
12385781.93806452,9.011777081491425e-08,616192587149.9755
11988924.37828225,8.775944591166894e-08,607087055013.431
13065777.66735044,8.809971095033926e-08,659911365382.6913
12767234.74836349,9.576707778549177e-08,609938461496.0137
12553347.60006223,9.283165221818599e-08,612297051066.9004
13123733.25228863,9.365320967737041e-08,636368904949.4583
11710150.11577179,9.078558670232783e-08,579719433869.2085
11657715.32127431,8.843047387128163e-08,587325437539.0376
12049097.58644817,9.079114307868973e-08,596474935820.9741
8617814.140957395,8.310283668086701e-08,452536094531.5751
7897603.181194296,8.202893539690217e-08,418328312357.6487
8623633.447602198,8.365363143865882e-08,450851746003.1287
10500210.13297876,8.337743255531039e-08,550172626504.5985
9578189.383611722,8.375743261898787e-08,500343023654.3805
10908059.7315551,8.558047106933694e-08,561691336826.2732
9309150.566045463,8.171233825085597e-08,494369454335.6721
7149725.389563682,8.031657227022312e-08,384077840553.7606
7712504.322300175,8.06589079699551e-08,413136781496.2618
12620874.71174887,8.349220529043997e-08,660681532206.6886
10238313.28104917,8.260463329420763e-08,539790797059.8059
9834979.964948585,8.24298445554032e-08,519258752508.3389
14894764.43499769,8.769916910850463e-08,754576576872.3081
14688300.57565352,8.537554643050768e-08,757557996781.8253
15024648.69359569,8.676058683780567e-08,766636228957.2106
12281253.04739023,8.364492189598365e-08,642120142158.5845
10836161.98561564,8.290904331012729e-08,569911673370.2113
13283715.80123951,8.379542188002955e-08,693701628913.4373
8688712.09387669,8.172066904508779e-08,461389242442.7959
7379522.627457807,8.058374544718532e-08,395545671211.0261
9571107.761162395,8.1977690651088e-08,507183464601.6455
11034563.39604201,1.02805681686525e-07,502817528886.1196
11274341.49320129,1.06726379484233e-07,501083382686.0695
12258672.31692092,1.037422148922136e-07,555230215437.144
9931256.246664057,9.123239537740398e-08,490047452518.1985
9877165.277740112,8.713810498349182e-08,502527979308.7444
10483750.45792556,8.856839738027086e-08,527631624036.1439
10146168.14481555,9.390638341203761e-08,491102311887.4289
9808039.929607891,9.108474922310791e-08,484490330666.5129
9851279.680317452,9.308895546798262e-08,479616237177.5018
8358166.626553726,8.308208170348207e-08,438974653912.4742
7643646.21955383,8.145640168663352e-08,406771418836.6325
7581208.869366314,8.081147532998249e-08,405592365539.2833
9315187.487150427,8.736380432074285e-08,473119202820.2874
8914895.062773731,8.481801122382977e-08,461803810456.0362
8641827.649875801,8.357700569522713e-08,452079064412.5996
10220213.37393838,8.787088664170163e-08,517086608484.3319
10837981.37075617,8.684325632278379e-08,552659534754.4791
9518642.660789112,8.557189289074945e-08,490178506236.9899
11694877.50501291,9.239424869604686e-08,572223538182.991
10682717.44285068,9.062702346184316e-08,529472323829.9877
10990818.90823903,9.380120465310844e-08,532383321714.2283
8036325.190420805,8.116549082546177e-08,428689871459.7435
7525557.723857447,8.013489799006243e-08,404878049743.457
7674562.271553542,7.999050795226408e-08,413391279777.467
9939035.050724838,9.872098380203257e-08,465305199712.0659
10121472.0052673,1.030794338699535e-07,460393300337.5822
10348109.72825794,1.01073100128193e-07,476910957361.772
6605275.851784286,9.298046443181996e-08,321832440620.2418
6590673.405170901,9.46758636765223e-08,317275794764.9844
7562912.066457509,9.081653031300341e-08,374322368877.1057
5499373.194927851,9.734253254561849e-08,259883135842.5179
6188036.541371233,9.362064832191148e-08,300127027374.2777
6552309.590205195,9.135575329858312e-08,323025747787.1041
5382722.90768999,9.865974721906814e-08,252101458442.7831
6050268.503282298,9.662232390493961e-08,287335749296.6039
6064259.819028892,9.493770502332439e-08,291397159498.9136
6487718.534871877,7.62568900268974e-08,360777357854.4883
6287600.044215547,7.567140071808324e-08,351450144559.4157
6389251.977084701,7.441098621133882e-08,361153622769.542
5930522.913700945,7.382652257717401e-08,336990801522.6128
5452659.177302671,7.562377524138322e-08,304908442716.2021
5840792.101844275,7.278417074662073e-08,335053214789.6927
6813837.702844295,7.820891907500779e-08,372581193279.1286
6518655.886650219,7.78722635639465e-08,357467192802.2542
6619086.964825315,7.745824221323636e-08,364266860171.7321
5829459.52104367,7.761468509252393e-08,320380216945.6758
5457370.463154173,7.712489444417183e-08,301199130815.5702
5966564.024755205,7.648628923270814e-08,331132578488.287
6355177.298753954,7.863493630271368e-08,346245372823.9324
6079373.386611322,7.824199744323714e-08,332326927187.0002
6319516.243610234,7.811489293335679e-08,345828892015.3718
6295587.185385511,7.904502192173673e-08,341811413206.8322
6225545.325749118,7.944734040444735e-08,336866499674.6404
5881424.951101144,7.897889899841556e-08,319503173503.7106
7008640.748841776,7.936306064236532e-08,379508517388.8377
6586326.85388929,7.891499940376386e-08,357989460526.4922
6550022.15746603,7.839338417407441e-08,357593673862.6506
7115471.860245515,7.76122248324278e-08,391066201863.572
7584791.726600249,7.837962533178946e-08,414134620424.6268
7502031.27702236,7.892808437835569e-08,407716069514.0502
11943537.32207612,8.618445546028884e-08,612134715091.3792
13746991.28582387,8.618065174803662e-08,704586754445.5884
11516588.18220128,8.398617601995133e-08,600507771352.3663
9288315.180250198,8.461939881738296e-08,481900067198.713
10592114.76940086,8.589445259647903e-08,544092325719.0898
9282275.732316734,8.406943620349829e-08,483684728105.0302
10788449.05418504,8.922529227908081e-08,540298417536.8251
11805492.62529179,9.099485513603044e-08,583543033843.2954
11422909.90508256,8.820038538515879e-08,576496174287.884
5400325.649534147,7.838861614511628e-08,294838788257.374
4944040.397374543,7.796312032006299e-08,270908440118.035
5171808.410352862,7.75758534139902e-08,284331332336.7852
6226671.896784085,7.878307034918744e-08,338818706780.0613
5814821.401675508,7.871494009395785e-08,316590783287.5734
5953701.769635121,7.839212211597777e-08,325041486574.7073
4987458.723568521,7.923160100840705e-08,270362856740.1162
4505490.821958234,7.915156267453071e-08,244400700877.5498
4731020.030862299,7.844745143814993e-08,258167891306.56
6017548.686656751,7.954681192786061e-08,325340223193.3836
5480097.176957209,7.943505795889069e-08,296560597892.1913
5679308.116899785,7.907717226610268e-08,308267691590.8075
6156710.501473482,7.993326350082438e-08,331790313719.0511
6229720.25977846,8.063576101200029e-08,333772142216.5673
5612935.463781809,7.982513153495287e-08,302758924358.433
5411997.540524781,7.87779789604393e-08,294501628517.5211
5217573.632310166,7.913760284163253e-08,283060971419.6001
4955208.588344153,7.835386942026513e-08,270616937580.5677
11131793.21162402,8.395579235724663e-08,580583497039.6927
10797807.14880919,8.780493166293965e-08,546583218724.0791
10968729.87670977,8.709396198129187e-08,558252885364.8242
12343329.36673261,8.535704642267329e-08,636706668541.1088
13054870.00023477,8.691130652395505e-08,665357462810.3638
11978475.96436011,8.656686822145634e-08,612116042441.5566
11352785.22429604,8.386506012986909e-08,592536416516.7454
11918836.09662722,8.459567849604033e-08,618493389498.3173
11560358.79782473,8.580506632512257e-08,594241108992.6063
11244992.89060622,8.487075064814843e-08,582264737507.7881
11186594.16053187,8.393113103956831e-08,583555946343.5968
11392649.72691014,8.587610128776616e-08,585297315133.0859
11760690.16529642,8.124977456357064e-08,626928527466.0806
11885909.00206439,8.107840655857925e-08,634496062132.3878
12067803.93051556,8.312306556240858e-08,633598116778.4384
11474444.46929575,7.925979821890948e-08,621865352068.3705
11516466.73221423,8.061186276042997e-08,617144154086.9852
11256715.69180826,8.175681231262057e-08,597579555175.9099
11602892.55080613,7.803945015132705e-08,635365267021.2719
11769913.34416654,7.693693937696164e-08,650653836535.4926
11645149.14916893,7.939843935223043e-08,630381914080.8511
12087511.29565187,8.176338896047634e-08,641649170193.7008
12573030.53052574,8.399734918690448e-08,655535551536.6089
12270936.50659183,8.381076654646397e-08,640734093950.5831
11188343.78123154,9.393452739262048e-08,541438290615.7749
10598079.80367006,9.270217219075901e-08,517408920134.3577
10734842.01078612,9.092267702551221e-08,530901779513.9949
10410069.03379002,1.087605994985542e-07,456883928028.9858
10108591.2337304,1.105359418096928e-07,438889264442.1299
10355313.52774812,1.089115986307849e-07,454060612567.9614
12707970.69749354,9.117782614288529e-08,627311692378.2229
13396636.53012453,8.915740986766855e-08,671260067653.3834
13281819.49697522,9.199850911646585e-08,651734004103.6978
14266231.31499973,8.571712081463256e-08,733833518808.5291
13938530.91564612,8.43341155910471e-08,724794361498.6412
11992250.38425888,8.352805612617336e-08,627594464608.3168
13350514.20411939,8.648176008873034e-08,682676541948.5763
13067700.53928149,8.579916838623261e-08,671754299260.6416
12751407.58375649,8.475762768838908e-08,660854116046.2955
12414850.94281338,9.947545395086498e-08,578270303115.897
12886655.47158065,1.021743857096161e-07,589629034361.9298
12952003.01289306,1.02220395185769e-07,592441172840.1846
13697128.10399628,9.521448006487079e-08,656892319567.1353
12611465.44947089,9.773527992019775e-08,594380628681.6975
13152809.39855722,1.004803424480822e-07,608552133003.2936
12009099.97412931,9.384237394090632e-08,581537604543.6451
11295499.77706453,9.524737961330181e-08,541589322619.0166
11909348.38993202,9.6414371615737e-08,566404658581.7452
13777686.22422512,8.847495480027568e-08,693898672850.6503
13323648.14124814,8.672735632119517e-08,680015924350.9956
13609203.25562878,8.741385298309672e-08,690948786149.9199
13680241.53089018,9.294038686802788e-08,666741438710.7617
13861142.30154094,9.548247152348092e-08,663513740204.3964
14000232.32974965,9.606851462540735e-08,667443526917.11
11525476.12109451,1.066576559290711e-07,512464971529.775
12721713.18281977,1.040156236310447e-07,575192500715.2251
12656949.93275055,1.039704485206165e-07,572430084679.03
10114880.47320489,1.123806003185929e-07,434343363335.1325
10125067.87148964,1.106100867699978e-07,439408163441.3019
9989984.782459006,1.122707418002881e-07,429260010553.6101
11009501.09137976,1.072976325508903e-07,487574382123.7509
12215925.07854762,1.049774359626456e-07,548945277307.9954
10734872.68978041,1.081348700828349e-07,472954893244.0371
12825713.33125821,9.821688194398021e-08,602500530510.6755
13535794.76461846,9.814487585804246e-08,636168274869.3811
12443299.1864141,1.005834060129384e-07,575331277560.2151
13816783.07413148,9.671776426592324e-08,655746689293.7936
14005713.77465684,9.496093814826244e-08,672886655716.7837
13455235.86982485,1.002252033001939e-07,623600830295.1897
13727161.1687448,9.785446281483529e-08,646438143866.2842
13589437.68150892,9.726790968296344e-08,642522634137.517
12616709.86813025,1.000803933576385e-07,585302142395.5052
13804413.97542793,9.152147916145932e-08,679729243020.6954
14506050.44798364,9.038885705090075e-08,720232288040.0795
13986131.1988553,9.406149026855389e-08,676222620535.6534
14431555.65639438,8.544126902849159e-08,743934480971.0366
14636213.43747232,8.776221160777211e-08,741123119666.0024
13999507.92511333,8.70141433791097e-08,712939818695.2424
14523610.27924393,8.87948759771574e-08,729708351420.4814
13070877.82095356,9.159692251033489e-08,643256475543.3148
14067338.36754093,9.165067195606094e-08,692024544635.545
10621338.99951242,1.097087514962202e-07,463466578609.3251
10589538.34563557,1.113556081326609e-07,457511798135.7049
10181567.23811721,1.118853352837706e-07,438496221288.4401
12228137.85857494,1.050840865900319e-07,549122227897.3186
11055914.52078629,1.077253849681951e-07,488332882588.9767
10746321.41273248,1.082417785808227e-07,473147495863.3215
12241293.11697864,1.054008101846926e-07,548611193511.7219
11096439.51351807,1.097346302734694e-07,484121659907.423
11128991.82543865,1.080877164491716e-07,490461507835.1434
13566940.24715265,9.163708492228256e-08,667474074761.7697
13682980.4868951,8.879810398647437e-08,687456008908.0519
13841843.89107959,8.973461056054394e-08,690590540737.2574
9800846.310797879,8.206875624940571e-08,518973295451.9518
8603729.846311362,8.167486554521342e-08,457047298690.209
9454222.669611538,8.217048561970763e-08,500205647794.1191
11658300.82252768,8.200374287684487e-08,617655254703.4515
10917018.14012786,8.233323162686807e-08,576838081694.9159
11977565.87492605,8.316698690601459e-08,628638907065.396
11312855.4011947,8.124016559427819e-08,603103297181.8464
10608021.5547154,8.011312570237722e-08,570819248092.5894
10582819.43544352,8.15657855151005e-08,562681587724.5968
10213388.44852352,1.081235023667427e-07,450010982831.7432
9835658.043451479,1.099181494391167e-07,428637815048.6912
9430643.650541186,1.090857070949833e-07,413075496984.7932
9887864.464159632,1.046136855052555e-07,445358935084.4203
10226675.02724374,1.06797433272926e-07,454318664284.1235
9443411.114731375,1.077593345937255e-07,417021996291.3524
11271940.8178659,1.046815104862391e-07,507479744829.4776
10653739.53783436,1.073337722495052e-07,471712965055.1558
10749812.59104302,1.067262739645543e-07,477771230368.1113
8294975.067609137,7.10686126256438e-08,483462945209.4756
8003961.316959745,7.286483578356029e-08,458803075785.5482
8288141.227482809,7.219298795880781e-08,478035846974.829
8451209.585979635,6.814255029290743e-08,506570563825.2795
8424435.878090557,6.925318856712593e-08,499552319338.2152
8484894.918282287,6.784368358631812e-08,510082223060.3358
7614516.002850066,7.051281347130914e-08,446132239178.024
7835852.729718562,7.241929243982068e-08,451007136056.3984
8123821.586495772,7.065731824304844e-08,475323124885.7537
8187956.123233551,6.739595007784186e-08,494408930489.5755
7188396.995858975,6.815108136299718e-08,430840862392.6328
8136971.918950179,6.78504672245647e-08,489133703663.9072
4227282.138208538,7.650834329186916e-08,234560764972.4611
3965249.981689101,7.596786433926341e-08,221063628169.7302
4087559.25075426,7.713056913243366e-08,225586464078.1779
5545830.581193031,7.622581563669433e-08,308483456298.9604
4803672.045136494,7.660273913383423e-08,266324109492.8723
5459554.320829859,7.733887036555837e-08,300763623583.145
3897839.530842399,7.38758442310115e-08,221388802513.6335
3918120.911941675,7.512632796789914e-08,220064366597.921
4178616.202828164,7.567867922766356e-08,233551926823.9852
5755364.955815619,6.862041770531795e-08,343376547619.3566
6361371.831446417,6.821977605218813e-08,381016621568.6647
6455985.172810021,6.817769335315381e-08,386842625170.5579
4589458.597738768,6.916870774586418e-08,272367330983.0485
5143174.083116501,6.895988419810611e-08,305844171576.0687
5129543.876369625,6.891189039692602e-08,305175248243.6198
4603855.981993266,6.934980602433015e-08,272745898900.6624
5190560.448514148,6.951097792272234e-08,307028474062.7458
5158414.598451435,6.910848056632626e-08,306310592335.8933
5580574.935828432,6.936674012236341e-08,330555778812.6819
6159507.00743817,6.877162594651812e-08,366949605725.9639
5547241.409776472,6.896370238967315e-08,329860277730.2258
7000089.012657247,6.970758647712147e-08,413285528480.5488
6603605.190873362,6.901745844890173e-08,392471801315.5978
6307016.993842343,6.992227214262583e-08,371603942475.0451
7411269.673579409,6.930185824097853e-08,439267793932.8084
7939793.179292534,6.832759395200363e-08,475056324685.2379
7003140.098339795,6.863151031783381e-08,417776278647.3677
7886321.76695527,6.736481300028594e-08,476342231539.8338
6986344.603803882,6.787318756324879e-08,419872895214.4059
6887907.651671099,6.790601825703469e-08,413823489499.3767
3377040.590350722,7.278346363198642e-08,193722977131.3157
3716416.478083165,7.439655172678384e-08,210098284355.2727
3696664.722255471,7.316680899522337e-08,211316781053.7666
8395177.633852815,6.955059130530556e-08,496397217835.507
8334295.997642459,6.925718611355599e-08,494188186037.4664
8455531.782821035,6.811484854722302e-08,506967045195.3558
7354957.951266004,7.809515807598005e-08,402560156843.5052
8211441.789273642,7.630769388255514e-08,456429668118.7126
7231079.721966792,7.730212814258565e-08,398482129322.6613
9087717.629890233,7.138293782269753e-08,528110998834.243
9025376.463248374,6.942464938281445e-08,534305358073.2864
8582694.417711601,6.987358070741549e-08,505919769435.9714
8844464.288853092,7.440297606603718e-08,499970823435.4754
9056207.244272903,7.299280242540829e-08,518513013308.0621
8606779.421502866,7.288190414628783e-08,493280785570.7562
9757147.952079099,7.302529677390742e-08,558479629264.233
9319168.870720923,7.021205533254103e-08,547565475025.0255
9382514.838837894,7.218339637152268e-08,541204066983.295
11043095.26770097,8.137143470163905e-08,588088702669.1243
10772597.51780483,8.127691993159884e-08,574128284138.2666
10209743.79972152,7.932087688392799e-08,553039952288.5427
9017198.118896427,8.48987551718324e-08,466807039680.0558
9409521.310983492,8.54063008853692e-08,485185249180.9955
10570124.48082498,8.315360674681478e-08,554829282987.4255
9941925.821893895,8.697351951966143e-08,506460782815.8741
9797006.561854063,8.979881685862315e-08,488554467704.7949
10588289.66155134,8.62227813780646e-08,542514222639.4067
8904957.894776847,9.763220141984031e-08,419987613729.6116
10290867.33087783,9.738523626808546e-08,486171949455.0201
10716017.79545073,9.481565772890547e-08,515363177048.0677
6067579.042968025,9.555339005235746e-08,290302901315.8585
7393335.912881197,9.766711104626286e-08,348611367282.5079
7252152.804084281,9.678399373005123e-08,344031271194.7863
5354947.247996689,9.516827924214528e-08,256897800357.8418
5362897.334190653,9.889174068422539e-08,250779944606.1274
5988767.655159027,9.833674222916002e-08,281099616522.4905
10199919.6588882,6.983412506046009e-08,601475977716.3358
10009371.51107356,6.904816287239916e-08,594710204162.4011
10686433.1424376,6.876746452310023e-08,636664691189.1642
8444754.799800733,6.907817818460179e-08,501602617166.1478
9182432.241001025,6.79788525583231e-08,551283734820.7936
8582734.019030193,7.025612060814234e-08,504083958379.954
10131387.0934904,6.440893208020106e-08,630528676720.3083
10889974.93792227,6.271278846136082e-08,689905286006.0776
9983865.84587053,6.553579223288214e-08,614204556849.8141
11265886.67371467,5.491693196347842e-08,779760444333.3751
11419058.15843256,5.499826440931578e-08,789582707689.4824
11649643.0774369,5.597282267167292e-08,796149232054.4142
11469611.92469365,6.010172112358515e-08,747522239314.266
11169834.81650597,6.294643282684394e-08,705882911312.6868
11405592.31003305,6.133326198947585e-08,733365488101.9655
11734778.45863138,5.667517936306501e-08,795328037488.4915
11503348.31480948,5.570089959444093e-08,788707790584.2258
11602642.27005534,5.772378411974834e-08,776819954914.0442
11549898.23355855,6.003778564282552e-08,753289152798.3759
11746523.49004888,5.775769817719575e-08,786145199650.0236
11614321.00503442,5.88085438057791e-08,768009999767.9893
11129868.77057573,5.784127450563534e-08,744157405143.9586
11193731.25149649,5.562792569664265e-08,768150466311.9137
11576267.05270029,5.668357463333361e-08,784507410066.7393
9276208.828739779,6.178552379240615e-08,593534582719.8525
9489845.91881437,6.437444086249438e-08,590813188245.9633
9760464.013504663,6.367822455021344e-08,612082318253.5469
9153398.128550155,5.885552080300195e-08,604956593393.3497
8960527.63649822,5.943572971070979e-08,588349223055.2156
8514203.188840935,5.743593173962408e-08,571945828066.5912
8790630.292768739,5.877183080199495e-08,581532336406.7971
9110314.481736623,5.868990334720915e-08,603241353777.6067
8472652.865737835,5.726620994712767e-08,570278658276.1123
8802137.484369831,6.133936095642879e-08,565929044086.2402
9033909.474536778,6.040745992109194e-08,586789073145.397
9227563.912333244,5.983158972678734e-08,603207455169.4927
9198719.916842505,6.219266567364248e-08,586004945423.5908
8763407.813661741,6.181172057791311e-08,560564770841.8016
8866853.489494974,6.038490115200888e-08,576081540636.2357
9218558.965692051,6.524826633788895e-08,568787949479.1917
9295584.868876988,6.50055077084753e-08,574967482837.012
8851738.351826185,6.334687264309675e-08,557029824383.7119
10157162.93432052,7.238055138992285e-08,584823067437.8643
9845629.264571318,7.203890885027606e-08,568676647415.3984
9909649.073100388,7.304027308142458e-08,567130951406.2384
10130208.52669197,6.521180348864273e-08,625269979497.3292
10105778.20916588,6.694753916012028e-08,612933488922.7888
10500264.72530111,6.688574466856024e-08,637251995235.4121
10043009.48674898,6.944670385344398e-08,594423697037.9674
9774491.889231164,6.85934691963987e-08,583318403277.447
9551160.363380723,6.718501384321425e-08,577929055928.1033
10223785.63750935,7.195677064880074e-08,590967991340.5603
10357317.93249839,7.115677810275916e-08,603165450979.0543
10663410.89303785,7.236785233690693e-08,614043334419.3456
10031087.03891826,7.029363153150495e-08,588939493350.2632
9894748.236642377,6.93707136738695e-08,586076048860.5947
10164901.42443024,7.022531547791763e-08,597182911898.6381
9229099.134262854,6.335397979119139e-08,580733273352.3771
8986460.527837329,6.50303006989011e-08,555705672019.968
8793060.099556675,6.297146100589488e-08,555534278726.601
10281929.47840255,7.65947508551436e-08,570088064896.5607
10712873.83730002,7.604259825969225e-08,596853885267.605
10989804.56558531,7.767111432602397e-08,603694119387.175
10036466.01216509,7.783803781006294e-08,550536645024.2535
10114251.91018312,7.704280828470342e-08,558614703746.6169
10816427.72349811,7.812491383919993e-08,591867034720.4653
9816821.772865288,7.598627286755637e-08,547201750166.0741
9643037.020421207,7.453782647401637e-08,544455869847.5597
9838370.725430284,7.595312778517886e-08,548562448287.2297
9967183.371231006,7.523857757049033e-08,559257818135.4501
9833386.203816345,7.427871046276058e-08,556493623859.9851
9653685.57557648,7.53729397878658e-08,541023562653.7053
9325695.338290021,7.452410687561367e-08,526603049865.7163
10178868.33192332,7.488561111888419e-08,572928699516.2782
9720674.324381949,7.290990600417798e-08,556978845716.9333
7589738.343985219,7.705646609031934e-08,419135145152.0305
7659498.846654231,7.8493205204233e-08,417810143470.2831
8390633.591032689,7.607311872284591e-08,467348237266.9385
8981962.652246652,6.710928687331514e-08,543896372502.7906
8430522.774847448,6.926218198899016e-08,499869984779.2078
8775115.462826602,6.906492692596351e-08,521292090146.2276
5638856.805553122,8.126150206294931e-08,300562297870.7652
4983290.068942415,8.452193618081247e-08,258743754734.9426
5012403.721986686,8.259466759983316e-08,264288360803.9725
7637883.753948351,7.280536740948904e-08,438057155764.3061
6609695.139907078,7.765209288508838e-08,363144372670.4924
7230834.756001389,7.623929149009927e-08,402163392474.4702
5484768.793359291,8.067029818877256e-08,293775709224.2847
5099051.845320188,8.406300175551325e-08,265717096636.3032
5761955.428898436,8.079187579273429e-08,308312713465.332
8737117.840941342,8.185758380678877e-08,463442201971.2098
8149442.850565984,8.378014464789601e-08,425631584643.5971
9513207.684407169,8.236342294142381e-08,502540097747.2475
11299932.9603175,7.572555759320276e-08,631317091461.8192
10974938.82020735,7.395375044498497e-08,622914784902.724
10830617.10224281,7.533436266530323e-08,607189785140.3375
10688794.67658284,7.464890083620498e-08,602901627818.9135
10384594.51612889,7.385323968401029e-08,589942715274.8595
10763098.69486603,7.344410329549762e-08,613714005191.6309
9801355.575460136,7.748633250585547e-08,539265629392.3848
9856634.171206804,7.672570149847772e-08,545885291610.565
9878226.751823006,7.669578571718576e-08,547223396145.9091
10078788.37496104,7.157538720022761e-08,584654354954.6394
10077252.53460701,7.084394376614873e-08,588582017041.4026
10211373.4708205,7.077699747035168e-08,596791648672.2679
9739917.6495967,7.200531285615627e-08,562745793256.1802
9896249.215517724,7.225490228616731e-08,570460718801.6396
9639206.755703194,7.301127788249352e-08,551799533827.6083
9793980.290847776,7.111055631090005e-08,570606228915.5178
9856754.532762226,7.015386977403611e-08,579472530152.0159
9949217.347836411,7.062694409459125e-08,582293543675.6812
10382445.815348,7.0883063769773e-08,606184302827.7205
9963697.046058236,7.021865451856496e-08,585399272388.1174
9900582.640552873,7.117398715433425e-08,576474218800.3146
10618614.18512666,7.072210721285695e-08,620913420217.2711
10839134.19242357,7.052995706430589e-08,634958751563.2794
10195080.83950973,7.005829623655008e-08,599907501848.5439
10296755.75462682,7.195082088749129e-08,595218711914.2383
10466914.62580804,7.131607195263962e-08,608639880297.8413
9983072.026774919,7.160769469074193e-08,578927806320.1709
10531953.00532109,7.178858516630099e-08,609731524730.2067
10925437.03588839,7.096178717869767e-08,637415258388.7063
10704036.35989739,7.115464541509143e-08,623369289982.8348
10347806.13515881,7.380438951253237e-08,588112155127.5277
10283482.44047101,7.282208985716118e-08,589700440260.7756
10034424.76948333,7.348131499335153e-08,571971691487.8774
11014445.45919966,7.224927841153293e-08,634951120780.324
11003416.11170976,7.123574034233284e-08,640317800761.2584
10608517.50043081,7.206205655514699e-08,612609314378.4541
11010613.80884556,7.53624126528682e-08,617127644497.5829
11032869.88455592,7.352594934625964e-08,628629468748.4647
10691985.71101459,7.432109561764115e-08,604853643167.0901
10954798.06708034,7.550473524678174e-08,613227445437.2831
10472832.00842353,7.489024583025594e-08,589450444793.4691
10976997.68863641,7.366891468710439e-08,624636548044.4366
9490429.383165441,6.896411538744415e-08,564335124902.2085
8840497.196616329,7.022891458343506e-08,519357076234.9595
9448983.183305694,6.794927369367583e-08,567451214815.8723
10466429.27120723,6.579091580429254e-08,642226056387.6912
9898110.333832515,6.785330455880477e-08,594983545105.2455
9855782.326856816,6.684224788425919e-08,598398374868.842
9841145.373002457,7.067446848849055e-08,575710229850.0482
9255746.0471099,7.21302903314644e-08,534153784886.9886
9653994.356445448,6.988695964819329e-08,568996518368.9089
10949757.21096749,7.020759492048914e-08,643401040845.7727
10433235.73433136,7.012351552116611e-08,613540496063.5172
10925217.63730469,6.905617400003247e-08,649075308625.1145
8979308.647769487,7.228960985989607e-08,517438786016.3801
8725848.754579751,7.131511938965696e-08,507403281996.63
9371627.826998524,7.00478059215665e-08,551508244173.8552
10968930.39709906,6.558033382648211e-08,674499862272.863
10851721.37687336,6.707238726328982e-08,657359270079.2418
11014031.80002617,6.752038355249198e-08,664236993127.1044
11284467.7208509,6.233367272899792e-08,717793080764.8295
11049971.96618667,6.39524925468122e-08,690965227685.5616
10987631.66895277,6.410927090466504e-08,685946430618.7767
10717655.4589883,6.215063345864872e-08,683076616682.2639
10310139.28541287,6.363859555566741e-08,646821044535.1431
10799737.21297844,6.382373646299805e-08,676225749998.0717
10010230.58345499,6.944392681111418e-08,592499381060.9377
9519194.861587297,6.718001936667156e-08,576023410175.9564
9645463.878825836,6.857937149126004e-08,575697201821.9785
9863259.020424675,6.968597776593043e-08,582447572621.8074
9819928.145928821,6.923634076736204e-08,582396699979.8026
9955752.267443925,7.015827252797788e-08,585268059233.7617
9493675.488587664,6.610639164182766e-08,580682513244.2777
9415831.495513832,6.635105106727813e-08,574504550826.2831
9637584.377425652,6.775742661216058e-08,579869488573.8707
9849761.986762861,6.740807776682481e-08,594681517472.03
9601684.181614766,6.637135681142894e-08,585724809506.3735
9746406.304274827,6.802024821080062e-08,584905498271.151
10788281.72171634,6.487534360932008e-08,668188758555.8099
10298946.53843085,6.469526877928187e-08,639064151092.8069
10672044.47631503,6.63656640691323e-08,651056476664.7827
10384521.58345254,6.145771134755117e-08,666810205041.9657
9493625.078979986,6.105762323445541e-08,612264125511.1281
9983450.619900059,6.294790825990981e-08,630898951090.6963
9039577.287425442,6.146114992492871e-08,580427082057.3967
8807732.130241219,6.239652980864266e-08,559874223709.2051
9250487.496957917,6.405624601604378e-08,577816977471.8195
12128751.82304521,7.951956628965266e-08,655893672472.213
13541098.63291704,8.00757158090206e-08,728875493430.9115
12941503.17124835,7.901110902964352e-08,702844554873.4741
10516385.89467817,7.227956392496252e-08,606070061699.8967
10979919.8347715,7.129113024023486e-08,638619490997.9047
10990937.40309435,7.230345290058268e-08,633279421621.8387
10987379.71251712,6.513756279778027e-08,678692625521.6714
11032518.99002107,6.707099700933792e-08,668320591375.791
10925216.47853869,6.529089177800417e-08,673795827761.7494
10874819.3033742,6.810455859166708e-08,652085576955.1213
11061966.79340374,6.970300304873788e-08,653127581205.826
11037301.73306132,6.855141658975256e-08,658949236977.6141
10991487.88688503,7.773858354295161e-08,603437186969.6104
12238499.98975155,7.823325835814238e-08,669063358201.8774
11234234.96414459,7.792227883284728e-08,615794406319.5068
9953824.308421426,7.343803586184384e-08,567600281638.3021
9924698.687467979,7.468346043901347e-08,559630070184.9053
9234655.900299085,7.470364495725477e-08,520626403046.4695
10719697.27566612,7.816411942183959e-08,586377856129.1086
10965926.00223046,7.845475210302459e-08,598364483923.2765
11144031.97311247,8.042294303997306e-08,598120987325.6361
11955760.90102612,8.581001771281088e-08,614542458376.4647
11704420.31267002,8.786473825253096e-08,592206944863.1278
11585545.7058299,8.446732603971985e-08,601807132823.8173
7352774.95371299,7.616368074012268e-08,409216048876.6216
7547130.760996711,7.768716357213809e-08,414523380376.5819
7078996.135090937,7.692225638647171e-08,391384538642.7763
8062161.361980017,7.246868840046466e-08,463821865976.2557
7539245.783033299,7.44637065069216e-08,425956060572.9172
7503715.667349315,7.364644015844525e-08,427079307449.2261
8003391.232142721,7.56168492972688e-08,447570714482.6209
8230736.465094607,7.687124286943779e-08,455263424927.5552
7670806.533754315,7.573952474676976e-08,428508372983.3992
7087465.708798673,9.447838095873416e-08,341666717889.114
8702902.493239822,9.21803095165195e-08,426486553505.7548
8094444.325917604,9.061641710870155e-08,401219885144.5278
5175771.869504702,9.559663257069772e-08,247559765679.6729
5821818.474961464,9.678382211727632e-08,276178678570.9339
5167368.741334371,9.879023949820794e-08,241802114792.0492
7681959.904430251,9.600632714358228e-08,366385939784.4841
8594914.814991383,9.35256319523868e-08,417145736437.9386
6990047.299128541,9.582105227783017e-08,333815237823.8641
8333275.134583305,7.542247348760262e-08,466819017469.1556
7821655.496861516,7.455889120351137e-08,441535597553.4236
7345436.780404826,7.640270683356738e-08,407954562995.8125
6364552.948337135,8.09679066201912e-08,340062933225.6942
7150900.888353272,7.971812396291778e-08,386061101622.279
7083501.635556078,7.827540137489198e-08,387107093606.9236
5013299.360967793,8.505552214288593e-08,259212114767.5146
5525171.000047845,8.2999645112629e-08,290376567166.0422
4996879.952486054,8.307754720951415e-08,262447922073.4114
6350889.213274183,8.320673262398002e-08,333218335956.3979
6963106.558239262,8.095717475291296e-08,372076989141.8402
6187455.331418626,8.220680056688524e-08,327270539672.0338
11392454.08670115,7.661650168289922e-08,631542247328.8313
11271254.86082646,7.767559882563643e-08,619130971746.6481
10990777.95240866,7.604828261560288e-08,612306439150.5525
8770117.821293842,6.347822799871282e-08,551131919721.6268
8963267.154081957,6.55373004840567e-08,551409158601.8499
9135260.526908258,6.538150182228904e-08,562882408397.3187
10334535.71181761,5.772824408380601e-08,691882063185.6555
10278620.4486788,5.933910937267702e-08,675627752120.3481
9383381.295865236,5.899773276237793e-08,619159417185.0729
5734145.82218386,8.186044531156458e-08,304148723339.3369
5833179.128606451,8.05768117770235e-08,312678913047.541
5195708.264885134,8.195134094751161e-08,275385275248.3797
7004559.653891627,7.222955899406637e-08,403866219848.0015
6794639.962175367,7.165178606208953e-08,393865948213.2708
6056070.28687734,7.647261946655921e-08,336140051707.2513
6201389.517865402,7.824723698737e-08,338981765174.1222
6851381.325659401,7.387842780513785e-08,389134476242.9891
5913699.408437993,7.812341406085873e-08,323597459189.3963
8287318.235275835,6.938833877971525e-08,490783201593.7889
9133440.146954177,6.693196711709958e-08,554045367210.2346
7914579.618486615,6.986934267466555e-08,466555608009.5133
10221015.56145639,6.180590454172162e-08,653843892879.7803
9868762.806428745,6.437779389951402e-08,614382236864.8149
9557537.904756716,6.468132029075126e-08,593143958987.4575
11194466.77892115,6.14714102521204e-08,718711555316.8547
10205676.978948,6.389359024286106e-08,638562812820.7789
10187817.41366585,6.415360036819199e-08,635721837406.6044
4961711.711807364,8.241042596114279e-08,262005306750.1501
4905687.600071283,8.446811212077766e-08,254822651228.0763
5284154.962443626,8.107265425394223e-08,282093199998.4999
6238976.566500611,8.417334816576484e-08,324835600187.7308
6876850.621536401,8.430918397137199e-08,357662164271.2827
5667620.894712212,8.278508045743537e-08,298377503503.1646
11323498.98177274,7.567014506240029e-08,632942513984.5449
10923051.22980103,7.51049178055788e-08,613618418601.7452
10998163.65930566,7.389353183301608e-08,624572073182.3752
10536898.23249516,8.004314833408047e-08,567322503427.5848
11187960.5139565,7.724873696634564e-08,616817471487.5
10721000.4192705,7.684527107200638e-08,593140003021.5404
10683453.52178792,8.107844540924011e-08,570306151843.3605
11318376.11119631,8.095326681841071e-08,604822402198.1974
11338960.27985292,7.826432399234087e-08,619722610647.1653
6680987.124781633,8.408829723810832e-08,348083627290.301
5509988.98881905,8.323844949238799e-08,289024556227.0745
5489940.101278321,8.254462559486917e-08,289584339189.1213
9559680.111040607,8.292439146948038e-08,502714985347.1064
8192459.678032338,8.434514824302802e-08,425965319537.6353
8915952.62433256,8.410039503689375e-08,464482185164.4695
6233146.798841483,8.418358149262059e-08,324505769728.2717
5691697.204155071,8.364255927665191e-08,297593594592.928
6880925.342658677,8.450098077992632e-08,357332358634.517
9888553.911419971,9.033393467429616e-08,491170378477.1107
10228055.39810824,9.315585676702692e-08,497721378540.8434
10176018.00135181,9.008656029549071e-08,506373764584.298
10409969.87917111,5.175295362944509e-08,749593903459.0116
10628944.57018135,5.070709656153329e-08,775849788769.4849
10334522.73591739,5.064171472561335e-08,755007889917.178
10227022.06685373,5.701543651323439e-08,690378975761.1885
9631149.524241528,5.779914833493278e-08,644263952434.4468
10033248.0388517,5.611551504134474e-08,684520165459.4037
10904464.23365491,5.790719665280863e-08,728533128467.663
10670489.25295573,5.695301910756063e-08,720841583353.1146
10967677.65808987,5.569681252173785e-08,752017216914.8282
10575833.80982965,5.923888938846079e-08,695947820536.6345
9679490.580673642,6.101986393474647e-08,624508487260.7603
10345430.74477647,5.828026248015437e-08,688231022819.7078
6962684.270635936,6.648325279167535e-08,424263036178.0042
7438405.104124011,6.448140292837627e-08,462583539581.939
7542372.395363352,6.502774783010326e-08,466418208038.9958
6112471.012344746,6.932890941023669e-08,362193428914.7969
6406465.153017312,6.854078421114218e-08,382518480676.304
6068287.048392485,7.047131595544107e-08,355678703065.8542
6205273.060764807,6.827805798249816e-08,371455497725.6903
6442351.324509813,6.627177398105302e-08,393391834091.6684
6501464.453917715,6.748863230484197e-08,392214917643.2529
12186843.87452381,4.703747611404494e-08,935251844891.819
10994257.22580361,4.999065055826854e-08,810164796142.099
10155843.7620733,5.219593320060808e-08,727151492644.8988
6685259.163391909,6.502280181185255e-08,413435528754.6639
7185996.114130248,6.327031056335552e-08,452571290649.0564
6745473.885882412,6.623048225549132e-08,412072709934.059
8947023.858577738,5.620830232098647e-08,609740369902.7393
8094182.418872447,5.858290574499567e-08,536610354300.9578
8330599.019304361,5.752295651492924e-08,559047570645.9957
8536131.288220281,5.923114252911872e-08,561773194645.2421
8885221.132443933,5.939748141818415e-08,583655013808.8857
8013617.282271476,6.189922464931714e-08,512120064270.8856
9014112.468519559,5.632168582645894e-08,613487721849.9065
8591065.181282103,5.798289765749261e-08,573474006016.4974
8157999.604568643,5.870033639025575e-08,540119619749.6053
9502067.054522973,5.500416587029139e-08,656983358279.6587
10093238.76539814,5.342705822037042e-08,711524249312.85
9067584.627304588,5.666350263418523e-08,614642622235.7626
10822311.77546085,5.507924455308689e-08,747586398344.3063
10527112.98174674,5.633549102021665e-08,716343340831.0997
10330503.06103115,5.543524776547432e-08,710554632893.8986
8722112.546129646,6.369202724307638e-08,546887887678.959
8100465.420363864,6.608687125921766e-08,495564108323.7095
8026013.756980928,6.478974708349811e-08,497541193245.5332
9019775.308558907,6.027902884857099e-08,586702881380.105
8955731.932720799,6.223929474991452e-08,570240392552.3073
8250179.802867013,6.33355779080342e-08,519236150892.4689
10480756.15190237,6.049381808748432e-08,680119592621.4567
9971870.877106138,6.33094483117922e-08,627765763638.1025
9588540.514047384,6.227871697573307e-08,610275688896.2102
11362395.94068821,6.008300620773528e-08,740688297024.1984
10980950.59815031,6.126385147975851e-08,706594751044.2235
11064032.55366665,6.293141807686705e-08,699307897437.2393
11191967.27292452,5.895162633329537e-08,738883391016.2599
11639596.92478012,5.77942852340273e-08,778660258795.4269
11443872.42233316,6.007181467029329e-08,746092211893.1975
11226891.2069234,5.578488426637008e-08,768980198244.9718
10637989.54646627,5.701869898151008e-08,718094097215.6361
11324987.33184812,5.781019127246231e-08,757474680642.8059
7632059.641308344,7.258484855409857e-08,438609235603.1459
8060360.396867877,7.022660999491234e-08,473536352061.8192
8195175.59644402,7.140973327996967e-08,476123907967.5366
4285455.637803807,7.098904158221784e-08,249959393276.9993
5005132.54296736,6.846287455238772e-08,299074117166.1245
4908806.285293621,7.066346820887502e-08,287196578256.9304
7366311.285490728,6.300567617823245e-08,465225612279.0392
7394501.111697406,6.397430076726623e-08,462280080299.8388
6920209.518091822,6.597160773813009e-08,423852287591.2291
8267226.667524768,5.910558321728553e-08,544846510457.1725
7724273.622542684,6.080811224567883e-08,499516650128.5754
7842508.206509341,5.982047148759898e-08,512729644006.0042
8236581.948580526,5.974669816209221e-08,538936690049.9708
7723463.886048222,6.24122149623006e-08,490869132530.5223
7694653.243324981,6.14553083333892e-08,494101438932.8251
22922514.09825942,2.210504183890402e-08,2910279416455.75
23436684.32441492,2.288464448015711e-08,2907591499318.969
24063739.77631851,2.322359698376869e-08,2956265703281.336
23962456.00174866,2.309513371743844e-08,2954729134107.713
23051968.44515961,2.216273417563359e-08,2921633875769.248
24196373.02273718,2.326148386018e-08,2969331333199.253
19483498.69814983,2.011365593051198e-08,2634346729540.965
21456701.1888546,2.013368115915662e-08,2899217708254.327
21600660.17582849,2.093848024874794e-08,2843393198043.779
9612909.605615744,1.764372054834293e-08,1418387008548.44
6279411.303389189,1.870803498259878e-08,891046047689.2206
11725543.53492814,1.732716108437415e-08,1751115161342.614
6644761.379421211,2.484144068681311e-08,780479565259.5778
6513345.242846305,2.145818218162542e-08,843481341315.2904
8433501.877348181,2.083144798406064e-08,1113939592396.895
4986649.299229192,2.648375522357691e-08,561249261747.5776
4706247.489079806,2.568093691793856e-08,540672381730.3594
5458115.352390257,2.259670259043612e-08,682882521120.9592
13111700.22293805,1.810637766610368e-08,1901536333620.809
19144800.27750063,1.926225264945782e-08,2664277497803.777
17283566.65546841,1.935183864080517e-08,2397830864728.815
9138044.089773526,1.991594478343456e-08,1243710516935.574
7134220.736902567,1.987611276889962e-08,972281989859.9292
9322187.571089761,1.833542565369605e-08,1340676013813.201
19286391.12938086,2.289001102459742e-08,2392325679919.29
13268425.31944694,2.16501882934228e-08,1708093339387.352
11808602.28820805,2.267433325547434e-08,1474038450474.086
20720889.66037092,2.292457269309665e-08,2567680001343.58
19628822.85614204,2.093149473264706e-08,2584406118341.952
21590718.47261689,2.15993490257321e-08,2783812536863.86
18685617.86044944,2.97490299888765e-08,1946221457905.747
19066940.48027574,2.794774568199602e-08,2070378849939.63
24357213.41334522,2.692036454981117e-08,2711691689935.616
18340344.93323574,2.371867401667305e-08,2221675172714.647
18830723.17765255,2.144267373523582e-08,2439763373977.008
19900661.72517786,2.346897818957967e-08,2427754288654.021
2404572.299038939,2.45995463533188e-08,284284451660.0257
2241732.700741565,2.59979051938687e-08,255441578880.0524
3599186.989311108,2.532041405707059e-08,417404578035.8937
5514508.58852348,2.05945687843099e-08,733958800305.0067
3716776.821971655,2.25676772159623e-08,465416643560.3573
8597944.967311308,2.091350075536386e-08,1132687662477.84
2737341.599136409,2.508712117914521e-08,319419759969.9548
3297217.335440937,2.731387692659767e-08,363545418343.3723
3272886.483216597,2.611463392415237e-08,371827620753.1786
2971167.446072128,2.525285024114815e-08,345186280199.221
2173282.595528768,2.499361890606213e-08,254231936962.8119
2462033.204760543,2.460937219519506e-08,291000375517.0552
10543111.77815171,1.881578541556432e-08,1490346470005.038
7522232.665181392,1.835342013308934e-08,1081107195760.959
6626567.917283283,1.932220769160293e-08,920274714579.993
2312773.075470544,2.52752396205641e-08,268536197552.8316
3133898.844522448,2.592484792248398e-08,357772945080.3183
3081377.922304819,2.654930925874414e-08,346239130912.6185
1819552.529423608,2.63376535634949e-08,205547978850.4347
1837513.156529568,2.578080960902847e-08,210555257239.0108
1824127.591937031,2.670202736460951e-08,204185887202.4282
2758372.438325752,2.451932345755828e-08,326823981258.4557
3365339.440879981,2.305643102315927e-08,415432836054.4894
3320295.01050416,2.644877360224729e-08,374029893298.2474
2112427.384119245,2.420410833508681e-08,252457956973.1671
2254546.321092127,2.446378524564501e-08,267532609398.477
1978618.321226603,2.499242343807046e-08,231467371149.1978
2589361.380694542,2.327114744308197e-08,317673363392.6862
4119089.257595636,2.1127849573598e-08,538969685451.9293
2746460.139612266,2.335874597301754e-08,336103951063.7349
17905991.56521617,3.85983711413553e-08,1567782179859.896
17706223.16106848,4.239433792571716e-08,1456310660754.949
17539047.75155888,4.111966300473493e-08,1472220901836.527
6864926.578663917,5.607448201562825e-08,468589316840.7261
7780656.533725125,5.466463169570988e-08,540188449224.2198
6086727.302410577,5.457710849072784e-08,423035515511.3604
11391778.75462376,4.439469971126984e-08,908595942861.577
10849464.43273062,4.861215754485597e-08,814538661506.2223
12480710.08572788,4.566073475034964e-08,976961309280.1136
13910363.92050462,4.092041781111382e-08,1171417710666.574
12139111.67712047,4.247642398318005e-08,997137253761.3121
13262392.03198727,4.373746312288399e-08,1068364548696.552
6213271.956222635,4.880863254659836e-08,465217385537.4425
5429663.817636442,4.97656288967991e-08,401316124451.4244
6248904.742403524,5.049613899845392e-08,457402417814.3766
5708145.458231694,5.139743548581281e-08,412921406655.8943
5805195.729429892,5.340848284829836e-08,409332950792.3736
7461916.296548361,5.348951249080177e-08,525619271443.4109
12054910.3398599,5.306053131930283e-08,853721571141.3035
12053744.00428658,5.480548999681503e-08,835422024308.2295
10811598.11425146,5.396024564371937e-08,757136090919.1812
11983638.64660538,4.906472478623826e-08,894147417994.2793
12116112.65718753,5.11149071059662e-08,879693910291.1287
11170453.9854941,4.998730939493516e-08,823185382234.1111
11349577.52696699,4.668651025491872e-08,875357427088.6309
11790724.43236694,4.795913126457249e-08,893222424507.3789
10984227.14573533,4.888113557131725e-08,821628157292.1553
15493203.11641586,4.564768872405937e-08,1213003403164.284
16898332.05384948,4.781631834544782e-08,1282703905251.442
15657791.40114933,4.897573878131418e-08,1169705429148.523
12557611.84044264,5.698673496359923e-08,847990925473.142
11815558.34232484,5.879725145118981e-08,781417078804.1469
12836912.77446445,5.690899197413293e-08,867640857435.6521
8372818.383856625,7.039012839109253e-08,491130794813.7995
8365952.5462921,7.150001095201636e-08,485636504626.965
8312018.023706505,7.011094251164387e-08,488857864152.7991
8256240.287534924,6.857081585043274e-08,492821273064.0378
7717107.71985304,6.956944228651705e-08,456221289708.8745
8229777.462664112,6.968695619815736e-08,485982273070.8437
8642570.83052556,6.646652612793986e-08,526713310539.1373
8683212.193075571,6.61521728049037e-08,530865299826.437
8534185.272419013,6.72586626541446e-08,516016095678.0488
8934523.233600328,6.493174888484505e-08,553052868132.1976
8713456.735978631,6.608481022772512e-08,533076307808.8857
8638615.6027734,6.655872544975267e-08,525985959548.2767
8973639.838077579,6.466714286359864e-08,556988445550.655
8792984.659534164,6.550940507468609e-08,541087139612.5441
8752086.911033543,6.581893317003859e-08,536880622310.225
5730997.837068491,6.871562673038069e-08,341606849411.8085
6353058.48475859,6.850373549198537e-08,379466420503.527
6335752.627750589,6.830637388846324e-08,379161347803.1815
3982691.611431147,7.000183705127546e-08,234478874666.2987
4241147.74221497,7.035405106536624e-08,248861278796.3737
4189289.887687245,6.966604094239144e-08,247434161619.4655
5983896.261649331,6.989814695287368e-08,352647070884.3672
6272875.605413886,6.89965825230956e-08,372890759929.6571
5688509.225392442,6.961554083419989e-08,336145781786.5377
8664423.236591954,6.62804857528559e-08,529032723945.5839
8567713.288083144,6.693837331834684e-08,519694541367.0168
8515558.335560616,6.736790133453992e-08,514333070667.1545
8529814.021734655,6.721205478441776e-08,515990192573.5804
8604183.376825612,6.673500891606984e-08,522966467038.0831
8496039.553361611,6.753361318932239e-08,512314366792.1299
4380792.442848631,7.232714235940735e-08,252358811233.1014
4304834.890669568,7.44472164872868e-08,243252617782.2031
4177415.892622351,7.603015224528059e-08,232764712492.1895
4931031.140985976,6.918979568929439e-08,292578929430.6901
4519843.96121917,6.998711494099076e-08,266140752921.1524
4255477.365806365,6.931323902739777e-08,252195590495.9609
3534456.629653945,6.886400205369168e-08,210375172332.747
4661704.904478287,6.890254584782046e-08,277366878615.4128
4005547.883969089,6.902534638986836e-08,238043429215.3446
6222685.624488616,6.8403042077919e-08,372043952557.569
5474923.095311729,6.908263657919476e-08,325186184930.2118
5521067.341023182,6.881594669071989e-08,328773636347.5851
4939217.796295804,7.04708077325852e-08,289502294846.8008
4492069.098110207,7.303919730461251e-08,257084425268.8746
4569653.769543462,7.097257968449714e-08,266577138556.6973
8147359.649717042,8.125109949525648e-08,434307560910.2353
8896921.094394801,8.267490945066755e-08,468803221013.7886
9786313.936186083,8.22982683077917e-08,517239891661.1395
6588606.848089043,7.93178817155701e-08,356899704567.1064
7054729.732558885,8.006225263326676e-08,379776869573.6985
6516949.016641025,7.971530816060547e-08,351843747095.3004
6771784.585346695,7.955207768189995e-08,366102012858.0275
7260761.438903417,8.064581388377019e-08,388980307150.8267
7244232.707160971,8.029665366065676e-08,389219056044.7307
7640050.427030469,8.101995048981856e-08,408038907513.3309
7657024.456517292,8.137025748036476e-08,407770910337.4612
8366422.106203053,8.244633825493074e-08,441664192631.4136
13423840.75727195,9.824080749580276e-08,630495768119.2295
13067506.06988799,1.017490309764596e-07,599569026498.234
12457168.16819028,1.010539041383652e-07,574183351768.7655
14981504.11111183,8.817633338443322e-08,756230276210.6184
14518038.49652975,9.102944743069002e-08,717441794199.475
14851806.87861998,8.911344770766198e-08,744418451293.5399
12569529.47662983,9.339124638840743e-08,610634831005.3971
12467472.076516,9.596300081786701e-08,594806707662.0283
13547047.38043379,9.344233181283273e-08,657883313891.6046
12218035.56839887,8.785495333748834e-08,618240165719.0144
12613601.89057783,9.064867198298376e-08,625074078119.8608
14041372.01137798,8.784457950413248e-08,710558054627.8854
11412096.51189838,9.700540840021268e-08,540548670524.9539
12493548.36601566,1.008713014829225e-07,576554969155.7711
12029063.3835187,9.817100774411333e-08,565253136062.528
12872943.96873158,8.520107352499197e-08,664835958860.9833
13285121.91274882,8.656903216238004e-08,678876073727.4895
12567246.36940558,8.501810047384677e-08,649978808584.8798
12822873.00194217,8.498870571424872e-08,663352745155.0433
12703365.28193878,8.443698328525009e-08,660029956550.1405
12183249.40437122,8.278153656249171e-08,641417511502.1735
13136822.18186885,8.600422475063181e-08,674233713226.7322
13430298.5311037,8.681592806723655e-08,684992881340.6705
13015856.91932123,8.54471701928969e-08,670925517004.6368
14011554.14317951,8.461726221122322e-08,726965269183.0011
13585887.89858174,8.618656317191822e-08,696297738858.6064
12981462.78318684,8.44618712465764e-08,674346591385.8357
13781036.10303072,8.85169344584455e-08,693847925027.6168
13622523.03776487,8.758424448029838e-08,690727731258.8431
13326942.36408595,8.677059824635349e-08,679958058247.5
6077408.613574483,8.073611118196283e-08,325341815462.5622
5562377.039421386,8.032230238670902e-08,298792476478.58
5468408.117551259,7.992166112684233e-08,294725639061.5507
8932594.238127552,8.210834674199045e-08,472845653824.9124
7336620.446098717,8.149525997722614e-08,390308328776.1464
8556124.099094246,8.193048254272718e-08,453572518477.689
6197127.894054759,7.997586861403344e-08,333849821704.3525
6528375.274776266,7.925274605055604e-08,353830743649.5491
5200930.147987021,7.943578642387706e-08,281451491608.7557
5424827.792102227,8.015697178628185e-08,291804345543.545
5919087.447289009,8.020055720319946e-08,318275468273.5499
4946483.565938534,7.966672287823308e-08,267164409059.8757
7779315.990966422,8.097287151778028e-08,415637814042.8165
8051171.327627257,8.024257070107189e-08,432768703187.6031
7009778.75688406,8.04838394264697e-08,376038103463.9012
8407498.773237281,7.932341202052675e-08,455406496324.2108
8832294.019005997,7.80197911356103e-08,483730712855.5045
7702702.070348553,7.885012708909746e-08,418897885858.0477
9607203.283376995,8.165159886432976e-08,510450756007.1707
8705132.515223932,8.052816122505935e-08,466813633780.4974
8422358.9463271,8.126432266722309e-08,448918117522.287
9890598.264167238,7.904603482265266e-08,536993673508.3718
9389977.693606041,7.806482590179969e-08,514076356592.5521
8951813.90316863,7.937396797871636e-08,484684335607.4329
10916186.37477832,7.948153168046151e-08,590509365645.5114
10690977.0519674,7.959809668855513e-08,577761956639.2878
11398517.22586103,8.07165462181898e-08,610295235510.8395
10735301.92051115,7.851547936980945e-08,585478213113.2709
10668168.6092411,7.685395662348931e-08,590172610648.8569
10511976.04962741,7.863392981839625e-08,572722672129.35
7435705.43746762,8.117244986479273e-08,396627730232.9693
6683802.73295248,8.067791902831791e-08,357975934733.3103
6699216.678504677,8.104649966560223e-08,357712829267.3477
7908276.478326404,7.984047591474039e-08,426513811731.8419
7225189.700229645,7.936020144770826e-08,391243750203.1481
6876488.08783129,8.007676051159792e-08,370136884092.4139
10027644.11655148,8.129337995762694e-08,534353664281.9938
10052176.67703622,7.985123980351978e-08,542091175271.9609
9105564.752761235,8.01774887176651e-08,489709565933.2157
9720873.591250213,7.495563619739975e-08,546809140808.3623
9131809.431522558,7.551883958456554e-08,511116578351.2369
9393446.294499906,7.647783146713452e-08,521356244987.6709
10155065.1722583,7.808857825893471e-08,555850120816.131
9979500.744609045,7.558734779047884e-08,558225164272.1866
9647709.318389483,7.712029019104899e-08,532490388536.951
11494054.26463312,7.93433655377849e-08,622490647796.2003
10911353.98491766,7.702266377837097e-08,602744083106.1442
10979246.9573717,7.869068893330805e-08,597893256930.821
11324369.01108841,7.499415749401507e-08,636789253577.3511
10322757.59784374,7.267855355189827e-08,592731778948.1335
10745888.82952848,7.496119192770618e-08,604437435547.0436
11936854.49019256,8.356828479762178e-08,624494916507.0956
11370370.71109716,8.283440345156014e-08,598366757844.189
11631422.30484143,8.168838705951971e-08,617816178384.7332
9770614.855064528,7.125032209558462e-08,568500266993.3202
9415131.78008434,6.997271312776426e-08,554464732313.951
9855334.277893847,7.279546106641427e-08,565286341447.1854
11256266.29078948,7.407090558428145e-08,638208507478.4713
10481769.91079916,7.127518353037989e-08,609736779523.4415
10257740.99412468,7.175899207209394e-08,594019692150.7162
8636081.573142907,7.629462809457926e-08,480087902235.0511
7757129.096632487,7.808707619729131e-08,424601552622.5464
8890568.612769928,7.726186955987374e-08,490101534994.8171
9331469.330166403,7.331325957609202e-08,532715107882.49
9116513.623949815,7.473124513728485e-08,513839287070.7972
9705091.94732756,7.416274664361377e-08,549805547061.4045
8363251.540142111,7.307372500176813e-08,478484266101.4271
8077775.654343034,7.374518109943167e-08,459341858194.7469
8597572.709737444,7.458298026314358e-08,485231926837.1257
4401102.698026231,7.858074576164018e-08,239892905976.1897
4337565.49705898,7.715533929572962e-08,239332708326.6361
4196016.549519629,7.778720401695872e-08,230267025754.8716
6394154.928242255,7.88505910998908e-08,347733489980.6482
5682480.785839751,7.834929682260957e-08,310347254123.0024
5081205.179455493,7.902312376249917e-08,275928951044.1509
6685109.29150844,7.631402106297075e-08,371568554839.9352
6646121.259190901,7.405307749754078e-08,376882685937.7977
6160385.205051133,7.55147628613178e-08,344815378854.66
7038614.641060134,7.042078345162005e-08,412749561244.7836
6343588.415068359,7.064902906114154e-08,371191080817.8199
6753920.342696344,7.191710493035717e-08,390542051545.8981
6813953.628745353,8.105247870856943e-08,363821455145.2135
6737587.227922635,8.034932440450723e-08,361839727631.3759
7990915.467905072,8.149086101363412e-08,425132133433.6337
5195333.985524299,8.002484545904056e-08,279767272563.1251
4616797.07053076,7.9546552063353e-08,249608792353.8554
5104531.751585389,7.962443364619701e-08,275798355356.401
6267645.957778635,8.049486751966088e-08,336195835710.2861
5758729.026635511,8.046127658781244e-08,308983554119.9319
6282572.609734049,8.087262522454047e-08,335946269252.2669
4604975.124022912,7.948976375999959e-08,249088198096.1957
4495770.480250943,7.950898551765016e-08,243142002900.287
5066899.269063787,7.998975985991378e-08,272930879821.4633
6705976.64972271,7.77308899171026e-08,368185157502.8091
6089319.980709266,7.802965642946828e-08,333474271728.1052
6825291.711913028,7.853310985886764e-08,372179705083.0135
4181827.382044908,7.826985832387471e-08,228543954048.7611
4280002.834428974,7.907499458371657e-08,232318935680.5901
4386570.61933496,7.906274537971598e-08,238128036854.3557
5231397.250215736,7.793665997212038e-08,286719021944.1461
4589809.063052396,7.719980083109077e-08,253153439630.7438
4655160.985148682,7.861159048309815e-08,253674598881.7812
4145866.643780423,7.599457658771997e-08,231078884309.7879
4040382.844897881,7.604396418536745e-08,225101999505.4297
4086654.685798543,7.705196894944768e-08,225689895235.1613
3939178.24327492,7.582282502254612e-08,219890090639.7324
4120114.926907217,7.593812375011029e-08,229757354553.7224
4061087.812899695,7.699509991972482e-08,224388358951.1599
3904995.908909758,7.496304475779134e-08,219645564689.9162
3923148.010539219,7.354275740585669e-08,223498572592.0781
4085154.673053341,7.507039880923223e-08,229559897681.7063
5323936.724762434,7.238530977995395e-08,306525018272.6285
5522291.22100741,7.111360757174148e-08,321724522599.4744
4414372.460526877,7.244780088167226e-08,254010792198.2892
7482270.172767165,7.414316463246651e-08,423954555776.166
6976717.195719872,7.372591288670663e-08,396799405838.136
7016661.744277227,7.595412540879616e-08,391227729534.3518
7567596.004520535,7.288719194304231e-08,433701036408.5984
7350108.325433906,7.095503743943528e-08,428849509192.1494
7059118.335812784,7.248623133911488e-08,406050561231.9686
3836899.415309742,7.198480537613504e-08,221727651853.4277
3726449.012674158,7.056778438484484e-08,218218146145.9581
3831473.355858072,7.166848493680224e-08,222065109042.6435
5274720.860125884,7.432752003542397e-08,298377716861.5186
5674521.723018456,7.291133019531606e-08,325136641357.133
5292048.839893728,7.574707767155694e-08,295606007171.8387
4865099.42231212,7.721695748881472e-08,268297481628.2399
5074066.827531075,7.540336091971475e-08,284290521490.478
5091062.300505967,7.682749014526474e-08,281706789762.1692
4350012.193045007,7.47553779480809e-08,245129462682.6311
4907634.664944239,7.253819379699259e-08,282159320294.8944
4929994.870549557,7.405279911141843e-08,279566726605.3103
4099160.843442271,7.766907714281495e-08,225179852126.9654
4052818.053676329,7.666680588823065e-08,224570235156.4824
4196366.741507278,7.848010529802286e-08,228928775317.4027
6975317.391944918,5.984961964048504e-08,455886127846.9836
8526074.099417778,5.630888928599321e-08,580360432316.5889
8015954.008199192,5.779203363184662e-08,536261434261.775
6458787.491112505,6.27917168573848e-08,408836275930.8609
5681173.444125775,6.520880539523382e-08,350671565548.835
6129742.676160049,6.26142956567465e-08,388740608689.1888
7664818.250890258,5.976219930393747e-08,501438274388.5207
7210353.89092373,6.092210317878239e-08,465700447879.235
7894924.679462335,5.869949994779729e-08,522707088885.2611
6213334.455749531,6.615184411883826e-08,379865712287.0815
5980548.08361531,6.814812740783438e-08,358458075391.0513
5606033.575132311,6.699555764577118e-08,339853455654.6282
7376833.939130086,6.10249729120599e-08,475917429498.0916
6758744.909303189,6.375830679594658e-08,423488419373.7995
6931120.635532309,6.21838346674247e-08,441589214747.8735
7489780.061070349,6.096656251818109e-08,483512744204.2267
7374245.165278942,6.195893017012355e-08,470957407287.3864
6866874.143457381,6.37067451964856e-08,430495691649.5961
4315524.162043633,6.451283531933654e-08,268288958512.7787
3650372.281373234,6.676911515810012e-08,221795847401.6339
3731392.697618527,6.526670726582761e-08,230184718692.6593
4550214.518474552,6.16157276872026e-08,291678320449.6963
4301052.706159444,6.569859333312959e-08,264162226982.6761
4454569.06979331,6.268261080784417e-08,282297898946.6469
3019714.71832519,6.281935623368598e-08,191089545781.988
3032895.574736095,6.34670764456861e-08,190615609381.5508
3300893.790139493,6.104649112935447e-08,212907558513.3214
3003872.359734904,6.746488000191411e-08,181257633928.3865
3480713.301694355,6.893936369644935e-08,207025291997.1882
3490130.659613479,6.728887704225959e-08,210966176629.6479
5601974.591746247,7.842334816868916e-08,305757802272.2543
5369184.327449413,7.760931327297658e-08,295097651630.8238
5738304.600624079,7.8098828535708e-08,314065755104.6356
4155924.450930048,7.670200496301809e-08,230212994055.0652
4521693.696381785,7.781259981997809e-08,248085389955.2673
4301271.868902381,7.851936847557401e-08,234573543501.1292
4292043.014107019,7.586330794869606e-08,239502222871.4086
4868269.529748078,7.516424117365931e-08,273338262745.0974
4663628.719871771,7.697374444473762e-08,257728369187.9396
5589318.263980687,9.503649604889949e-08,268389319525.8233
6915591.518583563,9.63871039136473e-08,328965266174.0703
6259934.477172193,9.619282733801156e-08,298177356984.8587
6776051.185725945,4.628666417529853e-08,525621057999.8751
5996400.086249976,5.065657774494644e-08,437992530505.8782
5424100.417477191,4.634804019142991e-08,420378153133.1002
15100303.97929331,4.44569629912579e-08,1203259121335.386
12161754.91372305,4.792473190132383e-08,921771166724.6902
10189453.55863075,5.056001521420785e-08,745211297535.8015
21699821.98276462,3.383480687426376e-08,2074342043135.167
18328498.78913959,3.922730319998577e-08,1587576251404.346
15980002.80177941,3.87382749032344e-08,1395779021499.408
23194705.61465711,3.277982138086586e-08,2264563360468.013
21424172.23423757,3.439954866750028e-08,2025515424498.57
19704375.08934383,3.821479511024179e-08,1736767335392.094
3197664.547347893,7.016576623881922e-08,187967480586.6811
3476057.863331606,7.01405284415522e-08,204381214171.4529
3233171.672052311,7.133469143305592e-08,187972755154.3995
3191548.874541994,7.040627331637999e-08,187180496393.4258
2939229.906602371,6.94928674783076e-08,173889517751.9324
3083111.182637887,6.985651195016487e-08,181768206438.7829
4916605.951740218,6.380671229619563e-08,307908130867.976
5611870.115165916,6.291890915368327e-08,354748162442.1465
4722485.559461711,6.564128241378768e-08,290214606819.9738
3780785.807144691,6.713264629292589e-08,228889689158.7703
4457222.493805659,6.485997543640875e-08,276108510841.4784
4272486.846575908,6.669460023568108e-08,259788717049.2654
3990069.06456208,6.379395798910051e-08,249915992189.0995
4725982.008775441,6.08967313067854e-08,305325264936.7944
4593385.025787974,6.301683288569692e-08,290064870707.3958
3961641.195110572,6.936752469516155e-08,234659247726.3447
3363011.51942796,6.908400408784166e-08,199745354400.6993
3760806.622198908,6.965390308480841e-08,222152240699.0657
5281324.244348504,5.969413125516431e-08,345770873836.975
6221227.977149597,5.894784788223022e-08,410737302861.6771
5141099.081822596,6.18003010201666e-08,328898768159.6066
6954365.388415683,9.698701593976202e-08,329444129898.2351
5670540.959298606,9.488092223003011e-08,272587054555.8496
5593975.601268894,9.409344057369927e-08,270404761750.6108
9747921.062393736,7.315073535505996e-08,557313469490.7842
9036369.994964276,7.441577490723277e-08,510760534169.8509
9115209.60420477,7.353325917514802e-08,519330843053.5729
10354184.54722568,7.302383465048121e-08,592660720498.8711
10825102.70604081,7.304837725722335e-08,619476701293.6742
10324478.53399755,7.426978716994518e-08,584332451624.5996
9921331.409856042,7.129497523040987e-08,577028603711.4271
9973632.385917632,7.236959803865848e-08,574313797099.3048
9333515.505697014,7.275317484632358e-08,535563066949.1718
10289483.64398496,7.083652706511638e-08,601019746113.8861
10802477.52147474,7.092331528038237e-08,630469409061.9722
10342744.88733296,7.191227973699431e-08,598090780721.4625
10924709.93328617,7.656984328272953e-08,605858784445.7114
10856771.44434519,7.79288295428388e-08,595070735468.1763
10443413.65657016,7.59549700612194e-08,582288682575.6029
11827975.10133054,9.386520877636405e-08,572673782687.9628
11765100.86098762,9.021451943052398e-08,584895160579.7849
12017088.67759411,8.815930912564983e-08,606671808173.4087
10543655.12712986,1.063374734468761e-07,469750193009.334
10553061.5421596,1.088173952614653e-07,462998502930.3772
9979139.35044129,1.101803699099828e-07,434200450614.3634
10902281.39988733,8.606974028529054e-08,559264250564.2279
11175638.90212716,8.846232706942636e-08,562902858858.9618
11596877.68965637,8.868605645526177e-08,583137334714.1445
11921632.71530824,1.039781245285383e-07,539147693184.5611
11220541.63041126,1.063518215034526e-07,499862472509.0451
11965412.74029484,1.002112123574563e-07,554604607317.4332
13007645.15567248,9.457183074996905e-08,626648710199.1514
13737599.8983683,9.015054236910091e-08,683279882732.7688
13790313.03061652,9.564483565610883e-08,659375957503.3397
11286582.41287676,8.799194271276336e-08,570515156098.931
11396647.3327117,8.43160342676505e-08,592702821777.3818
11656415.16008426,8.80883722033499e-08,588779414400.9507
11282937.62571773,8.419431371218344e-08,587354562229.2823
10928728.71112261,8.500273278337714e-08,565302691549.2214
11624153.98415934,8.761903950548416e-08,589244714597.7871
11080640.51871467,8.261379308776573e-08,584157320965.084
10813745.99773177,8.129668055410101e-08,576227908721.1953
10729646.79078614,8.342216980174296e-08,561993256757.1509
10808573.09039382,7.995721562414163e-08,582366773895.1829
10680698.20478723,7.854043049470039e-08,582376880095.8528
11104267.81594768,8.079950898942544e-08,594133599405.442
11976400.52915835,1.062476825402102e-07,533883707524.2926
11141491.03494657,1.085345004140371e-07,489663922793.6398
10824849.8477468,1.092738978333836e-07,473599161086.3062
11920767.8599753,1.054613367292172e-07,534041962231.0223
12175797.00744058,1.054796181799817e-07,545404059749.1125
11014458.52389459,1.085069622699675e-07,484162796752.9853
14136495.20586479,9.84968853867739e-08,662816663806.8501
15064646.02396837,9.717156624927878e-08,712742729985.1503
13419972.47113779,1.018201210235386e-07,615454406792.9026
10652647.8283502,7.74718973471108e-08,586176101420.67
9901786.087034389,7.642158406620863e-08,549839812531.8805
10416302.42746992,7.728334079411912e-08,574102787804.0094
10586011.69183517,7.714793405179914e-08,584138954394.2548
10153990.40710871,7.595578728408581e-08,566147380719.0406
9837545.066170523,7.609121759023583e-08,547852581603.0027
12191608.45089531,8.036640917892346e-08,654653202613.0765
11510116.00348313,8.097308992129768e-08,614968058652.3872
11329096.57207293,7.900603790343118e-08,615302137317.6227
15324732.59611198,8.221758968818726e-08,810493888998.6366
13386862.72702834,8.074678272042471e-08,716575560131.9933
13539720.08743643,7.96897315284399e-08,731152737343.6328
13396813.47935045,8.622916885333218e-08,686381196538.7664
12348554.57318867,8.749489115377266e-08,626557589920.4799
12779095.23244866,8.311524826168621e-08,670985243242.6165
15493657.51489567,8.36100067175612e-08,810304864602.4512
14180516.12124082,8.525706507121614e-08,732046135741.3759
13544776.46104824,8.214371284310267e-08,716785078783.5106
15737298.04192512,8.64788879232647e-08,804742193351.6805
14467637.93483001,9.362081913531791e-08,701696548805.2736
14413644.56584305,8.812637145881722e-08,727841055341.1211
10595775.99584592,7.663611587198488e-08,587278062241.7156
10900623.52168747,7.613935403372771e-08,606799501375.0658
10583602.59507889,7.509915058920114e-08,594579832271.2579
12619678.5141238,7.874539170284736e-08,686907396769.9576
12472120.93858622,7.980474593600131e-08,672854509185.1674
11599561.91167873,7.844664619195069e-08,632982932287.2916
11119142.8357297,8.198027922330272e-08,589203132441.9954
10739112.56482004,8.326373606150181e-08,563202359160.0138
10823248.78766857,8.113819976565938e-08,577485028737.7549
10565105.84183257,7.364705737909524e-08,601317144180.0188
10903977.29014205,7.285167865677141e-08,625113046210.4309
10500109.22304923,7.266580521029221e-08,602985806830.5305
14956470.391204,9.799147070713452e-08,703671991500.7963
13719697.38013118,1.017758992300409e-07,629382360064.3225
13317883.40587311,1.026373941238242e-07,607525899372.7677
10334938.72490145,1.051700788699776e-07,463852362610.6629
10798577.6751971,1.07083088678636e-07,478871837580.9144
10563940.76508105,1.031633476929229e-07,480259177605.7355
10634395.80341607,9.79397499881805e-08,500503162901.332
10191894.59106399,1.022957617298106e-07,465961280017.3492
10008821.18105987,9.793787737136353e-08,471066772922.7506
10270389.08734094,1.078181421523508e-07,453376495162.1016
10179032.00867002,1.108495449033138e-07,441113690732.4252
10154245.54041742,1.068540634594392e-07,450941597905.8834
10736765.2129828,9.971340056688611e-08,499310966431.5406
10409043.8467171,1.050342236240862e-07,467581103454.091
10292116.71210935,1.040702678976363e-07,465179164253.9803
10000053.34588133,1.158864540637861e-07,420707770816.6073
10238001.24547562,1.165801430682882e-07,429008063784.2123
10141618.49841908,1.144091827971914e-07,430328404970.998
9074201.69849832,1.17765869909451e-07,377684184153.8294
9115188.290193003,1.169773400712136e-07,381093156232.9833
8804568.081960883,1.186706543728949e-07,364596502227.334
9610627.743426431,1.169076689682067e-07,401966402385.8253
9250496.210015528,1.176978422884087e-07,385170214510.1304
9192365.404998768,1.183975165784737e-07,381240371676.3162
9468742.374502603,1.135902602418758e-07,403705721127.6473
9281818.729885498,1.157092203722657e-07,390889889713.8455
9240458.786415542,1.164953761619286e-07,387395354931.0298
11987485.44043142,9.207050524951371e-08,587914820706.2384
12115716.61447389,9.57088436888861e-08,579047770502.8712
11891978.05510209,9.574618400425962e-08,568206829992.434
10297673.4582075,1.108050840131745e-07,446374446364.8401
9541330.231483849,1.14287929055006e-07,405143322361.9907
9730836.036948357,1.1216787245093e-07,418380241739.5534
10330210.77677272,1.16470760041496e-07,433142943212.4484
10335791.79782902,1.154447326801147e-07,435940954512.7761
10264516.99452656,1.143020967929397e-07,435815213472.9816
9196144.738389432,1.188496335157657e-07,380429249150.2375
9039367.274112094,1.188113730736316e-07,374023901181.6124
9847834.986695956,1.180534664024573e-07,409218193296.3842
9463731.868383784,1.146584443682102e-07,400982171740.5847
9318180.367311703,1.167634199208432e-07,390055651554.7268
9679614.450806992,1.159728333069878e-07,407024496387.6672
8673045.117318951,1.194939915458337e-07,357498502248.187
8641983.914137177,1.195668075967762e-07,356073536279.0253
8883525.012106538,1.192886904579041e-07,366594390701.7342
8994681.080401257,1.17814719911786e-07,374270903857.1187
9221632.360340426,1.173314940024502e-07,384767224343.8275
9843766.904580161,1.175496379131631e-07,410217129020.631
8768892.472343585,8.372836359882827e-08,458173193003.5157
9436656.950994384,8.542642276442169e-08,486508038465.5999
9447092.097946875,8.751632300798013e-08,479261019818.9799
6986233.892219181,7.76333991104989e-08,383893465795.8937
7369313.331056137,7.894761251778214e-08,400437143910.8782
7058093.440224255,7.846037338070325e-08,385112093284.2795
8792001.760714378,8.202637071231543e-08,465713437166.6335
9270769.934088366,8.40535813270497e-08,483145926216.3267
8609008.950095305,8.235640806404281e-08,454801157625.4897
7894621.253532683,7.910055436817332e-08,428428428945.1267
8353437.595170417,8.049372184845019e-08,448081720026.5454
7810182.800350282,7.96491518793215e-08,421897639009.4613
8258147.053451819,7.930002964891927e-08,447404532009.8904
9305670.677080099,8.044933337686775e-08,499343474888.3544
8727260.631778564,8.069418419941791e-08,467358116183.6009
11087337.57966897,9.396589759713955e-08,536430866878.4766
11027550.17255375,8.980004756473694e-08,549913858516.3463
11417556.82964681,9.056295901537959e-08,566160343274.9707
10817195.02325666,9.745357817572866e-08,510798327510.9839
10920624.29656359,1.004879737412246e-07,505248159553.3068
12138563.56214218,1.014233431012563e-07,558138544788.7532
10372992.68147377,9.106225669768841e-08,512481822353.692
10425530.66274386,9.413073890045521e-08,503822074049.2344
10676626.87303628,9.423558466110835e-08,515573728037.2974
9996635.292352023,9.504080889150296e-08,480006478249.7261
10394576.77773145,9.889280939843982e-08,486067967673.7544
10293675.34713219,9.585842111678838e-08,491454843124.9528
9682509.032846859,8.735801820171481e-08,491797211648.4042
9736065.076469976,9.145208314284741e-08,479646264378.5994
9693079.201281568,8.944766865934383e-08,484636081113.551
9882589.199302847,9.676872834094731e-08,468864538362.1318
10290512.34206133,9.91201521879486e-08,480465665173.5738
9894587.334194897,9.526865760766957e-08,474348635472.7341
5429754.887683146,9.469327675551687e-08,261356995049.4645
5598070.787436755,9.480760939349766e-08,269242070655.721
6737973.95054097,9.604175816589273e-08,321284119581.304
6157343.034468617,5.604926841669435e-08,420416788660.7175
5505010.972213251,5.779443011261469e-08,368271009070.4494
7666516.606450922,5.341157687142578e-08,540556566658.3491
7920208.131019422,5.334563361717587e-08,558904160369.5719
6751693.078588647,5.492834822055357e-08,467248947918.6736
8328131.011444788,5.219906987801193e-08,596264617372.7657
4042940.366824278,5.905076467525164e-08,266612384017.0281
4651530.47919369,5.910385318008834e-08,306562249650.7751
5252641.228943061,5.745561377573333e-08,352768197427.2272
5215594.906297597,5.829370202143857e-08,346914746794.8615
4395036.712388637,5.85138252492248e-08,291601786422.3488
6726119.829922835,5.543129827438774e-08,462659232744.7441
3528128.391533875,6.285420593587554e-08,223179766223.4833
3703574.521625273,6.351368210312468e-08,232653483956.5141
3540212.295185588,6.106707327627434e-08,228292285077.9554
9272776.312604992,1.125097507247857e-07,397877769936.1637
8461652.356546568,1.138526343237022e-07,360213337590.7061
8749045.235831043,1.134948016313137e-07,373230117836.2988
12906566.0283055,1.042500717574172e-07,582675108646.121
12562813.24902901,1.055873787120394e-07,562357163437.3167
11663051.86786776,1.07397044608234e-07,516199191574.7999
12501655.55713314,1.049485475588378e-07,561888194474.5066
12891054.5934833,1.040888809309432e-07,582575506410.9652
11648306.82845142,1.072397679088474e-07,516050525877.6846
15357004.30758831,9.630272253859484e-08,730938429963.8779
14862062.95149034,9.590008733719074e-08,709359563250.5757
14103425.41071363,1.000935624358396e-07,654215016290.3666
11190400.61348848,1.060421574768628e-07,499489769783.1006
11543641.85829384,1.054977174422646e-07,517028085942.6738
11171162.12087924,1.059547434661773e-07,498905262548.1353
9931308.604147,1.087920034298435e-07,435787893434.4919
10105325.36252158,1.095094338135149e-07,441484992809.5626
10466012.79798105,1.076324818286108e-07,462543261586.934
10594623.47130084,1.067852958602586e-07,470700388218.2018
10051503.37817502,1.081130081513879e-07,442906841389.5356
10589391.20931007,1.069512162839822e-07,469981223707.2482
8302177.495003479,1.113438306192831e-07,358713654435.6873
8404892.164827617,1.10599945971833e-07,364778194349.2578
7697288.402438954,1.118473603263575e-07,331579190102.8939
13293191.33052007,1.015690745892723e-07,610644231162.6741
14086668.72736793,1.003115500425579e-07,652490721990.0677
14000179.49510434,9.943402999334697e-08,652294288946.069
5619619.392258856,6.887894081092302e-08,334438239864.9678
6376884.670922874,6.813941564253242e-08,382246008798.5045
6113593.979186792,6.791962832493478e-08,367253879522.794
4500155.595509341,7.306507107709689e-08,257486416209.5254
4947697.043106228,7.043968921297395e-08,290084692214.0294
4602321.401783692,7.093723435675814e-08,268572026330.7495
4731856.525186047,7.004379159356216e-08,278474309946.9474
5152369.496804778,6.921596614618539e-08,305634805719.5438
5107795.91980878,6.951116270952061e-08,302132307931.8712
2904357.201243326,6.63275364455187e-08,177250492431.6293
2996831.612858389,6.41939404763666e-08,186924538830.6315
3316610.092942217,6.510380747433347e-08,204938471398.0716
4243772.255196081,7.016966261481839e-08,249451322201.8181
3829026.699525696,6.990206244518853e-08,225646396063.7293
3987730.165726501,6.946077729943453e-08,235993117626.4456
3741877.261458089,6.731585271917083e-08,226122947027.5631
3902222.179711185,7.015006203954562e-08,229417540793.8658
3819880.875344672,6.631340966623267e-08,233157244229.6403
3557642.842749281,7.119847704120308e-08,207100847960.7222
3804291.307855016,7.221518231356621e-08,219375483159.8665
4073301.226638902,7.110090996874744e-08,237335710398.4455
3825366.460368919,7.026021813499609e-08,224663946355.3453
3562732.752053551,7.069833286479872e-08,208374129093.0692
4078747.406461223,7.062735600454365e-08,238714158477.2481
3143527.407925546,7.036290032791842e-08,184439851067.1516
3178733.511316133,7.150423081473049e-08,184515545264.5443
3253013.27350575,7.089508603158161e-08,189907337986.3952
3847246.631260092,7.136408927753504e-08,223612911429.0495
4262952.438307183,7.158658222701847e-08,247261254527.1602
4062362.599411698,7.524609352155104e-08,227923644066.2209
3527659.146646786,6.931468871394181e-08,209059431050.7712
3047495.302373626,6.791229569329985e-08,183081349018.7401
3680053.881466759,6.89063512792332e-08,218951542052.0078
3940490.638628815,7.286201278759315e-08,225882641207.0797
3769553.120439451,7.165957755570432e-08,218494430949.1765
3982515.615610695,7.559776862228508e-08,222750234266.6981
3460854.763422283,6.615850386344154e-08,211572681659.9638
3364507.967770185,6.445807626200888e-08,209284308670.1518
2976716.795065957,6.636438516091075e-08,181599285040.3539
3872541.816731398,7.099952937325953e-08,225852968335.3912
3712814.263924626,6.819855335959955e-08,222426459488.0876
3703100.919715725,6.982149942156349e-08,218393361946.7719
3986888.24959081,7.038551661538367e-08,233872160532.2117
4079000.29849461,6.821806093290941e-08,244317264231.5713
3903653.726631818,6.653354227503615e-08,237744706482.6151
5541209.847736898,6.873583529281563e-08,330229439634.406
5555376.083277957,6.873358228764734e-08,331080913858.8076
6244068.591592265,6.831916178219545e-08,373627911508.5863
3578666.856393665,6.891036563147511e-08,212911066291.2927
4195418.636229194,6.915658876378604e-08,249011608909.9423
4712457.623429562,6.88989803624959e-08,280396288867.3995
2953691.251627272,6.773852297351689e-08,177749320107.0901
3132539.55651328,6.857228595795272e-08,186981000281.5329
3576900.723573167,6.873433840519158e-08,213169164006.9803
3087175.644951839,6.912113838785511e-08,183296462999.8744
2908460.309004457,6.794741815548474e-08,174668464338.785
3244584.667206918,6.823025541679259e-08,194315650217.1789
2684523.437471248,6.730859904042357e-08,162238341901.3496
2466637.421593731,6.723487197295002e-08,149179424626.0783
2855150.571644124,6.820422326562818e-08,171036252204.7326
2864861.248567086,6.603198656706166e-08,175361405459.4376
3245521.806200298,6.406708011418979e-08,202703498308.1052
2990934.836685936,6.468714770182387e-08,185607255873.7967
4505613.151830336,7.100281373885922e-08,262766619858.5198
4222450.057086265,7.208739091947224e-08,243776394779.5919
5307378.70168832,7.078303338412535e-08,310165838965.162
4443740.001118407,6.962971232418989e-08,262554161904.5618
4497144.746747776,7.030322278976102e-08,264009797154.0197
5020460.337038492,6.982036371565347e-08,296088906322.3431
3563814.221240345,6.998696574386455e-08,209847409825.2385
3053407.331435135,6.953696880289333e-08,180568049629.0645
3310480.473089448,7.042726130206279e-08,194117115965.9246
6861248.214710369,6.798732167356485e-08,411893092637.3812
6879256.982692833,6.817797584232071e-08,412203932976.8701
7857793.715148526,6.743883566626195e-08,474271740203.9285
4775248.915014682,7.048743467234887e-08,279847572813.8902
5599689.039740628,7.028218463167585e-08,328801463722.5631
5314064.250524388,6.998614556546449e-08,312909501372.4291
5972569.480410177,7.638011752457705e-08,331772966406.1402
5883022.580107625,7.748347319130856e-08,323688891606.668
6489397.553046373,7.719393413433504e-08,357944420636.3897
5816750.331415713,7.329149218445413e-08,332132504753.4
5946630.346094058,7.474986489020876e-08,335117675359.4788
6424026.180121303,7.332363756860923e-08,366700330001.7837
6049900.996709051,7.112342769252967e-08,352430226180.6869
5842202.372161862,7.237982621091133e-08,336381089393.3192
6450772.441621621,7.242379396458074e-08,371270868554.2128
4392251.830598832,7.338425090510865e-08,250583221901.1575
5423646.201964692,7.477673468721674e-08,305572091828.2601
5299641.091909353,7.330614087375808e-08,302565603078.3094
4203670.90000759,7.396870101089269e-08,238559498797.9838
4495066.793709126,7.573677564953222e-08,251110539728.2992
5213860.224108852,7.538700955618766e-08,292165124583.4199
8203123.830625062,6.690504462314155e-08,497744753529.1619
7839660.642947634,6.677129096850835e-08,476325773814.8232
7545803.522870325,6.702254894070143e-08,457324918734.7814
11121025.30111307,9.667716711805181e-08,527953351854.8054
12191587.81391673,9.479701117585655e-08,586404338289.2992
11562821.34557378,9.411260327341152e-08,558854335375.0829
9040929.336461002,1.023119505213303e-07,413296916631.1232
8047280.145083815,1.036810003832361e-07,364627708230.9457
9120773.988012388,1.030818716728937e-07,414868215937.2841
5779961.183109021,9.488862085891568e-08,277831936171.8332
6437764.243253158,9.805829425251226e-08,302746300953.0331
7161561.400007107,9.778080737652268e-08,337420895571.2576
5715784.470203638,1.008060249202545e-07,263887114562.3517
6832925.615904259,1.02806564443216e-07,311357593640.5622
6361359.347878841,1.002442446004541e-07,294788337277.8676
12443569.70460301,1.011843730461763e-07,573063421182.9462
12115525.79326165,1.028251594306137e-07,552004568631.4519
12592977.64110392,1.024156073947149e-07,575286702475.5376
6378951.709316068,6.75154226370919e-08,384722264772.3486
6897362.038390305,6.731360932859954e-08,416819252602.3829
6426184.434137213,6.753214514565974e-08,387506943715.7272
5730213.099301108,1.029875563183823e-07,260804013763.0814
5887660.878181293,1.038521285440147e-07,266480756400.482
7100533.281184713,1.049484368368015e-07,319134422882.3818
7362119.650717267,6.724712301393764e-08,445198540700.6235
7104247.824392351,6.771056154686354e-08,427642138430.1896
8011558.313190664,6.716241151398618e-08,484878369394.4567
6688390.889106234,6.737209869095714e-08,403956805538.0831
7168916.749654832,6.717129179297419e-08,433841477161.2499
7455412.286345001,6.691018050411997e-08,452352363773.056
6452148.323338112,6.753589301244395e-08,389058204269.4354
6722555.144277136,6.777269417109197e-08,404418679093.7663
6973466.54610426,6.736910575478224e-08,421186911305.0689
5228598.563723108,6.937636421374794e-08,309678419507.9764
5957217.414718289,6.803093373120286e-08,357469639700.8998
6002865.013228032,6.804035456408714e-08,360175525705.251
5064340.400230764,6.597555999367678e-08,310170744425.0848
5298575.666197398,6.834755557556984e-08,316964396937.5969
5778534.122928112,6.74157902614089e-08,348853642802.3256
8460243.684567587,6.670156725740042e-08,514389600863.9473
8556346.883005692,6.605938114440602e-08,523598888284.2244
8091064.189435696,6.650922941016757e-08,492891167671.9509
6457073.735547162,1.045225989250213e-07,291001757958.8583
8135583.428507477,1.056978501477153e-07,363924477389.7967
7724561.858900217,1.056350992133149e-07,345675308439.4806
11700737.767014,7.979630641792858e-08,631283909527.9945
11825798.59868652,7.734974165924839e-08,651415217921.9467
11825637.87848285,7.963849716201863e-08,638865160726.5055
11171187.92379291,8.361581756260862e-08,584216381753.8384
11096952.76476534,8.085568425747934e-08,593467170478.4224
11112981.40511666,8.267582252686754e-08,585569217060.884
10872413.10441933,8.816554468715721e-08,548858021034.0186
11165821.88142765,8.593162330216675e-08,573396914545.6235
11312959.70465002,8.693326745642826e-08,576481760952.7825
11306011.02871851,8.028140851153054e-08,607527697561.3665
11443765.85085277,7.740691160179421e-08,630060813655.4545
11189563.86966279,7.913207851734193e-08,607078395195.1793
11156833.56097131,7.821057210252341e-08,610047959914.049
11195339.39610435,7.554766027197375e-08,626455055466.0416
11389825.99160903,7.753185347752559e-08,626417158165.8975
11165432.36664441,8.153158164804755e-08,593824757816.8561
11149365.93126268,7.970538740566963e-08,601993383915.4631
11382280.77712705,7.902954810527955e-08,618068052015.094
11204537.44169063,8.339297540264424e-08,587003853930.3048
11246329.98401957,8.177692597089448e-08,596930314601.8828
11130191.37299959,8.06296132225614e-08,596356898382.793
11509307.93255866,7.366935856786296e-08,654924570763.3419
11735696.35566678,7.551599327267014e-08,656875259329.9585
11568919.38494499,7.659655542351304e-08,641435957229.4717
5695288.251897322,6.754994288750134e-08,343372664764.333
4983395.663038293,6.890915673749242e-08,296488199685.9941
4986427.770338526,6.612616384073e-08,304935026974.841
6804365.877721512,6.679355577226542e-08,413330971461.9074
6599509.335342865,6.728312024898244e-08,398939983261.2553
7361555.995941416,6.681100357023449e-08,447099608597.9382
8433886.746786818,6.575015511973947e-08,517721948499.0143
7978467.73409617,6.550346307532328e-08,490994528257.5395
7971992.368770923,6.623917505218598e-08,486956608744.9949
4676315.207108065,6.927970065708715e-08,277225457437.8146
5024406.145605564,6.879094703520407e-08,299270479335.5949
4796380.912917705,6.644180614299179e-08,292383400590.7242
6292416.870274978,1.094835236332011e-07,274948682211.4725
7387738.778937208,1.07552257418627e-07,326661920311.1902
8028828.487913851,1.070769424386473e-07,356058648957.4874
5058251.129336611,6.954031326510053e-08,299118053033.5889
5820239.229001667,6.819443862485983e-08,348691635908.6055
5246445.158591861,6.866123789497802e-08,312889304668.7528
8338226.558589225,6.862864652042582e-08,497435453431.0568
8410962.751312397,6.703726854941147e-08,509684589388.3947
8459490.82537026,6.748708616489342e-08,510344891837.1528
8607788.135704152,6.644724644901114e-08,524694981098.7159
8558835.944964556,6.598705934558331e-08,524133822044.6475
8934898.859893231,6.442419058064946e-08,555977214805.6002
8441886.599366816,6.885436136962161e-08,502518295011.2855
8880968.146629697,6.837447838961141e-08,531126081248.6325
8515072.541598476,6.724603442269842e-08,514924907643.545
8605065.416693181,6.643625623824582e-08,524586860643.5429
8972869.169488942,6.756467654615063e-08,540901518703.1456
8803150.214231756,6.561467946947012e-08,541133106468.6537
9302226.670018958,6.886809028270175e-08,553657972236.5573
9655591.669140972,7.013789960345205e-08,567732453456.8302
9397331.623361109,6.835087481238449e-08,562136563937.5488
10959933.8197625,1.053822037992762e-07,491243044274.7487
11403246.58604162,1.052250907131331e-07,511621723621.5252
10714718.25620073,1.052479120098746e-07,480660495617.8058
8865380.718775183,1.057776442197906e-07,396370627132.0505
10308796.56899201,1.055226307259761e-07,461647933920.9616
10071018.58405357,1.053798548587633e-07,451407045621.3833
9392800.681679508,1.060195511306502e-07,419312490249.1244
9971180.607935868,1.060537020114893e-07,445036905724.1576
10400853.16977827,1.05704534118173e-07,465235901475.1861
5969338.933600883,1.089352684539457e-07,261706132674.4247
7663334.185232848,1.065215853460109e-07,341030077648.9005
6037122.437293849,1.053592436239804e-07,270633500109.7027
10503561.6711082,1.059379836301266e-07,469139630395.7413
11543527.1276271,1.055646469129254e-07,516804390960.1776
10944436.20978571,1.055929786605182e-07,489895406084.3214
8164579.004585058,1.067606950419706e-07,362793530714.9605
9399141.71261899,1.063168754087723e-07,418812910817.311
8837848.904745527,1.06286561034735e-07,393877345294.4664
5580684.134135322,1.038113698199024e-07,252652826434.6689
6761282.459270602,1.066954279610971e-07,300560478114.4988
5715332.377982789,1.086425166641865e-07,251019974155.1005
5708690.256404038,1.02816087724399e-07,260113222768.0771
6242170.958259877,1.045706250919571e-07,281230567167.1317
6902106.314426783,1.056627467455216e-07,308816417426.5496
11873453.93719846,1.054971325479647e-07,531802002187.0976
11339883.87836828,1.058196785928413e-07,506871238448.8199
11715142.93901345,1.053643607626751e-07,525152093077.8949
10648729.80834596,1.056175558141425e-07,476585032806.7
11467210.80583772,1.055696515776455e-07,513371479398.5497
10430770.00691259,1.059446468772663e-07,465868869748.759
10731119.50525404,1.056705988062758e-07,480111658881.6785
10758850.15592807,1.061584588004573e-07,479876470200.1392
11552702.21621793,1.056255324597218e-07,517016382812.2228
5170286.886024931,1.000210135008924e-07,239949845369.3707
5808552.224364987,1.03162287168408e-07,264070927202.1512
5294355.613605466,1.014470841416441e-07,243399713658.2487
5789058.433466591,1.033303198910293e-07,262899292487.301
5935892.477943734,1.036362739787089e-07,269036682232.4001
5290466.32203128,1.004892065136347e-07,244764075634.0418
6375695.114819377,1.042606219808038e-07,287815381571.0512
5904053.64624215,1.04031661566194e-07,266915178755.5165
5430551.202319355,1.033668180886145e-07,246560298798.3893
7763325.510035397,1.054287702527809e-07,347863104861.166
8165854.850054142,1.052493188689871e-07,366315638791.093
8697812.760462841,1.056286831254528e-07,389244194592.2432
6758663.523776844,1.045871979748097e-07,304468107182.0801
6913064.21686254,1.046637229039832e-07,311271820302.1041
6272795.424679117,1.043567373873854e-07,282996324816.2653
7438812.007454126,1.045004867070402e-07,335293170881.2506
7732038.901859467,1.039116834540292e-07,349825215123.717
7920751.66621353,1.041965546245372e-07,357709788793.9012
9956652.838413741,1.060133519932556e-07,444501250449.9692
9543846.785123887,1.058381156720967e-07,426542253652.7377
10169627.40136469,1.056845870981064e-07,454950281457.6572
8906592.355506243,1.060594210100348e-07,397507573689.1827
7705966.308002825,1.065133581862921e-07,342944930623.249
7007720.38800228,1.05360324619612e-07,314141537440.0209
6758219.462107197,1.186679926422915e-07,279861544547.9737
6857917.193484756,1.191681822950123e-07,283194855830.064
6701866.668135849,1.193622562426159e-07,276450748692.1136
7160444.293162831,1.185303753069129e-07,296747360035.6042
7141433.214259346,1.190286257514281e-07,295132995712.0756
7159322.703120756,1.180930156203744e-07,297432985166.8615
7360835.397061358,1.192010597799723e-07,303906760883.4795
7361868.921447415,1.196082985294935e-07,303259121291.7534
7244525.964341397,1.1886759083932e-07,299663834747.8452
7368893.145733684,1.191272734975646e-07,304365056779.913
7383044.657211599,1.191138376959668e-07,304972502743.4191
7348009.043244901,1.189171212920922e-07,303859923285.4896
7103217.588925553,1.192652684821212e-07,293165228286.2918
7298497.305835968,1.191648896796617e-07,301393981158.8459
7277713.267734875,1.189551929435952e-07,300888787197.328
7389654.219148778,1.195108546962901e-07,304569129642.9393
7474014.441982113,1.200246854150794e-07,307166287301.416
7520075.22493658,1.196717913042063e-07,309666570034.9651
7523039.789481859,1.198517065132497e-07,309478543351.8444
7445066.37347893,1.208062105842659e-07,304655530267.8021
7433222.685401949,1.196351489712672e-07,306152596571.3137
7393782.159309668,1.212546907838637e-07,301810458641.3356
7316862.686914524,1.212112502878791e-07,298742000029.1591
7383014.357379573,1.204885264776441e-07,302647146955.2952
7020446.331091606,1.192830448928486e-07,289720290878.5291
7233653.967544252,1.192450862676063e-07,298582306385.7105
7039249.559858129,1.193478558003386e-07,290391086576.701
10261869.15239377,1.071138522231888e-07,454983918892.6702
10973606.56002976,1.062568582473388e-07,489153018769.4658
11498588.61477618,1.059347977201835e-07,513592620969.1783
10618369.87049537,1.065351297958952e-07,472493628173.5944
10175464.43256787,1.071820463832574e-07,450961580803.5795
11407114.69919808,1.060050749924904e-07,509281659797.1971
9071021.346577421,1.091470060779084e-07,397174755931.6412
9787318.93558171,1.078605131599668e-07,431938669265.6372
9552746.15782186,1.080727466420281e-07,421034268264.0301
7629603.316458493,1.116799509785971e-07,328991856957.0344
8334157.64162589,1.104292906366075e-07,362080822093.7493
8022770.681921227,1.106609312602508e-07,348065916638.1267
9518330.927909132,1.08993425195222e-07,417151618392.7017
9778604.216126446,1.080886883091465e-07,430946512957.1033
9062631.657062396,1.093791307325682e-07,396245810774.7518
10909459.63009702,1.064111551949581e-07,485823443138.7933
10890464.27340165,1.063208679031807e-07,485252057937.939
10423596.61605601,1.069633190979433e-07,462587985646.0482
11689997.99407186,1.052619935475842e-07,524364613793.3094
11241091.05028832,1.05421635925296e-07,503719346581.6824
11848139.57501794,1.053979798399844e-07,531000956983.4462
9878444.619003741,1.01621593639205e-07,453625961687.0073
9961897.668362664,1.023958698838941e-07,455149199246.1223
11434642.20648309,1.009391188039608e-07,527451956064.5837
8577004.630887194,9.906671729897142e-08,400605704917.9368
9312701.524950504,1.005353433140964e-07,430721456728.392
9938085.539609019,9.881539180078311e-08,464964360888.6323
7039784.097815325,1.004500148803443e-07,325781188305.3154
7535421.092215106,1.030193030182641e-07,342895502022.5789
8497884.532557243,1.016492097127807e-07,390158872937.3592
5510592.56507815,1.066669496399539e-07,245006939166.3132
6606490.601751834,1.044165873031481e-07,297937035103.8931
5508848.298239285,1.024075262279166e-07,251674701828.4926
10938573.96630915,1.051570767523752e-07,490985166296.9667
11634146.20730899,1.051345559469268e-07,522280960535.7343
11879378.23366326,1.050151317645669e-07,533694166563.5652
11620883.67806058,1.038956009691543e-07,525824778643.1477
10738955.86125552,1.043449617067906e-07,484523004236.2947
11834942.135129,1.046075291728981e-07,533078101963.3071
8622863.256146094,1.059354914438986e-07,385144625503.5085
9056825.649436181,1.059900700635761e-07,404388895311.6847
10047148.80763864,1.05674922692894e-07,449498460612.3693
7655912.668717793,1.062452727941493e-07,341290259415.6332
8216988.803147168,1.05954307769998e-07,366972580849.3799
9379132.567419615,1.055631926522764e-07,419908175178.6527
6818873.511694435,1.056811687004006e-07,305056930616.2745
5953590.765291734,1.034164727421685e-07,270221042408.2018
7348948.128226544,1.05414102847732e-07,329326013729.6823
6339232.20845851,1.061553364987643e-07,282754010069.9528
5460811.714037062,1.072922077566905e-07,241849437310.1863
5505987.236121626,1.038695520854092e-07,249177999260.4692
9799239.116313936,1.086524122392061e-07,430360866662.1119
9856274.333897706,1.085366695757837e-07,433173408796.5094
10394163.81618647,1.072122133814211e-07,460567599500.6291
8475318.423410542,1.134133720405156e-07,361726102041.514
9439129.48392926,1.11393610680102e-07,407716627153.2408
8657868.281530419,1.12418472465086e-07,371694259979.2818
10260504.69623742,1.104552730688745e-07,445701833891.053
11758846.47881378,1.073066257573557e-07,520731313874.4249
10420290.36545355,1.097750758164972e-07,454510573035.5149
6920836.936317978,1.054604459097992e-07,310050341934.9442
5798001.960316903,1.077144104868006e-07,256111542559.0556
6702140.591921728,1.06579357342711e-07,298147703882.8307
6818427.01413601,1.067902657268288e-07,302921257698.0591
6655600.572978157,1.065588737670512e-07,296115292094.7971
5871531.288855122,1.120898175943847e-07,252565448535.6362
5740606.848668834,9.567510994516137e-08,274425938518.8786
6580454.266320582,1.036395484236859e-07,298244333118.4584
5650852.125998876,1.089844103663556e-07,247668642291.9321
8079375.530243291,1.034226609782965e-07,366691342296.9135
8273336.814046354,1.034721134469787e-07,375374838750.4715
7586559.284714456,1.044372178678719e-07,342090746382.083
7644510.194653167,9.970547134860363e-08,355525157004.3494
7921729.423171883,1.024201179101173e-07,361878812725.0096
7433820.833869481,1.033655269717874e-07,337516447314.4661
7972309.387764456,9.919269788364286e-08,372046887820.1384
8768301.328775031,1.008989435844807e-07,404567557433.303
8255357.484279868,1.01805368936051e-07,378636168115.9061
6345268.795051062,1.044752911577631e-07,286049349244.391
6989136.075606214,1.047938907282293e-07,314436427119.3362
7062040.624721665,1.051029540169293e-07,317093200824.7181
5512081.179221356,1.117080373147626e-07,237643527756.0791
6272535.117383734,1.06179618016416e-07,279736409114.5813
5335376.497279158,1.052829162952323e-07,239291056522.7854
7928908.346357835,1.037187956876809e-07,359176918982.8523
8226157.56249762,1.037341320443143e-07,372605480664.7598
8119994.074778723,1.040075979415259e-07,367151805335.6428
7241695.719459702,1.047796190046436e-07,325828495268.002
7520959.071841329,1.040392236471901e-07,339997056187.1982
7073861.386218242,1.045441537199034e-07,318754783753.7797
8402382.63623271,1.033315550007387e-07,381575496805.3942
8296758.271667317,1.035653426768474e-07,376211562737.0954
7998224.504261657,1.035541673577117e-07,362700819036.9406
6108022.096363848,9.313646918577947e-08,297272055658.2661
7177533.339096771,9.735704595693285e-08,339154012740.8851
6973426.189133675,1.005955078095289e-07,322399097121.9263
15596351.42883361,8.46184280509223e-08,809182304705.2817
17553895.62020667,8.603214748003123e-08,900740456082.0157
16342580.82813249,8.695219514510882e-08,832658541250.8651
15908017.01211254,8.357690957042611e-08,832195138938.1956
17637072.93471185,8.270930445144276e-08,929088173205.3533
17884448.3568184,8.496422248858175e-08,925375841379.5481
10720180.13699029,8.604357450219627e-08,550034318111.1521
11052866.20307988,8.409758266604129e-08,575818885414.2695
11989737.66507075,8.41154497137586e-08,624538429388.838
6876864.597958915,8.683374344029093e-08,350696520807.4125
5653859.387191472,9.559501841515414e-08,270429975711.8895
5669806.476664521,8.614391713689386e-08,290682235583.6786
15795128.38516638,8.223554385373819e-08,835250570582.8363
14864576.03430493,8.091779644156019e-08,794553530637.2965
12938063.9081372,8.220496943342372e-08,684337875535.5746
6186693.913676161,9.178883660925712e-08,304040930465.9689
6385228.765262367,9.240637435027238e-08,312398189098.2643
5485206.565709111,9.045246838523192e-08,272215409010.2565
5796012.396587932,9.375995496959245e-08,280834879323.4114
6033076.19238666,9.317175239919896e-08,293550371394.8362
5318049.646527514,9.571564108005121e-08,254154095470.1286
6372450.304410803,9.211959345148742e-08,312419727229.2962
7692919.059347506,8.916905936965768e-08,385432536267.8279
6620907.8846632,9.150521518263238e-08,326052084638.1578
9389515.831756789,8.449296253129769e-08,487636463924.7079
8389080.790280553,8.74316731612731e-08,425861635065.0261
7007408.779251625,9.028397587662648e-08,348190567778.1028
10801040.42058755,8.291712301234016e-08,568027604131.9095
10391583.12822757,8.245567169948238e-08,548531231938.0916
9326178.560536696,8.407108066278516e-08,485966097931.2404
12509087.98296711,8.107828859179502e-08,667763379595.0438
11230657.16131332,8.267911570071919e-08,591754116497.198
11109758.99072971,8.180392856529211e-08,589551656296.7035
10257614.54006149,8.486878879307277e-08,531146559110.4481
9677044.879273431,8.71204663898553e-08,492412755097.6395
9101224.873706447,8.685242331133023e-08,464064718448.2458
12692713.96827569,8.305338364524651e-08,666780575503.1646
11728217.99416188,8.300581744432489e-08,616348498634.1541
13501380.89200453,8.177995544195654e-08,716605729883.9113
8971129.176247912,8.870108381295332e-08,451053259870.1396
7509292.498551036,9.1446035929775e-08,369960846972.2867
8417037.310353814,8.851310890914237e-08,423793400029.2509
9581765.397309177,8.541307166742196e-08,494040599016.1954
7321014.731433379,8.493395247928369e-08,378893415018.5492
9165450.197094556,8.655449922084864e-08,468411306903.8961
18523335.15435339,8.388081653741063e-08,966668169729.4736
19026776.67619952,8.25139197349069e-08,1003876779014.614
17834589.77146611,8.56653364780761e-08,917754186255.6217
16970444.20229734,7.988093650670272e-08,914950878095.3326
14510352.34957869,8.014986564230806e-08,780565632689.7346
15421026.94616391,8.002478831464495e-08,830418355146.7968
15638195.69702282,8.088708089000754e-08,836117285428.8949
17645190.1641472,8.033414867780407e-08,947748005957.2859
17532484.55249099,8.12316348477557e-08,934745398046.8899
10287071.67316053,8.354685937657452e-08,538275995854.949
8849031.328446073,8.474488729590988e-08,458655629478.7802
8450703.498148154,8.514479772091329e-08,436637252507.4073
10198820.36428724,8.610568862010309e-08,523032544780.9589
10640991.60113813,8.389572431902292e-08,555250402193.4745
8771762.479782997,8.5475706108938e-08,452055473411.9609
13754528.25657026,8.075329906518954e-08,736216450308.318
11473838.44442254,8.161649047911149e-08,609803790849.1501
11903888.77542571,8.209168811504209e-08,630215967797.5973
18031574.13101763,8.003755296273703e-08,970892411971.0505
16433308.59187902,8.010476326559302e-08,884340367759.5945
18633091.3103723,8.061713110966277e-08,998466165751.3317
13234496.52128983,8.050805887483345e-08,709819381939.9531
11793979.35281633,8.120821089755739e-08,628917580119.4756
14104836.73312202,8.036873141576026e-08,757373295250.0841
12165803.32621315,8.335434996568097e-08,637561296790.4893
11692686.75385866,8.549691155733096e-08,602486560852.3234
14940603.43035237,8.330376838495573e-08,783294432719.8185
6154233.935432617,9.684627626486869e-08,291822461353.7489
7427619.600773161,8.847291775056142e-08,374089989555.9449
7801344.640310911,8.800361733394566e-08,394308175337.7833
5808320.904032485,8.462144890351853e-08,301344751144.4355
6217171.728369208,8.549982510910686e-08,320343595594.576
7029327.782920841,8.332841651751121e-08,368455499048.4089
11811122.50658118,8.948003933872625e-08,590391908236.0321
12190095.98996514,8.994581347702922e-08,607229911302.0754
11604950.56107393,9.092392094394335e-08,573928587399.7253
10595182.17098808,9.176403383557932e-08,520786955163.389
11408380.74312918,8.992753559251006e-08,568367032061.6139
11205769.97236443,9.136156675056284e-08,552415697160.5555
11703141.69905507,8.759618712772619e-08,593351887575.2374
13560932.33727398,8.514557707875311e-08,700672092716.4705
12095264.91454449,8.784128656843402e-08,612091374454.8096
5394648.5098974,1.169720135513462e-07,225549486525.0255
5419135.134354826,1.179285290413258e-07,225346453020.8111
5576254.194717892,1.166441898419293e-07,233579014761.9091
5991485.682074946,1.136002605713014e-07,255435727114.5226
5843553.022153207,1.142688026734791e-07,248156242447.0561
5837229.66221089,1.145551946521075e-07,247474386118.5855
5960000.379309021,1.16025114911575e-07,250540697737.8979
5942999.578558947,1.168785620205803e-07,248608396812.0513
5572447.828602303,1.166366920736877e-07,233429576280.1524
8673795.739152307,1.052557529370187e-07,389085723518.3531
9837092.344822783,1.054863012694253e-07,440625240993.4507
9221791.691287583,1.056476520477786e-07,412643879734.345
7438601.481805937,1.052620494658551e-07,333664557834.8716
7363773.495905302,1.049418723206807e-07,330979591696.4459
7832729.93025328,1.05074604372756e-07,351761234555.7753
9411897.31187587,1.059778058014214e-07,420275330009.8585
8059045.929137592,1.055979011022369e-07,360728210035.2268
9010664.194939217,1.058118791820023e-07,402779340684.4861
6339517.089025623,1.048022114218897e-07,285195419265.0206
6187742.23494151,1.044779221984208e-07,278943253786.5354
6895800.415015516,1.051046149224927e-07,309625575123.3521
8865641.033077335,1.057747775440912e-07,396389427490.1832
6971401.144912967,1.051022394825658e-07,313024809653.7124
7554180.491479953,1.054250472697793e-07,338499595648.9274
5093311.882616269,1.001833579242207e-07,236122051409.7656
5122572.209817447,1.023528987739275e-07,234110732840.8236
5582736.655098251,1.030080473269141e-07,254058096037.1072
8342640.684447745,1.04430512742704e-07,376199833319.1616
8465648.129344983,1.046315193419892e-07,381257613858.17
8811363.911681673,1.049255203315967e-07,396085597075.4685
8495706.02127021,1.042950305867444e-07,383433804562.7074
8480275.671633432,1.038200033051911e-07,383903977176.5771
8823689.871528281,1.038597722022373e-07,399348439423.6048
8218740.850366561,1.065482014528908e-07,365685610317.3815
8360880.865697885,1.052014356525147e-07,375178196026.119
8407813.429658826,1.056627551394509e-07,376185263736.1609
8224707.583522114,1.041762253893208e-07,371485090269.7437
8331551.192182601,1.038982171817305e-07,376981875007.7517
8346845.698709836,1.043757070612152e-07,376521197676.1172
8287320.324846433,1.049407048140763e-07,372493021819.3544
8298207.577641967,1.045076784176113e-07,374011963562.5898
8765698.002125315,1.050033491698122e-07,393838108083.5464
7969924.206221575,1.048700373689413e-07,358387821045.886
7496815.484091399,1.04734665089498e-07,337403712078.3854
7980601.007278307,1.044404039185299e-07,359851433280.8282
8832144.662022052,1.03153689289735e-07,401553112946.025
9379268.773414126,1.028097029596706e-07,427378737348.0319
9072106.752855508,1.034258860652101e-07,411738980800.7562
5375382.206577782,1.172946387479747e-07,224331662414.5583
5739429.228672412,1.175490457067043e-07,239178772804.0839
5165830.303353648,1.187053422660134e-07,213874968798.9918
7086887.984355448,1.112839929429083e-07,306314179907.9226
7384268.463313899,1.104829738459153e-07,320708576305.263
6933760.085830469,1.119936911045498e-07,298428139685.3735
7634371.246522311,1.077099561133966e-07,337237640833.2143
7277530.81789042,1.089564999034963e-07,319018075507.2687
6987684.715727933,1.088044180514048e-07,306597738951.2814
8135100.392039763,1.069417661816041e-07,361075494914.1205
8323213.918841873,1.060530967334782e-07,371485745523.0778
8025997.660054235,1.067652045453116e-07,356625618463.6582
9273440.552392932,1.044201869891519e-07,418200532236.9132
9410269.853789704,1.024818119189186e-07,429705468670.3904
9464614.042428017,1.032948277263903e-07,429916247227.4871
8631101.355588747,1.061541405035407e-07,384983034207.7407
8833117.19326908,1.061534235311832e-07,393995555200.6934
8067429.709593135,1.082839429365824e-07,355106931236.3204
9017542.919910781,1.039008525133477e-07,408014387360.3944
9370141.458364528,1.019064343516711e-07,429482108530.0064
9465180.9226634,1.012257170445699e-07,435781054219.7457
8552605.645600973,1.052113359374528e-07,383757394972.5007
8605892.24337888,1.055718289425344e-07,385268829610.1551
8216402.72135649,1.063160686880554e-07,366113529597.4036
8930565.095629487,1.03477709680998e-07,405179752934.5056
9387885.643843934,1.013487702209001e-07,431872418279.6241
9336982.701105092,1.018423421782142e-07,428141804383.9913
7561470.559560433,1.088103926166948e-07,331761521440.5286
8307727.095365009,1.068209018754945e-07,369015601693.8163
7754895.52942928,1.089448033923774e-07,339968181278.0461
8462132.958632609,1.084646339055609e-07,372066933513.2567
8940250.978493774,1.076430725413427e-07,395086618443.2394
8334379.411357863,1.095803152844842e-07,363958251650.3672
7618336.336946975,1.10623278843187e-07,330594627073.0823
7737726.776035619,1.101210814460642e-07,336795602205.7267
8076651.794596567,1.091729555906645e-07,353580235799.936
6779449.424724017,1.139258795594417e-07,288478088528.3513
7021422.155339094,1.127257375865173e-07,300891344459.3968
7215218.224508179,1.120957675101973e-07,310353509616.5715
6343490.146818487,1.17016256611426e-07,265153564089.6098
6465603.933955326,1.163699762485437e-07,271257528350.3764
6860292.435928441,1.156512678661652e-07,289007444675.8715
6941879.687867373,1.164201088001198e-07,291155555975.2309
6459862.75122268,1.170267337697207e-07,270001743298.8583
6981291.532605712,1.156591129733952e-07,294091543014.5521
5702964.013407927,1.192361503782335e-07,235412037981.7082
5253620.962248509,1.192462001610872e-07,216851469844.2669
5867380.083831763,1.183085967868486e-07,243463215406.4949
6150339.318945107,1.165790683563529e-07,257722314696.5426
6167633.929760791,1.157188735893329e-07,259726217385.2234
6397090.797166913,1.154220341301181e-07,269850586140.4683
6558822.750961914,1.146337184788314e-07,277939949517.239
6326457.089658255,1.149357782383897e-07,267623187796.1005
6796860.407224516,1.134364300969673e-07,290050298550.1572
8510535.588512741,1.070889424353147e-07,377392969769.2552
8038213.127075491,1.085222572189185e-07,353302712234.4992
8802544.318612793,1.063862306987101e-07,392058859610.9961
9673288.595417537,1.04209956774782e-07,436818812936.2513
8963099.771501096,1.057338616370882e-07,400850258625.718
9453770.762236182,1.03905207441197e-07,427740321349.7429
7809303.261818971,1.096070334673032e-07,340973011913.1481
7795685.492692731,1.093251753258319e-07,340963210262.2386
8260930.447380525,1.078974441308728e-07,364492162345.1612
7402515.556144208,1.11317085047209e-07,319893030684.7111
7206203.248808191,1.119507919787118e-07,310233286469.171
7520209.353785588,1.108166583082913e-07,325956689089.0143
8023878.083086473,1.103358384361266e-07,348797412815.5406
7688838.068524373,1.106754754024247e-07,333549108126.3447
8149238.419003104,1.092238360406074e-07,356647135680.1216
7855080.641120358,1.112078142586154e-07,339672544533.4875
7479533.250526727,1.12695332790731e-07,320580579980.2543
7523621.23407092,1.115382745415065e-07,324696526181.2883
9416094.042962641,1.018899903307514e-07,431634788226.0322
9175549.156980837,1.045547281154855e-07,413430914634.7336
8969632.361472005,1.04561237358152e-07,404135964339.3891
7035451.819720855,1.118217018715031e-07,303115348713.2366
7489199.992722587,1.103063361708674e-07,325613039552.7488
7502547.506096697,1.105880242637788e-07,325639206616.7671
6229011.384384312,1.12125315765199e-07,267885992402.5099
5940357.733529123,1.136566765317982e-07,253172170149.5285
6089503.06487246,1.129935283655139e-07,260543038239.3502
7473757.806184155,1.099282993202827e-07,325686192716.1367
7174562.327793615,1.107319715248999e-07,311133464241.1492
7283893.657821178,1.097858880649938e-07,317686858770.1796
6624593.44692674,1.127758214793238e-07,283801855890.6874
6149912.578909677,1.136076343605026e-07,262178614779.3031
6774287.394132453,1.120642320204889e-07,291442088984.7015
10642482.05142575,9.431619996987345e-08,513631988524.5327
10393748.29384305,9.540351086341922e-08,497808862247.3044
11010546.85954204,9.298230921245431e-08,536465755263.2607
8649612.351042407,1.073559761795513e-07,382923918078.0145
8764113.854205921,1.065935475546019e-07,389840899085.2736
9466526.238972258,1.05074545755417e-07,425133794330.9492
8269553.051290629,1.08432338649188e-07,363671684252.8569
7926561.384091433,1.093851931566946e-07,346560558768.7131
8381519.093228924,1.07672557133201e-07,370327577139.7033
5998786.556669779,1.143091942953402e-07,254688479369.5602
6467707.88958128,1.134800536499592e-07,275933253723.1981
6150932.534880568,1.148776350124431e-07,260285898194.3411
5529440.772129176,1.16164427693433e-07,232255374438.9409
5766332.432277758,1.149789491222197e-07,243867608539.5924
5915520.083596257,1.155499549154057e-07,249352128397.0919
6458523.280992002,1.10882397051496e-07,279828208539.649
6558914.522552082,1.106579869420527e-07,284561927672.6729
6613937.510574159,1.097761621374116e-07,288483774506.8808
6091504.757895106,1.133672410809506e-07,260055595428.8152
6383764.322307277,1.118332998984139e-07,275019033775.72
6712979.381171678,1.118295561351426e-07,289208406458.4691
6218813.472533474,1.124082558699696e-07,266998440382.2646
6459410.77233852,1.113146129300902e-07,279141741169.0917
6359786.894670142,1.115440110711127e-07,274459578349.2402
9783894.094751509,1.021905961678305e-07,447614817383.1174
9728639.574549858,1.013725440470114e-07,447478201128.7275
10569482.44323486,9.999407927647955e-08,490611282205.3371
9163721.957265291,1.021863357556296e-07,419253489477.9506
9344299.87204358,1.014355964496374e-07,429621996481.3616
8888055.44455713,1.035560977069936e-07,403047567159.0392
11325270.70018366,1.038358474604797e-07,512645382884.4874
11749888.42909326,1.027371855830608e-07,535651057393.6973
11686565.36466311,1.037911019805853e-07,529151636756.6088
9531081.815161277,1.061165423909558e-07,425226319034.8276
9871812.383624552,1.046524143545364e-07,444526229173.2803
9859988.743175728,1.057652832523875e-07,440873837883.2108
12336193.33948816,1.006787884282592e-07,570018800866.6105
12703226.32980569,9.936706367558952e-08,592132726722.5417
11911931.0821344,1.008000610541929e-07,549973345619.2616
11966366.45146559,1.022130500055807e-07,547383118963.8947
12187320.81096021,1.017411056862982e-07,559213020296.8959
11902461.93800427,1.032682787918522e-07,540744580683.5339
12239788.94239225,9.743872542601923e-08,578033310210.5331
11404507.25345629,9.810553907622991e-08,536143246869.9422
11413365.14704357,9.667402324538944e-08,541843477606.9572
10477805.51205535,1.035686553502896e-07,475099719869.5594
11440673.8525793,1.026808962080495e-07,521745250889.0633
11021732.3293869,1.037766330289518e-07,499095294761.8529
11927971.01214769,1.007217278692542e-07,550999405219.7632
11532045.56727246,9.911141639473243e-08,538464688065.6404
12371902.51666638,9.845472525106307e-08,580245943491.5182
10487959.37148773,1.026714654328502e-07,478326551797.6412
11063417.90289109,1.001681724737968e-07,512943444612.3474
11451283.89841765,1.01772907814594e-07,525330633305.2389
10981118.12945779,9.372414935315843e-08,532204928313.5446
11354943.47754066,9.238126465457255e-08,555642821453.792
11764315.83381945,9.302834007265894e-08,573002470181.7439
11222613.43642674,9.519965505026048e-08,538274435343.1411
10948513.64047374,9.442762744887683e-08,527986046413.7037
11730567.80701184,9.37398148146258e-08,568464008854.4562
13756281.08729819,9.393942764530723e-08,665685506531.8595
12961851.72249484,9.602965309341167e-08,618106734905.0883
12638438.46361984,9.380001183192228e-08,612197412145.8555
10923960.98059528,9.816854745194897e-08,513332266484.9575
10309771.87726517,9.769193630676024e-08,486045109167.3904
10932630.28195505,9.6740224509579e-08,518784032767.1349
10055847.73856691,9.706158969605172e-08,476124382204.8541
10157950.50979579,9.64181187805784e-08,483096239406.2639
10403863.40846778,9.533799840617303e-08,498521571295.5776
9788814.29331868,1.004832947537104e-07,452898461054.2485
10026387.64239148,9.86294824450743e-08,469684961737.4465
10632199.79182677,9.910122270948191e-08,496482319298.9172
8830425.332879977,1.060037318936432e-07,394246202985.9254
9127825.522225197,1.0529746974019e-07,409344261406.3105
9317499.821761828,1.04176285009683e-07,420843039903.0733
8366241.204592689,1.063627697334529e-07,372681031989.2776
7617299.493799847,1.083484437800198e-07,335160306893.4324
7982276.32514433,1.07097372740571e-07,353949154941.5084
12589718.80587896,9.252178857753777e-08,615441366445.704
12765057.52530827,9.089452729646833e-08,631438346688.9456
13705450.46354748,9.264922324127456e-08,669368790203.3542
11413384.64983671,1.004734789559678e-07,528096748812.3253
11538653.31206,1.00831196368472e-07,532629452947.3815
11734352.34228874,9.972677103794719e-08,545654765750.4968
11835547.06614855,1.031545372225792e-07,538099737417.2219
12119608.82253272,1.016252330959815e-07,556528700548.6604
11699120.13727645,1.01747722663968e-07,536788746337.2362
13388635.64826214,9.795856298263305e-08,630049569768.4983
14924055.75620389,9.615343023991648e-08,711066701322.6696
12780204.62793464,9.8286324090374e-08,600079898510.281
15531700.81044313,8.719083518862489e-08,789899412696.0555
14314609.4993762,8.699610210896144e-08,729087482692.052
14804439.05283271,8.486874520811796e-08,766584621009.1453
17437733.79533553,9.028787452764808e-08,866437200590.4426
17958509.90990546,9.052474446973904e-08,890756007993.6189
18267873.96121861,8.789302207322035e-08,924098804356.2474
17048596.92945782,9.285515911298778e-08,831415182202.0009
15692826.17459171,9.458643510866628e-08,755930599903.6908
15561128.92004933,9.523447545310484e-08,746182348683.5652
17228626.73082506,8.802665251976514e-08,870645187838.8125
17256536.31324538,8.966354100721565e-08,861409596335.0277
18082402.45150766,8.727015564600248e-08,919063736639.1318
16095939.04421815,8.934391098866474e-08,805390208955.7318
14886697.31434979,9.133059887080222e-08,734041850136.3561
14855575.01551853,9.21849150124476e-08,727974600840.5333
14419228.9292629,9.134957201870756e-08,710893198379.0122
14170360.75976255,9.235737046650593e-08,693532047104.5298
13213869.99370652,9.059975110560791e-08,655056398671.4261
18128806.89785069,8.740254877516888e-08,920491589543.2358
17820627.67505687,9.003396390478762e-08,887126220731.1533
16897464.21775126,8.832567048029986e-08,851981648418.5457
15692018.54046581,9.399142639172143e-08,759078432874.9219
14791028.31929819,9.321326586052959e-08,719470876830.0345
15045264.8755476,9.219940305017451e-08,737192823131.7075
8410434.965888603,1.141937356241652e-07,357319680324.6919
8051014.489483247,1.150205094388153e-07,340408516587.4858
7586942.062472847,1.147960808897924e-07,321204824569.5895
8304682.689816203,1.127141343453496e-07,355907759574.5476
8474872.403204272,1.1361172164111e-07,361285951253.7775
7648149.786045857,1.142364314873678e-07,324852813687.382
9777359.943691267,1.134616948780066e-07,417178667352.1786
9661148.811590206,1.121679919153561e-07,415383723448.858
9961920.186835237,1.138681321184495e-07,424041400492.3403
8314392.85219405,1.108687145350272e-07,360267041232.8698
8793901.942819215,1.110390143557363e-07,380654720585.0576
8504398.822574319,1.115306941895201e-07,367040523055.3552
9246690.142178735,1.096291208431485e-07,403678559759.5237
9394968.737990217,1.107544447801829e-07,407368924502.8008
9160932.524109988,1.106384673474784e-07,397498581947.4046
9088516.672965582,1.077307100033382e-07,401420912236.7929
9046501.676799282,1.088347540262833e-07,396858422108.8503
8477554.091417754,1.096749121003562e-07,369997712863.0193
9658273.389684753,1.090939608005044e-07,423024662886.3169
9519628.882699475,1.103689594921826e-07,413734800717.2437
9370365.888140496,1.092427135095444e-07,410041893018.8912
8917179.997764699,1.115609195396783e-07,384786189594.4076
8799068.52521986,1.129456511736138e-07,376579803208.3729
8625637.805377595,1.120445332949587e-07,371134023599.9056
9404155.68162581,1.163305461672985e-07,394630485697.3283
8913690.323158793,1.175042539302363e-07,371553892651.8507
8508701.610556534,1.159766114584094e-07,357780239145.8514
9616419.602741018,1.141244214691426e-07,408721684041.7447
9679218.879603123,1.152628633319598e-07,408677481307.468
9145402.325116033,1.140930991227454e-07,388773419384.2935
7994205.802322219,1.173909651511406e-07,333440904738.3495
8163384.11294356,1.162369465212661e-07,342747348205.2718
8560166.187494645,1.177723166213092e-07,356276122941.923
7458451.006656917,1.090667370224893e-07,326728556706.8402
8092487.666301458,1.084251054633867e-07,355900674166.2297
7973595.371506129,1.078763153154836e-07,351860182652.627
7519398.212690642,1.045404003536131e-07,338839198296.1849
8203195.082717269,1.035759920743647e-07,371943498668.2466
7803915.574738732,1.03799248677613e-07,353332095498.582
5649357.191372767,8.728640798905566e-08,287100943807.9059
6746999.001334447,9.358756985498087e-08,327314465383.724
6429263.650376565,9.272072099391161e-08,313841257744.3236
9212440.988822002,1.010881439766351e-07,424529528926.2538
8971334.849230744,1.001784757648019e-07,415917748754.5369
9436359.082363656,1.017156041155873e-07,433058004345.7499
9941032.823369402,9.415822113898994e-08,480314846671.8691
9866655.436353413,9.588176655519243e-08,470991002442.7828
9446950.836893333,9.725566046525618e-08,446699085709.5087
7308404.081916214,1.152560855735465e-07,308588668410.787
7764005.762198774,1.154821348672147e-07,327397968108.8121
7268078.182267723,1.160380917583104e-07,305505620726.5518
6937785.042962662,1.122933678000266e-07,298069886183.4266
7401679.545668176,1.110624133972004e-07,320345681781.5118
7090184.363728289,1.121940917696799e-07,304797127660.7566
7496018.222349098,1.135303086896961e-07,319709902328.3969
8056884.770611143,1.127001251656691e-07,345316677380.7349
7410424.134387152,1.142199027261648e-07,314785854407.5353
7649191.642408482,1.128070832722359e-07,327635758473.6992
8028922.553524623,1.113170339271483e-07,346962750111.3625
8215656.743146678,1.119718310412519e-07,353646826871.123
6664192.552766206,1.156897333481849e-07,280683999928.2276
7148387.49696035,1.142793709392143e-07,303549502760.0649
7064807.464487588,1.149645609563182e-07,298807165097.0775
6828611.234241152,1.140989894436959e-07,290276039901.5259
7265932.628165802,1.122639580714643e-07,312222693958.4491
7222607.361884316,1.134160915621029e-07,308255538383.8858
9361826.271505119,1.080737721661185e-07,412616924338.7715
9404566.391580759,1.069679765675958e-07,417352407354.9803
9731301.650968714,1.066271340455624e-07,432771956495.9772
7719436.110179941,1.07364060641912e-07,341727260223.4747
7110065.764188473,1.084530371487347e-07,312640909410.8394
7826442.010254858,1.07544414368734e-07,346076783517.2471
8470057.020511253,1.053153313952586e-07,379803184285.3538
8108545.572727726,1.06358380171976e-07,361211708213.8574
8407272.507338552,1.056493176334236e-07,376192956806.0797
7740932.635273151,1.072999697389001e-07,342815319973.3992
7089648.977671171,1.083919110269321e-07,311860341959.4138
7698161.777618852,1.073029826891759e-07,340914785861.4067
8844995.743934054,1.041698967508449e-07,399517805171.7612
8563979.432979228,1.050689839174926e-07,384614742860.1843
8516612.406501986,1.046087391904971e-07,383608514098.8685
8617617.398661925,1.033485835029307e-07,391306915204.069
8854666.960557552,1.036242155385335e-07,401357510312.4539
8510644.504335046,1.035842111134143e-07,385863241383.1392
9486005.52086647,1.026148551207695e-07,432789333732.6467
9250111.114386898,1.023704318244874e-07,422698389134.7891
9177086.17433399,1.032293009649205e-07,417032100509.2167
7196456.202700018,1.098413554359034e-07,313767601346.785
7575892.008160259,1.072592059912289e-07,335591323215.4321
7297095.721351942,1.06174132300747e-07,325439973806.5046
6767219.298767578,1.14646418432528e-07,286749887308.0012
6980834.173373625,1.126016603826667e-07,299371733407.1451
7021906.40208859,1.125838691907868e-07,301164831812.9386
7284080.43746754,1.135336461096059e-07,310664533889.4346
7530008.550866991,1.120678718036547e-07,323947564813.6667
7184917.116700326,1.122761521094668e-07,308719040500.9255
7299980.926789122,1.143119734131267e-07,309927831255.3659
7248188.912603283,1.153906155405755e-07,305808235785.0545
7546175.086338656,1.12844760691683e-07,323151327422.6202
7276151.458531443,1.151635984010863e-07,307391305728.0219
7076593.768551094,1.17130451248587e-07,295604509302.6239
6835658.339786532,1.160694734535442e-07,287277538856.2873
6813233.199227521,1.212283115962304e-07,278153086177.7487
6891192.088473376,1.209093183009074e-07,281830402422.7768
6714334.325235154,1.197378470144263e-07,276385549197.616
7277023.11481321,1.109957138733038e-07,315076695474.7988
7624293.572110279,1.107868013462942e-07,330527496897.9703
7658549.762658922,1.08411731403852e-07,336844156969.1153
6785741.388250276,1.150724113691868e-07,286824664933.2144
7097526.991618694,1.142849288655897e-07,301379988010.1376
6999646.128658872,1.130264480663466e-07,299425900732.721
7281227.91953698,1.141220697416275e-07,309474497207.825
6840578.76646739,1.150273600918424e-07,289218062779.6978
7096629.890397014,1.129634889602352e-07,303687389117.7123
6872087.853558536,1.18222314258871e-07,285291652889.0493
6464580.925768093,1.19530183573292e-07,266412942199.7512
6634689.702796889,1.171594442213637e-07,277099503516.9304
6807773.703635667,1.177433972264739e-07,283387530144.2996
7063801.350834289,1.166168700729758e-07,295935834664.7987
7114931.529724265,1.155353484997125e-07,299935224578.5321
6943085.22387845,1.200329830511332e-07,285333061737.8261
7020798.421282358,1.177378177377115e-07,292264353587.2412
6765558.48845041,1.188663306673472e-07,279853718500.4615
7908713.167928077,1.146201679218864e-07,335169993773.3297
8205752.524020549,1.125226345255553e-07,352066865543.9887
7495728.828081041,1.153893195183219e-07,316254556890.1533
7311266.090560128,1.191558661891576e-07,301936515055.6171
7854036.693106562,1.161115634802335e-07,329996457093.5707
7801135.663602477,1.160897899854266e-07,327814741982.541
8682470.384224853,1.109505552417816e-07,376031006633.2966
8507495.032675823,1.114139825383076e-07,367430529381.4496
8204993.719816863,1.135096893789127e-07,349990532206.1456
11301076.00631107,9.436315706548516e-08,545236373891.9182
12172265.99063708,9.039824764753884e-08,604316927619.9092
11350575.85643843,9.207330105981833e-08,556666926902.054
9537804.196063852,9.842405706422907e-08,447418798535.7996
10637847.53329845,9.637271357497513e-08,506078285305.637
10685874.53064575,9.407876673600157e-08,516593566676.9208
10317508.10187368,9.972234822226863e-08,479784802792.8349
11516865.86019772,9.643808459459576e-08,547648527762.1699
10964490.62211355,9.710412835216035e-08,518995187743.4399
8275092.589637746,1.048818941959863e-07,372082444976.858
9238725.487068463,1.023491693771992e-07,422236572984.4425
8794005.370783657,1.017821053366612e-07,403402984179.3356
9841580.848614886,8.96537620587078e-08,491306510409.0699
9664830.687493546,9.256338645124542e-08,472318286535.2477
9250197.213314373,9.348956861914912e-08,449064669589.6678
11625619.41127246,8.28790360917611e-08,611579576256.8136
11001133.75404175,8.420255202875067e-08,572647376445.6266
10577890.03278415,8.586100837418846e-08,543502723530.816
8873662.970973816,9.651453057874172e-08,421736440297.813
9011095.560503552,9.520584780710054e-08,432183828246.2433
9420394.296818078,9.427876112035612e-08,454771426053.7741
8262279.264888315,1.051050763882911e-07,370980209305.8957
7741844.329178145,1.052948717041591e-07,347194594152.9875
8356360.593593623,1.031676237469566e-07,379887398334.1292
9439236.758864226,1.031420793937635e-07,429186735247.6987
8684203.97982874,1.045666266884688e-07,391262252271.5931
8780650.88110424,1.026301302958914e-07,400568495949.0037
8013099.727105078,1.081315060035319e-07,353046881765.6745
7658603.559497824,1.065363199865046e-07,340788131866.1526
8176278.686879613,1.063460957632951e-07,364257066364.8231
8773581.052978853,1.085782735476003e-07,385491616819.4269
8290904.82481976,1.086421260152409e-07,364141149829.2497
8456874.165028719,1.068564971462124e-07,375557044652.5029
8495539.899851719,1.112903636534597e-07,367185855222.2811
8143181.1858524,1.11824624560484e-07,350834638511.4513
8174119.938729934,1.101781179532632e-07,355667437643.4312
8496211.771578297,1.010686287616381e-07,391574510030.1447
8168493.641217391,1.00891026459097e-07,376912275129.7677
8521864.268133383,9.900899558291132e-08,398184951543.5804
6773306.671556049,9.152535468081077e-08,333508155915.4421
7857125.306218675,8.919766698200948e-08,393575463741.6856
6980968.138436808,9.221059159281206e-08,342028096691.9886
5311359.476731152,1.002471755285344e-07,246126059689.7072
5614968.785702197,9.552756521727567e-08,268696209889.6299
5144691.913669614,9.748566421890924e-08,242883979017.9639
8374582.726167156,8.577275319672077e-08,430589673164.6254
9385680.015164513,8.409318801769512e-08,488980866383.7955
7004095.119058226,8.984808575964468e-08,349150618901.4454
10224037.62472609,8.676040151478774e-08,521684664369.0169
9960116.417228833,8.708447867023756e-08,506956361473.0138
10548993.45882623,8.486705041645531e-08,546241825449.3896
10563151.33362405,8.982453762356464e-08,526659806083.9458
10139983.93275328,9.19207175465918e-08,497845970397.0269
9744269.821151538,9.213816075003165e-08,477664473952.2452
13736920.62360384,8.425129195953707e-08,714778821099.8796
11866671.62190639,8.672253153531265e-08,605676829720.1388
12767022.63352815,8.429911307287636e-08,664060464319.4318
13206773.21467043,8.820345750107882e-08,666509453960.1136
12590496.15895749,8.92663230571704e-08,630353856283.3495
12205300.27020277,8.879936607889239e-08,613209053111.2373
8967599.169696014,1.00280197147248e-07,415463366011.4615
9197303.454743562,1.016071055959197e-07,422387569722.09
9432527.79755591,1.018643080617986e-07,432460786765.5437
8928733.467444077,9.275860496613182e-08,435732934210.9682
8563790.430400727,9.438537532884774e-08,413107322188.8997
8729801.934054252,9.276284981450411e-08,426011839313.71
9269766.118389184,9.345550102529496e-08,450124028134.5793
9144840.865046557,9.522615227182222e-08,438536077908.6625
9154432.965938035,9.311535936460676e-08,445605524431.9255
9876178.386498546,8.911034020280286e-08,495036085540.5912
9451184.009602282,9.192624460826669e-08,464009144654.0414
9334724.222120211,9.158691112202377e-08,459422806592.661
9834256.129036758,9.365370170799477e-08,476860719752.2535
9342868.682326449,9.676813841132383e-08,443260114005.2288
9444613.026983095,9.387762602490798e-08,457238476715.279
10187661.49804472,8.843472045524375e-08,513246466551.9653
10575306.12381289,8.893799063183736e-08,530763935469.8427
9755944.111947099,9.127090412549035e-08,481261442711.0791
9672345.621013034,8.853824752692868e-08,486905326675.0563
9932451.347506687,8.82379050217887e-08,501132982904.1433
9389435.100728961,9.073531910177259e-08,465002424402.4536
12012235.4879962,8.49585402454101e-08,621563938177.1044
11139398.26347172,8.73611785820407e-08,565782367292.1985
10741454.10051617,8.68557767808572e-08,547684694697.9282
10903822.43452188,9.324761508263587e-08,530257656996.2903
10290063.62399769,9.567075464684468e-08,491924659390.6494
10225916.32062936,9.539064819987733e-08,489814572007.2339
9115698.757597446,1.017021147721827e-07,418379094568.4375
9338445.114563426,1.023523596194801e-07,426785180825.7792
8592540.640889684,1.026643452923023e-07,391899912923.6901
8487335.115504241,1.029955324961478e-07,386271285952.9382
9228754.476210278,1.027038417059059e-07,420809271073.7095
8686104.346781939,1.030368145960132e-07,395211972874.3854
7026742.86080679,9.56440874864291e-08,335981456978.8694
7856450.231484772,9.702159395375403e-08,372089510286.5045
7548239.727764183,9.728274209941832e-08,356852285270.6675
8867144.687808868,9.876859357739192e-08,414990239153.4064
9047646.925275221,9.735324474930629e-08,427532062949.2044
9071648.099427337,9.845804207925769e-08,425453464899.29
8488753.804109931,9.829133817603054e-08,398566175740.0795
8735801.200699925,9.930917803763924e-08,407358219811.3383
8973742.409750385,1.002218105960819e-07,415909431994.3339
8564079.469275309,9.622412106059346e-08,407841473073.6937
8919555.357329248,9.675639624312916e-08,423210806738.1512
8740341.859817047,9.821069744345934e-08,410603413974.2173
8511769.007511297,1.051778811649308e-07,382006029251.8959
8529099.479911864,1.051191812557367e-07,382926304141.5236
8193363.522361516,1.062163633230612e-07,365315364999.163
8882529.836014463,1.042124406418831e-07,401103972773.4156
8664415.199049067,1.047783967315079e-07,389844510321.1491
8600913.09673705,1.051113773951652e-07,386169593329.4618
9001453.936483376,1.036248849751516e-07,408009199851.7228
9073778.111830948,1.027580269927859e-07,413597257403.9145
8781874.991017604,1.041844379515174e-07,396629806954.8945
9550776.489827506,1.107694484206064e-07,414087403591.2352
9689646.810272716,1.094771006748553e-07,423408028817.7266
9494281.740433414,1.108035599825756e-07,411553506069.7787
9922241.684156794,1.084983420314458e-07,436175298334.1743
10318630.09641534,1.078677664591265e-07,455366334640.8463
9891943.759601435,1.087574498539829e-07,434152488551.1313
6946275.311749845,1.244692270688489e-07,278640343748.4445
7078905.890062438,1.234890598488062e-07,285461240790.6692
7166038.581606453,1.224527132662572e-07,290603071606.5853
8989566.107964687,1.080546153875658e-07,396256606480.3932
9754067.068081927,1.042129173713218e-07,440458201913.0236
9581416.606639037,1.034675531578784e-07,434737334348.093
7459949.071489557,1.147951503629753e-07,315830088319.1016
8168314.524079463,1.119321780808028e-07,351691994158.6704
7762213.303057618,1.122499837627323e-07,333575937247.3967
7253833.195433832,1.20067176908416e-07,298046961274.7474
7565176.502238967,1.197266062507623e-07,311428688456.3635
7794505.99269647,1.17018446928463e-07,325800971799.1135
7239790.363200995,1.171059648228791e-07,302463736665.6584
7160871.115117013,1.194011653388104e-07,295320421886.8134
7645758.230256482,1.163389057536588e-07,320826754373.8718
6827732.836602459,1.220668300899942e-07,277467044417.2764
6772003.08981767,1.230907167233629e-07,273674046686.7397
6905774.40035728,1.217502469632539e-07,281124795623.6696
6664038.076943825,1.226504344662445e-07,269955020840.5942
6259158.291068656,1.24084746266787e-07,251595964048.7413
6608981.819974924,1.2367434854797e-07,266245005519.652
6569096.005886533,1.106420132936183e-07,285031087077.8699
6725827.094156012,1.095335634385763e-07,293797133311.1345
7010246.17680152,1.096934430713316e-07,305923488976.9608
6270838.433211871,1.119689403237808e-07,269935849563.9413
6436940.828705509,1.114212425405512e-07,277993208085.0613
6196766.343332633,1.125141299841606e-07,265884942541.527
6932936.21530832,1.097849980211615e-07,302381492065.4064
6732357.994645922,1.095052282529321e-07,294133143969.8727
6676843.583091536,1.103844812035384e-07,290156645464.3613
8885499.833238794,1.068478883969871e-07,394612859604.2106
8330238.831137488,1.07322631204714e-07,368861429684.0035
8451751.220998405,1.078697913884316e-07,372975363421.7612
10253246.80104006,1.058244084293148e-07,458286972136.4764
9633873.701013105,1.062345637095353e-07,429493955383.3339
10280353.37970635,1.063093149040353e-07,458100216686.9421
8992710.076037522,1.052846159865284e-07,403317729599.7049
8643419.418052055,1.049818120446038e-07,388397307896.5783
9059650.838547854,1.058567560844243e-07,404854594950.8369
8654784.681866417,1.051498381967241e-07,388493593958.0228
9143505.920324398,1.052221302701762e-07,410243167831.6542
9816845.862517422,1.053794537677061e-07,440015535223.3926
7517597.160190725,1.039880833271399e-07,339956488082.2272
7228504.636692228,1.045751259783563e-07,325658836047.6126
7070600.944467836,1.04492907480275e-07,318712026160.9609
8732662.172864132,1.042850047777308e-07,394153526007.3478
8715126.003550379,1.043503698490238e-07,393197736195.1039
9005926.750159631,1.029142897349173e-07,410088845201.5353
8068367.485790549,1.065850581951744e-07,358912116138.2076
8024700.171400589,1.065921673264618e-07,356953753350.0159
8384358.114229765,1.055457056393298e-07,375413115540.2378
8337378.703326371,1.066868802066964e-07,370642757550.6732
8892873.774762383,1.062077562343341e-07,396525667944.1334
8480536.559394583,1.053313977574383e-07,380234423937.5355
5702236.131005195,9.440178959657316e-08,275037373903.2602
6842904.72562667,9.590525538540062e-08,326597023613.23
5799639.377183864,9.209610417191899e-08,284385086094.7686
6509832.587947707,9.317436515828073e-08,316741905534.459
5432518.61610075,8.721749473287716e-08,276226591691.9261
5528866.944141417,9.136891661054082e-08,272544332183.0139
6579282.221313204,9.366722007876958e-08,318997119879.7835
6812079.362098666,9.509764196209964e-08,326963946496.7329
5807680.512703201,9.302135695526513e-08,282887833928.6818
8300194.660138698,9.808070840720062e-08,390270641077.459
8779841.769171333,9.994459022855178e-08,407674763513.9694
7983313.719672452,9.833671034576467e-08,374719314467.2632
7296108.716143961,9.623178461264144e-08,347439296278.5589
7791731.145541181,9.673616965894386e-08,369749873400.2581
6965543.811382468,9.539510998386399e-08,333634499694.7014
8423706.586188026,9.642432071347418e-08,400601132246.3289
8598525.847299645,9.833624642437513e-08,403597297788.4554
8353441.17784458,9.737274413026518e-08,394675782999.1305
5145508.325552368,1.197994984339952e-07,211734495622.0757
5590299.236543974,1.197895553310996e-07,230050096703.5084
5416982.745442905,1.205221916104155e-07,222013528213.4878
7184022.214441206,1.189003515069288e-07,297106559953.7831
7237505.80767417,1.191893977345639e-07,298834344272.9216
7050004.876369234,1.191827656511867e-07,291103288360.2982
7490284.129182683,1.179355198575764e-07,311459710044.4559
7220886.143096771,1.184550874834169e-07,299379012825.949
6985171.941600942,1.182392062121416e-07,289958668771.2426
7663016.602700487,1.18102123807678e-07,318342504111.856
7664347.946448433,1.189198895241168e-07,316936468608.2939
7390501.763284862,1.186294459349191e-07,306110991187.5772
7346641.64584698,1.19067802059642e-07,303547014065.0043
7619681.429862289,1.193650291111458e-07,314305568566.5255
7485149.28786235,1.198700685988633e-07,307888379149.162
6151992.718985287,1.184648694604275e-07,255048491565.8581
5929949.416893611,1.190460877499622e-07,245042211731.9187
6097582.527189608,1.181108536883092e-07,253297642610.6044
6716715.444210028,1.179658035361725e-07,279245508284.9808
6465472.045899156,1.180433739034489e-07,268682364975.4451
6889864.924774341,1.170866089856472e-07,287876284505.6989
6159233.586492109,1.194452924511174e-07,253949473114.0077
5782532.964033924,1.201642127098731e-07,237465954493.0386
6134140.44177584,1.189612775596482e-07,253600420082.7488
9275501.890732463,1.20033154500109e-07,381185704642.1978
9106701.269198855,1.185352971167e-07,377394843610.3194
9602377.568253791,1.173260025848462e-07,400666097341.0067
9731982.887897357,1.082364634083223e-07,428501428786.5311
9442970.560044589,1.0839551597734e-07,415369328446.1788
9814028.250842867,1.069408130417653e-07,435597102992.1182
7404785.541433772,1.201101335160722e-07,304176775526.2574
7403749.008812116,1.196987828401929e-07,304830579224.3752
7415569.202054424,1.208729891231271e-07,303336718336.7751
8014896.885961299,1.195196312997825e-07,330322717628.0206
8580167.947960198,1.190935338105602e-07,354462530910.6331
8240275.469180439,1.206239766183265e-07,337535380518.4064
7938658.350045443,1.180578904859352e-07,329875782000.5443
8502682.709886372,1.18456354739657e-07,352519974799.9255
7940013.425708637,1.188771966740282e-07,328414406519.9348
7720417.722345325,1.157613255901308e-07,325036254483.918
7629916.042464948,1.162778104785393e-07,320274131526.5232
7414310.128280442,1.164187645879167e-07,310972575366.1089
8969851.850302935,1.132246225614764e-07,383258105986.642
8643886.739956314,1.145116251812457e-07,366557983031.8836
8580588.000498578,1.138776228976188e-07,365223001255.2913
8497994.291321401,1.157449508573443e-07,357806642221.9352
8234776.327517522,1.163236299579038e-07,345573031860.8459
8305051.275974634,1.162756725176587e-07,348617950022.3679
8939240.979060901,1.144391542459881e-07,379242981212.2053
8711365.185798274,1.151131202729948e-07,368131518796.1452
8664035.890267545,1.150009000484221e-07,366369588268.4669
9037656.545157036,1.144204725039265e-07,383459947427.5941
9054840.536537051,1.149259452539835e-07,383061716239.212
8808521.723627642,1.150942623029844e-07,372277893043.2554
9615668.993327688,1.116306558501717e-07,414753940339.4671
9247315.697887609,1.132474832370913e-07,395060229440.2007
9299324.3501812,1.125231497479889e-07,398985220682.765
8887399.443200845,1.15343960099039e-07,375069251086.4667
8377906.76537989,1.160914664976858e-07,352048089141.3594
8643384.483219506,1.155119329283477e-07,364417533754.6463
8119124.038018321,1.166983540723383e-07,339989905250.9301
8015236.514395709,1.171187502641544e-07,334835931067.4733
7792126.299324943,1.170571505110798e-07,325629706585.1342
8357938.787682296,1.15574368556298e-07,352255811290.3881
8212553.907917401,1.162176910902862e-07,344849873739.4512
7914577.727599666,1.161994463948937e-07,332372468525.3384
8524030.679241953,1.154033288279149e-07,359610844502.8788
8570976.534863645,1.155144742715847e-07,361359410318.8108
8377202.030051482,1.160466039001513e-07,352109194441.0469
9242751.416692883,1.153620826191058e-07,390025091780.423
9059281.628852837,1.165529693660054e-07,379674590065.6654
8774342.77725452,1.161083365866644e-07,368671014759.9148
9865684.641143898,1.136313702857777e-07,420528144011.1646
9522859.563982261,1.144854928484787e-07,403893695645.9928
9361553.515691767,1.146471426892507e-07,396678900393.2261
9905025.518783975,1.135586294773179e-07,422385340669.3139
10132585.04119678,1.149066339307728e-07,428703328701.8188
9683707.894921884,1.145229179123474e-07,410626283238.1655
8137705.448970675,1.172848060928177e-07,339631109118.7889
8102143.190391733,1.17175520595339e-07,338357120064.069
8206590.596993608,1.167549981605123e-07,343541426018.7852
8116838.962016276,1.172343519624063e-07,338857423924.5911
8123963.806050599,1.17312458704783e-07,339004311620.6544
8122993.528499359,1.168297825386847e-07,339896788891.7272
8390252.926361026,1.164519017276353e-07,351839014968.1519
8182979.702192193,1.170193528156664e-07,342036940198.4893
8189159.288557484,1.166143730879353e-07,343087264698.502
8501802.599020118,1.179804825247551e-07,353430673487.3276
8339847.641454665,1.180905446077678e-07,346482549501.1796
8235011.009487933,1.17620182985552e-07,343038567664.2369
7634339.80119201,1.202633731845378e-07,313340043248.5426
7710256.03605249,1.203635316027628e-07,316280331532.8958
7213683.880307932,1.206176385370572e-07,295494833700.6628
7151930.822880792,1.20108701721768e-07,293792241930.5444
7439374.685235471,1.201942351380783e-07,305455071714.4337
6815804.542743412,1.205158634174615e-07,279353628415.8287
8238203.420154199,1.197334032858597e-07,339121736034.8718
7968391.767258814,1.201422110051081e-07,327270553786.9191
7891212.056967893,1.200443600055014e-07,324276796298.0388
8139653.894763979,1.187934054457625e-07,336830221141.866
8256499.554050938,1.192551043285843e-07,340783043567.4141
7811374.069628119,1.190031147653101e-07,322865680340.0897
8368404.424510207,1.185680301849983e-07,346734926761.1466
8447538.506993461,1.188126163750317e-07,349533232787.1968
8431422.152665516,1.191728561202456e-07,348162989383.7216
8563835.028789785,1.182191040457173e-07,355530216118.4191
8480576.506799115,1.185743554514848e-07,351370147860.965
8401287.466383217,1.183289291557778e-07,348566160251.7242
8933188.236779764,1.181403660399835e-07,371028790513.7269
9779432.216702577,1.178754843196231e-07,406784735177.3368
8973837.419485541,1.186343047946701e-07,371681835652.563
7596214.157093099,1.18224894454668e-07,315348844131.485
7402365.451460702,1.18550976424689e-07,306737658942.0911
7429232.993909127,1.18184167904199e-07,308487646752.4957
6246322.68273551,1.251176025869125e-07,249696318880.3841
5924948.562682888,1.263163690806466e-07,235348532888.8369
6042026.773998733,1.251065261490693e-07,241543859845.5899
6277888.388271101,1.216741013950029e-07,255671012878.131
6417155.557783398,1.224574730154384e-07,260227009933.179
6146098.550434945,1.236436032037193e-07,247638644366.1985
6852418.981650714,1.217492478002864e-07,278954294419.8729
6857625.300391892,1.217374499203578e-07,279184273991.9489
6595205.729729717,1.235291010576668e-07,265898258790.4948
7335833.956205239,1.179727383046528e-07,304973229900.3702
7055343.263889145,1.199850518032198e-07,290023631434.3043
7132803.659088983,1.184758648642315e-07,295692524047.8603
7573932.432183299,1.147576504596805e-07,320725625736.5253
7813926.051935834,1.14947795431058e-07,330523390663.6359
7576663.311356938,1.162211417177922e-07,318142163662.3215
7187396.351116077,1.198209378686632e-07,295721648438.4349
7257620.119304053,1.20783718065913e-07,297022012442.4079
7292832.939589903,1.197900793376088e-07,300111310568.9283
6754156.004308557,1.243123260675512e-07,271161665254.3937
6097577.501826698,1.261178389399842e-07,242459747614.9874
6423538.39986525,1.249190494371124e-07,257052526892.4329
7412461.404348494,1.198685290368653e-07,304901102291.4696
7328450.266307095,1.193603153444414e-07,302300482182.0987
7274631.071070439,1.190668778738408e-07,300573251425.9764
6596702.462678783,1.225289353528169e-07,267403932303.326
6786738.846363872,1.219471206839675e-07,275981584763.0165
6530773.06967926,1.237269621649787e-07,263019749573.4559
6170537.505056361,1.243064585144285e-07,247738707387.5556
6442127.07618456,1.231178818288123e-07,260304612657.8471
6376976.649190076,1.243179190465049e-07,256011223689.764
6455098.8633151,1.205829281563395e-07,264471582722.7261
6862311.39030885,1.192727741820229e-07,283210623837.2144
6596307.244667986,1.213645437062011e-07,269095431390.534
6597207.408147421,1.196683388586244e-07,271669341222.57
6422710.880449065,1.20620197391431e-07,263090408962.0162
6695243.042987174,1.211557765448543e-07,273445174142.0817
6721820.160545385,1.176451098134691e-07,279965361957.9772
7027054.231496797,1.154385678881036e-07,296396236591.011
6716837.806904123,1.162269885038417e-07,282028850931.3488
7379435.405691245,1.181854476225252e-07,306417665374.0656
7300184.104968688,1.19343645861896e-07,301162535919.8246
7103403.082895817,1.201866792721371e-07,291672556903.6813
7426940.055824305,1.153493115895335e-07,313424720569.4137
7429644.307559091,1.168142550565406e-07,310911982500.3425
7225310.882925981,1.173170358416992e-07,301496645086.1309
7371297.564488443,1.166951680114019e-07,308680143925.4403
7257910.508623123,1.168543298743372e-07,303655908621.5922
7190014.192807142,1.175214294081197e-07,299675821306.4927
7921733.048656559,1.131672223682125e-07,338589198128.3339
7900798.516830143,1.14185014669525e-07,335684724342.8204
7659464.127253654,1.139944035765971e-07,325793713099.548
7741528.038075147,1.118066072803892e-07,333565949684.1124
7881710.405779026,1.125727272571748e-07,338063550716.1667
7620110.431898559,1.133993431288029e-07,325252696675.2776
8555373.294012288,1.120616173698598e-07,368073349121.7167
8410150.186557446,1.13263171960473e-07,359261990195.1125
8201762.823436409,1.125962946237147e-07,351742198551.6561
7938725.400822248,1.155044526591661e-07,334722543034.1237
8288438.000542553,1.15394897884721e-07,349688718679.2627
7846949.351988277,1.160217374206147e-07,329868824611.5184
7495387.746456522,1.162530748470198e-07,314671786165.5707
7686473.712934326,1.157545520736533e-07,323619806421.056
7381046.598137179,1.164130582618638e-07,309587545775.0847
8354950.792511675,1.143434016584701e-07,354652607844.2154
8417413.267497633,1.149756239882929e-07,355993006774.205
8064961.046321686,1.150847193051302e-07,340871348651.2947
6320674.23950325,1.215918346611524e-07,257529588296.9383
6188433.690993949,1.235623182132231e-07,249453753651.0374
6591055.47650047,1.221300961942605e-07,267756383990.3368
10231077.08334516,1.096417758664052e-07,446619124581.4821
9998342.323551904,1.141513913422322e-07,424887409998.5053
10139895.40714254,1.126744134729514e-07,434660262482.1637
10729603.29523755,1.090843091159529e-07,469975777341.0011
10267463.7012766,1.071703262803431e-07,455072027384.5941
10292387.88500798,1.111665350112393e-07,445177731525.6902
11027699.29242,9.815870457460162e-08,518241717043.134
11418811.45958992,9.840656328192715e-08,535720409663.5519
10730556.88003288,1.029215677211907e-07,488597603417.9839
8018082.76501084,1.185667929110873e-07,332222074873.2722
7692289.025688961,1.187768154446934e-07,318347279154.7772
7772212.352216759,1.183477623845565e-07,322431866367.0536
8024620.784198728,1.176368486192789e-07,334242956291.9916
8102229.602228139,1.182817625925257e-07,336247724797.8775
7855062.3779137,1.180628311286663e-07,326393004923.5347
8323763.337704428,1.185339726786291e-07,344951335290.0586
8386613.073363287,1.191384438512971e-07,346379348734.123
8268847.06449493,1.186758776779452e-07,342402287994.9056
8110657.878778243,1.196734074035286e-07,333982961521.5067
7766392.097954725,1.199838800959368e-07,319254757606.5215
7472636.93503327,1.198989178902423e-07,307324398168.071
4947191.714926492,1.205255654104758e-07,202755489919.0948
5208428.387488258,1.192474842111193e-07,214984531919.3782
4978664.300606508,1.197014214347455e-07,204980857418.7696
5351650.95841753,1.21675169359649e-07,217948126846.8665
5048052.640994417,1.213108954787883e-07,205995311590.1256
5349602.908953449,1.212009226075301e-07,218432670726.9043
5199366.140203241,1.201646618157627e-07,213517047735.4367
5010172.98991152,1.189823827140792e-07,207108352273.4195
4951697.440137878,1.20559967513383e-07,202901544192.2762
6307614.609668358,1.175049840760982e-07,262922422494.3026
6704140.729582296,1.159700848242406e-07,281911292229.7261
5828139.917761185,1.18138793208929e-07,242066644065.1884
6461859.010252211,1.139485322610328e-07,274927587412.5043
6916394.543597044,1.129199470645875e-07,296050624985.6104
6330136.485223227,1.133458672451797e-07,270277118945.1061
6978797.164825617,1.139939159267659e-07,296842532029.444
7263396.693978979,1.142689224104191e-07,308452060759.5424
7913398.286938987,1.131120876650784e-07,338342857290.4094
5441800.990624935,1.17138580708872e-07,227305189104.4852
6129393.434254549,1.161882332941748e-07,257420265212.8265
6259092.600476013,1.151929002512232e-07,264379372989.14
5825492.275785205,1.178690430953513e-07,242325690485.5551
6701301.051102955,1.157117584298475e-07,282211127011.2079
6296600.57443295,1.164325721428693e-07,264072483722.231
5228050.857281142,1.211552318727968e-07,213523176459.0486
5348933.474048347,1.197622139147244e-07,220150995014.6165
5323860.362342691,1.204409358169651e-07,218295060351.131
5872504.60291636,1.204601723257991e-07,240765568412.0294
6447309.952383547,1.196219615883475e-07,265565264507.8954
6266584.273915254,1.18699016660972e-07,259457445000.6807
8680420.293297477,1.133010811445689e-07,370724582058.6682
9501724.374722021,1.119530359877865e-07,409051991426.991
9655511.641211597,1.112759544791177e-07,417357036233.5882
5302384.008744453,1.218222338515079e-07,215767884915.2379
5153939.85373441,1.217791563065624e-07,209776759349.0391
5000206.825011334,1.214538443574407e-07,203882738311.8137
5515024.034562359,1.21032844859141e-07,225395503808.0076
5469840.302532815,1.216159341172037e-07,222833762637.6628
5467769.759189881,1.211268666191481e-07,223348597743.8836
5590226.164346681,1.216634088228022e-07,227678868711.6032
5568080.958123354,1.219836175438738e-07,226379902597.2165
5504798.791781663,1.219136630575846e-07,223892663341.8293
7440902.418512648,1.197106173038358e-07,306340085297.0651
7637385.60339922,1.192319776551477e-07,315270174080.1595
8077594.933955959,1.194848373527074e-07,332971354699.1108
6556634.78447149,1.201659447275679e-07,269252693578.5945
6930462.441951864,1.201017049652674e-07,284705658748.1332
6599644.490900288,1.205086323061258e-07,270504879346.9991
6617133.76810225,1.198959294983777e-07,272144955257.856
6898939.551743613,1.195615787270313e-07,284263596037.1359
6937444.797418147,1.197062856342575e-07,285619751425.8527
12191963.87628007,1.004475680622353e-07,564218579087.9535
11123941.65610685,9.658197139750788e-08,528438752316.0731
10867608.39708827,9.647654078364052e-08,516637784391.437
11139189.08103187,1.098334522256408e-07,485695209176.1613
12286191.79429028,1.054998233276661e-07,550278826407.5721
11300733.62442533,1.084836246154315e-07,496817837211.1982
10587500.47408554,1.087159093732559e-07,464798488938.7806
10307936.26254714,1.113239358581085e-07,445429889765.6789
10496812.51777862,1.088791982429599e-07,460356377808.1268
10530275.82027045,1.093316716484632e-07,460548905550.1566
10092413.30381406,1.115086137546562e-07,435634984698.2115
10228184.81901972,1.098479359319425e-07,445934048145.1438
10311105.79824081,1.125001265399424e-07,442455810072.7751
10342346.71476574,1.125026797324068e-07,443789662250.7307
10748714.45876996,1.104175011241309e-07,467015451512.137
10343033.68280832,1.144083124296631e-07,438877064997.0498
10113109.806977,1.130603785778046e-07,432524884891.912
10519720.56440374,1.125302568456191e-07,451327015613.8044
13834345.10044956,8.816536159540027e-08,698382384252.3441
14467325.50421631,8.891558648239116e-08,726222423751.6366
13766637.80692505,9.004733935392635e-08,685247242218.7725
7393783.021190007,1.204217817509005e-07,303200562335.6073
6979902.195643587,1.207798284933625e-07,285662389616.9814
6766323.526316874,1.210111780555889e-07,276568321196.9142
8748288.170164239,1.191699775863124e-07,361253315715.5547
8902531.702877214,1.192074528307211e-07,367545624280.7996
8660730.569334643,1.194868592273186e-07,357005108863.7376
8335743.740727125,1.162581987916824e-07,349941375808.637
8185724.650510552,1.174808904214039e-07,341254965083.3067
8837936.533016047,1.164401255444211e-07,370637281500.5978
8865640.077801967,1.135176193159815e-07,378153316001.4425
8635433.070023129,1.145646512925243e-07,366086486118.086
9694657.071971435,1.119305838324862e-07,417413610026.868
7218879.360939593,1.174685439730295e-07,300969204461.8651
6600699.678830884,1.179556499582679e-07,274437934164.273
6786146.870479079,1.188719352669108e-07,280696522702.3687
8411029.747159395,1.145753573356929e-07,356551024508.743
7863788.243567975,1.161433323533971e-07,330345926020.6191
8186841.990681711,1.156171912599339e-07,344959517705.2452
8076768.75288683,1.149179435472012e-07,341700608016.7543
6908582.504394064,1.169760670899086e-07,288840178473.8021
7540696.114331846,1.164816682600179e-07,316159608156.1718
6979683.471768335,1.204644506634705e-07,286151784211.6784
7280781.262216941,1.199935809929734e-07,299276516963.933
6874190.114830878,1.198814109635405e-07,282739818638.9169
10518012.64413257,1.098813343863573e-07,458477195298.3262
10155456.07847253,1.109772458695269e-07,439754342852.845
11404070.18189173,1.068365460264553e-07,506500628552.2972
8598084.207461495,1.187537623131575e-07,355879885682.338
8905072.246827532,1.170633708635281e-07,372126070393.4148
8250340.467814622,1.181049050108047e-07,342736150497.075
8772221.404899426,1.191690543512432e-07,362243489745.8084
8983894.104494348,1.189629143740484e-07,371412823385.0453
9041363.007222367,1.182631445550091e-07,375261742942.4677
8452578.223575577,1.197647443448194e-07,347885668100.6743
8483297.46500474,1.196906213761487e-07,349294125213.4015
8127921.226695186,1.200783596589389e-07,333940931972.0565
8372855.26633266,1.196611481071849e-07,344803347701.8876
8424950.033784864,1.19757788105613e-07,346761992533.2922
8100829.259281771,1.200710310389287e-07,332841383647.1583
9387512.140160508,1.183658474985007e-07,389403248617.0183
10045832.70244099,1.175695976144442e-07,418590389935.3872
9810141.727943154,1.168754852879256e-07,410386434873.7186
8532398.190236831,1.189726659317608e-07,352727769994.619
8655831.704792162,1.191113644597658e-07,357552652412.7344
8568739.176681984,1.194285721453133e-07,353328033986.5039
8548074.107189374,1.187025373673036e-07,353911719046.8113
8631662.495560812,1.183477506877653e-07,358086360169.8493
8671620.550197963,1.188410986996244e-07,358747728905.8746
10494334.42988019,1.04612337782974e-07,472678985867.4528
10459698.80928251,1.051696927921421e-07,469452989309.4791
10788210.45341868,9.984910024927779e-08,501248754071.279
10849703.07002049,1.033197912153281e-07,492752503552.9315
10686528.11933526,1.042120062249618e-07,482567565223.8547
11373391.21756306,9.96968853807879e-08,528975532282.8243
9747138.481972475,1.11202796691789e-07,421502346373.8237
10198574.2549656,1.080083836196803e-07,449677493072.7078
10232775.16650811,1.074505798446409e-07,452745618763.1946
9274846.660662254,1.160575696585517e-07,389814291220.9197
9420060.640477829,1.139530305127711e-07,400777297286.3004
9503552.037727678,1.131511695645886e-07,406237420181.6876
9878138.849281849,1.142054876251911e-07,419646699187.8422
10109478.44275694,1.096964512472532e-07,441164304079.5425
9660041.257419212,1.128916332312405e-07,413559318046.7404
6635487.959201063,1.146261022318512e-07,281201208130.1055
6501925.826520198,1.156264550109164e-07,273949515638.2336
6913069.866408415,1.148960017531298e-07,292505701269.5476
8142164.09532124,1.120615260897526e-07,350296256177.5875
7189562.810338993,1.134475161122162e-07,306788555414.9149
8137731.847241514,1.125588306431976e-07,349073590608.4879
9280053.298188498,1.099403069084868e-07,404370228873.1221
8671218.338792866,1.111852351246227e-07,375015060505.246
8666644.340187062,1.116873454727271e-07,373693027872.4509
9243855.772042906,1.096756487284807e-07,403440679048.0597
8794856.115817873,1.100558886400326e-07,382959824595.3124
8689778.380750258,1.108054071960763e-07,376676099428.9079
7002160.663889022,1.130751390848593e-07,299447471967.4468
6544767.858648431,1.141027635295996e-07,278204065044.9724
6661556.148087917,1.139624847296463e-07,283400809460.3245
5820102.906092598,1.148803065913714e-07,246282529946.4507
5773090.866995923,1.15453660536736e-07,243483716341.2399
5976238.633763048,1.140399773342353e-07,254130339026.0691
5513147.47431556,1.194971274436489e-07,227245155116.9838
5538661.904782419,1.188168944515706e-07,229167340171.2226
5998254.110535316,1.173748772121242e-07,250211976188.5295
7500678.88174995,1.194854375040999e-07,309188918958.3934
7396817.474091944,1.192833990500518e-07,305251798435.0459
7370426.9165131,1.193274119772432e-07,304087916607.595
7494803.150384727,1.211921415592052e-07,306039340513.5537
7573035.906350569,1.202328003946914e-07,310876605325.2753
7633005.234112727,1.211654700435284e-07,311728358448.3452
7424543.452252284,1.192525101136705e-07,306448900293.209
7410352.205877338,1.19263963014358e-07,305843573295.1414
7514308.262065028,1.194680968238006e-07,309780714510.4067
7229878.994898808,1.184778769720508e-07,299713417932.3731
7337825.181344097,1.182475687745173e-07,304583154770.0742
7311123.587095574,1.186142417776587e-07,302849062718.8617
7180539.002966806,1.19423652056642e-07,296094368031.1145
7199602.027662498,1.189222227635999e-07,297714379866.9775
7316582.055761158,1.196649371826442e-07,301298499940.6707
7201398.478871427,1.178520288089037e-07,299588726683.9037
7310265.892478185,1.180568786628946e-07,303765869518.2732
7202523.359782862,1.18287847956844e-07,298899086957.0964
7139636.334466751,1.177325409404567e-07,297220262168.3152
7207294.929448443,1.170661702457897e-07,301174376723.1891
7168319.79693504,1.175422155119921e-07,298736386750.8752
7265705.308375003,1.192211617523084e-07,299945404804.0992
7149675.412348254,1.185065920295435e-07,296340711816.3884
7160465.71693164,1.192523865461031e-07,295549265010.705
7388074.456922552,1.185476205860163e-07,306151249260.7739
7467800.118206666,1.173917973809558e-07,311482881570.9437
7453363.609819821,1.17006839618148e-07,311562234029.8999
7759258.252799681,1.165343465257525e-07,325225240383.4163
8054323.279560692,1.165515933748869e-07,337559431645.2602
7728646.51766212,1.169114237549404e-07,323245244947.8077
6968700.889583611,1.197972247048365e-07,286761374110.2569
7024038.37990605,1.199245365219468e-07,288833908253.78
6647660.586199546,1.199881565874776e-07,273260326662.3356
7335509.603708749,1.191281307050965e-07,302984728164.7122
7117753.66452675,1.195140866012423e-07,293357292794.4317
7078750.54818647,1.19371135070254e-07,291982659024.1453
7409240.978178171,1.192655732655208e-07,305794957708.9326
7215733.99075689,1.197434888576644e-07,297015588089.8977
7159644.982374601,1.196169142881903e-07,294914702866.3003
6741016.036028902,1.195517175394728e-07,277771796140.3921
6897519.068117333,1.193609605511968e-07,284523432686.6691
6916157.059186555,1.194243414178046e-07,285191302800.3851
6263465.58911862,1.203409120843753e-07,256964125776.4801
6512144.215537329,1.198773206745102e-07,267854732899.5225
6406964.157820131,1.200846648599954e-07,263225076683.1787
6425171.413804275,1.192356502811673e-07,265224701166.6382
6649513.076337767,1.186868101856762e-07,275330848045.5287
6593616.291395346,1.193728037775236e-07,271969419246.0825
6954422.73908045,1.190092416602117e-07,287435647604.0637
6854023.419097035,1.185049841686136e-07,284089057709.8477
7087532.782208446,1.187248158471966e-07,293404932713.7934
5495574.89239051,1.215462506601521e-07,223967715197.9951
5292890.964019814,1.218122197481175e-07,215393392168.0778
5506237.487937637,1.219363938240569e-07,223923345617.5706
4990815.695000369,1.200900607638749e-07,205037590279.5486
5258231.072069179,1.208054985141777e-07,215170072385.1245
4959304.664403217,1.209235816417485e-07,202805683200.5819
5264734.751004369,1.175357507638543e-07,219413412265.5841
5057372.332321398,1.189433267156172e-07,209105219897.0706
5288925.071447658,1.185070540429416e-07,219215510694.6286
5914311.506180931,1.174954921600496e-07,246541513942.2878
6068278.983819821,1.17072866799977e-07,253568150774.5174
5331811.022938455,1.186619569232939e-07,220800682091.1703
5699832.51172879,1.200026723613626e-07,234279784490.7802
5572312.61959269,1.206272818047843e-07,228247018003.4358
5524813.019322862,1.207280919994638e-07,226175396185.4172
6080315.130728324,1.171427931916514e-07,253969972318.182
5961913.248067193,1.177820042714733e-07,248122620223.0804
5343093.552031516,1.187313321177321e-07,221181713385.3972
6444335.62923614,1.155673860924479e-07,271615546406.1534
6354242.268780534,1.162972280035592e-07,266696629436.3486
6196665.708924021,1.1672392637841e-07,259448686247.2888
6655192.39350275,1.149535318484625e-07,281500434045.4803
7044224.00756655,1.142770545042114e-07,299130341114.1976
6563631.836153516,1.156877851625726e-07,276451664050.5038
6355476.939379153,1.145710949114101e-07,269420996577.002
6677410.695402845,1.131694581589803e-07,285400851202.2993
6826938.586783816,1.130716254018123e-07,291960146312.8463
7688657.29996249,1.160480239528673e-07,323165757870.6066
7018213.332945471,1.174747103477978e-07,292592805690.3399
7195181.840445465,1.165858470788433e-07,301493453012.305
5544147.970562778,1.211142247182851e-07,226484269739.4559
5584226.185849959,1.214440125309446e-07,227708335575.1214
5498844.846648766,1.216968861015807e-07,223916014426.3683
6051478.8107543,1.189935622794289e-07,250137731105.7328
5702283.517535729,1.201989861403125e-07,234125258727.5768
5831273.636812403,1.195665094157261e-07,240264931940.4824
6140838.459822091,1.19814019499831e-07,252671299720.8782
6060875.149180556,1.204161638128665e-07,248549072152.4786
5764709.665032605,1.205189165239167e-07,236269299403.6245
8778050.728624074,8.199958518483137e-08,465075701041.3457
7959265.869445054,8.150080280752507e-08,423413877033.7825
7196624.976466351,8.138434686371709e-08,383208338028.241
10953466.37141765,8.271155861450698e-08,576997736435.3795
12816782.86126432,8.352135460666557e-08,670780878138.5269
10008008.03793143,8.245583741026291e-08,528283087906.3352
11597188.21710698,8.331456116259131e-08,607955928988.2877
10554009.92862566,8.247779254656104e-08,557005494395.2976
10194196.64835768,8.258238476125635e-08,537561380174.4981
9735609.057974191,1.114787067099709e-07,420308827768.5234
9775611.892635249,1.1191583676525e-07,420936178159.0885
9364943.210063556,1.130954662503068e-07,400443901974.7217
11649570.05677832,1.033795130518094e-07,528875654723.1102
10874302.02630485,1.06497189958692e-07,483996950519.2075
11498780.0099286,1.038449195987978e-07,520469073956.6782
11497953.22163985,1.032644699884756e-07,522380059517.2381
11675582.75540084,1.028902421815007e-07,531735643956.0347
11057702.80624078,1.059061874420487e-07,493989089982.3038
11656727.19547007,1.032281226946722e-07,529717856676.3462
11469613.40370109,1.033898096145725e-07,520671279819.9363
10937343.83141634,1.061948663148824e-07,487726309364.6337
12252825.00963866,1.014262380266037e-07,563381635381.9874
13337103.29642832,9.898754805475349e-08,623267484043.6318
12060967.47157593,1.015878997816268e-07,553971588412.262
13434341.93526498,9.460740469546738e-08,647042754842.3248
13790439.6159112,9.665042390488844e-08,654800399226.905
13073620.47510352,9.672250978414036e-08,620455780712.9493
10365410.25045763,1.095252170121667e-07,452804166155.9977
10177725.3066967,1.119698439802106e-07,438110178551.5805
10064584.56536744,1.113003052461675e-07,434975653907.4182
11457259.31348348,1.042133501888242e-07,517366738231.976
10744155.92264407,1.071800745863123e-07,476170989161.0972
10688527.58066223,1.073309115138704e-07,473261675714.1688
10527541.79930438,1.089403583688772e-07,461531245626.072
10259030.21021723,1.097773573644027e-07,447470553068.4514
10248775.62297309,1.115482473349873e-07,442279508090.0355
11260457.07830868,1.043242315640026e-07,508119532550.5667
10824821.79610635,1.069659593870271e-07,480386021568.3577
10733120.90280109,1.071292813095731e-07,475832272398.5483
11931006.55742876,1.02997154396505e-07,542992211517.9731
12528471.56894006,1.03692853113756e-07,567630263784.5177
11306313.20316716,1.060132847908936e-07,504755218667.7053
10378550.82902195,7.78242190603296e-08,569368630228.8483
10533752.63818015,7.605545423593702e-08,586808243302.8612
10201056.68764847,7.531969262036672e-08,571969408822.2922
11681195.6451208,8.032368980921912e-08,627467925853.0518
11162166.50617578,7.966083576882139e-08,602909218438.2089
11649842.97968528,8.090169548392028e-08,622799597085.0579
11668330.91593193,7.880218150965254e-08,634818990858.7579
11668490.56359461,7.653178190910275e-08,647321645095.9952
11081172.47095828,7.648441745273901e-08,614993330035.8079
8957027.834548013,7.200190706679066e-08,517528880981.6823
8455701.214233063,7.049891165829464e-08,495482157777.8634
8510099.150400046,7.191062213263071e-08,492121783579.8796
10444820.01694787,7.470759162779329e-08,588831637935.4148
10027718.30402331,7.24371698752266e-08,577069085819.5155
10113542.75008665,7.398433328683263e-08,573865528929.3916
13628044.04165284,1.020473645045914e-07,624068602076.1675
12241006.53884115,1.049796209444639e-07,550064726693.4335
12823089.16788577,1.04661875630488e-07,577386980341.4062
9751529.801572787,1.116116767450689e-07,420661723906.8149
9214254.7296103,1.126026495076535e-07,395149231143.9137
10364370.87779702,1.102717045425968e-07,450713140579.801
5880051.187710765,1.217268984660556e-07,239399590049.5266
6344700.081196809,1.210523380521205e-07,259275994940.6596
6339042.681255067,1.213261156398082e-07,258654961590.1027
5136390.058115982,1.21520007461695e-07,209359563910.273
5231359.789121327,1.208013738569495e-07,214075355648.1672
4982920.975635108,1.212079333463011e-07,203452627129.7772
5488770.756136732,1.220441310292372e-07,223081638724.275
5275766.232464449,1.219234344588135e-07,214565924381.8644
5425942.185491854,1.21979493709135e-07,220605978433.3279
6197494.611711068,1.210792634182969e-07,253222899702.3155
5738370.663962152,1.217621166661672e-07,233586176667.3119
5760851.621973241,1.214518107405721e-07,234900546301.716
6178499.761734591,1.214222375768276e-07,251971185744.356
5714594.774716772,1.214492224761328e-07,233017719308.1852
5725467.66531055,1.218396132374689e-07,232962110359.7817
5464945.41377918,1.210100663821539e-07,223376849962.2039
5384114.180140187,1.198816647845221e-07,221451733607.8191
5262832.415683613,1.212985716270171e-07,214774351549.457
6609662.250848165,1.209748355006129e-07,270219015738.4482
5929491.443421743,1.212251413927018e-07,242078180874.1917
6401869.869669802,1.212108070554515e-07,261384168726.956
6753748.818960468,1.167324711295896e-07,282759443607.3939
7636149.723133983,1.150376140586487e-07,322835430327.3172
7163848.347443257,1.151923585920563e-07,302596525155.2089
5659311.473956184,1.20334320840466e-07,232186655721.3872
6046288.973897994,1.186002155157218e-07,250475497389.2611
5577050.070281434,1.192083171326109e-07,230250282749.4135
7046560.614073806,1.189500691668296e-07,291340409362.2916
7657575.970503197,1.182341470152937e-07,317879630173.7009
7487390.753283035,1.175349435119566e-07,312046390564.0794
5014649.073323355,1.186993630906587e-07,207622757110.2096
5217617.307968628,1.189996412226284e-07,215662741060.9508
4956147.331735273,1.202602896939485e-07,203421121537.3813
5921277.862256982,1.172171731252106e-07,247222472554.0557
5245809.507029648,1.181626554055789e-07,217850730787.4408
5439359.818303468,1.193244633666531e-07,224419950433.6891
5644579.435611619,1.160329914490278e-07,237270600774.9234
5691066.342902125,1.154558068812269e-07,240021306020.9681
5461855.359550089,1.163530610311384e-07,229168533795.4424
6002394.686364108,1.153608085542861e-07,253290570066.394
5674053.208735842,1.161746622801482e-07,238315592529.5583
5306813.124945699,1.17163004179417e-07,221635910720.0153
6200464.313326643,1.145621810995344e-07,262863344945.2119
6071447.365097443,1.139593797091567e-07,258300660424.0641
5866673.862077997,1.153746063515595e-07,247543650365.7979
9557838.753989441,1.07671343110604e-07,422305054147.1807
9987237.561846718,1.07027773577801e-07,443044877466.0568
8905105.327272359,1.079748828577051e-07,392726824677.2993
8838054.680340078,1.077380200431891e-07,390340868567.8099
9916222.27257075,1.067878999759449e-07,440553060131.4215
9281482.56269653,1.067127362174342e-07,412546761811.5865
7406021.414405922,1.100266216806559e-07,322542126260.9281
7947556.418809754,1.089640042132385e-07,348373343534.2839
7319339.317786962,1.096042297495514e-07,319585454570.2408
7812674.141523624,1.097120123178391e-07,340902555472.0656
9001738.313872127,1.083431909967111e-07,396088258502.84
8368619.114991573,1.086453859877159e-07,367547052161.7668
8730726.606591536,1.096514143797501e-07,381101709595.0728
9203447.213816643,1.085808265217822e-07,404372640231.7548
8411947.584964739,1.098875507398591e-07,366660586560.1495
10183701.28136291,1.072184873248201e-07,451224356749.4049
10645224.45972192,1.065786211114678e-07,473559723612.8439
9944397.076011894,1.074337376798853e-07,440032411946.3071
10012195.39695243,1.056051151288573e-07,448132058653.2987
9332070.507580806,1.054403549973327e-07,418125612964.1757
9400260.334489983,1.060183835748211e-07,419648584307.636
5514081.13316205,1.168653291938251e-07,230683231975.2314
5357846.712190801,1.181531839655624e-07,222515361431.9855
5152142.185566651,1.178640551881044e-07,214322082458.3096
6138824.270233357,1.126470369168263e-07,263191597306.667
6065538.34169253,1.131967605927741e-07,259206976685.4186
5910325.777261112,1.141464629956067e-07,251171165419.4046
6885397.553036232,1.112263579908481e-07,297708025912.1187
6380649.219168472,1.119485815509142e-07,274696086879.1759
6308091.821341074,1.126092124620789e-07,270509211736.4192
7055136.457091209,1.106230010748213e-07,306155308345.4243
6970538.820164153,1.10198947019365e-07,303259713525.421
6544086.789209775,1.113463129924301e-07,282747315232.6466
6433600.411917741,1.114051350119025e-07,277875726206.2744
6856494.194419719,1.102596524005936e-07,298188598135.4685
6601830.625361621,1.108600514514394e-07,286075716359.853
7575679.369073301,1.109047669629533e-07,328187052176.8622
7185639.057297232,1.109642299324295e-07,311178843631.2355
6595608.189075562,1.123493918063301e-07,283274641147.7156
8169634.630205757,1.099880412926394e-07,355881699093.2434
8949909.178893143,1.086822827914354e-07,392988154782.3445
7764394.437197242,1.100472810833388e-07,338107427795.1733
7689871.273510681,1.079995834859215e-07,339081698167.9687
6979923.52101901,1.089099566672636e-07,306059318767.9619
7184129.505320046,1.091873984346205e-07,314479596568.9955
9785236.621710543,9.884821478346959e-08,457711803120.2982
9550554.907016259,1.007019434583862e-07,441235084370.414
9656319.459342591,9.997280693790875e-08,448287918254.4879
9391957.573796209,1.155339152177727e-07,395928223636.1916
8497098.966210514,1.152148213712529e-07,358865555445.9678
8866235.207322259,1.143667018936167e-07,376304591018.7365
7125823.483797378,1.176837122800405e-07,296727287845.703
7801271.078083427,1.162341513756171e-07,327548943436.235
7635907.417196127,1.173700166788194e-07,318534059588.527
6785398.937087877,1.170020198602533e-07,283648057404.5014
6364287.054407389,1.179570674726673e-07,264606463518.4399
6308943.958069687,1.175945004305332e-07,262844359648.6309
6584223.769947916,1.184625912751791e-07,272971368350.1105
6360995.664379557,1.190248118209755e-07,262885579620.2745
6335494.419028536,1.185227310898993e-07,262570589479.8266
6962564.224759936,1.110015611572999e-07,301450833965.7578
6627208.770573986,1.110115837853662e-07,286914030356.8132
7070274.30329933,1.100605212299369e-07,307856659890.6996
5479118.823547497,1.160660755766011e-07,230271674284.6227
5708688.038680695,1.15169315511801e-07,241163616017.594
5714941.406651205,1.148863029359577e-07,241824118169.8891
5911023.544800603,1.141849456300362e-07,251144375446.6656
6068366.068894894,1.133488846338632e-07,259095738943.194
6139535.39763251,1.126845935024167e-07,263163596333.9004
6095085.609722364,1.206453996778678e-07,249635281783.0028
6236653.208054602,1.203752141279694e-07,255815514953.5608
5839059.114049613,1.210816577413397e-07,238574469337.837
5655435.216135797,1.208720820108965e-07,231338916189.6253
5948815.573457116,1.207646468956638e-07,243484112119.9237
5695912.955578682,1.212130406017487e-07,232557551776.68
6324079.394854595,1.196230251167014e-07,260487843043.3526
6491202.491230181,1.197551198248396e-07,267174966707.3042
6242927.931659256,1.202294861207182e-07,256279771175.9839
5898639.886048303,1.211035368236294e-07,240979814222.0161
6298224.004723792,1.204058787894469e-07,258297166283.287
6340379.03924683,1.207533417571754e-07,259526941902.2434
10287642.24974215,8.234063586996657e-08,543550261523.3863
11066486.60729445,8.340873160707204e-08,579698377455.5472
10796735.48457368,8.604281369219343e-08,553965509064.1661
11073179.63420431,8.71623579933818e-08,563273990881.4237
10801085.87612677,8.476977768485263e-08,559723304647.5326
11182201.59037014,8.348632527966561e-08,585396902688.4004
11985141.75365031,9.436647749850845e-08,578226527795.2725
11431613.99990335,9.050446397029313e-08,567101615701.5867
11803796.22995512,9.060095936750109e-08,585149052333.696
12003201.6096192,9.440893935796442e-08,578924178879.39
11875568.83407711,9.077084899660412e-08,587972241074.5222
11449252.04228717,9.054695088691432e-08,567798920416.0063
10431088.62885234,7.650204212837013e-08,578825448032.6476
10419010.2298534,7.496396861377315e-08,586036614777.6605
10240167.41315005,7.560156508719163e-08,572734308360.7123
10759680.35352319,7.740304337676256e-08,592416771477.5142
10515791.34486013,7.711107968026639e-08,580449049305.9965
10324092.96289238,7.621215859371919e-08,574340001251.4603
10769859.57337485,7.903827982139125e-08,584769959443.3789
10947724.68072782,7.712414092684943e-08,604222612014.9391
10642214.58259053,7.762088123210226e-08,584852430201.1503
11061910.77140847,7.80115816511255e-08,605885783387.3257
11520364.44265621,7.900128142867579e-08,625715328434.9343
12312804.19366512,7.849669017606026e-08,671618643224.2888
16240151.35838806,8.331666564373426e-08,851338260782.4326
15033101.73858056,8.18618224915227e-08,797372017161.3848
16299911.27713696,8.416511873784371e-08,848718782720.3912
11920403.32625924,8.66598167214314e-08,608712807008.1473
11657693.94636545,8.288758413384461e-08,613224731328.0237
12343478.76360287,8.227945022170771e-08,652494196747.6082
12641852.71674084,9.316273508486732e-08,615152187734.743
12314758.98567257,9.00072592983554e-08,613160577784.5326
13361611.7036218,8.874083202220462e-08,671598703725.2733
12518975.95503051,1.018820002396276e-07,573901240386.3771
12706078.91178066,9.750481397961782e-08,599783033174.1179
13479754.28185363,9.857764694628384e-08,631678861802.2787
12221366.95244013,1.017278965458703e-07,560823763923.674
12265693.41943161,9.796129627596524e-08,577194817632.3829
12406240.86519409,9.735102231300087e-08,586245961932.6849
12359422.77812751,9.484039445098936e-08,594295744754.1914
12219141.53478128,9.545062341866711e-08,585043532160.1327
12036027.54441546,9.168499628291419e-08,591949046222.8989
13794118.78760442,7.969094451834966e-08,744882855938.121
14412930.52466378,8.074091648414214e-08,771536559422.8026
15595306.01679488,8.220794144377917e-08,824868499576.6001
9910159.361234043,7.653839769142765e-08,549744712310.7784
10230274.15541685,7.705800559674258e-08,564948373492.1709
9720431.418879556,7.61865345610545e-08,540878926259.857
12150853.2832255,8.011721221734463e-08,653817023659.1425
13032942.42322298,8.136403573415345e-08,694098046426.5902
13564450.9119221,8.066204070773806e-08,726589997228.6635
10939587.32476719,7.869627759295058e-08,595705320738.5411
11181013.63282276,7.906078544821403e-08,606979132468.2212
10729431.73601277,7.805926537985655e-08,587435805862.7251
10073219.03007532,7.805512924209637e-08,551527678545.944
10660306.64134663,7.844487774095154e-08,581736933010.5303
10452864.05756325,7.781063827364956e-08,573512186269.4794
10131785.23622951,7.877805738125166e-08,551335297054.1643
10692514.8273679,8.072195980438321e-08,572469117234.4309
10720552.91972134,7.917082420800694e-08,581442903288.0748
10282086.76372796,7.877448464134674e-08,559531082727.4418
11071357.25382042,7.906624857678979e-08,600998575464.5256
11118327.64615836,8.08144644069785e-08,594812475513.8241
13309095.77782858,8.363217010113907e-08,695931198651.7333
12880374.57161793,8.612260444660838e-08,660465884416.7892
14213742.17289247,8.599387017937631e-08,729564068829.7168
7915768.370400177,1.175883387402135e-07,329799688376.0908
8063304.314337675,1.163717194534342e-07,338283968260.2337
7742721.862625784,1.168917651763951e-07,323870243153.3245
8616636.666013189,1.153405838255687e-07,363649518646.1754
9127097.936509782,1.155211898861795e-07,384791031897.5764
9327151.583665213,1.138056240368847e-07,397167056805.9651
10978766.64691057,1.038363624041406e-07,496959019587.1478
11725613.97062426,1.001758020206695e-07,543617847827.0104
10988365.14714563,1.063163420454306e-07,489628172948.2291
9626982.664239282,1.120004486151161e-07,414327425674.2504
10109653.27022999,1.08248361379845e-07,445097724097.1904
9711384.058782529,1.111993678813875e-07,419964825571.8109
11680552.56698881,9.817929455691629e-08,548845511346.8795
11902302.61110216,9.814175950102545e-08,559407684544.1603
11149757.126406,1.018022081629205e-07,511399864323.6362
10162621.87602409,1.108058288860162e-07,440518375543.8455
10469495.60966443,1.100721124406883e-07,455834884610.9572
9313390.38966231,1.123969234716552e-07,399887834168.5084
9509887.17536542,1.128687956448819e-07,407185937194.5704
9860833.635690987,1.117736953704178e-07,424965713337.2466
8792308.70425716,1.144049624683801e-07,373083766662.3886
10302820.0885337,1.109399669811378e-07,446235476577.6744
9750855.730871772,1.127061766772095e-07,417905017901.8594
9546284.276966887,1.144225367617402e-07,405035710520.5951
10785882.92304158,1.089877154683394e-07,472720027623.9016
11473468.31017117,1.066136538743128e-07,510292871967.491
10220950.88319588,1.107539022116265e-07,443185228504.4196
12543507.18180995,1.033455807072343e-07,569583906017.3738
13505208.99093013,1.000418638551673e-07,626681382689.3257
12805078.07457141,1.033628557130462e-07,581396702723.8021
14149359.06503088,9.686102586800284e-08,670868486068.99
14705326.41790947,9.415022170759039e-08,710548572149.4524
13423881.80030755,9.483593174219183e-08,645499894849.8246
14065724.0852584,1.000339249379584e-07,652725462381.6967
14823360.241224,9.584921543745996e-08,707762619285.8534
15199937.8850347,9.609454349854347e-08,724507125675.5952
15698536.789652,8.392261429529955e-08,818979766422.7644
14455792.96544548,8.16156782033597e-08,768291786675.1968
13906927.43350698,8.231251693433243e-08,734943467526.3724
15374282.79073346,9.293077637364439e-08,749356516216.7926
16273190.6736527,8.836119233935874e-08,820285437110.7832
15757751.0175967,9.318546421306463e-08,766647020281.1902
13344281.22730901,1.032232851210871e-07,606424494704.6196
13698493.19944974,1.018771235596999e-07,627993307517.0133
14818091.84787309,9.793825750966191e-08,697414062962.8296
15917666.17439496,9.336857845734905e-08,773414353943.5359
16313740.73335258,8.83953790569792e-08,822117414333.4729
15413697.68456096,9.297532336491184e-08,751037643179.2867
16199756.19430769,9.156766576164682e-08,797407622725.5024
16538996.70198859,8.57520848163595e-08,850509891680.3102
16599303.45178412,8.657974171902156e-08,848162382977.9642
6534690.412953808,9.518894867791382e-08,313449318884.4473
7037929.527328193,9.67729900455437e-08,333894147826.0399
5880385.119918365,9.517704053193884e-08,282087801161.2779
5347286.388388977,8.712655425466273e-08,272081962936.8998
6106738.756624035,9.246063022947417e-08,298656136002.1008
5474795.716617461,9.258770154663164e-08,267505295351.9432
7594909.147347135,9.633221525485131e-08,361416701625.5591
8169608.688879836,9.591690714455585e-08,389886152517.3864
8100413.396103553,9.688214931962212e-08,384011891540.5106
8409616.889233105,9.345739317574443e-08,408351137234.5767
8246692.996173629,9.506046378597632e-08,395925257591.8175
7669239.21201318,9.547810805786642e-08,367127075127.9917
9000456.922872823,8.950564418714083e-08,449811901935.308
8530957.930745335,9.168049128826709e-08,419578454616.7774
7536126.634079872,9.221471462786787e-08,369216728478.1315
9423432.560243439,8.938106222078972e-08,471388285638.6047
9144213.23973663,9.151826099924854e-08,450271548237.9864
8942882.13912214,9.150884587380873e-08,440387978303.9216
8992371.957714681,9.349611532298314e-08,436527778003.6526
8982865.162828615,9.557916202773722e-08,429707303310.6534
8626117.141799029,9.504286319762237e-08,414192608241.1654
7156893.644211199,9.368966639553559e-08,346947238430.8618
8127156.586558795,9.30771731605252e-08,395709524999.7623
7399607.791293544,9.516352123151946e-08,355000010100.8715
5444296.320518006,9.193838496172375e-08,267266078344.306
5306345.10878244,9.055540281880962e-08,263139420492.1752
6192133.45831017,9.24013229965852e-08,302962015800.0719
7470431.301082334,8.920896413556808e-08,374173774798.4752
6179435.043008201,9.343558305595673e-08,300105465405.1522
5860723.391121541,9.811630011809485e-08,275501382455.0707
5192957.497923194,9.119774091133202e-08,256305965512.744
5170705.360261196,9.504315159079998e-08,248276666319.3495
5876071.386927474,9.244738894845371e-08,287402558662.0625
14844915.85055028,9.601303629515727e-08,707985349476.9083
13090086.66384313,9.73873041145135e-08,618406851531.7866
12706977.08612449,9.814210539683951e-08,597225945224.3091
16312423.85211811,9.451784075140924e-08,786157031043.4225
17208860.90215376,9.283565270390061e-08,839348388188.5024
15714258.67061722,9.52173470942815e-08,753615541737.2964
13108755.06524418,8.966736223423138e-08,654342585999.343
13737438.03413924,8.859708189764883e-08,691235659641.4597
14309414.99882219,9.04021816639099e-08,710399431026.6235
14021393.14269735,9.695388791035162e-08,664376629529.9393
12283753.26577959,9.843043694155385e-08,576206485970.7655
12847710.14786944,9.763195368399471e-08,605942028978.079
15398332.51781222,9.553809761993531e-08,736810773768.5153
14817327.2660741,9.623279051808407e-08,705593362613.0713
13610073.72731246,9.690841721258249e-08,645088764085.7775
14841978.41267827,9.585528078447475e-08,708621676501.5269
13641508.09258317,9.792972041151531e-08,642075416148.8474
14713908.77694491,9.650264355061795e-08,699361819337.1024
9598018.909442965,1.12842542037526e-07,411023223090.6927
9247746.165853044,1.114285436094824e-07,399366468360.0818
9482881.710915597,1.115663864887686e-07,409183477150.012
9900893.27646024,1.154315317098188e-07,417629729447.0714
9837377.789322861,1.142741416349666e-07,417747671901.7175
10022500.97867998,1.146970892910328e-07,424562054413.3104
9010492.19306417,1.132548474587863e-07,384926060600.2036
9130009.529463414,1.118521581502581e-07,393285847764.4767
9478066.191039957,1.132633831888953e-07,404880366453.6201
8919598.675620588,1.105416461909988e-07,387252915243.0173
8436626.918495819,1.103721225374598e-07,366659195631.8669
9004221.812355289,1.095423292263981e-07,393300837177.9282
10250966.79084488,1.05947202357556e-07,457830967075.7943
10801416.41463145,1.050374236496645e-07,485196882778.3587
10568313.31870652,1.066086256174748e-07,470050065249.2394
10162253.20786679,1.042311151060531e-07,458836990365.6319
10698031.30799942,1.044434416342477e-07,482373100773.9241
10150256.84353422,1.053485099324849e-07,455048932965.0036
8770907.544914255,1.073369719414502e-07,388339565349.7325
9593400.602933461,1.050530806221887e-07,430890301042.5533
9257551.651639011,1.065100656483505e-07,412004894719.8795
9876568.826688059,1.025639899285572e-07,450757356184.1202
10665797.35965971,1.003714730201078e-07,493840226390.9241
10100913.82414916,1.028706114743547e-07,460079749772.5184
10042939.68280671,1.066768697781385e-07,446492339324.1266
10357074.35278845,1.073485682903104e-07,458535456071.3702
9959940.9878946,1.079759156752563e-07,439243659802.0584
11422542.87925128,1.050780628696268e-07,512965422725.3348
10943665.58459957,1.063092935423775e-07,487657968755.0203
10829435.26134056,1.0669706112123e-07,481397877586.3846
11106107.63825074,1.04719756213032e-07,499891934759.6251
11463916.97311216,1.046821584293241e-07,516120670607.6827
10869721.86054742,1.062946999007124e-07,484407313259.4487
11559589.50627977,1.020895979816015e-07,529201926286.4288
11556537.39428237,1.029941830878616e-07,525959855500.6636
11695202.80581451,1.034975226335192e-07,530543650123.156
12036073.75057123,9.936854480415973e-08,561029313629.6697
11837864.20624494,1.004719139009626e-07,547743085169.8142
12626735.14482375,9.903987815598739e-08,589862797230.9773
14480831.56915813,9.440533192594455e-08,698440079550.6243
15372464.36190939,9.518644677433415e-08,737383504417.9449
13813527.03640869,9.698373700539334e-08,654392990963.2848
12418361.8992369,9.646893394257412e-08,590390452734.0822
11585826.39206362,9.570849867959433e-08,553723999797.1951
12101844.88594306,9.424394745236939e-08,584362856227.0477
12554483.04410512,1.000367720586066e-07,582584672926.2317
12781496.8039536,9.824028689238627e-08,600328047760.7827
12924725.43345299,9.872745337207683e-08,605056646648.46
12357648.68313813,1.00631502333303e-07,571189050480.1715
12135148.63333,1.011072153598618e-07,559143997508.0247
12582883.80916848,9.883544042020294e-08,588624568502.3523
14929729.27662276,9.011809057872042e-08,742752197044.8217
14345361.12420527,8.830922936758931e-08,723392645087.7512
15563732.40125077,8.852225919484065e-08,783571736031.524
12293597.67621264,9.834403524938777e-08,577005978912.2205
11598867.15417596,9.984919203460199e-08,538913675428.3541
11922414.39934545,9.910432832004391e-08,556718685440.9283
10415944.45412899,8.383473612146556e-08,543770931203.0856
9250398.550339578,8.580887420487405e-08,475487358546.3756
10299526.12101606,8.297469136935004e-08,541402362107.7241
13995408.17303017,9.428557170913627e-08,675598603557.3318
14025616.49476198,9.343139213930572e-08,681177163463.1801
12666318.11298843,9.774716329271122e-08,596917460462.3313
14049739.30016719,8.502388241940995e-08,726620496617.0345
13572664.69660541,8.713433297713693e-08,690566616265.9054
12557142.11081686,8.773944762916728e-08,635956697331.8163
14174072.05960284,8.181456051031809e-08,752097655990.3359
14336416.2603236,8.301959115682888e-08,753332797381.1323
13345197.28273334,8.307488960874025e-08,700936189248.7391
15051670.56976801,8.148353868635327e-08,800825911881.4648
16911121.26358929,8.182723298279985e-08,897236969830.0302
15218951.03334669,8.271813180407367e-08,801648974828.1312
17187434.71717402,9.200617788856151e-08,843334243490.0686
16291563.36864906,9.368732794482058e-08,789784962047.8174
15632441.47848355,9.189839906397192e-08,767635140910.6224
16277533.4004474,8.916540161305376e-08,815563313762.6709
17183831.49025544,9.087715349138906e-08,850126449454.1949
15629005.12063717,9.076818823507106e-08,773824048237.3563
16874653.96700144,9.174312737479431e-08,829569001912.3988
16017577.13618182,9.371449820081851e-08,776352521824.302
17387015.29043454,9.198168826350567e-08,853278464959.4049
10968590.56716935,8.911812273883289e-08,549760423668.4805
11348311.54516807,8.935278919512475e-08,567796233707.4769
10537296.31584597,9.122108901120996e-08,519994828497.2657
9087628.519647073,9.937372452068778e-08,423580723204.2224
9111568.405467337,1.00985297691951e-07,420166129403.6125
8882944.036581855,9.965254621491516e-08,413267569579.7409
9274641.107907513,9.454283315920568e-08,446901046218.4252
9173818.94170092,9.742443038101671e-08,433282931442.3367
9149682.898244031,9.629789821781327e-08,435506696579.538
9429906.82243092,1.004373861896191e-07,436425850372.7513
9248499.593345707,1.01204068735533e-07,425865671146.7182
9224380.372834286,9.958673900432725e-08,429341492862.488
9771183.202054298,9.720485642748535e-08,462191386146.4786
9560488.637857478,9.944123138866464e-08,445419364523.054
9353536.24171545,9.857281225435392e-08,438333236303.7025
10907791.5465045,9.255396619337307e-08,533097697726.0003
10229760.08160144,9.471582769599442e-08,492323321742.3907
10305491.14550764,9.296827114093103e-08,502163941702.2625
9979155.762587791,9.729461044350537e-08,471738453681.051
9651974.72580375,9.974666031072638e-08,448763231731.1515
9915986.504062748,9.701943435741175e-08,469638221606.1249
9202079.248021008,1.026755822552635e-07,419669930380.6115
8852687.566244917,1.046629598123258e-07,398608414555.5958
8798641.128382247,1.043000273950801e-07,397093388366.8043
9824042.077758122,9.767287060834998e-08,463206074444.2684
9561265.430698136,1.003922019645337e-07,442638027104.8799
9612775.286675466,9.989683912439941e-08,446492627596.3502
9532167.891906239,1.012393789901133e-07,438825680241.9348
9427087.326100774,1.01966531963399e-07,431922436563.6356
9290135.365191044,1.039083870670698e-07,420327985568.2623
9922966.34909879,9.797995387714792e-08,466892285512.6751
9692894.191891938,9.9745430238194e-08,450669464798.719
9596715.42547339,1.004263745510921e-07,444178391355.1815
9999047.567221018,9.73717395746217e-08,472429144614.2002
9897748.576254714,9.801048159766504e-08,465609038291.3956
9768089.928538911,9.914221246235703e-08,456006022318.2081
14303741.1916165,9.44969387314714e-08,689452711245.7964
13480578.93749569,9.697504280547027e-08,638658294915.7981
14725563.7415456,9.526251978519033e-08,705977001596.0613
16518616.22182195,8.922617254176251e-08,827266594103.8829
15261747.49309395,9.206792048465447e-08,748511897632.1923
16545944.89686235,9.086288844540584e-08,818654301278.6917
9246623.190632537,8.495890572464404e-08,478458072864.2189
7890385.539148054,8.463250243828146e-08,409329868455.5656
7028441.29170044,8.432258757219693e-08,365507594227.0729
14374697.04977671,8.02980902810482e-08,772316339074.4421
16823713.43286654,8.006302376229587e-08,905664205257.6298
14865420.4794837,8.066199144518338e-08,796277733083.4957
11837068.88424243,8.250043860880204e-08,624606745273.2606
13148643.29475546,8.093908579509897e-08,702708835026.9708
13618152.39671511,8.124035180148282e-08,726000622364.8336
16234707.48087739,8.061543094096262e-08,869959459122.9344
17206564.51950279,8.199090259540538e-08,911696713091.314
18421575.91201727,8.109584280959034e-08,983243428045.2092
13481207.12294801,8.617905428488008e-08,690972821383.5582
15297790.2735384,8.403490881705253e-08,797362023127.2244
12008916.60867223,8.618384892479694e-08,615488446870.5157
18480169.52834317,8.528995744950742e-08,953763472647.4191
17823996.28902318,8.601338008196247e-08,914733125725.5544
19015834.79857758,8.287278686994352e-08,1000400960411.125
17766745.96566519,8.295919644697238e-08,934038694592.9407
18465587.03307775,8.451567343284029e-08,958822642171.1207
19001042.42785987,8.210713599141922e-08,1005827468991.663
12088381.7277078,9.225710885372378e-08,592063477939.8552
11673359.70021881,9.161156968418072e-08,574419249211.2966
12260206.08182636,9.06421101017503e-08,607590673569.8019
13263854.42572417,9.742483902065114e-08,626455099466.0295
13118753.69019598,9.694247916655131e-08,621655571196.3813
13917905.55283802,9.484286918432113e-08,669222852148.4363
10844961.1759482,9.600360555960699e-08,517252945372.3795
10224641.85332662,9.696141225490323e-08,484449839419.5078
10575541.46576078,9.523425607767417e-08,507115809439.2892
10942794.29718127,9.070390880611186e-08,542056096661.3412
11436568.34432338,9.182652762594964e-08,561888687204.5479
11400622.33265479,9.371617664935136e-08,552567728783.5061
10811714.91798282,8.897065513770077e-08,542496232843.3242
10642024.78102304,8.96811690565626e-08,531157630999.7719
10505857.0039645,9.146180867785177e-08,517533295100.598
9906368.942357434,9.219827068303943e-08,485399489037.3239
10085304.15184328,8.928902514798453e-08,504843705678.8797
10213414.12356855,9.202858509775061e-08,501059281873.2513
11003692.11665502,8.431404074546935e-08,572275510472.1393
11183868.40566777,8.308204099906264e-08,587381968517.3918
11020422.70031612,8.622150271432132e-08,564661088343.824
11172512.72186563,8.344613236883581e-08,585077480983.2633
11130857.68955612,8.505918597653404e-08,575503296283.1274
10837911.71734456,8.729614059266639e-08,550742907787.8373
10937609.77265957,8.928547223131551e-08,547522399871.3948
11379462.17607993,8.805190838238959e-08,574948865384.1375
11431268.12546458,9.040930031095568e-08,567482324894.1385
11922059.56002819,7.959093706566206e-08,644330775397.0101
11407587.02953902,8.142313536459936e-08,607242150412.2201
11225610.28748859,8.265671704918329e-08,591595042949.3143
12016067.41117702,8.128306728468129e-08,640367034804.7206
11984268.21865441,8.186252969952388e-08,635654920339.2471
12500163.82280775,8.350717429184347e-08,654284320063.4904
11860335.7869906,9.507111579278831e-08,569374383635.7202
12238620.50778083,9.318546161519998e-08,595434088820.677
12449820.83284738,9.612202172691922e-08,593309319776.8777
9437738.250753289,1.141394961066582e-07,401091964164.9993
9832059.87961545,1.124539780253756e-07,422015076212.6818
9943889.697764546,1.13123321990502e-07,425129783395.8337
7391617.356465201,1.078613419243529e-07,326208743296.249
7571206.42607862,1.103389111272795e-07,329113697704.857
7264384.035771485,1.107740788492284e-07,314948852581.4719
8155273.841128187,1.00675665953574e-07,376838738384.9089
7907150.013639739,1.016550822422909e-07,363022810072.3686
7550650.003188078,1.032209186995652e-07,343140931899.8635
8758296.354933916,1.057862576044869e-07,391561635737.1587
9516476.229226975,1.043606164865867e-07,429323910532.3644
9080546.482817858,1.07507254870243e-07,401624444168.8721
11515628.10880829,9.710246168522409e-08,545089066683.1329
11574005.6114851,1.009853899006423e-07,533717353898.7959
11374892.43712139,9.847650823347141e-08,533407197137.244
8998119.42963344,1.126126011614453e-07,385857630564.1902
8608235.901921386,1.132664002910417e-07,367716762406.3099
8755152.011091853,1.120653928059112e-07,376659864431.2388
9266160.860032825,1.143088772956633e-07,393411027356.0723
9248777.411908824,1.138024945608015e-07,393836962174.6382
9656918.524931161,1.126236430583595e-07,414081206136.843
9870958.14726731,1.131456803671501e-07,421956153782.3307
9650023.603416322,1.141102716562179e-07,410183842777.185
9995109.885628005,1.132558518239218e-07,426986167358.4528
8469909.810129168,1.194055764092155e-07,349297689497.6122
8486062.888907114,1.190462460208155e-07,350667708935.6741
8522305.170907401,1.195014822435752e-07,351270398572.6492
8125568.083381672,1.176616980368458e-07,338399977757.3558
8258362.099332805,1.181642526822359e-07,342954505550.7277
8203662.352601351,1.18307084089692e-07,340408668103.4224
8156543.730105535,1.1760435834036e-07,339800404195.2511
8149404.610682542,1.175260461323367e-07,339653788886.392
8253696.636491888,1.179972021249127e-07,343084182541.6649
8244142.423957985,1.179860422044503e-07,342708648147.3277
8111463.246588251,1.174827214158707e-07,338155565250.7957
8147045.930885712,1.175931944775624e-07,339426208165.4117
7543108.932014145,1.187995899784787e-07,312133525991.2966
7653972.212877422,1.184061497535736e-07,317422256791.0319
7574660.737669922,1.188347411538881e-07,313377325366.3313
7476189.536735681,1.179131572026107e-07,310912935412.2073
7590739.782648795,1.174678335202035e-07,316474069026.6804
7643694.644064874,1.179546642124863e-07,317804408113.1482
7348820.981192667,1.189993438056828e-07,303753499642.5609
7232606.885950891,1.186664342029007e-07,299508808105.84
7313866.761004019,1.188012249808504e-07,302644717931.0889
7702360.398324017,1.173395896431629e-07,321361707014.7521
7924190.863273595,1.17400944728749e-07,330501828331.0126
7755702.511020846,1.178273475616833e-07,322693641610.5633
7274694.769438993,1.176257986259483e-07,303025878691.3536
7497958.086763515,1.17385069591424e-07,312752723699.8161
7384112.737207542,1.17831595141104e-07,307225420532.9424
7322184.111988961,1.173512722709499e-07,305479527251.8335
7576418.036201053,1.167345268299146e-07,317198441205.6075
7546169.479288821,1.171109830155736e-07,315254627778.1678
7131510.509811684,1.189476840162444e-07,294856608747.3755
7120742.052264705,1.182033782672484e-07,295645991169.6053
7149387.573803902,1.180105239194732e-07,297158630954.6715
8756300.223016545,1.145352933295587e-07,371273901660.7202
9084358.518547468,1.132493246083681e-07,388094229264.4923
9032955.352111671,1.139730708830004e-07,384262818225.9486
8851941.232550997,1.172998720623671e-07,369408453635.9814
8629614.301019311,1.177834777215399e-07,359143879721.6422
8360808.864182481,1.174224868011285e-07,348669623418.8897
8550584.89362466,1.165462141906166e-07,358368951474.404
8831896.328855844,1.16990538153909e-07,369221347881.5677
8341328.290855379,1.171132034197298e-07,348469394289.7581
8866385.98021709,1.154835876904531e-07,373880764319.3707
8560642.483076798,1.160680448432692e-07,359775220048.441
8357504.878229487,1.162302589744503e-07,350911150451.8055
9092041.026581222,1.151807254580645e-07,384068049959.6608
9251018.16406884,1.150188226146274e-07,391150228766.4791
8782397.375537347,1.157653158258849e-07,369738018740.1031
10142675.44393631,1.16094473383131e-07,426198089034.08
10137146.81434983,1.171202255900228e-07,423475025515.3888
9505659.212787671,1.169011994986675e-07,397590741000.0106
9547919.294137398,1.152412753549982e-07,403184073895.0994
9993673.942531973,1.156246751706069e-07,421073740974.9667
9361430.233582173,1.164318383884276e-07,392609708977.7903
10230445.91946963,1.139205264877432e-07,435337997263.6334
10199374.5989878,1.139176766181087e-07,434023052261.9697
10296030.75623746,1.160887240625188e-07,432656406952.4657
10573506.48085347,1.12598921716135e-07,453450148113.8268
10324882.85832541,1.133342565077085e-07,440870459330.3283
10396366.57673906,1.144765531879478e-07,440964764082.9228
10685371.0680251,1.115231627358344e-07,461189654838.6691
10843602.64613388,1.101731491808214e-07,471834564915.0429
10435427.92048132,1.122584771249131e-07,448432931610.1017
10764313.56047123,9.509962529169095e-08,516654801239.7184
10134871.55648788,9.50978297023585e-08,486449594011.7043
10705404.71511837,9.09338327269448e-08,529402627908.4092
11632162.44715952,9.568475110339609e-08,556030529425.5995
11237381.69944592,9.54370501990964e-08,538088604046.8566
11569811.51811648,9.203420707499949e-08,567579586566.8676
10326362.94922981,1.067006863406555e-07,459024546451.4481
10486775.1185874,1.058083890872822e-07,468772241314.6423
9923805.076373998,1.09651520438506e-07,433180056140.0086
7290300.176564416,1.192270165428632e-07,300950886031.6464
7076253.129917928,1.192627545728862e-07,292056450507.7896
7264100.496036361,1.192717704818307e-07,299794319680.6466
7381113.744982482,1.189767835279029e-07,305126842858.9323
7123550.705221687,1.192191739956412e-07,294080197203.2057
7298294.440237002,1.18907754501165e-07,301819940085.9194
7615246.729110753,1.18370776261658e-07,315879165236.6762
7504665.286095732,1.187646893741628e-07,310603564693.431
7421153.759732864,1.186956803145607e-07,307266221988.4025
7463857.683192156,1.190945536117755e-07,308343938914.4088
7213335.570346734,1.194452323148696e-07,297410928908.1047
7432537.741228017,1.190587374090937e-07,307111638267.892
6547295.783243359,1.198909110878474e-07,269280220463.3714
6653616.816555791,1.196846967225207e-07,273967283602.2988
6827626.062717464,1.19555401302707e-07,281334888858.7734
7809637.058428489,1.154050181304993e-07,329468871811.6663
7617016.657175882,1.159031569558449e-07,320421312528.0081
7869725.623279764,1.150141916717349e-07,332755546604.1334
7261324.32026678,1.172734887231936e-07,303074411972.7321
7300551.13544492,1.167970403190114e-07,305539775671.4462
7514508.51607722,1.166555160071892e-07,314748542907.3099
7558187.113957834,1.161978159109464e-07,317408823965.6941
7572724.735907189,1.165815691747276e-07,317321067317.741
7809926.275777852,1.153075741884644e-07,329666671922.1042
8257614.317590929,1.142494944280032e-07,350712897006.5945
7969333.694309731,1.149920487650506e-07,337010530185.5018
8030032.344261328,1.146005584260653e-07,340350300722.8298
7206073.714243189,1.179820178389711e-07,299562988126.1194
7322558.508552815,1.186953946115436e-07,303184460470.1696
7387558.169480393,1.17154252281592e-07,308552362348.0329
7284026.316330853,1.1213153518343e-07,313246572324.0515
7591258.950500332,1.11696334707239e-07,327306420668.5856
7471030.204009785,1.132888580333677e-07,319096734234.8275
6975190.092567589,1.193393902799198e-07,287762040712.5542
6898592.64855601,1.208506519683346e-07,282224363864.5272
6706985.5747165,1.214316083232568e-07,273509788803.1448
7085910.21248477,1.106966925721807e-07,307354244419.1627
7185776.463357478,1.070278032468369e-07,318768913289.6046
7127289.946170296,1.106787041750468e-07,309182603271.4192
8600417.311293682,1.09444998020657e-07,375885505754.6241
9179522.239290569,1.048527881576032e-07,412825728644.1058
8183577.988573175,1.097638607970648e-07,356974320816.1091
10569602.76436361,9.950706516916993e-08,492216370778.2393
9912314.82234947,1.018771503781131e-07,454419780874.3922
9237132.391624076,1.013655555510886e-07,424890379969.595
7183038.516849819,1.097011422018162e-07,313449389936.8792
7241752.858357454,1.060526137174712e-07,323218429090.4907
7309560.562825416,1.067908429186057e-07,324739605764.2192
8943911.23559681,9.749002767582048e-08,422234793718.7599
10260956.54839283,9.367495550963657e-08,497476058617.7836
9186982.830453297,9.527980403931004e-08,440391574179.0737
10343850.0198951,9.865043842793413e-08,484487825615.2185
9026168.133156419,1.005083422858253e-07,417543773964.1921
9052607.979599552,9.844936055528495e-08,424585456491.896
8218186.800884875,1.166295270398639e-07,344273556212.3965
8148281.11232647,1.166776437491119e-07,341251238939.0204
8149252.898938177,1.171608548200908e-07,340352888865.8221
6389006.929255272,1.196497516536492e-07,263123007685.1316
6563048.081179547,1.186992456868792e-07,271731683762.5016
6558124.932740445,1.172781392040724e-07,273716918042.1245
8010715.33185236,1.101007686040732e-07,348720703212.0881
7980087.675043623,1.117478539172048e-07,343965487247.6484
7839029.249310711,1.109821452215715e-07,339437803219.389
6883499.060520362,1.221278335155873e-07,279640125783.1174
6956167.078131909,1.233143553284421e-07,280776601735.0743
6620580.078239993,1.239214996163759e-07,266357503671.4096
7311393.109149402,1.18470377307276e-07,303105363038.0699
7036648.471844711,1.204721061990011e-07,288475003221.8274
7031374.620784177,1.204848152204552e-07,288238524835.6533
7262130.304257901,1.200610383067772e-07,298398045319.2249
7226991.774459756,1.210556107695918e-07,295325497970.8035
7065866.342517015,1.209054418632567e-07,288980265478.2527
7220582.88820113,1.221222133184478e-07,293343056822.3425
7296995.93525486,1.221658706377557e-07,296376779597.5444
6999978.339520736,1.241373546845051e-07,281294800807.5887
7025428.149933468,1.215811148111021e-07,286260911006.0687
7186094.459784552,1.217324559805397e-07,292564750281.2962
7098839.549910947,1.227668078600236e-07,287386734621.4761
7197538.805118992,1.199118183727184e-07,295989307424.7509
7333742.047320843,1.201535992335072e-07,301185764013.5214
7267811.983381808,1.208745925662715e-07,297290023186.0075
7869777.198217174,1.053651809333114e-07,352774912123.8946
8376017.858189701,1.022650953740587e-07,383018110482.1989
7585574.601399302,1.042813354644997e-07,342387126893.417
9697296.300222995,9.306082646796126e-08,472214583705.8275
10799882.07500914,9.145720286191702e-08,532035245287.2496
11041104.3571614,8.86169018907568e-08,555479632584.9276
7955137.399183021,1.022862706786022e-07,363721903531.5347
8278589.674644722,1.024633640124231e-07,378074410760.5765
7666994.409634771,1.045897562599149e-07,345381479853.7945
7377025.057004973,1.043157661609893e-07,332900635210.0068
7729449.970301559,1.027491150122706e-07,352341011852.8211
7445461.668991238,1.050535565661446e-07,334414006355.9516
8439989.025860276,9.90896429830404e-08,394145318744.186
8676160.290436355,9.6877567707631e-08,411318979149.5504
8187537.963892079,1.000687942896976e-07,379857654265.1411
9962092.460035039,9.374403348371097e-08,482749105415.5162
9105166.26347952,9.614893081079939e-08,433835321277.9915
9658877.549001295,9.391343213122565e-08,467492719766.976
10209875.03324503,9.455594985984845e-08,491920043742.9337
10653163.72221037,9.716223396620485e-08,504057723596.8703
9342119.201118384,9.696139824708296e-08,442635414289.3474
8927325.194218334,9.840356264704517e-08,418839346812.6003
9119835.123952616,9.893212633267175e-08,426345900350.4298
10243190.68549856,9.458586926649853e-08,493421138735.3741
8575225.915138504,9.788645053036538e-08,403735727843.2338
8220738.96331741,9.976748199248185e-08,382165534029.8595
8710336.644103391,9.657736080278992e-08,413794504109.9736
7690186.820242701,1.030712632779103e-07,349820420714.7985
8485927.313632227,1.010555180300879e-07,391134344909.2955
8300264.75665935,1.005256267831709e-07,383920013646.2137
8058654.509434298,1.09078183800782e-07,352996667177.4055
9047186.943864359,1.041706035493869e-07,408648689693.803
8093871.904541902,1.067054954544587e-07,359775679770.0608
9777382.854633655,1.006313843933081e-07,451925648289.2316
10407463.79073464,9.801090641836614e-08,489585602906.5017
9319724.224231066,1.000643347672178e-07,432397844030.7717
9539019.982023688,9.231593985345217e-08,467002596101.4818
10872173.45321663,8.787380920392953e-08,550060007680.1461
10139423.23508686,8.848185638327365e-08,510634830047.5706
10665310.85484114,1.057960362241467e-07,476790126834.715
10319250.00017567,1.036121991172247e-07,467779163646.144
11185407.24901483,1.037509500163649e-07,506590544605.9444
9288602.054952161,1.117069079069217e-07,400464174392.8644
9204583.764092432,1.099822921087554e-07,400979629267.2294
9604765.79546841,1.108138836014007e-07,416316856584.4753
8667486.641953489,1.107203158034624e-07,375902289137.2382
8342799.056474287,1.096084445402411e-07,364263598461.0984
8826962.171357701,1.095441039411464e-07,385554042095.2567
8057357.17666012,1.141309317449638e-07,342444640958.7668
8078497.969113626,1.131137967487816e-07,345398330009.8814
8285323.329468812,1.137800182492772e-07,352857046859.9946
7731313.829449659,1.099000795946232e-07,336967460182.6451
7549824.483254181,1.07423737789428e-07,334095030441.4921
7901822.680928599,1.090200686475543e-07,346249891244.2454
10417354.00538561,9.114178341898171e-08,514374078431.9183
10287967.29926363,8.840237569083624e-08,518426211222.4802
10721930.1590948,8.865116953419812e-08,539282914237.9697
15428269.14200882,9.403564163229092e-08,746085978622.4729
16269639.10047118,9.206577621488148e-08,797956297651.7094
14996426.89816408,9.326941230165693e-08,729169175664.7347
18306157.91185096,8.276740251526189e-08,963882999255.942
18525775.17755067,8.380956834326356e-08,967343356574.0911
18558165.72207823,8.50400989989717e-08,959664015843.976
17597945.08340074,8.574015679797182e-08,905049728641.3168
15551213.21848992,8.971929369651964e-08,775961865700.3477
16786628.37141353,8.773260278041434e-08,850203326913.9557
15788549.19778569,9.027004439047639e-08,784596658239.2471
13068026.05433645,9.692735484785967e-08,619316167640.156
14461025.04082462,9.246425444482464e-08,707212340018.5839
18260797.57517119,8.171173990240679e-08,969758147057.2394
18375816.59532641,8.079612254783503e-08,983225125668.9152
18480143.391959,8.274010321521747e-08,973257960226.9006
18720749.39759856,8.26271966753636e-08,986827440554.5382
18615744.68713192,8.068948514582349e-08,996940221102.2008
19226848.61071409,8.127742426301753e-08,1024695475736.585
15596120.39845498,8.964995978341763e-08,778603789524.2494
17645714.05102489,8.567138240373045e-08,907992066673.0764
16973639.18712866,8.74562943308526e-08,861484732112.3091
17491062.56960307,8.681740122321109e-08,892096164777.6471
18351237.97657644,8.605946947880997e-08,941455053121.573
18319028.59828784,8.482442368069115e-08,948903020141.9169
10818902.34241559,8.718515995290778e-08,550243374010.5402
10382961.23432302,8.693736217174598e-08,529074617534.0878
10802325.49130563,8.527895526667929e-08,557557092813.2253
