8294945.040987306,4.708026502346939e-05,6361910869.008083
8061398.694606555,4.672439066616155e-05,6214143859.045479
7669195.372662699,5.09803733177445e-05,5578033617.137383
7250778.480190136,3.357736755969672e-05,6966589281.738725
7325190.565525228,3.658880117744103e-05,6646405087.235783
7453988.180293751,3.676012039358901e-05,6742238062.966497
7422304.819758102,5.200884422242633e-05,5327056678.16626
7808222.852637229,4.774732221825908e-05,5932706354.786058
7291796.505734188,5.118440246160783e-05,5289436995.338394
6347034.180445241,3.191049534459732e-05,6308824891.772711
6389966.229230473,3.38332572943269e-05,6108520306.714736
5807240.794927868,3.035177860623099e-05,5968250875.949974
7983869.391867694,4.299485323394039e-05,6505326669.61565
8141440.593757381,4.473141494685424e-05,6460897248.668222
8376135.263443859,4.508612148735694e-05,6612237293.545382
7771493.842897858,3.985228004873476e-05,6660943117.425181
7891486.122487733,4.177490781127516e-05,6554634260.669365
8281503.180429391,4.386442954752264e-05,6658363728.358048
7521532.771665104,3.950845011553815e-05,6484050024.228447
7926575.474851551,4.333629857547699e-05,6424673414.196157
7771107.675980329,4.160090047780539e-05,6472634826.954561
6803270.64819834,3.216593081281299e-05,6726466745.542995
7161169.228543117,3.544027500978789e-05,6637214928.315417
7087597.094002721,3.242882668145883e-05,6969659013.350149
8194586.375392789,4.4096254998409e-05,6565370394.023268
7325785.154767102,4.10284629182803e-05,6158344973.253195
7640799.588650635,3.975056597929485e-05,6560092013.125202
7431872.194157821,3.82904111821151e-05,6541914731.072131
7679967.282977165,4.038189533563754e-05,6524815523.858792
7561600.229499214,3.846098861657909e-05,6636413186.374219
6918950.166838773,7.012210819054117e-05,4068836383.598956
6628519.103376959,7.332455044463076e-05,3783701840.738556
6554015.583750288,7.20492820389189e-05,3785190121.673912
7654074.499878903,6.41008009489999e-05,4778780112.321037
7242315.752003239,6.738638206190247e-05,4373502328.118103
7139045.400943521,6.759186723855779e-05,4302397321.333493
7028280.98736922,6.583042149573877e-05,4310867676.098424
7598753.509502901,6.371631940608452e-05,4763306963.896772
7085621.479816504,6.720127036283041e-05,4286731604.999374
8294030.556085102,5.627002464689081e-05,5648254115.461815
8039615.702308901,5.984657508227601e-05,5254633400.859223
8048911.942979124,6.033407112464871e-05,5232333557.779182
6339035.157111051,6.678751991707318e-05,3850876723.538137
6248414.010207675,6.826672222675102e-05,3740793746.513534
6796139.608336461,6.806164887371531e-05,4076874233.747767
7513635.395078796,6.296197660320779e-05,4747495346.104415
6646592.637041427,6.546023816912791e-05,4092110394.968802
7114463.936052621,6.673436866520556e-05,4324233577.662013
7273184.724512536,6.19220343713925e-05,4646876608.412005
6202230.546408003,6.256890342513924e-05,3935279137.158609
6420556.884110515,6.441866129778162e-05,3995442648.799891
5470279.404459248,7.368312168960646e-05,3112414987.123548
5698905.094089818,7.534916342485451e-05,3194521396.540232
6057944.724263613,7.561983190953778e-05,3387673143.54227
5835736.094198876,6.931541219469412e-05,3458404362.767135
5329348.01680924,6.859608527792404e-05,3180347143.95574
5742574.17195104,7.14896278562497e-05,3333838741.633812
4577973.400975296,7.237701329612448e-05,2635964112.7823
5321421.434262386,7.453907854495076e-05,3004496078.230454
5100576.140483404,7.287217219306024e-05,2923556052.328673
7613589.07027229,4.935934177751133e-05,5658176966.660536
7319119.806279679,4.342718919225636e-05,5924036272.357857
8187536.772133386,4.650011823828942e-05,6331654744.112356
5384671.99367868,2.731571312030595e-05,5936779124.908952
5050611.203003226,2.66501706692813e-05,5660793005.95821
5537329.914045459,2.390188365251114e-05,6673376805.003953
6270261.352270572,3.0507041891457e-05,6422225897.692377
5733815.281852377,2.895273815057137e-05,6081125076.4694
6084637.789647995,2.822229402971391e-05,6564069775.396651
7475223.555967404,2.599644070086196e-05,8518208345.351619
7258556.156768408,2.933227305756688e-05,7631673142.431387
7343242.477874619,2.612497748537621e-05,8340343146.879188
5804650.398664216,3.674802384365312e-05,5251540775.817981
6488357.0928364,3.980448078873628e-05,5565618510.725433
5859145.736778595,4.098006299703404e-05,4929307215.1404
7222978.81914406,3.648722115003491e-05,6565822663.632685
6745826.109117047,3.536938446589558e-05,6260612260.45918
6701712.816936679,3.344448676807862e-05,6456088220.567051
7297008.234495256,3.793013956316438e-05,6463809411.189973
6989237.717016449,3.920981374143964e-05,6055731703.691054
6817374.884400628,3.681038123979625e-05,6160797952.544152
4825172.052110893,3.568638748593932e-05,4451548189.894167
5300234.089244183,4.049299854232098e-05,4494779855.223666
4700937.801906724,3.848010183244134e-05,4124396059.908595
6227996.210254309,3.42548209853491e-05,5904736720.514669
5713823.458240836,3.360220282714043e-05,5487168774.272903
5652881.16318165,3.077646383230569e-05,5756043180.66207
6481282.521448904,3.621695011844642e-05,5920881505.170224
6648882.148885815,3.861347484543682e-05,5819996337.286776
5956535.573699054,3.55579932146024e-05,5508528211.884583
4926646.980691181,2.423435040042745e-05,5882977517.124376
4816481.942771207,2.62250191581869e-05,5456565762.428081
4798279.633867959,2.48520897223434e-05,5634347286.469555
8536364.183611529,2.101314956009775e-05,11210169189.03096
7789509.283963212,2.391619715865499e-05,9383870720.156363
7654770.058763846,2.404613226725399e-05,9188303423.643755
7097103.429973171,3.685803189239463e-05,6408057108.135816
6740829.94092843,3.358311091127785e-05,6475889380.460713
6834383.842277281,3.809747763638219e-05,6036268527.397006
6380241.991468456,2.35627802103842e-05,7762819049.178497
7431600.620108597,2.13996258248644e-05,9641506739.136278
7032528.623277644,2.131353160804163e-05,9148317531.101574
8015289.292804018,1.945446767617426e-05,11080847225.82698
8595131.938349785,1.98972168995316e-05,11705527551.45657
7710425.858806727,2.293112875022514e-05,9552742626.343525
9297747.934633898,1.593903627873721e-05,14680349509.32554
9975121.837724863,1.427155516469668e-05,16953941302.72138
9651567.940202706,1.640463427838224e-05,14949276351.5706
8288138.173274533,1.799508114899635e-05,12069458238.7169
8808439.587332832,1.709049800946e-05,13275855030.99321
8877596.585982118,1.843659563532e-05,12720619211.71289
7661403.549457836,1.712915531227609e-05,11529692032.6935
6884668.085510821,1.59804446420036e-05,10851516492.25459
7665272.904012915,1.524411871896997e-05,12467883625.44373
7273800.650659754,2.581193991012547e-05,8328132588.976878
6840524.808316941,2.564733334932355e-05,7865529143.97275
6776325.293545625,2.888376564111105e-05,7198218700.754257
7167723.920849566,5.630665737713498e-05,4879119312.396482
6382052.591253561,6.053727318168575e-05,4139473837.580018
7467807.504608437,5.989608638780593e-05,4878213649.867008
10751120.7395923,1.143722012959136e-05,21179063503.95015
10294288.24642296,1.093275679727958e-05,20898247413.68304
10465177.14361583,1.056768402217546e-05,21731683492.74215
10022475.5424675,1.093000833905264e-05,20349856118.17396
10681325.2264771,1.143487738625431e-05,21044444383.93264
10396317.56971782,1.056805008451595e-05,21588193160.26119
10000403.70545935,1.378045929003836e-05,17398363653.65532
10394065.54199795,1.333410133795785e-05,18484581261.00124
10676309.58906801,1.255958339082356e-05,19759274882.25442
5977212.57187818,2.207926669271427e-05,7594670521.998495
6842195.148546732,2.066258954780103e-05,9086688163.129957
6898575.122569224,1.962232320763331e-05,9482563974.039255
7842081.70829045,8.956801293254561e-06,18182882683.76818
8042409.476825952,8.899735156329808e-06,18726996360.01375
8276691.832126706,9.169159967446422e-06,18893123012.12828
8240357.214468358,9.269522173683471e-06,18674162775.45568
7899624.626261692,9.301054422768275e-06,17861516590.50966
7806714.98496531,9.056867545880226e-06,17967306640.02757
7807623.800093304,8.353738472954365e-06,18964073477.65427
7691180.075226996,8.221637211375348e-06,18880816595.11974
7680137.548535571,8.657883873229441e-06,18214943448.25666
7706273.223384557,8.482320931474207e-06,18528258560.72876
7811424.142466757,8.418910820079094e-06,18875260186.24031
7683906.740184335,8.722696061038652e-06,18133498131.96252
7829471.880952982,8.291761479927622e-06,19111785752.3712
8181850.445142851,7.960046332435152e-06,20523013922.15961
7935457.144276524,8.227901819523173e-06,19470594705.2406
7672214.734456217,8.905346869507283e-06,17857480702.71901
7764322.915628918,9.150238512073816e-06,17747968374.72185
7694564.206875569,8.665181089640075e-06,18238912189.0988
6797021.424476388,9.175253922382154e-06,15508623189.80839
7162191.508477576,8.946543547923464e-06,16619160262.85605
7035396.802398848,9.285567408435956e-06,15925129244.21801
7885370.538355865,8.107301180456787e-06,19539100552.52114
7685873.59631023,8.385958027909831e-06,18620504696.52539
7509819.015390015,8.552812984562946e-06,17956574298.74701
8305104.108551708,7.843000388611616e-06,21038927153.68979
8317321.77656423,7.822191003614937e-06,21107229193.61847
8056847.742771609,8.11023698676478e-06,19959184525.2829
8062723.446440951,7.941851912541463e-06,20255077402.9856
8214060.327291504,7.889161005768649e-06,20727042688.84849
7860981.205657036,8.219657270858095e-06,19300754425.13004
8440743.403798098,7.77401914119678e-06,21508838614.09341
8954858.265745807,7.672020421543273e-06,23020718958.74631
9037879.267630626,7.598514003647173e-06,23383746274.52813
7718721.780038862,7.885088987596824e-06,19483829531.76619
8086561.925875622,7.62891822491913e-06,20866772293.76905
7544009.14253749,7.700362323555897e-06,19346159578.44964
7632575.173118756,8.669918467590274e-06,18085384570.71748
7643583.466339586,8.233203294866639e-06,18746395973.12506
7616685.729085932,8.401093123431329e-06,18430714458.13586
8279297.852800317,7.737694241576071e-06,21163417390.41112
8273523.472175789,7.638364122336768e-06,21331608201.7427
7901406.181212142,7.893907838633792e-06,19930109585.09831
9932956.864747068,1.061309865497457e-05,20567606209.40248
9312521.32455752,1.016170133009606e-05,19849808875.76121
10100832.31130185,1.02504711736498e-05,21405626443.24644
10283479.39127164,1.400751651900624e-05,17696986510.46685
9897873.909249639,1.591970366173424e-05,15640546752.03414
10225496.49333865,1.378996141811595e-05,17781799269.5131
10791169.61370697,1.233690980168401e-05,20211455623.80897
10507401.23896992,1.311312263309391e-05,18895478816.58298
10448789.56687376,1.289497705758535e-05,19001399993.76966
9640039.995632093,1.472236311410796e-05,16048230460.67123
9226174.25796981,1.63323019574982e-05,14332547371.8091
10026613.05998729,1.427825441201124e-05,17036126044.12815
9049876.741207695,9.903089605805682e-06,19624361032.63669
8870241.171912659,9.57653368255701e-06,19669645566.58696
9827219.114738947,9.992194742844137e-06,21183125851.38826
8206440.042190947,1.102832397631114e-05,16563360599.57644
8840330.632185189,1.035587872511008e-05,18607036270.35714
9445088.900642326,1.080846175573993e-05,19321023254.25311
8100550.60324597,9.481070282390791e-06,18083242044.05056
8445543.770530526,9.448756938276732e-06,18896345990.46709
8620848.037144659,9.775310110870125e-06,18856581412.33577
7480879.143444512,9.519869971732645e-06,16654513882.98748
7859029.559643741,9.499097863601334e-06,17521879162.16628
8371633.481438488,9.793459032389081e-06,18288838811.17014
7237706.339333763,9.315648076088455e-06,16347784690.48334
7366303.092866595,8.976573664062512e-06,17054638496.4873
7609736.310842387,9.294858871986605e-06,17213707062.631
6112243.447536871,2.568215780776439e-05,7021765207.057202
5686866.690089165,2.594339279946665e-05,6489160764.384642
4838672.268534017,2.892599436227802e-05,5134923873.462481
6333649.92826503,3.037398386334941e-05,6506082263.490903
6395722.083153339,2.713717911691648e-05,7082389103.836174
5527885.732721508,3.177222424973486e-05,5510537696.910739
7683231.295365959,2.381957627328736e-05,9280852837.808891
8425090.752270509,2.091524715266231e-05,11098541756.55051
7237743.534141092,2.365533074749333e-05,8783154189.032507
7134054.351959709,3.031417088153451e-05,7337913999.1034
7348869.251452723,2.697865439214015e-05,8169716712.853334
6848788.065012867,3.00504651967161e-05,7085648334.878412
8362574.978117647,1.960754469169975e-05,11500707257.40732
9225513.876446858,1.789049551377135e-05,13486802160.22768
8815138.827361872,1.802957645742418e-05,12820515061.37351
6763613.906309601,2.396677702514196e-05,8136526653.574207
7361980.970204047,2.206448724807152e-05,9358339525.314384
6315746.666757336,2.422882760759297e-05,7542866737.761463
7293528.136734334,2.296612930002903e-05,9027048842.786459
8485268.934844758,2.022689406166667e-05,11429997751.8001
7914406.265431303,2.106407739037136e-05,10376639096.46196
8263505.131906922,1.820047513107919e-05,11942882259.03275
7474554.970488207,1.865120225202285e-05,10627899830.81286
7415863.788173653,1.969364256286799e-05,10168987420.05894
10028605.06264785,1.476517799462552e-05,16662803422.80013
9228085.098873014,1.68214533963193e-05,14056242671.00933
9647854.08922174,1.667819768826983e-05,14779666981.31127
9089893.604190782,1.555825043189945e-05,14585398344.24622
7878673.040502595,1.762116502958613e-05,11634918144.43382
8688142.219488762,1.716534406869216e-05,13056454093.16813
5683267.969952478,2.403573904678317e-05,6823802997.241675
6528641.655126878,2.176774639861714e-05,8374274366.096112
5684388.30840958,2.317861671847846e-05,6992386003.550884
4957734.360468228,2.661747251402056e-05,5561245197.049176
5298419.758345998,2.524961202436357e-05,6156159857.966278
5299501.501415486,2.438709738758979e-05,6301756400.218732
4348685.771400482,2.872927110857968e-05,4635980732.523672
5396038.981488082,2.596562074638047e-05,6153789060.021892
5188167.357874651,2.59888553770182e-05,5913199643.297451
6710539.507329502,1.955306755290619e-05,9245864058.816444
6108742.93414422,2.037187418861859e-05,8189634618.272626
5802273.530843164,2.200412999554649e-05,7389165555.865132
5905255.743960641,6.389285475012915e-05,3694909866.919459
6029312.864910216,6.722343588752933e-05,3646873363.616411
6118336.785497339,6.574513853069781e-05,3755988748.579039
5835767.654561612,5.837777219231116e-05,3877927161.904005
5987924.362076261,6.015888224838077e-05,3900106503.453266
6749664.417719419,5.592536627734449e-05,4615402945.235651
5543002.050471659,6.309954841031052e-05,3497256922.640942
5188625.91416933,6.33013852005033e-05,3266707261.819826
5164538.316875421,6.571100889747643e-05,3171558650.772723
4927180.344411458,6.797596167925579e-05,2958204669.85769
4533092.774030294,6.718979885579493e-05,2742788880.263131
5012779.245771477,7.052134689997343e-05,2936735595.190384
5602862.969580607,7.209896966724511e-05,3234376915.344255
5194788.873026986,6.920281646702729e-05,3081901268.517319
5282671.717628947,7.174927592492292e-05,3059440005.751144
5826024.466716561,6.747738188314057e-05,3515066036.310259
5704087.638384323,6.414175885699914e-05,3559800116.837996
5320067.485553785,6.675596286615032e-05,3232886307.193367
8339471.181573604,5.229743811079244e-05,5963275891.408777
7867352.12424677,5.157907116760842e-05,5677793289.50949
8450613.99836345,4.871941284739057e-05,6335101356.423193
8390743.370526537,5.179172275313002e-05,6038932847.505586
8472545.550940663,5.23511611514613e-05,6054287399.067729
8584568.697198754,4.87708818573932e-05,6430993561.277926
7817512.914442206,6.229401831141786e-05,4974747509.118621
7410240.457378362,6.605960968045597e-05,4534627651.005677
7826679.883962337,6.27784774906877e-05,4954924621.029053
8268193.519071371,5.417471643234244e-05,5774923049.653513
8094128.360402937,5.830507916083212e-05,5383100580.524866
8349397.581168784,5.473194623519434e-05,5791991030.577018
8556432.642403191,4.713080518007255e-05,6557769733.829532
8411575.165452125,5.048556946455961e-05,6157897994.501252
8605639.5763302,4.746658190981413e-05,6564341706.635038
7915219.426845506,4.065986345148149e-05,6693999594.809035
8429848.610818356,4.467388078346838e-05,6695515011.076527
8478690.728078002,4.501044426525186e-05,6700696193.801303
8325632.744145613,4.831686472335356e-05,6276026270.458894
7698703.9698867,5.222111191137767e-05,5510447604.715227
8182750.700705415,5.167558316741852e-05,5898058317.581564
7596760.730846819,5.471935650749307e-05,5270693884.607575
7905604.072008809,5.830427033523909e-05,5257768786.409891
8077641.015557064,5.417152282772988e-05,5642053313.063782
6304194.080394466,6.975866375434094e-05,3720181592.420999
6565251.223481765,7.275275872567492e-05,3767197349.868371
6854307.805117882,6.954868646708831e-05,4052947535.357221
5998823.213534288,7.272895408147649e-05,3442927165.494518
6350746.122349015,7.355167661741763e-05,3617676263.800527
6094032.747385701,7.055379548368626e-05,3569092982.636286
6395966.689444108,7.724846765002629e-05,3526248743.591756
6789885.464281873,7.783985024846632e-05,3724441186.146821
6466962.021374313,7.683124344274231e-05,3578286164.19664
5872775.331960904,7.613569840913488e-05,3269272812.602787
6167448.781650099,7.682251279511756e-05,3412818659.156983
6237167.833892617,7.64041186501274e-05,3463986974.351549
6239008.644318687,7.66178873076786e-05,3458561258.963486
7044971.681240571,7.743525488377292e-05,3877812119.028719
7283141.031136513,7.820760458890947e-05,3982471993.295233
6331608.606179592,7.760661955508756e-05,3480018476.116089
6415981.850168803,7.653691645367354e-05,3559173445.744129
6632074.665664336,7.742026844977585e-05,3651009461.297205
5471815.632808801,2.379686504787946e-05,6613808623.171091
5655076.234730202,2.345744720973598e-05,6901094357.777508
5456986.448362908,2.541526653557278e-05,6312815492.701536
983181.3782687244,0.0001586754254528643,335449536.9070638
1116685.164087146,0.0001585392338739498,381217570.703014
850200.8626958767,0.000158262474777327,290582578.3248603
1112386.456776496,0.000158838437859526,379273024.1759437
1379761.671508556,0.0001589189411299312,470276886.9532558
1254121.248014513,0.0001587044350850741,427838783.0597441
855375.5936932394,0.0001588926747025796,291577676.3230616
923607.7794561164,0.0001588226466487836,314928982.2463471
812489.58815427,0.0001586719063888681,277215671.3635489
908092.4367284651,0.000158993265917708,309417047.9258208
1027540.468063236,0.0001590710173446862,350002835.280817
978356.0314885193,0.0001589209265299242,333459325.8435016
1708886.156079596,0.0001589617846024998,582350757.8597296
1981306.979227754,0.0001590029957186152,675069103.2003763
1645279.65733484,0.000159003436454709,560577145.2895513
2944689.595339213,0.0001585149357755569,1005370325.489366
2916226.156267264,0.0001587237926476798,994778780.3773872
2384284.168608796,0.0001585304814655171,813984551.8156543
2624740.21772918,0.0001588985829519367,894690809.8076316
2202175.300658048,0.0001587755576887499,751039518.4110049
2281365.475271711,0.0001589458263400816,777491135.0524582
2902779.820059888,0.0001589005074356037,989457715.0828857
2805794.029056934,0.0001589294547029836,956282462.3346528
2450365.789402925,0.0001589785293775486,834972047.8749361
3097038.663982006,0.0001583723600205856,1058019571.680516
3103333.558950656,0.0001586889728591923,1058759430.730184
3132693.738945073,0.0001584763556504177,1069731920.943167
3105976.946743834,0.0001586512503830402,1059829234.830898
2973223.942406029,0.0001588497147355024,1013685720.002531
3073037.291805806,0.0001588181927132641,1047854535.317587
3250529.431398564,0.0001577066579562782,1113578276.811771
3174048.517453698,0.0001582880687605757,1084712822.493093
3134416.15632656,0.0001581386734705632,1071843214.532879
3072181.717126516,0.0001585985944173229,1048529557.699798
2973013.540158207,0.0001587937960004094,1013851932.516034
3105761.898527594,0.0001585973862138642,1059995790.717304
3240774.273977975,0.0001575173231161927,1111125805.878282
3139123.099717194,0.0001582801027445972,1072813255.835948
3173066.168806484,0.0001582764358558556,1084430242.433546
2657974.269938658,0.0001556649876727948,918523230.9237721
2473243.755112355,0.0001544697481114041,859088612.3072574
2253208.697948392,0.0001546833883583759,781937967.6983711
4525997.727899141,0.0001406517567030411,1673468560.853147
4249255.198139338,0.0001424590020026427,1557828157.270958
4163655.402492591,0.0001431724094947308,1521371312.474298
5163435.135521953,0.0001347844547389887,1964169011.561052
5036753.363417156,0.0001361884447693486,1902788471.680769
5489617.843541675,0.0001330281805216692,2106588350.922451
6152743.438051566,0.000129268329219728,2406619227.587776
5435284.338254835,0.0001330519357526886,2085490120.530867
5769813.690282282,0.0001312987750542918,2233510543.34462
4340559.472970677,0.0001375843027675838,1628670085.689191
4310147.438108991,0.000138947694193665,1606662153.777117
4781938.944994496,0.0001362466001159388,1806010389.308491
4892367.323352933,0.0001362693466657435,1847510609.249238
4415018.789365321,0.0001389704522118552,1645574601.688637
4769076.548571792,0.0001376753138585072,1788670083.431859
2632921.299817285,0.0001473736106461669,943679951.718806
2778288.322179164,0.000149024395547535,988414408.1332806
3087357.78667633,0.0001478454167625223,1104201631.609015
2544183.080052068,0.0001426105628472851,932067211.9958667
2522926.508436157,0.0001451420272030035,913501244.8875436
2747571.643847246,0.000143103792915586,1004264850.287871
1913463.105699464,0.0001480713467164419,683658800.3555804
2475486.278990843,0.0001490811118038992,880465023.3206778
2338378.90468046,0.0001474301923398237,837896924.5353625
3500913.749492062,0.0001463721872804249,1260498605.630892
3913383.089124264,0.0001439791526132583,1424577088.046728
3538708.5580841,0.0001450509326714698,1281832009.969869
3214581.495675893,0.000150566491125412,1135809649.703637
3238784.20194411,0.0001486438290423798,1154208024.723696
2922028.525883958,0.0001498222414142619,1035858079.939727
3316885.276007406,0.000153144806666224,1158765619.355866
3233946.875245319,0.0001516917280028054,1136994286.38696
2940493.040005294,0.0001509472301953341,1037218028.486942
4002654.851420198,0.0001529293334377474,1399654824.531095
3798982.884119356,0.0001532652530279484,1326492704.816724
3955710.320749686,0.0001537851035222666,1378102860.577451
4326563.38622792,0.0001469002755592516,1554036913.163083
4222254.851337288,0.000146439538749889,1519750197.559197
4211426.456709693,0.0001485081889256096,1501743012.431225
4588500.43287515,0.0001419789968716092,1685988888.441191
4315126.401641577,0.0001448069225361738,1564830512.999879
4420568.906800302,0.0001452683922228766,1599671268.90811
3979433.948934399,0.0001455553671546115,1438144367.094142
3780471.741468546,0.000148799433463065,1346310225.392992
4065097.213793758,0.0001462280034991072,1464593949.230298
3822698.616304118,0.0001548930908918712,1325405276.531514
3910600.882684188,0.0001542760650813849,1359495554.284745
3754778.696064342,0.0001537573105721336,1308259295.244543
3562129.198306812,0.0001557311282485788,1230625889.109582
3708878.709618337,0.0001554008720567504,1283138875.955956
3539109.045294363,0.0001548434089474549,1227341619.413121
3412484.911203584,0.0001565935685754684,1174594939.87673
3505842.632595478,0.0001560998041283394,1209272506.895734
3671280.627721108,0.0001558245106324521,1267828182.761274
2998634.87234039,0.0001566913793844416,1031716045.318665
3148556.717751366,0.0001571294771380983,1081283918.963074
3261429.512647667,0.0001571496572328962,1119951041.801886
3620505.373442273,0.000155638104148216,1251291732.393825
3876107.621470302,0.0001547464845076049,1344771921.221647
3788596.090738987,0.0001553626644146883,1310933111.669771
3340162.07296017,0.0001570853303987911,1147300335.244027
3423527.397727631,0.0001564151948725669,1179291534.695964
3331279.619077455,0.0001569077077709286,1145112711.970499
3322758.127946884,0.0001569505048725614,1141975844.507529
3262029.347152071,0.0001563645683153254,1123903344.940899
3405907.321431795,0.0001562782506316161,1173907287.633801
3893620.194119445,0.0001515410981484596,1369829870.888981
3652994.781629766,0.0001531200216631189,1276324376.492636
3681844.785224097,0.000153373865878137,1284984531.914844
4456270.609105184,0.0001473254851345308,1597544517.422703
4186967.889953346,0.0001494215344317847,1486931067.804637
4343130.763036774,0.0001485732518920295,1548254981.151646
4095053.424398617,0.0001507397960858877,1445798011.217761
3753842.470621949,0.0001524623537042955,1315328701.431296
3997714.120095381,0.0001508823946504268,1410541999.678747
4023783.193225373,0.0001523022896964732,1410902329.879184
3760150.210811875,0.0001528171578522348,1315498778.022305
4101641.488276807,0.0001510948622192408,1445854416.892999
3728094.894424249,0.0001529662333245728,1303436594.620169
3839003.324718556,0.0001514875746701339,1350933008.183451
3941177.740588635,0.0001511321599336105,1389061353.319636
3325089.368803291,0.0001554052116558825,1150340127.438623
3539581.712676091,0.0001543397335686764,1230174664.61341
3511295.675390466,0.0001540861771034882,1221682298.789747
3347690.901670974,0.0001550970228119522,1159693023.216399
3237932.742438787,0.0001559653080943182,1117504168.500289
3258991.517011846,0.0001561462961718734,1123902848.547455
2729505.281432688,0.000156439846877662,940125178.5765829
2321883.686903828,0.0001558099730012386,801881680.8936448
2732933.527935852,0.0001561420059530625,942502619.0111388
3396295.506703861,0.0001570650936202664,1166681609.771085
3349993.453478594,0.0001569167372288213,1151501334.204912
3461763.740697147,0.0001564780499198308,1192143333.697066
3282803.611793949,0.0001577580586415465,1124390584.983717
3334244.523504502,0.00015741687487023,1143659097.426919
3220107.645847368,0.0001573956854205682,1104608823.427388
3176452.351315605,0.0001580753659187811,1086507881.856931
3278701.33678259,0.0001573159258308113,1125088616.923573
3324509.757087479,0.0001574628471567588,1140098073.972669
1512451.64199107,0.0001538880450742792,526677674.5357401
973012.7585034724,0.0001529379611165107,340231879.4238874
740138.6636773914,0.0001532160112399463,258489946.7342524
2623460.605406404,0.0001560305646286445,905179605.555235
2221440.382826508,0.0001550480184338958,769704187.0457647
2341442.148061048,0.0001559299077109602,808221657.5976224
2957749.699187521,0.0001569421215275311,1016564812.307667
2812497.854163466,0.0001565052463333909,968440476.674777
2520211.711919102,0.0001564030629246869,868174161.4908961
2816787.106632895,0.000156742885187025,968936835.2155402
2958849.036806501,0.0001570015914080312,1016685831.429523
2521226.492750851,0.0001564624013806072,868304131.9071829
3271292.983991683,0.000157968666908371,1119451991.875413
3174628.602210767,0.0001582385435005244,1085137420.531409
3322643.982689309,0.0001576260344268641,1138671654.971229
2884172.319540272,0.0001578243918373304,987578867.3294774
3168130.558993202,0.0001578601162834221,1084646264.823665
3106544.682447525,0.000157497132393382,1065195126.301221
2797525.370645908,0.000158055142073752,956977251.4140064
2754672.590636952,0.0001584231470203396,940858321.289202
3077286.594482944,0.0001580910732625851,1052518439.212041
3341164.006848122,0.0001560245290255292,1152840452.986583
3146363.305188329,0.0001555603396579861,1087784701.383458
3013423.47837363,0.0001561532668365048,1039184797.511186
2097960.14180271,0.0001538264777816608,730762919.7276156
1284695.827774311,0.0001530903326073546,448919498.7092331
1895710.053466318,0.0001540410201519317,659701779.9524355
1135748.700254894,0.0001590613795947076,386876560.8595971
1348135.698816069,0.000158997505030848,459346138.022662
1084008.356634418,0.0001589281634472511,369458265.5002956
714082.3531418873,0.0001579551341130772,244376328.804697
653314.3147917312,0.0001574964808431427,224013885.0293565
730789.8732784083,0.0001582154558856669,249819642.5559894
902388.3874549933,0.0001586693085061948,307891863.2640657
775191.4924111654,0.000158250151483975,264959548.3582233
792595.1818615615,0.000158506776060718,270615627.6126487
1189760.050461675,0.000158407833637506,406388689.6158171
1271632.697549959,0.0001581460231687326,434833340.8002125
914110.6627830763,0.0001581203245286838,312612958.7334801
1240728.46840591,0.0001590710717646284,422619250.7348855
1522303.001203837,0.000158976596130028,518735106.6498105
1462303.129490852,0.0001590107421879128,498218404.1724582
1169145.195315801,0.0001576290904589824,400661429.4656861
1265344.540699808,0.0001585559674392472,431936993.5541113
1143595.369917021,0.0001585565701468608,390375805.3771127
1709079.334146727,0.0001589509462931533,582443063.6894557
2051260.216697581,0.0001589597079131687,699030383.8834171
1976206.055332144,0.000158780749460233,673959284.6865
1611183.797155755,0.0001583626755789869,550439846.8119642
1595946.502050096,0.0001587820275334912,544273805.9416388
1443048.782440169,0.0001587474933099649,492201683.9115793
2004016.662375403,0.0001586459291947313,683830876.595392
2075980.043809164,0.0001589135552259897,707591398.7775803
1796888.84418498,0.0001588724499982247,612569661.4080749
1233769.828325765,0.0001578913564790607,422339701.0523706
1046736.064306459,0.0001573745266214009,359099028.1616323
882052.1976497943,0.0001578542558138113,301988280.7265044
1795434.768653831,0.0001585618933097905,612872896.6927706
1497267.1375796,0.0001582668894161302,511728079.4385443
1408311.419122159,0.0001585159905749464,480820875.3294604
909462.7507282699,0.000157184525068261,312256670.5432363
693851.3177607614,0.0001572178501747407,238194565.426618
756434.9786381904,0.0001576939041533178,259156237.461399
23046098.70313325,1.036138650507371e-05,48489998208.73938
19935960.29436351,1.006994068347224e-05,42751617592.15062
20651539.76867804,1.230778300054727e-05,38740559113.34412
32126151.03813105,6.269641504547031e-06,94485150168.75247
30041548.73911355,5.570644028897207e-06,95598713217.7849
29877657.39590036,7.441390118686066e-06,78386960986.69157
39848215.39004348,7.492010061032477e-06,104074254406.3522
35553279.46888593,6.955573565302158e-06,97571811435.77002
37305664.15558209,9.218040064920598e-06,84855966015.50722
36686709.4924079,3.935989259337168e-06,147165549923.0601
33587906.76192074,3.081702573394086e-06,158607039293.4926
34211661.40513442,5.047190906359184e-06,116271786089.7929
19997755.91436303,6.765502821826471e-06,55904642795.963
19622595.69446089,8.295254726598039e-06,47885420402.70361
22061757.21776098,7.011800947097726e-06,60221797639.35623
23601569.00721646,3.557174181330601e-06,101283209363.6536
20764729.85239883,3.800570208807352e-06,85262967834.1844
23036784.86840063,5.47206581467407e-06,74185835440.3421
18346397.58838968,3.886383890845564e-06,74219895081.21744
15912111.22948207,4.135302685618138e-06,61762225539.85035
18498530.68761744,5.310284234161429e-06,60775059042.32021
18449198.45841391,1.309828295242016e-06,154111337866.9536
19639132.5117482,2.481519660554428e-06,107146293851.2246
22433679.48498175,1.116235728929473e-06,208479439645.947
15464643.43087966,3.702620879529549e-05,13920892518.23003
16047042.75192,3.088183184405316e-05,16302703889.74483
14004332.34307168,3.382946588811637e-05,13388512075.3084
16644545.27166365,5.142304031733311e-05,12036496706.05172
15845039.95110001,4.540398512699311e-05,12449847260.73639
15277924.04749761,5.518679563756202e-05,10540006887.76367
20232015.16501776,4.039416385143779e-05,17185416420.6741
20460711.2362703,3.229439846707526e-05,20176039825.3171
17532302.38514525,3.862480971557634e-05,15343627642.07478
25083357.11120354,4.529778236430551e-05,19739419073.45296
24362373.1448209,5.114855017575769e-05,17680615192.11509
26360152.96716045,4.293960581641038e-05,21496902692.06767
22249500.42521338,4.238154262925377e-05,18303568005.35622
24163344.38544039,4.259842204614263e-05,19810466492.17544
23907898.33754005,3.824202243807383e-05,21062706000.51281
21687950.25370832,5.568384530986081e-05,14873015465.51764
23198961.95423492,5.433372584986737e-05,16171695720.84985
23902647.30054243,4.848385132259059e-05,17976891450.30028
22960159.18653386,2.821240833827578e-05,24775064133.6774
19775968.76416907,2.518737188525205e-05,23015258889.87752
25395423.80230136,2.718109153373218e-05,28091668581.4766
7825442.057786144,1.380818077260235e-05,13596211259.62473
8834356.289964939,1.421368322406396e-05,15055799488.61467
7404645.086763602,1.365044046358112e-05,12964023323.36805
6337056.511814152,1.302261559336303e-05,11448680421.89617
6996951.376625977,1.336164132634134e-05,12426123039.09872
5831939.707077586,1.260552065129473e-05,10767275695.10514
7674477.465470064,1.393130401141038e-05,13255241220.74343
7505365.713223429,1.405999746713105e-05,12883930218.85584
7942520.878985036,1.446931872150916e-05,13376001529.01589
7912042.958305567,1.564555514867651e-05,12648178462.60914
8901555.487862285,1.575285244803953e-05,14165321416.5409
8268782.137199879,1.515777182696747e-05,13500545160.92701
13847279.91380883,1.726424902734814e-05,20730001970.62271
13093814.44133063,1.794393385438994e-05,19103857747.75036
15232707.608809,1.835147835366199e-05,21894232990.62202
13335240.5743251,1.634421411781421e-05,20705775117.26302
13954720.44110837,1.671589086693785e-05,21345260327.00977
15537352.99307916,1.720105364931223e-05,23317053310.71894
12150834.88443406,1.592729590660066e-05,19194556716.7743
10745182.53389147,1.552075917932995e-05,17269184277.98905
12742484.31210154,1.629469833199489e-05,19825457792.75924
20644986.01461394,2.634380319908478e-05,23318231564.09054
20303412.03013512,2.272642606792809e-05,25305500528.94759
18325657.7630286,2.652618124948088e-05,20603598735.91705
20778586.95686564,3.046489473979598e-05,21301796044.21673
21380609.70062233,3.469760852421985e-05,20098040810.65723
21385158.88758572,3.406705590064827e-05,20349609476.88073
11256291.97197613,1.759785083290525e-05,16637532932.82201
12516981.02299891,1.874600523932564e-05,17737555652.28657
11775044.30305707,1.73396556691623e-05,17576628375.02811
21289798.0559149,4.006153038756086e-05,18183878385.43386
24134476.79675489,4.86729284403383e-05,18104209665.71044
21621419.50460837,4.825863875683679e-05,16311760072.1846
19692620.77136409,3.067881853513403e-05,20094525888.49095
21225359.35239026,3.131194767042186e-05,21365595243.39215
18298285.22992988,2.695780410824088e-05,20352638442.48935
20439426.31046547,3.329364377679084e-05,19749729402.96537
21262202.80228681,3.7395244161577e-05,19013584863.16986
22000418.10712579,3.392220184529719e-05,20994630962.21005
25106231.25576571,3.554049347966511e-05,23225543679.05714
25367984.07877624,3.989448391888456e-05,21727548209.65499
27051478.81811772,3.157947810581324e-05,27076199953.88875
16561624.23074565,7.743442254090479e-05,9116193830.017117
20763751.06211233,6.37632797198256e-05,13009443378.98626
17451066.50296617,7.386230348114818e-05,9913037335.696327
12251578.23645239,9.126159244612434e-05,6044123679.466485
11671109.62402073,9.56909113651777e-05,5578683048.052207
13450566.64722575,8.744605246059231e-05,6827270466.157412
17272359.03315068,7.071999053743564e-05,10100050090.71274
16413774.95723553,7.498932266232897e-05,9230152024.682756
15410925.0826511,7.919692404816301e-05,8356475926.387917
13535886.89037641,8.883025401994702e-05,6799016794.504732
11875056.04189765,9.573605813470345e-05,5674382925.614572
11127161.38735306,9.885327206162403e-05,5204635915.446744
11540049.33104466,1.556926175267859e-05,18508120508.66565
10325394.91211981,1.517100037069503e-05,16848601491.04793
10180127.04512974,1.48720970918118e-05,16833395342.46172
10146485.36677426,1.595729646642498e-05,16008209434.98922
12211873.87821577,1.630429273413141e-05,18992450398.31116
10258389.28837764,1.55268375871927e-05,16482528509.65252
15347059.35962982,1.722224964395165e-05,23012576898.21469
13240511.03129577,1.68114945025356e-05,20175944079.80667
13158990.25852324,1.637020658038688e-05,20410475637.76184
19417105.30219758,1.959084533402902e-05,26718723267.85727
17437798.52054346,1.828131877729334e-05,25127732938.92234
17234393.04909611,1.888472851593195e-05,24302754290.62766
11695563.05105856,1.641377863193259e-05,18108483704.5173
10405703.10139786,1.604835023570244e-05,16355023324.7985
10400038.26333044,1.557445838331017e-05,16676041557.77935
16140323.502474,1.834460768129416e-05,23204557062.74759
13959517.54050338,1.730076067393497e-05,20868614175.4778
16120423.96787238,1.77187763863473e-05,23718504807.85774
15334819.76607008,1.840396513118532e-05,21999074382.32722
13024127.0059122,1.796734310271603e-05,18985675273.88246
13211127.4286856,1.736556100663177e-05,19700655176.49519
24368501.57024054,2.570260148103191e-05,27979767628.05214
18871004.69936588,2.37343203363722e-05,22849523950.31432
19183629.55296779,2.236215621938093e-05,24168794811.0852
12116210.66006574,1.639229601280044e-05,18776167763.59525
10796916.41991668,1.554735466769576e-05,17332534323.59568
12038233.23320635,1.595188517899956e-05,18997133584.67549
10817188.24362469,1.721688955338827e-05,16223501446.10844
10467446.40048558,1.660693264134872e-05,16081052247.31909
11584614.29643294,1.757439516212685e-05,17138046645.64503
10293815.23317617,1.676469517085569e-05,15714935201.6016
9495091.390895769,1.576814938499461e-05,15100059736.59537
9952709.5248079,1.615819997895989e-05,15572057903.51681
16326259.15481255,2.342459513749616e-05,19942149010.29618
14506262.10948885,2.115414123942207e-05,18965250667.09982
16407865.62942155,2.303668391986994e-05,20266190240.22291
18759140.45284505,2.909298789718539e-05,19831430891.35508
17398867.6595648,2.53974023025051e-05,20137000731.73495
17483108.91176425,2.501507416217028e-05,20440152571.67472
16944007.33598333,2.620694914490555e-05,19204595026.86883
16214241.53710885,2.40554061094353e-05,19457550940.91705
16787888.43761614,2.463990082108032e-05,19826076193.61908
11514184.37731699,1.809079813971748e-05,16708137003.63839
12847508.81041818,1.934027104714404e-05,17831062407.04883
12788852.4177107,1.924840871187999e-05,17806081405.26197
13826194.79664815,1.862419706776368e-05,19678151466.24562
16204114.48283321,1.90718577990495e-05,22700214947.77114
16585793.22605642,2.002644670328573e-05,22490562318.41794
8259044.007180421,1.355337298783588e-05,14528859367.95721
9314399.538771786,1.393019474775851e-05,16088543815.43938
8866874.596921682,1.310214785421848e-05,15954219726.28479
8430774.904286236,0.0001147628682606661,3569986425.586494
8127639.198177643,0.0001156591769291124,3423820736.512049
10873077.41264584,0.000103660748879761,4927306582.533534
8774225.085534645,0.0001110281865382956,3798276765.834439
8658171.008672208,0.0001129563735345379,3705262650.924062
10008852.00039548,0.0001047461419419905,4504282044.585509
7671623.704484233,0.0001193605736037452,3164560194.105081
6394178.221219072,0.0001275213386100857,2523845864.697104
7472571.973766927,0.0001202755432104045,3066798357.997512
7437449.351223773,0.0001207858007558977,3043781216.720115
6569979.237206663,0.0001259785376651877,2614365408.034347
6180545.868832259,0.0001289485984805113,2421488530.873693
11293286.30382378,0.0001045171150241956,5089737636.391224
8866929.142276201,0.0001136091558826873,3780051202.302363
8652833.301620148,0.0001145258486761241,3669069947.051793
8030089.792197072,0.0001154952940046608,3385926624.647256
7023108.497395239,0.0001226147437255543,2845558911.456055
7919082.70358314,0.0001174230528226786,3302473188.644386
11217878.36240636,9.610163670188713e-05,5346754009.453078
9387116.319970574,0.0001068130675867432,4169806873.349733
10662740.85047695,0.0001005325524032005,4931712090.254549
7466672.657241276,0.0001176211070663856,3110309476.4451
6284474.802060312,0.0001258463590694472,2502506528.177607
6990217.777434283,0.0001219899216976678,2841895283.113087
4825639.492035858,0.000139303374991274,1795755127.047483
4666274.323078669,0.0001406609408806901,1725260137.591368
4905852.261378174,0.0001366240676077796,1849394909.86028
4774830.626156719,0.0001416523866549407,1757149473.297289
4641833.291310608,0.0001448838723949954,1682710903.724695
4676857.442017836,0.0001441403808788762,1701232569.704822
4559444.851789592,0.0001463781970436839,1641576166.318894
4444994.387214878,0.0001476264657992511,1591335440.59103
4594157.373773343,0.000145633586790916,1659707299.579374
7185208.236641979,0.0001211692337496833,2934344623.072863
5785043.735476742,0.000129278698167862,2262674069.71839
6905572.886139695,0.0001220639124369038,2806347988.754528
4640249.922164578,0.0001406128648648897,1716029176.750895
4720213.390689559,0.0001391139029900792,1758117684.174894
4879167.221734198,0.0001365777852343382,1839750765.049324
7837082.361794238,8.068266097174549e-05,4197276716.41413
7490504.582748439,8.11753725940258e-05,3995411790.800217
7431907.585372813,8.033966804346463e-05,3991599369.424831
8366509.863213615,7.953054617708536e-05,4523990497.717323
8114992.004064502,8.015418800724208e-05,4365198027.671926
7932993.084346733,7.933366662139839e-05,4296670576.075892
7104926.315389617,8.377750360093436e-05,3710860554.12979
7000177.277381807,8.210307965822669e-05,3705692740.844537
7257693.340678974,8.214668455263635e-05,3840654620.669981
5620181.277519542,8.967641451140153e-05,2805206479.420579
5473602.520733406,8.800923172135004e-05,2766439032.926219
6449571.889644077,8.64647924423923e-05,3298410359.061088
4596180.956470329,9.124123976976219e-05,2267790859.339285
3941814.517188387,9.611724279414749e-05,1878575475.893201
3788393.440770231,9.617869581841814e-05,1804689480.447399
4142648.753573301,9.225302489549247e-05,2029041992.421156
3586596.101491303,9.570886214509028e-05,1714145580.783281
4037405.676556465,9.301820981994174e-05,1966634882.014247
4993192.338178078,8.79524807148365e-05,2524718136.786518
4617690.029469883,8.938851580751041e-05,2309778276.732924
5000913.02252539,8.644870145858068e-05,2557861264.433718
4700827.835733138,9.009881385317636e-05,2338989632.085145
3883454.620608681,9.502646231138511e-05,1864898474.44461
4336702.742262537,9.152688940895476e-05,2135307961.627044
4210963.728990478,9.098555740881328e-05,2081612372.816641
4520061.314301106,8.970286067789255e-05,2255659094.768898
4469901.241731212,8.694000799523351e-05,2277638580.910047
4426465.124299868,8.749534098576179e-05,2245951781.502356
4188291.360782487,9.043294339287615e-05,2078830635.70888
4446541.269063284,8.638901143922166e-05,2275359330.003957
3372620.835978303,9.784329966472202e-05,1588352137.501818
3872867.313132594,9.816980793561765e-05,1819899157.005333
3860823.056806034,9.485608283557789e-05,1856249889.310012
3942302.672544827,9.350183820761307e-05,1913682410.486013
3388767.149709308,9.667332575177661e-05,1608807030.624108
3878097.166852747,9.369353994529457e-05,1879946922.106307
5218213.433181178,0.0001078478318228608,2303107587.82536
4405368.307735689,0.000111790928216576,1898356826.56319
4635892.834072713,0.0001130387861135296,1982965071.995987
5737275.484390901,7.276828806810041e-05,3291629393.170074
5494840.306192501,6.715944767248911e-05,3325704550.968449
5194921.343096674,7.141142651762367e-05,3018101471.888121
2272605.930583326,0.0001587170345073254,775250000.8180357
2701580.949862683,0.0001588401315190727,921109284.5308936
2574720.763970681,0.0001587060257076823,878350510.2510756
1708404.594081606,0.0001582820766948328,583852177.377799
2025979.853200828,0.0001585775157544988,691524199.0641255
2311757.126167386,0.0001585663419829019,789105130.0122199
1422469.872212649,0.0001586722918621146,485335821.7988338
1556082.683639549,0.0001588800479884196,530460554.526279
1811416.619175756,0.0001587072864116574,617950617.4737041
2815547.805191991,0.0001585270049818103,961230189.9848118
3046894.445286791,0.0001584654360132567,1040481531.173625
3141608.902758422,0.000158192874651203,1074057437.86289
1805543.618968583,0.0001581490980593664,617395564.521657
2424535.554346292,0.0001584377832629793,828049028.9033926
2464748.764003687,0.0001580648335377944,843106592.7131084
2885014.731155507,0.0001588145475469668,983757026.3689914
2982716.364157438,0.0001586202388993082,1017902600.326324
2753867.518737216,0.0001586827184702986,939557338.5462641
8961568.057025854,4.847736060341738e-05,6740488361.623167
9194129.928287033,5.280516049934447e-05,6532203792.317486
8884560.943915578,4.814886616726544e-05,6712927050.013358
11143593.13707699,8.143081918927112e-05,5931520622.54055
10797917.57643237,7.739499384324564e-05,5945632948.749035
10940889.68982196,7.36563130922725e-05,6226528618.144698
10096134.32450684,6.684903025425614e-05,6129499947.557318
9667132.021787498,5.947357027264244e-05,6344756743.665943
10124732.58451831,6.313341012300195e-05,6385732608.949685
11891142.10721906,7.398603188759562e-05,6747202517.483599
12562133.12762039,6.537238025765629e-05,7741061647.235255
11136883.66785087,6.518578803705689e-05,6875881812.344237
12389799.8995899,6.034328301070737e-05,8053382674.363007
11227677.72492233,5.385677287633921e-05,7872809094.739455
10974655.56842685,6.01576551307627e-05,7148204457.887344
11038233.41946844,7.661796507906626e-05,6118981847.003498
11511580.19341223,7.680298513989238e-05,6371126229.703789
10769656.03417296,6.798936673073191e-05,6465088914.604702
13005341.05718068,7.335945329314715e-05,7421374626.131686
14059198.78186177,6.347047046820569e-05,8835804397.201424
13383672.51126432,6.490332723435323e-05,8286999774.968886
6597244.828706502,5.191876240365714e-08,474037879782.5208
7887600.758383867,1.900427927416832e-08,1107585642718.076
3841249.746269291,5.089321436942451e-08,279704394882.733
4623006.002667649,3.870879896777654e-09,1875216114104.672
6050626.961430619,1.879540668007156e-09,3972823094944.208
5764696.667974187,2.910175456919146e-09,2828114646445.133
4896108.306324213,1.767054772393084e-06,33497907220.48002
4097596.706433542,3.106664331425939e-06,19245668070.59908
5720864.114748873,2.028363517908992e-06,35702429626.55989
27592558.17229728,2.810143616476218e-07,643141137875.7026
22859665.86859602,1.393438576676711e-07,850507194677.6249
24978572.13274693,4.111988683198511e-07,451716895839.3578
36223533.53531132,1.432359483320934e-06,285073027137.4088
31926961.04365645,7.378006222354467e-07,391019339309.3878
33040658.30095841,1.683069552254872e-06,233514569662.8087
35917600.72123454,1.127067529919526e-06,331645436838.3781
31879827.11674397,3.005557176449686e-07,710503074282.4727
31639784.18921145,4.777498438862254e-07,517725802583.9146
20947965.37815475,9.435800421581018e-08,1010700971469.414
19675679.83083628,9.947419641001136e-08,916479568196.3862
22978343.94667159,3.843079278303088e-07,434709532237.4743
7343652.410880971,4.019415900683866e-07,134835261534.8223
6765566.717105914,3.848692647864361e-07,127868045706.7745
7405322.561371147,5.915476569833222e-07,105087442129.602
8274307.817674221,6.240708614966882e-08,525907143205.0848
10607218.98619261,4.854808937358077e-08,797052215167.5372
9976465.587840103,2.040702706961389e-07,287821709609.3016
7860726.37586693,6.512293303243113e-08,485631345635.8184
7162751.382905881,6.843694222511102e-08,428107476596.8479
6816477.422016532,2.123173167518054e-07,191529815024.0554
7344769.242532059,1.770952760840123e-08,1081036035790.366
5002100.275550987,6.585381101623869e-09,1423743600378.423
6670631.038837024,2.227190958106282e-08,842678570906.3409
6821746.383470782,1.457899549944245e-06,53057139844.15757
6084507.463214682,2.284011775408536e-06,35082715564.39902
6234265.174805484,2.061492858711568e-06,38488475966.45164
11205011.68387946,3.16951412334711e-08,1118795006973.408
16598955.33211331,1.300479012274723e-07,646663761930.4358
17769164.06761292,1.230612531340722e-07,718212195299.4523
7365603.516472382,6.974642262944635e-07,93654154208.79076
6727604.469952088,4.910042703344204e-07,108094501811.0736
7186080.879948404,8.265967934504685e-07,81588626754.18637
8729963.685173165,9.294362669864589e-07,91664117284.32053
7830553.636570537,5.381169218256429e-07,118360839231.582
7894231.209769626,7.276917571419376e-07,97576418102.49664
11258079.0572957,1.716242787655572e-06,78537754001.15703
9765718.8221596,1.446285957138394e-06,76360383849.55334
9637877.241096741,2.137401908609422e-06,58084099640.25471
10099868.075528,4.42952877174125e-07,173811036627.9276
8354429.602496109,4.669847318549633e-07,138797512505.0217
9282634.203690747,8.5819073709536e-07,102789484568.2722
7475504.345462171,2.837901636499597e-07,173104731749.2903
7941969.331564245,1.18789411459607e-07,328657125057.3418
6892146.219770883,2.665315177201899e-07,166413581609.4698
7369827.043672693,1.770392561699681e-06,50359055756.38106
8606939.929437043,1.236743053682311e-06,74701464947.345
7777265.607118131,1.035225627082507e-06,75998249333.22331
10775231.08401026,2.495298560714344e-07,271859751352.3698
12005425.10914985,8.370127083293974e-08,627416845644.3475
8969658.223226076,2.734647694809189e-07,212899662251.1415
9386957.815845771,4.602569028353322e-09,3392537516881.351
9273654.543231182,1.06725376867547e-08,1913106361084.728
11773135.1060114,1.948140740984697e-08,1626092482645.611
6421378.940277108,4.881925815725127e-09,2231349066811.968
4947774.923872579,3.346147519726555e-09,2211633770785.799
7278909.116095353,1.336034764940192e-08,1292769579762.582
3510895.378502539,8.093045796056755e-06,8709834231.571764
4411008.376955227,6.799674060162654e-06,12289828398.05788
4022780.699609145,5.917826100434451e-06,12295651873.88304
3317391.883192286,1.015730574579293e-05,7073121105.892385
3102851.020559684,9.572770401237261e-06,6882335327.117217
2969832.673816822,9.960900406222033e-06,6415043157.340053
3102814.598184357,1.100797347220881e-05,6270241140.054956
3317382.468043938,1.051412288944655e-05,6912155705.281507
2969823.76551852,1.031776317913128e-05,6266239280.596444
4572396.892912041,1.055317003287172e-05,9503610541.539829
4463034.462482855,9.830983566553038e-06,9725208633.321646
3899004.801638292,1.032745478041602e-05,8221635813.567613
3610206.480984609,1.00573219355274e-05,7748372184.744122
4153664.398675835,9.561005258130154e-06,9220667598.180525
3386242.527827956,9.472887244047703e-06,7563621965.975874
3418428.255864598,1.136869361729018e-05,6761132202.266622
4297292.842190898,1.175305157471361e-05,8313065238.399547
3643466.664824652,1.087120486066575e-05,7424428237.727124
4955269.264816659,1.068780415334274e-05,10212724126.54551
5407940.701504953,1.086605382208344e-05,11023445339.87949
4841392.952996417,9.96494949625447e-06,10454909208.63769
8497400.684257761,1.447349621573608e-05,14307720996.9786
8763844.057557724,1.48849406891372e-05,14483156899.88214
8082655.298911131,1.401719316328691e-05,13903154611.0731
7246764.475485,1.3627794025594e-05,12701658717.18471
8110709.574813006,1.415894756599331e-05,13858137571.66269
7705630.395689575,1.370447116529778e-05,13455504518.17939
9738366.669607844,1.518711477563875e-05,15879467662.10514
9743848.367135506,1.565901869888956e-05,15567569804.03091
9016711.676394707,1.485734119682817e-05,14919494819.51307
10120167.07277708,1.51613754227797e-05,16520706448.77278
11485600.58650346,1.556982742371345e-05,18420348549.07824
10128990.96748476,1.486603931692164e-05,16753388738.9355
10007009.62431027,1.490335482009071e-05,16523991260.67149
9626553.978050407,1.539433348731451e-05,15555963783.83675
10930260.82860759,1.613158247317153e-05,17120346247.82021
13251761.65929961,1.556356410745658e-05,21258579601.231
10875437.37021803,1.494405967054447e-05,17925351052.80864
11837050.67956597,1.617518729698998e-05,18507338212.83895
6917820.186158724,1.326388697124739e-05,12345880274.45312
7366312.463752818,1.334030380898007e-05,13096029860.28903
6763663.544862371,1.270314428936893e-05,12423420207.84185
7591540.697630388,1.388107600483303e-05,13143605127.41619
9175301.037099989,1.473808768542792e-05,15263690972.94815
8475226.959678549,1.441557842416995e-05,14308582822.30929
10573851.14491953,1.688201700903403e-05,16067573797.00704
11076812.17830547,1.66279906603616e-05,17002845576.56025
9764117.974779082,1.588580074676275e-05,15451131101.55841
15505011.19718052,3.273607836892098e-06,70326820468.90195
17909070.96969978,3.022713125944125e-06,85665989608.81723
16773594.98552546,1.852833367418022e-06,111190728804.4034
11787172.19446217,3.943019808300086e-06,47226996017.49438
13429218.66108766,3.586835503173456e-06,57311675525.95306
12453639.72842224,2.500833519949222e-06,67593734780.14999
12034772.82443207,4.801380960623347e-06,42285725481.41869
13486954.80250727,5.934208706766178e-06,41147048751.56835
13693416.82417567,4.442279385828828e-06,50672762627.51021
13238036.97025396,1.059631810531025e-05,27440178445.21551
16647176.62060144,9.272867327343365e-06,37716485995.20587
14305373.57495155,8.056043731872775e-06,35597376626.96786
17945129.55370007,1.271304426965039e-05,32944295530.03482
19388874.90027926,1.28971402811692e-05,35255238696.39157
18695712.11250062,1.065670571710425e-05,38606464346.18362
10935624.05182903,6.633044149985132e-07,143781048455.9289
10084550.44863604,1.078679665813027e-06,95880041856.30141
11600217.57446531,1.348801420538198e-06,95024178813.9872
16670852.74161469,1.142183644981439e-07,708164019291.5918
13011414.75740872,3.356740868094807e-07,269388660060.8734
15997388.71487012,6.836938223981458e-07,206130058811.8991
11539701.63837844,3.666676703376824e-08,1045553276582.856
9066608.533526186,6.195887208636213e-08,579040840215.3517
8567726.078152006,2.264370360879209e-07,230621928067.181
3688602.155071982,1.167235764239543e-05,7168408702.117251
4820147.641939656,1.208252212800512e-05,9154232563.685398
4599589.978230486,1.205598237704117e-05,8748173400.12475
2413368.308462706,1.033153424197427e-05,5087608987.005451
2871378.409898635,1.096303525308496e-05,5818395296.313421
2743498.886934278,1.027205558321944e-05,5805859847.659836
2617486.964243374,1.051644420460467e-05,5453038694.784519
3214096.772716738,1.095747445133339e-05,6515063268.953889
3009096.09765484,1.113432453804206e-05,6034761906.932826
6622757.65013532,4.330899703343881e-06,24926049059.1478
6527706.016651096,3.284088407305371e-06,29545002247.40292
5522673.365163284,5.51964562252694e-06,17682427828.31449
8730393.904454894,2.226195698629403e-06,51206482737.72762
8852088.382055851,1.533829671434655e-06,66557088877.713
7596802.734739341,2.068353894902539e-06,46796598169.41345
4756658.778920393,3.695719702576172e-06,19899216696.91825
2870475.351910932,5.749179456911645e-06,8944373206.573053
3943942.841914952,4.828232824707216e-06,13806125262.27231
5590266.673328037,1.263119576406444e-05,10307093479.5569
6998282.175086019,1.340518768378311e-05,12401556140.7855
6600661.439243853,1.32596459609674e-05,11782374935.39285
5902100.790485795,1.276951823213221e-05,10803312695.71143
5414993.247788911,1.23498820841365e-05,10134975707.8503
5259989.055539635,1.234485156253577e-05,9847536344.859715
5426012.594049545,1.209525046465978e-05,10297636404.81905
5819422.122129663,1.258411681629464e-05,10756344418.8789
5246503.30105077,1.225402626732167e-05,9870763484.954594
7187742.456235164,1.37730428626851e-05,12509479550.25628
7353257.313858969,1.365106607373895e-05,12873660477.04987
6676358.299976484,1.3321753172385e-05,11880426926.6926
6247781.141723161,1.305263392265282e-05,11270080963.53961
6463067.199291439,1.352955292464702e-05,11382815788.51097
6318639.342477364,1.315201046390345e-05,11340411231.51599
5395826.888008527,1.245299055700649e-05,10043279954.95107
5976631.869704427,1.278039020122125e-05,10933530746.96545
6045939.800961256,1.288415998417746e-05,11000854299.27102
6207732.257965931,1.319459744157621e-05,11117373953.50818
6158309.126396796,1.371836084585779e-05,10746325815.37124
6422333.057128213,1.367282871626592e-05,11231917593.39168
8056184.227196162,1.412425552802551e-05,13787504854.78846
8330756.099705406,1.466205909917379e-05,13906604682.25807
9071063.237060741,1.483143555231452e-05,15026900194.29046
5813942.110095763,1.175428347393839e-05,11246220552.79049
6242639.810200597,1.203274915340867e-05,11888444524.30505
5866925.962940427,1.149322982322482e-05,11519913381.78511
5985296.154390794,1.211893101732881e-05,11344258183.1674
6570367.297811558,1.295728847911848e-05,11910049403.14027
6420153.93722267,1.239843906286267e-05,11984891318.62706
5126223.620117715,1.107504235939407e-05,10317329090.87371
5534769.104621011,1.151466150203574e-05,10854222611.40884
5586468.143935725,1.125402982610624e-05,11124110273.85537
5290131.480790515,1.231234469306984e-05,9921392304.343447
6274170.069186077,1.293573874803746e-05,11385762732.85876
5702749.705243661,1.209742108401968e-05,10821541075.76776
3933576.978972169,1.07835293640067e-05,8058985420.524239
4611882.127678166,1.166258413919326e-05,8967712410.916914
4609829.356705953,1.10102853742321e-05,9314348122.472155
5587857.178943799,1.246473849445287e-05,10394170815.36987
6729349.943158448,1.320818826710794e-05,12043266022.00736
5350185.903420717,1.243168018364798e-05,9969705280.523563
9230138.659187406,1.444882228876649e-05,15559175956.28495
9368487.107970968,1.474854475096153e-05,15577700507.57376
7767355.469512064,1.388468004095959e-05,13445674601.59161
2645330.580321438,7.448439576004391e-06,6935904208.116228
2175990.144729275,7.168450337561927e-06,5852930989.938265
2087579.510927682,8.172602311610449e-06,5145206168.194324
3710748.512649307,1.166460899067228e-05,7214641104.356738
4698893.775787557,1.206089832220921e-05,8934615276.370575
4845459.275909346,1.208119004800446e-05,9202979833.81321
48362996.59676555,4.925215560301653e-06,167069192510.4569
46513334.27829704,5.554980012091065e-06,148293621864.0982
45679811.75628532,9.25885457240278e-06,103598340110.3865
28354885.96634586,5.664697467775034e-06,89229835283.94164
25438379.95544906,6.636736563956309e-06,72031047466.47346
28195668.24735089,7.534026123682976e-06,73366473459.95273
32079627.43064229,3.217016917584981e-06,147206533544.101
30586183.18685462,4.505821470509466e-06,112118160868.4177
32689281.39594624,5.216096146903302e-06,108686344365.453
25329574.7688376,3.789817387409331e-06,104203516785.3778
24744357.3030532,5.703743735235968e-06,77512100913.77142
27621890.16232043,4.728349415626901e-06,98049869264.60837
30646583.22576063,1.470415539829189e-05,51060924409.64415
28641142.98030833,1.899433875687639e-05,40232241159.99791
30899537.02514307,1.850458553387181e-05,44167118272.17646
27242412.84611346,3.495254060509927e-05,25483538854.56818
26001809.38190497,4.486831211798112e-05,20592563568.31738
24456378.18707274,3.689299788261496e-05,22067993310.25898
6686516.518565518,0.0001142776503570605,2839394392.222754
5798558.879132734,0.0001221133865578451,2355833289.09865
5544836.344329995,0.0001213164770029435,2262605677.039743
9499407.039277,9.77766320874374e-05,4475825172.785427
10530829.89408346,9.567926629818145e-05,5034048244.837539
8402597.636421613,0.0001042840072423128,3792582995.469079
8204236.774206856,0.0001012567274304888,3776495117.553836
8921606.120538855,9.917152907344321e-05,4164073366.669485
7859715.516588736,0.0001056776609816572,3516290107.205237
12134420.88815208,8.361395263795789e-05,6345997332.127307
12370062.31891061,8.148941978114998e-05,6581189616.893982
10584957.83295096,9.080486032758628e-05,5239418257.303053
8723845.613745838,0.0001101788546469259,3795850817.225184
7577208.202880501,0.0001170656465601084,3166330483.08331
7596948.258961375,0.0001152933820060194,3207029212.703884
13240245.21780387,9.377400092578754e-05,6414671164.444546
11513290.73108058,9.888195350312385e-05,5384203256.463897
16546639.76092014,8.210384292673764e-05,8759261430.277702
5246715.61378425,0.0001322588492696824,2021177081.524362
5031028.71128382,0.0001344878494745832,1916614471.877224
4869599.83259258,0.000137026203119802,1832135224.488628
6645692.507274391,0.0001200924103444214,2730213030.868557
5756556.245334512,0.0001268507738678788,2280170582.476372
5833893.837189047,0.0001243840073247785,2341255579.672904
6921753.206958344,0.0001192506476129847,2856991487.807957
6902911.363309304,0.0001210257340143616,2821286213.730949
6013681.493010161,0.0001260126402597443,2392568322.630781
11201448.40877427,0.00010166530657124,5142318829.621957
8411873.463696595,0.0001136597506610782,3584992613.305048
9617849.302560803,0.0001067717802244293,4273400981.997056
14135150.42509383,9.30229803709675e-05,6885047403.418149
18325932.78907226,8.310281758147639e-05,9623260826.974289
14324692.74141049,9.411495698401823e-05,6923295734.310695
18907657.74014521,6.401740837980585e-05,11815143658.58119
18737130.14451888,6.021236278793703e-05,12196801623.23219
23055657.36272766,5.536013969175756e-05,15872526389.0446
13744674.64261954,7.630555129338098e-05,7640064779.84819
13496224.01585052,7.843058545089301e-05,7365834788.938375
16116514.34856061,7.007392946129759e-05,9482004084.885172
12242517.87027597,8.299815438106675e-05,6434159014.056988
12147152.2492113,8.457131755509336e-05,6304622348.248224
15359194.89616246,7.442016509662109e-05,8681098790.998016
16912305.2052399,6.849278824753201e-05,10102749314.7013
14225269.62174963,7.684741287100876e-05,7869992874.781108
16802283.71683234,6.9974571614194e-05,9894825694.876247
9074503.252264552,9.595197473912305e-05,4329657897.976424
10618501.20889177,8.995208630129654e-05,5289188687.90658
10707676.65128074,8.838135642289675e-05,5396615456.718659
11842676.74268688,8.489036819984882e-05,6131182781.817962
10312593.42205404,9.208141666145974e-05,5057313789.927694
11213040.47875678,8.65952238072332e-05,5728761788.666031
15638408.48015566,7.332749787937749e-05,8926502045.516832
13156028.94480637,8.020228582062046e-05,7074031503.023572
12491932.83336523,8.190645577308736e-05,6623449325.600388
12213502.79740024,8.318458002137328e-05,6409315996.703119
11520177.59681999,9.040265398365005e-05,5719240867.266163
10440172.01509793,9.250217147081605e-05,5104341261.838091
5216388.759425277,0.0001056121426328581,2334680098.915268
5193482.670724996,0.0001095846922479543,2267907959.833212
4689784.460308815,0.000111447192093581,2025070416.713675
8476824.000790155,8.7637944269777e-05,4296403335.778873
6521104.082379196,9.611702717347067e-05,3107808465.480842
8303230.154726425,8.591925525643023e-05,4264355541.136833
11176244.97334513,7.544888891446757e-05,6259322766.368937
9665007.726263823,8.247024281651924e-05,5101180490.30321
9479585.651130265,8.075342718912123e-05,5073979555.171123
10009075.97025048,9.069932491370624e-05,4958206563.339996
7807300.907846305,9.891040463198065e-05,3650392800.181289
9096475.812851219,8.915041967195836e-05,4558174086.339474
6132626.783778306,0.00010795969210499,2704822542.23071
5087835.590822121,0.0001144385663025522,2158497070.045783
5454197.415823063,0.0001106522221590156,2366414184.863657
6172521.832710719,0.0001127445822602548,2644836604.337473
5547401.536200176,0.0001166940654438943,2323042145.136703
6381457.414002071,0.0001088235355359701,2799655887.195007
4760202.428224807,0.0001217620648508932,1937689051.357352
4045059.514513784,0.0001265355359834551,1604907141.984445
4544828.126373092,0.0001203713084250429,1864241377.70469
4012208.374987682,0.000129333688412118,1568829346.520542
4734736.249765304,0.0001259410815348316,1884448092.049196
4396512.948557544,0.0001301807391788792,1711632540.605896
19003590.62371424,6.479510653761431e-05,11779879847.00926
23161579.20013192,5.613521450556326e-05,15798332236.50053
19120586.05027154,6.331591052451916e-05,12036289590.86269
16410293.35904816,5.81556223903608e-05,10932560083.1103
16436220.05041065,6.130737671963642e-05,10571260898.88975
13887272.4078186,6.669596645117153e-05,8444045689.190318
13300845.04939244,6.435835716454582e-05,8282140639.855698
15596021.97237461,5.892060293135177e-05,10299964238.42133
13139037.04446668,6.745627699153794e-05,7928942924.388217
18861937.86515534,4.614649472240641e-05,14660895495.84625
22928602.20155784,3.790364774189141e-05,20319993970.88858
18671907.78292156,4.935504688015703e-05,13877172323.76643
24839212.65379735,2.163855685146907e-05,31987892685.76995
24956158.1268954,2.374136204248715e-05,30211617310.0018
26347791.44411417,1.904653694228504e-05,36943116957.82598
24429125.72379025,1.619573914051774e-05,38162844920.0765
24707237.97283814,1.97440639542557e-05,33822042597.15472
26211862.91449419,1.717528692812014e-05,39375724154.52698
22015024.4954516,2.092666534902162e-05,28990285130.17045
22844055.10706637,2.441697305178364e-05,27142216889.64752
23546591.99041327,2.215179196092515e-05,29853057386.70318
22449768.4375887,4.065848066115852e-05,18986479086.6566
26108467.23265131,3.393177118528239e-05,24910189019.9701
22633877.94184702,3.59533326536207e-05,20777798689.04636
24198773.31243443,3.276620303097845e-05,23632478560.72754
24947430.31281558,2.832611236216875e-05,26847334207.52724
26970492.84030534,3.082841473771509e-05,27431828305.38619
21562232.12771693,4.559930500478789e-05,16893575151.98923
23053069.18509543,3.955155764417145e-05,19858801086.24897
24554196.11919967,4.75374483126208e-05,18711207265.35608
17757149.39855246,5.409647383324819e-05,12414444091.6763
19170457.33129448,5.045037288309905e-05,14040725641.15771
17784118.65178632,5.724399785179336e-05,11973258972.15601
19084819.55378883,4.92140841193931e-05,14211124795.64421
23385921.88507191,3.774877292979921e-05,20781932764.15297
20549017.20970123,4.556819135882902e-05,16107069338.79594
26102552.0109324,3.013829222363037e-05,26952799261.1653
28126444.02066896,2.469158454065685e-05,33170258385.88631
24642436.60450201,3.188741805533032e-05,24505904924.41724
21534667.39255065,4.233838963519444e-05,17727545612.45897
24436639.27089253,3.453634534885352e-05,23042197369.36352
23024567.14750899,3.630884793906895e-05,20998252880.32206
22467135.31396832,3.028462414626914e-05,23124174724.36133
24246464.37544382,2.998175462552207e-05,25123321440.24771
25660425.56922724,2.439010629788444e-05,30510879450.9868
19463089.70000753,4.24991874144069e-05,15981763510.43375
21121046.86395869,3.476487049335752e-05,19828431573.79706
23590914.60704124,3.42748451639399e-05,22357733623.78696
18001724.03515397,4.557204947080263e-05,14109611621.63744
17486001.33799521,4.655128084052345e-05,13512511731.04089
19597520.54700968,3.782502384618638e-05,17391951732.74673
14087214.24352302,1.096033749743446e-07,615095431337.7206
6242735.202563554,8.246548092387984e-09,1529420063761.737
11969883.6155394,4.441306059397722e-08,954441818498.2822
12510797.61043763,1.652051768121986e-07,415530171993.9239
16103545.21470322,6.79582246648495e-08,967000756322.4402
13833790.94238169,6.823946767812105e-09,3845186905957.768
18297656.30619526,7.29724614165525e-07,225747423356.334
22266540.27009842,5.490955244878835e-07,332063244171.868
19017431.09294636,1.759766658092739e-07,605594322110.1405
24024926.38976695,5.504886699601961e-05,16602104474.19376
20879756.29289526,6.550251608453463e-05,12849516024.97212
21517736.10357098,5.461077884631011e-05,14948960581.25887
22873981.12592174,3.633261630152111e-05,20851820457.07283
24461759.78904917,4.568236841065586e-05,19142057768.65694
21597255.41694178,3.708761243800215e-05,19419854891.2995
21801692.36078059,7.146228506946406e-05,12660152616.76325
20949514.03559912,6.972255768464241e-05,12366830629.6643
24099749.57690755,5.925555250499065e-05,15855982648.10361
19401019.25787728,1.849931964740814e-05,27736652302.12735
19870031.01810159,2.102120713117332e-05,26087158530.14875
20593983.22441236,1.952237567267962e-05,28404375424.98149
19148077.99948209,5.667892806244088e-05,12977093563.21949
20585618.40576912,4.988134168240957e-05,15191657728.97442
23511265.888252,5.182715917392547e-05,16913665736.12374
28636008.92029532,2.078249745745554e-05,37883258867.98905
27299075.68797412,1.883682775570307e-05,38560509615.03893
25882204.97345905,2.35235877172587e-05,31525760080.60714
12684994.90647302,1.90771475104128e-05,17767023303.03625
11360361.8969911,1.78270011971085e-05,16647152989.12697
12146493.6201568,1.819434786538226e-05,17558736591.53041
18613614.28503019,2.95340735705514e-05,19481174741.07891
21388698.96396213,3.230572252417274e-05,21086187418.95749
20154725.01747187,3.307437336118561e-05,19560612998.93668
18801152.48331266,2.928640034077874e-05,19788238760.21595
17995915.19069446,2.878963211695574e-05,19157986411.87352
19511751.78071054,3.2311095219994e-05,19233654467.48442
15526243.973133,2.27493350984297e-05,19338402755.77902
14219591.9230781,2.095522533547605e-05,18707923109.39252
16087695.48349974,2.331152739137452e-05,19714238997.45242
16824799.37474095,2.109861701384152e-05,22035042967.12454
16532106.54106017,2.245326556779364e-05,20771850429.18046
14623095.87413319,2.057786420849354e-05,19473280937.04766
13260330.96100382,1.877469499638359e-05,18771793583.85723
15965462.71811901,2.01737383483547e-05,21543879971.08708
13822719.26295867,1.966766167070227e-05,18971063095.67572
17672278.40492696,1.944822461373013e-05,24436513176.41116
19642526.37743496,2.013085340564268e-05,26543359399.49297
18070774.71783341,2.041020870463326e-05,24196087218.69779
17898451.556465,2.626351978031389e-05,20257235392.60063
20794561.83494038,3.059141327692842e-05,21259354780.49704
18059639.84765527,2.783727192489107e-05,19661861715.18095
21568470.96005047,2.891394688738314e-05,22895375575.41921
19797429.89654139,2.998691560578204e-05,20511036880.83833
18485947.24995386,2.588375148332047e-05,21126305799.63203
22317937.09211238,3.164987583148935e-05,22305195910.04354
21340030.94743772,3.682858111870195e-05,19278432538.97593
20515735.14289073,3.272566662014364e-05,20052171751.83967
15471589.56968934,1.643073879772955e-05,23938496750.34023
16077232.91334525,1.816605104801855e-05,23265065701.1285
17590793.56579115,1.731822252990007e-05,26279467134.40543
13878060.85598134,2.050216895142855e-05,18526593909.74576
15659390.79340391,2.274800900270598e-05,19504999108.45547
13817094.66180652,2.039492482939244e-05,18509811400.48576
18465231.93843761,2.65482240241731e-05,20749029331.81185
18932832.17673319,2.350646461336793e-05,23072290329.75059
16921951.24082239,2.390661935515536e-05,20390990776.75045
13362159.00003422,1.903549738573899e-05,18742771725.98493
14630749.82291575,1.874870710428645e-05,20730941901.76987
12595206.33941855,1.762516910247461e-05,18597294067.56003
25042891.55414626,2.403199387227867e-05,30071696974.97755
27191822.99671635,2.863792299689044e-05,29049855730.63068
25160314.95669516,2.614625380479391e-05,28561198323.46822
21083837.3812182,4.735830477993651e-05,16107157020.72086
21238392.55108964,4.417251377192263e-05,16996267866.87941
21412923.61839313,4.008307189959806e-05,18282488237.42682
23188280.7730409,4.328917489817329e-05,18808276970.69901
25671625.83263331,4.647317315577672e-05,19860270362.73766
26904419.31174152,3.654924104158287e-05,24428945139.22891
17041160.21872075,1.437044750414723e-05,28830508208.36033
15705424.76180408,1.548502979247872e-05,25279878935.17118
17840071.51112189,1.636548315398192e-05,27676470391.28439
4980048.959377101,1.188634933965681e-05,9561689113.224701
5380622.180709488,1.1672660467536e-05,10456490059.40172
4977915.816105591,1.123233847964824e-05,9925081758.694849
9593553.597819541,1.568628805895211e-05,15309677731.15144
9144366.239673447,1.530201879334758e-05,14836146880.09977
8872155.730221948,1.488790130238364e-05,14660209240.42384
7365948.540753201,1.098885284292716e-05,14902545007.37892
6615871.770036731,9.943375218361487e-06,14307525447.5607
6237298.029659253,1.092220673206862e-05,12670377885.91446
7710026.185441539,1.321541162077849e-05,13793317188.22038
8297671.491698219,1.276429489479289e-05,15192352112.64385
7093181.147344047,1.257819360773037e-05,13114815972.6284
10125649.42457637,6.324479132930423e-06,29607816305.02519
12551886.54671343,6.406768470825955e-06,36387284971.85559
11152408.68136021,5.271663478265691e-06,36818850306.77194
11045061.71188657,1.137943353088292e-05,21831708192.25805
10684982.1388503,1.012763463265313e-05,22826278779.56455
9111642.590838911,1.111780313318248e-05,18291557625.63898
12061562.44677421,1.061920725356191e-05,24965609413.55369
13081308.87646554,8.082301423267505e-06,32480883836.30322
11685143.79090913,9.368461914393634e-06,26293911522.30734
9228647.181017287,1.232508417003176e-05,17295964304.34717
10664673.02324037,1.19296300299671e-05,20426606739.56025
8766453.236534715,1.166678689978032e-05,17042098727.81858
7140890.463679879,1.220945038694182e-05,13467540648.94267
8349266.286145821,1.239443822677981e-05,15589436386.08898
7909934.24029895,1.173749179035908e-05,15315199977.94094
10001484.51953488,1.364863283456769e-05,17512105563.58405
10996547.51317075,1.242549044831881e-05,20498118295.84309
9537547.639683772,1.282009757369674e-05,17411753085.85324
8974424.117960909,1.485923210903711e-05,14848263933.27656
9341894.290240865,1.437003411201119e-05,15805069718.98818
8284935.49983976,1.3991078566259e-05,14268829047.55882
13278186.82418546,1.474241493888086e-05,22084777140.45674
11937110.83900172,1.290241356225271e-05,21699609621.34018
10899377.51246503,1.412803101647864e-05,18650075832.18259
14042982.60710994,2.00979126329998e-05,18997307622.67187
15341673.76830073,2.18745950977899e-05,19614597239.7397
15342766.72272185,1.980751425218653e-05,20958025471.89169
15826144.1509093,1.346535704984245e-05,27961676142.16785
13134894.17591276,1.273461325286491e-05,24086261925.17405
14539896.9364431,1.457846353552914e-05,24364274930.72749
16503628.93875278,1.240951471500046e-05,30789992632.88068
17223749.26745014,1.036124504025163e-05,36239850562.97073
13752724.9942036,1.168387123754007e-05,26709407286.09535
8190984.196371325,1.526164436831592e-08,1331277325676.407
8297489.066453309,9.531564481937806e-09,1845740160768.372
7279679.884709055,6.752971831833494e-09,2037584633349.389
6077757.24631579,1.225915376264189e-08,1143149475965.365
6754377.358606788,5.972665230818811e-09,2051822895886.104
7735999.905086579,8.870807587129889e-09,1805265224453.736
6049979.215377939,3.908779417232718e-09,2438146369720.426
6342814.53160831,4.549798056143175e-09,2310045843240.677
5687684.953605371,1.089145945149304e-08,1157563470226.385
7580538.37453044,3.117299932347687e-08,765328096263.7076
8871639.812288016,1.376404733768458e-08,1544684526487.172
6892493.110231078,1.006366288633959e-08,1478673491050.054
6819829.84498861,1.203515154227958e-05,12985913241.70772
7038588.785383794,1.21324247077477e-05,13330727677.36895
6505869.244555284,1.315908211388103e-05,11672259453.14944
5548212.183883657,1.356166708034337e-05,9756132183.164989
5829318.89263198,1.287849010618953e-05,10609815902.54526
6010981.02022925,1.36150350428617e-05,10542238755.7792
7322737.204085387,1.017836312368897e-05,15591509181.25507
7598983.049176286,9.835959318207158e-06,16553036011.29642
7093048.094711812,1.097964969309763e-05,14358439696.11543
10482267.4131552,1.246909473334175e-05,19493894819.5794
9638949.918336868,1.296822250653253e-05,17462620722.07806
9812632.878708346,1.368767403684351e-05,17148749167.50077
8820505.284727825,7.743624364834379e-06,22535331243.34775
8310318.943305043,7.845121831089593e-06,21048342260.57845
8504065.543171957,7.884928701367232e-06,21466508776.80197
9332700.988811301,7.722020398021003e-06,23888381270.34171
9078046.649606744,7.71289203129843e-06,23254887462.52444
8756978.547559254,7.854659749976472e-06,22161681098.45043
9918876.742809193,7.705480713902639e-06,25425099918.24416
9542280.888354888,7.719940550469543e-06,24429217664.01896
8960027.656203475,7.850991650470861e-06,22682608998.74354
9897886.258656962,7.602504935373099e-06,25599883267.55016
9558581.830766616,7.526778832507127e-06,24887848775.87078
9660064.515802423,7.634791168004339e-06,24914294015.41899
9113210.477877602,7.531238420802117e-06,23718859532.30986
9095976.701946372,7.457115661854196e-06,23830624298.83432
8669039.680897547,7.654308683061661e-06,22320316190.40473
9337029.084880365,7.508188119263149e-06,24351101711.63378
9265305.660743507,7.532257660838332e-06,24112540641.83466
9181244.196398968,7.606056352996539e-06,23738968605.81081
9359417.8567618,7.458216887436573e-06,24518402182.12101
9270210.355563516,7.407780061861686e-06,24394815396.53344
9287608.327519497,7.482598148226088e-06,24277405790.9609
9341133.360346751,9.568380762966635e-06,20725607674.01793
9902639.340750361,9.908207385459736e-06,21466153803.13993
8941902.334900657,9.493241889124167e-06,19944365488.15087
7783208.062108837,1.727512659451655e-05,11646921485.98448
8987331.18269809,1.521035183191265e-05,14639893109.1257
8290578.416516181,1.577169568114478e-05,13182544286.06051
6499000.129049388,2.757695728538662e-05,7120038051.551529
7095025.03090488,2.652067010262218e-05,7978065602.306367
7011786.49030304,2.97246797245274e-05,7307192705.122947
5767618.337596637,2.387576275335154e-05,6955980311.780912
5958921.693380507,2.656205833052214e-05,6693601618.384454
5611796.39758122,2.729560507088629e-05,6190229567.645969
6070084.215344613,2.32731781400127e-05,7446592477.573578
6851792.530327659,2.490296509658848e-05,8034709224.462228
6266299.252869275,2.596381522542977e-05,7146588749.333378
6390504.177630393,1.018914029368297e-05,13597010357.95828
6894961.110478849,9.683853844179985e-06,15176315163.81943
6807014.020928753,9.37082014952585e-06,15314573623.19143
5936530.528958273,1.268850711742579e-05,10912535941.62404
6036011.770186656,1.128224139486705e-05,11999223782.00145
5967156.814212793,1.183065459186882e-05,11492864007.19484
7156436.267619001,9.892426590802389e-06,15529646994.79682
6830830.203307206,1.075432958218367e-05,14020104867.60248
7672975.576109799,9.848085993124403e-06,16700491817.96992
7443015.022301503,1.991984407853542e-05,10128806451.67507
7149343.860758631,2.339149293062101e-05,8740995401.985008
6350333.970221647,2.17640889925245e-05,8146472025.195363
7185595.348852635,1.12125396674875e-05,14343663722.84662
6560140.772101693,1.145659109389241e-05,12908513019.44406
6578283.957339513,1.062808575004633e-05,13608468418.29791
9841933.421357391,1.258923801913252e-05,18186430183.12333
8589813.648268219,1.240253522325331e-05,16031596100.5424
9730029.783705972,1.152867061371517e-05,19066077275.89046
6564374.460459067,1.285643656091794e-05,11961333693.2612
6556666.819003022,1.201366598885546e-05,12499694914.25464
7181959.537766039,1.176971479808165e-05,13880304531.24887
5722795.629115069,1.558150258027702e-05,9173505932.595592
6205538.128152251,1.43137938204174e-05,10526312933.24081
6216152.782341208,1.5490537809337e-05,10003316642.33772
5601488.343141381,1.519941534427361e-05,9128908370.749741
5718127.658908935,1.395971975883118e-05,9862856482.26366
6079191.169257746,1.393155568380381e-05,10499760442.8494
7531502.519801533,2.007006156426318e-05,10198019137.27632
7944297.458404154,2.015061309643452e-05,10728277226.90271
8385549.037117188,1.857550911443433e-05,11955590167.10532
9271079.275827762,1.813899192154408e-05,13429345992.64477
8405959.701419359,1.985750881505607e-05,11463154019.19802
8993979.115280628,1.902022874455207e-05,12622383887.85966
5754928.173973158,2.431855837368608e-05,6856166519.651003
5973751.017186846,2.429225386537607e-05,7121999028.706953
6605430.696829222,2.204376864462753e-05,8401894890.983384
9170911.892804129,1.829148570824995e-05,13210315797.8222
9100619.490937972,1.694453059439545e-05,13794880036.70895
9450703.809962248,1.741092745753513e-05,14068556800.29158
8481736.362693427,1.447025826290434e-05,14283476159.51434
9670562.654654549,1.37898278292245e-05,16816896336.82108
9003792.844417231,1.545322280859048e-05,14512629789.89713
8097477.247972975,1.721723837357006e-05,12144344400.77624
8101455.183399712,1.532562036059592e-05,13130592547.84231
8611850.932525259,1.631123026966673e-05,13389736316.66609
6631323.280114074,1.521213331306618e-05,10801235919.42949
6620359.734882585,1.403293941237976e-05,11379307197.79873
7397820.140469616,1.446929620031233e-05,12458683797.91022
10275825.88674787,1.140600517584534e-05,20279676712.69265
10732252.99014635,1.191154192933363e-05,20576850984.82853
10390816.41377052,1.246616515238236e-05,19326850516.74414
7712573.098447781,9.126285074353314e-06,17660511296.96884
7467487.216607422,8.807976346858905e-06,17508827393.37024
7643047.777370736,8.641300595314167e-06,18150161730.84803
6960291.144587286,1.22986812480372e-05,13063364424.43225
6824615.507791256,1.28021088675235e-05,12470690797.00268
7122571.988894947,1.197975717060338e-05,13604152889.34187
6543412.270293311,1.303459099244788e-05,11814246063.11319
6849879.772227203,1.236547892615707e-05,12809799174.36146
6854748.292309306,1.208105456534935e-05,13019319396.49845
6468731.743310239,1.418190477378016e-05,11040687005.23824
6365194.326586457,1.473631719829685e-05,10589749644.37245
6575362.960209387,1.373014219683901e-05,11467525314.91125
6462410.727098541,1.344773223924018e-05,11427779567.28052
6526126.788852558,1.373385169440534e-05,11379607200.28817
6766997.199267267,1.277869646136987e-05,12380503118.90176
6335324.19992438,1.409360872140098e-05,10858105008.24509
6254322.829084285,1.536212737025182e-05,10120750533.00692
6398412.191150412,1.437969877968884e-05,10820293017.78211
6342904.475231065,1.950193419355073e-05,8754601451.238216
6296151.033250134,1.816805399367646e-05,9110373792.539669
6419106.53079995,1.802441895012168e-05,9337567071.300692
6277010.833010628,1.696139740394125e-05,9508495201.669651
6377872.4014413,1.578859660524599e-05,10133982277.7524
6287949.930262131,1.570380251044778e-05,10027034860.98235
6397650.514111172,1.296684982580092e-05,11591265619.18693
6165874.574895998,1.307545821782799e-05,11109386456.92768
6206793.98040085,1.258221630310422e-05,11473499444.89584
6473506.616184003,1.465921479243547e-05,10807679501.01657
6522855.411665765,1.347544333447567e-05,11518847902.33635
6519366.970613636,1.354435203556143e-05,11473606180.6587
6418470.369997319,1.63461096158587e-05,9965259277.596556
6266072.275620197,1.54175828440836e-05,10115434434.17473
6460756.726492703,1.418797675349571e-05,11023929053.61215
6278389.816925989,2.161202646489989e-05,8091914460.156244
6363200.238963132,1.889018093152837e-05,8971220094.40934
6173658.838471765,2.071453435533057e-05,8185134926.818522
6293093.614196704,1.854806212194774e-05,8981147542.396936
6224590.398787792,1.650766638872576e-05,9601085183.586508
6376486.247469628,1.743561738695812e-05,9483235607.764406
6313998.94097256,2.137480393286838e-05,8197908718.138014
6315508.20096463,1.976486390036256e-05,8639310533.036764
6399048.726814495,1.865228744956327e-05,9098309034.429607
6293621.408323898,2.331818501785315e-05,7710883089.935445
6319628.001542196,2.252014621876499e-05,7924600498.254449
6295615.214349994,2.092709813771264e-05,8290209435.851504
6039978.864877521,1.210736959995366e-05,11455187937.65889
5844363.793376813,1.196305003855574e-05,11173158562.65447
5887557.291477301,1.170647533084728e-05,11419603983.0214
9077809.437754411,8.138315009389713e-06,22436652642.4714
8561983.12820344,8.085182284050313e-06,21254349802.6319
8348189.664073942,8.450634711193413e-06,20121765705.83982
5241257.451392888,1.907316649833445e-05,7342099958.431455
5198311.431409121,2.036455350842841e-05,6970742382.242891
5435787.649143039,1.936607573423535e-05,7537628551.28355
5992605.121451039,1.663566716149636e-05,9195785788.391783
5739580.779926867,1.669701997738456e-05,8785925737.185431
5694666.334980968,1.814686440469369e-05,8246453605.415101
5379262.329675522,1.680558593831893e-05,8198862780.450337
5400962.34395517,1.786250733232322e-05,7903926068.351958
5270476.287624534,1.806221556807052e-05,7656010427.758054
15860494.0450443,4.371596000841151e-06,59323035392.08327
13280609.67473424,2.960125982653293e-06,64418590198.92297
14691393.94694691,4.207650292756384e-06,56368513149.62759
10850183.7342637,1.702596949156054e-06,76096122063.70638
6658547.37516386,1.016295398886457e-06,65871798498.0559
10601802.00373677,1.788562245815541e-06,71952129154.28983
6306144.397262216,1.360215938010586e-07,238428777170.5648
5550105.596897176,2.803056740953265e-07,129582589216.1363
4519873.477012784,2.138789427480872e-07,126380749187.0618
4789781.590368513,5.786948172883783e-09,1485990325044.573
7798567.66218339,8.391929645792223e-09,1888456367769.193
5109342.125491434,7.157159797248639e-09,1375744679244.981
3342092.618327233,1.10493629329599e-07,145142184506.6618
5204791.144173057,2.568259653203441e-07,128818237919.6681
5937695.498204421,1.115160354094753e-07,256286880300.3477
5358703.349092729,1.909887142746236e-05,7499884565.588063
4967243.017653057,2.032112247627665e-05,6670375444.861444
5043491.378607797,2.025706153642554e-05,6787038579.466805
6054606.277064643,1.594021585910899e-05,9559234334.17341
5709596.978354027,1.760486177138791e-05,8436915658.468016
5696991.016611852,1.721628315682716e-05,8544485885.263358
5483970.480107307,1.881345078353553e-05,7752637315.776607
5074816.130687903,1.996121334623216e-05,6896504448.536173
5470412.642494706,1.873662477239897e-05,7754596071.264675
6798400.708357804,1.594675242973647e-05,10730630923.29311
5907075.734379972,1.781012816176038e-05,8661527910.888115
5893004.281298225,1.773507237560899e-05,8665256973.723518
7206168.584540151,1.352107655446889e-05,12696876739.9741
7228858.943912118,1.442976794434599e-05,12196358621.03736
6656220.399352571,1.454656455953566e-05,11170023015.13016
7745741.488333347,1.23111499110555e-05,14527713012.46478
7333516.634494311,1.299307770622343e-05,13268981570.61723
6778634.35796683,1.403540330621598e-05,11649991562.51441
8282007.056419332,1.154954376391446e-05,16209105301.36312
8895322.57093516,1.100629785199881e-05,17977702687.54472
7855559.267835102,1.224082178974944e-05,14790064209.36248
9763530.806814333,1.02091568274043e-05,20746602406.51911
10687498.77718662,9.223364305703095e-06,24300572362.01441
9748517.255036924,1.05195372115774e-05,20305209525.59329
7505912.329429995,1.508880426363846e-05,12292312832.37477
7763735.172998104,1.466450830813313e-05,12958628577.69428
6445429.055144538,1.683615625947417e-05,9811977280.006411
5978150.829049627,1.776394715714448e-05,8780930768.300497
7045634.689922713,1.58621254250702e-05,11160385646.81575
6019438.441787348,1.761770442611962e-05,8890436775.12356
8079758.500024882,1.338166497716939e-05,14334799129.71111
9108289.631894797,1.124968720362097e-05,18141639560.64544
9093788.813749909,1.154001427862206e-05,17807678249.2509
5488366.353094324,1.855648020158935e-05,7830317250.204859
5169306.182047296,1.970639910011883e-05,7085340737.585746
5476007.162903686,1.814938226845938e-05,7929079559.660882
5508896.700070938,1.867926515186088e-05,7825127769.625625
4968260.335056376,2.010606250698596e-05,6719232347.935547
5469401.871164998,1.882733616338501e-05,7728239696.051038
9637052.560173733,7.093764693255729e-06,26103157391.38817
10294346.51514308,6.98660879595522e-06,28167901839.62679
9681983.659533525,6.994546962186624e-06,26472276178.36648
9381442.789731912,7.398675882819195e-06,24707774719.81889
9471182.613931429,7.448168845196365e-06,24833496306.43781
9736934.2987717,7.446254721909581e-06,25534673781.1021
8707954.023970949,7.567572457970752e-06,22591500062.44265
9123031.75022614,7.390747033946454e-06,24044382481.08657
9208909.064976566,7.289351438275876e-06,24495271551.41649
8539953.499636898,7.667372293977865e-06,21962973546.15105
8527573.335138194,7.688743170290683e-06,21890477084.51107
8951054.563191336,7.490943897713431e-06,23380287189.71559
8563908.718822489,7.493997421799561e-06,22362979723.20296
8569783.543023268,7.593638074500378e-06,22182130528.08936
9066804.120536067,7.31561348657126e-06,24059525911.94729
9294262.569339486,7.090657637000318e-06,25182021655.47549
8742212.007593799,7.368303567677318e-06,23087469122.99528
9250241.365544723,7.189884691298679e-06,24831623489.99677
10042665.56305387,7.419461384248635e-06,26399806743.44014
9945617.403775098,7.566085899433008e-06,25805814434.22313
10431784.98849806,7.166274495714981e-06,28064867809.85553
9663030.068731353,7.619652655360166e-06,24954941037.4232
8927709.434684699,7.99841931595343e-06,22322214047.51825
9567838.396460289,7.773456190631193e-06,24382097360.98285
9711869.290136795,7.176458442929955e-06,26103337936.24062
9983681.836631056,7.325744132295525e-06,26468108222.37261
10371667.74465352,7.068705535617491e-06,28159309560.97432
7448570.721829806,8.551662602923497e-06,17811721952.40839
6847172.692901679,9.021186476544064e-06,15800427636.60236
7009017.203536119,8.910647275858384e-06,16307383734.746
9152158.652318714,8.085940376190674e-06,22717987185.81812
8826499.846425936,8.072687109823691e-06,21933592541.76125
9557723.290005188,7.700793349477925e-06,24509294300.41858
8916739.978957856,7.61453412044437e-06,23037952454.54836
8477443.311321931,7.737852435267017e-06,21669618499.66059
8323688.083139938,7.790954194038488e-06,21179808547.77051
8672733.108082095,8.314562533309288e-06,21131470139.61781
7674809.211125149,8.661557943288312e-06,18197158509.25232
8355796.96331105,8.319881930642578e-06,20350563371.58204
7974133.826995856,9.269825089376485e-06,18070458011.04796
7691088.833731909,9.610457432687921e-06,17014732328.84549
8597679.779711714,8.710239441878059e-06,20309280441.12289
6942488.124250226,1.037472449527336e-05,14594775884.36319
6219688.886179321,1.156666810494154e-05,12160827985.1933
6604875.205376501,1.024556721795616e-05,14001480021.1646
6981339.834429248,1.068822784746495e-05,14388040225.79217
6757112.027332629,1.148708652889531e-05,13272554711.10111
6256465.448930427,1.187399931830286e-05,12020735395.7803
8373510.250481305,8.771387172980059e-06,19687717485.62647
7479147.588509107,9.677310230085679e-06,16469572547.88224
7128569.084095953,9.540847452995572e-06,15846902823.43985
7664510.437690376,9.822273516589738e-06,16711280833.57762
7581736.63444352,1.011455041379627e-05,16210794687.72902
7156361.292348238,1.096030985101728e-05,14503640844.00215
9394415.846884836,7.535464244538115e-06,24441607829.67814
9238150.942622226,7.633101267078176e-06,23829652241.46235
9495025.60003441,7.642203862784331e-06,24472803747.9485
9447149.704251561,7.546739306188251e-06,24554319285.46568
9285951.131783836,7.791267933621726e-06,23627673856.19603
9712566.339540664,7.543416391547194e-06,25251583109.76184
9736036.051547224,7.396817445074182e-06,25645956805.49153
9467639.245988915,7.246578578266517e-06,25282481455.68312
9380561.092670418,7.34824920057054e-06,24818349653.88909
8864247.880615298,1.074539454520605e-05,18203727034.37817
10243464.03145069,9.059849206040744e-06,23570359180.76111
9498377.416976612,1.0219930909241e-05,20168988376.78122
8040645.190327036,9.79603277998239e-06,17562678257.82448
8536222.948207749,9.369331204960552e-06,19207021466.6263
8599440.683059271,9.831107527253236e-06,18738518034.64447
7064288.44153358,1.137491753597499e-05,13966993113.261
7486958.137619493,1.052741373235622e-05,15586823250.14141
7286902.924423241,1.147714360488762e-05,14321453815.78263
7972253.209410389,9.310932981122425e-06,18012982077.69578
8382578.164495521,8.914107025104146e-06,19498103994.54484
7887829.540862049,9.606392255862756e-06,17454897626.56009
9007634.409616459,9.040914491578668e-06,20755626334.69685
9947498.763081664,8.477067775182521e-06,23926735951.95362
9072571.105397297,9.501421300883742e-06,20224199016.16172
9663956.259880112,7.668844189720671e-06,24850493221.6937
9238421.969777208,7.912652775337973e-06,23265714231.38912
9256119.585274866,8.047252039739701e-06,23049626255.6514
9775597.505103244,7.39692727979424e-06,25749911799.14065
9398867.448898315,7.583979723485601e-06,24348791793.14038
8213909.839720648,7.318595057664558e-06,21790379107.24163
10906316.70838918,7.357738456402773e-06,28830258804.37151
10616692.03583884,7.330515217113334e-06,28134090921.60287
10810515.0103594,7.213544468862114e-06,28956578326.77214
10274292.57582576,7.618263556914934e-06,26536762237.73237
9926265.781905087,7.658662964002842e-06,25547628618.54851
10313318.87668389,7.470800565528244e-06,26986942510.07649
30363067.72303739,1.487593708917621e-05,50198348142.0723
29768698.68701265,1.911654418319001e-05,41637718715.41273
28367082.62234139,1.915212623898064e-05,39628108478.28592
33772111.84382015,7.831706363936892e-06,85635523087.38786
32574724.46608974,1.080375190794659e-05,66654736479.96738
35480571.31529999,1.004101118652981e-05,76232290754.42073
28092487.83271372,1.002083163003195e-05,60439522513.37503
26033803.502303,1.070090994174287e-05,53611400169.19313
27223576.23685284,1.411463935250548e-05,46612098122.31673
32440643.33812736,7.497883556810355e-06,84683148620.19258
30180971.78614336,8.65966691091078e-06,71570232446.19054
31267312.00795931,1.047101886244103e-05,65327782914.98167
25157638.06539151,1.173758734656266e-05,48709907706.55392
24540711.69202617,1.420142154110344e-05,41847155307.04812
26327444.17984632,1.517150137382021e-05,42959214007.31096
24727644.64666047,7.482544776389662e-06,64637299167.10104
25412691.09875366,9.059780929742367e-06,58475264274.88866
27447139.23511851,8.3827992195472e-06,66512669074.20846
22990436.94353234,7.613770181826459e-06,59403775689.70475
20498979.09076834,8.903747356769747e-06,47718159026.039
23651149.09990442,9.189621176066093e-06,53908077004.76374
21489324.11257607,1.322357390069172e-05,38428803120.1972
23329052.99580253,1.371395686322261e-05,40718201790.23207
23930652.43951512,1.126290616142122e-05,47627109927.71265
18787747.02784821,1.606096285305266e-05,29513926096.81562
19412284.57902524,1.42535544549783e-05,33021327602.15742
17967651.06947952,1.40606066572699e-05,30842904249.81434
20020519.87577962,2.704978344246214e-05,22217719986.41303
19725921.59642005,2.428708006205278e-05,23520890837.20287
19248567.42591609,2.733991021567302e-05,21209659188.08072
26410113.3269984,3.090687750494085e-05,26816381629.68121
23579268.46650812,2.856372649280059e-05,25234057206.65046
22914795.45099879,3.293139490736998e-05,22303647891.08653
21267799.09585779,2.102070560619767e-05,27922717927.7878
20531993.5905919,2.25165818011186e-05,25749144958.0242
22082770.07571208,2.450071339730675e-05,26177875460.27238
20893070.80614044,1.481100976163797e-05,34642760972.5118
21463211.3587088,1.763823972734242e-05,31675577507.74479
22707624.88569722,1.5311454494364e-05,36826525497.77146
20090922.84677391,1.524939884683365e-05,32671173718.60778
19455473.92274785,1.70613214904901e-05,29356213442.18801
20650085.96124847,1.807262431066672e-05,29985252944.62067
20315736.72359812,2.937124493581115e-05,21341142845.10815
19538057.86453445,2.966110258604683e-05,20390280374.18233
20911064.71893876,3.358914387581633e-05,20086773836.268
22244913.76343106,2.804405553981107e-05,24099249285.7443
20990024.04756174,2.880846799092385e-05,22335696194.99138
21599652.1763784,3.239966966226288e-05,21252973603.24677
21934411.91201942,2.592457656461519e-05,25040993021.17477
20388948.45410301,2.39302097853251e-05,24552581274.19918
20688438.63064198,2.669555752091279e-05,23161590835.18812
26898321.92398011,2.868829249953301e-05,28702653851.50978
24761258.74285245,2.40852937574417e-05,29689627809.36646
24040693.80002768,2.635631637822433e-05,27145042267.91123
14869734.01643217,1.807313034150697e-05,21591407116.58731
14287500.90772885,1.63439922057964e-05,22184561045.94661
12817013.38429163,1.695669388208093e-05,19418963757.61233
18404708.49212997,2.193504664118143e-05,23487487844.68062
16423995.74589395,2.026076958640065e-05,22099114163.5108
16422864.93526723,2.233716826862276e-05,20706030241.47305
18936561.18295668,2.095815863568428e-05,24911451509.00044
18478765.32382651,1.844776688807386e-05,26467347249.51225
16926624.65198641,1.929378905713679e-05,23530185259.38102
21424849.10037001,4.898459023610989e-05,16003370215.29931
19714098.538548,5.935755905160296e-05,12955660756.46297
23814348.69646206,5.218254865111024e-05,17053826904.80475
21524706.73441188,3.74664484159996e-05,19223932164.59806
21349719.77195217,4.153982804616382e-05,17799824324.48112
21529271.22469825,3.683712595247728e-05,19446383059.49777
19786173.31914763,5.367973791513379e-05,13904484249.84393
17448941.64998772,6.053126556131481e-05,11318336136.7058
18844158.6579063,5.529594134570803e-05,12983185082.61289
20596939.34062142,3.752483372280564e-05,18376247815.43613
20923141.00868992,4.56898125139429e-05,16371204416.90657
21250975.60075691,3.842582168959563e-05,18662225404.02565
19520589.23793437,3.075716915044862e-05,19885141338.66883
20244531.73703211,3.379471357430887e-05,19367573934.77173
20892992.58729601,3.47015585493785e-05,19638184221.38312
25037834.19569047,5.637645518031097e-05,17029356965.48894
24557907.48984727,5.820900142129362e-05,16350508347.80726
22694368.31013018,6.858533887101096e-05,13544528965.82844
15967789.9411393,6.685943576157517e-05,9693255776.524942
14348518.59983329,7.34119957644202e-05,8183938889.428639
16769849.09151519,6.718263160057107e-05,10147470874.77467
19285383.45320017,6.76436867954308e-05,11616539274.60644
17554631.20916521,6.361707327285789e-05,11015627796.48843
19898708.5491793,5.675319399115946e-05,13474045793.89786
17908520.53781799,7.212728910486507e-05,10335384457.98146
14608679.20892395,7.464937182928224e-05,8239993090.592198
16242173.97458966,6.809308392229452e-05,9740370773.104347
5733096.563490641,0.0001321590575402813,2209655831.826999
6108387.699823101,0.0001291892984149933,2390243985.933463
5571684.097228261,0.0001336278083638342,2131679561.170993
4836531.462463976,0.0001226862696016552,1958859901.937339
4846827.74671145,0.0001240666931316849,1948441843.474494
4115445.460808787,0.0001274621481375056,1624910188.136775
6083411.18712787,0.0001096814190163681,2654962951.039144
5269755.413952468,0.0001175465812504598,2196091631.496416
5043016.774816609,0.0001161613025511765,2118277064.458204
5896552.436291968,0.0001158314321101542,2481497722.967999
5296707.279315412,0.000121159033367752,2163227055.119594
5285943.501117106,0.0001197786174861012,2175385951.16998
10439716.97926477,8.968715361937229e-05,5210369996.814156
9571536.220925683,9.517437298318337e-05,4591644937.669559
8827958.473329423,9.7259520316737e-05,4174189866.026041
6813913.035233973,0.0001122375137249663,2928450548.367475
5660901.806470457,0.0001192749803862454,2336250384.362594
6280482.659474316,0.0001139462928360751,2672142127.930558
6512364.555280147,0.0001240237212336269,2618598201.908158
5425636.652372926,0.000131236929841253,2100938461.310215
5649535.486951658,0.0001290085231790003,2212757417.115406
5161476.727335392,0.0001325280539080794,1985647224.340642
4787494.179620224,0.0001372929638547517,1798909872.627391
4701372.370570039,0.000135558429976128,1781586707.995214
3083696.743216306,0.0001265623623352949,1223306491.80071
2776989.565780801,0.0001297605195785768,1083459122.779227
3376018.984766687,0.0001248730149791235,1351322937.044236
3263369.616566611,0.000126349396291379,1296037252.970348
3272553.246781183,0.0001251260413803632,1308142086.244586
3850291.261237043,0.0001211120857720595,1572902953.533505
2505540.56934154,0.0001333035683500548,960152585.7109588
2568980.71751237,0.0001318662799713674,991604163.0871964
2864284.102494129,0.0001286682757884165,1123832977.320712
4226810.599343354,6.712319322047464e-07,55135465881.24111
3760692.088726041,4.799309835007228e-07,61350096625.0469
4282622.742609716,5.484569252079231e-07,63916767434.36979
2339316.434440381,5.753829853367917e-06,7285359074.190761
2897334.601948851,4.582478703963393e-06,10501830783.14792
2145006.876300708,5.413066943884046e-06,6957711604.204414
1307812.528753438,7.504091348369778e-06,3412034539.41719
1931662.226442771,6.484304604682028e-06,5555062062.268616
1755477.425468175,6.143369870033208e-06,5233482867.263525
2285923.569397486,6.189214664602065e-06,6781170670.102313
2937767.188512827,4.776344655832139e-06,10358263093.58002
2375661.589326898,5.948151082524123e-06,7236522473.934071
1897113.041505951,9.601047958728645e-06,4199659855.402556
1764539.119550131,8.904784168002025e-06,4107230023.302335
1303666.850956863,8.679113497055141e-06,3086856050.64522
4627239.309819596,3.531591350828668e-06,19953005904.78084
3483589.062640646,4.172180692466347e-06,13441616867.72882
2770137.622185219,5.585073427638921e-06,8799988153.051409
7184652.995344113,7.200249967950598e-07,89434980122.37976
5648974.717572645,1.175695134534693e-06,50711503148.36906
6532496.176207862,1.430988439083319e-06,51442462236.51999
7592968.178832604,7.467412608865912e-08,428185030994.7442
8296764.390547795,2.251020838391189e-07,224210396657.288
10093638.3576026,5.386121253223857e-08,707723564809.266
5774041.605872508,1.213771641509077e-08,1093256122001.084
6949352.06807853,3.172594279135881e-08,693427865646.2115
9349388.400028892,6.545725454390216e-09,2671845520757.391
4638340.447846348,4.957667624739893e-08,343698537385.9107
4246506.926494877,1.579980422320507e-07,145299470974.3265
5697384.679281468,6.895066818206433e-08,338831067423.6361
5487157.794905045,1.230054640676089e-07,221852595285.3038
4065281.243350476,2.124687080032669e-07,114172263603.9553
3904085.735476032,2.672614707265967e-07,94093966635.01372
14947872.73474176,3.576373132392401e-06,63917165786.48147
12224922.41828353,3.623870808287852e-06,51816050497.62619
12496730.13974698,2.642073833549056e-06,65388256605.56819
10165719.02353213,7.168132645665039e-06,27344337953.44432
10647595.51061285,6.210609212442367e-06,31513410666.92423
10374401.10072748,7.182703465435521e-06,27867910695.41944
10902301.30029608,2.481035947772262e-06,59488014732.32471
10648523.27079704,3.454296695876585e-06,46599682696.40119
8604925.48234364,2.985112808608845e-06,41505592236.21654
16088626.7708467,4.582143026114153e-06,58318527459.63116
16270535.79068893,5.089829728696429e-06,54987800945.11991
13852447.86219854,6.194627686206899e-06,41069213388.24513
16119237.46717801,3.715723713432789e-06,67191687837.89458
13966241.95388306,2.729274536281107e-06,71512409751.01245
16301318.97133478,4.225100580948621e-06,62373202638.49045
12172514.03870386,5.553481252368541e-06,38815341430.88839
15014636.8630281,4.70092359812015e-06,53504795001.99088
12857223.86119087,6.312333285302275e-06,37643262670.36863
11985633.69018486,5.02834713839194e-06,40836091262.61696
12097559.70004556,4.218268061584955e-06,46338466511.10088
14807002.99404318,4.175384291024404e-06,57104394237.66367
5462359.942814578,9.231595968435054e-07,57614145104.58443
5525782.104344107,8.000655117415892e-07,64117520953.63804
9389590.065862788,1.487108410715222e-06,72069506049.3437
4426216.856347267,9.818401684846575e-07,44806273338.52828
3671255.281994521,5.159193669482348e-07,57072473748.8216
3824939.57397936,6.862441769994318e-07,49163047625.6843
2440463.150649176,3.828014008008545e-07,46290290784.82568
3816384.752799579,3.71878647306445e-07,73799143875.37384
3302678.418465336,3.868272791705721e-07,62209239639.73122
8761762.997504173,1.575431091897787e-06,64713053611.95977
4844612.48320426,8.93908545942382e-07,52207189923.82285
5227606.337181735,9.56274632738539e-07,53857697852.12953
3459615.32683445,2.737478959908922e-07,82059201354.34883
3858184.410152565,3.433716162534416e-07,78681636946.01369
2473911.828876419,3.548482539849329e-07,49357797142.26025
6079051.45345929,7.932947155098552e-08,329265411662.6044
4327934.687568594,1.604924706257948e-07,146547221867.5718
4723424.63441219,5.178421553809645e-08,339984190489.739
15462755.87830718,3.928183069821835e-06,62109650640.58311
13190882.45966885,2.429233776885547e-06,72995201165.23494
12916868.97774824,2.51658512482858e-06,69815122467.96472
3715171.474817243,6.473035385429516e-07,49648585073.53317
2420135.421268014,4.525339129471074e-07,41058736513.53143
3279023.940907136,4.556352167001168e-07,55377464190.9248
5117573.424140567,3.292743294431584e-07,107322842435.1224
4564891.502462152,3.367341968935384e-07,94313163179.79733
4130400.310419582,2.643518069882615e-07,100277605669.5667
5740540.827138803,1.542430630764024e-05,9264366252.625834
6062564.38760744,1.540361787636116e-05,9792822283.362589
5704710.605803117,1.666202277578366e-05,8744771558.645823
6142391.412279075,1.425236687565701e-05,10449114596.1423
6173785.449225605,1.479896142853135e-05,10242297210.39892
5848781.344964099,1.483741145663515e-05,9686345569.096863
7810025.419148549,1.025456864459273e-05,16546552297.52819
8360884.566358565,1.027919723592746e-05,17685313436.69384
7605670.615218634,1.119640668808634e-05,15196785603.68213
8520353.205074681,8.86937705049885e-06,19885149173.47131
8516489.803825479,9.128060838225836e-06,19498817753.76704
8021493.758889787,9.557720144219378e-06,17810893629.61609
9775753.040970333,8.087506714397066e-06,24262773961.04816
10128960.92118314,8.125975648307845e-06,25060008727.03654
9180351.115147525,8.687197819896531e-06,21723984501.74277
8451118.684000434,1.054443942830645e-05,17575129613.1577
8161807.438130224,1.130492341201301e-05,16203466214.49447
7691744.203854086,1.145319700587835e-05,15138180488.04796
6173143.126646082,1.725039336102139e-05,9246421306.500141
7464611.489684684,1.508164348032254e-05,12228544327.53675
6364905.806656593,1.675089150838295e-05,9722248045.153553
7723736.935260925,1.277804263196686e-05,14131380330.55569
8755011.48184083,1.15548014669207e-05,17129646266.62243
7747227.381518031,1.370440082477915e-05,13528187102.15831
6587695.842633446,1.420252283754284e-05,11232847818.93712
6555265.178776698,1.363725592943347e-05,11484328434.53272
7541542.303256377,1.245123891242923e-05,14038427406.88686
9056053.417193199,9.927859561478459e-06,19605077292.88054
10127588.28938911,8.978937619213156e-06,23443515374.23844
8756477.995580977,1.068514222097374e-05,18049946650.37008
11122794.17300054,7.98887695287799e-06,27832790200.96716
11259755.78479285,7.34444176948885e-06,29800469741.55358
10374371.20470105,7.187032618247447e-06,27856638359.60887
10337843.10228394,8.317571251161969e-06,25182504293.51175
10539219.71509238,8.397339585670098e-06,25510206902.04017
9445523.110121859,9.332980532513888e-06,21308151452.72655
10921961.06300727,7.506829986571937e-06,28488061868.21297
10571180.9511124,7.833377233722164e-06,26801399924.57887
10210277.40795264,7.79125954305448e-06,25979598035.12543
11218138.72391581,7.385439674564353e-06,29580345082.13345
11379775.74870941,7.318002942179634e-06,30190616675.67382
10862595.7094582,7.710115851477917e-06,27832978246.07096
9330577.686716674,1.141343128904287e-05,18406210342.77446
9869770.860314382,1.070955354091382e-05,20313877343.31358
8490866.464604968,1.32005547526006e-05,15201643924.14503
7810871.934497058,1.408080883557493e-05,13395156201.34488
8808389.303252229,1.224060825902124e-05,16584199036.61495
7993075.566676898,1.405181460621814e-05,13726473563.52345
10872711.4055685,9.100885634302752e-06,24943003986.41562
10481320.33121556,9.701559475371885e-06,23042077190.27329
9925442.417912127,1.039426085000637e-05,20839508240.42839
10782002.31918309,8.56292556199958e-06,25760323252.29384
10952840.66189529,8.72909352862726e-06,25835329522.01057
10017215.54755671,9.724793707489561e-06,21986701854.64609
10636260.5415617,7.497787296767064e-06,27765162730.27779
10185906.78273882,7.756959129223126e-06,25993934998.01979
10487819.99122343,8.85447629815766e-06,24504356652.66725
11115546.63611453,8.413472211440151e-06,26870803230.48487
10869836.41951507,7.658401942939127e-06,27976769906.84845
10719769.12251808,9.020324885967892e-06,24738345192.07775
9982669.860884815,6.70605211099397e-06,28071702939.35526
9903911.827468926,6.195343626433362e-06,29360480955.05286
10475835.23476812,6.747154002982517e-06,29338748022.42787
10545545.05638352,8.015681973781528e-06,26329465706.68417
11555265.82956978,7.808210249036201e-06,29359294024.01852
10140581.89216377,9.743567046323704e-06,22228878804.75987
9466817.23845217,9.871260507940577e-06,20572587463.21219
10028428.44682925,8.52469838772981e-06,24031462329.54615
9633617.489020701,1.026374637665455e-05,20397899940.56884
10805754.97183102,4.305440965589513e-06,40829747066.59982
10615138.04266255,5.104918580047153e-06,35804127889.49208
9592691.650008844,4.531062760668956e-06,35032712590.70202
13098710.10250544,2.247741965258358e-06,76336262844.49344
15186199.65790601,3.234812855804636e-06,69430399649.32129
12714723.10030389,2.296769990306687e-06,73040191513.17218
11082523.3654616,5.307862958047406e-06,36421586097.36683
10996167.24529486,5.30243877934462e-06,36162426277.3316
11190160.01264991,4.502265613131217e-06,41040775151.24694
10563547.6115319,6.867900231043135e-06,29236618604.36496
10839205.10809557,5.891785174049259e-06,33227640185.3129
10924943.88785638,5.901045832261478e-06,33455425405.30517
10245012.81009687,7.077388455433649e-06,27792683615.80875
10696657.2070538,6.814837467282361e-06,29758502754.40808
10728743.27658302,6.120238287000995e-06,32065397824.47643
6230215.556142972,1.798327281656555e-05,9076615065.642597
6531701.480884595,1.666611939825663e-05,10010828054.35904
7288802.938511932,1.781143211853633e-05,10687028855.24566
5559708.49184787,1.881859766369489e-05,7858274278.006021
5733800.114771953,1.898801975293221e-05,8056061366.544044
5712442.934268946,2.067026257219516e-05,7584457911.526547
5660994.493023274,1.78215448182789e-05,8297154319.750894
6128575.064307274,1.667455916395085e-05,9389805631.116337
5836652.578968164,1.798930009523704e-05,8501345476.339199
5202035.529525108,2.224193057292216e-05,6577461684.451029
5426425.003384377,1.963183423811157e-05,7456583511.946826
5577330.059389655,2.14838282217295e-05,7216920126.709153
4978689.320651238,2.576710961483556e-05,5706956422.640276
5090683.641915116,2.377587944467411e-05,6156752785.144021
5462010.092474695,2.301920517072777e-05,6749821412.907348
4980038.288368532,2.319801661513201e-05,6122546774.387916
4850972.662821199,2.381553706201733e-05,5860327776.575485
5029378.874659664,2.207907027572742e-05,6390387083.620994
5177276.335474928,2.020144759352881e-05,6979854214.835051
5220135.555219014,1.891106293594573e-05,7354240375.844697
5350000.769523024,1.871171448826775e-05,7590635251.625101
5595665.800351995,1.741341810326567e-05,8329055384.969987
5573577.718596712,1.635604414627196e-05,8649982164.155233
6060594.246938924,1.626585809591402e-05,9440548399.717964
4618418.051956805,2.68534010222155e-05,5150234973.221625
4814895.288673904,2.48793896742928e-05,5649721394.555571
4736344.133456456,2.510684553153006e-05,5523934022.700246
5620124.484771835,1.948651173996285e-05,7761098575.97596
5579162.064754545,2.064860830522529e-05,7412677736.855752
5776081.055806211,1.938373357067976e-05,8004637292.347395
6240262.7418157,1.322800329657074e-05,11156809373.69238
5874374.47650962,1.325622718299067e-05,10487734133.36301
6232747.845419851,1.238531359745831e-05,11643267775.76622
6478337.096162805,9.607899699138056e-06,14334346623.44225
6372987.943109918,1.007865145451642e-05,13658661618.22665
6224633.299216152,1.031551629997456e-05,13135697097.19514
6123936.845959762,1.898384844182143e-05,8605468739.4828
7173811.953388533,1.881523237736953e-05,10140910054.61324
6101864.36689827,2.06691089375287e-05,8101797431.626833
5318549.484177905,1.951363874705346e-05,7337830865.05294
5096425.265725557,2.212188462982906e-05,6467219153.185018
5146337.671294942,2.100401057602605e-05,6760260940.946241
8294015.576656328,1.385472653182016e-05,14378035161.21404
8242622.681871745,1.298345046432751e-05,14921254446.24021
9470046.171016274,1.31726556285218e-05,16978651892.63367
6308571.11697253,1.069536198990486e-05,12995729941.17516
6290804.023585676,1.15237905366971e-05,12330364605.8394
6091406.4973014,1.1481276946081e-05,11968988607.13836
8152987.97482528,1.212344026603737e-05,15448970733.55924
8038399.151575241,1.146983246816032e-05,15805134083.25269
9264748.496647183,1.12509942151929e-05,18451840849.40356
6855388.918609921,1.349595333000619e-05,12093807539.11396
7596807.933433499,1.306487811508809e-05,13694964311.46124
7646149.626031931,1.393288273830269e-05,13205316186.89498
6804735.104157682,1.299195670634251e-05,12312932929.13144
7433273.423216275,1.190522286409206e-05,14256790075.99446
7543480.340758723,1.255815365066154e-05,13962222928.72713
4303814.260827955,3.712997807199087e-05,3866966340.00664
3969528.893041934,3.588267432925623e-05,3648791927.541002
4155394.884472609,3.353630896529817e-05,3995785127.457053
6808601.287243696,1.109545039484785e-05,13686569648.95288
7065641.754733671,1.125777930280964e-05,14066405304.27646
7649415.134113684,1.01897915544754e-05,16274888831.30507
6018627.419915401,1.262520777630823e-05,11100395088.8859
6299770.081538715,1.157550890930816e-05,12311131509.6493
6118791.319427947,1.121850861223629e-05,12209809595.47747
6158636.918370515,1.279717080341009e-05,11256636016.66084
6693102.539034504,1.190910282242549e-05,12834376694.13543
6442993.741812435,1.174816294988302e-05,12467357176.61223
5642098.546404461,1.394963493589875e-05,9736408180.673431
5526241.261230384,1.518951125084902e-05,9010190527.137564
5768641.547882493,1.389331792597459e-05,9981663025.721851
5891154.127350789,1.231835692828189e-05,11044986666.94862
5733169.204394356,1.323187708546721e-05,10248188872.04252
5860723.759801722,1.317534134606661e-05,10506143650.73315
5966387.248541349,1.20477443207502e-05,11352920839.1778
6163744.524060694,1.209027514554313e-05,11700933381.53556
5807389.917112555,1.296122265123941e-05,10524876427.18644
6436364.382838484,1.488824588680342e-05,10635182195.81769
6445316.539232475,1.655645141609081e-05,9922004318.108927
6333087.37038143,1.544273016493754e-05,10212516178.83063
5531577.762212421,1.5635206756616e-05,8846672216.773495
5663682.547133746,1.573584898268468e-05,9019285134.983082
5774093.803699321,1.434037275460047e-05,9782357753.305399
6028385.010046632,1.914844371777977e-05,8422583519.196911
6139016.908677112,2.053085175891204e-05,8187679824.026255
6323447.740072499,1.842640620367305e-05,9064144905.392229
6182271.636072517,1.680973950772116e-05,9421226120.732546
6039086.747588491,1.821816636070977e-05,8722376432.715342
6334408.135565502,1.749585012370326e-05,9399022207.276806
6030650.610295141,1.708501556586837e-05,9091186815.09623
5731755.514398145,1.859573469039691e-05,8166051162.289771
5889242.785118572,1.84927273759339e-05,8421552241.652814
5575105.760699637,1.710280663643378e-05,8398624928.591166
5334601.721259326,1.825766766105933e-05,7693757065.483535
5530840.806910488,1.855084050249261e-05,7892515270.005561
6200331.602266829,1.444095757059293e-05,10455647236.37122
5864467.885843498,1.577060102432676e-05,9325306520.746763
6120200.654830409,1.570919831547804e-05,9757299730.716894
5415264.527025636,1.64860540637155e-05,8360043353.195628
5306113.195488011,1.774291926540666e-05,7799973483.70114
5545981.278780257,1.658625379895318e-05,8527325904.096474
5137362.499338033,2.16839513721582e-05,6606649415.935412
5037386.941813378,2.319375421779999e-05,6193810941.564266
5333406.275074064,2.184834044247167e-05,6824314470.45586
9309364.048458362,7.817247265554916e-06,23634737391.29734
9470764.836318053,7.572689606349376e-06,24559429956.95288
9808520.655053575,7.647265688329324e-06,25269659591.51046
8948101.01732789,8.339064600947222e-06,21759687441.57009
9150664.67462109,8.039551484111926e-06,22801570480.08871
9531955.125755157,7.997119290936888e-06,23835610112.6844
8875824.68464249,8.788483007879931e-06,20841682256.44397
8879768.738630731,8.525401616490338e-06,21277720053.26817
9461424.562649636,8.186269647791914e-06,23293379400.87115
8200515.690008311,8.979541702108105e-06,18981843251.01317
8815397.493268739,8.28558971735607e-06,21529120254.10251
8616600.243880579,8.584599407850169e-06,20552086644.84665
8270497.036872139,8.925160234471372e-06,19221514158.2711
8905308.419790277,8.361499907840155e-06,21616871397.96838
8887949.579553807,8.226229576206988e-06,21810604295.49551
7818207.929596807,8.023486383362919e-06,19507358705.59603
7935605.713690365,8.155959774689502e-06,19585291118.10427
8194128.11830799,7.866851750090777e-06,20715818914.6199
10827881.22255836,7.448628186773791e-06,28389600795.1356
10499854.93927356,7.565872609454397e-06,27244402183.12667
10539306.90326042,7.41811061465254e-06,27708723225.37635
10839206.73136798,7.447120551809604e-06,28423130564.86086
10130269.8713836,7.735049646303459e-06,25900746312.37056
10247421.04610445,7.605280595132192e-06,26497470639.82878
9971902.296381451,7.631376356647199e-06,25726227147.88496
10356801.40963064,7.619794182938307e-06,26746286245.57351
10682602.7037767,7.501135483680538e-06,27877836740.76551
7959719.212674761,8.15172394004294e-06,19651608580.97456
8288722.017124471,7.986314848252209e-06,20745470535.92253
8097458.436936015,7.947638879870689e-06,20332462363.58362
7530740.04357805,8.527476865955723e-06,18042246957.23322
7770706.86587826,8.287017076643402e-06,18975579037.36194
7906807.935897358,8.083192465281956e-06,19631157603.16764
7282541.893064999,8.752438719077931e-06,17147347104.62523
6914276.540257519,8.981787201326191e-06,16001900701.61387
7518552.440638093,8.511508089740346e-06,18035570690.43739
8126181.744826633,8.241935883596502e-06,19915920168.84823
7350481.203097726,8.765110779910054e-06,17290630567.38758
7917935.181816536,8.607196689431346e-06,18852579920.73214
6384786.705674399,1.116131983242306e-05,12784076418.9883
6942421.650686494,1.154512852201038e-05,13590803684.24226
6522831.898568171,1.176539980092056e-05,12609515310.86123
5120539.291797911,9.728795590068429e-06,11235946188.1575
6200975.939148374,1.005604366494017e-05,13309914915.91492
5951914.953993762,1.045573916982156e-05,12447636283.10998
2581017.011995252,9.113679043906141e-06,5915548877.452172
3928130.176500299,9.40675717040327e-06,8815073062.974834
3681514.713903815,9.801620088648839e-06,8038246074.105878
8269380.164682338,9.378125962713823e-06,18594974347.32515
8300069.316471563,9.352895850490398e-06,18697533519.81044
8619802.550924791,8.935956716292097e-06,20017197774.94781
4139914.387251298,8.409079733483029e-06,10011343893.30289
5606339.249395656,8.769953103802648e-06,13183008338.55585
4654308.01864404,9.062878589653268e-06,10707243512.05863
4545740.669963235,8.037246571827017e-06,11329214372.15804
6487054.97844997,7.601465033009752e-06,16779642766.20314
6077049.58673999,8.403671969799585e-06,14702123014.69237
7199179.108580115,8.830194670237921e-06,16851405390.15101
8572996.513386695,8.591580438640792e-06,20437006046.02729
8070615.090146669,9.174267428453609e-06,18415875547.16267
10113966.06178479,7.734539890117239e-06,25860197433.12398
9678355.853298482,7.932265646215308e-06,24333434977.49562
9768688.843994843,7.773179508890852e-06,24894523143.53577
8424810.005626133,8.956719806524232e-06,19534132233.9239
7548169.897678487,9.441736243492102e-06,16896902216.30991
8078415.183345382,9.399769562535934e-06,18137664529.07666
9352996.604941491,8.17699468350582e-06,23043846118.43176
9578996.22908555,7.883859804280291e-06,24182103396.69736
9489546.647534888,8.042752240085228e-06,23639720537.0809
8010670.973471764,8.828434743877881e-06,18753388612.21675
7531773.544803612,9.299471855137501e-06,17031715638.64223
8407487.165322155,8.813430302731576e-06,19704688029.90117
9143188.181695446,8.256107276691504e-06,22382784159.49583
8410890.817391345,8.567267708871494e-06,20088481224.72496
8817380.484557867,8.554044038459336e-06,21081034897.93586
9019200.989604793,8.494689923975408e-06,21663886813.73533
9213153.572132127,8.329384490171609e-06,22421588123.09586
9348682.656634966,8.196674795980575e-06,22996334365.20358
9900253.389690427,7.767763196931605e-06,25241528992.72942
8942327.762192061,7.91263654776393e-06,22520071870.55468
9469320.996965623,7.967774904524218e-06,23737089528.94614
7598637.783476784,1.090694352746108e-05,15450185560.7672
6973735.639266091,1.032272120652033e-05,14709661584.19381
8209047.585450121,1.02352511491978e-05,17413808759.74635
9883921.763278658,7.715720465777445e-06,25313079065.08654
9768873.184608391,7.843159402183101e-06,24746689588.41806
9382825.241893139,7.882658868789685e-06,23689276986.32549
10633979.59459697,7.494569214550765e-06,27767154244.44339
10165966.64804564,7.595006665279644e-06,26310548844.66788
9924926.316501554,7.625645207830499e-06,25617862735.99963
10442367.85517733,7.52912623236305e-06,27183326559.18742
10916629.39856075,7.431684503737863e-06,28665777399.61798
11039677.45026946,7.371931367492383e-06,29145322312.68287
10948417.15456058,7.204424647757218e-06,29350700279.28866
11168593.02944019,7.29293909758681e-06,29698196387.44118
11044826.6102494,7.348072450849827e-06,29222000862.40929
11042616.48780922,7.165090767926577e-06,29711473574.41169
11425696.80780473,7.186294006460906e-06,30681696857.43781
11263732.81744118,7.24865187342803e-06,30073052451.26162
8001504.299695906,7.134235683935014e-06,21591029029.70153
8506331.572148399,6.853740842499465e-06,23575297843.27871
9543751.531230083,7.214166732913706e-06,25562010394.29912
6267955.042786309,2.119999228253304e-05,8182802532.860141
6158978.676058809,2.182657481236371e-05,7885906827.572897
6182484.487384818,2.285425987809642e-05,7676883104.605052
6284251.33624885,1.73044597566752e-05,9393227682.8703
6295196.738035732,1.604668336992651e-05,9895075640.391388
6407091.148244055,1.716069730475739e-05,9630251188.53368
6355585.539820856,1.804914816424042e-05,9236719635.383167
6248162.097067672,1.824710003854785e-05,9014806018.241634
6166158.440865091,1.987328549081832e-05,8404300366.277217
6496880.057494387,1.469057560727568e-05,10831259824.01032
6542822.983742697,1.357548018855383e-05,11497278119.41343
6616957.262946833,1.359958011750389e-05,11613808564.25877
6417088.67745511,1.711583895174285e-05,9662123402.128677
6410262.88671294,1.614126404755669e-05,10036542911.14179
6309144.506889267,1.73143511074788e-05,9426844169.663164
6467391.661048063,1.633044611720801e-05,10047633756.36956
6509838.599928917,1.417216150006397e-05,11115939113.61999
6460539.162045283,1.535540214592092e-05,10457502254.86411
6366395.642200783,1.323457142964699e-05,11378552989.70015
6673540.82998043,1.228094393806602e-05,12537236624.01304
6139873.072633694,1.316816252601211e-05,11010556618.28215
6431432.939379168,1.669884155114746e-05,9844269993.425289
6422490.433276991,1.503082244966652e-05,10545041733.29869
6278128.667875612,1.60130794912612e-05,9882048304.88456
6583096.509858188,1.367871610658168e-05,11509770513.81459
6690662.361159427,1.322695422419741e-05,11962700057.73004
6825006.467892804,1.272354362540073e-05,12522691405.54576
7479017.761303819,1.094336481088299e-05,15173204568.48824
7122664.595383338,1.183378730863661e-05,13715974039.3793
7286816.571227439,1.151517781267089e-05,14289731598.86181
6152032.077813609,1.39955429577308e-05,10593157355.95922
5929390.631280489,1.393019327503502e-05,10241698060.8023
5817497.327077374,1.532645811828016e-05,9428479415.312111
7623580.233549681,1.050406618749619e-05,15894761250.54323
7860711.153764497,1.004311206090393e-05,16886888368.2506
7268771.150981915,1.110982097004773e-05,14598994852.85728
6479493.994562788,1.094135217867152e-05,13147013034.24873
6909902.970870679,1.088519393591143e-05,14068501298.6641
7041163.247890936,1.132515910136806e-05,13962018384.29876
8103591.613921039,9.653794755258966e-06,17873605667.01904
8073268.209912748,9.679325161546853e-06,17775397764.20848
7832928.226172565,1.014028250000582e-05,16719531771.6012
7312921.120333299,1.046948564950905e-05,15280608831.88176
7909614.614385703,9.851234544325105e-06,17211876351.28427
7642237.9827973,1.033781462897959e-05,16104035926.53414
6885832.345824236,9.734581933899886e-06,15103522302.2444
6797274.647961712,9.116824455323177e-06,15575395733.46967
7644741.375728113,9.460047517876865e-06,17090991272.93586
6534996.888702117,9.879820077979819e-06,14193168586.58983
6641671.234553623,9.40865965547341e-06,14902490997.2974
6877330.3671304,9.518849094628779e-06,15311941429.32057
8114433.851747044,9.92058733533324e-06,17575187532.51491
6886552.282123805,1.000780486037659e-05,14828912295.32847
7237857.205030596,9.647020566948299e-06,15971579752.42851
6048673.927731931,1.128360387165348e-05,12023427409.77535
6117996.256500614,1.073423218984098e-05,12572699920.20239
6265082.160199856,1.049763852222202e-05,13067696157.629
6315283.478801114,1.058078867908354e-05,13103304175.63977
6499124.148096343,1.093827249104815e-05,13189318046.42648
6816819.270841772,1.007584922804712e-05,14612594739.22614
7070011.162441508,1.184527229512959e-05,13605778624.91124
7425060.841037623,1.095438193536644e-05,15053636698.32478
7074957.278818292,1.156066923706871e-05,13837846367.68553
8478518.1647468,9.150097619426023e-06,19380700489.75234
8993249.435760099,8.567792631451679e-06,21478502962.9527
8801637.897220386,8.733043535353054e-06,20754857094.48407
6724567.992578559,9.303182306431247e-06,15202325769.8275
6566060.968535244,9.413813426874292e-06,14727460045.00319
6310628.134898371,1.012195888737662e-05,13486405388.60421
7689490.711627877,8.886167355428705e-06,17923435248.91782
7130435.882398048,9.044549930579334e-06,16425733485.10315
7220441.416021806,9.358429746958101e-06,16259047218.54333
7312657.787124882,8.698792176105438e-06,17288976339.38106
8086410.101805687,8.174364679665463e-06,19927512500.40316
7761488.172906061,8.339503385352e-06,18873460672.04622
11329592.43918618,7.457889233840017e-06,29680439984.24055
11019503.13426651,7.935502017218229e-06,27697829774.22053
10813567.28191484,7.846701716017367e-06,27384883075.65249
9629586.30033198,6.724723724306464e-06,27028669335.6245
10004221.75221886,6.870424696297055e-06,27681795360.22858
10873994.23770318,7.028923583592987e-06,29634428115.20626
9362357.639887096,6.101176047880361e-06,28039882493.44975
9075141.679406704,6.46369450036687e-06,26153683634.24881
8687300.287319764,6.496299592840183e-06,24952121139.33504
9618792.668790065,6.140881385921524e-06,28683584607.11521
9696411.020345796,6.648475139766819e-06,27423927390.40942
9327639.42441548,6.502708802735242e-06,26773729940.66457
11458031.96545813,7.549708144929026e-06,29773045019.43319
11319866.04511238,8.19085203244837e-06,27858339966.69475
11146177.76845076,8.016850946319037e-06,27826383052.12804
6193713.094571915,2.045340623401014e-06,38439168797.24744
6552379.500938846,2.838476128214206e-06,32684527589.55028
4875639.703143761,2.972127283433987e-06,23585947922.39146
4479953.816803549,2.034048358336728e-06,27906113380.18098
4029384.874775925,3.086515845138701e-06,19007561805.45672
3717674.231955528,3.368352833399443e-06,16544727290.73396
5830322.998111848,5.576392911813297e-06,18540596575.87413
5817509.584347368,6.318044740862268e-06,17022185127.81149
5070355.474132648,6.096188621483056e-06,15193790858.04693
1592169.674989088,6.850109630556489e-06,4414257530.269697
1924949.202361995,5.833614059978205e-06,5940105306.32431
2509157.857721284,5.609561704148095e-06,7947710361.972198
1468095.03940732,8.152537212506216e-06,3624312564.763191
1960845.948636756,9.129169837258608e-06,4489065588.049517
1743307.581633683,8.823663092846538e-06,4082643017.66411
7494940.23550784,1.485932617451126e-05,12400392454.99564
7694950.429466565,1.458766424261811e-05,12888884164.55883
6323506.142558929,1.700304352839114e-05,9563279166.603878
7843272.60993121,1.444306207438207e-05,13224861269.41242
7608450.221261176,1.46498052069842e-05,12707934572.74976
6714922.284762893,1.609858883030944e-05,10532119672.123
9533479.014024667,1.12500642335005e-05,18988095769.73044
10375012.16762698,1.048184967906336e-05,21661905818.25824
8653561.745909145,1.28742565146086e-05,15753611271.839
9128049.038792254,1.091676758739279e-05,18548775928.7797
9291850.79428643,1.130514458519367e-05,18446677142.26126
8670413.437093286,1.272403010768586e-05,15908284456.33983
10140888.83160409,1.092193058049227e-05,20600436085.5901
8652021.380743789,1.306203351383101e-05,15599489574.2532
8439857.836341171,1.333623954713358e-05,15007656220.79878
11715427.59794175,8.127690208471098e-06,28981001086.0812
11164274.45881831,9.306570156223095e-06,25233107279.94406
10290654.40651171,1.007082823491534e-05,22066470174.82249
12948015.46324449,7.118743668302988e-06,34989223618.51608
15289059.08102114,6.020191008833592e-06,46199851368.09035
12368253.14723747,8.294070884633403e-06,30185372327.61258
8864983.190950012,6.711889225014221e-06,24914264054.96453
9256727.713800889,6.676047193693258e-06,26108257682.85834
10110842.11738513,6.956256575668607e-06,27746205640.24439
11350735.41182511,1.005549694168327e-05,24364358143.90716
9347800.764128132,1.223967909484269e-05,17600679165.27942
10893047.44844192,1.010998818297334e-05,23297838479.76165
5318473.006277079,1.926339675030066e-05,7401135914.645979
4824461.625893817,2.053847428675626e-05,6432849691.989646
4915660.34436241,2.041441636764282e-05,6580979754.657023
5330623.975317902,1.908723969729426e-05,7463616165.504934
4776485.822080358,2.045114233902231e-05,6386997978.648953
4799034.989043835,2.051394992327508e-05,6404045206.576208
7172318.075247389,1.533377603508176e-05,11620553044.74805
7346959.031062346,1.528766621261924e-05,11927428546.41207
6255960.071309038,1.719555565584154e-05,9390379817.353094
5756431.466676356,1.793422443088393e-05,8401656825.47434
5007139.742191157,1.980624294280821e-05,6839982295.270742
5574136.949920753,1.844034585116292e-05,7986042061.577978
9051692.47545119,1.197024889198531e-05,17297938032.48287
8194842.459912187,1.361512674193554e-05,14372295900.14388
8438478.43749116,1.340600266266362e-05,14953101368.63984
7128460.001583513,1.542945318720041e-05,11501699770.31824
5987256.031656718,1.758106328970845e-05,8855187035.718948
6264470.252693995,1.688648675639673e-05,9517542295.382132
15255557.75324501,6.387671488997827e-06,44313192743.74657
12824921.8680224,8.593348363661972e-06,30568897992.58865
12338123.14321562,8.661864380475352e-06,29253298814.99474
15896676.32392339,5.574450206057634e-06,50563636969.35359
14726217.95212038,5.414790193934345e-06,47756974038.58173
13413300.17527486,7.785488835043019e-06,34146410178.7148
5463194.524539868,1.869422777496969e-05,7756068651.117817
4980755.312368499,1.986944000934725e-05,6789505147.977947
5728139.172887528,1.799975167327082e-05,8340060840.645548
7718410.86285565,1.192462924876167e-05,14787609364.7546
6720232.664996604,1.311311759231917e-05,12085009758.15523
7261486.170612711,1.209895155101761e-05,13778238227.69334
5684544.388865947,1.464090333753041e-05,9498399090.628944
5512736.908017895,1.400042629825195e-05,9490150361.210037
5974053.574068428,1.405651225196408e-05,10256930102.67982
6270477.339287135,1.32576195626764e-05,11194127119.24613
6084905.665969037,1.251718541303929e-05,11287109185.70658
6578773.370315075,1.212874753041007e-05,12462379014.03357
6003955.986837929,1.713631113275679e-05,9032873759.781788
6357618.222625713,1.544853169182585e-05,10249506913.64672
6917532.943759025,1.533306104318058e-05,11208099892.86255
7100638.611176138,9.354586036754632e-06,15993653906.57018
7365037.745872662,8.920834205871179e-06,17122663882.53901
8343236.666062133,8.571135418341274e-06,19920901674.99654
6956006.306138052,8.098872754726536e-05,3716010364.580901
6984340.725860802,8.014243453585135e-05,3757367984.348057
7155217.941163258,8.019384026057737e-05,3847649698.853972
7975911.670751767,8.343969131976432e-05,4177007065.510002
7344652.724309044,8.411366618259719e-05,3825840770.077418
7499962.022452001,8.248094763133176e-05,3958129231.170451
6216945.136347001,8.047664229588474e-05,3335265947.144275
6297444.529513555,7.886410128950441e-05,3424349720.246208
6660998.130354993,7.977151827846959e-05,3594518637.539582
2405970.116328033,0.0001059596094010471,1074475860.715353
3067127.622240522,9.980238814930132e-05,1425513139.929401
3172009.18232268,9.985080567724728e-05,1473782471.336764
5934175.397950907,8.233771935411354e-05,3135411087.439424
6071098.764750671,8.374362023994405e-05,3171753859.638644
5473644.471460364,8.419759914262509e-05,2849334566.33899
5528200.617449755,6.911288453016747e-05,3282548228.263654
5075358.365910307,7.136876183758698e-05,2949813810.217474
5041866.473280159,6.826133746596131e-05,3018617908.764354
6538741.341273063,6.582442544504204e-05,4010847102.827862
6054379.262144313,6.71080369057933e-05,3666231909.38937
6189798.810252239,6.37853560353504e-05,3877298262.253946
6726643.337375352,5.995126383764819e-05,4391364691.934154
6709909.993568777,6.403063765049006e-05,4192355895.05494
6356367.515034034,6.199993990120506e-05,4057714502.158772
6771140.409475209,6.925325982632142e-05,4015149055.346693
6338397.389200871,7.191868673216638e-05,3665092712.861963
6715089.443782541,6.787551037909162e-05,4035615018.824485
5841308.603058162,7.306669580837166e-05,3342185152.810798
5270344.381302873,7.257158771116994e-05,3029199742.688826
5731619.26088112,7.0311534103917e-05,3364544558.378316
4749782.75961897,7.353276859267988e-05,2706157908.880719
4364659.004661945,7.547178732588133e-05,2443958888.585747
4580311.333666418,7.27105087185128e-05,2629239874.924291
5501475.559842567,6.56856405375219e-05,3379342641.573247
5637677.042026961,6.768945065657032e-05,3394320656.264791
5146440.706099892,6.684569313199217e-05,3124577872.574226
4840072.817436234,6.014180291747379e-05,3153074750.468859
5298889.839340993,6.379711011450883e-05,3318823983.899749
4950563.212810214,6.495663376177545e-05,3063648503.872717
5983574.141799971,6.354812144539535e-05,3757441249.645595
5850442.161171501,6.686422902250225e-05,3551344439.774001
5711678.800887994,6.486120871671886e-05,3538129719.790906
5102913.588168282,7.765681777017284e-05,2803486618.352023
4901298.471204215,7.931026002208578e-05,2655165324.933914
4493694.426251007,7.761265090875607e-05,2469724586.847435
4502263.902384941,8.308311972372149e-05,2364589466.850956
4506055.67583122,8.565814541258644e-05,2318911149.205471
4526311.303877912,8.455842872698374e-05,2349487562.77879
4291681.678913425,7.777394472649315e-05,2355436591.047123
4453870.16514445,8.012084501492599e-05,2396480348.488954
4500551.911963964,7.762710331313681e-05,2473186430.855008
4600929.240779447,8.291091117010489e-05,2419753326.225475
4524611.353152852,8.524770331717184e-05,2335928198.363094
4520811.77893386,8.266990292102609e-05,2382236132.001744
4302359.471883444,7.86853064513788e-05,2343028655.690188
4544369.046274314,8.126960615045043e-05,2422078174.804589
4464747.727047313,8.103097985503227e-05,2384310791.719953
4522836.679971352,7.331104878245594e-05,2582049817.899203
4308558.010124348,7.606839123610729e-05,2399914613.870224
4517833.640200214,7.592526262610481e-05,2519645059.436378
4878707.173275414,7.446510866168607e-05,2756361658.848313
5097145.747427543,7.644237039377924e-05,2829899125.128631
4488281.92683415,7.640499695425438e-05,2492674784.00073
4963196.276224041,8.209224173557113e-05,2627604760.807632
5043192.393059652,8.43625110944753e-05,2621838103.885876
4852191.683688138,8.480440001753911e-05,2513770885.181843
5910926.057696443,8.486647523623838e-05,3060775078.827939
5313646.654202566,8.682337419663496e-05,2709993390.112439
5321611.14194204,8.531549342660932e-05,2745940982.734745
6644470.698238777,8.190820148179378e-05,3522968802.077793
6367982.694351234,8.317463954462623e-05,3342011368.275299
6227732.563083268,8.176391787920748e-05,3305893248.350021
6820676.97532956,8.251207800949139e-05,3598728905.6176
6924079.310438774,8.418233462385819e-05,3604801788.672703
6540508.136652425,8.377757929084771e-05,3416066254.919263
4693768.435208286,8.541993852149666e-05,2420000693.315078
4567564.138660138,8.593627635943757e-05,2345490257.806265
4644241.90774992,8.359893489052861e-05,2429112731.359493
4608918.255673854,8.711309470567114e-05,2345362861.630587
4311288.355637848,9.037388692575326e-05,2140811505.600818
4483867.67951225,8.762613967236114e-05,2272812808.909804
4882734.439140275,8.163154870236746e-05,2594723473.019767
4772638.418580617,8.434434927755159e-05,2481539570.975576
4722696.425431873,8.252166613005731e-05,2491598370.257303
4398839.087404991,9.026787016713126e-05,2185995574.615067
4290369.974034591,9.103756587053152e-05,2120057564.081808
4587289.009496567,8.77708794594614e-05,2322678692.431232
3374336.597842333,9.702555657618809e-05,1598076777.133939
3268041.411554182,9.751152293132893e-05,1542589099.9346
3812003.744611341,9.433024113958801e-05,1839582864.373714
6236706.273977537,8.485198888696421e-05,3229837008.993456
6611391.647584773,8.525638501826159e-05,3413041812.408605
5622755.763090036,8.680964289344462e-05,2867943378.95146
2995499.314402068,0.0001001279791339672,1389202609.906679
2333844.986769473,0.000106795632565872,1036819154.742215
2895397.77686066,0.000100607475706739,1338509326.520695
2713628.093636684,0.00010298312676915,1235111819.107473
2170952.378871756,0.0001092063766130833,950207159.8800679
2291109.438452502,0.0001097045097819095,999760975.0382832
4436699.659795379,9.214274671958943e-05,2174799682.446597
4130516.32312108,9.343547158913428e-05,2005994885.873676
4142973.825679933,9.673459652788449e-05,1966033769.241415
2801399.790344951,0.0001020011921673953,1283231248.216223
2171307.099438346,0.0001081871930784692,956321714.1316774
2162899.32311355,0.0001087113543978533,949554071.72074
10018190.6579586,7.374181747060289e-05,5697006755.39412
9079250.71759741,7.809296439996476e-05,4969454704.047658
10347453.53012262,7.74294439663589e-05,5695904830.58984
11474469.718091,6.331870520400274e-05,7222894539.952963
10765743.40833153,6.87737181784628e-05,6413508699.363502
11712548.2877098,6.734957621819392e-05,7075570829.552421
8561097.943571012,7.392272373973045e-05,4860461327.864646
8646404.414662881,7.72146934651013e-05,4768358617.785264
9563246.683754338,7.28676705751023e-05,5481702150.478119
5781366.494886852,9.109208770567614e-05,2855683446.968766
5300558.476079379,9.454769431342453e-05,2554000640.106448
6077593.415956959,9.248883792590294e-05,2971703171.181241
7747081.197237324,8.71777729342049e-05,3940345113.722831
7061530.856250573,8.665723982427675e-05,3606026881.364941
6822918.425963629,9.012570719841536e-05,3394202288.122091
5796261.572410027,8.52263208322689e-05,2992945547.820831
5066179.969384616,8.886375710702515e-05,2544080404.066722
5676806.297823646,8.85058321083992e-05,2858398767.385366
4757756.239515306,8.019119967508928e-05,2558493867.737848
4660986.046122246,8.312535900162557e-05,2447121016.06296
4930472.34762542,8.139505075344889e-05,2625164535.490775
4284766.806641525,9.734169786488978e-05,2024858034.049246
4711156.705336094,9.584962077802548e-05,2249403073.803948
4583391.386966938,9.274276512890317e-05,2237004807.620057
4336094.421185224,0.0001042563542048586,1957478683.914358
4555456.320596964,9.951798338259389e-05,2121277613.997749
3793466.385430778,0.0001042595764631964,1712480372.273143
7768811.887643762,9.643771859665306e-05,3694224808.16058
8537186.898095738,9.134819731565616e-05,4209024641.665504
7139386.270895533,9.569608597262638e-05,3412437948.413273
6363561.252425357,0.000105144029686941,2856563068.748106
7115062.577114373,0.0001008798765938555,3283288376.616529
6110499.999421838,0.0001041002055598224,2761270948.4088
9071089.059216639,9.109655425954005e-05,4480482624.781295
9040918.137964044,9.019728483497571e-05,4495212505.756474
8249672.523942578,9.528918141068628e-05,3954342768.10539
6186562.127790182,9.372440604232696e-05,2998340244.849933
5402355.100281485,9.578838037866261e-05,2580524027.377544
6212343.309748584,9.604029326108558e-05,2962236959.297109
7672841.79508378,8.910062565299115e-05,3846234342.015401
6753258.671414941,9.205294915287345e-05,3312492576.802574
6780193.577603986,9.436404676175692e-05,3271179595.579004
8079741.505115631,8.509092152071107e-05,4176463099.489586
8114490.738502293,8.178966042823715e-05,4306545091.490416
7379289.776412122,8.45765833808378e-05,3829844492.842466
6549520.349609189,2.601657056871155e-05,7459495623.754171
6280310.889994344,2.262499903503303e-05,7850947923.326777
6367423.911619705,2.339955557364267e-05,7783208978.357077
6761020.52834457,2.819401345009208e-05,7298623921.275321
6555115.42463868,2.61560276237995e-05,7439307065.510905
6739477.966828623,2.851004390320199e-05,7221504182.231027
7255494.442996466,3.272446138408927e-05,7091727003.129093
7024499.793547302,3.043780067682167e-05,7205651022.291936
7363891.655162177,3.316393685160703e-05,7133949057.227639
7067738.866026904,3.128906894157018e-05,7117903049.424301
6622011.124429397,2.742674287128039e-05,7281269112.376455
6839776.94661258,2.90037825459282e-05,7245563698.242043
6371210.257660523,2.435896367318578e-05,7581981709.210997
6258089.357236859,2.105370394231952e-05,8207724155.547497
6381662.298049992,2.389809036708558e-05,7691747504.861033
6715379.368335644,2.884367494241517e-05,7140086782.617518
6591306.069495574,2.738641250429343e-05,7254620773.244166
7036016.078412211,3.124944656064372e-05,7091943544.413709
6589196.541882818,2.714724612972207e-05,7294831669.289825
6526499.782075123,2.446563265182845e-05,7744190496.178727
6466299.907731011,2.569178676618644e-05,7426650233.465813
9014059.949067432,6.55780010117436e-05,5543044000.214233
7947285.480382755,6.693141198260675e-05,4820944767.995473
8315362.999992551,7.040836970437706e-05,4876763412.900428
9779199.790032687,7.015757590425716e-05,5748928875.676861
9482470.064012032,6.63821274997316e-05,5783899021.964649
8765487.858509382,7.121672933967981e-05,5101776270.149689
11043692.74532768,5.943049568231155e-05,7251726456.254794
10325910.03651311,5.55729281105252e-05,7090651655.873878
10043299.40586564,6.11106889181861e-05,6473387776.382934
6919220.726447802,3.009732484608902e-05,7151084686.871244
7278442.13585126,3.250664459550102e-05,7145901162.115344
6941048.44147401,2.978162971659172e-05,7224250038.55641
6310081.429788664,2.317147190508645e-05,7763648820.469152
6625467.144341616,2.725354636290423e-05,7315901048.883873
6442681.530783177,2.490063652418553e-05,7555438907.217992
7451752.203645973,3.270611893767262e-05,7286277881.31235
7407430.484888651,3.3237919376713e-05,7165475759.8656
7044999.900950975,3.082837482069121e-05,7165512163.982434
8654665.445717508,3.867569688750888e-05,7567600302.31667
7827135.296121881,3.453890661998155e-05,7380126128.077713
7692747.01208104,3.455867152008347e-05,7250646924.64013
9150601.263007905,4.069555974621635e-05,7734251326.909664
9647480.624714065,4.263497101151527e-05,7905025350.774303
8299104.214763041,3.655392593962624e-05,7534860215.322249
7205599.658264208,3.306479458387091e-05,6994546737.722883
7784056.823185843,3.619614847620272e-05,7113736213.019713
7401267.048576703,3.376944766664442e-05,7084188406.622026
6848619.974940661,2.951005042356416e-05,7171716285.725034
6975268.928127857,3.139419015483574e-05,7009086719.564056
7167804.731648392,3.209775710871498e-05,7096916704.983268
7238711.466339788,3.471433234341074e-05,6802293837.089231
6923525.885085527,3.266548896520388e-05,6775393834.637347
6823094.413786729,3.666479079891794e-05,6182278612.993061
8019404.960371641,3.826538084619308e-05,7062169194.115035
7705329.238221887,3.661390250592207e-05,6988122665.616015
8056060.14989036,4.05670998973793e-05,6823492614.668398
6791357.276179698,3.090756522764813e-05,6895726825.555966
6915526.416483223,3.122618307305458e-05,6973957721.990533
7230531.888792786,3.327507664048471e-05,6989147449.857885
11534380.47713916,5.515498139949179e-05,7960452919.163436
11944428.79016344,6.368652674720587e-05,7489744612.747137
11839406.06544725,5.861179364735682e-05,7846450540.220585
10438829.55322926,5.253927540913506e-05,7441533144.644293
11160460.51323295,5.63960168952276e-05,7588975671.556376
10492454.90218929,4.897454265394886e-05,7838449870.061996
9542167.16741343,5.520452772276583e-05,6581585912.696167
7985049.275058208,5.795133578691747e-05,5332145191.331506
9270569.192572644,6.073783736942471e-05,5999755006.123939
8897341.652384214,3.949512588897512e-05,7671811660.381915
8217440.917449621,3.695782876894821e-05,7406260059.655514
9771453.6658685,4.265996927815255e-05,8003479154.476658
6695612.819669292,2.756319375466458e-05,7337880591.125499
6480172.841226684,2.598717281798631e-05,7386078175.182073
6490713.843396499,2.552550281817708e-05,7487030325.571312
4963769.929842889,5.162732322653611e-05,3580073186.536401
4759245.712720284,5.251246936840576e-05,3393880135.214813
4547256.792569925,5.817236452139011e-05,3028807479.80265
5254931.454397174,6.11490723077891e-05,3385637634.349374
5087959.187510146,5.378197288767488e-05,3570966692.289009
4666154.400141003,6.033443052774033e-05,3033301826.302492
6668046.300081312,4.615212621370493e-05,5182477965.925064
6462867.084126823,4.183597495853662e-05,5362804453.467197
5712323.195019493,4.70907810876272e-05,4380484774.460385
7809107.587065815,3.645376489630521e-05,7102967278.27846
7229702.417992207,3.332351227023417e-05,6981572335.026183
7499218.718267717,3.480355166650732e-05,7035046567.230327
8894147.776860256,4.106823651548689e-05,7471944510.656137
8314399.05095496,3.937922387866237e-05,7183224333.725184
8351721.57152484,4.167952751656556e-05,6947482839.215296
8743824.364940479,3.949205309610743e-05,7539831099.440464
7776818.337973574,3.537453462796391e-05,7216746729.646104
8169078.697599473,3.78029519941623e-05,7252525593.215424
7803776.23935671,4.066494517164577e-05,6599200864.529183
7458642.357523186,3.671414946261134e-05,6752078282.785136
7036666.155035019,3.866293147528868e-05,6154183297.035945
1919390.391177668,9.351145967312509e-06,4324342581.693655
2192678.26368043,9.962752030989997e-06,4735749230.648952
2121587.193432239,9.947608517407866e-06,4586855881.370769
1277323.491362506,7.942391417635143e-06,3208731481.614349
1534827.093721144,8.615508092959365e-06,3652068043.95287
1154448.60358991,8.288261072871371e-06,2818809032.198448
2155952.974643695,9.558309987091064e-06,4786872680.773053
2201386.008121034,9.86597443225267e-06,4785597968.906792
1927537.987288337,9.251256530961138e-06,4373902822.782149
1827827.944094871,8.719637191497893e-06,4314558573.013139
1983052.94257713,9.104348558477699e-06,4548152917.895948
1487318.671846272,8.121583081333683e-06,3681093956.417459
2132108.150172273,9.164699852348607e-06,4868521207.515554
2730311.140016905,9.886874071223825e-06,5927062033.726856
2299503.131132374,9.542046770419551e-06,5111397363.939979
4328161.795816918,1.076405699416479e-05,8878089009.283937
3502181.416339072,1.036486686871066e-05,7367093024.608322
3965647.213931138,1.03248186597135e-05,8363584609.258102
3218584.950542425,1.077202453494586e-05,6598827166.551206
2621537.376474909,1.031543984207403e-05,5532195939.725665
3026485.840747895,1.036151060028213e-05,6367807547.127735
4237628.68677409,1.091234751613091e-05,8613456031.619734
3624835.172827727,1.092657075512996e-05,7361489128.093908
3420791.875168276,1.051635258284403e-05,7126613832.814645
4962603.411251933,1.179427331745393e-05,9577719442.2966
4790996.586894892,1.195914628715452e-05,9161341576.644022
4022380.177938928,1.139094922784233e-05,7945291555.287631
5759956.855304735,1.212369170882744e-05,10914302191.50961
5952206.488705592,1.255458201620038e-05,11019024537.67484
5554255.884331614,1.206469155988206e-05,10558812264.23906
28262562.62100918,1.450438443658951e-05,47520244829.78596
30215520.4141124,1.221946301263479e-05,56954581441.27633
29147770.92903196,1.039564602230683e-05,61193368309.34761
22155642.55191532,1.898890866175218e-05,31127985309.59467
23692011.49908474,2.020070265417893e-05,31941669915.95648
23419689.37397618,1.664723261116863e-05,35921387100.79557
29781734.81344192,1.845824538707282e-05,42640574632.16882
30376233.33331623,1.422837211889877e-05,51732536982.18591
28418002.01196751,1.652805853109579e-05,43797129346.86152
13386273.0005751,1.91223134825115e-06,86889251376.28546
14397046.01172752,2.995223157820859e-06,69287347551.60988
15620371.75194499,1.575620167620185e-06,115360468592.8465
12120943.50382519,6.400791580411935e-07,163197675855.5043
12820110.90827799,1.32572485613313e-06,106232201829.8012
15008296.31275482,9.872185303922772e-07,151375594967.0527
15066618.93811315,4.712946329396821e-06,53598685843.78521
14850013.61733429,6.207718975804413e-06,43964838936.62262
17586007.00799112,5.891167656778044e-06,53913764038.73044
9918392.762331504,2.705947480778294e-06,51077354260.18571
10919288.54867403,3.722570224681365e-06,45460311765.53416
11561094.97392514,2.281181112976514e-06,66715353385.29007
9034575.292786492,3.143386216008253e-06,42102631920.16276
7985129.596595727,4.031278678445156e-06,31524878491.46252
9990932.984396568,4.161868514459872e-06,38614208943.68934
7368985.54906775,1.14957641061041e-05,14467133060.48045
6240092.720487746,1.142808671138156e-05,12299157363.60292
6627388.50286427,1.196822905709398e-05,12666476889.10745
9733591.878606031,9.692268962581473e-06,21411947067.06449
7440547.744954227,9.635433501890973e-06,16432011700.66681
8234782.917652521,1.068192179321848e-05,16977975098.95117
18348514.81140829,6.789596676426064e-06,51172692188.56487
15551356.65029233,7.107370976777675e-06,42069009982.13618
17989232.21715609,8.318151389629688e-06,43818894287.81161
7932442.440504562,6.255921289132402e-06,23363939816.79179
6963541.527416664,5.07346006536185e-06,23584536142.91244
5834240.697494883,6.263246883395346e-06,17170567735.09384
9917302.040701576,8.905457478641331e-06,23082847590.32517
8921263.722741097,7.538746749462879e-06,23203862056.42022
7601275.474926955,8.850349782133406e-06,17765585093.12364
9985975.345262699,4.851397346864955e-06,34845437787.53668
7980697.527898351,4.720683583225515e-06,28359871371.78682
9015725.224542717,5.90260278557146e-06,27603975172.85601
11195969.08490741,8.496186393665537e-06,26889269433.73748
12563431.13458989,7.213157199322634e-06,33653068190.73515
10136018.65896675,7.129500618098366e-06,27362849851.84365
5141365.536218729,4.805953231702544e-05,3889485187.585844
5246178.312579094,4.389009374913394e-05,4216305220.020448
4933176.553613615,4.894418778756692e-05,3686882028.490556
7732535.403307492,4.275393300863602e-05,6324184559.054394
6969025.593781035,4.075044835535809e-05,5885054176.237259
7182026.384841386,4.506813340284138e-05,5671099696.773785
6137161.273505981,3.49544982148518e-05,5740708406.493122
5724342.317581901,3.908205972772067e-05,4970582663.439116
6359143.696402345,3.799565227621974e-05,5626556735.352665
5516524.560643693,2.531379142663973e-05,6398734508.867265
5760157.279053455,2.556483871033131e-05,6637516858.030442
5921783.280404117,2.319161262422075e-05,7281684824.252213
4940348.318596621,3.009099383135235e-05,5106616162.423717
5509992.226587905,2.728950967701459e-05,6078836993.737653
5271766.539000026,2.703865385904638e-05,5851934526.926944
6296720.060715525,2.673033930042754e-05,7043330563.778242
6148094.350966268,2.483043432166866e-05,7223554930.528691
5960263.865784562,2.617626300274429e-05,6760732038.942694
6677317.459658087,3.045204833158738e-05,6847378750.904214
6482396.24046214,2.890117258290301e-05,6883224456.333501
6352878.812610586,3.141009430672326e-05,6381524054.347738
6749345.032162162,2.946876174967965e-05,7074358079.012966
6636239.958296706,2.747686197642644e-05,7288038526.177691
6553367.569308097,2.791786928773315e-05,7121033265.999322
6340852.267714663,2.450150291172031e-05,7516560403.36835
6341341.016375529,2.372017583718012e-05,7681319670.010153
6511532.518085463,2.564385095350518e-05,7487917504.156198
6146148.471873696,2.038402189776608e-05,8236508085.925551
6228019.403621405,1.875768117235169e-05,8821935071.3979
6274519.663547561,2.009203718266416e-05,8489807359.381556
5904207.830929844,2.520036541606312e-05,6868950883.094964
6091159.827979903,2.385440363233813e-05,7350568902.168535
6067828.436708145,2.282652262316814e-05,7540615364.952882
6755734.614081209,5.469899832454033e-05,4688346108.976617
6741795.15939895,4.936753871539599e-05,5009732874.077161
5780597.678023526,5.030385542779773e-05,4242012033.740067
9387942.924363106,5.29446538574636e-05,6658182552.326472
8670089.909937875,5.170126581410164e-05,6247258602.574924
7844022.008280198,5.569649256741291e-05,5378405871.286162
9781103.635871787,5.019338371768804e-05,7188256148.34787
9331317.01273088,4.468676567168065e-05,7410093062.570715
9048077.363383604,4.894846391514109e-05,6761819812.820024
7116583.975349503,3.261947351480545e-05,6970869410.915454
7317917.486050727,3.580044549052074e-05,6736927716.454431
6793172.979283359,3.275656415674277e-05,6635501912.0249
6368807.553187117,2.869146829928776e-05,6795523885.04362
6876529.679019894,3.083998149620053e-05,6992405126.420547
6558684.035041468,3.098053476733846e-05,6649016886.051074
7081631.700853057,4.046444882709578e-05,6008290421.658959
7749448.797761372,4.305203094269989e-05,6308726751.465776
7349016.864308867,3.922442127698672e-05,6365876577.629417
6179263.488696181,4.076035413933246e-05,5217287250.300212
5553742.475568715,4.184543717326172e-05,4607729740.034594
5445885.78222472,4.601319581912954e-05,4241117094.612402
5320050.542684437,3.763993109712262e-05,4736779971.960984
5469784.709366385,3.899294190732284e-05,4756778158.158181
5873481.990404507,3.486605374482888e-05,5503349714.410711
6259439.85645536,2.900548765282464e-05,6630536802.730764
5795475.998901613,3.086759424116566e-05,5889619749.792958
6132180.572834236,3.151367467821712e-05,6146325696.767506
4517232.660722619,3.715466138982158e-05,4056924458.689425
4034719.636316903,3.731284867297873e-05,3613331086.422831
4281304.909104211,4.066687056520391e-05,3620336925.287143
5329474.11224279,3.318980692121789e-05,5160374331.839525
4944548.688584299,3.551869447210447e-05,4576027876.162951
5109890.107513978,3.660973942167591e-05,4634616483.360108
5899078.289762202,3.327461519743541e-05,5702195881.531709
5568926.503535448,3.262839699927735e-05,5453906158.164088
5344412.444485421,3.604906203239922e-05,4897457250.63189
6188922.586826143,2.798459621352183e-05,6714324919.928773
5855398.532675436,2.7430419765788e-05,6437760617.63382
5727630.035252429,2.984720633768934e-05,5952588110.046069
3932334.111980416,3.900113359072685e-05,3419261035.055027
4091635.35750621,4.391821980068519e-05,3287005551.603639
4175817.285784604,4.235806573114306e-05,3436508383.664012
5029331.673470031,4.624376564561764e-05,3903685452.878581
4905628.476177397,4.848960479730272e-05,3689171892.808823
5217768.530288341,4.343724508558533e-05,4222567754.7325
5127468.651273894,3.994938743317162e-05,4387625961.67086
5085019.030106389,4.410839118282939e-05,4073287872.775173
5274486.683495406,4.13034220394309e-05,4414242389.015409
4566516.967772054,5.031504351028777e-05,3350578833.669183
4743856.996275485,5.021031756485109e-05,3485536299.325494
4865516.238161894,4.796304187346443e-05,3685737888.713427
5304039.189400766,5.142840637829719e-05,3835347150.817752
4743598.105900161,5.444433257589843e-05,3302220745.913388
4467670.883209858,4.881089531705985e-05,3345055467.062011
4582832.05963949,5.676008424278015e-05,3102929595.371715
4488340.427250189,5.814286210572773e-05,2990576056.699546
4460712.379327508,5.365466564261829e-05,3135685946.144283
4379129.603597071,7.846348908655748e-05,2389329551.134298
4781617.750087734,8.015785817635258e-05,2572038423.110697
4623259.399583467,8.105158926619478e-05,2468542287.575468
5761902.834698503,7.448524928328381e-05,3254760823.825913
5420263.255452063,7.596534980672643e-05,3021876320.275353
5194932.801193634,7.398197988937931e-05,2947786107.233445
6439762.793572864,7.200778049468547e-05,3720633745.243882
6271004.395681844,7.295647989434884e-05,3591654262.843941
6701478.781018014,7.028619661534694e-05,3934811676.199263
6983179.741142712,6.912720312857164e-05,4145916617.867342
6616532.310194043,7.105011279506499e-05,3857038048.997401
6881780.462258913,6.93293009718109e-05,4077771939.762742
6567955.57496992,7.547341936654084e-05,3677625671.530231
6692128.435080151,7.688777702619677e-05,3701059474.949432
6475051.37494668,7.600332638849727e-05,3608733560.409455
6005991.400648225,7.494191690665753e-05,3378844259.36446
6152898.439840006,7.580228946754031e-05,3435248811.717171
5657081.103125441,7.642198359347595e-05,3141329801.479842
6347499.731409486,7.318626002596426e-05,3627852780.56102
6328969.421717289,7.499449777942737e-05,3558880427.399659
6179962.657772098,7.413269505525336e-05,3501971910.383835
6428345.713436995,7.32953967187616e-05,3670411511.5839
6502133.520780516,7.457421571010332e-05,3669977657.97875
6409697.683967553,7.510614165148938e-05,3600702539.358462
4750653.799543126,8.653622719144391e-05,2428220258.480452
4939664.875392868,8.609754685850761e-05,2533399229.842033
4558842.765255071,8.903267285752313e-05,2286414711.862135
5852117.276755955,7.827282522618491e-05,3198200456.769722
5238184.244246366,7.947738924622836e-05,2833685893.806391
5446544.461681082,7.782286088573374e-05,2988016044.864484
5705392.318489654,8.173202394425818e-05,3029405042.876506
5254007.207815059,8.359503481928899e-05,2748128328.073077
5172349.59991131,8.132230256167617e-05,2755591015.332238
4752592.819247583,6.619723999268096e-05,2904272432.437263
4615623.760070877,6.851997207529092e-05,2756463728.659194
4478363.321313935,6.428912676660537e-05,2790578901.025635
4807687.8319242,6.565782642815758e-05,2954009763.423868
4816919.045877997,6.521306344073369e-05,2973123476.133706
4603126.543318319,6.223127608336458e-05,2931211189.138288
4648903.29459424,7.047580414311376e-05,2724732167.077143
4658602.379474581,7.006852212168244e-05,2740987189.845774
4796203.007066268,6.774370499746329e-05,2886145757.666877
4870814.255773435,7.184589734012485e-05,2818384572.156277
4699177.732774808,7.103148607572647e-05,2739815199.994227
4838005.317263531,6.87434667136722e-05,2883004951.017131
4616115.799488413,7.608439297833337e-05,2570867189.139881
4689127.384114168,7.71174422018644e-05,2588155027.110583
4630843.079798411,7.306182983273082e-05,2649718277.770904
6172788.234857378,4.396865874234926e-05,4955101630.273976
6818197.247076228,4.279698106229757e-05,5572637647.50883
7102512.279468537,4.872102619211763e-05,5324363634.210918
6782722.541266172,5.586920079066605e-05,4641115886.29259
6244522.769247469,5.25578277452762e-05,4450488146.835332
7110608.798570075,5.305921598190183e-05,5035774027.748497
7705474.134121997,5.959205691032213e-05,5050570637.993041
7148181.717613381,5.762786329576459e-05,4791158881.237863
7484682.609257493,5.481553802912383e-05,5186856917.179413
6185695.33769419,5.953376523644477e-05,4057074278.216625
6022300.77425971,5.417319258659352e-05,4206357248.373425
6551037.112862326,5.748781102776306e-05,4398043747.176626
4631963.979296706,3.192598305886244e-05,4602590331.773195
4358290.57583491,3.112408532473395e-05,4404721463.89179
4668184.929477853,2.901692822070122e-05,4943642933.902411
5490347.652310956,3.975982378516156e-05,4713066249.560283
5006642.481599528,3.49494732724474e-05,4683668583.861952
5437599.336056991,3.55367217601153e-05,5030629068.081795
4458220.647010402,3.661609961626523e-05,4043090893.390189
4307139.184762521,3.302217366499505e-05,4184579291.244252
4579226.376304206,3.382655914112545e-05,4378112309.063763
5683984.138849636,4.875625776084798e-05,4258918026.84646
5409048.402550114,4.539133696342106e-05,4250815132.069756
5622753.960960623,4.449980641871049e-05,4477583213.089179
4919207.234664712,4.38492156274411e-05,3955978287.830546
4355317.910186357,4.460507789574665e-05,3462823263.270792
4534208.386418398,4.093617425083992e-05,3817361661.295086
5392874.306042113,4.240202852279515e-05,4435022991.260758
5183625.643658163,4.329816859338287e-05,4203915179.782334
4788206.921824918,4.038126022496072e-05,4068050459.656598
5406934.75914116,4.930037732269276e-05,4021465067.56866
4562146.720802912,4.669201292425607e-05,3518364663.609612
5138867.282481177,4.593967093942095e-05,4006287834.519975
6901793.876030751,5.0531569818868e-05,5049559081.675109
6048935.502937393,5.00399321367459e-05,4454522386.165712
5985764.962281668,4.577930164785501e-05,4677425556.597351
5809362.928944957,5.943319945847723e-05,3814542303.277127
5072063.150269445,5.710179838623416e-05,3420462194.212666
5651050.533676289,5.408112291418936e-05,3951530974.848565
4534718.56880198,4.272818926260335e-05,3710285651.631958
4898317.877244683,4.446377200058322e-05,3902798208.84509
4939982.557241844,4.030595368065838e-05,4202224796.795292
4505847.712245906,5.707141466756536e-05,3039700191.748831
4653798.266228909,5.248482913387184e-05,3319849236.84641
4478165.750490604,5.258826865985778e-05,3190368990.66257
4691461.542882462,6.985068248267885e-05,2766056571.858976
4839428.699041206,6.711778348642205e-05,2930234372.338682
4830175.930981291,6.756613696014125e-05,2911679418.957176
4432903.953577739,6.000072453109043e-05,2892348756.352051
4642240.945382492,5.433480145415717e-05,3236003292.780273
4494475.701758217,5.892815393531312e-05,2967999427.715941
4745022.02853463,7.63867462375135e-05,2635681280.75764
4839939.097546879,7.316947721089426e-05,2766643888.833857
4686390.294311576,7.233537458912497e-05,2699425203.219915
5708126.284631669,6.043186717636861e-05,3706661246.213348
6488979.593255548,5.746607381104064e-05,4357479883.204267
5534045.984490947,5.306558544646859e-05,3918929555.436522
4578474.818058922,3.533599932535927e-05,4251830189.37519
4522286.542137763,3.339132528024368e-05,4361162869.621748
4092609.947109692,3.54952776701871e-05,3789250386.151762
4364204.224830785,2.969621546546062e-05,4550973726.864564
4656373.757004211,2.62163538615244e-05,5276342424.207975
4674305.1420683,2.759064270299919e-05,5119283511.758657
4320562.187477962,2.982064249227393e-05,4492922524.095829
4494941.931222785,2.808873873922529e-05,4864474448.169164
4611290.925185573,2.634096520561644e-05,5208764624.662325
5341011.306995478,3.036914565560398e-05,5487001947.774572
5400253.228134884,3.319111997689107e-05,5228769779.053495
4970809.454735816,3.260998272461897e-05,4869975053.683641
3976766.534194325,3.41066884123175e-05,3781264519.700265
4333998.202428415,3.002883066983108e-05,4486039702.385284
4162799.955686806,3.176261710748332e-05,4150572666.798285
4120985.314776749,4.321579627315979e-05,3346360463.961563
3961108.081533408,3.830002445131252e-05,3486186834.347649
4295045.860737314,3.955052739803895e-05,3699982068.72361
4424320.065687597,4.48950839119924e-05,3502520443.86464
4487122.003734596,4.898402337543756e-05,3351698221.524542
4783552.016894207,4.66339804229888e-05,3692174145.82739
4737477.699328395,3.746548674491704e-05,4231161404.049626
4495790.666343797,4.097917156135834e-05,3782369606.465112
4899348.727421817,3.85572370922407e-05,4292738323.558848
4193872.09479828,4.639998549643229e-05,3247904751.909242
4340860.20861485,4.892462162744979e-05,3245070600.208855
4279093.929668999,4.483734709563775e-05,3390459393.073421
4913995.400613727,2.371851481043134e-05,5952641825.262104
5012744.961600429,2.220924055523565e-05,6344340309.181232
4834636.685955743,2.394565080456068e-05,5819416126.785369
5102897.781066021,2.599558879382926e-05,5815009516.401191
4905995.71019101,2.509975251747897e-05,5722874268.124073
4707649.187346708,2.707527567075716e-05,5221021726.241922
5469164.798744061,2.448331965300629e-05,6486455974.102077
5872711.073956277,2.236085342476234e-05,7399113995.120697
5567796.322314257,2.224268200223722e-05,7039771635.383556
7976409.471044129,5.889737779703953e-05,5269185248.695438
7751741.841597876,5.411808322801905e-05,5417983732.276657
8220429.903143796,5.484054631627074e-05,5694995020.764732
5964317.908347124,7.896249051407313e-05,3240511439.245264
5885983.540536229,8.057422314339111e-05,3155161728.192875
5344365.203758849,8.016335295546111e-05,2874609645.121732
5677842.170098415,7.706382863201824e-05,3135327620.446743
6174549.39090271,7.644755608518446e-05,3427910951.072014
6091784.149227594,7.751682606274798e-05,3350789802.661053
6775134.761409666,8.035838257247289e-05,3638288609.623574
6747228.36106155,8.12041454047046e-05,3598100384.706828
6327228.155758199,8.105982364629326e-05,3378130261.710276
6866408.736570537,7.813923019997088e-05,3756789832.419968
6979985.616769787,7.849710232238008e-05,3807314716.328681
6931586.463103943,7.923361755871831e-05,3757448080.282591
6423717.770826998,7.826399088689288e-05,3510846095.598553
6726336.216868235,7.80808063659746e-05,3681988083.480627
6790847.293919061,7.917401066308008e-05,3683004089.44113
6569949.417748867,7.55502670629645e-05,3676247058.446857
6482971.958915614,7.631581667805918e-05,3603278019.190935
6694141.035843049,7.696683656907745e-05,3699636880.546503
7058656.396847561,7.888010627535992e-05,3837753269.342159
7181173.517769075,7.966740278433446e-05,3878599894.156194
7009984.783069688,7.961474588270135e-05,3787808954.45175
7014917.694471905,6.400796406744988e-05,4383959877.50233
7032026.895628915,5.992106825051161e-05,4592270818.598435
7584858.206689788,6.189491276650611e-05,4847422000.338973
6159543.389197308,7.188360815097751e-05,3562831418.344199
6046891.757647925,6.913058595946832e-05,3589924948.384047
6530960.000487347,6.784676720351788e-05,3926065895.323942
4522932.274575873,5.44146332543228e-05,3149751420.483551
4401618.706716312,5.131848235907854e-05,3187350931.142203
4253596.651978656,4.878665047444054e-05,3185827847.722485
5505223.148724758,6.297342760330099e-05,3478057085.459339
5037358.20993413,5.931975267863497e-05,3311844575.170006
5772216.921863647,6.166209958887613e-05,3698257143.282693
4768194.098838809,6.419774879293385e-05,2973998372.744572
4564483.899709238,6.077765784859443e-05,2952766055.093036
4659769.516559094,5.939204518500154e-05,3061109855.16525
8425357.037583441,8.051103629997753e-05,4518747101.117192
8681603.170863749,7.989072132635402e-05,4680249825.792292
9195529.649915878,8.076988510606528e-05,4921269012.878089
7487396.701949671,7.990213018042678e-05,4036069214.429671
7714570.999440712,7.942748746678001e-05,4175077714.971795
7894061.215899514,8.024641900538269e-05,4243101126.192963
7031569.849140418,8.128307457596708e-05,3747303598.558553
7231852.968530738,8.049040419342154e-05,3879301333.348835
7289657.477920486,8.132503344859006e-05,3883508756.269483
7189144.580904812,7.873827593725413e-05,3913391376.50073
7537313.738771256,7.904953124852158e-05,4092139155.572353
7312784.108450814,7.952645814873557e-05,3954348957.30831
7012080.681578957,7.827865587876119e-05,3831933802.629904
6611672.883282716,7.768847524146476e-05,3631396131.225597
7355986.528127003,7.859030668847421e-05,4009235828.973464
8938770.898059338,7.919218365704827e-05,4847184984.075109
8627510.978391306,7.809020556050582e-05,4722309818.024711
10332404.15385462,7.975379997328214e-05,5576569624.8351
8148362.794859614,8.273225480833825e-05,4291611989.239643
7667216.574731395,8.177238670074975e-05,4069739534.649918
8017812.706220821,8.128219233889966e-05,4272928586.042243
6957196.828226408,7.70131618794934e-05,3843477302.956768
5798628.86374284,7.583306439579203e-05,3236579225.961239
7320069.123509655,7.686901588812754e-05,4048998675.900105
8264239.726037189,7.869603181855874e-05,4500226270.492127
7586339.689989936,7.772889703201347e-05,4165277575.56236
7965060.270765245,7.758453022060818e-05,4378637342.443781
8219416.501018296,7.900113881219123e-05,4464286794.641536
7789778.408142346,7.880191575357191e-05,4238061486.070875
7543396.730475967,7.803355047355331e-05,4130912895.720662
6379298.748057942,7.726322085037241e-05,3516611581.114377
6079545.639534926,7.657730619140496e-05,3371354333.981438
7110767.430922239,7.816597248762944e-05,3889597397.70654
5641575.597592255,7.572816131631436e-05,3151825299.53785
4876707.896222191,7.464897174957417e-05,2750706095.461525
6409180.376818071,7.654593321562643e-05,3555121214.322872
1469951.538172181,0.000154259690370568,511055476.7872561
1732908.697668948,0.0001549980151966032,600562563.8367007
1115135.559382639,0.0001542603296362341,387696155.7729079
1420382.130882903,0.0001523098099876209,498027452.1225005
1181964.112497323,0.0001526575040772647,413801618.9492272
1966084.025444937,0.0001533936989750259,686115232.1675605
353734.8811241596,0.0001523054714933451,124032134.2019511
247154.809347229,0.0001508637299015977,87212587.52630655
153115.9369903321,0.0001514070361765137,53900114.89437126
1141949.911328671,0.0001506276773303843,403376446.2889518
979735.2823036218,0.0001490663914337365,348488878.3830712
780838.5078931021,0.0001485736351097757,278355660.1130433
2899346.427487643,0.00015451989031707,1006878766.888229
2564322.045834759,0.0001530619126330886,896178406.7806503
2583074.564177683,0.0001539165483295217,899387262.3972065
572637.3068337797,0.0001479320810541495,204725242.3980277
656832.1044556632,0.0001473167168323955,235479452.6605627
376224.3978577743,0.0001491705980289583,133759550.8851735
1123635.580655689,0.0001512639396689809,395793397.0693024
765707.0583305821,0.000149210006119884,272184893.8316247
912790.4133528825,0.00015161190855186,321032396.1556408
1096970.439841575,0.0001471531020593348,393563949.638515
1361668.157924955,0.0001446600084094932,494127423.9219432
1151553.868705856,0.0001449775680236921,417269894.3313692
2022384.072572684,0.0001509707509169301,713293762.2996809
1625488.800969468,0.0001487993105966268,578873100.5915693
1296801.562716373,0.0001491800196795248,461034138.5493684
3064565.240955299,0.0001545803176060887,1063978228.137442
3234845.346813165,0.0001541566645063031,1125154045.215556
2719838.569950164,0.0001531209297871118,950284013.2820758
2842738.090958494,0.0001557964774724143,981819739.6196332
2971899.295261225,0.0001552039198798067,1029040099.193027
2651581.17926203,0.0001545994374793882,920519490.0038608
3446605.34176308,0.0001556861124893302,1190944822.00499
3423962.160112202,0.0001547989073162667,1187636936.085231
3248708.929618675,0.0001552216305566256,1124801727.458075
3206014.772333994,0.0001470124145585305,1150966929.733619
3242187.115347627,0.0001456912338283733,1170979057.698135
2742583.746576168,0.0001465401679847935,986708284.3825078
1576935.393447317,0.0001408078002824594,582634358.0809021
1612301.056175692,0.0001423813333952657,591303933.3950875
1901644.993996961,0.0001399369060546155,705517730.802496
283401.120789436,0.0001398170876921582,105202984.932175
313755.9548126492,0.0001418675909563631,115346170.6470452
472134.0963045086,0.0001414003835343097,173952886.7349777
787200.7448502305,0.0001323537798353691,303106044.6115695
354760.9330793936,0.0001366492354051771,133720395.1072404
457429.0200593258,0.0001350938121452092,173740103.3477261
111413.8947409703,0.000139929927518491,41336365.01407855
222600.8934050401,0.000141499518268518,81976668.0049195
197154.7213119679,0.0001394500576922873,73315316.90920529
775967.8933271997,0.0001420779432711034,284987609.0247947
933089.9345781693,0.0001435939891919358,340277053.9236627
1199855.150061672,0.0001414775369413472,441913388.7854347
626103.4359677469,0.0001456786590443911,226142469.4765563
369393.2821225388,0.000143785977542123,134589538.332957
444086.2823352412,0.0001451287316412411,160804584.0553581
352845.3321247629,0.0001491719922167225,125446779.5135561
625820.710975341,0.0001473174756913619,224360854.7828317
461413.2994736299,0.0001479366634258813,164957814.9534657
496473.0284760957,0.0001525120388267482,173924024.1404852
690078.0961499183,0.0001522335337359294,242042347.7896191
368447.7098496663,0.000151070348715737,129894184.2869837
1491811.818769357,0.0001393991771519758,554890432.4730445
1808051.490510963,0.0001385304507010792,675326765.9189466
1282127.268365382,0.0001367542364315077,483026114.1248922
1021843.80730053,0.0001440253227853251,371899229.9902157
1124615.266503885,0.0001438009386746267,409728487.7000569
1300229.576593935,0.0001419074752616436,477914116.2299107
1175434.793608014,0.0001477515576760158,420575364.3787822
1489252.51148433,0.0001473710820259405,533777372.6873718
1448933.452327096,0.0001452583207278834,524349783.75309
386267.2159133125,0.0001361997546442126,145916240.8057768
833804.982020848,0.0001319069020543375,321775375.1174943
608210.5230628202,0.0001333010819652959,233076317.0178113
2443243.763088759,0.0001563321517050442,841914382.2292198
2768859.400431129,0.0001560973871799072,955074275.0729144
2778749.490542745,0.0001557006166751158,960113348.2659535
1499177.476486407,0.0001577948881809799,513402243.4818593
1942691.779114085,0.0001574446303989483,666272671.0387454
1292219.457011291,0.0001572764461242207,443500197.8026277
2500626.365438881,0.0001573765650282633,857871219.1979235
2683659.235547085,0.0001576377458820051,919645729.7789835
2757725.493677733,0.0001570504024137571,947381714.8141959
1407473.756047879,0.0001570276108056107,483566593.2800568
2083451.093267375,0.000157205118797018,715273587.2637918
2024518.495151626,0.0001568185798390626,696182984.290289
1766351.279711767,0.000157934817155718,604540159.1464022
2418921.201417644,0.0001578553587389585,828162385.627389
2245314.17034288,0.0001575945581410257,769572675.6552814
1678558.734011286,0.0001548748266870984,582035293.0274274
1993061.467258158,0.0001554248294404533,689456853.7404931
2101384.447424823,0.0001557733404241639,725844223.5580034
1986026.02156092,0.0001547161239705919,689119516.9561803
1676943.5618999,0.0001546978307072581,581918678.3871653
2099577.213382781,0.0001555959064592828,725771214.7377982
433903.6382964748,0.0001532051934319249,151545937.9715312
192322.3890828002,0.0001531001513279416,67201571.94584872
592420.4999678788,0.0001536702309169773,206492167.2247485
1150001.699791585,0.0001541126201536202,400073402.2379644
667770.9157278679,0.0001534585017346832,232970105.9921469
861457.7117882241,0.0001539235515039528,299937370.3814965
1722234.326638609,0.0001550618655294086,596699359.0808865
1430829.865455264,0.0001545133127224471,496909607.8530731
1106575.972066311,0.0001543236098550504,384615090.6725873
1620156.473181331,0.0001541989281213977,563424927.0065767
816039.5342038744,0.0001535268934362284,284613103.5971692
1342256.349056422,0.0001541814944534122,466817684.0107711
715645.7185721833,0.0001513400779297328,251997041.3838737
586150.5486705275,0.0001489378822422473,208611890.912721
387192.5802811675,0.0001501765278986743,137043672.0583068
6656306.737319129,8.717721361365326e-05,3385566414.599607
6120028.670166461,8.925347674590914e-05,3064338199.304517
6424701.508668961,9.064363082456372e-05,3183914716.260134
8015926.436514732,7.629475385088257e-05,4456124048.818826
7364020.901017574,8.237444765891545e-05,3889734887.129168
8098478.913590668,7.959160826505493e-05,4376819152.190241
6184386.446267915,8.441827382770795e-05,3213702283.338552
6060976.050877238,8.769519188487486e-05,3070615087.420093
6594715.0082571,8.562330635396924e-05,3394699757.875937
3730714.47299881,0.0001031799700267166,1695879851.323277
4486665.07811854,9.845245008639476e-05,2104291814.216769
4070801.97263986,9.995613109808739e-05,1890051701.713233
4585587.567931365,0.0001068108940031384,2036969961.03267
4393083.799302851,0.0001102302817529453,1910889361.741671
5204842.79297713,0.0001063013124898809,2319433179.519963
6003084.086694756,9.969663625436125e-05,2792034345.236401
4972615.417199672,0.0001041768930140233,2245969934.135385
5616663.663585038,0.0001036664779235539,2545185981.543987
3491928.222129807,0.0001070434398060693,1548906742.679842
3306225.629276222,0.000110636806198747,1434606303.002103
4013278.799251663,0.0001070405413085026,1780193180.759114
11228025.7504394,8.825030757082092e-05,5664469571.632534
12297558.55404043,8.187336296489045e-05,6522145445.305065
11750248.19591971,8.416940762345315e-05,6118019539.674563
11184188.42314225,9.00950293535467e-05,5565069439.698011
11571377.94917972,9.154551218321583e-05,5696748408.88202
12251678.83952954,8.371038387617279e-05,6402398687.616085
9973824.795581384,9.726817543976296e-05,4715718676.17846
10651488.56825508,9.209908292806092e-05,5222840563.5036
11160281.16676019,8.800952058856636e-05,5640557523.80082
8893094.519091515,0.0001035232994971905,4033612472.69834
7729779.88705998,0.0001073400579549071,3422361724.923954
8667600.56651387,0.0001040079826766882,3919112894.420717
10594436.01827182,8.897833454681018e-05,5315633064.181884
9960009.091139887,9.648415598499783e-05,4734662936.485654
11145666.53224437,8.723057448961987e-05,5666656534.240279
6305633.302489529,0.000110525808439985,2737912582.990256
5211444.620701764,0.0001145763535971851,2209164874.281795
6521887.941267985,0.0001108567953714933,2826171109.799804
10793787.29213569,0.0001042827331279819,4871906206.678539
8750200.103733711,0.0001129495920812579,3744796368.134016
9480731.865321187,0.0001112891992091932,4097697099.99687
10763714.91161096,8.436001531590595e-05,5595914709.611546
11341287.55284183,7.918291362455717e-05,6150466299.54641
10603365.21402687,8.14233356679571e-05,5644313488.683393
9124247.469968995,9.540456530212729e-05,4370028651.956754
10081774.29147365,8.951655361605633e-05,5038114901.338328
9456739.417966362,9.098245972950172e-05,4674871088.765434
12002482.68500359,7.344060514245285e-05,6844056565.528095
12426479.50824031,6.711311984844445e-05,7524479949.554017
12221005.01870656,6.996731706228948e-05,7197418819.876117
11563109.85436786,8.301253928507462e-05,6076388304.027548
11585356.94610396,7.957916564956094e-05,6261953399.68771
11001521.80649627,8.475819536716659e-05,5701620356.693369
11937378.4447945,7.931786072604152e-05,6466386126.991043
12497848.3091339,7.00054477547784e-05,7357789474.497069
11959982.53872769,7.589059720797554e-05,6672243674.5863
3249385.871876599,0.000118121840973552,1349732845.615376
3058663.989246397,0.0001151720011979836,1292112996.017232
2966611.207315641,0.0001186289764520447,1228759186.009176
2402700.912634167,0.0001235031046634551,968830486.7796329
3072642.949813438,0.0001202040011086425,1261535513.928677
2797843.708944749,0.0001207137122197133,1145475259.37765
1193897.708027491,0.0001290047304369433,467623894.7434524
1838934.527055926,0.0001263610667134882,730282249.5646828
1857651.515580912,0.000126181356266165,738415467.9184325
562814.11289722,0.0001337987985954423,215144461.2121171
794087.1258459069,0.0001314727806178513,307121996.9062504
923747.2882939347,0.0001310660233149835,358008299.4804276
557098.2503848029,0.0001346785203860334,212031101.842127
894614.811482164,0.0001345759089310829,340662662.4812232
787294.9554317531,0.0001323483956620646,303150541.2568396
1374049.22993882,0.0001357667596438258,520163639.9282023
1916912.033393196,0.0001375393507256591,719422810.5542134
1907020.066960265,0.0001354393445963219,723089464.7407483
1664041.010824682,0.0001303901379622547,647143900.492574
1319192.975214769,0.0001339767769769632,503835362.6671599
1842295.258235405,0.0001336498448937714,704769219.599443
632980.2627453571,0.0001363007472572455,238996391.4782349
1175355.452077963,0.0001388395983788383,438356038.7501555
990126.9247797127,0.0001361980097117047,374033381.0849234
6563564.661935867,9.845898208147198e-05,3078242810.269571
6159214.222695006,0.0001024239858179121,2813568725.663472
7167621.152962904,9.921092799748281e-05,3344532094.501263
5074333.324156228,9.803678616316402e-05,2386636517.188578
4842665.357082203,0.0001027592256063502,2207346830.016437
5860217.866047025,9.829520215043759e-05,2751432621.349043
3452062.658253316,0.0001169083848809913,1443826126.342276
3778572.386947816,0.0001137890618485261,1609140881.682187
3255394.131520107,0.0001139669051112074,1384897845.937356
3696285.107000659,0.0001172702176883457,1542790567.255083
4254608.605381864,0.0001154033430863686,1794929329.984641
4033890.794225422,0.0001141470298749887,1714277242.29431
6844068.537219897,0.0001041472525810049,3091831409.719368
8099549.874293719,0.0001001150143549849,3756598159.153398
7622649.031972137,9.988396801636115e-05,3540859812.81744
6663991.663763293,0.00010593040714703,2976601416.672583
6876612.382586171,0.0001070023667523391,3051023989.371487
7903545.865454786,0.0001018901926983857,3622989334.265139
4981003.437503489,0.0001120736199743796,2142798045.369049
5826006.515628084,0.0001079423069203132,2569862195.638878
5583980.41301867,0.0001068888995113917,2479260430.708578
5118113.974915212,0.0001127926857022769,2192414476.729671
6175620.887575896,0.0001097311776643943,2694390885.122584
5974215.885671614,0.000108653354222171,2623728062.479524
3543951.615223578,0.0001198404998367062,1457981598.770678
4125737.716825769,0.0001168250805921356,1726411111.292933
3576234.507108778,0.0001186964523906615,1480701433.249018
3714903.108624324,0.0001195466016327917,1530814854.465938
4287270.886777812,0.0001175205634689894,1786919609.531015
4310029.229640356,0.0001165310405566964,1806560315.088921
4704162.628735232,0.0001180161994970216,1955185243.81337
4600200.265892618,0.0001213415830625793,1876881993.052968
5524095.608970294,0.0001172279991738059,2306253016.348429
2205791.378795028,0.0001252500578019163,881141815.5800047
2021327.53051437,0.0001265362767002028,801973448.9435176
2820608.091462766,0.0001230912002027596,1139877225.311202
12800482.18651057,6.758874686011204e-05,7714540558.164602
12791507.45021372,7.460250900510026e-05,7218042567.796066
12599539.37990219,6.848888870373975e-05,7526757464.969205
11724193.46372974,5.898038166770254e-05,7737688767.942527
12529199.76064221,6.368644682164563e-05,7856431359.771356
12330406.12932128,6.458437210166712e-05,7659946802.415078
12533669.75565695,6.63124512061848e-05,7650353910.124732
12107832.33361928,7.263760839965383e-05,6954918427.279481
12648976.00358259,6.676216937354604e-05,7686024099.474598
9126338.811703045,9.742050003350868e-05,4310520202.094815
9465257.269305384,9.903843903440887e-05,4421774236.443234
10083972.62584539,9.152322890025633e-05,4965284097.101083
8155101.680127637,9.706823447071765e-05,3861102165.649143
8648129.081467802,9.729450387508835e-05,4088179517.582969
8971908.479084121,9.286938674478491e-05,4374916645.968711
7384670.726356994,0.0001061971358766669,3292981311.971601
8773756.818210121,0.000102711880542916,4000415847.795875
8447568.254673813,0.0001010862948695663,3892872594.61396
10176888.57302473,9.534445808922222e-05,4876235998.738177
9514745.125783643,0.000100524740599275,4400971118.256597
9281453.233193493,0.0001010061253932055,4279412716.024157
9217513.568544846,0.0001027903957772303,4200607402.955463
8911147.37246378,0.0001062041581843101,3973494462.826522
10478217.70826953,9.857891471967268e-05,4910187344.085832
10526330.77235677,9.410643577437029e-05,5087808964.067316
9615301.047784401,9.976406599300758e-05,4470061094.654581
10902058.77932425,9.556329601681979e-05,5215722044.860558
7565823.98482764,0.0001086441158220703,3322911388.600691
8199939.735261984,0.0001087286286832022,3599548698.268671
8493931.508765735,0.0001053069508586105,3808939396.228101
7108397.766551275,0.0001107331271366811,3082620143.177726
6639121.667219736,0.0001136668047059369,2829359893.442893
7723437.170896551,0.0001108197402658917,3347592087.51193
7122007.56380058,0.0001080157037145299,3140107366.023978
7351720.802442065,0.0001083431627814107,3234853862.293612
8487239.452999534,0.0001045241001236471,3824918305.470616
5140444.890966741,0.0001156689970371863,2165323192.969934
5996064.23219525,0.0001148803770812309,2537283770.717443
6442432.749744142,0.0001119434241868221,2773644750.293805
4839399.144692607,0.0001145050860070022,2052303528.692156
4815281.849553118,0.0001154897956516592,2030451579.185271
5869078.880468776,0.0001114368469355923,2534451994.264621
3330780.811012009,0.0001223311074727759,1351620538.133207
4054116.009527197,0.0001226210403948691,1642553437.907043
4151748.436011088,0.000119289439155381,1713285343.116594
4825313.674444626,0.0001224469667878052,1956861983.128134
5646876.942368095,0.0001224211823977536,2290361020.065832
5770523.445085183,0.0001183243082684408,2394230140.26297
8496819.871535629,0.0001161846657135896,3568539730.313098
7258329.656379445,0.0001211333259127452,2964792212.198459
7445197.621357375,0.0001205848977661235,3050335554.778948
6768829.509199383,0.0001147820685701212,2865920972.353795
7652694.200485568,0.0001151863311249313,3232563481.670709
7863287.394332475,0.0001119303704051177,3385625015.859641
6357103.740926803,0.0001224159264471974,2578501269.584019
6822870.202334466,0.000122009659855275,2773560424.384434
7354174.991960849,0.0001187263773587941,3044405388.323663
12811989.30587948,7.013309219541835e-05,7533577189.979267
12637736.54389731,6.951813009189683e-05,7474874570.935852
12972935.38022691,7.721692727051517e-05,7154235705.753094
10363880.56096276,4.585448334551299e-05,8089739362.741045
9431125.536615796,4.171826359711038e-05,7840541234.147983
10330470.99217868,4.488706587789567e-05,8179108649.058714
12230475.68126459,5.998463775927343e-05,7981478009.218634
11255286.3370298,5.173247802139167e-05,8106767045.96032
12012240.34094767,5.604650340771914e-05,8202098820.47645
10341719.2045325,4.84270598422989e-05,7783961396.421183
8944593.648350619,4.227739270706699e-05,7370356326.364347
10263024.3437888,4.667492870062065e-05,7916859122.649851
12001397.40841168,5.913094284924774e-05,7907185871.26438
11117171.9794291,5.263941612706956e-05,7915049133.6711
11035574.5253244,5.088205056641829e-05,8036837942.591635
10861662.31071754,7.853822723387682e-05,5922552243.165137
11608368.18527003,7.629959966917492e-05,6452920798.74841
11823289.18305323,7.282227638783047e-05,6779986226.426842
12112274.22295178,7.969764985280755e-05,6540265088.587176
12667856.72670761,7.740691766188161e-05,6974556980.585277
12676787.98757873,7.038309853366616e-05,7436415354.160881
10750815.73967322,5.317326227457951e-05,7602898883.916704
9467357.479326481,4.829215215669335e-05,7139115405.194313
10550381.82974264,5.093237480151206e-05,7678426415.035713
10404434.72988231,5.786183732760736e-05,6954891248.118638
10650833.90707679,5.156884445724933e-05,7687621845.704382
10055685.47527717,5.117376949222376e-05,7295360238.842817
9784212.567722829,8.557902740971844e-05,5038264712.436959
10471579.97324115,8.258444607322172e-05,5521791964.689313
10587672.07032758,8.069029849190092e-05,5670041882.089941
4125879.881156913,9.172357404878233e-05,2028597724.878442
4362297.048313596,8.877753283213984e-05,2192030137.837187
4192096.477212687,9.152744665082332e-05,2064098275.431119
4914990.146213659,8.328307298368439e-05,2577219985.676106
4645933.23480743,8.502006722498289e-05,2402842666.962233
4697068.733858706,8.77717530794644e-05,2378247598.958256
4668282.141113867,7.895511128610671e-05,2536512047.1474
4595433.65900622,7.792377653446263e-05,2518913028.675469
4548261.124687871,8.041447434489222e-05,2441307988.203348
5661976.014852039,7.566079759316505e-05,3165099848.712704
5123281.351154885,7.42995338318296e-05,2898839343.829282
5203080.534986259,7.872057130746975e-05,2832707440.189525
4660547.527114148,8.027518220080293e-05,2504471388.043291
4540626.627629788,8.173746904846292e-05,2410839699.271636
4564776.126766929,8.321215472300139e-05,2394941838.984899
1507903.905066782,0.0001160126210917761,633923482.8434367
1847525.669392115,0.0001122241262590389,794083781.4103746
1855296.953261893,0.0001117065504264654,799885217.7707642
1681584.867490202,0.0001237297049931582,677229922.95433
1408836.452487439,0.0001206530295230129,576990185.5077823
1487069.378103211,0.000123399786584811,599959072.3359725
2445178.924078666,0.0001189772602193435,1010806442.30918
2764440.593309127,0.0001188428418301018,1143646774.245023
2853325.780619994,0.0001153829022370006,1203899926.616827
1806753.223082085,0.000123063599380435,730262662.0734307
1985387.767515633,0.0001207460665565197,812699539.647761
1523595.241005744,0.0001199950192803422,626268826.0214199
1875628.80013186,0.0001258647004365954,746811382.0262605
1400730.333283571,0.0001283737327593271,550432101.0275288
1914966.406730599,0.0001259561457860759,762105187.5597198
1937759.751559476,0.0001241117574446323,778797677.1897484
2033067.450804862,0.0001241792066316913,816806528.2850406
2122607.355614451,0.0001217903210426526,863895373.1744652
1741547.74360098,0.0001257474182773228,693855976.4174494
1363028.33387179,0.0001283230612701496,535757685.076836
1831960.857957548,0.0001258123260474233,729626718.1875551
6560769.551917383,7.69087399442104e-05,3627752521.799991
6885998.24349609,7.791630307018772e-05,3774690505.919199
6773191.773278225,7.75576700308248e-05,3724290390.520816
6055183.267246299,7.398329623750156e-05,3435881477.370317
6322831.896469236,7.556953708071002e-05,3537369776.998244
6408731.996597318,7.480464095912385e-05,3609827218.443501
5828578.978606544,7.359325026546109e-05,3318975370.366247
5501907.882112082,7.324559654980864e-05,3142864333.560541
6091226.38973499,7.518127279494889e-05,3419518505.942277
4769566.247073985,7.452792185966148e-05,2693185148.987209
5187584.713099065,7.524868965401287e-05,2910488631.888789
6286265.594565325,7.642857910122816e-05,3490509858.30908
4410506.403001111,7.257188839960057e-05,2534989554.852082
4411882.262443542,7.36556747811534e-05,2510844241.717984
5140745.79692172,7.473662397552942e-05,2897369018.15936
7247691.271002005,3.346540503937228e-05,6979146182.482808
6982775.082776212,3.198503411579997e-05,6929951172.797323
6807987.688042124,3.109707387691064e-05,6884500113.183878
8343808.948459324,4.829155161921472e-05,6291925594.994162
8082149.648353249,4.464019795638427e-05,6422579365.567821
7519105.796387719,4.695343410789267e-05,5777251684.838464
8719973.264784273,4.73171261743437e-05,6665553935.348728
8998069.972195532,4.305309084346197e-05,7325092991.229066
8452434.322158856,4.36636233808283e-05,6816612761.766077
11183392.93894189,5.16871057156526e-05,8059698116.132153
10676660.64480301,4.876003828119964e-05,7999436839.35344
11350414.42482185,5.618568537939578e-05,7737391940.182283
10947645.1095405,4.861405241689969e-05,8218883549.734988
11285522.36812188,5.138867355233895e-05,8164759448.757866
11587261.08785019,5.484010584819382e-05,8027529985.867022
9651497.254234999,4.228054291862815e-05,7952450744.354019
10252343.21065138,4.528478971288787e-05,8069653728.852551
10749021.91726426,4.820699094276986e-05,8115132200.844635
7830478.902616718,3.435648524519583e-05,7409390857.282829
8574823.338512156,3.743496032205852e-05,7662554854.535141
7785043.183054319,3.488960420651868e-05,7291166190.50986
8271857.098491295,3.620061444339287e-05,7558908038.763401
9618101.572390005,4.22818783340757e-05,7924767161.364312
9036422.454075988,3.928269655576004e-05,7819800340.779871
6451791.943644311,2.63276540043049e-05,7290191097.98765
6358566.728543154,2.387059315732422e-05,7669795055.748401
6332480.055381702,2.466806399728209e-05,7472807351.457054
7406590.304019443,3.230484974462292e-05,7301966542.525065
6954268.668165232,2.973693116086582e-05,7245260973.978
7275877.990776786,3.232558270969691e-05,7170033193.221058
7313579.538211508,3.167223687311171e-05,7305963491.717677
6910669.105819871,2.979530462311056e-05,7190430265.822525
6864151.845575215,2.910449075541992e-05,7254601238.295945
6625989.588227326,2.711862411519278e-05,7340725451.814719
6671694.105215942,2.780798601427476e-05,7268694816.434319
6355196.663028642,2.372598516674355e-05,7696846488.154191
8350467.115664695,3.744972966775394e-05,7460105662.475932
7581418.339962817,3.447726690825958e-05,7156959739.911986
7692214.535087502,3.491613633513794e-05,7200576483.654903
11673817.91532599,5.297320892991987e-05,8276411214.94967
10927777.70357508,4.866769227043196e-05,8197939010.181427
10893470.54410173,4.769772601660215e-05,8282621467.570897
9923011.148086188,4.471120766619127e-05,7877091295.04461
8627360.91009769,4.031863173045177e-05,7337376022.149042
9010783.728158088,4.057690650965898e-05,7630914892.317786
9446952.879036043,5.557512037053708e-05,6486914011.725046
9211194.823130606,5.124060426300521e-05,6676873368.780569
9899372.856278203,5.922751777704317e-05,6515163629.948529
6833689.313141547,1.885525557465569e-05,9646437345.077995
7192917.216069967,1.892788333346258e-05,10127533654.58731
7028726.688309627,1.789054467678828e-05,10275294567.78135
6488336.161182922,2.180108104952055e-05,8314088752.965381
6551195.649719369,1.979590436003156e-05,8952349012.886402
6314683.997791911,1.972299241031452e-05,8650404526.055698
6684154.38209105,2.184955795246928e-05,8552334960.856818
7104949.387111347,1.991709287311962e-05,9669641126.129494
6747953.101276505,1.984443066938635e-05,9206183486.0396
9554696.965276811,2.071599079907171e-05,12667175219.07013
7958980.197475377,2.003229003717825e-05,10790387085.32184
8238420.986064258,2.155533299735245e-05,10636714189.48254
10227700.1120622,2.992923543100029e-05,10609971984.78974
12366003.15654685,2.548310261647352e-05,14279987183.13511
9697490.145564727,2.700954693190259e-05,10772449846.05227
11320919.45180741,1.838703413773775e-05,16250768819.07224
9656504.355654567,1.812974939762647e-05,13992395540.35277
10544378.05178657,1.970049144994707e-05,14455604635.03484
14665397.31711144,1.901771657540437e-05,20583611973.26517
12568231.5210294,1.860894548121473e-05,17897525778.18948
11749288.90266356,1.992314806756917e-05,15987219621.1209
16046779.04692145,1.828646429241155e-05,23118946742.65446
16243072.07182217,1.768832144763172e-05,23926385180.0508
14623942.05301935,1.72014028030466e-05,21945991853.60579
8283727.933828594,1.776808049093573e-05,12165561301.09566
7383056.757186387,1.761901229413023e-05,10903899366.08037
7551311.366388962,1.865595832344325e-05,10735213091.25574
9722516.458673472,1.991125043068177e-05,13234666354.71572
8870722.666806651,1.834010206177913e-05,12755314453.13295
8112210.083559789,1.922886409386145e-05,11302385147.73886
10551855.40655801,1.644262780992504e-05,16318541758.35438
11936337.90507894,1.746599983503136e-05,17731363655.14665
12656206.81501337,1.678903945034293e-05,19302771216.13315
8633560.520809559,1.504949937670012e-05,14163651605.25557
9279886.185661722,1.56434262992671e-05,14836156169.03706
9386918.07098286,1.521379131324552e-05,15288494599.78094
9472817.830779159,1.735077885910377e-05,14134047153.05912
11121958.65050256,1.7607548911977e-05,16432942682.60288
9787020.83790352,1.658247545845504e-05,15050500326.72875
13863522.95564103,2.224512948352004e-05,17527379116.28309
15008604.04112465,1.992475111190744e-05,20421063857.0263
12056692.52929427,2.083208300698672e-05,15924765800.91765
9837826.538599527,2.505638448249323e-05,11489123321.52624
12524411.02367409,2.352979007914004e-05,15252649016.13034
10810181.76933257,2.211450162393932e-05,13720867134.02243
17081766.61253815,2.585894865622521e-05,19534046082.53592
18992969.0672081,2.206669571444134e-05,24141707848.39881
15620847.62173695,2.367967752208086e-05,18943231796.13731
12084396.54146623,1.689767919546752e-05,18351585613.14154
11905577.16506513,1.74967437515248e-05,17664945420.994
10772649.31429255,1.652477323214652e-05,16604743963.64192
19496219.65204917,1.959747597482676e-05,26821536217.22111
17533517.27300549,1.891955653653599e-05,24694206592.68792
17512776.41318174,1.829110662610147e-05,25226772002.11562
21466646.12926707,2.154450828178688e-05,27725101164.47232
25087374.3103305,2.515168223253066e-05,29224282091.99923
19822045.74541551,2.181608318338519e-05,25388124545.77383
6653020.121509718,1.371440413042192e-05,11611835506.61726
7011430.086419396,1.379309867036049e-05,12190795495.14452
6506473.324527776,1.333753627252395e-05,11568984642.68925
6521415.764276555,2.693420374425084e-05,7257813345.614153
6610637.11411996,2.709389110327048e-05,7328173284.499361
6427687.058590378,2.447684358516386e-05,7624612602.991145
6083332.554046041,1.709926712244006e-05,9165508416.128662
6073401.655923083,1.749591057927006e-05,9011718903.607374
6101888.561214604,1.586079576568423e-05,9666018527.940697
6596428.355322987,2.906876617823214e-05,6977359780.225854
6554301.633001108,2.791279426472039e-05,7122911487.372654
6605962.814698262,2.739525301359674e-05,7269188220.744812
6823112.528403493,3.080983775670007e-05,6942612505.700771
6608048.880889562,2.876625110708118e-05,7038569480.885835
6650347.700372893,2.992250037144864e-05,6899947157.767085
6839134.830733793,3.047808019059638e-05,7009323335.4366
6713733.540154026,2.859443303266378e-05,7179757468.904083
6623816.800229588,2.84340672730896e-05,7110208255.968197
6157255.46658523,1.865074420082538e-05,8755004948.016424
6261378.277743897,1.976028223433662e-05,8566587333.255149
6285325.744748637,2.135323784912235e-05,8166174050.333636
6177981.237722508,2.085173379873353e-05,8154896818.656597
6136528.454098766,1.892336562723199e-05,8641527145.783527
6264384.10102055,2.1626454752059e-05,8070271733.139039
6164921.827057743,1.361355585114685e-05,10813007951.85153
6396680.023827366,1.35048211745585e-05,11279644226.09313
6202970.805467894,1.473464227650265e-05,10320641028.39142
6547996.897170069,2.627671920877341e-05,7408455981.248913
6396911.265881144,2.466878134679466e-05,7548694728.957438
6465679.07204189,2.671837152147791e-05,7234482793.098522
6500121.925156308,2.697404777848446e-05,7226989459.816352
6380361.910155538,2.531485360523309e-05,7400510858.936342
6551569.560771015,2.645723210523949e-05,7378743577.943075
6348010.549984713,2.356513401263549e-05,7723088839.297488
6367550.407390141,2.388051642260934e-05,7678503421.439577
6518290.935581482,2.548830263886713e-05,7526154520.690758
6287119.11455116,2.093308492266749e-05,8277442989.911585
6285613.250749291,2.254269878369302e-05,7876689339.16819
6285126.654432907,2.332374271822958e-05,7699252080.006497
6152156.553403737,2.172692031611624e-05,7901240187.739526
6276104.690106443,2.294035650090104e-05,7773621738.382419
6256705.756274259,2.262484532411261e-05,7821474829.295705
5976612.955731338,1.483477275746103e-05,9899225100.314602
6059042.639389489,1.643373292674495e-05,9373746237.254103
6077561.591940742,1.519603074934913e-05,9906249447.900782
4303484.69044975,3.588885426322144e-06,18358922973.60809
5886255.901197357,3.441199603199312e-06,25824538118.80634
3819341.83769122,4.482867697315356e-06,14048110534.45325
3190208.833895676,4.093481275562924e-06,12466864555.49214
3479423.242216012,3.806010662892561e-06,14273394184.13958
2397988.214871939,4.924373254432964e-06,8284756246.027459
5002093.495781698,1.6298289196378e-06,36118008171.18332
5798034.266489093,1.740814351784836e-06,40066290793.34277
4525314.606295811,2.675650823726161e-06,23479877108.95607
3432019.254945695,6.218024706120039e-07,47110178908.54167
2452729.679821554,4.910399142792496e-07,39406859264.41105
3755529.549042687,6.862657119663835e-07,48269890796.71967
4944327.536664738,1.181057598266463e-06,44251348950.97472
4307584.228354303,8.847830320943267e-07,46738623870.02903
5735829.133505675,1.308208547537287e-06,47952532746.81493
3137139.985027326,3.912595412925057e-07,58644047549.01116
2323914.023310993,4.17262092292039e-07,41617958137.75869
3279324.765917683,5.494787375136955e-07,48882172700.94569
6543939.812136783,4.749662529789247e-07,107497276324.2402
4271016.690562672,4.590960980819862e-07,71767673433.7504
5082542.241465446,9.32728306735112e-07,53240757438.04961
6852395.885788487,2.720590202526569e-07,163205087447.7874
6214210.2900691,1.299443951180148e-07,242222367444.8713
4520894.029460994,2.74120314061912e-07,107134705485.4769
8163566.011332838,3.39327505860366e-06,36152127963.38982
10156890.3798202,3.855367756285583e-06,41309527228.45486
8981912.607601289,4.102690822310428e-06,35047439808.85063
10786481.99249577,1.731199120622175e-06,74813816061.73666
10438294.94687834,1.783481086734569e-06,70976932417.59241
6539289.317975847,1.167534806458324e-06,58977178871.78323
3428667.896993201,4.010550580275813e-06,13582803643.78203
2998077.355353801,4.902322032444671e-06,10389028630.86068
2355884.037913856,5.121738332268296e-06,7928827787.279157
10037815.00061322,2.072148283935266e-06,61757821360.17078
7838897.482187694,2.608086902466209e-06,41372040958.6531
7446123.841612967,1.829286769770337e-06,49782388083.83523
8114359.307981765,4.303599259272572e-06,30669004919.74833
6725400.909250885,4.675464490683182e-06,24052949324.3698
7337505.406020266,3.625459784791665e-06,31091359052.72866
11824434.79413208,6.918817227204076e-06,32565605083.85352
10802754.23805297,7.126254055228993e-06,29171603047.21505
11168185.21575701,6.159815923370519e-06,33235645525.31962
8805885.943228509,6.099022171115259e-06,26379481069.53643
8151578.667629189,6.502360478244738e-06,23398841877.40532
6986478.89234843,6.493687950393018e-06,20072312414.39851
1335023.199224918,7.698175490056753e-06,3424235361.817134
1883172.202472457,6.919699379134983e-06,5185992488.544742
1964701.902306164,6.678636833466027e-06,5539936414.840261
1290103.290569908,7.379888814565817e-06,3403490978.414432
1166599.741423365,7.72665474700752e-06,2984884548.757785
1591232.048076451,6.366904892433182e-06,4632135718.064539
2220592.60299638,9.889725885086314e-06,4819619126.894543
2537694.94201655,9.831255768588246e-06,5529681077.103539
2076964.011628585,9.192492998842858e-06,4733039179.951801
1686954.561210833,9.038840004956683e-06,3887719463.06987
1876829.896678717,9.635217748389781e-06,4144930220.506546
1286862.136447538,8.711979307291388e-06,3039397248.263357
2407118.093290304,1.037339689103105e-05,5060771563.582558
2783220.517969836,1.099025337462717e-05,5630441891.489088
2332603.836271504,1.035600215527557e-05,4909601362.264261
10153543.77369906,2.557527637392965e-07,252002058554.5113
10789784.94722663,9.995699124404746e-08,500961101671.1888
8928996.049143447,2.707000126043807e-07,213375120871.1823
7415832.090217654,1.277881693397361e-06,62974702163.19266
9278530.346530192,5.502602769589571e-07,138176360976.1344
8109668.72396333,5.638389564422754e-07,118822785232.8513
5480204.212059368,2.701228136591011e-06,28254604484.26422
5875290.764011085,2.263893533988651e-06,34076791604.5916
4228448.853949172,3.342091540890272e-06,18916270732.64025
6171552.748877567,2.212316322223978e-06,36349320461.98484
6913896.226135693,1.385750873793428e-06,55624495191.03906
6590399.368308227,1.774548439683183e-06,44962780532.3695
9234975.848191991,3.690104144183299e-07,179505054454.1085
7718930.874825296,7.080616138013357e-07,97164984261.99146
7600308.013621964,2.260518081094654e-07,204813794177.4231
7303170.649832577,1.386259470196983e-06,58741959749.14062
7643507.874346378,9.975723156124756e-07,76559036383.90082
9152460.539207056,6.590138259068494e-07,120857845443.7836
5847946.534157326,2.640112851510704e-06,30614116643.38739
4809428.267225773,3.994896147775711e-06,19102481558.2925
6212529.077080691,2.642253420608954e-06,32505146061.73772
7241601.006028147,1.211619748838938e-06,63717250972.89634
6465568.11237786,1.944747944972925e-06,41498380048.63335
6848636.164941386,1.9477379410622e-06,43912053346.91225
5537911.302513839,2.936800707161149e-06,27004098176.29882
4657984.418624799,4.069133817573804e-06,18275252379.91447
5680825.928300287,2.71373025110487e-06,29198936338.35915
3193426.11306641,7.224909416060896e-06,8544800641.336866
3223577.212611783,8.1993041214643e-06,7927813294.062282
3714797.770375107,6.024175436598456e-06,11220273303.1773
2504135.117407408,6.526907881185135e-06,7170004637.234062
3005956.271636131,6.80682386601157e-06,8369245675.607535
3512380.002539739,5.606073358913033e-06,11130012315.46256
2244280.961503835,8.590825645737811e-06,5350412778.751366
2849715.922674437,8.84098226302942e-06,6665016406.708813
2821371.342436913,7.866560457490317e-06,7132968852.780529
1289456.513166682,8.113272521879583e-06,3193566697.607061
1748000.32531,8.338821556709307e-06,4250810279.836969
1828979.16808673,7.334621767591045e-06,4844960904.173127
2689669.180305833,9.682366294835197e-06,5920765505.151016
2816328.321486309,9.294753661584898e-06,6370761689.226266
2214662.621455605,9.044433625333357e-06,5101759617.264061
2324610.286687509,3.511009616413287e-07,46708452184.98006
3137948.942966114,3.243517747176175e-07,66471429809.70855
3282633.735059485,2.695608481609763e-07,78665544347.4532
7088642.222968204,7.091466098921653e-07,89139946658.84802
6633336.145721477,3.734818965430799e-07,127904444390.9735
6974984.702143029,2.274381226368153e-07,187197948438.7614
4970251.304747966,3.994944591944378e-09,1974109209254.607
5295680.089935793,5.362854036344472e-09,1728453726184.498
8737864.33686935,4.998762233928945e-09,2988800846798.501
9286959.880632153,6.736263610907599e-09,2603719446133.445
7113360.832034305,1.884908370101369e-08,1004341351015.507
5386435.418535541,2.757653247951661e-09,2739102932972.553
5054557.721549646,4.89141587185111e-09,1754123235952.554
6245475.607866935,3.576392645888028e-09,2670558245148.005
8135438.211802818,7.615236807566947e-09,2101803006937.894
10150809.02355113,7.202057811400044e-06,27218420649.38103
9079969.343633933,6.844155348195234e-06,25188625910.46875
10340351.05953481,7.088180011564712e-06,28022838544.30054
8816381.342035471,8.299895728435114e-06,21506774221.04594
7422354.306256009,8.536505842474308e-06,17770033790.31471
9035841.268876981,8.006475036066434e-06,22577422346.31005
5274787.166553209,5.305846276735617e-06,17339443917.67191
4553227.425230009,5.835251480634345e-06,14047950169.92841
3764719.913666294,5.288879010349749e-06,12401957817.04433
8902376.140094582,5.488119711826621e-06,28612571392.37061
7086580.951923024,5.133857378350186e-06,23812640357.11875
8510621.469712378,4.777787572770346e-06,30001528652.11759
8396793.852299806,5.84583621587831e-06,25875121360.3721
6622622.800059169,6.248178535436481e-06,19522153934.0522
6636293.675170612,5.508658275127547e-06,21276247897.91467
4485912.325637541,7.674250286933067e-06,11529933662.10248
5802602.504560487,6.96409510178939e-06,15911569703.36341
6415545.649114626,7.243572971290536e-06,17136878060.85701
2354795.012907456,7.731746142609111e-06,6022378539.299554
1914219.249385658,8.377761759859999e-06,4640587955.110847
1565346.30647386,7.772823286373587e-06,3989249843.713726
3581153.391928232,7.664475321823574e-06,9212297830.609711
3206550.7465853,7.381455034254286e-06,8458177569.60847
4092727.526313689,6.725649239977212e-06,11486560995.29939
3113854.384369596,8.095562214107762e-06,7723253495.908898
2285906.755122154,8.460170912546982e-06,5505613918.411761
2765244.905922801,7.817994661378323e-06,7019993143.150889
4008353.736369504,6.229252190043431e-06,11839738177.96095
3131918.482195577,6.89082908947484e-06,8648938269.53643
3270841.072428816,5.698002378360949e-06,10252844212.15621
6274546.576728496,3.744351873683753e-06,26021435092.6571
5709515.677791241,4.784187045819988e-06,20109155663.54148
4133322.475053127,4.766888337364287e-06,14592934628.45124
5355116.690593025,6.797241613155533e-06,14923835972.46236
4093542.906580283,7.515038027411215e-06,10669528433.77806
4639311.420459292,6.581734474440852e-06,13209710130.36337
8712072.351759672,7.820286252419563e-06,22112594742.82142
7129189.344359658,8.349053825956685e-06,17322689010.35066
7572715.266694348,7.554478762085904e-06,19668985400.39849
2552972.698750739,7.120526049022566e-06,6897707661.371754
1727663.99598526,7.164802794748773e-06,4648610104.720203
2678546.038589268,5.934809941473595e-06,8171364278.180891
3849928.590309717,9.057966125249082e-06,8859969211.159834
2517701.867554405,8.765535118793422e-06,5922231036.987189
3383454.58638729,8.40660776213602e-06,8183639602.765592
3450896.583550049,9.94680685734493e-06,7461213851.775387
3019522.136959105,9.991349465773038e-06,6509117603.576128
2388526.733631107,9.263873086992544e-06,5415040494.640121
6466730.87106128,1.240254158966587e-05,12069177072.19987
6517666.710549749,1.298011397578199e-05,11800664895.88996
6521154.696737888,1.291166962222266e-05,11848668966.43054
5997188.307490465,1.171315617181454e-05,11627822575.17862
6287351.621384287,1.198972493347156e-05,12002220538.26798
6151013.415249787,1.211426440591221e-05,11661344942.95994
5997458.572185817,1.147031339992107e-05,11791898545.19754
6152108.286961595,1.114260281036807e-05,12331981688.90404
6287628.346918839,1.174674795039918e-05,12167698215.61584
6754626.353344316,1.296177600996189e-05,12241228045.45311
6679722.682879426,1.293777367297068e-05,12120449680.40307
7051067.429419663,1.213965929350448e-05,13349055409.284
6570970.303761176,1.394314262558305e-05,11342855284.68296
6360872.453413973,1.494934586191394e-05,10481784522.54008
6451312.99969149,1.503404931499166e-05,10590849570.88098
2809784.646270964,1.010662692281365e-05,6010845226.168468
2420132.947236793,1.007264923974673e-05,5188917314.586902
2372484.584406051,9.769960311132341e-06,5191284928.985544
3656436.465644779,1.130364393913059e-05,7259594878.057553
4390820.022103235,1.187047079615634e-05,8437886383.997409
3437558.852337812,1.14637944706132e-05,6761315703.233931
6127891.604820521,1.254466815132303e-05,11350237690.07389
6087233.551707122,1.303777355830632e-05,10988818718.39981
6080238.27534168,1.281729511289428e-05,11101704833.88094
5879169.592342714,1.218773745533805e-05,11101131862.41305
6075361.499719181,1.233195321482427e-05,11381972860.63936
6027913.258581555,1.260511110340222e-05,11129334839.81154
6072722.596359466,1.271313465768279e-05,11148463376.62063
5878520.553620854,1.228302709655106e-05,11042424394.25621
6027256.060541529,1.270019266344536e-05,11072510550.79941
5320434.862650292,1.176205947838839e-05,10287066557.69225
5013810.751050547,1.134394221724919e-05,9930976025.883013
5521799.304019756,1.182060862705907e-05,10641121257.9439
6586265.161055695,1.215933602446351e-05,12455637806.32432
7007858.472778332,1.1939090857566e-05,13415426502.67773
6637668.687607598,1.273717343736501e-05,12170269524.05199
5718229.012001423,1.082776558913723e-05,11683392884.10419
5569167.696946164,1.11551179049988e-05,11155118431.28666
4627938.20184244,1.049288658576735e-05,9655858627.229858
4691619.301439921,9.751107732777486e-06,10279061422.81913
5488751.326964916,1.047612076779614e-05,11464098025.72406
4421729.473754954,1.01436765923492e-05,9436158755.587318
7163493.75978628,1.082254597962849e-05,14641040001.07153
7489465.976105466,1.069078475465593e-05,15432790536.63526
7297129.706515132,1.126250410949381e-05,14523192403.47502
6640080.126618478,1.028037644806582e-05,14044317578.03119
6809482.396517862,1.062399289842685e-05,14090365336.54249
6382262.865899786,1.068015444958618e-05,13160013415.46581
6972861.08730265,1.005511779432739e-05,14967625382.30168
7736425.98109084,9.780403099189047e-06,16916189373.48865
7146430.023260357,1.03988137837689e-05,15000299996.02661
6265998.314122952,1.237628583402735e-05,11711073851.99874
6403597.997343755,1.225167694418931e-05,12049259813.60819
6457756.067168904,1.276091951299983e-05,11825703605.27061
7625480.571972779,1.63053525911259e-05,11858973244.50889
7401357.84587961,1.703147944428158e-05,11180892857.52525
8303112.527499411,1.718016562397056e-05,12470657723.90473
9016034.544837495,1.62062662394662e-05,14078625421.61818
8019992.699192609,1.609925637134974e-05,12578729040.57898
8714564.288440526,1.697330404474798e-05,13194757639.12924
6410786.462091989,1.501788386305085e-05,10531869847.58648
6481697.129162437,1.425240403131137e-05,11026304548.8364
6248002.997328494,1.479632388628084e-05,10366655735.05993
9336128.526265737,1.449920270734863e-05,15701364925.07747
8298101.524149018,1.409185332999755e-05,14223287906.12144
9327657.096783856,1.47876525956084e-05,15482452135.50355
6071767.592592606,1.736707355722965e-05,9053796123.712536
6076792.277806904,1.658448368818005e-05,9344148981.943253
6100250.669874622,1.573241318862096e-05,9715924215.350792
6320789.035288406,2.302914259761809e-05,7808832658.656504
6137980.980610962,1.976925207547778e-05,8395219307.466471
6189455.842384793,2.130138556525334e-05,8054660378.637474
6141632.038860611,1.846787361585372e-05,8790343857.214659
6087104.629177419,1.72681695130211e-05,9111290588.624741
6082075.681429228,1.8051388469496e-05,8838490069.621647
6447443.916004552,2.287880432378875e-05,8000160325.111891
6274343.54938856,2.079881588515857e-05,8296136472.893715
6387610.602013984,2.410417578221239e-05,7654971459.730006
6565142.628621799,1.732232289500032e-05,9806335461.531286
6678118.617289703,1.845355082187021e-05,9563147007.662117
6870938.881715159,1.748946512864867e-05,10197610035.14538
6324870.586629278,1.548311459649824e-05,10181523274.38833
6163188.631727591,1.52619456666058e-05,10016873547.45045
6139609.420590856,1.611337270082842e-05,9623870612.584465
7760798.1796056,1.505101224497374e-05,12731001920.5965
6888709.271149023,1.532613546904281e-05,11164760629.56481
7415313.348447656,1.553888893616214e-05,11908293571.86154
7604643.032711143,1.4725387433683e-05,12658075430.50619
6814347.537817795,1.423520794515237e-05,11601524694.61603
6741635.074258613,1.499991640140796e-05,11084242397.374
7325175.944667913,1.408274393283338e-05,12561067194.36151
6958730.67816182,1.400584356037236e-05,11976332577.71183
7757126.308577336,1.44958993227704e-05,13047803883.37254
6376863.333603712,1.581382256241654e-05,10121600735.08199
6190836.621247617,1.644437136836474e-05,9573509199.157236
6369766.672508932,1.658549739831252e-05,9794250118.828409
6042236.144541545,1.412026697315987e-05,10342743535.53026
5972437.841867433,1.425653626858878e-05,10158017492.2159
6073351.359480222,1.461804446249452e-05,10158639636.23774
6121754.361726751,1.303069361257425e-05,11055139073.68396
6076104.300098968,1.301812513615044e-05,10979761981.57003
6072675.368241789,1.355483706077677e-05,10681949760.38217
6036438.908637854,1.323828555004879e-05,10786808781.05309
5963276.285539236,1.391129242225139e-05,10309555588.25716
6033021.188886499,1.377539390498562e-05,10498618787.13523
6039901.483517579,1.313241520122378e-05,10850925577.47717
6046873.524338128,1.33531104704437e-05,10743420895.10552
5966717.815981447,1.380589883353204e-05,10367937602.2345
5981494.431292342,1.425354931823202e-05,10174842317.84698
6061749.000428789,1.380076552584322e-05,10535678220.55753
6099478.743658165,1.492190721607487e-05,10063363619.4264
6064693.963363284,1.653645912694476e-05,9343592209.099417
5982225.715598584,1.49371847254205e-05,9863180042.501493
6100217.204777141,1.560573970441774e-05,9768376562.03632
6230602.200995373,1.854955402661686e-05,8891486547.300882
6126736.672622313,1.743977421053519e-05,9110355192.298313
6162440.891043906,1.650882105600157e-05,9504779800.093527
6132187.296868922,2.008283933857989e-05,8299756195.01181
6080951.624950086,1.85516487754321e-05,8677271900.2873
6090888.691286083,1.815486187298906e-05,8817633229.093542
6183723.600014523,1.455663395631343e-05,10372324494.49705
6416223.566290415,1.401290760259508e-05,11038938550.31282
6152326.565106168,1.405935803860989e-05,10561583877.73593
5091977.613991941,1.127691329506493e-05,10125729579.77178
5646112.461885134,1.149795850772184e-05,11083298576.33105
5603815.550902266,1.17550331106192e-05,10839300610.69868
3984235.011171777,1.119546529860938e-05,7961291309.818307
4625532.054836569,1.118612278262496e-05,9247875483.60347
4920223.906491696,1.160352808824098e-05,9599711061.94997
4413928.728614229,1.05301613741483e-05,9187597590.330053
5334156.476353866,1.118997643574956e-05,10662187204.10218
4795948.384184924,1.097126533639236e-05,9713371997.75071
6607151.245945265,1.567495563899239e-05,10548969455.85959
6599927.544958029,1.644615871746673e-05,10205387893.80551
7123081.500402796,1.588775559266893e-05,11270924655.49637
4383138.911602637,8.935092929417154e-06,10179329804.46051
4503804.941273577,7.553925562050831e-06,11698524954.42923
3593736.325837652,8.84725330549233e-06,8401185389.087717
5681268.912092012,1.059950913251943e-05,11773931659.8825
6042829.051715415,9.621195841967155e-06,13358394714.14074
5100189.279800031,9.698134989532318e-06,11214867429.92634
5885622.830516191,8.859824723561922e-06,13745978940.47243
5084103.825210023,7.556282391282701e-06,13203091235.63274
4955848.390387195,8.937983126871646e-06,11506899630.84699
6601054.037728634,8.397259024661299e-06,15977969512.30797
7834731.492102524,7.087034714123122e-06,21234778918.01426
5750486.140546384,7.093497703100038e-06,15576298911.97742
6534838.274397056,1.742710653935948e-06,45125080175.97227
7314899.727140104,1.009615016304732e-06,72683836529.15756
7135999.880343563,1.139466945988536e-06,65411435437.43925
4620298.218399836,4.740720768415898e-06,16372201870.43979
5035719.487496488,5.622263756514389e-06,15926513696.70723
5997314.830988979,3.386177264328655e-06,26596044744.06068
7332922.075804768,3.638873088513849e-06,30995534542.94863
8339947.527035876,2.752073792874427e-06,42467490832.23211
7232886.006404101,2.594090482695973e-06,38310828166.52988
10653528.9807103,6.532857210616379e-06,30485363726.90022
10076707.62721042,5.968741880211034e-06,30624108801.76493
10685550.34891758,5.833914744742298e-06,32972877026.98231
6709815.240913642,3.230229898682819e-05,6615382194.692619
6384578.229741575,3.325950933682854e-05,6173360716.986335
6610951.650616313,3.630081261859355e-05,6030033842.261883
6660786.951482985,2.788716647273868e-05,7243068902.539399
6774100.133215986,2.987979017069135e-05,7035040194.444014
6651212.995457533,2.956042400066875e-05,6957081371.496689
6319706.303595043,2.418291962437824e-05,7557144749.694968
6238352.770374018,2.433208090659194e-05,7429343328.331653
6388058.979953015,2.623218334147277e-05,7235678990.67937
6302994.695953473,2.149276747462117e-05,8153649681.319511
6217284.752253255,2.314734674929469e-05,7654789989.364023
6298501.24202066,2.299798869556042e-05,7788323492.434302
6160046.227630366,2.133058472195134e-05,8009070763.834968
6288561.725090692,2.103862993229018e-05,8251628966.658515
6284073.419712766,2.254366355812409e-05,7874535058.223142
6397908.844668806,1.867806468229402e-05,9088316957.103367
6212387.306360275,2.078277234791488e-05,8218442797.451535
6321833.089352194,2.015581543505535e-05,8535771422.468851
4481161.124479495,3.208436844318832e-05,4438077648.540593
4414079.136850684,3.010886053159779e-05,4560830179.051476
4053491.58257998,3.418740950105915e-05,3848148408.771872
5252734.417001279,3.217717856627748e-05,5192224585.89129
4812683.673435207,3.256121479340554e-05,4719763651.817116
4870642.455021419,3.450657841560327e-05,4595347074.131032
5058819.96328296,2.731390765414749e-05,5577762256.678643
4665316.586560493,2.839143898383469e-05,5012905492.11572
4734274.119889924,3.036610779554929e-05,4864004643.611253
5424444.382730145,3.059526098531261e-05,5545224745.109023
5548804.168382104,2.817896042394914e-05,5992151056.309786
4977102.893119017,3.097943080909547e-05,5045772471.811781
5447416.388732072,2.101334366115134e-05,7153640823.881639
5487893.168259225,1.98524268626027e-05,7485082278.84796
5249268.804012059,2.084831773125763e-05,6929759053.943019
5270268.016019982,2.488969017951856e-05,6182342214.071797
5367097.555181035,2.265077362459458e-05,6704259193.231403
5070131.386995984,2.399352811190395e-05,6094758077.615556
5973819.221226762,2.119250359688563e-05,7800645925.699029
5864692.809796741,1.981047949771038e-05,8010296847.839067
5666256.03721488,2.107476756804875e-05,7426559515.440662
3385678.377331293,0.0001563749496204878,1166453896.105376
3055705.675069112,0.0001565027270081753,1052196649.41233
3320937.049907603,0.0001569610431270367,1141298883.881603
2893429.706880235,0.0001570301181308983,994086778.8075619
2817550.72438635,0.0001576155586868072,965618741.3565034
3037387.750688293,0.0001572901532748556,1042395545.306269
2229835.103489926,0.0001558167733961678,770069536.9256352
2629624.967334415,0.0001564457740149954,905700464.2901578
2344329.147271639,0.000156166821280501,808399569.4867152
2677213.115827347,0.0001564357071837528,922130423.5108845
2357201.495752188,0.0001566733926729372,811085323.0467613
2420758.703434512,0.000157060599261806,831585041.2178266
2465267.977702959,0.0001550595020882651,854145540.5825448
2665570.793385135,0.0001557959506649012,920632094.2028788
2259826.046151834,0.0001554659477494252,781600491.9683646
2700912.965291284,0.0001554532674017986,934208941.7769613
2464705.966192561,0.0001551152033585405,853746373.6457355
2370291.778320441,0.0001560885471331318,817625544.359284
2783791.868468709,0.0001567569425276392,957529668.3322076
2787254.028335976,0.0001564585886224419,959938948.2795494
2525450.878731167,0.0001570800235221549,867477635.9690087
2311630.390977444,0.0001589040333761066,787943568.4296697
2235657.332783998,0.0001586285462893426,762929384.5645603
2751600.445108321,0.0001588206181960419,938240371.5401845
2459852.513020772,0.000147538263686898,880993335.6898109
2534923.108015151,0.0001454894428893723,916383237.5088638
2572388.253408716,0.0001453182491641676,930657210.7164249
3399988.35204257,0.0001539611428213938,1183595608.505483
3310523.07321272,0.0001539140360290047,1152686308.462177
3446182.656770889,0.0001525172404940539,1207236432.178587
3514393.07858536,0.0001544887133731557,1220635034.229279
3300677.238013679,0.0001555520680813134,1141175743.673594
3411484.91878563,0.0001546818938999063,1183905764.449764
3266002.731385461,0.0001558407135306551,1127792645.787507
3265932.094483711,0.0001547433145521804,1133093862.681242
3354796.836094816,0.0001547927530638046,1163677065.724813
3126995.983662515,0.0001576149903187912,1071673052.337063
3203860.72657868,0.000156775319490218,1101932940.607194
3182981.122222837,0.000156596745765616,1095583730.677049
3071260.908864432,0.000156037097799438,1059655758.783041
3194840.669792406,0.0001550553480891614,1106941587.542292
3194910.533671401,0.0001561497789701908,1101787359.018238
3154162.295077925,0.00015731320167224,1082365454.387695
2784647.577425509,0.0001573941727590743,955237007.6838911
2980723.612635243,0.0001567383769171602,1025348446.736328
3151128.241888544,0.0001578281231015563,1078971111.055264
3280925.355704037,0.0001574526591154328,1125199896.388373
3228287.215347782,0.0001569906911196978,1109318439.339707
3089567.026571605,0.0001581471873516566,1056468712.45244
2810773.406240884,0.0001577449471557108,962769221.3302678
3181963.63525389,0.0001576666633038661,1090273093.018342
2461663.730000368,0.0001572261759835601,845043033.2496701
2171837.657210826,0.0001569589335810287,746397196.4326335
2340811.60915088,0.0001562673388243368,806840429.242251
3982326.409683703,0.000152989505130731,1392181186.95807
3935501.592326115,0.0001538435981718257,1370714919.564003
3720078.105231825,0.0001535030607301098,1297599587.039999
4079640.949119918,0.0001492113030355261,1450176268.021608
4090298.683756403,0.0001471426213158203,1467560553.972202
3804776.326156671,0.0001497129644937025,1349448114.099545
4021802.640754075,0.0001517673525531966,1413519647.392489
4062485.134305455,0.0001503674768270447,1436666097.067873
3788209.141802906,0.0001508690087855731,1336699923.238976
4258276.375267135,0.0001494540289060754,1512035868.854976
4335664.746168735,0.0001476542883533838,1551999760.708044
4220405.963085156,0.0001492614319960228,1499877621.49998
3524837.432854965,0.0001503342270269553,1246714984.315856
3391775.857015715,0.0001487710857227386,1208040393.674672
3367007.050819469,0.0001506939811327282,1188995163.870869
4206186.318736367,0.0001504563072760718,1486899358.554632
4168548.766139834,0.0001502643889829367,1474848825.480298
4127337.296098772,0.0001516645056722266,1451267019.792309
3837567.249619504,0.0001458905932570125,1384749251.022918
3506949.281690168,0.0001475694774749684,1255832713.919912
3642229.610753478,0.0001491342532740695,1295137022.262079
3607877.713588053,0.0001525023139162774,1263962493.037328
3579270.59787514,0.0001512679660293615,1260752645.117412
3420212.314860029,0.0001516263564899584,1202827273.394224
4473695.271677484,0.0001423996168973412,1640566545.974939
4151584.628385293,0.000143954976377903,1511458080.922523
4239071.415266212,0.0001446285135881365,1538513995.559445
4800757.940832167,0.0001394604289446119,1785154508.890019
5179143.256646485,0.0001353922885630593,1964243408.267246
4841898.032020243,0.0001384954908931073,1808805555.43312
5303581.429510955,0.0001339039517550919,2026315089.654077
5306332.665319298,0.0001340959771668034,2025430320.813135
4961389.126346001,0.0001375637939771422,1861803577.406226
4014539.911514362,0.0001438593415471889,1462212193.272778
3596626.182246489,0.0001462516052488955,1295671403.84131
3931350.024758076,0.0001445716749535511,1427204602.417955
3139850.17429963,0.0001577502018022656,1075463419.005555
3195949.754372049,0.000156733650659536,1099406861.976859
3256063.141499641,0.0001573179522091393,1117310709.994194
3277952.347142955,0.000157322462620192,1124800442.367186
3209854.932568128,0.0001580822250047451,1097901500.231908
3286763.46636262,0.0001575023890355199,1126964806.521224
2331523.055065609,0.0001494240717594037,827991737.9110824
2491818.116654643,0.000149413950934439,884957143.0912054
2246929.514613119,0.0001512439805768915,791536080.9667448
3477530.523198418,0.0001455319682490659,1256894083.544896
3461315.258623964,0.0001476535522562882,1239020685.75239
3277355.936027103,0.0001477141620903325,1172849229.338
2839336.845651836,0.0001547170493823359,985200904.7729144
2869592.009620197,0.0001558454932123859,990886677.208179
2551169.979475951,0.0001555417318586015,882080271.7679638
3713049.068585979,0.0001517469241660897,1305120938.530728
3499767.305725132,0.0001534202801292149,1221192107.455561
3546632.267479192,0.0001519741079724637,1245383456.652817
2691847.738823513,0.0001540690568506094,936641813.3677098
2411467.941755117,0.000154896239206497,836092338.435256
2300059.893679758,0.0001532641302233511,803116956.2194325
3176801.174447672,0.0001538939664125354,1106222037.153483
3022361.722811095,0.0001537464365217574,1053116461.370654
3154785.099957109,0.0001526435964585198,1104546628.467972
3142762.40838817,0.0001546399401307621,1090846814.762096
3020203.9804931,0.0001556226570133709,1043889169.277897
2989162.914164082,0.0001544897446173004,1038205077.643293
3212342.063880912,0.000156671009547824,1105340348.126367
3264850.574484777,0.0001571343201691036,1121198759.736191
3088352.255922713,0.0001565555742787623,1063198787.927528
3137682.257268619,0.0001585358754080347,1071167182.169868
3104574.460873732,0.0001587029059719401,1059120793.341838
3098278.306850707,0.0001583883895646032,1058371648.492498
2309864.563502348,0.0001583327927758609,789234269.8455825
2593841.065731028,0.0001579133561123628,887831983.2028397
2861919.615020065,0.0001583112780174894,977948972.2884541
2078982.520151174,0.0001528870721300563,727115934.2324201
1887440.489335591,0.0001542016712557408,656367718.6297095
2091200.138530062,0.000152850260087441,731506423.8420674
2624304.210842744,0.0001570999889850693,901356802.9366016
2499474.193612326,0.0001561357665161186,862012818.5100535
2814748.852738806,0.0001564426903216091,969473926.7612236
2033311.85435586,0.000156534993930236,700051029.7889224
1898543.363285411,0.0001555260265521842,656475420.3449337
2196910.799521478,0.0001558412112581546,758619870.058957
2134557.896350716,0.0001581100405386267,730020359.2183377
2121322.263041501,0.0001574178500202872,727618945.9027005
2407864.070444723,0.0001576885681236763,824957977.4753567
1523026.812291051,0.0001580395119904843,521031238.6018666
1359684.797449654,0.0001584289840677967,464388885.4367805
1259894.140515855,0.0001574969056316225,432002280.1781058
1981699.422915223,0.00015818152490574,677538446.9327999
1791830.471861934,0.000157989590903368,613118755.5455824
1968947.253135845,0.0001574956918664732,675131382.614539
1915981.873260863,0.0001584890399505869,654222143.3587849
1713580.069536532,0.0001587206747570308,584541569.8161917
1729367.624397374,0.000158294772088227,590984752.7272286
4865107.637328789,0.0001423523863523002,1784497533.051243
4622735.42036178,0.0001451521790964857,1673722023.719261
4755348.663766859,0.0001427112900736183,1741312871.820988
4595993.602398782,0.0001416813104527636,1691106811.204311
4358141.491898345,0.0001439105352933303,1586985408.234963
4632853.830197062,0.0001410817646813938,1709495686.39336
4312990.96785482,0.000148981726605305,1534699010.880829
4440387.720747804,0.0001473718503750929,1591516707.059488
4390872.701989056,0.0001471820604094499,1575122230.167536
3579134.104670284,0.0001553187105299919,1238688541.456104
3620728.564576186,0.0001540851226873511,1259762943.555753
3833296.757073701,0.0001544260298689523,1331758377.787673
4165587.138137507,0.0001489502484616777,1482456876.92326
3909575.861787344,0.0001501551900121915,1383893743.927689
3860151.548780113,0.0001484840906032628,1376631616.800604
4437188.632851245,0.0001473682839713745,1590395753.58571
4209963.562569179,0.0001491208143559404,1497106947.865602
4479993.293472631,0.0001470239296346465,1608244270.90533
4064178.223520626,0.0001502378279521835,1438091591.692273
3960411.283657129,0.0001505938789953153,1399164387.141171
4218055.310098541,0.0001493902898953387,1498180097.923221
3137532.879234089,0.0001581410002068013,1072898483.506383
3173419.629856116,0.0001582461707020935,1084689320.103809
3267052.517785957,0.0001577665869914506,1118955363.126677
4154631.853234049,0.0001497719415711139,1473145261.919482
4380378.458057505,0.0001480195661262539,1565424824.553789
4253851.7660571,0.0001496288253946377,1509288191.490083
3990639.884466152,0.0001474193036485566,1430011846.223738
4447846.378472467,0.000145893674367611,1604940011.230042
4301097.578621907,0.0001478846256436738,1538026947.054091
5010649.470613609,0.0001376705203247002,1879317044.849471
5092379.137369839,0.0001349901255462785,1935171217.89294
5414988.629909011,0.0001341276293032987,2066579181.482225
4689419.640612555,0.0001435300103580736,1710634738.861135
4557735.415625316,0.0001459703543142934,1644015856.21097
4601116.238921316,0.0001456264992557777,1662275224.828491
4873156.854792698,0.0001405678059020904,1802546511.611841
4918124.224306351,0.0001394324087972919,1829041982.330551
5163357.213380232,0.0001373588331539569,1939520806.952446
4659621.438958394,0.0001444335489701273,1692668503.043916
4792871.564286727,0.0001412004617045447,1767550022.539258
4748481.815775258,0.0001423367489394331,1741847319.439134
4668311.023712787,0.0001435149510167364,1703053736.841287
4607822.818132301,0.0001423830469793089,1689884085.638131
4766195.113742555,0.0001410275023921093,1759148925.412981
5135683.573198888,0.0001363059420050527,1939047279.426769
5260668.836896625,0.0001344567909506503,2004406499.257457
4919886.854966588,0.000138115399200432,1841310571.267685
4866337.850174835,0.0001409484224484258,1796782230.771945
5068176.030305607,0.0001380997768333063,1896952135.417476
4977363.05070282,0.0001405891442405556,1840905355.784546
5557840.465130853,0.000131407970877784,2150263107.0008
5421777.952573088,0.0001327798414499285,2083148818.513221
5294881.85357972,0.0001346297231592959,2015714278.405837
9934059.729652209,0.0001036305111306654,4502651559.442513
10487197.05821102,9.67533368239375e-05,4976020116.243578
8960084.206139229,0.000106677740796415,3983482234.836463
10926322.49390113,9.91704781002227e-05,5099791374.438721
13017648.90189686,8.886140140109844e-05,6537180080.047986
11506062.17666394,9.230940014443266e-05,5633298494.285978
16885562.88609039,7.44908020133221e-05,9537775792.434761
18740115.21338163,6.573344858289661e-05,11505742362.19717
15650920.49614017,7.861387394060916e-05,8528521591.89725
8484437.006538501,0.0001079652845850165,3741969761.250954
9311514.93423588,0.0001009894531643746,4293745808.12772
8620563.677350754,0.0001058309388255088,3852954659.189385
7579288.305025324,0.00011416546871222,3220613318.870142
7507335.292046767,0.0001159731103745111,3156803935.928367
8075960.748223322,0.0001100621213232545,3516432457.737405
7272272.765728017,0.000118475678476654,3014745740.597925
8090901.430555745,0.0001136227163241736,3448949207.738681
9082512.702629596,0.0001093602095663745,3971608742.972855
8920570.754724175,0.0001053623770633364,3998854497.483314
10444445.2050159,9.545089954276444e-05,5000714094.702052
9768151.797555594,9.839699300835829e-05,4583084333.886109
6186064.234160252,0.0001260101935711352,2461183374.870722
7359369.554960121,0.0001177838570219896,3062786780.189901
6579635.352934262,0.0001226438358127253,2665454921.366044
5128020.109909571,0.0001371492864397969,1928208611.130087
4924981.722118175,0.0001399980644136614,1826655303.878789
5216698.851037991,0.0001367879555034596,1965005910.077677
4551391.775449441,0.0001445523594252618,1652446587.488613
4843631.045079963,0.0001419422914819953,1780040346.084707
4721767.084668842,0.0001412628440486173,1740814905.466647
4511964.404875166,0.0001457119798935564,1629429189.412218
4562155.642877179,0.0001459023301440757,1646121721.446025
4802954.864074501,0.0001431024839689295,1755538630.386898
7771235.003589086,0.0001173908174083986,3241409927.085951
8458948.567581167,0.0001125513174975031,3628685496.976107
9302116.198948985,0.0001079283337963859,4103534716.525407
6403456.212135666,0.0001264861891590616,2541279142.49509
6725712.957198473,0.0001242069909063752,2701723921.027355
6033809.758163419,0.000128064625552846,2374864434.932744
6845663.352469753,0.0001235865463900707,2759104020.59166
7840270.811247197,0.0001164659280407704,3287495266.440716
7178727.189520623,0.0001213073705683902,2929471810.111364
5576410.722893927,0.0001331647454207441,2138431016.110816
6113336.696084701,0.0001287252068874364,2397926772.257114
5752286.939400121,0.0001303045296594068,2238038395.920371
5282748.459705845,0.0001351257072715466,2006170986.524028
5372749.423660697,0.00013476492118569,2043989584.671022
5545409.262060232,0.0001319048302833439,2140062566.403191
5313997.754361613,0.0001357991470375679,2011360908.131498
5065169.953938381,0.0001378739855492421,1897896254.351587
5471660.394922633,0.0001343301665508993,2086107890.403583
5879869.330230524,0.0001305296465812812,2285045751.508451
5543488.550963718,0.0001313949393605185,2144852323.592853
6915708.670525362,0.0001232842319126417,2791890199.300817
12826080.52066281,9.137767339485807e-05,6322185455.249044
15384407.70814486,8.090187899108912e-05,8224478604.503153
14206989.28557633,8.502338799628772e-05,7347559559.425584
8938800.221785611,0.0001089881573258108,3917656530.44132
10007143.3755362,0.0001038940154429051,4528104429.534185
10717028.13778652,0.0001007727067122805,4948942658.545382
14665248.06767472,8.429605787190748e-05,7628126798.375095
15502906.39452708,8.071770132839557e-05,8300430184.965901
12934298.50213338,9.120026708708019e-05,6383793144.952389
10146380.13124895,0.0001027465241345185,4625226832.391644
9264891.267290222,0.0001073664676151942,4101359924.660534
11084227.80867876,9.665517917283288e-05,5262862491.555238
13618620.7699432,8.783928341086196e-05,6891925968.659743
11202185.4060736,9.786382448840143e-05,5274985867.736932
12186569.12956866,9.177451587594949e-05,5989630821.688621
8211709.230145847,0.0001131837025687185,3509492336.329943
7711666.248870363,0.0001175485151451785,3213686145.876039
9236932.91908239,0.0001080867412409248,4070797578.32339
22367435.71778591,4.723412737670914e-05,17117707468.66269
22295531.59890181,4.169633196481545e-05,18541830103.37651
25357574.17560956,4.143637014331343e-05,21176453809.96833
17846238.19626372,7.038931697835195e-05,10468284519.70439
18741036.33142625,6.612090024412673e-05,11461314522.64049
21326214.63027,6.080403911190771e-05,13791944131.29673
16522925.72942794,7.726522498235226e-05,9108165255.207964
17292439.43936057,7.31754503085981e-05,9884301729.610632
20720417.66451295,6.358893817221101e-05,13006011187.97796
14714838.0152604,8.31369751929421e-05,7724896560.240099
13224696.46955142,8.706995144237939e-05,6731939094.391411
15441521.62698841,7.904703839715647e-05,8383647802.087992
19793621.21968026,6.622815101580148e-05,12091963703.02711
21392157.96177154,7.105559766928528e-05,12469692163.63695
23202512.37841639,6.067262352678275e-05,15027030342.63643
18059051.44155385,7.090613905687231e-05,10541580018.58617
16154504.07026335,7.938277195119472e-05,8745999674.172098
19587331.37948396,7.573376387314765e-05,10942475341.90862
22214962.51170453,5.68093705562681e-05,15032536480.79771
19574744.87601438,6.212203874839104e-05,12479551483.32852
21210220.33877843,5.439932031277183e-05,14773481902.03722
15357441.67810168,7.908615876573635e-05,8335248522.127359
13146894.16080608,8.711009959384795e-05,6690277930.654062
14387915.39225674,8.329505214264717e-05,7543711523.962145
11848709.7997865,9.687356433017887e-05,5617385254.845473
12987411.32050133,9.599190351094722e-05,6194879446.022525
13641176.47210534,8.862859209632308e-05,6862293049.65645
17701778.49906787,4.875494955357241e-05,13263895589.43475
19527563.98175066,4.451441942198665e-05,15547035627.41369
16876964.80207627,4.273696462851326e-05,13806763816.9033
14737832.9242031,6.394031762546068e-05,9216876521.459036
16356961.97633837,5.605728637554799e-05,11167293498.23285
15002452.32027084,5.982134729329891e-05,9808248530.89048
17744184.4211347,5.698927792099959e-05,11981943656.71742
19758531.01071893,4.807704640905942e-05,14943860340.71848
17921715.66343128,5.231770018478786e-05,12811908241.35591
14451332.73884062,7.93607199821643e-05,7825357149.554117
15800591.49006916,6.797955573474149e-05,9486102148.421965
13616295.44801289,7.603465004842291e-05,7586671248.055357
19991505.1881044,5.655161633919608e-05,13569030306.02986
20290540.61855225,4.91280562777025e-05,15126573567.39272
18248531.46344551,5.804913378597539e-05,12172060201.39117
15704835.29148048,7.618060537118513e-05,8739175072.152353
18799107.05933045,6.331461315055359e-05,11834082230.3248
17110115.94027035,6.480019019260388e-05,10605604609.11845
18375433.19081263,6.975062054148684e-05,10844400183.29354
21770959.93052147,5.965346371520167e-05,14260030949.34756
20307987.01576843,6.099488034914559e-05,13106033928.82115
5960215.633920833,0.0001288877239334225,2335900122.067594
5734944.819510118,0.0001310644054619852,2222658474.333948
5448213.878859689,0.0001322591129908986,2098796885.444153
7296425.174596527,0.000118059553093678,3031861627.900664
6871089.113187995,0.0001203518141592307,2818753858.09734
7727218.149644533,0.0001142859919661567,3281163247.435604
6428597.687190041,0.0001232759797525449,2595358001.236809
7093501.448740417,0.0001192797452523721,2927405334.027572
7163447.981201237,0.0001174655641686461,2986632125.681026
6272339.005685203,0.0001246503931796064,2513624618.045789
6514977.184430526,0.0001229456270402419,2634940675.039044
6929312.230049812,0.0001206500998283049,2837951747.510718
7882331.723646486,0.0001167387790704231,3299979763.957158
7288098.571575135,0.0001217467125448161,2966944409.221446
6744469.188753013,0.0001239126831644414,2713546496.264146
6889023.208371797,0.0001210221475477317,2815665617.747673
7777465.759026852,0.0001165570941073609,3259459832.56803
6647493.429753491,0.0001237318360237946,2677135040.651515
5593895.307224695,0.0001306223454840568,2172881365.90089
6344240.612948778,0.0001245372386252687,2543978819.675057
6112544.519710811,0.0001272557212685696,2416038352.457298
7433386.010667039,0.0001158497695227851,3127926719.429193
7803070.074155345,0.0001152670661864921,3294544267.548851
7050311.662334893,0.0001191869660459142,2911091162.014801
9068215.074305298,0.0001088201329846848,3978465933.788752
8746228.685652107,0.0001121862608206102,3760056577.232379
7910076.068037215,0.0001178026397646547,3291627219.825689
9839255.700240245,0.0001005113029695092,4551476573.45496
9505888.693513969,0.0001046659081276089,4280119495.400304
8953268.937315099,0.0001086456896047247,3932239511.805631
10493561.23721978,8.955069187688774e-05,5242562349.500731
10685950.90546651,8.13629812991642e-05,5691087621.384777
11029843.7471411,8.540686303225783e-05,5687318012.870876
10154336.0349353,9.614607720779541e-05,4838348553.094515
10185760.17192256,9.115337472862125e-05,5028961123.746433
9815627.787846046,0.0001002868122944435,4547320135.711866
10385954.53110631,9.192841936968535e-05,5098939844.955257
10742278.14077798,8.343248565785586e-05,5626084767.776447
10417734.76142178,8.694946212584803e-05,5307972890.531455
493100.8368421318,0.0001368541531181395,185679411.8974567
386255.4253619281,0.0001384155439039619,144350408.3708083
981583.4580333987,0.0001393961101637257,365112577.7926955
1733432.030867803,0.0001461856195415222,624650438.0855042
2158466.322953386,0.0001430124658276718,789276817.8415045
1689911.175844241,0.00014407370504288,614904108.6286923
1771119.100601147,0.0001425530057520698,649028120.7855322
2250120.409444893,0.0001414934479705182,828669852.1140956
2073805.238390777,0.0001401080834631756,768763057.8332922
1436290.678578885,0.0001513886526351132,505646252.3526937
1968359.118522338,0.0001516179652686336,692262107.8584152
1253613.144482021,0.000149827441838214,444395133.3304159
2671015.16055798,0.000145703128213666,964636673.7921253
3164331.1482138,0.000144854281660416,1147257842.267874
2902020.737555081,0.0001436646976995415,1057954855.176884
5816453.634698423,0.0001297869708744996,2269015901.793486
5446584.348107384,0.0001326727654451494,2093805707.021269
6164765.765048931,0.0001288912372895457,2416022557.175585
6378585.963251586,0.0001170909884526103,2665070884.30522
6248553.639882718,0.0001211814793255752,2551655280.709609
7237386.804077633,0.0001174989108894273,3016888249.53559
2116607.44297223,0.000128062855084168,833089253.621858
2846164.103720982,0.0001303394801409124,1107157179.526242
2700145.836856231,0.0001256226258300637,1076486637.697374
2199557.786436266,0.0001359009502093618,832122082.5567536
2210180.464067449,0.0001380031380699958,827627846.3605473
2498818.130173041,0.0001376172282974345,937460067.1817765
8792638.929057026,0.0001088964311266486,3855761311.067936
9525624.564668735,0.0001027120453118903,4343227138.046774
9950927.750335224,0.0001005402489866652,4602250660.62116
7215780.505802097,0.0001188108976718596,2985697441.422335
7977098.518849408,0.0001148940446175695,3375306975.433801
8124417.721901982,0.0001143578903069801,3448377649.787635
7912123.090893554,0.0001124690263265565,3395765915.36481
9005678.015336996,0.000105687018743848,4028734526.139015
8293383.726555885,0.0001118897423007332,3571672071.180299
9724786.646810619,9.986537399251231e-05,4517901868.540139
9115177.55652488,0.0001025351656050597,4160861321.680105
10634787.03952621,9.266637479767343e-05,5193347086.740317
8758512.484162126,0.0001102568895898195,3809136439.3995
8605526.487564532,0.000110788179006807,3730627005.033712
9751807.726504317,0.0001024185613923162,4454845865.121123
7953053.802813809,0.0001112952209406855,3437290542.901064
8461633.371018447,0.0001072027703270829,3749587837.341417
9049342.252087435,0.000104519371712449,4078362456.27826
5964246.396405469,0.0001269969238414753,2360623769.831719
5679766.522166266,0.0001300289884784207,2212943678.315352
6200907.694775443,0.0001252894470850946,2476541470.714357
5557074.092111542,0.000130541398079134,2159470857.354931
5959301.576683647,0.0001269315011632989,2359477026.160369
6305023.600467168,0.0001244561084337055,2529351801.16928
5177947.075484035,0.0001355153935029328,1962600266.409788
4799606.287067125,0.000139582045982933,1783689436.402373
4837272.548603176,0.0001389833039338919,1802846716.82328
5357472.331586353,0.0001324469476814618,2061889090.199558
5476009.26607862,0.0001320578639526698,2111647044.232958
5752537.396499561,0.0001288320113940472,2255157746.268337
5153149.925442279,0.0001345574093652908,1962460993.269761
4929196.085053542,0.0001372693588665826,1852366954.308168
5269417.003109152,0.0001341669156749652,2010630553.460901
7627454.356602074,0.0001153191941627674,3219426774.136005
8067772.611797472,0.0001115530520053394,3481496888.723363
8200528.133804802,0.000109410035281733,3584845013.258064
10237406.875661,9.698978792025274e-05,4849600432.69881
11683909.39138599,8.603505471965227e-05,5995212126.425965
10678143.38084956,9.483082043721991e-05,5134869485.063258
9858916.201000353,9.698922355527061e-05,4670322311.863794
10669761.87307534,9.19489233886538e-05,5237495079.395489
9147559.46142485,0.0001018151688573505,4195305427.84917
10553680.17892616,9.213503880891376e-05,5173534866.824514
11968140.86982557,8.241281125658324e-05,6319705973.31635
11392055.04768424,8.71134129231924e-05,5797116867.214499
5587228.379164226,0.000128321721000545,2196154923.011394
5884545.16767038,0.0001281527328387162,2315053256.110143
6367208.682156212,0.0001250732806946642,2545888559.485642
7380847.068214025,0.0001217548741520053,3004567528.727312
8089447.564497994,0.0001166280609801269,3388832947.126184
7001226.770796854,0.0001240683104600049,2814493387.599303
8456745.931167267,0.0001130258571400783,3617579441.893558
8994056.465689359,0.0001090289314291483,3940891148.261436
7840824.764337716,0.0001180142642350372,3258907840.571038
10625460.26528144,7.368327225706407e-05,6045540689.485273
10451094.75325221,6.65930834162558e-05,6361248611.407079
10767289.8240167,6.995235314788733e-05,6342174457.119847
10479969.73434126,9.645326092515173e-05,4982899007.871245
10442345.94456173,9.332811658699044e-05,5075237954.358485
10977334.47930271,8.917353079308653e-05,5499707456.600733
10120958.87873135,6.66953054092109e-05,6154009324.207534
10224354.1438849,6.252182091923517e-05,6490549579.952457
9691423.759065175,5.932128370347403e-05,6371581215.647811
10388059.62896525,7.063568623898929e-05,6079273114.06346
10757931.13729334,7.507429663677257e-05,6045068762.324304
10492806.90984453,6.645226216039476e-05,6395657050.164953
10510518.2053572,7.380477111771851e-05,5973577515.345992
10308205.43483314,7.043509048227304e-05,6043989213.103164
10337102.27843434,6.671314309963659e-05,6284314024.895665
10413301.59645381,8.26347523083663e-05,5488832280.106322
10737776.44497583,7.912562775849201e-05,5825987907.516824
10368254.60297954,7.46771045087766e-05,5846743024.696182
10567891.602914,9.375360086788254e-05,5120704467.06146
10690166.29203486,9.406152315830106e-05,5168642046.937889
11398283.59837214,8.54301899385924e-05,5876226721.279255
11971093.88216637,7.473651289260253e-05,6747019258.752297
11176399.66366007,7.037485559711165e-05,6556774470.700146
11164601.24357793,6.765257829165707e-05,6724401680.230014
12385947.36630821,9.336189254315324e-05,6018424254.004108
12560909.70930198,8.318542740741908e-05,6591580984.926
12860432.94464931,8.693982295173286e-05,6553044065.31489
11453946.5479448,8.164110068148053e-05,6086242484.16487
11248426.93452912,7.386656811486052e-05,6389396561.731629
12045633.87858107,7.823611444365696e-05,6585035844.662134
12086703.78576429,9.325001502748109e-05,5877716097.173606
11662563.2926452,8.648629199477089e-05,5963425919.385635
12259547.12470823,8.307152618340298e-05,6439314465.132409
10152062.74220458,9.430497957098189e-05,4900020266.278457
9815069.000227286,9.982461443196761e-05,4561086018.439816
10185190.94612991,9.069461818044442e-05,5045623384.70041
10519777.74829737,8.154359423031558e-05,5594311752.23139
10328896.65139581,8.973333431125498e-05,5153291724.473804
10362311.89790346,8.6133210365163e-05,5313037775.045616
10076002.17741962,0.00010079612337472,4652207028.151744
9370830.202247439,0.000106543437174057,4169592373.841229
10039111.30715981,9.766092959578676e-05,4733852264.434765
11211088.6557288,8.98922945812417e-05,5586838826.929028
11921629.11004115,8.310274658594498e-05,6260254965.970657
10510006.08050653,9.283409486730989e-05,5126228518.15639
16518672.87234652,2.474498601202448e-05,19452869691.81791
17255182.64267752,2.689705167606097e-05,19221315574.68305
18043856.80744106,2.740035425278487e-05,19852959355.40406
22145709.36859353,4.132800999504835e-05,18526495140.9863
24013009.56197243,4.902527460392362e-05,17926681554.29651
22898976.53673593,3.782203938911531e-05,20322920130.82179
25684430.56501089,3.785529176301237e-05,22781669290.69723
22602083.80812458,3.811730626817409e-05,19955702147.25233
23608172.12867278,3.292319457422394e-05,22982347332.70652
27290094.39177934,2.982086070333046e-05,28378640630.85555
26888764.56166791,3.577137716263287e-05,24767399432.19933
24763372.34636856,3.085687414572505e-05,25171465529.24163
23772624.38026836,5.229966484430448e-05,16998523154.86455
22732853.18168591,4.988891377301931e-05,16774564284.92625
25746554.87379404,4.408408601541589e-05,20631520255.17174
19496810.15889553,7.884670132050983e-05,10603303941.48615
15165678.23039516,8.876511642837459e-05,7621380058.452885
18691397.67401112,7.709612342165288e-05,10318583511.14927
23679367.97232588,3.977818771031874e-05,20320767701.39543
24812001.40626223,5.098932169682773e-05,18044394248.20646
25294392.57536713,4.917535163789846e-05,18844846541.57021
21992458.52726304,4.989435111141186e-05,16227048308.38256
23779161.42142372,5.206481004548477e-05,17054291277.60933
21921160.15862852,4.434865554236781e-05,17496179653.17137
21453334.21394427,5.431959239171108e-05,14957435208.59709
19808324.98884183,6.204274634451016e-05,12639223984.61275
23218431.80414512,5.649038396951516e-05,15770659892.97888
12108849.77949647,0.0001011220135753473,5578778076.526138
9368488.179678662,0.0001111283988264285,4053089014.478435
11934633.72054809,0.0001000269158255008,5538572470.632319
15308649.91099941,8.466321721355366e-05,7939753991.453037
14615602.47826153,9.202570825291045e-05,7170409244.310758
18654781.10111924,8.10122995816235e-05,9963750653.200686
10789441.70512391,0.00010235827646673,4930795563.378811
9385207.503370754,0.0001105671423860067,4074051258.863935
11877246.88183832,0.0001014753865064038,5459363029.667377
10495182.75553451,9.850113368061674e-05,4920726036.39354
9457803.40415035,0.0001055377790772569,4234982776.894269
8282853.552220307,0.0001106527877985391,3593671780.785925
8023153.161225392,0.0001076320113244554,3545826207.239304
10105517.58948612,9.902690855855087e-05,4721243661.27221
7937097.245220938,0.0001111743330710626,3432880450.300613
6150250.81085127,0.0001209492193518288,2514726628.140942
7063795.423284642,0.0001131109197941222,3020195737.925819
6983062.577312911,0.0001166568122076102,2924865259.691315
6777579.009669753,0.000110126552818946,2949940291.11221
7664160.601056997,0.0001039951317453029,3465686360.137025
7331295.790362763,0.0001084170646469282,3224400492.827008
13832744.19270092,7.923901536523997e-05,7498060934.10388
17048273.82701469,7.672050870747229e-05,9442190605.87763
13094238.6079731,8.645750046728772e-05,6696971746.758398
18350127.10859345,5.768857456305332e-05,12290773202.85315
16973674.56413868,6.292769970188584e-05,10728721375.45057
17800305.83664351,6.325310941826533e-05,11212596949.13473
20282474.92185592,4.952321085009576e-05,15040020145.98554
19181146.3589774,5.433713398446404e-05,13370369433.18657
18618919.46915449,5.989614103474606e-05,12162473630.90069
20801698.92179215,4.713965800830808e-05,15940717106.05437
20648743.8657458,5.033454426103513e-05,15146636742.60344
19686167.13681204,5.194765326484916e-05,14140037001.42373
16326853.34738072,8.146636971064465e-05,8687942060.138544
11330077.46383484,9.823788519815934e-05,5321656960.222411
12462953.11858185,9.120651401552839e-05,6150877201.829812
10110033.04083218,9.954189350162185e-05,4707048174.303024
9991132.101126824,9.923236573910332e-05,4661358131.782682
9098172.921866756,0.0001073588389099039,4027748237.152207
11337157.5723955,8.813794604611134e-05,5724385844.766023
11854283.98866649,8.436812537003495e-05,6162492367.053094
10396926.12462125,9.531162048051023e-05,4982810708.750902
11479599.76577101,8.250466420453483e-05,6057234854.431412
11006917.86009989,8.232213729862447e-05,5816404931.406948
10646195.08881125,9.08120574420289e-05,5269451481.813554
12085404.9331198,8.245748817980694e-05,6379321241.25697
11782253.95309891,8.261462961738518e-05,6211412987.520956
11062118.72858112,9.122950192759126e-05,5458602203.56852
12559297.07240434,7.671621198488738e-05,6956229462.718103
12931131.02450747,6.824834393496914e-05,7742985283.56276
12250222.28923195,7.687468611230763e-05,6775713990.031901
12084299.90615498,8.257155463416754e-05,6372862094.725551
13403946.14308125,7.303911389823483e-05,7671183008.642129
12618007.35213487,7.881628020611031e-05,6864045494.814957
13481205.70141287,8.431676478645346e-05,7011099207.253518
12675107.84227021,8.097681451429911e-05,6771910413.856823
11942117.71978943,8.776311213115701e-05,6047000499.607765
13944308.03689135,6.849222707299555e-05,8329829449.102649
14201737.08777015,6.436567780800732e-05,8842435564.7701
13142446.81322624,7.426178760263738e-05,7438738559.273181
15771824.11786873,6.527340899975642e-05,9728765349.958466
14341445.48540267,6.84835963650005e-05,8567784882.184108
13589591.36170005,7.331692628147095e-05,7757769972.704248
16592359.92768899,6.10336626279824e-05,10703567154.94472
16764047.05606397,5.635759482216538e-05,11404525946.39028
15124372.03792869,6.424545392336867e-05,9428640648.18741
25880720.49864279,4.056581349178025e-05,21921464751.07555
27177401.42404385,3.820701466056631e-05,23957740646.06369
27580871.58075259,3.223639499054987e-05,27229751239.74707
19750849.16593598,2.966261475647671e-05,20611652794.44598
17483814.48142956,2.983954700646088e-05,18173617046.1489
16875665.66203016,3.598654594418803e-05,15482252156.51005
23346216.34006158,3.546776621508877e-05,21626883835.95944
21944634.18276691,3.149994321874961e-05,22001645604.47956
21707767.2174366,3.96079436875931e-05,18682154465.71974
21297964.89278422,5.365463526987011e-05,14971544614.37759
23493145.76975038,4.64558397618824e-05,18179459351.79635
21606581.09768042,4.622698229717404e-05,16774735832.62189
26453797.21311487,2.882026653076806e-05,28142069082.95931
23093325.47887669,2.88086963790793e-05,24573710574.97006
24530562.15898071,3.276926008316847e-05,23955012990.63848
25823165.55855329,2.628358031862341e-05,29211451024.52547
22147671.68842755,2.26556103368837e-05,27661617140.59155
22504358.6601226,2.628246465302065e-05,25457900302.49035
9605189.717392979,4.589474509332724e-05,7493142167.731676
9907997.748961797,4.166506210472003e-05,8243997984.025739
8893664.527360221,4.137217554254436e-05,7434900677.385312
10142848.34685074,5.889847142484689e-05,6700243450.15322
9798548.699729225,5.220608531556178e-05,7014784541.826284
9612074.883857032,5.570301742609039e-05,6590190942.279313
10637680.69309072,4.793203512059143e-05,8061757015.955689
10352482.96457726,4.330310199963363e-05,8395215574.551452
10042905.14707727,4.75365622645995e-05,7653160946.546786
13768096.48306286,5.849422973531808e-05,9136893226.177507
11903927.69233667,5.34404942273131e-05,8390283514.529362
13099686.876242,5.992743805564313e-05,8554154835.591941
12103665.11841067,8.226057290523678e-05,6399151801.174272
12697252.61045834,7.756534424362745e-05,6981219242.382028
13424340.92526078,7.272420586494895e-05,7705017828.664131
14419619.66608508,4.065489725965027e-05,12195844927.77784
13010756.47180338,3.745185836332094e-05,11623055187.03644
12006927.78461331,4.538479905126388e-05,9436804413.879179
14174446.1062137,5.475369293426565e-05,9830233177.920483
14720887.78882869,4.497834987096314e-05,11639428496.63853
12281975.10377026,4.970767594569585e-05,9084880946.318014
4517110.310400118,0.0001279944990210558,1778551696.519428
5322735.104835132,0.0001248411798187728,2130899383.441981
4526040.017281957,0.0001248653340713437,1811717449.264105
3128691.82955638,0.0001249088891763586,1252085224.510282
3285724.050399201,0.0001296217450810191,1282859744.267698
3830834.276763133,0.0001252028861234248,1530677874.164601
4296098.250500161,0.0001311293890906571,1664463131.151677
3943132.184622086,0.0001345569906386687,1501656126.697133
4776806.845884907,0.0001308128085867785,1853691679.082412
3151279.069384599,0.0001342890818289919,1201691701.115304
2917236.603341143,0.0001369787248464497,1097832899.598295
3351494.068658722,0.0001364274143255244,1264650994.005914
3177231.626433026,0.0001426043899600698,1164019565.261454
3451435.413646002,0.0001437936294982017,1257496119.765731
3802940.595014693,0.0001414616756811873,1400749069.470827
4236201.671864351,0.000136181787593918,1600407606.484726
3365048.431730579,0.0001403566857969757,1245955646.794439
4037496.331676229,0.0001378525479609207,1512988437.07763
2320589.976230287,0.000143502816304088,846625728.6707852
1879023.969882007,0.0001466760450820809,675605006.7692193
2300290.942375698,0.0001460353012181041,829489453.9708368
12367351.27670716,9.408623173383929e-05,5978505685.053587
12933336.12564492,8.757268942926117e-05,6558403101.26627
12942231.58692964,8.561764754166606e-05,6662445041.348572
12208408.40552206,9.688921803239582e-05,5787292265.444605
12297972.00148702,9.679754112559721e-05,5833429448.088471
12770785.34470426,9.036157261816439e-05,6342031841.020276
9392372.560278807,0.0001055419657370198,4205573155.9718
11250718.10175443,0.0001001491596131675,5216934333.881275
10999509.33543882,9.791976982165771e-05,5177574897.833488
8809885.35666582,0.0001091719181860395,3856822300.222848
8586892.886542745,0.0001124177704840127,3686487227.578371
10612324.72456648,0.0001037592900427,4806097047.499897
10791493.86220147,9.732819104142057e-05,5100222627.131447
11296111.6666308,9.004471413247912e-05,5622854269.411353
11713595.45916626,9.682388563233631e-05,5555227933.704458
9521053.561845575,0.0001081046496594173,4195548629.245514
10343967.01428509,0.0001018431572671742,4743139421.060596
11247142.2478783,0.0001013356592257087,5174487273.842183
9012601.417070879,0.0001101996622300273,3920998316.840788
9117936.670914799,0.0001096882738013056,3979145046.445627
9813701.975605192,0.000103926227498789,4439657047.721915
6983658.720861069,0.0001239301047896238,2809517856.743123
8070562.654172897,0.0001164920530634488,3383552715.705105
7308826.102808547,0.0001212050253940559,2984240896.263007
9250515.754462423,0.0001073466347194947,4095500573.884324
9581571.836624932,0.0001039949808375534,4332732138.0237
9914566.999664159,9.845762411018241e-05,4649870425.617743
12807509.56139924,8.370334158094556e-05,6693236304.430618
12665485.28532131,8.211566965095552e-05,6704058707.486688
11973628.34269201,8.994392103339028e-05,5964552918.790487
12094038.08669033,9.552224343709685e-05,5787641953.824558
12662603.15833338,8.704611556432655e-05,6446986084.255327
11833532.31498197,9.330151240446861e-05,5752482135.78804
13073717.81421681,8.238500385131753e-05,6905052675.095851
12921034.00593855,7.33417104252825e-05,7374454721.397347
13082661.41371864,8.043776831198138e-05,7020845668.050135
9655699.059897374,0.0001106080586579442,4190435963.802581
9353871.81070325,0.0001103012006556047,4066972669.907815
11065372.68343816,0.0001035191849555583,5019018728.929554
11551568.04809837,0.000101384133551971,5312850697.801936
10191733.9121955,0.0001083689029559193,4483786845.829186
11638693.43474056,0.0001012969375242879,5355993218.905636
7928183.589447034,0.0001169443987970581,3315284078.785518
7376152.251400594,0.0001202207538978401,3028146677.453891
8624259.939581053,0.0001152781193396369,3641027139.350236
12290696.08009507,7.442553447073359e-05,6946432793.955202
11473322.08879536,6.734432069101812e-05,6931414459.259116
12437192.86218228,6.91399315435763e-05,7383060129.94907
8685291.253835913,4.571169359674374e-05,6793592797.633859
8609483.043201748,4.538333002687413e-05,6766740191.960266
8100617.390738704,4.174009768897897e-05,6732078103.835307
7649206.69863822,3.870307883674032e-05,6685276696.491474
8438814.59863372,4.403817407614831e-05,6766985454.197093
7862642.131243796,4.007103024817926e-05,6714517913.675999
9999175.619231734,5.565722488305861e-05,6859353167.617117
10039178.80335887,5.924732782503957e-05,6605702506.262573
9346071.121718515,5.126175309959166e-05,6772777035.612926
8637305.812631417,4.239341706577804e-05,7104159126.995256
8847743.222931232,4.57555793738482e-05,6916236001.509752
9338699.941443784,4.691926105407492e-05,7178807574.176242
9596345.016261408,3.494197032447453e-05,8978578692.275581
8891536.463779001,3.863496678717818e-05,7780182511.720041
9905751.600060128,3.892795815917844e-05,8624084769.998341
8008898.200448886,4.051212419064376e-05,6789681932.232678
8514918.837000392,4.415247459340913e-05,6816223357.13251
8308501.410646296,4.079366276312784e-05,7011230262.104067
7385662.049349355,3.60742212384217e-05,6764849230.759775
7595413.936102924,3.743837110584312e-05,6786931780.029778
7358816.782144283,3.350688496898383e-05,7080304793.660301
8990143.326020418,4.770004012113735e-05,6835245526.702087
9732028.47567681,5.276991750644968e-05,6917445733.227509
9087855.822206406,4.83810466337008e-05,6844545090.294337
10719693.17068743,6.154666972598873e-05,6876687925.469911
10374845.64131245,5.73171101700475e-05,6978982671.514978
10535046.08684209,5.726062107603005e-05,7091406867.88242
12094214.20006789,6.535299752972525e-05,7454193257.263509
11143996.45852167,6.355749543730609e-05,6997288528.084772
10955714.79847783,5.926742442717507e-05,7207146471.388491
12321585.34296163,6.508803582170281e-05,7614928188.753098
12493652.21739199,6.570093514160578e-05,7673173973.791854
11715592.28212158,5.948205874397915e-05,7688475855.92333
11249186.15448684,5.412225024427555e-05,7862075444.510988
12252024.32274038,6.106753151021506e-05,7900737029.519021
11456120.78412607,5.636695601303435e-05,7792698296.685439
12835998.75157574,7.747266278969505e-05,7063132347.252865
12978973.20057793,7.905530056333913e-05,7046168202.787038
12643695.85933212,7.135026512749496e-05,7349824678.803689
12969686.25982219,8.178536009682645e-05,6883549245.057773
12668885.96476748,7.803892730016488e-05,6937413262.916661
12817612.92825114,7.274196113112028e-05,7355583819.171366
10797059.16817696,6.660051779902056e-05,6571337066.127151
10439550.32165078,5.964738625513146e-05,6838394958.025707
10785462.7561712,6.388299855881313e-05,6749142349.478579
10694838.36522588,6.63881665716953e-05,6522995946.643632
10379716.84465375,6.303347785241834e-05,6553470161.049307
10339040.174855,5.943498026212165e-05,6788682136.070074
9333168.336190935,5.308428781619654e-05,6607722088.034155
9516929.940842325,4.959227676573278e-05,7050514999.682203
9021247.436563902,4.842755716263171e-05,6790027813.921811
10515901.29947577,7.769675055424027e-05,5775344971.852952
10358464.5735686,8.227642394628085e-05,5475768934.141426
10313536.47536154,7.432090442841704e-05,5834454869.345828
7866735.852984227,3.808023575847814e-05,6950160205.735794
8163692.619287735,3.836168883594845e-05,7177196423.039156
7936139.410070049,3.442387576252627e-05,7499565648.160372
12121755.70442993,3.748919682492178e-05,10821682048.7855
10861451.84100758,4.079319464821046e-05,9165638741.954531
11153529.11964394,4.541750943909908e-05,8761869128.484325
14359660.17008814,2.592419860442537e-05,16393584953.32621
13737861.00832431,3.105535267842273e-05,13904695234.28102
15761708.40687888,2.81087551847092e-05,17049391367.75802
10335844.25095663,3.393993494132137e-05,9859887341.133224
10656858.30435268,3.79247787923022e-05,9440909194.48258
11905563.01930643,3.462303025678058e-05,11207443410.98017
13126370.10194088,2.668046233776685e-05,14701074477.34223
10920235.80418712,3.112975958918974e-05,11035232944.80741
12532174.26025806,3.181010523254745e-05,12482924810.1045
7757403.924219795,3.302106914321586e-05,7536834610.573775
7450729.603225167,3.274395778285649e-05,7279664339.901136
7688788.087442487,3.667413702676893e-05,6965483842.652588
8737446.713647012,2.840950135001089e-05,9384449455.006119
8316789.316624475,3.108630922825134e-05,8412200037.363301
9241086.008580005,3.133080742959192e-05,9298408478.790756
8349628.850339484,2.737417785168003e-05,9192630023.018759
7698051.385672431,2.718549061253931e-05,8514438685.640947
7938529.46024584,3.004911799863142e-05,8213323107.487444
18905997.56109594,2.056926276168938e-05,25183752746.05742
16753066.02786643,1.98584485979606e-05,22845329278.9747
15541983.09614172,2.217996971758494e-05,19687888132.87217
7256837.595602073,2.742377519179403e-05,7979871730.430633
6877211.942492395,2.86035222618386e-05,7353025376.536552
7189080.072881402,3.001100601898306e-05,7444227179.080503
7129811.046885879,2.606089652330732e-05,8111200170.505502
6690091.644249777,2.4557590148218e-05,7918475348.218397
6753567.446183819,2.723988044275305e-05,7459844533.504016
9800551.104922496,2.192350414321127e-05,12511532751.19217
8466824.719548633,2.276294269369973e-05,10541481050.26414
8875811.835883293,2.486401650768132e-05,10419028591.21663
7314249.255240331,2.044846604270062e-05,9781285446.374125
6887207.373148733,2.238210213575856e-05,8671799824.450836
7582232.456798744,2.197183228508503e-05,9665394350.723612
6325960.730143559,1.719522205935111e-05,9495575673.166351
6147651.396301555,1.705426305750299e-05,9278702729.796104
6202448.716486017,1.825349881797766e-05,8946759588.152086
6534751.470670185,1.875095448211027e-05,9258631988.208546
6422999.957443965,1.761907152044756e-05,9485988055.889233
6298539.569886355,1.867793534614108e-05,8947202847.432516
7007788.414261119,1.692627165565976e-05,10630167543.99252
7225915.895680997,1.620035930386354e-05,11286080350.78347
6698927.392171674,1.675919251628198e-05,10229079267.52529
8079136.458616009,3.79504505116064e-05,7154077705.300204
7676568.184276857,3.523500029830283e-05,7142511123.220351
8450311.666852873,3.820927885370237e-05,7448923251.679974
8949889.665635034,4.54949485023634e-05,7022777291.941251
8630443.355654258,4.198226026805679e-05,7144786054.52474
10003712.61827121,4.813216594263822e-05,7560275183.250082
8372705.485488565,4.30625123735495e-05,6815005943.105994
7676053.746104906,3.840748496955733e-05,6743118017.553071
8063826.63250579,3.955489193617198e-05,6946100253.530348
10333304.7210141,5.409636763884612e-05,7224267743.981484
9415752.373345118,4.9080596129933e-05,7023956431.704703
10695819.17753384,5.396465521127036e-05,7489872896.375271
12158241.18317472,6.38757675452315e-05,7608750320.782066
11016657.76906457,5.77952194921165e-05,7369792270.389244
11390865.41779502,5.766119838505081e-05,7631928235.254091
10003821.44112275,5.421555267270081e-05,6983664035.230708
9251444.142475547,4.914211708589793e-05,6895624798.004669
10161142.34502292,5.415922891865067e-05,7098406839.669875
7206089.785603319,3.462611310811456e-05,6783135720.863895
6867913.611701306,3.06522630365058e-05,7012127345.233989
7192129.151555225,3.30597413660141e-05,6982182182.72381
8603592.85395919,4.513623378220604e-05,6786767498.351046
7806124.808901085,3.979877199874191e-05,6696620830.151595
8508526.521799797,4.445896171474209e-05,6779767689.190365
7175390.291821897,3.172871149143287e-05,7159410069.647696
6863822.533550085,3.031933451459726e-05,7059158550.864175
7201899.180527085,3.429363292447903e-05,6822937202.73162
7827812.013474864,3.748185824563145e-05,6989181384.939933
7445826.430078565,3.63348953151565e-05,6787298756.636776
7431635.358850574,3.476640760216444e-05,6976611090.67456
8487567.822860116,3.722366781707885e-05,7613256846.853602
9176488.3535215,3.353358641483375e-05,8824494741.202221
8255513.107773163,3.328877179927012e-05,7977721845.605407
7339596.161678106,2.502964614125077e-05,8577663896.481924
7588680.013519529,2.311688867457294e-05,9351472181.272833
6893352.385334796,2.352764199545737e-05,8395467367.496735
7700582.126568902,3.084959758219139e-05,7828716292.390648
7463763.409170706,2.79844160813799e-05,8097426814.371127
7395044.387588546,3.057289063006899e-05,7563389216.081999
8354606.629636268,2.578221102812781e-05,9572952421.190695
7957953.196423949,2.367986508459906e-05,9650472217.585167
7702831.025125748,2.559366078688907e-05,8869424296.737514
6323602.427659645,2.265709320621843e-05,7897599327.094372
6200595.653957231,1.981461386765946e-05,8467911995.260122
6140753.394980772,1.939772959927144e-05,8505915349.188919
7562171.025469133,6.024777224175348e-05,4920612511.729286
7759950.622097495,6.439230588987039e-05,4830250336.84148
8814475.150868358,6.303490668735942e-05,5565135140.164565
7340786.75556688,4.950112416718674e-05,5445016921.570751
7355331.964627084,5.483586301289869e-05,5095957801.961852
8155908.027309262,5.084095685174416e-05,5942873819.017119
6081363.901812608,6.328152963155561e-05,3829567066.633057
7075332.865603279,6.445343650902176e-05,4401318776.229917
6886536.798864378,6.031340290794031e-05,4477734278.05535
4920000.370168081,6.926957410142585e-05,2917002427.224522
5211988.307054596,6.502298483811168e-05,3223236445.049114
4625693.517310427,6.420678457232561e-05,2884847810.377782
4620688.204547716,6.95728879059536e-05,2731576137.758053
4773165.555229424,7.040844821924208e-05,2799346443.249669
4483351.914475024,6.534136417612264e-05,2763613876.561551
4515261.824205582,6.145231152971388e-05,2899506741.965461
4727027.323447973,6.442879725157144e-05,2941269119.323288
4453547.370836028,6.25252276296757e-05,2827065615.330896
4598631.693480371,7.225846602358846e-05,2650754269.99126
4593586.895135147,7.486939978267645e-05,2585923672.476591
4608278.221974632,7.184770359670036e-05,2666429447.779258
4821918.132108769,7.813946953512852e-05,2638190751.041178
4995784.595889811,7.934126933454853e-05,2705645799.247701
4917597.413113147,7.491761182547956e-05,2767135048.372789
6157943.722427064,7.174299718457195e-05,3566558661.112296
6886817.191147828,6.731160606774928e-05,4161902669.385287
5906683.608115208,6.613500949954917e-05,3611792248.757603
4943761.132002013,8.7478437686747e-05,2508746617.597773
5665266.553996346,8.38505902000309e-05,2957215219.099936
5167267.93706606,8.299125347641848e-05,2715851995.808195
7700454.4238952,7.233839343947024e-05,4435444151.569959
7346404.638677872,6.886073179165233e-05,4372808142.800619
6592934.46483094,7.329691018300588e-05,3764335417.162385
6408456.63355126,7.999495098901613e-05,3451795556.363665
7454189.776303416,7.512292128917561e-05,4186831342.885238
6365215.984009863,7.607756366536902e-05,3545210938.210148
5394250.337235474,8.04820340553928e-05,2893777494.73877
5902820.341997717,8.133538131643289e-05,3144415249.957062
5861323.559046696,7.741667554731215e-05,3226804725.626634
4877269.230445528,9.110497405000248e-05,2408880950.720574
5009039.226932376,9.419799871407022e-05,2419505695.160641
5476729.59216982,9.074748543690383e-05,2712053372.480956
10646454.43255783,7.181771944176326e-05,6161937082.740815
10985802.54194339,7.550646229486623e-05,6149536359.089709
11588110.0310225,7.039863459821234e-05,6796778541.744983
6560785.239713254,8.170292281843451e-05,3484422101.066344
6983218.677059572,8.290132901195045e-05,3672946874.659302
7618407.210409502,7.682398063757229e-05,4215667128.599597
8728364.786591245,8.394325244724791e-05,4552769819.729852
10011230.20573224,7.998208849250356e-05,5392940405.426049
8764480.424606429,8.064036168019128e-05,4695601118.524342
10805863.07928521,4.825926647431645e-05,8152152888.330789
10475299.1951565,4.548983005201512e-05,8220348439.655982
9705362.35790127,4.233085702890776e-05,7990495549.138455
12426152.49838507,6.692749933429607e-05,7538187695.263628
12062110.50133168,6.155408690417345e-05,7737227626.503322
12168114.21530476,6.662992605785874e-05,7403613238.756412
12439456.39175935,6.491810463189308e-05,7701184255.274147
12220817.21638408,5.859534220107011e-05,8100742957.489551
12075218.12027911,5.954545291773747e-05,7918858493.472843
12274880.59622526,5.974601262846134e-05,8031771145.295358
12289431.61832546,6.654116160312448e-05,7484076395.788523
12495478.1463335,6.369164189556857e-05,7834860162.652679
11736380.67789778,5.567619031161084e-05,8049233276.216955
11879928.60694382,5.472715764093779e-05,8241607014.952909
11092603.92763311,4.944586384225089e-05,8234050519.810811
12493508.25417415,6.686737380555558e-05,7583590902.311061
12288943.20812934,6.733558677338871e-05,7424800197.19427
12274392.47526314,6.05388140608748e-05,7961179202.460097
11382716.44586384,7.513581875730458e-05,6392654530.850466
12251876.98564681,7.032440122984736e-05,7191154158.266141
11995664.09824291,7.002495352535564e-05,7060829804.894082
11051515.51748912,6.253623455379742e-05,7014564062.831728
10050759.51991437,6.421185655932179e-05,6267900072.797768
10356183.96408079,6.798769832387319e-05,6216980865.607798
10384602.70301584,8.334416131048273e-05,5442600184.647285
9731395.086356457,8.723327316793406e-05,4947513553.883121
10207954.56884738,8.283031701907206e-05,5372121743.876722
8882010.066405585,8.535174044274624e-05,4581802238.758364
9388369.385494092,8.626896031214516e-05,4808620008.633795
10175732.11243396,8.138552362009574e-05,5418356265.231643
8151080.551706037,8.842303944509159e-05,4106812660.401405
7230187.080185704,9.368996746792017e-05,3504995590.94569
8636452.62055972,8.934854755001101e-05,4321259992.603843
11239629.65685282,7.790951001718615e-05,6161574248.690514
12025824.77438375,7.168081931682817e-05,6969146024.952122
12228197.0883885,7.121023195464206e-05,7117609593.519413
10858810.66147316,7.997240408724042e-05,5849994972.337435
10678157.16641687,7.945632891890258e-05,5777553533.840499
11631799.19477449,7.374063049662802e-05,6614682427.246658
11142129.75464625,7.746374311353596e-05,6131535201.751575
11023028.40449246,7.935194526333974e-05,5969379751.05802
12002225.74413059,7.26556919634267e-05,6893112429.637742
9533753.337154133,8.750938762821905e-05,4836829904.209024
9564735.004389919,8.840202605793013e-05,4819827143.431253
10212416.2728299,8.451417414165324e-05,5302843468.785872
9725163.755244596,8.804334642886698e-05,4913970693.010453
10358866.26619123,8.65768712953627e-05,5293110593.124353
10201572.45887519,8.36377965386647e-05,5334152119.992778
12370408.07416973,6.203790346521483e-05,7893675781.592068
12484962.60458609,6.248678897535859e-05,7928574423.935009
11472433.69641239,5.553701738552726e-05,7881348316.242567
10101914.611647,4.585486146813319e-05,7885213124.100091
9593314.516719144,4.391303493201997e-05,7707373064.068191
10049298.01296452,4.942135234409562e-05,7462069828.292576
11899004.24306088,6.403125604980382e-05,7434457309.64311
11489743.19326258,5.550383785377883e-05,7896384961.212411
11659028.43921499,6.000161578291706e-05,7607122289.546423
9817098.80276092,4.266312799034831e-05,8040468704.346711
8259303.786815645,3.696236612946553e-05,7443381245.437556
9072212.387689816,3.951096924448118e-05,7820504192.442061
1822700.859651827,0.0001565192837739206,627581544.6940457
1327774.579689581,0.0001560246827270629,458137116.13543
1240079.632782292,0.0001567377007522233,426580101.8167018
2031998.18680702,0.0001551095479792503,703878383.4222318
1746355.425663406,0.0001543698561289528,606863435.8036747
2227040.304560118,0.0001547033742920935,772790105.035061
2247524.867069492,0.0001543642653386383,781040088.1701062
1764500.446130329,0.0001540318044474514,614065696.4884135
2110837.273227588,0.0001537545515080706,735477572.2264662
2947280.239940747,0.0001549922594053917,1021444465.292261
2726642.796895448,0.0001546530360152857,946359065.9779834
3330090.468886559,0.0001542416516623007,1157856987.149976
2821543.459678237,0.0001553760408961067,976256735.6257617
2811577.437036748,0.0001557742282805538,971149991.0606295
2605756.26666638,0.0001550353801290607,902914398.4100653
278441.973858199,0.0001532548719584116,97228110.08919507
1030701.308822169,0.000153824264549378,359018032.5561931
737569.7644454456,0.0001538249977119812,256912455.6638331
4299139.540224787,0.0001196624375262502,1770420017.785313
3506571.087233399,0.0001249859860709441,1402733278.477243
4114082.331260652,0.0001197450234811886,1693432912.710222
4449626.123607911,0.0001378652108553775,1667325510.359293
4533421.018800113,0.0001396014232445911,1684610448.04297
4147266.314231831,0.0001417599065805061,1525432442.658148
5209659.722745113,0.0001279739060588967,2051453797.823353
4677623.052408277,0.0001334718787065927,1791012865.155815
4622660.166565183,0.0001314167126634382,1788373536.368036
5388234.544561204,0.0001276470128382807,2125393694.800996
5313919.644920568,0.0001301155283342833,2069484747.315741
4846912.780348863,0.0001331474896215493,1858845165.71364
4348026.706026708,0.0001377281440954902,1630335828.111762
4049199.830846941,0.0001416191430878256,1490348730.19278
4130232.724537806,0.0001390490443028658,1538848449.127613
5068504.708760701,0.0001250762248071596,2026578097.748945
5311209.124256874,0.000125875077926913,2114625995.529277
4718346.024669813,0.0001293183378243793,1845084998.897237
4295426.116208874,0.0001435639730869398,1566664277.066817
3901617.546987349,0.0001462226871404712,1405728733.327078
3993294.353877134,0.000144222369374737,1452032175.612072
2343531.453875201,0.0001511803931853638,825797961.4947151
2476811.090302912,0.0001500185953912163,877262342.2326649
1914627.880040551,0.0001490089947576665,681202221.1731141
2265685.688541308,0.0001533546456899734,790803112.7457006
2248125.169022229,0.0001524998301699879,787603397.9166603
1676626.567075691,0.0001522703917901796,587975684.9862747
3165119.886742993,0.0001532828281428399,1105081974.029931
2797701.710528139,0.0001510865585625987,986243579.7425371
2655935.48024373,0.0001522478253668313,931501278.3803167
3418872.765678838,0.0001566112942800202,1176704875.5195
3677906.165697813,0.000155843147410827,1270014963.211002
3531776.8826861,0.0001561725220861153,1217839838.918045
3583100.502988893,0.0001531062995574519,1251978727.698202
3396089.233158072,0.0001522314340904514,1191176729.283109
3481068.371378688,0.000153684802461248,1213273199.767336
3735937.752960993,0.0001549125013176503,1295215363.532945
3668796.493855183,0.0001537769852139467,1278191899.178444
3565542.675049921,0.0001543546335467828,1239117597.607517
3708594.652677707,0.000151447815319786,1305271010.178053
3737712.970775818,0.0001526811840193665,1308425305.20141
3939757.382844869,0.0001523446486151068,1381183375.661472
4122641.404784882,0.0001326887705806479,1584720881.502831
3650067.736743049,0.0001359718523188174,1380389291.090047
3750777.073742667,0.000131840823406598,1447953610.85341
4432095.169744956,0.0001357462657140592,1677994307.493579
4212178.84232865,0.0001370692744235922,1584455548.907837
4378598.544381937,0.0001336902587078126,1674693311.770878
3440256.401049019,0.0001431519207347581,1257166187.794543
3158480.258238106,0.0001431576407697738,1154166536.323858
3398461.456400782,0.0001403263332348446,1258508724.660403
2591543.398369801,0.0001387613312550922,966895444.7119429
2322737.223770547,0.0001418034864548465,854165725.3441952
2404426.181092842,0.0001373077468312857,903402776.8841827
3461075.998256472,0.0001494666621915758,1228895379.966163
3455753.554242036,0.0001510783111178572,1218263826.906204
3297396.496388523,0.0001512242897343318,1161689694.110155
3037798.1671146,0.0001511845473579889,1070419420.220131
3128457.664112245,0.0001495668211540432,1110299403.929047
3148266.57316188,0.0001512635213147583,1108958670.265929
3606625.320818762,0.0001447500818948638,1308243187.784739
3792906.483121043,0.000144591542509371,1376819075.599855
3590111.474373073,0.0001468744321595281,1289665652.332086
3769299.35677107,0.0001506315548980796,1331424847.428995
3601612.344927846,0.0001508608318888997,1270903670.866827
3720772.667228933,0.0001489638845034224,1324074668.625405
3732558.377291858,0.0001521648387454052,1309575079.485138
3623209.695527275,0.0001536418669523976,1263049639.722256
3518708.754857034,0.0001538372240219432,1225581975.562628
2506179.500300698,0.000135100893755639,951860617.4144826
2482085.358990835,0.0001391344389822405,924400741.887215
2564112.647220526,0.000139009939890591,955520180.5423174
2943042.796237502,0.0001506757485681161,1039364004.76281
2771368.939607848,0.0001492258340708295,985065257.1217183
3032287.63801125,0.0001490574109255212,1078618868.257916
2396148.530467307,0.0001525963242683209,839107662.4002094
2816724.393657007,0.0001522176745252665,988024316.036316
2795718.065896012,0.0001533984665390994,975617003.4145467
2350428.578159546,0.0001517244784016042,826247116.4514048
2600749.579431556,0.0001498940413800326,921670366.3881565
2767135.603337726,0.0001513415053552153,974372629.4247941
2294087.187557227,0.0001458144899593414,828087312.4906405
2504184.214073621,0.0001480541800381957,894785953.6039314
2343485.2953001,0.0001480688730769566,837310207.0460441
3218632.996280508,0.0001490062931652348,1145165841.648071
3400959.399571646,0.0001489484554686219,1210349452.212327
3238724.918035452,0.0001507062844980635,1143632496.449512
2955417.012470121,0.0001456121634709933,1067792827.311202
3035425.263710018,0.0001477898767921388,1085899799.740904
2774368.573661024,0.0001479611147481921,991742884.7112168
3107544.213904372,0.0001448262403367787,1126814634.42843
3387087.783882858,0.0001448246763430252,1228187693.526616
3189572.222433817,0.0001470072236980883,1145090970.037905
3251150.419445227,0.0001522264003589258,1140364645.917039
3408406.142872875,0.0001520829625326706,1196274825.313116
3273499.633373175,0.0001534801023828489,1141942517.381888
3553754.633504071,0.0001487848848675779,1265653710.775288
3666644.697712631,0.0001485022987419541,1307515093.046006
3548361.372394445,0.0001503992414046699,1254673558.805506
3580317.750582273,0.0001394140319953951,1331631050.294658
3888530.861792434,0.0001395126381684276,1445583500.407754
3623213.002339714,0.0001422422216635578,1329662788.634574
2903440.420194237,0.0001392441805498387,1080757395.618173
3260843.442242785,0.0001393506847463438,1213176186.137928
3025861.246367008,0.0001421805196536195,1110765232.634748
3009418.825078824,0.0001369267765087883,1132809920.934287
3469938.146511339,0.0001329025548731165,1332394547.656831
3373098.609372696,0.0001370302176698006,1269067744.247834
3825898.104653707,0.0001452044718640812,1384884022.771079
3736174.660106752,0.0001472022777600328,1340141996.795174
3622210.936350065,0.0001474875090736275,1297588267.954198
3967447.127966543,0.0001404001002776364,1468699236.836971
3888035.15846798,0.0001429703174170778,1421999998.364692
3699403.206483579,0.0001431325791989102,1351987482.066103
4535249.766742831,0.0001406793113693927,1676670489.311302
4456875.415111286,0.0001421768889373481,1636104941.339204
4149015.451039905,0.000142837882125845,1518388074.065281
4418242.160885363,0.0001437219103405977,1610278007.117257
4477477.0571843,0.000144852522883373,1623364308.937369
4018708.962919035,0.0001463807881246624,1446873296.656928
1803452.052483644,0.0001572454550501751,619040694.0949039
1634121.416756667,0.0001577438744498821,559735243.3302393
1361114.041994964,0.0001571963055072996,467304135.616965
1159192.008579986,0.0001575033858926088,397461849.3022302
1133751.773277552,0.000158434274217782,387214745.1253378
1224178.093199634,0.0001580591882985898,418759595.8000409
2358225.457872216,0.0001527156346275568,825397196.1151764
2054180.80658267,0.0001539376241042528,715169219.1243317
2290592.919285306,0.0001537501538288566,798124926.435367
1690966.401344141,0.0001557421138304735,584158815.7731771
1818284.197714245,0.0001567434979475343,625463649.798257
1374003.458520698,0.0001566981122926466,472728714.2400649
1062084.121095261,0.0001591145277136114,361703207.3632788
987160.4540980475,0.0001591616116961756,336120909.6929076
1067064.022768875,0.0001589767585972549,363609079.2027833
1491630.992461248,0.0001589512090782056,508337530.1761585
1213053.188299553,0.000159059875832462,413211834.0899149
1343942.526264571,0.0001589220428980567,458062357.2903308
900195.6642004842,0.0001590657369856016,306633186.0213944
945773.9758607135,0.0001591833039712623,321999860.326259
1019139.27660532,0.0001591373665920806,347044709.1716825
670895.1046435297,0.0001587764803336861,228804121.1645688
790986.7438439052,0.0001588851850484694,269637485.9055308
749767.60959767,0.0001586528947390566,255835814.3039629
696919.6628927178,0.0001589043335343051,237552108.9865817
862729.494978814,0.0001591275187283644,293795034.916888
819223.4455768632,0.0001590042000666234,279123654.2137513
547324.6395857466,0.0001579210248993664,187334758.0818622
611042.0054956326,0.0001585382667273837,208600332.2816361
686414.0966844512,0.0001584087650059415,234458899.3189383
863179.7283338411,0.0001590786111047505,294008603.1537426
1015283.780298193,0.0001589651851046094,345981413.0598762
937381.2039801263,0.0001591544757295721,319180979.6886554
2499726.1843158,0.0001460800966848444,901221908.931839
2425182.511985247,0.0001481264472629705,866275483.2335321
2432036.733670956,0.0001476780927338431,870481235.5773196
1728007.574254622,0.0001549512072325607,598984612.2508283
1668996.495689116,0.0001552923238805187,577681906.7505759
1354206.462055034,0.0001562551410781974,466797661.4154973
1908137.490876676,0.0001541817149287655,663622471.0165067
2047674.258163408,0.0001531754221401807,715266931.0599023
1846100.889042726,0.0001545217052821752,641104910.3321338
1694335.475201911,0.0001559823731914565,584721489.1284411
1734435.02039985,0.0001551269372967897,600758450.4255791
1359897.091553617,0.0001564264485794923,468416934.9537117
2168707.579174318,0.0001526557739130262,759262890.0585748
2025034.453538191,0.0001536648620762891,705855879.0527451
2326989.055558141,0.0001524410138113385,815442085.2092944
2419705.599327859,0.0001481979660078406,864041032.9280462
2531329.533574952,0.0001459768596668093,913046035.4934231
2373875.333626179,0.0001481284614972505,847940866.0988538
2616295.654343767,0.000147269046647277,938164876.5102936
2401445.250562645,0.000145025367675122,869981544.3974656
2792193.433565056,0.0001449206345270889,1012026807.901754
2172268.976863419,0.0001518405923914769,763229251.7773056
2184757.299960714,0.000151807715877506,767727861.6585944
2255458.309996104,0.0001500244159881965,798840682.6034713
3110426.150933001,0.0001521989819671,1091135610.151623
2978947.07763666,0.0001533032748673899,1039988410.49945
3000629.582498589,0.000152117583822223,1052994511.372005
2216678.342617742,0.0001550646684351681,767999212.8624718
1916922.722722071,0.0001547540602334864,665033062.8085351
2109918.919366009,0.0001534396229697526,736163167.5896012
2227094.088625671,0.0001512249035195406,784614544.4974644
2343571.436904086,0.0001495083998997954,831957486.0134567
2298471.414919922,0.0001494423009417454,816187758.0283909
2498532.229429411,0.0001452016628696128,904420843.4097487
2292734.199331738,0.0001451024517399377,830304150.2358985
2342117.815711961,0.0001473558356967234,839518964.3683882
2522440.469655686,0.0001438183713003475,918920657.719484
2435399.274478671,0.0001418173476079829,895537823.6221569
2315639.046274478,0.0001437141938959461,843990882.8170815
1133428.032035142,0.0001589123443499891,386327413.428945
1254648.494162099,0.0001589133256170971,427643483.7389274
1128295.429941764,0.0001590554681838356,384347233.5937782
1686064.014702705,0.0001269257358529685,667586582.618926
1206014.034760233,0.0001293478401625635,471533885.5679004
1057163.649779184,0.0001297538587245062,412472849.4609005
2583605.913264242,0.0001217526481490358,1051737419.557539
2224968.457831005,0.0001243688157543813,892996025.4907638
2204479.936426377,0.0001245480590715857,883923827.7205012
2593656.057419333,0.0001208383383464255,1061147823.687576
2284720.727509723,0.0001209752516614782,934047076.7289617
2191788.277116395,0.0001233582246610904,884476963.5872333
2034605.120019324,0.000114562628180693,862551075.2598374
1574774.418151635,0.0001178650504338113,655080975.2607652
2043750.577747187,0.000118618549126571,846563398.4914699
3112074.794436507,0.0001080852562962216,1371531295.141288
2512433.30253536,0.0001112301941024723,1086290741.370318
2936905.278045484,0.0001116893150199893,1266335712.498606
1881544.164837894,0.0001125611743284836,807090074.7645543
1538652.013823119,0.000116345372812014,645616071.0137069
1993517.560199245,0.0001130542012386231,852633243.8447363
2575678.683136463,0.0001216618086692587,1049032245.693059
2175264.739099503,0.0001241858128944734,873904811.3171582
2217612.412889717,0.0001242782341131446,890476087.1578507
2268557.275125099,0.000107633243463983,1002579445.782443
3013930.692422555,0.0001014889012575024,1385226827.865218
2469731.526908363,0.0001064140678712285,1099808441.81169
3479078.53625594,9.662260007021525e-05,1652260114.93175
4027035.681006787,9.315691995822615e-05,1959635944.758864
3590724.323161048,9.665805145456783e-05,1704865175.231177
1394026.416432077,0.0001284923672233445,547460492.1018567
1264017.688933766,0.0001289947228530709,495113979.8603029
1629387.160063668,0.0001264159610596629,646878945.2544996
4133316.127372216,0.0001081759650969896,1820586998.488809
3415258.728195104,0.0001117824274536109,1471774426.149851
3950656.381321678,0.0001116050026066372,1704303030.068819
3271702.41601711,0.0001000254519573418,1518332120.873841
3437902.686768566,0.0001035794633558355,1558754816.039879
3764668.295273324,0.0001003504647065397,1743333428.713838
2959771.130537153,0.000102123793291024,1354690768.064146
2517713.070374745,0.0001088213556056146,1104579079.115909
3117950.627325323,0.0001056957491004374,1394753799.426816
1494848.60480766,0.0001167905354549491,625641349.4024431
1425201.656114136,0.0001171578265546825,595244577.0471025
1763434.125817514,0.0001128386461110056,755186115.329587
2330057.407775701,0.0001136246670731079,993233910.9272512
2339843.668262246,0.000117666903458554,974429953.4685421
2739445.354843544,0.0001140832006335689,1164612669.788947
2566234.150527189,0.0001387796971773687,957368182.2373521
2273610.149954566,0.000139166217507788,846629604.2176189
2458054.491745066,0.0001405497111666641,909295136.2246089
3228975.415059766,0.0001379146425324729,1209644679.69345
2803007.120141601,0.0001384667966685552,1047274279.118456
2689894.419568609,0.0001402362285867477,996540801.6753803
3612297.455559739,0.0001350962261170017,1372001839.632733
3950456.25128338,0.0001316665880160859,1526383053.371988
3404320.604982612,0.0001329628221451928,1306803544.527223
2895852.813363395,0.0001339028792596101,1106411141.938537
2361919.797724676,0.0001348770961857368,898062043.9456607
2671682.729411689,0.0001365901633974187,1007330383.119547
4077836.732143471,0.0001263427239502709,1619557392.831691
3514763.830300728,0.0001307711745503996,1364231685.554251
4069360.917539944,0.0001294788027027733,1589987682.535682
2000856.082011838,0.0001299590202719354,779850878.9476122
2195881.915770835,0.0001332167208031262,841853437.1130177
2711678.599913599,0.0001322449974834359,1044685047.271793
1442109.995154015,0.0001297611617662294,562646001.4298426
1001838.052970406,0.0001311205835238347,388165507.5969183
1122461.785236812,0.0001333426014723548,430056597.8733324
2962183.68777764,0.0001227098321089594,1199570410.960865
2141442.788843267,0.0001261536643242851,851346907.9170302
2728187.15734401,0.0001237221854741411,1098775848.517608
3991588.591084395,0.0001188604422137856,1651153862.628922
3440030.176422193,0.0001208902755545488,1407023466.181812
3187491.612851097,0.0001218979498376491,1296536606.220538
3156961.249080794,0.0001204162353498813,1294630658.443269
2477328.617481857,0.0001237171845761769,997769599.1899331
3126634.160705156,0.0001215648356615419,1274104619.543674
1775893.124503663,0.0001268502387024789,703432829.7400676
1143208.874172715,0.0001294969923182227,446634704.726139
1610791.728704028,0.0001281413948133811,633742879.649364
758604.2013591152,0.0001447386421641489,275185521.839808
434178.927558296,0.0001436890061446246,158265546.2231902
709658.3190571942,0.0001455808901851001,256436427.3965765
726147.0635228762,0.0001439516160120965,264370842.8787666
588392.1275983886,0.0001424342790482829,215736604.4746921
409710.4792489309,0.0001429029442053835,149893553.1370443
692130.3790104947,0.0001470332290127409,248453001.9148459
835824.1205691685,0.0001455746717811913,302035288.4725549
784406.9184778412,0.0001464176852324131,282365993.1093155
1228294.059322977,0.0001436204985785992,447876282.3903754
1445008.065923511,0.000143303621660997,527673754.5456049
1411537.868816834,0.00014172794025227,519264799.9942497
736171.8753659966,0.0001466769064458056,264690320.9495831
979923.6183283251,0.0001449938626563572,355052421.3902506
884154.7349884418,0.000145218919229613,320021736.1030151
749891.5959294154,0.000147327380836993,268829035.815052
945032.7038685621,0.0001478203336465184,338031666.009094
995742.8193288883,0.0001456440896152502,359709526.4924237
1031101.984831491,0.000140446008683228,381617857.0783762
417545.3510508293,0.0001394632926082718,155261475.7335139
641510.2018348447,0.0001410450037346544,236754601.999298
6151339.215469366,0.0001258436082334903,2449527026.154246
5632330.954473166,0.0001305821700207066,2188259948.726282
5770994.060494299,0.0001292116076175609,2257960155.894517
9104174.933282552,0.0001089586292345085,3990857063.038279
8172841.30803952,0.0001120119697998442,3517197668.124154
7291657.758884663,0.0001180710888514991,3029683284.901813
10707526.65172381,0.0001010529273227654,4935409941.295916
9970443.299563074,0.0001050109882257078,4479449426.594622
8930122.917621568,0.0001092661909077239,3907211324.680545
11761415.40695768,9.61921174453962e-05,5602303071.171685
13085266.13448727,8.982752921112633e-05,6523934476.164021
10988277.95537102,0.0001001469676037374,5095315738.913548
5063915.088871039,0.0001377522661089506,1898543622.118325
4849647.736552579,0.0001395619456218173,1802459507.773008
4973140.46424902,0.0001402424080062883,1842374097.502443
7060186.048940571,0.0001179744478767991,2935108611.723341
6686980.656488433,0.0001213185515743503,2728633808.388412
6330795.258294081,0.0001237866001060961,2548839634.669244
5792370.368752234,0.0001286402690556286,2273029279.607775
5514874.721337003,0.000131864196866937,2128715987.542358
5512069.936963213,0.0001316734537372068,2129687594.898758
5051786.921994845,0.0001360017924012501,1910213615.254169
5224454.760676977,0.0001340388178953904,1994744364.797355
5505312.213045068,0.0001328419924309726,2114584443.53295
4606770.636047131,0.0001403712364807242,1705602561.693459
4241142.208612879,0.0001428912098623241,1551716908.946084
4566644.034819251,0.0001413351792093305,1683049842.410717
4887555.364415348,0.0001373067048199429,1836385521.843083
4835576.490854185,0.0001380554300654927,1810280730.929719
5057417.108951791,0.000135341910266818,1918553460.961202
4718166.142254421,0.0001388135077913299,1759889541.844916
4386007.618083793,0.0001413689821072803,1616218081.037469
4667098.3622784,0.0001395621199504851,1734610278.631893
2931243.821355681,0.0001414845363769988,1079557951.642289
3263089.291707756,0.0001386680041389782,1217992969.726699
2721038.494103656,0.0001409913699172097,1004476233.445256
3933557.479205182,0.0001402296696805223,1457333315.814926
3962612.947072832,0.0001388647140099115,1477702647.650578
3296715.325336189,0.0001413711766893745,1214807688.183038
4049570.609540724,0.0001427615313646016,1482523241.817632
4030384.789729464,0.0001415011798635286,1484247993.311088
3668269.81753021,0.0001438327284865376,1336255358.470664
4287659.707763642,0.0001415520115987139,1578615198.313992
4616141.447519477,0.0001389957811033571,1720328413.493734
4267917.280416613,0.0001402921720505008,1580739724.345871
6202566.380952192,0.000126884661391945,2456397636.464458
6877401.969571842,0.0001232606216121022,2776780215.213235
6697847.068412264,0.0001238103059665164,2696274033.130679
4528818.469511258,0.0001356059552904356,1715796343.741259
5333357.422703287,0.0001313795867952659,2063710442.752453
4739125.977613076,0.0001339390801595546,1810339575.018171
6517144.335597673,0.0001267211112280931,2583199954.52742
6831388.985077178,0.0001239866958308793,2747423598.055757
6158873.037138892,0.0001276144737650646,2429785645.646662
6888303.427198862,0.0001249144299454397,2756579544.653708
6521738.430178278,0.000127236027503266,2578041923.804595
6127311.489616603,0.0001292611255065686,2396760673.345782
6306655.294602808,0.0001270398339431201,2495585666.800621
6832691.569781644,0.0001248650392477936,2735045642.697309
6074867.806124283,0.0001292123883587108,2376844276.84062
8605948.459952416,0.0001134808776039844,3671557073.865883
8503622.024974337,0.0001139928497043936,3617030806.064382
7776697.543941526,0.0001191031341278872,3212524254.120215
5176381.940973196,0.0001286194215931679,2031523943.401531
5494498.418529165,0.0001257776710699119,2188730820.267628
4675449.39047705,0.000128935846886847,1831924519.54639
3999609.896349542,0.0001352505884306486,1517952536.223716
4534277.923561983,0.0001338925617678156,1732489065.251986
4838948.676996945,0.0001315022067645533,1871237829.258699
4913741.23110726,0.0001325869021363742,1889782687.754716
5518500.735429106,0.0001300318927676439,2150079484.357481
5230701.382693529,0.0001302009216318602,2036184942.535448
3267164.53442437,0.000140253610367613,1210305405.811702
4126287.862039342,0.000136078830957114,1559669128.368221
3617013.25417907,0.0001374405319138407,1358126475.04218
4606487.08785882,0.0001357167440750373,1744272110.169044
5060863.88527742,0.0001343816633706842,1928995947.358264
5417614.909746905,0.0001314899430586111,2095140281.635898
5597936.512620605,0.0001274295384916753,2210622377.298843
6378639.49084652,0.0001241854472435739,2562600580.292881
5928563.538756595,0.0001245922254145942,2376596847.32781
7761083.803558425,0.0001188301213010627,3210983047.053076
8545458.878936181,0.0001141309066525027,3631894382.217793
8834054.549781829,0.0001144387113273858,3747814647.73331
3302645.40206441,0.0001557301436856851,1140985584.308247
3488230.78372783,0.0001544123176423171,1211947803.929568
3447406.694323355,0.0001556435004054678,1191439134.38882
40112527.9658268,6.400417492805213e-06,116361103330.1752
38333927.97782724,4.770096017663964e-06,135279474797.0227
35802966.12883224,5.825914723520147e-06,110579916772.018
42853181.0350574,1.088456205806665e-05,87252073999.91037
41711428.44700298,8.515611356376614e-06,100025602176.3897
39109145.7700264,1.017090646152204e-05,83311551674.1694
44249072.43611149,4.478267163753512e-06,162866153145.3575
40575154.71546592,2.998011772654157e-06,195151231041.7156
42286638.56545277,5.798648247571635e-06,131014285853.6579
42348902.12911022,1.531681006873102e-06,318710670953.7812
40590398.17349104,1.964142461720087e-06,258806187533.9877
44264990.99553271,3.420144446088076e-06,194998265317.1364
20686141.01039959,1.405547253172018e-07,765213306744.3436
25199251.07247012,2.545951951350509e-07,627317637489.6208
16531960.75900704,4.185281521112521e-08,1371432956924.372
40992706.4405423,1.290341465697348e-05,74513819132.25754
37332724.66590816,1.225724543184285e-05,70225434103.74551
34618170.74704559,1.679271360617377e-05,52790632016.06622
44948854.50560143,1.578806007458495e-05,71422127330.62495
43304109.09335646,1.408693099356938e-05,74242316928.03406
38186673.91367789,1.880693229226068e-05,53996613777.34993
45233440.60467108,6.199349490112983e-06,134038289134.3217
43249052.39748906,7.539282410139585e-06,112483785079.8412
44411518.17679616,9.919998708396542e-06,96195452616.48898
39348035.88615397,2.882321812065664e-06,194279993352.9106
39234573.07619246,4.067301709032009e-06,153980126403.3639
41033710.10387015,5.705881663540408e-06,128506652974.8207
8145117.941452214,8.564511206982191e-05,4192074472.211492
10937438.35759619,7.236438244798669e-05,6298431032.887621
9124827.022941388,8.077199629610687e-05,4883345244.405151
22711635.79942115,3.022524671007506e-05,23406429989.41098
25921679.14639535,2.433851876978309e-05,30865053555.32913
25270292.33087806,2.973752682366837e-05,26327343191.85183
27881482.25050959,2.380051855654228e-05,33697026436.38466
25165123.2906326,2.656862068942821e-05,28263095332.25803
24413182.14257076,3.09945470354858e-05,24741965413.00574
4971282.976700374,0.0001024287363764129,2270843865.630029
4334623.169457315,0.000105893589845665,1936592447.495268
4032127.398465511,0.0001108228574113241,1747624065.377554
13346070.57297533,6.362433877697936e-05,8374095237.528709
15905789.65137018,5.30048422791567e-05,11272274006.1615
16397831.03871665,5.201798205847967e-05,11767496383.07643
7690484.18870458,8.762888156308201e-05,3898122694.039508
7671106.104050413,8.575229121739925e-05,3944822814.835873
9949426.333277354,7.729882479143954e-05,5482973076.481853
14018416.81016041,5.845925195804875e-05,9306723246.306129
15302803.89033259,5.461078500933485e-05,10631276163.40396
12794220.33214129,6.523862940728084e-05,7894851035.759975
11519295.58349979,6.712439294965884e-05,6974381102.792305
13865437.45456311,5.813056714295681e-05,9239827627.778587
13468090.30568749,5.954517700002184e-05,8832323334.55621
8079379.885399309,8.809878819075059e-05,4080669346.38251
8347019.523621065,8.255717795132765e-05,4402454436.847991
6543099.369144417,9.321648516845467e-05,3182646230.903961
15893562.94903718,6.126170256206626e-05,10227321100.5562
14293624.81586258,5.912416693132454e-05,9418151858.209404
11306534.56285638,7.037175338767769e-05,6633314672.701501
20781565.36511598,4.005773236857765e-05,17750912523.24172
26279496.80504577,3.322350909680171e-05,25428459135.44881
24341568.08399961,3.41785098380471e-05,23112475803.22306
15202283.24162921,5.340552909956352e-05,10719750362.5881
16773298.74159397,4.822353947375492e-05,12660351394.77666
14786085.52352852,5.481988139020009e-05,10246160458.9145
18093894.6918802,4.928637232704261e-05,13460075295.53871
27709625.58522241,3.83448863552632e-05,24368325528.05756
19804307.93622516,4.410340258387124e-05,15865177649.04145
10530561.63738661,7.412276931821027e-05,5967839161.383194
8182390.072790034,8.257739751569317e-05,4314919703.611601
9837120.792622941,7.492805378361551e-05,5534839556.746515
2598270.329977423,0.0001326479874716367,998965655.0750151
2963372.097056904,0.0001280079777832111,1166706173.921581
2954633.36147239,0.0001292353527054337,1155888764.441758
3715794.489884407,0.0001278454115391906,1464181525.242521
3412938.309349399,0.0001270105545502247,1350730054.993288
4195395.797127429,0.0001216851383248139,1708498409.038972
4032626.398702306,0.000137476996604308,1513914324.725893
3718637.769182038,0.0001373807886920576,1396689513.602595
4195495.222740631,0.0001340997071120556,1601393315.577311
2947235.78732399,0.0001352695918727612,1118445334.531403
3113584.466990233,0.0001304044985134119,1210781016.334979
3403142.641442712,0.0001312448175927914,1317726794.809171
2420012.073939783,0.0001432666970703265,883867910.9981582
2694236.762522155,0.0001402245215734101,998205089.3333982
2812211.092831045,0.0001431574762107322,1027634228.608812
2544473.309012364,0.0001346760606947866,968436084.4462526
2897246.929143271,0.0001312647022460974,1121726223.141395
2736862.138150095,0.0001361244695778215,1034257759.616223
2541307.082598572,0.0001433761445391832,927696422.1141384
2572972.194274729,0.0001410780627745678,949428143.5908639
2490802.166644791,0.0001412049280918004,918556762.5087453
4060089.284830722,0.0001143416736148677,1723452114.007039
3643177.195668994,0.0001208867537498391,1490142557.059972
3112016.710965209,0.0001220470291730755,1264805597.061771
2442222.57408979,0.0001383120146932173,913156685.2238617
2466122.92308077,0.000134275465839006,940481538.6405795
2403973.788436946,0.0001357164636949885,910279379.4866314
2275309.408884741,0.0001421809978869592,835242832.3311422
2394035.376088947,0.0001402862592970796,886721298.8448712
2356167.307957475,0.0001376918618138736,883623541.0369369
2580769.678838934,0.0001439115917419694,939763838.7742717
2543243.324417955,0.0001440845502506833,925357685.6738603
2492719.075545863,0.0001419136801001609,916200439.1517497
2493134.392699934,0.0001315532166502071,963854269.3874178
2405011.537291727,0.0001325735035278321,925009106.7387753
2577022.455020345,0.0001278263276929957,1015557835.462008
2542245.286248871,0.0001380064323511341,951958241.5943354
2396591.272205646,0.0001351182034516292,910160671.0504898
2484561.116460193,0.0001340985135561825,948346491.0919338
3694828.237269855,0.0001217996441184349,1503708222.219846
4022536.105156433,0.0001174655496125093,1677102504.602425
3388709.396510838,0.0001234882179422319,1366524150.402689
2707143.098972788,0.0001295838624864151,1057167814.572135
2794528.313294474,0.000125857358511091,1112729082.694135
3298961.110429517,0.000124697156925626,1321720100.597753
4119175.257979104,0.0001166897329698023,1724997643.828855
4072282.499101211,0.0001186987575350048,1686062939.672345
3477455.842012161,0.0001227133767870194,1408208687.30313
4372213.326769848,0.0001125102474619467,1876030769.214772
4277289.424663749,0.0001147212796659404,1811643121.933427
3939146.691337342,0.0001190553163664565,1627682240.722295
4658020.680275677,0.0001091207451184267,2039842004.013404
5079489.825380975,0.0001054967977485303,2275065527.366092
4560026.59103215,0.0001113316432145,1970402557.033735
5068809.03359045,0.0001054011153295418,2271655436.986073
6290309.291952935,9.645352655147031e-05,2990840544.247968
5508076.250142517,0.0001017764017766455,2526786504.040047
35569314.16635948,2.192599792958153e-05,45404884876.01367
32700613.61981302,2.654245461021447e-05,36750381061.91096
42105245.75925676,1.889527787090529e-05,59351816853.3745
31000306.73183131,2.204432774014254e-05,39430724012.92783
27535044.24367537,2.851671884322842e-05,29499822949.61403
32325782.40693397,2.29298968935865e-05,40051087293.9302
21725622.06587913,3.865894143928698e-05,19002274248.67014
16287553.3317932,5.113314863344195e-05,11822813168.93502
18370121.35798817,4.453566477310355e-05,14620876178.81753
31843292.51002465,2.478992732267037e-05,37454252205.41283
27089880.05264488,3.035957544941866e-05,27836200289.91772
29132246.78636337,2.940749040375582e-05,30577502076.05235
23083263.1775631,3.489065229873547e-05,21618446241.11823
19141530.62023806,4.391195864187911e-05,15378764858.97338
23354335.77974834,3.52836307649277e-05,21709609296.4395
10709467.80843705,7.040209988089257e-05,6281222066.226799
10137753.2766791,7.26566426131041e-05,5822258725.685556
12975526.68772992,6.140897683902928e-05,8336244059.506788
11758177.46933533,6.904843424344995e-05,6986142730.340291
11024761.83692581,6.985212080767033e-05,6500041838.867204
12932917.59174198,6.227400896426624e-05,8231745982.221807
7810628.541489703,8.359966656111288e-05,4085227881.163165
8893113.966317732,7.820414651963358e-05,4862959702.411502
9429081.236143451,7.594999897908443e-05,5257559494.25317
5075446.83172417,0.000100210662454135,2352510987.981677
6473600.905295533,9.148225976521891e-05,3188511584.793851
6491403.326627523,9.335706175051084e-05,3154330127.654974
4856645.286443772,0.000101340933564134,2234325547.673827
5529276.642988344,9.78760739986263e-05,2603458297.742274
6226181.421210554,9.261228349051798e-05,3041650962.937646
27800354.4621188,3.326845861689288e-05,26875829679.14349
22136377.57720575,4.009807784641289e-05,18895462106.46509
30456285.6184296,3.434180263117353e-05,28826696654.74529
2439100.154104721,0.0001432580554921014,890875329.2627584
2559783.275307092,0.0001415923036475704,942273040.1593769
2528199.676307946,0.0001438886216408777,920718924.6428561
3564306.114915575,0.0001152437206904605,1505093504.710974
3849039.832111271,0.0001103145044573805,1673390605.446626
3060128.378058177,0.0001201128719055958,1257032806.633843
4869931.648633932,0.0001059116369205381,2175506635.182834
4702355.285886867,0.0001038180156938938,2128793930.057301
6068534.135837616,9.696432379700994e-05,2875251357.146993
7929601.204483559,8.697291770956698e-05,4039509679.866321
6190479.424750227,9.716832516426435e-05,2928922001.66605
7018192.812345818,9.184683889664234e-05,3447591646.022975
4151886.754953018,0.0001114625275905231,1792639278.203646
3192448.727510239,0.0001191675313169724,1318313307.27197
3997269.371748924,0.0001093691946968156,1747833556.187143
648960.8608073693,0.0001589273809786973,221183480.2915973
621204.6022419683,0.0001590867453220646,211581974.9612327
809273.4232287147,0.0001591445376615734,275571385.8869012
2414858.0911392,0.0001498922735772207,855799673.6409013
2459400.795609688,0.0001513924784731763,865817666.7699931
2420238.322664299,0.0001511819296459514,852821637.4061205
2373331.633887416,0.0001500323795349631,840559439.6667935
2256107.670964444,0.0001517463658387805,793014185.6733776
2417491.451808885,0.0001515331975106923,850536760.7346517
5190365.413017973,2.076543221791696e-08,687021957461.2898
8248709.716916433,6.388250669314997e-09,2395878117987.618
10493988.93173472,1.568053926996758e-08,1675071201684.577
26911745.41602651,7.853783822109313e-07,316147125224.6749
30695632.79468393,1.554734544438356e-06,228720851255.8783
29622529.58252637,5.522572683046253e-07,440076165948.5607
8491070.154265834,1.13413228662332e-08,1682105714856.427
7150099.795726081,4.253146472414969e-08,586820409919.8071
5672675.494956288,1.43185074329048e-08,962031828928.6949
25642238.16598998,2.986328932384909e-05,26639792334.03271
25927898.58717532,3.024808448125075e-05,26707633083.03261
29293552.80266772,2.379711760687329e-05,35407000955.15303
27490763.19933347,2.227345523750925e-05,34726557614.86983
26026539.98432017,2.786331109973463e-05,28317915841.57486
29704207.20038656,2.181056668870826e-05,38051635898.77406
17439386.11963467,4.819569781364797e-05,13168177689.69018
16066363.79895406,5.204316622169718e-05,11525907318.91188
21470045.00795288,3.957429683651472e-05,18488037649.05824
22408441.34291422,3.485978562407379e-05,20998833731.10215
20699193.23567855,3.514935493327246e-05,19290427226.00111
18527468.11698787,4.387207892306466e-05,14894431507.58887
35159049.00087812,1.230219130719374e-05,65975415704.58663
32266680.25758375,1.302472734194077e-05,58287468234.87537
32526220.45102942,1.683637364811321e-05,49514746986.32105
35585087.83226237,1.948594427847075e-05,49142103004.39117
40530703.22621256,1.473509272841768e-05,67434512701.48299
34193712.25345124,1.857597928201339e-05,48750428874.18825
23802743.1051882,2.545807709683581e-06,127666399734.1608
23836937.81637911,1.428649495945494e-06,187917258809.5226
20953453.2288227,2.78897095556109e-06,105753060801.8274
20070632.85611651,5.785120151292959e-06,62280603342.00955
22138299.36288719,6.028777132419971e-06,66833073871.51279
19912153.9524098,4.358264734629595e-06,74629265957.5632
29748237.8997278,1.991064283986072e-06,187962433002.1653
26025136.29992443,1.234628546443849e-06,226135529955.3226
25989405.97949919,2.332415632714694e-06,147772081537.0956
29093988.05184752,3.960092921223566e-06,116233952241.829
30550986.36393826,2.657306851726304e-06,159244374074.4214
26740075.86089407,3.016681785102058e-06,128078520152.4685
37567905.23063258,3.217580111674201e-06,172370946798.9123
37678933.72189401,2.031591817089839e-06,234895285832.5225
34431291.45940194,2.318483303893799e-06,196554955436.3216
28871417.75398128,2.233478519678465e-05,36403817131.36605
26820400.84330345,2.775918714012202e-05,29254595742.7477
27491343.52010273,2.237275335108009e-05,34624459936.10143
8078245.387400572,8.250881157430688e-05,4262360254.433176
7048192.156283227,8.790412590252826e-05,3565098739.550076
6305386.219058407,9.316801486274432e-05,3068083194.894829
15695878.64754556,5.45725303550203e-05,10909451223.89843
13233020.92285067,6.32342049367411e-05,8337278152.523038
12713548.4582032,6.618337017680461e-05,7770235777.32652
5048049.419925548,0.0001128405947360126,2161789253.785176
4695833.738462497,0.0001166251784026422,1967211997.584238
4502335.164486608,0.0001167108085699944,1885227515.821787
4504068.370868256,0.0001140611609797044,1915048523.296985
4997949.459141178,0.0001122000046397024,2148473213.984582
4455027.583633689,0.0001160704314190315,1872273677.601733
5610813.32698196,0.0001040901975779259,2535630291.00873
6273458.007563002,0.0001053700472336467,2812087816.667602
5587056.087635263,0.0001080654969444048,2462587446.521547
8108408.236002619,9.146183603005474e-05,3994315165.514421
6894011.780539057,0.0001012179009178599,3174196463.855645
6198473.429437896,9.994000819620685e-05,2878227754.512275
9802327.088686163,9.321375623225312e-05,4768068844.897763
8321230.215064774,9.921176928491106e-05,3882803456.739233
7624828.667282591,0.0001014258347154312,3505885237.339097
6886550.67448729,0.0001054647747638481,3085058908.837448
7549134.61434145,0.0001032560989001633,3429941353.191502
6669436.395297612,0.000109384911124445,2915977641.278464
11575666.4246554,7.653189773387441e-05,6421714815.673993
10994194.44359864,8.510131989138046e-05,5682497016.529677
10036689.85082688,8.355732267245175e-05,5251308024.872589
11908256.62784971,6.89712238409786e-05,7080591897.656832
11755179.98960241,7.207269208096461e-05,6787587695.518009
10013346.57666195,7.73788407732875e-05,5514393690.066477
8558018.293668078,8.38261409858583e-05,4468072672.022629
10932995.03559778,7.349994623649927e-05,6230857274.230058
11415097.42648675,7.05477923749359e-05,6685860904.43331
16699946.79212929,5.177968076268129e-05,12021043675.92179
16521167.2831948,5.500089842110647e-05,11423369013.89401
14156228.13598667,6.043884992995594e-05,9191860509.686516
15344272.77027682,6.700734750870923e-05,9301036722.818441
12271185.77264971,8.096243565033205e-05,6556883806.313426
12885076.55847606,7.239503060016096e-05,7417903272.952555
16264499.17749328,6.64788453018009e-05,9911020701.495022
16423403.45954394,7.028928504687712e-05,9642812999.792385
13095535.9298456,8.043962528910831e-05,7027646652.770988
6638080.131721918,6.730918574708464e-06,18620568355.08305
7774891.974098989,6.73072475755629e-06,21809873308.73387
7292596.358187994,7.013608766750837e-06,19903119564.69731
6752625.774391222,1.433730772870134e-06,53108121997.38921
5194271.435979616,1.014747081019358e-06,51438239976.82967
9229893.171024779,1.691041117035979e-06,65027026607.8926
9790542.395916304,6.767254008097201e-06,27365187849.57646
11044992.6350873,7.070733574593479e-06,29981667379.3504
10668403.37191504,7.044008260118636e-06,29032617359.24918
9339147.242478006,4.847455604313441e-06,32606035403.80396
10348335.35496582,5.407209925766633e-06,33590902616.97913
9749318.607049102,5.553735536583196e-06,31087380809.92919
9673806.700352063,1.117050116326119e-05,19358972359.89749
8580331.884652121,1.32577691820635e-05,15317590353.36886
8309177.339980236,1.366082836386274e-05,14540299030.96731
10251214.78549692,7.143970025100679e-06,27636449680.63572
10750890.05547799,7.186212924106764e-06,28869839306.68243
10995259.72938311,7.946057948189754e-06,27612411743.17429
9284524.400702976,1.07018032390466e-05,19118553059.82974
8822932.79158604,1.251654277863261e-05,16366533822.74292
9931298.158806641,1.044763539939769e-05,20780724355.11973
9917099.777417859,8.295947781231674e-06,24199552939.72371
9558929.696860947,9.655168364612425e-06,21081557824.28932
10215031.87672038,9.393844884614298e-06,22944440388.91017
9886902.77805098,7.935968421849442e-06,24850033367.56009
10092717.8251346,7.946273934289382e-06,25345397664.36799
9529283.435293036,9.288233996393317e-06,21566093279.49129
4880968.641740383,2.853491463324454e-05,5227029675.692017
5209461.800289411,2.920371512466746e-05,5493310180.832389
4843929.794561761,3.144626857059879e-05,4862038878.031413
5171341.594261039,9.38930841663346e-06,11619322954.60441
6172466.017139046,9.098384599328255e-06,14162801889.14128
6256868.976434942,9.71667502146982e-06,13740797584.79541
