7807651.002828735,2.960746743213253e-06,37866301243.0601
7725445.306173936,2.996831549058325e-06,37166240610.52101
7856780.290279891,3.003097199168927e-06,37745485507.72588
7773866.355515133,2.900617940825602e-06,38221704536.39207
7819806.218145413,2.936690175393081e-06,38132086610.51139
7868973.673843486,2.979031831511768e-06,38007385559.54126
7702225.487067941,2.854058900052916e-06,38280206716.24038
7582648.362144552,2.792764767217322e-06,38235315535.93674
7747953.49050511,2.890105257625087e-06,38186621072.29237
6583702.468564688,2.512137825919148e-06,35626614464.7577
6409730.410547703,2.426101372603321e-06,35500445358.17397
6558434.416081547,2.442624637464228e-06,36160050178.2945
6674754.982052909,2.56400126169916e-06,35630602962.80002
6650339.398028187,2.546618888844607e-06,35661628591.908
6624943.66960056,2.477116092008106e-06,36186891881.29051
7105732.821349461,2.644103077441292e-06,37161219084.30424
6794767.818140263,2.535725772875426e-06,36540383241.2683
6769373.924018791,2.574356657417088e-06,36038720272.34962
7091911.412197538,2.599320105553926e-06,37513719319.37326
6916528.761250664,2.547666703945619e-06,37078866252.71346
7401964.700087394,2.679011948904256e-06,38373426077.59618
7444719.927224723,2.716486902084593e-06,38239301785.07739
7223770.456771709,2.641489879525169e-06,37803438445.85166
7536662.169683299,2.721289100713106e-06,38666001222.22341
7738991.91765559,2.871245135089547e-06,38309299562.67675
7573782.93157362,2.773941193170339e-06,38363187750.53408
7666516.278168285,2.77872827490863e-06,38788293694.14397
6893827.465934946,2.543118878167256e-06,37001213609.68707
6609206.622726634,2.454348689828927e-06,36323845572.98988
6720926.906060725,2.491547831495199e-06,36569275214.95223
6783675.016083844,2.468968462661792e-06,37135391408.98036
7123559.981780566,2.499041437954377e-06,38682521939.44568
7004712.208140658,2.571288262296696e-06,37321273270.25755
5729821.849970149,3.078596103685782e-06,27075260405.19672
5838262.529506513,3.109057820675008e-06,27407184334.22604
5418039.400536682,3.100037900469002e-06,25483798157.71717
7139212.354267406,3.082024547018821e-06,33710063548.4323
7436271.915528578,3.091150108468835e-06,35043585249.53561
7044329.886377961,3.089768856665708e-06,33206443059.58869
6589032.652890393,3.06432925645164e-06,31231873817.61085
6880712.751512478,3.072210599662589e-06,32558628743.86865
6605216.087662622,3.067611630211554e-06,31286245312.15213
7356645.629383745,3.075377333023844e-06,34786779987.80432
7515835.278248692,3.087566073740639e-06,35445933070.04459
7217174.618460226,3.078426910673876e-06,34104732582.76358
6410903.473434695,3.28204778485068e-06,29028369197.33313
6212337.921331272,3.396328278920067e-06,27494677528.92021
6250236.329879223,3.401413139251961e-06,27634833284.45071
6689290.39218472,3.18350205823799e-06,30910779686.71102
6601075.169319239,3.188664821825609e-06,30470208868.04659
6721237.872246755,3.147155876435957e-06,31297075917.11316
7017555.409636552,3.170053904102098e-06,32519317260.528
6785535.404285863,3.202863957977929e-06,31229027437.63761
6784996.994266705,3.190844780316858e-06,31304915851.77982
6572939.0779895,3.245539410154081e-06,29984836306.31993
6589318.527246133,3.252368245551315e-06,30017465975.16832
6156574.536150397,3.322164607585335e-06,27651904200.29402
7072764.884894139,3.143991371965238e-06,32956037700.91471
7090009.341098654,3.15533565433057e-06,32957158764.00978
6856243.375702115,3.176127474212828e-06,31731281285.58813
6989103.501373449,3.193689845181365e-06,32227477488.35265
6799465.491526433,3.22037335768985e-06,31179606073.8856
6782826.743704529,3.213353277205038e-06,31148591085.74861
6134530.355719259,3.472443170895309e-06,26752100578.69489
6097664.841407109,3.586750690656781e-06,26023323223.2045
6172191.045662822,3.477680359494465e-06,26889305482.26614
5634228.254131841,4.176366589936461e-06,21725445723.01281
5531931.771898977,4.191185490574566e-06,21280682901.98794
5417940.513840873,4.187755770654944e-06,20853550204.40092
5999184.998580295,4.093740277640673e-06,23442939350.9541
5895632.019002108,4.118688396041384e-06,22945159345.42975
5806679.705051436,4.113007231913596e-06,22619771963.82278
5716958.614740426,4.160324068282195e-06,22101085642.7205
5604790.593240011,4.182707111208221e-06,21590088435.81614
5700030.418022695,4.161974714242602e-06,22029816603.73225
5841567.313659397,4.136732185205447e-06,22668586924.60255
5776276.859027061,4.148593982454739e-06,22372475727.31799
5759261.001877329,4.150512707930553e-06,22299695285.78601
6096402.92166792,4.180302545442344e-06,23492821892.99396
6158121.289588104,4.145723196851772e-06,23862432014.08724
5905686.69154048,4.15654056624554e-06,22844538420.15043
8142808.941896548,4.823727261532987e-06,28522379146.14555
7398094.614479719,4.523085881459845e-06,27049754338.50978
7361099.601129628,4.50546327352406e-06,26984625272.06684
6115190.983372938,4.132419473605618e-06,23746909222.06621
5926446.878480877,4.125762544455124e-06,23038714525.96204
5863647.049946918,4.142665470166722e-06,22732537247.00488
8210697.08546504,4.822374435652764e-06,28765554131.52459
8450780.691103488,5.09944163149077e-06,28524305634.37005
8690691.76379635,4.963474333196071e-06,29867382233.39048
6997380.184166934,4.065746685792292e-06,27468941620.59443
7097263.423174648,4.123187445117482e-06,27601681425.20625
7473428.351437023,4.155772003870294e-06,28912483629.88118
7634880.686264508,4.631188424657986e-06,27479402611.75032
8184207.341310439,5.016408577207516e-06,27928526446.26514
7947968.205380914,4.739283401227041e-06,28169620835.93831
6562442.072934101,4.187175041837123e-06,25261050387.58527
7108847.294732315,4.354750599149101e-06,26657760398.96758
6937218.49977129,4.187174246982511e-06,26703694493.95208
7367994.442932908,4.668473375337386e-06,26377443335.26535
7770312.317216234,5.054587638553481e-06,26382421489.71185
7570603.83822757,5.000844314225821e-06,25888186643.8216
6327033.462399326,4.226452338867972e-06,24203758674.89693
6839490.372495177,4.341107327419784e-06,25701396822.23868
6389905.50202424,4.191843219635673e-06,24578634318.37106
8295579.817477673,4.958456321707047e-06,28528728656.81466
7950769.795639224,5.044021602890367e-06,27032811779.88678
7543745.293623458,4.657606676371322e-06,27048621875.24382
6286740.058859796,4.046640280691493e-06,24756871942.33897
6419581.156308064,4.011078779900293e-06,25429192279.18367
6070099.330763278,4.082410908347066e-06,23763914840.5512
5963659.150258568,3.697720726296541e-06,24939633971.75622
5826233.12547964,3.700926750443201e-06,24350854090.11726
5871809.573429235,3.79821750629647e-06,24120450149.35582
6098551.846551297,3.485274868767776e-06,26529884778.57327
6028470.178721457,3.528765479175181e-06,26009095707.0752
6061794.760945182,3.599421392201276e-06,25809490564.62325
5884009.115352971,3.484221807199201e-06,25601739470.67085
5828033.151088467,3.410011336173231e-06,25724767894.17883
5614438.235526897,3.452800039495465e-06,24576801201.29454
6046240.023991202,3.637874018734084e-06,25561535994.28901
6012958.284103962,3.567113791416487e-06,25755908988.38988
6036264.318969158,3.638868610297332e-06,25514711703.88685
6068390.883919219,3.436806748729634e-06,26646293403.04377
5941964.0841091,3.405871687097218e-06,26248903576.64337
5998483.22999673,3.480381783732853e-06,26119018786.58405
8298970.186158829,3.042620519789253e-06,39523828954.3886
8035599.482925828,3.030506455501723e-06,38371443725.41357
8130965.125932105,3.051966964823182e-06,38644605608.74257
8324692.777417098,3.034782053272175e-06,39714571104.1833
8233048.326223091,3.020613056536115e-06,39400094890.4073
8060910.944141869,3.022667233713847e-06,38558834452.87376
8578327.865632221,3.051328657967991e-06,40776503428.66584
8459508.507008761,3.047282965896831e-06,40247286830.9617
8386643.692657508,3.054454282625796e-06,39838144836.69512
7904270.532379986,2.941079768982001e-06,38505602824.13289
8004625.59023213,3.012194241530466e-06,38378297669.64726
7773867.976064977,2.994709623651345e-06,37416860827.11807
7500346.025194522,2.768318141848983e-06,38042638810.71291
7737032.490402175,2.864848676261599e-06,38356587547.07075
7795358.937528002,2.866332261470034e-06,38632406532.36974
7799439.709627385,2.925669766413314e-06,38128220457.72176
7996305.769175998,2.994550110227452e-06,38488855995.10584
7837300.578734283,2.921958998781895e-06,38345737203.55399
7885586.972968613,3.083226775252688e-06,37224629186.30446
7982759.222342041,3.097877781432308e-06,37564433491.5816
8037705.18373791,3.073562806017137e-06,38022208984.78219
7707653.596795497,3.056671762142491e-06,36595103918.12698
7816781.888756046,3.072925323786146e-06,36982249400.93461
7968238.174627779,3.063261233806362e-06,37778056951.55622
7892898.098555849,3.0314249402953e-06,37682405293.09615
7726515.100305103,3.046295393692331e-06,36767913208.24261
7987415.674695564,3.052885628938116e-06,37954732059.69798
7817602.676962973,3.022176684780095e-06,37399031883.79845
7686596.93288237,3.015906537450033e-06,36823256164.98471
7652019.434794147,3.037049887009313e-06,36487276453.7262
7963358.80130755,3.03080816925015e-06,38023957673.50097
7758083.796147995,2.996213927789958e-06,37328389565.03674
7716027.560537443,3.032667831010681e-06,36827921367.32995
7775069.198949605,2.972613011217519e-06,37607865074.11803
7980567.327569001,3.007224676018565e-06,38305092457.66304
7783896.308656584,2.938320360035993e-06,37942937082.19978
7410781.894192582,3.128452391977941e-06,34645300416.03231
7259674.430629359,3.127781737767653e-06,33943726404.96904
7471646.662457471,3.121842229174281e-06,34979131733.88628
7959343.980118371,3.112245447181088e-06,37338888050.41576
7584451.501584659,3.124568183819026e-06,35486582287.5166
7646023.864380142,3.117958153913511e-06,35825214086.7007
7471570.178422309,3.133604290930359e-06,34891189686.74422
7401147.12954776,3.139708561123152e-06,34517511612.81805
7439243.494294786,3.133187476340335e-06,34743309560.73371
8032604.265339754,3.11111306615909e-06,37691710055.76623
7935266.32417346,3.113429049660929e-06,37216499760.67445
7655969.663732707,3.123436554220792e-06,35829857271.67165
7599541.108494525,3.108091819997145e-06,35682735577.54307
7555552.223709421,3.109585115294263e-06,35464832462.56477
7534527.542997289,3.122553237257106e-06,35268159033.16916
7982692.22769966,3.058531488579724e-06,37885592299.26242
7742841.91107999,3.089056738581167e-06,36504785589.57167
7826726.19572106,3.078452914477348e-06,36984958081.71729
7528977.891550655,3.116415784189156e-06,35288437164.17381
7493215.417343167,3.135368753584959e-06,34979140513.72804
7507990.243112523,3.129350557813317e-06,35093031681.8815
7874319.225529794,2.854161850832051e-06,39134574764.56908
7797769.240419064,2.793487787183279e-06,39313272281.24616
8028049.98408567,2.819962202643858e-06,40220538070.30849
7640172.275839662,3.010021175837334e-06,36648548964.11202
7801750.027246224,2.927266919392886e-06,38125640452.11332
7822882.315191927,2.968456995319663e-06,37874446015.49727
7710507.877365432,2.93270713566789e-06,37633145647.44957
7657380.25177757,2.856809077680023e-06,38032896578.43722
7782711.798906527,2.889355042551385e-06,38364570546.83223
5556885.214809281,3.048617643689809e-06,26429936523.0755
6224285.353260939,3.050044643684382e-06,29595024052.82164
6144893.837083909,3.051755194740182e-06,29206617014.82579
7112232.261700496,4.086407630012724e-06,27825617217.63258
7951381.987574535,4.24154102583168e-06,30345444467.87091
7670624.470457926,4.246935021264452e-06,29249176559.27729
6156344.203886023,3.869387286852708e-06,24978216553.4736
6453733.165456702,3.955666310609667e-06,25802665530.07744
6130207.621872349,3.965424093543258e-06,24468955046.03634
6748119.061420583,3.874367682958326e-06,27355763945.47047
7354434.129211439,3.982916633038112e-06,29269487515.35187
6816898.907949868,3.960083325416336e-06,27234368168.40483
5960152.8522335,3.699071463303242e-06,24918902829.20123
6326572.46919685,3.781875327186481e-06,26063356747.74078
6097201.000370508,3.781372501664545e-06,25120649911.3462
5563318.888708283,3.523077992017179e-06,24028082589.9319
5733337.451544208,3.616907901044968e-06,24332264978.95226
5718469.921843389,3.629546816746306e-06,24212793940.24802
6112518.462018718,3.652964284181777e-06,25770523043.54251
6330471.352079212,3.749753808130478e-06,26228143102.25181
5963937.161929274,3.666992264236978e-06,25079934411.63108
6298939.598731915,3.678691560140198e-06,26432517388.37705
6717372.81353964,3.769902128972504e-06,27731885722.66065
6520162.226496378,3.775436209266181e-06,26891414297.22512
7875619.915500324,3.058999724935102e-06,37373616359.23524
7088734.210264705,3.059941649905216e-06,33632560306.76905
7444989.616622617,3.059073207436737e-06,35329502037.00133
5009065.813856061,3.0537487504683e-06,23797675395.84808
4980326.286644977,3.062046143229537e-06,23618372937.59587
4605422.765798322,3.065604646134839e-06,21823550424.47307
6059659.334225911,3.052903160924711e-06,28794277804.74864
5884715.920897303,3.05464005778923e-06,27952381009.69708
5475845.906355953,3.049769380890817e-06,26037935793.1249
5789080.609844194,3.058713061394952e-06,27473697060.4164
5706830.141845522,3.060971325438642e-06,27070032192.07159
5353810.483873797,3.062130884513506e-06,25389091491.94211
6525060.109124633,3.058730761313932e-06,30966373633.98119
6147598.596016684,3.056876814713461e-06,29186826563.4932
6326378.558954811,3.055150380703646e-06,30046930637.99906
6375743.246547559,3.061819214749676e-06,30237400812.41202
6391662.756689211,3.065118926848608e-06,30291140985.14442
6029777.31275128,3.062181287897559e-06,28594379352.08121
6553214.864967453,3.059936352076208e-06,31091820063.59348
6437635.287352632,3.059971948063302e-06,30543214261.90835
6174927.763102435,3.058082083291258e-06,29308873234.96087
6784492.631480581,3.062178949682053e-06,32173402881.90574
7097239.848010199,3.067037705869001e-06,33620957071.92953
6666882.211434697,3.062197038646946e-06,31615546554.76155
8324276.396078235,3.058786280624256e-06,39504545492.70094
8210352.509096767,3.064614301861062e-06,38914482059.59494
8515250.543281483,3.055661982956299e-06,40438393132.45031
8530570.209640346,3.712938311502395e-06,35576747318.49559
9088657.659521647,3.678220017953345e-06,38142393549.24871
8654839.260960357,3.63455944530418e-06,36612087271.44135
7834000.016008922,4.037033523683492e-06,30898827338.8663
8098715.401612814,3.982443630953092e-06,32234161640.72926
7745588.504119919,3.959756453150087e-06,30946302793.1307
6895652.865256487,4.038064555894739e-06,27193172985.49154
7529325.792659838,4.050577861717134e-06,29630894774.73518
7442655.474199431,3.973788222123964e-06,29665939281.64702
7294443.781387988,4.208141896823896e-06,27985426572.10841
7843200.121787463,4.199376412796249e-06,30132610646.08694
7691883.002761456,4.130116836496118e-06,29880723679.55505
8876185.145898497,3.902903560099165e-06,35806989240.23321
9130811.164178178,3.823797332791709e-06,37340441667.74906
9256309.056376092,3.754430574179674e-06,38318496597.33679
8617551.145056568,4.089701742399898e-06,33696860908.02058
8609850.699772839,4.005616752996917e-06,34136266789.47578
8429643.53016964,4.00223396124353e-06,33440612838.58825
8723449.871308211,4.013141971155864e-06,34543413702.31113
9037991.929861106,4.100473315489819e-06,35278974779.23792
8607855.094785683,4.034428108271811e-06,33965678420.51361
8717735.24568492,4.109297634730217e-06,33980148832.69478
8829473.406945352,4.080357094626346e-06,34578224371.04935
8709990.158666249,4.025170903438588e-06,34421367059.37749
8829546.156198049,4.172279850227142e-06,34068741748.45673
9161310.501729356,4.277259513657439e-06,34768066169.22972
8941996.319386242,4.143423235070333e-06,34662638831.37541
6190614.458415771,3.616624224725095e-06,26274320892.96173
6084923.01886689,3.52741154443506e-06,26259371882.85201
6605492.193796427,3.707896127117181e-06,27573177132.09782
6740099.604790984,3.168685408826796e-06,31242580575.29949
6459855.570819216,3.138798604584636e-06,30133333229.35389
6877900.465501796,3.088177607549564e-06,32433043672.76466
7485321.463881321,3.141585188667065e-06,34896180590.93918
6994686.272668408,3.169319588897795e-06,32418348269.74319
7135052.468976516,3.088915505975919e-06,33640296783.24635
6711134.161047691,3.339133768651272e-06,30040469023.92427
6447002.001800262,3.345486348518729e-06,28821613968.96037
6404293.935957862,3.273940864492324e-06,29046292241.35632
6822090.696425887,3.13467354147605e-06,31850966114.54324
7005383.758614743,3.138798137714126e-06,32678065603.1852
6789904.136863117,3.171037389983239e-06,31457876335.31931
6504078.732846657,3.140075953513595e-06,30331392876.53904
6674579.97824996,3.136258307579083e-06,31151769798.1956
6554836.962269419,3.177836494932914e-06,30325469160.79287
6908474.971347811,3.100393377193122e-06,32491591780.5257
7036657.499998458,3.111200544467173e-06,33017770314.54281
6851956.246661683,3.11504198053211e-06,32124667787.64478
7853623.639842941,3.112986312532408e-06,36837086833.00201
7673732.879825167,3.108952180393976e-06,36024446440.67386
7608402.052307189,3.123411841647963e-06,35607429169.07261
6053321.152429006,3.690475407726513e-06,25347716342.62749
6043339.605120655,3.691378644237273e-06,25301791339.54729
6041229.621378389,3.777313615821423e-06,24907873252.36316
6299647.78509571,3.350755774526183e-06,28133326439.21377
6410552.060630366,3.193676220173489e-06,29559801163.84356
6460944.736460024,3.231384327590517e-06,29559944668.91746
5997746.279172871,3.790496782879021e-06,24671222407.22039
6137745.047492086,3.557148868874419e-06,26339497410.41691
6063427.725985401,3.666205789269477e-06,25501965039.9912
6179503.066436162,3.434581837414915e-06,27145903824.75671
6339882.089538799,3.244334349937388e-06,28928823894.09548
6229593.48731563,3.401631069607537e-06,27542386469.22233
6022655.941453448,3.818523954299865e-06,24652314952.08448
5969203.4797847,3.85592419110814e-06,24275269432.95248
6034728.879868352,3.731504220753683e-06,25084289556.90009
5732079.454099267,3.698978977391495e-06,23965746411.31844
5636554.962072258,3.469781701598688e-06,24593045384.70206
5937794.116702632,3.539229903805262e-06,25567363847.11309
7215758.317694357,3.155172744371966e-06,33542844140.19864
7366313.434841561,3.1508984502803e-06,34273668324.77592
7189695.174321313,3.168186350984449e-06,33330103733.22549
6854145.014963472,3.200227087270779e-06,31562114483.037
7087325.230920645,3.167506801311161e-06,32860234514.08989
7061495.28830871,3.180451131535141e-06,32651579065.09845
7227111.049033433,3.13214011361377e-06,33760116780.10723
7377880.981630718,3.132820463456711e-06,34459420819.33543
7339942.263019112,3.139331161714278e-06,34234807463.04984
7903866.433357315,3.104631817853171e-06,37139226678.08436
7807177.021798294,3.089980027590388e-06,36800770522.89445
7723397.845861899,3.100590445563466e-06,36322756871.21333
7543269.368161961,3.127682846276466e-06,35270461670.87189
7820521.185408482,3.117670823760143e-06,36645067362.66434
7575821.041868665,3.128093813289624e-06,35419562638.80335
8145848.699303668,3.099674176280994e-06,38317071479.03757
8102993.985626998,3.077674589179873e-06,38296908516.97226
8047824.935681412,3.101989588838605e-06,37837139546.26932
6413957.765494888,3.137606257932702e-06,29926812834.36822
6652136.345503619,3.078900194344254e-06,31431424793.52234
6455249.36524667,3.064625298140571e-06,30595773377.15083
6126870.193382609,3.223082625627693e-06,28079608816.15639
6261653.214127997,3.18743100564615e-06,28910913636.45507
6217002.392608384,3.169469450693136e-06,28813100082.08188
6283205.958820585,3.200297080492049e-06,28932620167.58206
6523456.451616869,3.151679462151841e-06,30347044843.29638
6354173.199813775,3.179285635255349e-06,29388179465.20813
7351618.941629978,3.145277846580468e-06,34246036143.30214
7407116.780121645,3.145163693920758e-06,34505396528.6442
7256143.113110778,3.149470633378394e-06,33771275542.38205
7182988.362269401,3.135702929483294e-06,33528584712.10318
7295475.958470348,3.142908576254692e-06,34001582616.996
7200366.58815356,3.147107608863648e-06,33528455348.4299
7477443.172422622,3.135715185713927e-06,34902943025.21024
7462698.448592843,3.141715789433025e-06,34789749095.88553
7406992.385609658,3.141836759497745e-06,34529171169.79948
7687648.807241549,3.060527014093273e-06,36469464849.82356
7611866.196449097,3.043334118592969e-06,36245830535.96295
7794239.461993377,3.001773341952115e-06,37456035979.15089
7613744.28337831,3.112944465549124e-06,35712262986.27789
7670214.028869479,3.089778597475256e-06,36156738000.81818
7704771.380672487,3.078502414183098e-06,36408274007.86179
7565874.022528982,3.093416004152042e-06,35636924774.53212
7555133.391796578,3.066278505690499e-06,35795992145.43604
7630633.763449671,3.083434700180184e-06,36019480059.04787
7517106.354801106,3.256133435665959e-06,34217575348.46932
7088333.783568974,3.211203834690766e-06,32566086899.02399
7582186.984800744,3.183333861947991e-06,35038031419.35818
8118708.081163025,3.418805640065393e-06,35774259384.39955
7840109.230507338,3.328976455685833e-06,35165351625.11703
8168515.730632564,3.339822113065698e-06,36558995892.85983
7880569.485935019,3.425735169623049e-06,34678082744.86709
7234290.564892972,3.367465493851408e-06,32200344051.42815
7606122.920178888,3.335810449673268e-06,34069238753.62002
6121554.601667538,3.230920658564487e-06,28009855311.39469
6211647.836434072,3.177263471893151e-06,28741185163.8475
6240172.038334631,3.218725993656203e-06,28624674591.5093
5851134.185412084,3.368243134667e-06,26039807487.48063
5849656.688879723,3.340713424527923e-06,26176057156.46344
5876280.041261553,3.325497683005137e-06,26375339066.56973
6182619.097899634,3.221410991219175e-06,28344908996.24238
6253017.596761297,3.200399796706901e-06,28792994088.24868
6118328.055335033,3.236136058179826e-06,27965005630.96622
5777341.98816812,3.393314132582621e-06,25584603980.61865
5583285.322279553,3.425742036303019e-06,24568956851.44093
5775873.838589366,3.36565101992099e-06,25718066212.07509
5877199.436367304,3.408023129103156e-06,25951874913.668
5858014.676158762,3.385087072281483e-06,25983873459.83219
5883175.296629417,3.342227449601829e-06,26318095253.67142
5757318.654277989,3.469847547368716e-06,25119635778.44615
5578721.783033856,3.451913723305171e-06,24424634954.08759
5772699.803418067,3.419342958500676e-06,25434148260.50858
7084809.612445548,3.140825488871545e-06,33034340906.4796
7406383.433496563,3.129663635718821e-06,34615803444.48867
7259577.039692836,3.111322363150179e-06,34062875827.19697
7409177.374644765,2.914617069204159e-06,36311901293.90086
7159563.282464522,2.87909774431497e-06,35376559394.32576
7153218.845807966,2.758947460734862e-06,36364076154.84796
8127393.916035234,2.866747418817749e-06,40274023834.57607
7968823.437836287,2.916822123078051e-06,39035005141.62949
7761166.597008197,2.805499374675481e-06,39016971377.99236
8316781.09772105,3.090380339117069e-06,39199510993.19371
8296462.024590024,3.144937010939908e-06,38650189592.91916
7866742.36852805,3.034104205656313e-06,37535418800.48196
6902773.344643287,2.950082864161341e-06,33558365776.80727
6886946.707287596,2.862129616441596e-06,34163880222.38207
6788801.662200857,2.909566760535207e-06,33309969601.0817
6957265.254505939,2.736149547269086e-06,35564115171.58102
6956671.596774748,2.793805723861668e-06,35070129287.99987
7083252.870581236,2.78074915521648e-06,35819941342.05025
6756779.990808723,3.047581423924964e-06,32144220570.19494
6829899.984643073,3.012325587357379e-06,32745106215.48075
6558338.869135759,3.033321577667709e-06,31297877272.62926
6275680.08507528,3.13333191209728e-06,29308248276.50452
6320540.748694374,3.15119546062708e-06,29406093974.03441
6361531.030939847,3.078259773113289e-06,30062480036.28075
6731688.331829231,3.093749969174827e-06,31705445447.75986
6873907.705597118,3.02743789856811e-06,32846331208.6031
6800551.88675592,3.062694042567432e-06,32245943054.37772
6808599.665759753,3.098964941839421e-06,32031702608.68156
7112383.574369011,3.083489008299144e-06,33572748767.84927
6951624.944902394,3.032566676469159e-06,33180232689.1692
7433050.669668921,2.787324781118325e-06,37529724471.04529
7386603.980677816,2.737496116902814e-06,37746423470.10601
7264286.723264643,2.779770473066479e-06,36744049648.76159
7454381.060649869,2.873655305656357e-06,36879792943.24197
7450018.988588661,2.821371698300234e-06,37312170159.59873
7281061.417764287,2.813682786832714e-06,36532377664.37126
7720097.006088306,2.822421383513556e-06,38655223463.71516
7725133.745745568,2.767041880999245e-06,39194836046.38837
7591859.665792051,2.801836830907587e-06,38199083667.14911
8193503.819696591,2.970196325535085e-06,39653320130.01938
8354283.265708009,2.920047090126392e-06,40893030196.51238
8666924.277262222,3.018919564804906e-06,41491962258.23901
7793575.157171578,2.995880846338551e-06,37501937319.66265
7997938.631288434,2.991990683633027e-06,38518666430.63406
8241545.304334206,3.052156539046723e-06,39168545778.8985
7645819.915227083,2.938601697309087e-06,37267498956.00048
7642180.047205544,2.823373739966079e-06,38256480888.56756
7848249.492891542,2.934791401867395e-06,38287291249.53494
7620584.968323574,3.103720795739262e-06,35815131138.42395
7267127.629112799,3.051078651708147e-06,34545688457.74702
7525055.803283338,3.017883494120277e-06,36033635271.96162
7129383.292936268,2.634523816905021e-06,37375230353.25867
7134758.429410684,2.614919761447671e-06,37590118531.10699
7313352.215134879,2.555888621014525e-06,39122074293.63735
7065572.774895099,2.65363093687288e-06,36862690180.90933
7060223.768142498,2.673344177710466e-06,36653480121.82605
7035181.47153254,2.710950371727933e-06,36184918018.54662
7590132.023270792,2.480082925260337e-06,41425891357.91975
7788290.493814403,2.429514099938848e-06,43095228974.42207
7862014.819267088,2.44065611021648e-06,43370669921.71896
7233890.59082563,2.633488577289333e-06,37933039506.97939
7419194.420962465,2.554853645390389e-06,39698984794.17164
7557507.03891276,2.610779360466706e-06,39859493876.57676
7498461.745633652,2.485691622509197e-06,40863981702.73276
7697027.632395668,2.440778232984435e-06,42459104599.73714
7500041.091826329,2.491327429311544e-06,40810924818.19649
8219830.254681964,2.327623430512369e-06,46800917689.37317
8239054.269339562,2.278441927084673e-06,47583025690.02811
8250716.148379486,2.37371022611153e-06,46366734685.97993
7492131.31137695,2.887978875848492e-06,36943897073.83164
7234731.342987736,2.732542221681811e-06,37015005741.59425
7488528.21592798,2.77283646641807e-06,37941424518.86309
8342584.385469604,2.380008558817381e-06,46800259627.46137
8373699.83251492,2.426083713620039e-06,46378162078.7629
8736101.417867281,2.487934948473006e-06,47580060139.27931
8595917.331098655,2.568411543241584e-06,45833443577.02116
8469264.885928564,2.462096959885684e-06,46448919396.69066
8778039.880644826,2.592153892176528e-06,46518285027.27904
8108018.109339382,2.276653111946505e-06,46850777356.57635
8054815.055852153,2.244611621297223e-06,46985238433.88346
8118111.750501269,2.252147730118982e-06,47248762918.89642
8299922.330113584,3.211223603944668e-06,38132358148.02415
8230749.271599396,3.269748277966254e-06,37361975021.26864
7967799.875959904,3.186170686778667e-06,36798127998.94491
8905690.0681097,3.09427438848559e-06,41939993790.66932
9052493.503671953,3.161305711732496e-06,42026564645.72063
8675689.961534094,3.1056950018172e-06,40756619484.56569
9037262.99510856,3.23831056822646e-06,41288070678.74911
8866321.226281071,3.347827532688717e-06,39618808517.64922
8640044.647561913,3.237257861579897e-06,39481876942.79918
9354770.410037663,2.868379571569785e-06,46338508681.79594
9003655.839039661,2.861883258214993e-06,44666742044.37444
9193883.448110249,2.897344141132231e-06,45237535668.53097
8588125.227531485,2.789800141121246e-06,43336081618.90886
8358165.078016796,2.778732024259712e-06,42287612573.78488
8426832.14227711,2.816192596532602e-06,42256102904.17297
5655237.262546511,3.567988540503226e-06,24219687188.25165
6281409.885432709,3.586424737815666e-06,26809125804.66805
5900662.049386431,3.595483607752856e-06,25141771005.49734
8213864.149541569,3.794576657345092e-06,33762813400.4668
7767323.546338266,3.776268304970943e-06,32030434770.09848
8176073.516013985,3.846591583942445e-06,33303821468.72264
6460177.822470724,3.836425316570567e-06,26360884222.66856
6544072.782462804,3.884689682532252e-06,26481580372.39603
6754858.341220357,3.78226406762124e-06,27825844113.75484
4728451.560770436,3.263634710486771e-06,21490734001.05457
4476333.176542443,3.286586150203536e-06,20250032444.33309
4354731.4043759,3.187514989134586e-06,20106040337.08274
5356003.496922601,3.311057591831432e-06,24109952901.77356
5074516.326722565,3.266621705487659e-06,23049530937.26839
5194168.879819832,3.177930447784777e-06,24029965127.67788
5393610.987879244,3.413757695368323e-06,23789820133.08648
5343102.175907508,3.588779444193006e-06,22794442078.88943
5111123.993222952,3.369208060206917e-06,22742133060.11199
6679983.519293512,3.885723656388737e-06,27026768194.58465
7008723.933115882,3.840533029178355e-06,28578841351.72292
6892929.423889412,3.783283495650142e-06,28389510733.0424
6057823.72857675,4.03693128144757e-06,23893644303.55038
6314625.73765228,3.961316818780328e-06,25222486416.91862
6018196.134527334,3.964815508989415e-06,24024315082.27985
6663968.10113434,3.947087832223773e-06,26681795370.81454
6950638.221950516,3.881444394830753e-06,28142484678.0317
6623279.275577454,3.92674385138993e-06,26610396941.05375
6015742.52217039,4.089020243194385e-06,23525727711.68567
6363677.996841548,4.017762633584954e-06,25179784713.05343
6066925.066993277,4.073205094346236e-06,23787261420.44188
6871408.303799477,3.988561047731727e-06,27321314651.80434
7175670.935767288,3.92530827009587e-06,28836773634.18774
6757330.785410419,3.968251901265322e-06,26959325588.05269
7843038.452288669,5.426859618877376e-06,25397167657.1612
7699391.619930391,5.468487198355608e-06,24805326255.02673
7923057.239372817,5.435669045187711e-06,25628555126.59058
8460214.992861617,5.117527479816082e-06,28488829800.29289
8181591.465206313,5.292845115658006e-06,26938805393.53508
8111964.073050177,5.202912258385509e-06,27016454292.63121
8211952.403442749,5.243598544017992e-06,27207802561.43954
7874310.42683699,5.191192591406167e-06,26264417356.8437
7809000.733484284,5.324225544045428e-06,25610879954.33801
4954562.688309521,3.788360640429771e-06,20387835331.06029
5577157.942377984,3.874628896810796e-06,22607864154.97424
5245334.123442895,3.758774580738303e-06,21697463683.58479
5399444.269070322,4.054242039684059e-06,21236157995.748
5497174.520194289,4.034065060786832e-06,21692565929.49886
5179795.152497916,3.994375162501314e-06,20575324017.66282
5163552.965703649,4.001952402366406e-06,20484908269.04438
5315816.226001821,4.046120826193718e-06,20935213458.211
5097892.468603776,3.986378807353293e-06,20277058788.3252
5591538.88792743,4.131806233207188e-06,21715577597.43402
5601681.651943901,4.06843341918654e-06,21980299976.85297
5503022.650165238,4.088602658960454e-06,21522102522.06935
5914680.879465318,4.054682049411218e-06,23260914310.37468
5875525.045608171,3.982374306151207e-06,23385785596.68783
5740241.172801121,4.031900234478285e-06,22659846025.60704
7234884.89949599,3.896655930654745e-06,29217087398.9364
7104658.510324647,3.873883541340987e-06,28803515763.50281
6814796.348957057,3.939581412375838e-06,27320343928.01009
7543932.275163288,4.11547993488244e-06,29375422510.41082
7374092.956948668,3.962056112665488e-06,29450648341.37069
7065607.013930355,4.025429867371803e-06,27921664351.41823
8014641.059281188,3.864298648486166e-06,32546449755.11414
7609998.482409337,3.793875737402479e-06,31284496428.5226
7576294.087264702,3.865491518791359e-06,30760047923.04357
8258601.621293727,3.724599833506209e-06,34370572868.38098
9222115.156459093,3.811625756819443e-06,37794073698.78934
8310106.662223756,3.75625162895901e-06,34390367198.74793
7234332.428296008,3.655225878105301e-06,30487535207.6372
7651013.528081483,3.668653629840403e-06,32164822779.56767
7242498.423934114,3.632294329573424e-06,30650275854.42247
6512964.590559095,3.610326326163986e-06,27674582525.8721
6949405.770866544,3.640646906726725e-06,29364907040.99062
6957409.386686414,3.617715879711153e-06,29522825620.54284
7046555.461414365,3.721013596719494e-06,29345129913.68945
7327463.276391005,3.729279570492524e-06,30469852777.28101
7131661.289994014,3.685080725335129e-06,29892302696.83481
8542959.482448611,3.779565290148989e-06,35208466670.72849
9283116.455712622,3.817438045220033e-06,38005443108.4751
8316333.76391402,3.730449974856336e-06,34574647719.56714
7707189.042432479,3.742608704584902e-06,31972730669.08124
8152021.932623566,3.760876122302521e-06,33708491706.23575
7930677.546602584,3.711830688067009e-06,33081474117.7948
8607530.472808776,3.904912396699073e-06,34711312756.89345
9516579.869134363,4.009490533628061e-06,37706952615.27238
8646304.2716741,3.852836379064118e-06,35181158575.34937
8221327.952989436,4.722815408107675e-06,29206173342.83396
8701628.857424377,4.863824897850245e-06,30312047169.78294
8493962.44905391,4.700949393986466e-06,30268201700.74397
11129634.52926171,4.513413304388856e-06,40751553277.31261
10383224.54734623,4.716985358145403e-06,36916673512.56457
10619165.67559883,4.714529939819186e-06,37768650239.66724
10592742.37582611,4.142752762247605e-06,41065999699.7531
11308966.67254684,4.284591648381274e-06,42869652807.13004
11290997.94330038,4.140407984109957e-06,43789525245.10161
8904189.841558196,3.848120108188125e-06,36260072231.23878
9787039.722046506,4.004801884739754e-06,38808839824.43626
9659511.552013915,3.886109040615877e-06,39079156213.70898
8718764.570363779,3.983254194305704e-06,34697346993.73459
9096523.215010701,4.166395346050253e-06,35131911542.10168
9633521.9560326,4.087918119934843e-06,37680526802.80225
9051494.908342484,4.408387866639792e-06,33666691999.64384
8784120.741227141,4.601737477459502e-06,31750487941.98669
9335316.067942826,4.682148184745577e-06,33355356766.86818
8965832.955864541,3.924222243631459e-06,36037521382.48293
8484730.135069629,3.805985204896351e-06,34806469170.06383
9406022.905444093,3.861483549074279e-06,38215238353.9487
5512885.868218789,3.97910077831135e-06,21954440600.14564
5645479.320897953,3.929622296567001e-06,22670805346.97526
5018969.738267628,3.843500524114621e-06,20454864834.87146
6468440.175378452,3.987408659188033e-06,25724033554.53886
6428353.641404226,3.96694976660227e-06,25652436808.24648
6169225.524558423,4.042633136990546e-06,24310156745.98385
6190265.210395377,3.840361763164238e-06,25242236494.20325
5973366.840039387,3.794505624624264e-06,24553630695.05729
5976969.807634769,3.892120628337783e-06,24155917300.72083
6373693.381576874,3.920104932605574e-06,25636537720.55563
6290901.301651982,3.871744392417225e-06,25513796440.05662
6075863.963942468,3.923585264373108e-06,24424141747.26354
6607348.437388293,3.723552541693648e-06,27503558353.97668
6190028.401681434,3.695221563336962e-06,25897965778.55828
6096830.74883518,3.731826761933632e-06,25340965389.08799
7338255.992902927,3.76030154290713e-06,30346672372.44236
7057139.356734592,3.752015093445505e-06,29227094401.63901
7174299.320599336,3.809180292578184e-06,29414296973.17897
7388784.747888604,3.858323788838426e-06,30035894323.56574
7422069.912557015,3.786751609001193e-06,30550183872.56432
7257174.308538239,3.83572791379499e-06,29616633591.077
7715494.634361012,3.691025504835059e-06,32304702269.5312
7297036.840202463,3.677585289916225e-06,30627017249.00143
7495080.750721479,3.721781242540671e-06,31208705454.91809
6213503.554071049,3.572506975816242e-06,26588132074.31532
6331163.912649191,3.593290855561381e-06,26987043516.13147
6769464.850696965,3.600679791047117e-06,28815843497.10896
5663032.406874678,3.562155800152962e-06,24279539190.94432
5572544.014547921,3.558099760162687e-06,23909734876.67677
5979715.962924032,3.58270267095932e-06,25539165970.25388
5337448.571274305,3.545120210935015e-06,22956890318.9215
5122348.835365081,3.520369997983407e-06,22134868359.24122
5443958.952591886,3.547086096286137e-06,23406349666.65752
5260481.751591462,3.549981993963559e-06,22605186002.02651
5136377.801393493,3.566566673867393e-06,22003413595.99533
5046954.53893856,3.52522954532541e-06,21789024735.34846
6304868.016555732,3.577873168286036e-06,26952105968.64734
5677496.591885565,3.559439238547362e-06,24353935961.05595
5991871.308286252,3.561170189432446e-06,25694134370.05927
4579934.858175987,3.145971230088331e-06,21331569141.83895
4792336.371834051,3.198366905786126e-06,22076409333.14337
4766686.668596942,3.00126740357761e-06,22909387466.22533
4238427.524740927,3.294443954306114e-06,19143294425.47601
4549517.486900473,3.338738787659624e-06,20366217475.17565
4075774.226667917,3.172529229472963e-06,18877292158.31986
4850138.784985503,3.411769798517195e-06,21401014060.06927
4813187.322129739,3.301020282779026e-06,21710373860.52263
4600319.010827827,3.248770614981366e-06,20972099853.04741
5821326.119285975,3.555685067479742e-06,24988474143.78105
5511518.396582557,3.553945919612349e-06,23666319218.65497
5619743.140894468,3.555918532402652e-06,24122108369.92371
4841541.354364075,3.433103539074554e-06,21274484461.29532
4591946.023958051,3.27000894735146e-06,20843188068.33122
4778974.670171799,3.386002559783886e-06,21193850860.88691
6631578.179534133,3.773191274149527e-06,27361779974.65713
6142494.007585063,3.646701954296899e-06,25926539958.37432
6530845.024862526,3.637460490616501e-06,27612380858.56434
7634973.186790845,3.69915542235062e-06,31920704193.39535
6934431.798429534,3.619809922600566e-06,29413973965.04237
7178866.742973449,3.63124074637307e-06,30386862675.21043
8257635.680711078,3.830720547669134e-06,33728891692.41232
8732345.827495106,3.949289601905736e-06,34950356145.31535
8467755.707472283,3.961225438922341e-06,33823245715.57489
7809159.551730416,3.683578282246751e-06,32740931180.19819
7859245.716602868,3.715083264947528e-06,32764370813.2104
7396386.432502194,3.64718841865644e-06,31216254529.66564
7586462.371868144,3.740448420073442e-06,31484021084.88491
6991645.722636393,3.796618766867589e-06,28728619264.31075
6888203.688689836,3.660900051635115e-06,28998847155.14608
9215172.722103817,4.260796640841136e-06,35062505111.36156
9118898.421934731,4.163054696376091e-06,35237165541.22392
9933577.180726513,4.314450707027147e-06,37481934390.13445
7657885.78653721,4.063211593901359e-06,30074327546.98912
7948138.541773068,4.19561079622072e-06,30554039263.76223
7109164.753295568,4.040401590676011e-06,28024350544.49753
4355062.715157475,3.50710517918012e-06,18866668542.61739
4326709.188006278,3.489278667022053e-06,18807624080.65609
4532220.621008203,3.660911884733638e-06,19080285048.32476
6008657.729554865,3.565627042026256e-06,25744641951.67065
5869777.961251222,3.504027195101962e-06,25443490747.11616
5904537.871178893,3.476488824384877e-06,25729144973.73852
7399926.332674601,3.95257155975506e-06,29601080820.28889
6791698.651472168,3.843904335080236e-06,27677701902.22478
6992943.555477908,3.838372072355113e-06,28525196334.81757
5846991.860534484,3.614093908276243e-06,24827492949.9841
5855407.552870476,3.538376771559551e-06,25216670578.62724
5994118.20851849,3.600112983181051e-06,25518073437.78876
5679507.617869775,3.056343046328027e-06,26967620062.76169
5248457.334937951,3.059761238934568e-06,24902329695.64919
5277959.262278153,3.051492120542014e-06,25087527712.37643
7156906.457586422,3.06968229351605e-06,33884133814.16759
7019350.976344711,3.072744592302114e-06,33210798390.45198
6724715.366867011,3.064834037181228e-06,31871506989.62161
5788747.498876552,3.160454297751019e-06,26879319115.85407
5534878.882089853,3.284447959084923e-06,25049546348.01817
5370343.491785993,3.151425837132167e-06,24984116917.50304
6312829.653361806,3.07534581025317e-06,29851175108.33442
6063740.040395755,3.102851973308465e-06,28503610148.27903
5953215.450781479,3.072433493002175e-06,28168470946.68039
6307490.516776852,3.19089204388968e-06,29101488212.22618
6147524.348350195,3.380980787770252e-06,27290099695.99473
6101658.312878668,3.187620885125953e-06,28171076402.90347
5253108.62902563,3.954886640029881e-06,21005209714.56783
5047927.895389387,3.766922560277012e-06,20850766015.73481
5302065.072326217,3.776696574806063e-06,21862693044.9818
5713034.415337849,4.07797693286706e-06,22382245948.02433
5613207.502322637,4.11375130553602e-06,21863469193.47476
5447430.990973179,4.084590590658981e-06,21318634419.10892
5874955.872759724,3.922092153114614e-06,23622512086.76957
5828578.976664595,3.99898423998451e-06,23134647705.05782
5758132.63751581,3.881518805357609e-06,23313843034.02552
5915111.64263605,3.953343320150459e-06,23658466538.01793
5917974.041112278,4.006524142284103e-06,23459993086.57324
5868576.208150216,4.030235289105649e-06,23172833846.34708
5301865.5662904,4.139133384278794e-06,20566280922.75841
5367502.352685014,4.084221429303479e-06,21007097784.90466
5214495.283805199,4.040234071442141e-06,20556125532.25594
4370044.209358179,3.354952292349772e-06,19499715030.3993
4336496.104650475,3.464938226172022e-06,18938342350.59928
4212863.428030461,3.330194878730788e-06,18891405988.55066
4969747.913842754,3.137807767673269e-06,23187297680.70438
4852724.001694216,3.226453115077316e-06,22224671605.5341
4474024.250424691,3.150345973328048e-06,20818982483.90572
4812138.211787983,3.648910887002961e-06,20303110935.89878
4792002.147995592,3.68011246154897e-06,20103713061.68365
4579682.65668976,3.461852979961685e-06,20012267764.79063
5240716.950144512,3.643928123571818e-06,22131499300.30484
4988072.417793663,3.634042757582929e-06,21102766560.9012
5010996.898286143,3.424059108520073e-06,22057856065.06196
5615340.237812875,3.734278150590468e-06,23329475049.4265
5469695.322419327,3.680192277083615e-06,22946482913.06485
5520797.580491864,3.504939651176555e-06,23926625993.06101
5581339.657647106,3.852092116860315e-06,22712974326.95778
5386566.25881357,3.976142908036764e-06,21462024333.47399
5436139.248994605,3.79799646445486e-06,22331652887.2287
5946758.480193644,3.227825436561718e-06,27227448218.34488
5992039.680687287,3.42139471795748e-06,26389990081.12902
5689409.779259463,3.352018451902104e-06,25401709664.18698
5598200.591530921,4.149825371648239e-06,21678467352.53849
5650910.493042044,4.166182625246273e-06,21825266703.57853
5434299.657967469,4.177298380525834e-06,20951409766.52828
5653337.982552029,3.909282115308515e-06,22781043251.6975
5723142.29477936,4.026842026228267e-06,22611262695.02877
5457301.217613644,4.033411184494753e-06,21537548080.75294
5893215.428517723,4.035997559500099e-06,23247970928.28347
5918022.450886072,4.035673884666327e-06,23347079676.06984
5742952.275486509,4.095402614395671e-06,22435588807.82298
5048492.49666849,3.905903114688453e-06,20355451390.10564
4909683.914133188,3.79146040464227e-06,20192147802.34876
4930065.47093222,3.759852648166393e-06,20389448082.88422
4542567.912689743,3.674570541227489e-06,19076427053.59466
4336819.296946988,3.503678186526545e-06,18799884761.73685
4395706.152662352,3.563498013072364e-06,18841304658.24274
5362471.704545875,3.982215019141655e-06,21344298028.06309
4875499.380966729,3.846532511049178e-06,19859706869.35242
5049063.153719833,3.942277935009076e-06,20232333575.12083
4977464.731279309,3.678804653813718e-06,20886726180.91613
4513992.861953665,3.554807410414725e-06,19379838344.55963
4694322.398629094,3.708442687683958e-06,19593492961.52062
6767502.007890575,3.059066197225338e-06,32114597005.1643
6565134.791260069,3.055472217849788e-06,31178706062.14801
7115691.914967758,3.058188998018785e-06,33773358911.08522
6789388.216642706,3.102857659262137e-06,31914600092.53695
6733359.742855838,3.117534439582089e-06,31551812436.04827
6562104.536423053,3.121273758799824e-06,30724765041.86609
6565159.381730366,3.081530086160579e-06,31002805737.29962
6746962.982294946,3.093849543822553e-06,31776705386.93409
6520396.589224966,3.112291501772571e-06,30588193837.56054
6169034.084815796,3.114112937289254e-06,28928612044.10376
6420255.381733933,3.086571599876321e-06,30285498949.43756
6375990.189878478,3.117417139847164e-06,29877965923.34153
5939329.231841444,3.060454028763999e-06,28176053273.12924
6023232.502476298,3.058215287789709e-06,28588031876.67916
6282726.901634881,3.060094211358782e-06,29807460967.83769
6671148.289590125,3.072821291877751e-06,31562814689.62159
6948002.509923057,3.077432921643007e-06,32839830208.6438
6854403.565251634,3.085194676416167e-06,32343073560.09374
3587646.467974974,3.023432123745347e-06,17158375125.93972
3457459.876675386,3.098346092914242e-06,16268113620.12971
3537314.28939933,3.06031675323357e-06,16781446599.47145
4447278.209257559,3.079345802428306e-06,21011416130.30501
4815815.661609076,3.075666875989409e-06,22770731960.04227
4365688.805364544,3.108467325180454e-06,20496918332.48146
4158759.015297584,3.091178084161547e-06,19598119654.23467
4079873.018701577,3.120350810789291e-06,19106348617.11524
3672138.916551094,3.123757725570959e-06,17184393411.40878
5021720.703953966,3.048476821308776e-06,23885295749.51208
5019428.111596566,3.050343738391546e-06,23864648968.40271
4615359.005860322,3.062238412855303e-06,21886659843.76589
7211014.496138888,3.116894663302597e-06,33794675840.49686
7421242.865702997,3.118949754286602e-06,34764639121.01764
7209991.980086006,3.124889239218522e-06,33732228169.83555
6894045.225767412,3.121264120036217e-06,32279027962.72763
7079309.11923036,3.117461823458479e-06,33173409803.81847
7078295.984399928,3.125429271971837e-06,33112268536.93802
7055760.101262921,3.095954919171285e-06,33216004248.42023
7448015.684020824,3.097347838854273e-06,35052090876.07388
7185295.569690879,3.106791168861588e-06,33747110720.31376
4200011.938029503,3.075637252610077e-06,19859140566.05842
3710909.397758669,3.108212342061095e-06,17423680444.61943
4244537.650870136,3.058185404451845e-06,20145954533.49257
4995600.550183339,3.101541427468004e-06,23489258849.22089
4498555.36111902,3.11398653055276e-06,21095763578.72604
4955313.776024786,3.081253813300115e-06,23401992921.17442
5575110.908688249,3.068852905857065e-06,26399931279.34909
5267625.758208863,3.090275992448717e-06,24828476254.6046
5226254.464874116,3.070029272815796e-06,24741662243.74083
4848914.942396336,3.358633825220997e-06,21620685574.92338
4826364.686925679,3.568458523099672e-06,20668059313.91521
4593561.522893975,3.381807767541221e-06,20388420988.6829
4340971.418152173,3.285640825588649e-06,19641449539.27275
4184319.147020343,3.260233854785257e-06,19030884190.62015
4221235.09991784,3.186291322874849e-06,19494669945.7864
9620212.620042238,1.131814858365408e-06,88579741788.95181
9590620.636765698,1.127925704780914e-06,88510144506.62563
9693311.301770795,1.129920462433726e-06,89352541791.61954
9546784.043641193,1.137525481058617e-06,87609192215.30193
9609227.144393023,1.134216579764797e-06,88353643830.51276
9682284.156924771,1.13231838011723e-06,89124844729.43042
8744541.140520219,1.162036609677655e-06,79114693804.18654
8479149.257457873,1.16895437491646e-06,76410652160.44574
8778703.722113572,1.159796820495373e-06,79525995836.94351
7706819.646969075,1.260703307646753e-06,66038915763.70147
7723632.484805673,1.269024982824867e-06,65893334570.18292
7697878.294052812,1.275212650720228e-06,65460999507.37695
8148916.017389649,1.204674624840501e-06,71975827561.36324
7980027.952865583,1.216686915245995e-06,70019421927.86084
8197617.676855229,1.206421134448691e-06,72336090864.00368
8634550.517639315,1.179907158212768e-06,77328783387.32411
8311816.936409318,1.195483972336514e-06,73790445251.85443
8361002.250863053,1.197217847847533e-06,74155417661.40749
8277334.812298735,1.189387976470465e-06,73735193879.77994
8159278.237790575,1.205751582529431e-06,72024433228.03578
8200882.389788182,1.199083887312254e-06,72659801240.957
7879769.023765405,1.234114441895745e-06,68487271481.24149
7822233.810160544,1.256920722182315e-06,67162296171.78123
8019910.686232871,1.241370211878306e-06,69433435128.46213
8838382.651282735,1.156961551745042e-06,80197380356.7867
8728705.178488001,1.161547701469901e-06,78993579136.14317
8790316.414975237,1.155340848394002e-06,79835813647.01984
9288470.08877462,1.146413033776928e-06,84797577124.44113
9001254.247712569,1.152623249688982e-06,81880052386.50154
9047596.358508099,1.148845953515852e-06,82481905317.25522
8454449.46774303,1.16974506616331e-06,76153730837.20589
8644422.767366195,1.165146479565144e-06,78069664610.29985
8753571.102242544,1.16056488983793e-06,79263329617.86032
8103412.704459631,1.195425805941101e-06,71942612857.38663
7829621.287126899,1.214022515124821e-06,68800183296.10971
7875746.663996389,1.200852151853219e-06,69710582358.14995
8738753.152179545,1.170606396865003e-06,78675988790.30779
8456282.930954635,1.179848277926304e-06,75734784945.49774
8731914.636990434,1.166394182450688e-06,78803574642.4976
8189547.548777365,1.204381075436895e-06,72346461361.8195
7907269.002632206,1.214896805762011e-06,69449147669.96748
8182403.05249836,1.196327689789145e-06,72607379893.21355
7967876.019697233,1.191296725412653e-06,70902672067.73636
8190008.055056927,1.182285865642883e-06,73249162556.01657
8207132.075799795,1.179295009527432e-06,73526368304.54921
7780574.114227757,1.253455850360795e-06,66927656175.81902
7994832.807615134,1.24620707823302e-06,69037105871.04037
7797467.166430154,1.261771218186488e-06,66777959377.31499
7559128.774641676,1.282754756858083e-06,64028892213.12211
7562877.835014103,1.269149298374634e-06,64517660247.236
7636072.956420581,1.27964836351539e-06,64785274810.6943
7813257.133930634,1.225838594464342e-06,68214482706.52888
8093867.37427712,1.215302109014016e-06,71072225705.99219
7803223.110795473,1.240075122275048e-06,67604462025.35931
8648796.231756393,1.177776779188671e-06,77549738919.86821
8375020.585784889,1.195105525999061e-06,74367248520.87453
8367795.622296012,1.187033105464859e-06,74639578253.75415
9194554.402419632,1.152087867689906e-06,83664319817.88257
9327519.240618721,1.146847742149701e-06,85132550423.72061
9004911.084791882,1.161149726046713e-06,81511824258.95222
9315586.367789082,1.147607876550732e-06,84986090175.31975
9189838.189374661,1.15122279561703e-06,83663291020.80049
8993303.673110817,1.15606079142432e-06,81645479430.59404
9519137.374697281,1.137669312681605e-06,87348120640.43964
9456988.154098837,1.140992055302968e-06,86609280630.98039
9323100.398187742,1.146201182137242e-06,85124216257.17207
8912636.30795991,1.163870542766773e-06,80550776986.52954
9279794.499204976,1.153949415741102e-06,84349111283.55029
8639713.657948092,1.171986985240186e-06,77723226877.87895
8889436.245322825,1.160296930193598e-06,80505976850.34613
9084838.68739173,1.155450979614435e-06,82505494232.94041
8896336.155362619,1.164525966904745e-06,80373287648.47978
9685286.059425632,1.134143019138053e-06,89056830842.51926
9621192.162539136,1.141514041755602e-06,88086235488.6187
9549764.868489156,1.13934866518558e-06,87543031194.01097
7801688.628474969,1.23629180008541e-06,67728993354.99081
7707149.8025388,1.250077112258093e-06,66415472173.11402
7744439.705456039,1.259096558851843e-06,66417722334.8379
8188297.446053443,1.212832714941e-06,71998979624.14133
7970832.283004051,1.223107735741636e-06,69693754701.6209
8111777.840616087,1.230344965647587e-06,70647714547.11621
8118892.400021721,1.206319827894462e-06,71645426920.93004
8077497.008541996,1.212994126765045e-06,71018420188.78769
7950317.376064633,1.218327374466671e-06,69696097996.48872
9482918.470926516,1.051988911847931e-06,91678586461.64803
9129908.329650145,1.018701117167584e-06,90178269144.79413
9232003.663142759,1.030570853634847e-06,90485168127.80927
8795336.809334811,1.142690644032068e-06,80469881291.78699
9046149.015157208,1.143751574495067e-06,82713411618.94572
9205593.072649222,1.125241673087673e-06,85091837374.37292
8932872.065815348,1.180276975082064e-06,79983761463.66154
9345554.949352879,1.171164204402022e-06,84112376175.39241
9101666.437359605,1.160450562814251e-06,82420735591.60226
8368089.765964566,1.178892782799346e-06,74985413553.66061
8483367.697573042,1.183957879225223e-06,75801440079.27551
8582908.121075405,1.169660196405909e-06,77314566072.28551
8350136.275083778,1.173778778814543e-06,75041710989.58069
8332863.633317732,1.17676026642096e-06,74759939986.57155
8538940.498133611,1.169206951583382e-06,76938384208.14693
8050704.858708526,1.212751449136705e-06,70792302424.59355
8157894.416555,1.217805018276944e-06,71536261585.44627
8333919.932788711,1.200386907386195e-06,73785069454.11125
8418840.10749362,1.233670630829964e-06,73190173630.73595
8370631.650479695,1.245117837095191e-06,72324359250.70572
8611225.480936799,1.238811773514804e-06,74655431799.40204
8436699.981707241,1.202796510825381e-06,74595248604.07631
8433514.727606125,1.217059073347736e-06,73983380024.84695
8618522.049918853,1.197978548984485e-06,76407050642.75029
8327240.842391218,1.21079391258836e-06,73302869040.13225
8180265.628763172,1.229978933313206e-06,71258327401.89552
8324076.320713257,1.22506095478611e-06,72704995959.58948
8138169.090573919,1.245044468450871e-06,70318586742.3197
8205591.458556869,1.259696169453412e-06,70350310396.24944
8233797.515444547,1.251565096772055e-06,70897548854.6447
9172619.679722963,1.132105916873885e-06,84443977258.04247
9036800.431671951,1.134898441188842e-06,83057086317.01654
9037376.233663578,1.125798799201852e-06,83509363838.27083
9538467.139496086,1.13237020301096e-06,87798338884.98643
9367179.547158655,1.132140592006466e-06,86233352413.67018
9509001.246918125,1.128479043292146e-06,87728204075.27922
9525107.762056166,1.135287712054777e-06,87525098112.57549
9455702.540505726,1.140196349524429e-06,86637791047.30145
9353940.706243671,1.135057501891748e-06,85963885499.62015
9320705.822530545,1.146744573457131e-06,85075466400.84236
9447343.161222706,1.143133949651174e-06,86412839363.61736
9516717.753009515,1.138191264902186e-06,87299218716.0316
8857865.817831509,1.143341185745858e-06,81011224832.97948
8648998.447348611,1.138250083471132e-06,79336680484.14523
8693430.332090737,1.1332614353967e-06,79978104070.88211
8939763.255731357,1.156915697625096e-06,81119427193.63637
8974304.70300179,1.15463943785292e-06,81539845868.89561
9261093.641708696,1.148431990844411e-06,84448528734.00941
8890419.630909091,1.154176332264131e-06,80799278747.32347
8842211.911934186,1.152526913281969e-06,80437803314.36687
8936475.914596943,1.150363904295632e-06,81397198631.96404
8642059.206055384,1.1523924422495e-06,78623125272.29489
8586368.474222988,1.164048647902081e-06,77594112112.17314
8890691.765864886,1.153420788466345e-06,80837034070.29849
8803099.01111917,1.134957153785743e-06,80906349977.43091
8735118.064712558,1.140495029058312e-06,80021468105.2688
9143983.505556013,1.123015016693777e-06,84634037246.96297
8686760.13586998,1.143087879570241e-06,79458083003.61725
8674317.08419485,1.155399693361789e-06,78779604256.72134
8619230.76396185,1.148560562186167e-06,78589750195.66258
8071133.837052545,1.205250083524242e-06,71266117915.604
8354704.914237883,1.192865665381022e-06,74279691233.13574
8240307.50400756,1.187785160361177e-06,73471372893.41806
8452800.181154527,1.19337285976629e-06,75130537897.82303
8634794.73263796,1.188514962965719e-06,76957139299.64536
8497995.459598603,1.179275395613253e-06,76133010456.56311
8234042.899099089,1.215228193303741e-06,72306038418.51949
8355418.240774232,1.202419083814011e-06,73892033817.04115
8410883.672969094,1.197800928421936e-06,74573614993.31351
8163365.875803376,1.238533826378205e-06,70783279465.56937
8259141.793006387,1.245050683483451e-06,71363624839.67244
8307028.587991459,1.233645652138694e-06,72219101914.07648
7135690.985522005,9.125491709587245e-07,75845854956.62413
7305939.956931172,9.096876733274307e-07,77818207965.47752
7020278.627449113,8.931904592159264e-07,75693449767.12346
6739264.384984511,9.044764451346551e-07,72057798061.22699
6993571.655928055,9.112542117578284e-07,74405663981.85706
6879319.102933181,8.918685321957472e-07,74246883289.90279
7051860.433806296,9.455480759714007e-07,73200598440.38184
7471147.992455713,9.71188829249986e-07,76181856795.62303
7174576.554444503,9.353200994062987e-07,75016378778.96796
8440549.339783255,1.020672043531403e-06,83261947835.3736
8242392.153624324,9.904836126595703e-07,82951022479.70558
7962380.835354988,9.972395607163852e-07,79770677383.62747
8424377.423595075,1.084689656643742e-06,79799618730.91978
8576179.421625132,1.058623438471233e-06,82565672281.39926
8447704.632911295,1.09285955815896e-06,79621279204.33636
8565238.317916395,1.118470176327428e-06,79491955188.29431
8421665.816571513,1.099649576370887e-06,79048772394.32452
8444989.273943741,1.107836286060196e-06,78876696213.63815
8703500.716070244,1.067497250948469e-06,83326433265.29968
8640251.596075626,1.052293916297467e-06,83515743001.79825
8487881.073925694,1.078347171335882e-06,80716108778.85741
8810712.110822873,1.054787570146903e-06,85029118233.4377
8915335.347038545,1.027541841528456e-06,87553062151.59702
8747073.917601479,1.039528863337484e-06,85239016148.23451
8658484.654891983,1.024399293816542e-06,85204469736.60808
8825895.919684518,1.012406470836174e-06,87536435914.36519
8457770.46233465,9.942583619714426e-07,84903004627.13989
8379327.227140023,1.101126589662429e-06,78581018002.53415
8496716.576394295,1.091992557305688e-06,80125609518.14861
8652587.298297409,1.080014411428194e-06,82197691867.88916
8417944.602177313,1.090458748481716e-06,79457196182.5473
8359736.670594431,1.100752324037169e-06,78415068008.84419
8632679.683045913,1.079617113296186e-06,82028692019.72658
8571138.562400186,1.127065412813897e-06,79141771592.73303
8527020.701206531,1.132053929336477e-06,78502937217.64078
8369275.337122465,1.118556431792393e-06,77669275875.55917
8341382.085009312,1.112672660134043e-06,77683074157.86061
8498865.589724325,1.126186364558628e-06,78515268052.4567
8458506.263820088,1.103531551579758e-06,79208265895.29736
8838092.165273368,1.119645052617265e-06,81966857010.53966
8669275.842697889,1.123449328121568e-06,80219600686.32727
8548296.127928745,1.112842520439413e-06,79601958115.71098
8933456.263808073,1.138694329285775e-06,81924678102.20473
8929395.451660516,1.143436445550907e-06,81660876359.10179
8764294.266694963,1.133394020055802e-06,80623752207.59373
8935573.468466133,1.124941577380465e-06,82610601499.4823
8935000.918811494,1.13407124939366e-06,82161376725.13622
8765824.227811327,1.128760928616099e-06,80858332184.54613
9305530.050361281,1.143597755123647e-06,85092690020.39511
9064433.765072126,1.145989383746551e-06,82772667291.30669
9068525.16414139,1.141244784516336e-06,83039385222.47704
8456158.908806451,1.179380348900683e-06,75753704853.5623
8466724.719819255,1.188839841899115e-06,75445476449.05421
8411075.166742189,1.193454906156096e-06,74756249478.39505
8918309.268202763,1.160412360096952e-06,80762105256.87332
8613509.565085996,1.170999406807031e-06,77531054398.03888
8751231.763509847,1.180279979682968e-06,78357245108.15121
8618180.119025076,1.168182816374555e-06,77697734785.80019
8518434.775555465,1.182514612217191e-06,76176694764.48906
8507836.738545103,1.173050279500435e-06,76490599107.20601
8578244.724781914,1.154303876751145e-06,77956379721.89964
8633200.124961741,1.161111280380812e-06,78148847707.51151
8522760.321939796,1.165995035127024e-06,76933556203.88138
9551028.143280024,1.082029261194613e-06,90620013198.86827
9290803.455400875,1.095873321946069e-06,87407031235.39723
9407152.547579752,1.103501811600059e-06,88093287949.07742
8620202.044843333,1.131614192004016e-06,79381357503.3391
8740882.653105574,1.145478008187651e-06,79841885797.1763
8700257.582550179,1.137675843520254e-06,79833729745.6187
8605117.992728774,1.167126758672445e-06,77626763399.79655
8398239.245135846,1.174698665322838e-06,75434600079.6881
8613441.787957398,1.165460890977432e-06,77775877536.74855
6341996.022276823,8.625975086232524e-07,69987502978.576
6219530.711881118,8.96978707433345e-07,66870750000.78316
6284991.50946129,8.65323818701228e-07,69212667871.52858
7330657.982595934,9.437725870848989e-07,76190013739.18382
7098975.302712324,9.414460990866872e-07,73903559860.03429
7309681.261974307,9.344605660895237e-07,76475874878.00801
7422458.209608695,9.65960687851602e-07,75958222460.15199
7126680.839102308,9.493206485562655e-07,73781139495.77702
7358811.552531867,9.516478225406792e-07,76060091346.73607
7718343.69766406,1.012635609076617e-06,76540033917.40257
7541071.400339854,1.006505881637174e-06,75085401618.23502
7300751.258220947,9.82815893242714e-07,73856054742.79741
9007226.939333502,1.077032537732428e-06,85724551679.5574
9082025.736055164,1.077917320010606e-06,86389128881.61745
8461232.840577027,1.042504871363995e-06,82296541484.95798
8121236.560441102,1.055781062735191e-06,78326054257.52089
7745357.010171341,1.024743427953734e-06,76201703391.20996
7925000.53767698,1.03087528514534e-06,77659611787.57751
7008923.642736627,9.572062470751882e-07,72162955606.69972
6846425.932789336,9.448793220918266e-07,71101650824.61401
6943008.843238386,9.462164028765675e-07,72036743223.46246
6397172.636557776,9.288730416110167e-07,67197095001.1244
6701064.264498872,9.395400315568768e-07,69855443920.2215
6830392.414837987,9.478446045439948e-07,70787117348.94907
9211677.321106868,1.141983781028414e-06,84313818630.80496
9397829.451402072,1.144576635318886e-06,85887700456.92957
9300316.489252163,1.155313033410505e-06,84469115381.56026
7171301.419692863,9.755330755334993e-07,72907125835.87756
7409498.798480549,9.992220545568914e-07,74133440819.89655
7192823.823951342,9.835004533389462e-07,72730467668.29588
6857715.235267648,9.472032184083856e-07,71102358027.5067
7020346.078670028,9.59528836497435e-07,72163873164.07433
6988539.124504513,9.555095465703404e-07,72038232266.35365
7528228.002059124,9.824504454366701e-07,76176145652.62602
7715094.285470145,1.006620358271115e-06,76812299199.98128
7297590.980600965,9.76802286047168e-07,74126769429.86812
8172889.797998502,1.03460910539554e-06,79895952531.78241
8255424.406715653,1.031901958508212e-06,80843873502.70039
8868755.2841754,1.067306209354188e-06,84918695532.43797
9525782.010894373,1.118710743132457e-06,88393860111.76361
9454572.827117661,1.122399216034341e-06,87540765849.1272
9111037.164406028,1.115369425697833e-06,84714027151.71666
6384971.464846381,8.568564177273672e-07,70776148383.86163
6469512.997724647,8.727695021346821e-07,70838911907.14706
6594700.113564214,8.444912246201221e-07,73812790456.6489
7544024.407323929,1.024737469430591e-06,74221206066.28386
7423685.313665649,1.02615363889097e-06,72970047289.31503
7269532.170172269,9.987269649262416e-07,72757083022.78247
8344777.534189831,1.043706248654954e-06,81101566122.93925
7740903.145691608,1.037934679175864e-06,75511242851.164
7996624.95836553,1.065210205436833e-06,76668420417.02979
6794299.418849514,9.327113936024164e-07,71172653973.26743
6661906.36423095,9.157338704881749e-07,70645690171.59871
6687820.266845122,9.265359094803288e-07,70368196838.28232
7414863.436505996,1.014350943187834e-06,73447609476.01381
7540606.234848596,9.967174415503952e-07,75571531604.66284
7152581.156052351,9.942508264111531e-07,71801274591.74469
7936344.249807859,9.578199914232509e-07,81676646762.16493
7534162.937751669,9.258385076081385e-07,79313085999.73431
7361259.741692821,9.287087321140174e-07,77333165814.0896
6748318.094681495,7.809845641605376e-07,79573277341.51007
6979167.367421406,7.853491840378903e-07,81990162790.60941
7191049.064840668,7.492922060204581e-07,87168206122.82365
7023091.399386246,8.506444226300617e-07,78228129829.79782
6748782.498866577,8.574359124640293e-07,74775211873.7431
6719105.037356135,8.854929928671315e-07,72865398502.12111
6979610.526280222,8.07869578359188e-07,80464383105.75519
6819631.493144491,8.336550096191853e-07,76990415746.54401
7120052.240441837,8.092384121890744e-07,81990874885.06764
8508382.076283069,9.842753232579056e-07,85987618177.98749
8201712.055966692,9.671863092369988e-07,83861847254.47586
8742933.569801554,9.989717444907428e-07,87489320231.21042
9241265.688242568,1.05792029326666e-06,89008091936.43143
9511226.016605822,1.061813841294377e-06,91384157817.73697
9259934.475090453,1.040456087616798e-06,90183151903.76317
9059290.745395007,1.024713590769001e-06,89130402369.35031
9128885.245091319,1.048685478630715e-06,88441122279.17918
9147440.229227336,1.031159688783763e-06,89622205922.1468
8607741.915369285,1.099110684231407e-06,80821756378.20677
8642634.695491578,1.115142083531261e-06,80369762753.05304
8947946.144189475,1.101652071828095e-06,83886818666.41396
7768734.192447274,9.016352133959195e-07,83239542732.34366
7878185.092568607,9.299563666648962e-07,82689645872.61223
7847002.385212018,8.954768616922125e-07,84463201496.46484
7968019.665544198,8.003975694508084e-07,92430057493.83002
7793113.755436395,8.132772785081406e-07,89444146225.26476
7801847.231627543,8.181758606302402e-07,89186612226.87535
7241489.996071538,8.282459800681848e-07,82108548960.93582
7255947.654922909,8.126301850292715e-07,83323116943.21555
7231022.887629735,8.302723237350299e-07,81856410278.12538
6584334.640580343,9.215471928650461e-07,69529137418.05092
6624134.458768563,8.995756227745761e-07,71083808335.3307
6515245.004049014,8.967205453581915e-07,70063636019.74408
6833469.432273461,9.416967618379291e-07,71126898456.93611
6726682.578020103,9.355380550670441e-07,70322337108.62413
6817730.101403616,9.517164669813612e-07,70464128024.56076
6628799.180307881,9.078491562976612e-07,70701028681.71394
6661054.459136089,9.0121997215408e-07,71393024238.78584
6654648.67409344,9.186681750464576e-07,70418378070.9767
6912798.18182454,9.746357562003697e-07,70322178753.04881
6880125.594886892,9.514724724751369e-07,71121168097.89507
6864332.593606896,9.614902368352488e-07,70464179431.17191
7048977.443833893,9.784763485968296e-07,71519735425.48308
6954918.749415251,9.813893226418194e-07,70425700423.49345
6906305.472588317,9.682512888962712e-07,70564628781.71701
7704351.273589135,9.774729779227355e-07,78222718017.4516
7979827.717023753,9.707292519061224e-07,81394445815.12024
7403140.325320611,9.416299734090517e-07,77060022580.18326
7055183.433582135,9.798303057812435e-07,71516743581.72781
7440592.570240852,9.823112289138617e-07,75296499269.85719
7022175.681012057,9.566861824221343e-07,72325596283.22073
7699057.658967319,1.022962924646736e-06,75834060301.09239
8301328.32444388,1.028778630293506e-06,81457854643.04555
7827177.477095935,1.005360080473106e-06,77993322831.21655
7230218.110087399,8.607786993736973e-07,79901890988.71474
7250197.645133921,8.551575165343526e-07,80473415500.50105
7240179.895512572,8.42900262271964e-07,81139419794.34093
7001360.3651758,8.710384780884859e-07,76763989631.08969
7167687.959057772,8.647480071664323e-07,78968285751.29996
7177606.588818857,8.468764838033929e-07,80186194222.40147
7037166.333410992,8.84614278613669e-07,76365145976.28111
7323167.620524665,9.011462226140145e-07,78493819766.75726
7203916.203346778,8.783125940475115e-07,78548141236.18967
6991252.589118878,9.211105288012634e-07,73849432471.43652
6736987.876256045,9.14372082292154e-07,71512801871.32547
6870121.233658927,9.313454612218452e-07,72037262254.71207
7286633.548506953,8.68699462553296e-07,80035112632.81696
7266603.838160864,8.74334811667878e-07,79471785498.06616
7386370.862356221,8.971374333897576e-07,79406939404.74112
7177439.074416989,8.415558673015203e-07,80521936937.08058
7167018.376313195,8.435576831946844e-07,80277775147.8033
7001194.92022792,8.657605665081608e-07,77073834924.51878
6895872.312391907,8.780135007150173e-07,75206448794.92218
7060451.084787153,8.558261569539876e-07,78326504330.13367
6755648.327955043,8.906142208376423e-07,72980575471.13623
7569898.478591016,8.256645995317313e-07,86011055803.11848
7324426.819817159,8.340878354017644e-07,82660707726.25769
7334502.664181987,8.463975818890607e-07,81969898006.99275
7664161.756585713,8.293393400278874e-07,86824671933.66513
7655505.708442828,8.24488508108838e-07,87066445263.62582
7418772.120010724,8.451964157604071e-07,82990223356.01953
7981402.335046872,7.940554384112705e-07,93077630907.30527
7854884.38891168,7.929955445889732e-07,91683805776.88365
7806348.790470828,8.069946263833296e-07,90060466022.45641
7635177.950350435,7.976697905994915e-07,88770854483.78545
7356127.779896743,8.044039566305239e-07,85048462294.88832
7341570.607873294,8.201137046311009e-07,83792715913.72565
7158915.019385918,8.155818130190643e-07,82010385238.7249
6857666.683419055,8.399445498504142e-07,77032849225.52296
7134157.614347132,8.331814365275304e-07,80571783384.49086
9128414.516240589,1.107053323107648e-06,85300123441.14673
8900988.892448744,1.126615683620703e-06,82209321511.69063
9243745.502166042,1.114612083230501e-06,85986871639.7458
9238472.548480863,1.069689858468976e-06,88327292954.81502
9248753.168768305,1.087466206581009e-06,87459302435.4895
9508392.370180907,1.073536514176132e-06,90690656926.61122
8680977.947207492,1.122490879912863e-06,80373603278.67218
8761314.550100677,1.128597611042517e-06,80824530084.69063
8986960.035715308,1.109051644135889e-06,83877400744.75069
9037335.536908688,1.073493477363599e-06,86200039934.4935
8705393.770175684,1.088678036007929e-06,82260014083.38135
9047503.659471555,1.091256701859445e-06,85357984434.58644
8802131.507917941,1.07185085322113e-06,84042368026.17021
8644913.490258144,1.083853288539055e-06,81930760332.53984
8975710.978964448,1.068604625213351e-06,85873169638.29042
8028624.132660635,9.487929558730869e-07,83149598920.34125
8299946.174165085,9.753120407392252e-07,84394255318.36992
8664657.550842581,9.935678200617682e-07,87020129441.14101
8394478.087286951,1.100358032211681e-06,78759754628.7513
8537819.633350324,1.119161039696176e-06,79204876376.41081
8336351.485634642,1.110630076501596e-06,77731383462.18211
8549757.83905237,1.128467344554262e-06,78878955303.04683
8543970.550406219,1.121848361872087e-06,79135309275.33105
8509277.711624941,1.105836751576974e-06,79572930317.54109
8601338.287111122,1.13842329846579e-06,78891493621.22046
8716041.973444646,1.145682125057638e-06,79605526942.31303
8595533.564490277,1.131811146110987e-06,79145008392.17215
8756579.039889771,1.156300616590825e-06,79485388383.02725
8695086.357622731,1.162528543995046e-06,78645066310.48473
8703453.542753257,1.160845194495868e-06,78796829529.47496
8722866.708742553,1.143838869262893e-06,79753423732.8871
8763544.469254162,1.151602364418757e-06,79764827350.57838
8710397.814814731,1.156176845378356e-06,79071833977.80585
8672436.016136156,1.142335062705507e-06,79361907836.20425
8881584.508646395,1.147407325054086e-06,81036132727.68059
8787611.224174328,1.149560504584136e-06,80078564381.18695
7560829.170632949,9.555827643443529e-07,77933447290.29353
7722568.578157684,9.577301033936554e-07,79481553691.22954
7839823.66801733,9.772245196268669e-07,79611668229.8093
7565387.014413361,1.020836322403182e-06,74620886951.2209
7290502.810152167,9.948253892238978e-07,73157621070.07486
7508633.174017073,1.01054795933632e-06,74562924738.81325
8365796.677051922,1.085173201306294e-06,79221172373.22263
7925780.668054126,1.051179739496921e-06,76663868237.14957
8246489.483454335,1.071932188163368e-06,78733139253.70059
7355934.911179035,1.026120535215577e-06,72305659510.50879
7368869.918573307,1.02171045126573e-06,72641086744.20766
7107409.691383175,1.001611023607586e-06,70997864549.45087
8215327.078867722,1.078723373544348e-06,78106072360.18579
7657130.847505863,1.046148604750611e-06,74302566499.9984
7779339.842644821,1.044735646933504e-06,75556494790.31644
8527734.713002209,1.100973396908353e-06,79980196129.48889
8744665.489977933,1.110862445336914e-06,81527290874.35356
8231778.469243187,1.091276267385636e-06,77661158959.99834
9009876.744712237,1.118272553220111e-06,83628390667.56261
8789660.458336335,1.108388110248339e-06,82068694779.64859
9285050.419270713,1.120915942138892e-06,86046967444.92667
9264897.161138585,1.129963697952511e-06,85401259473.5471
9128972.616183884,1.123666944864025e-06,84462416151.34157
9405945.360500351,1.126306330310379e-06,86888993846.41978
8432712.343829202,1.105057902013771e-06,78893991623.30472
8208389.992317888,1.092300187661634e-06,77392102166.4906
8720558.893365325,1.111878947901588e-06,81252983082.89078
7792700.658482478,1.064798249175924e-06,74732545474.51997
7540287.185499499,1.037505186645997e-06,73574564945.4574
7527202.52795845,1.041919594849046e-06,73239290918.67107
8265028.975717628,1.086816879781724e-06,78188004713.22066
7973707.579938028,1.077123057398715e-06,75883978022.95189
7705117.120245197,1.054245898855349e-06,74384873885.69273
8380275.830988661,1.091339183194189e-06,79059090612.36218
8508238.794115899,1.057056516703772e-06,81992513200.27005
8156656.718958763,1.078561285671254e-06,77556041314.01254
6770797.944590433,9.511807383752576e-07,70005337805.61186
6680065.395749799,9.349953061461813e-07,69862012752.36319
6646496.432548232,9.395190983768168e-07,69287629098.82268
6639311.577293606,8.533242760998415e-07,73798406244.82433
6658845.204036615,8.436060100522625e-07,74582878772.58885
6533047.818717646,8.718756096545494e-07,71583481702.78752
6630006.079187277,8.949048678154921e-07,71394158598.02464
6659486.331964336,8.66878143694386e-07,73249055592.11519
6662264.290661939,8.88271126434494e-07,72098267150.94408
7776568.989157964,7.857305658500413e-07,91328346986.23793
7903987.370142117,7.724461669948815e-07,93885982612.19595
7494922.954955724,7.925195003650454e-07,87517291405.23347
6862596.176378353,8.027178167104012e-07,79453526090.25584
6633699.208966278,7.983615446182724e-07,77082543316.22557
6723600.101279904,8.187825878253776e-07,76822683967.4386
6727478.082377709,8.385632855714859e-07,75653390381.76968
6886378.831037176,8.127813691546851e-07,79069395206.90248
6747140.884488894,8.288285004645096e-07,76467459355.75732
7283776.644081291,7.942579850137045e-07,84927608200.34346
7471809.757781875,7.736681493678948e-07,88658965657.8979
7141721.394140776,7.928637608332309e-07,83368859148.11104
8192076.720702771,7.795801376699997e-07,96713440649.83795
8375168.473034102,7.629808875032915e-07,100303890694.566
8339775.258850041,7.64395849847428e-07,99756713713.6338
7418163.846190098,8.225459386315815e-07,84499922999.11462
7665188.364416759,8.140950509113663e-07,87916978765.34834
7713283.814911377,8.001608307444107e-07,89492736146.81958
7891706.804389069,8.122479622725868e-07,90652236157.04893
8155438.5684103,7.895464555045764e-07,95468960806.9877
8058828.435554699,7.944481714694979e-07,93949584480.59587
6752584.881494425,9.477398207121854e-07,69985913078.44023
6967228.439811083,9.576358055419646e-07,71712214376.24516
7020249.369417493,9.696227835888255e-07,71661187075.26585
6658495.943119601,9.063459858783397e-07,71096266602.39125
6618592.875997911,9.283105634007358e-07,69551015046.59654
6652091.388724469,9.237865748906944e-07,70131066400.13458
6428740.524236443,9.010242470591665e-07,68913066935.66588
6278696.084236784,9.167721976456887e-07,66531682401.17982
6497371.181834415,9.258464693159613e-07,68398255950.0919
6561323.543889579,9.057409930002888e-07,70089899572.34683
6633936.464320613,9.290135012522707e-07,69677082450.02238
6331588.486289348,9.183490878939565e-07,67015328073.5424
7951703.414109843,1.002562734602181e-06,79381469576.69458
7617200.202962729,9.667888135687013e-07,77906607399.4399
7897223.410278896,9.884311791368857e-07,79587244139.4904
6862831.158138767,9.167652211118836e-07,72721790209.81056
6906514.526217884,9.361035975881427e-07,72173259604.95995
6810186.673165589,9.347701900204124e-07,71234292240.16902
6990285.623915235,9.702108293440595e-07,71326488373.62228
6848211.900844764,9.599852124641057e-07,70372151318.06052
6723198.52510402,9.483257218615012e-07,69652640011.28258
6351927.973162291,8.330418718699471e-07,71745446708.86012
6472313.315868776,8.002602404255206e-07,75088259751.97215
6424854.23494325,7.979330288150757e-07,74682523497.7023
6377841.570662173,8.874461142780783e-07,69063046524.43915
6293903.117935691,8.715352496014668e-07,68981094705.59691
6228395.806309906,9.031944780630983e-07,66658472040.81332
6802340.717894676,9.473146430246646e-07,70522691848.20912
6590272.252906223,9.374199524856076e-07,68804032803.85379
6370026.035265907,9.283428427334011e-07,66937416288.83836
6636503.392098474,8.851148434476598e-07,71990121201.13721
6633730.809913231,8.637059367915017e-07,73144314558.0883
6527511.901663842,8.822490866471298e-07,70961076306.80312
6606856.489681336,8.282605999916092e-07,74911795248.13313
6517742.139350195,8.078520804919871e-07,75140822169.72435
6396933.066648582,8.406281142283322e-07,71818423261.56047
9549921.244395724,1.131863858182322e-06,87929984183.00443
9622522.330902286,1.127097296060593e-06,88848068105.39925
9537599.034900546,1.122942201861716e-06,88281043536.93236
7919692.371377235,2.020204986908708e-06,49557724059.76842
8007860.085427148,1.970133542050392e-06,50954909327.03848
8107459.544383638,2.053068626850263e-06,50189840156.77353
7949656.528207899,2.050252658016806e-06,49258000172.74899
8120988.265847763,1.972642156189552e-06,51630937352.72009
7975608.891626244,2.084647861080974e-06,48873718068.54045
8198889.840182323,2.105977815801781e-06,49902142257.89441
8139166.849069924,2.072161327764043e-06,50076147332.5434
8243444.138409578,2.183492345356875e-06,48978737173.96472
8057792.381100441,2.145054923856006e-06,48445911177.27036
8192215.543739014,2.124238347954578e-06,49575359698.04371
8292146.822520395,2.201199977953365e-06,49003524453.47118
8050774.896185597,1.969607630690918e-06,51237099695.31498
8091093.378220557,2.018558761206737e-06,50657795022.74359
8150640.055945277,2.052625829313079e-06,50464408606.17609
8118422.014639189,1.918960660851241e-06,52572775889.12686
7993614.328662759,1.889487663853677e-06,52301460547.53934
7919023.925503777,1.977275087724572e-06,50268229828.75592
8026518.532671126,1.676072103667965e-06,56885129039.70187
8036127.492775589,1.733081326450114e-06,55697306018.5685
8105887.388293463,1.668170482025215e-06,57628893081.86742
7185353.534809793,2.608516286386285e-06,37918612676.60828
7405719.134491385,2.683382650606708e-06,38351188936.28837
7380311.927953866,2.589327739813289e-06,39139628719.8844
7928322.841338864,2.922720343750194e-06,38784347078.34876
7869500.136075075,2.921223459117189e-06,38509743635.33536
8028829.989755899,2.993808909237169e-06,38651784028.12755
7807206.552021097,2.940771994713148e-06,38035409837.1671
7854996.978271764,2.923221790445937e-06,38421251822.9531
7725003.201372216,2.976854423607398e-06,37330195993.75625
7654689.327420568,2.766841837080433e-06,38839295750.29766
7480037.103483886,2.74382695266622e-06,38165059184.72189
7774654.191949501,2.841825953944209e-06,38750986559.71958
7324524.982069129,2.293313643019468e-06,42118267138.78804
6879900.104244363,2.274331587201514e-06,39781358539.49609
7135491.252274162,2.213941801483651e-06,42006169248.90061
8701535.393462412,3.048430756375641e-06,41388371111.6527
8879227.226622537,3.042862258440433e-06,42285062260.08359
8581862.831639813,3.044383044789795e-06,40855328391.62563
8607834.753100257,1.277412541094249e-06,73114997715.47614
8620839.443910461,1.287524068641829e-06,72841573582.32608
8648839.66434934,1.287886304875292e-06,73064457278.68611
8289449.161705179,1.265124952134932e-06,70865804988.76855
8474780.432076059,1.266819192235338e-06,72385575615.59657
8317798.855939146,1.257020879226499e-06,71413461811.53194
8465072.507871918,1.286486070365044e-06,71563892880.55672
8574787.48251514,1.287177918787685e-06,72465447421.1067
8561817.586449062,1.277138368647187e-06,72734535405.70514
8336217.62412969,2.307337519416677e-06,47741378883.11548
8114679.586946087,2.325111079953185e-06,46235501465.44563
8154159.868499816,2.359005311811085e-06,46014348353.49503
8641607.679720446,2.186301202611147e-06,51300454970.79631
8480806.808265645,2.211172006168629e-06,49967637760.96296
8507630.520798637,2.250153989152378e-06,49545071622.85311
8269712.631654967,1.942236551138633e-06,53123784102.6175
8412382.197752191,1.976469635939801e-06,53414466840.78101
8540660.501441047,1.934568168805839e-06,55009213234.56868
8505014.068619017,2.09150414342831e-06,52003896285.78333
8478367.369994912,2.081328335538629e-06,52009797899.77264
8640587.747895282,2.128655773556299e-06,52216327901.44582
6820674.994378202,1.54221055864203e-06,51097333958.18188
6709640.7430191,1.493055040915739e-06,51362803650.48591
6611525.117334629,1.565513166405236e-06,49037746304.67819
7212787.30025172,1.42556823154051e-06,56943538762.0386
7440756.006026858,1.398447421061383e-06,59500365746.48985
7296487.891208462,1.397530355110772e-06,58372240915.25167
7236211.946793413,1.430630665348164e-06,56993622152.97537
7390955.986823252,1.417802789368028e-06,58563011092.33002
7464547.657037507,1.403527432848874e-06,59546497932.04511
6989255.880005284,1.514844517850185e-06,52988980940.9972
7070213.882818377,1.462597041872865e-06,54871827529.59894
7032448.874245902,1.466308305913597e-06,54486601499.9855
7094747.177949303,1.461495976569842e-06,55089881882.0048
7298087.807419716,1.43231049874376e-06,57436015069.46761
7144324.187525755,1.445089044037153e-06,55893942993.70229
7131900.201313091,1.554570742894577e-06,53145308288.01463
7047180.621255293,1.505032064981747e-06,53660111105.80603
7070824.97617876,1.540432427739712e-06,53012097212.74493
7168626.219495678,1.621376550923432e-06,51941363322.18456
7162345.509016485,1.583577755296884e-06,52718414330.96722
7101139.780961559,1.569525569682e-06,52579420827.51018
7761819.686487338,1.604719720200218e-06,56627939109.79079
7971547.691801379,1.579284376426941e-06,58780835674.71769
7668259.058455982,1.54781041920188e-06,57308397659.6196
7194239.244357029,1.479594405786525e-06,55405952126.8778
7310683.620936081,1.440929977278049e-06,57305469095.06791
7107166.35464368,1.470132130075335e-06,54969978620.82285
7648132.564613419,1.431961878084551e-06,60200639228.71681
8017658.685224984,1.391445370368389e-06,64328504850.52605
7582396.545149371,1.415586568097611e-06,60142600793.65296
8077894.124628111,1.980861782060299e-06,51214787451.81642
8037608.58350436,1.93174987060266e-06,51819465032.75305
8097713.687661072,1.9015006476043e-06,52759187514.03535
8376444.977369865,1.313201531537359e-06,69850923618.15103
8336390.617165224,1.315120066859471e-06,69449286201.17447
8642229.760757083,1.319095344977842e-06,71852466858.74146
8500004.792375959,1.31165571408257e-06,70936964466.28459
8240877.645106378,1.303199855890888e-06,69071589548.39584
8329187.872560267,1.309313763668436e-06,69594273025.76814
8538848.612067167,1.359079570902646e-06,69593614150.01857
9020835.321413465,1.350541253857301e-06,73831470473.20421
8812522.386024036,1.335247711674551e-06,72676221238.91254
7817076.77465752,1.380013585388459e-06,63065058486.95804
8181512.159880036,1.370058869958886e-06,66324516757.46737
8220683.69486994,1.361063198511764e-06,66935381661.96938
7740112.027603456,1.433337969379788e-06,60885635423.39265
7952033.323677962,1.420816901048221e-06,62919623466.84174
8111827.408785883,1.392679335238431e-06,65045603500.49683
8184719.897901648,1.306272494815198e-06,68493280359.1571
8466751.093755696,1.29681412929237e-06,71197537020.67815
8306588.367028167,1.305406621692654e-06,69543863680.46663
8177775.758742595,1.310929827439621e-06,68272986524.44668
8129733.413793805,1.302972389628273e-06,68147955216.87511
8092364.802895203,1.308596216386892e-06,67640220130.41781
7860469.614016929,1.3244872845393e-06,65175338835.04812
8109834.416306592,1.316307193793334e-06,67521251585.00003
8024779.932777743,1.313975175678399e-06,66892129900.21808
8811604.631275669,1.320834751773818e-06,73196336426.06943
9011714.906643415,1.321960200608812e-06,74816121501.01695
8543207.75179876,1.314880672733291e-06,71180888777.23314
8394331.807458408,1.358866812194948e-06,68422909460.51673
8665698.12861437,1.335178461012599e-06,71467843503.45914
8434008.937421424,1.349856403107794e-06,69051906888.27696
8219582.07976769,1.311119432823192e-06,68615394883.76221
8259355.168958898,1.309178675848401e-06,69015535197.34036
8171416.909975402,1.303080204768455e-06,68493591200.29842
8352438.080465734,2.220006759063455e-06,49080660690.47954
8252143.065977301,2.143026092043049e-06,49645715725.53699
8296841.628273383,2.220339857472145e-06,48749088179.14661
7934334.408156081,2.220644013616075e-06,46614876556.06309
7903287.361207298,2.112151832142407e-06,48009186848.17198
7929163.987552826,2.146677404484975e-06,47648533988.52419
7962378.081201312,2.108565325994456e-06,48422969851.92772
7908372.585004388,2.054832847474482e-06,48929351030.93495
8096006.306563182,2.087590628726324e-06,49564867026.56479
7921958.763314554,1.762642001518656e-06,54290415779.43382
7796342.650993572,1.788034952176314e-06,52922487478.88129
7854701.268343846,1.854588941871161e-06,52035279926.88388
8087753.705811974,1.767347470928884e-06,55328210278.34933
8029016.40498267,1.752201361717034e-06,55242459115.16899
8097962.111176628,1.822930636304795e-06,54266145875.10568
8040803.723566357,1.886900356773325e-06,52658297853.27964
8090710.480255657,1.801044751631794e-06,54655892583.438
8100920.750889537,1.856544029294104e-06,53628734404.32751
8027544.0490796,1.751392769151717e-06,55249327455.62708
8017940.223580093,1.694332807441201e-06,56415312824.42636
8071432.392538997,1.741391330199033e-06,55763885671.15012
7283584.28985576,1.4753030049399e-06,56202762904.82236
7465692.145014204,1.45293459829802e-06,58197728435.39499
7400746.601572451,1.436539575952604e-06,58129573654.38258
7600844.427673545,1.603877352455167e-06,55472925951.88831
7508262.033923428,1.546876086208835e-06,56135259822.24318
7329080.913410237,1.575591319749189e-06,54127810916.27844
7438285.736402703,1.695003625141719e-06,52322975871.6292
7583211.860757251,1.640833184481788e-06,54510090417.23314
7311766.621131771,1.61267229521854e-06,53168968834.23816
7968684.322147239,1.684691008151482e-06,56282465969.05416
8047569.577298166,1.613529917216716e-06,58498768742.16962
7836837.243452415,1.638919977171191e-06,56377047523.90714
7988376.982996104,1.55339526254803e-06,59557606238.67137
7828352.352026608,1.500720572968734e-06,59722384713.35979
7684765.26871856,1.521771561224675e-06,58085040609.51188
8012643.617682085,2.580236884223948e-06,42592791801.08369
7801264.244373327,2.510011806071147e-06,42239082793.92037
7915340.509578427,2.473506940453283e-06,43277368652.50814
8072657.0341244,2.877601180214076e-06,39902131907.59364
8130279.106831573,2.820802402417777e-06,40724617284.5182
8106795.465631511,2.773944308552591e-06,41063004638.18208
7406015.715241669,2.610725896779034e-06,39061037810.79909
7356973.934187391,2.570648779442497e-06,39204632558.84057
7568069.94666399,2.535498664953068e-06,40701418617.88989
7710304.097494848,2.724208383925018e-06,39528587013.84667
7545397.204975042,2.66655212637172e-06,39238770274.54807
7919094.581375703,2.661416514949224e-06,41235091726.81253
7624969.609503952,2.754517449046348e-06,38803815576.93087
7576002.242373275,2.782539113082009e-06,38295338206.80685
7460982.763034227,2.696886790458535e-06,38508289305.4676
7320639.204181049,2.776931457459175e-06,37054324154.98567
7399625.627148585,2.784645734024961e-06,37384919237.27064
7576079.922838909,2.854676705497302e-06,37647828094.09943
7808491.110865194,2.47021518599573e-06,42731085830.2464
8041960.082587175,2.420989162600527e-06,44603268309.27959
7922620.010604445,2.433635889255154e-06,43789006540.97732
7927688.255592445,2.398037233549671e-06,44249593207.67776
7958311.295174059,2.472021154470583e-06,43529746125.22797
8057521.582419843,2.507179501147703e-06,43659409607.20701
7430992.469540815,2.538917137680258e-06,39928329102.44172
7476802.069607765,2.533132093818099e-06,40235616402.98125
7874142.357104313,2.454472522240071e-06,43274409038.16505
7961864.902202912,2.363014448709258e-06,44878384942.67989
8147314.600763464,2.273320859055519e-06,47123838824.85185
7899845.925228156,2.264007937435943e-06,45817704228.21964
8127351.26864171,2.597299193640472e-06,43013129685.93217
8115369.648208833,2.681795481607129e-06,42042758508.28047
8118408.627525517,2.639142276363053e-06,42510450228.22995
7988952.13901655,2.482925389725458e-06,43569312429.98781
8095630.442109481,2.547544564515254e-06,43401307668.49358
8086705.274302669,2.589491053070832e-06,42884005069.14927
7939251.754912239,2.516917928120841e-06,42907532245.08894
7851734.106156993,2.577440259660179e-06,41767631197.9752
8038343.538639111,2.551806262199336e-06,43046194499.23225
8138452.994932155,2.378247395856402e-06,45677659162.00153
7951894.180378987,2.389758319543249e-06,44487152016.88304
8259786.268259633,2.300961971919879e-06,47390997377.1059
7918640.864005409,2.61729131013281e-06,41694868127.9977
7544954.322452027,2.622234546882492e-06,39677313447.51673
7708513.391082827,2.547202555088443e-06,41329641998.12556
7286181.003123629,2.738908200362577e-06,37220451605.51369
7207804.02506677,2.731201745040875e-06,36889302962.65382
7122160.127715095,2.671731690513024e-06,36989901299.01256
7188898.394145701,2.674032696603026e-06,37315093710.22188
7281426.623285591,2.724607038264301e-06,37326209956.7344
7117459.574723103,2.65740908724492e-06,37098190923.9507
7252455.295613766,2.521169590726501e-06,39151675608.27153
7293796.040907357,2.557469983057003e-06,39001374968.41066
7132532.610756208,2.593398517242759e-06,37786000603.82752
7272382.40324964,2.597973902260059e-06,38481635170.85346
7321141.894126731,2.638063015638549e-06,38346174765.84264
7227804.628143053,2.644795767871025e-06,37793024058.81232
7580004.82640613,2.825120069430289e-06,37929595273.031
7641609.853258553,2.866727532875978e-06,37866972338.6443
7464389.586304882,2.796701514987325e-06,37603668882.25314
7537323.626700276,2.3688777239984e-06,42415253481.00511
7661401.734050424,2.417521520779103e-06,42533194597.19791
7406182.156092031,2.448277868110685e-06,40771239827.00939
6719438.190959787,2.412120850360838e-06,37359431155.96278
6745435.969311758,2.343733609739298e-06,38230020023.2912
7057729.802446309,2.442090245208578e-06,38918601140.6954
7340719.374964491,2.176720293479945e-06,43705578307.42756
7703539.174802833,2.125412382172327e-06,46600955824.70617
7532434.646297772,2.256133452957006e-06,43788377036.55975
8048163.398465997,1.778573656103886e-06,54825451246.87842
8028593.667136271,1.816965769138266e-06,53918977550.6379
8164324.651167679,1.755121251410945e-06,56111108621.5386
7912203.502478135,2.024472602797609e-06,49441258042.63946
7966222.055317397,2.078262065257936e-06,48916142451.19695
8111516.239199309,1.96614223451042e-06,51684313696.34479
8020162.48186029,2.250828831985905e-06,46696914670.52047
8014964.166937314,2.17678843562513e-06,47718938104.4798
8248699.43617037,2.232778648151965e-06,48286052132.26039
7916442.793047669,2.370172635178354e-06,44532467330.44603
7995467.008448824,2.299178436465057e-06,45898171442.25737
8223654.312349929,2.281148694952597e-06,47456508466.08146
7773451.463643841,2.383655549575369e-06,43563044724.36594
7648465.624354119,2.334933058768567e-06,43456828659.07851
7851760.516795003,2.31265250064781e-06,44897978868.10474
7931667.512012633,1.995833572940707e-06,50035888738.90515
7903657.661208609,1.866739558802984e-06,52132149703.83231
8102806.323338056,1.918183843855868e-06,52485818284.52823
7867631.843957483,2.252719364945563e-06,45783181406.12363
7664130.241171668,2.275119142461749e-06,44305752113.84699
7836715.704185065,2.144308381587593e-06,47127665787.20354
7203501.557178547,2.126635570278967e-06,43559371541.81312
6984176.310531314,2.055724959708722e-06,43198817117.8997
7562955.410000459,2.075312728825185e-06,46483894481.70919
7973666.280060463,2.162210829457909e-06,47686197867.23248
7902783.94127999,2.213817762550151e-06,46524908772.11362
8150298.275513926,2.223110164208102e-06,47848263381.09733
8094845.156167798,2.077771868117538e-06,49713763022.30533
8021678.967286144,2.128177881312253e-06,48483428927.0014
8198839.042674781,2.189142553463172e-06,48629857674.2372
8052272.777341455,1.977877872489149e-06,51103678704.44315
8072060.902981578,1.898422678533162e-06,52648882126.33376
7935623.454835345,1.919555416573274e-06,51378404788.93133
8028759.683486708,1.795754748424539e-06,54343855045.43863
8072651.345360791,1.78579885658488e-06,54843837517.14569
8022800.403996964,1.871783733324197e-06,52822896115.66342
7988123.256435936,1.850114694249636e-06,53004448778.9501
8007643.632109794,1.811860022278781e-06,53879262468.5202
8001692.195841121,1.887841963656872e-06,52384734948.00117
7882320.392724906,1.980034984385944e-06,49988738195.9465
7956738.142857732,1.89218149072456e-06,52010760693.14182
7970280.411357629,1.92986460446313e-06,51418851725.9658
8188995.653992128,1.869172865030545e-06,53967337871.57577
8199670.272459792,1.77788318618836e-06,55872002904.14159
8063644.567175644,1.839621247747136e-06,53708839074.41528
8044837.280146783,1.626870050092814e-06,58158788986.59387
8114987.215859248,1.567992284118664e-06,60125480367.37138
8118877.698300176,1.587720825337169e-06,59654961781.16284
7303212.005944669,1.492000639621325e-06,55932972723.21761
7480044.443005192,1.503359276366253e-06,56998355245.24874
7485563.553233457,1.469725261400811e-06,57907355132.85188
7152979.955861833,1.545976417136783e-06,53499751514.06044
7154969.085554725,1.50588334609901e-06,54460322409.8738
7068134.891599863,1.49638486996275e-06,54026805620.63299
7240259.470480921,1.552844133246116e-06,53992763109.26429
7418358.105724838,1.524076763780628e-06,56014857171.51009
7242260.698058838,1.512792698854877e-06,54956770962.97775
8092899.953966552,1.709378107224862e-06,56608121923.61654
8039336.577599663,1.662142384315363e-06,57293857292.67175
8113351.736634119,1.623122965357275e-06,58744339154.30362
8032413.426583339,1.70494940415216e-06,56282285273.19151
8091163.129132287,1.720098586481735e-06,56360572758.62634
8111612.718478809,1.633926205432059e-06,58472578917.63485
7752600.713985723,1.874904274644008e-06,50987222035.10083
7694623.338513472,1.808487029985023e-06,51837466350.3212
7515813.65086992,1.844262516477912e-06,49975925304.81589
7712388.485036115,2.064512460597767e-06,47567525379.55856
7806720.859825094,1.958219315078336e-06,49876323240.33706
7766291.940648592,2.004443677973234e-06,48852239041.46843
8055675.149759006,1.848380084388341e-06,53486119588.21932
7986910.079188015,1.777790282881061e-06,54424165200.33835
7919376.841945662,1.869578689379025e-06,52182935937.42477
7908333.095443038,2.287487797779853e-06,45552522285.78189
7832714.28640408,2.172440419826733e-06,46696074019.466
7829490.083995501,2.204736697852831e-06,46219898889.92992
8021330.837434542,2.021158073258517e-06,50177949327.99644
7904906.66939286,1.962960647416119e-06,50422265085.93201
7948498.395980682,2.071640373014813e-06,48911259553.19905
7758516.956547911,1.912450930034606e-06,50356072071.88681
7521638.860508055,1.881855419563145e-06,49346343198.98765
7718213.210475864,1.958775428913345e-06,49301523486.92287
7344680.542637726,2.346272489854598e-06,41596227537.22472
7215233.213958363,2.425677247515911e-06,39966399943.44363
6899434.757427357,2.327207964683196e-06,39287710037.61603
8263366.527673998,9.544549065170486e-07,85241956011.75481
8452656.499913145,9.766397629243032e-07,85869108156.0932
8399922.282506004,9.73654689882193e-07,85507713713.56358
7659867.059108081,8.423899872784382e-07,85877442345.38948
7414546.744962791,8.582472820558134e-07,82099967089.78221
7638343.845423328,8.76692906606373e-07,83387485110.00865
9766766.058849629,1.09920227143102e-06,91699233858.21043
9449133.816253135,1.11429203040244e-06,87914258301.52678
9287585.269314274,1.132864996840743e-06,85464162648.84802
8622668.022404822,9.91143420515271e-07,86739583197.95169
8945949.735541234,1.01231595637855e-06,88732434828.18474
8569405.287817659,9.880682859079227e-07,86382554573.41052
9064182.138566084,1.055566521797875e-06,87432229305.9465
8994835.183775395,1.031615846735707e-06,88101074830.35486
8889745.136074422,1.058768369191647e-06,85576661135.69164
9551373.590712721,1.100945569916162e-06,89582243243.43207
9870705.437944006,1.085790662174039e-06,93436692539.19614
9696343.700663868,1.079446640175039e-06,92145447181.09918
8718888.801769326,9.970409480371333e-07,87361310894.72185
8956304.492834823,1.011754039628148e-06,88868029818.59367
9043952.71813255,1.018262463538784e-06,89354917904.8869
7921650.262611967,9.032539263451327e-07,84776553965.28415
7952980.79143384,9.376388596091482e-07,83018115014.14323
8067956.6701381,9.325725683396805e-07,84523044680.91718
8068298.51276836,9.571747044140344e-07,83071964859.59204
7971366.035537104,9.442956012785539e-07,82818515335.96199
8605170.681564951,9.890224329558458e-07,86687283540.12061
8179323.418847227,9.497073762965863e-07,84655953742.76564
8063553.882270214,9.548615855742014e-07,83157140014.50543
8367653.802260405,9.719683339168397e-07,85277728993.01952
7747279.910948222,9.088508260362975e-07,82569725960.39214
7760931.742142917,9.242403914051464e-07,81794462146.05836
7856580.104713761,9.371736909166193e-07,82038960849.44528
7761301.105817324,8.465282930781043e-07,86730838939.69888
7739635.752768815,8.807550721751943e-07,84233288012.7139
7817757.595694448,8.746636741484559e-07,85478089496.71466
7411933.284362138,8.748443791955248e-07,81029712430.46471
7649244.433170293,9.086679159334436e-07,81535813737.66302
7635691.232869381,8.932667521128189e-07,82324211288.10863
7637920.738945249,9.266853624650906e-07,80356364207.0162
8042826.050306282,9.586067317419551e-07,82727206521.61017
7775774.842193782,9.320642852017281e-07,81491647609.69206
7918088.162115036,8.62746342021726e-07,87370518948.1864
8142792.451415031,8.329575741546116e-07,91979584686.69026
7861269.900692656,8.345782174177058e-07,88684558890.44623
7930094.327773259,8.91701925055257e-07,85598315277.18115
8076478.335359259,9.210285784373218e-07,85317861589.74548
7986850.750220655,8.913661149173561e-07,86232601559.60007
8235583.4545267,7.695666338117164e-07,98068655060.19724
7961444.758136218,7.836413112375299e-07,93665647047.41107
8088814.576094623,7.846961222178833e-07,95078840256.52797
6533560.153964402,1.680827028224511e-06,46216942581.71788
6629749.569347215,1.702881640198573e-06,46491563148.5181
6434974.828416953,1.623834727632346e-06,46578514711.8234
6959116.149943271,1.53265172386129e-06,52351014201.56613
7002216.056705054,1.484152836342722e-06,53816620582.44205
6949348.748337592,1.53389851224494e-06,52249205326.56953
7774992.906950913,1.742183847541087e-06,53699554106.50072
7900437.593603198,1.71678786767805e-06,55102764748.8867
7769158.682250649,1.671172266985561e-06,55168754398.11979
7268656.327703308,1.683475251677039e-06,51362912767.98444
7376462.148716907,1.735266439789694e-06,51082327039.07406
7388424.470303707,1.728060950013756e-06,51307296799.15298
7474836.247852886,1.898467275861585e-06,48752804772.68396
7569253.295993163,1.978470297546345e-06,48028609740.25377
7670802.012411896,1.975265516071839e-06,48725591385.81969
7035471.502000239,1.483029467177553e-06,54099512876.13161
7084841.333793963,1.466655246347532e-06,54883875252.37646
7059096.222281647,1.518495748273067e-06,53432650164.97803
8020661.565234643,1.381182721796844e-06,64670978734.7285
7659867.419571832,1.391095326010219e-06,61468128682.43269
7585316.785476722,1.405446809574271e-06,60454798821.30474
7670708.792725089,1.344081933431362e-06,62982273476.2004
8055679.670081359,1.321038336434536e-06,66910135247.60023
7738116.664564664,1.337127218252637e-06,63755861755.62611
8125262.998893683,1.35583657641901e-06,66328350436.50422
7804084.659463137,1.34915870274435e-06,63916543241.90242
7724034.892884608,1.374828312115333e-06,62471017888.44474
8337354.505452828,1.344621176739387e-06,68437631390.00871
8567721.302872105,1.329959754255208e-06,70844531341.09793
8011969.363072157,1.337932339310203e-06,65985702667.54228
7124926.416886034,1.435827938793381e-06,55981618504.65458
7208117.131192811,1.407838783737769e-06,57383436330.07099
7087015.373228317,1.439567365792428e-06,55587274362.36911
7729393.218515036,1.478889438380844e-06,59546320439.84624
7592279.104773892,1.466384513480035e-06,58822063390.38096
7586720.785820458,1.50006964736073e-06,57895723472.85669
8166923.209344786,1.22312496044427e-06,71407624561.52066
8141179.430978532,1.229476061180078e-06,70937183619.52634
8287804.657457151,1.210334065466747e-06,72974198718.96561
7641186.646760842,1.23890661838643e-06,66242252647.14803
7853106.618795838,1.254939112034472e-06,67498334537.24788
7851692.013643868,1.227887167300511e-06,68473776688.21104
7796893.614014442,1.293816819600427e-06,65665876671.8453
7937490.002743716,1.291333701089518e-06,66935657599.95335
8005648.066663221,1.273942497018663e-06,68123446359.96127
8293702.354744118,1.286821986341461e-06,70102923589.85506
8205075.061940607,1.275794558740467e-06,69752866775.84157
8076267.836365137,1.290307240577407e-06,68142064978.1836
7904534.995056085,1.315518691827369e-06,65838254902.78159
8208615.414863192,1.30752377382405e-06,68649415851.14932
8259456.718145257,1.298236479812906e-06,69403644420.11501
7406270.96559159,1.33126516257906e-06,61200722929.88289
7606001.744143954,1.324944514718451e-06,63050900411.87548
7559951.49329992,1.321685504247745e-06,62772138513.75146
7277280.194231731,1.340028216154756e-06,59872372518.54069
7324508.025151049,1.335036602441472e-06,60411044397.16553
7477342.273426163,1.325477644830775e-06,61967739772.25235
7173692.242232503,1.347313108239606e-06,58807184107.34349
7061768.578662307,1.354645568091605e-06,57680590023.81586
7220583.283262586,1.342335134489505e-06,59337827696.61439
7157041.306842355,1.365798676101331e-06,58140094341.01674
6993046.67284255,1.388838558800856e-06,56177867549.12566
7224422.373659055,1.375194807593415e-06,58419833250.03668
7537430.073831776,1.331231466987706e-06,62285589570.88005
7338607.67006467,1.337527597685961e-06,60452161787.06499
7288361.30940569,1.346754863687586e-06,59763706679.16949
7154327.315467562,1.353501167844144e-06,58469545190.0302
7143027.694171761,1.367074605204594e-06,57990144374.0465
7042555.413667429,1.360821896135993e-06,57349470674.45435
8398822.474111212,1.282572593298678e-06,71148175017.30392
8495189.309631113,1.273213344305333e-06,72316756647.73952
8309633.784225402,1.271501597865904e-06,70800655318.3187
7216440.333388315,1.399369025443236e-06,57681275325.6354
7158055.41905135,1.401926947776557e-06,57144986429.43357
7095268.381508876,1.431098620409426e-06,55871344027.82713
7622925.764085679,1.355242220180698e-06,62245850954.04489
7398544.339695297,1.379968859888038e-06,59689795367.76096
7543812.973240678,1.380834649313917e-06,60836347035.53048
7385978.455621946,1.364571240584509e-06,60035835720.73299
7442356.540776928,1.361573358471827e-06,60582860487.71841
7260887.888079869,1.38108266734312e-06,58547714693.04825
7596534.337463704,1.350343698931731e-06,62180272899.79812
7439071.552219131,1.361129329200609e-06,60569288841.80278
7372544.57035264,1.37506398705185e-06,59621395196.13416
7806714.544019064,1.333178252086764e-06,64448006128.54025
8054746.33019457,1.321151978991083e-06,66898546381.38654
7806236.531399761,1.329269605950367e-06,64570327624.71326
7371373.954886115,8.781255067128718e-07,80385437979.67638
7471687.577916959,9.065425129875737e-07,79767611299.74759
7608040.032679674,9.11991999260023e-07,80899425385.74953
8509682.639560709,1.536281486021812e-06,63914515221.84873
8585127.535392497,1.57377657332056e-06,63452884140.30067
8499061.12205126,1.568360699120312e-06,62961294970.35265
8530366.473065145,1.448677955043536e-06,66627439208.62314
8755544.946273867,1.484354646554277e-06,67286003050.05973
8537061.434440222,1.477463550558707e-06,65810808013.81071
8622483.558138955,1.591579027318402e-06,63252870103.82154
8658936.014972748,1.607517892720342e-06,63099703718.79445
8536229.628724704,1.586175655447536e-06,62762259364.46104
8502051.574552769,1.507440185295342e-06,64669128671.54877
8656323.476678878,1.554544772219103e-06,64505684396.81812
8453595.871549139,1.528415715023793e-06,63710911629.4615
8700428.96975279,1.598258599153679e-06,63646710990.30827
8642182.865769546,1.615493041213531e-06,62770182382.57001
8532270.689062072,1.638959310932576e-06,61378910778.6373
8847191.769819964,1.372625979667218e-06,71631486656.85431
8981044.252264939,1.369715605318995e-06,72818193476.34311
8778620.392381199,1.392320978912871e-06,70404436184.72372
8519601.261432927,1.824024263953074e-06,57068815911.20746
8296325.353868357,1.858351953663257e-06,54886701195.18917
8286372.924256717,1.855424943331803e-06,54878497712.11698
8782317.553727934,1.725985939738515e-06,61035752138.26711
8701775.707729382,1.773460072015571e-06,59391862059.79718
8706341.17596964,1.735312888301161e-06,60290722317.41078
8067980.215785331,1.456276981829483e-06,62796509031.76996
8413892.556228759,1.517750652821969e-06,63708396792.50629
8305331.141857356,1.465913765064747e-06,64360291772.22459
8663858.398430172,1.610869244760572e-06,63047976456.85697
8642140.001937389,1.604976665892791e-06,63043766097.27549
8541117.014988519,1.58952018620216e-06,62710073058.66112
8108538.824914693,1.430481849616028e-06,63868644537.73225
7899055.136821895,1.382201267720288e-06,63659167372.48541
7899844.654711474,1.363296916623528e-06,64252729710.66502
8721756.096840218,1.566484251846691e-06,64662612752.76966
8405986.676798217,1.504164747175672e-06,64031217552.62624
8565700.502406906,1.547427324900023e-06,64025951946.80584
8135909.607615661,1.452762694185436e-06,63427315226.16637
7957742.634586544,1.404566536220998e-06,63449520520.18814
8167997.998819002,1.452847777287352e-06,63674989273.29401
8665673.142694725,1.263690196200605e-06,74138175351.41855
8408077.840593373,1.248564513860252e-06,72514145229.74753
8514850.444753969,1.225371143913481e-06,74358723389.03139
9556212.266069341,1.784483501096712e-06,64954727219.84665
9251719.160656851,1.831503905423295e-06,61804088880.53695
9299846.226620825,1.844859969707802e-06,61825384957.48209
9662547.582947953,1.712076222471829e-06,67516447301.62908
9294728.658413153,1.703280963934617e-06,65169719854.34163
9389712.818292439,1.73402585097653e-06,65055187249.21696
9697961.979153963,1.74237458648068e-06,66976038830.33218
9764507.538835311,1.721899321477554e-06,67969150466.71912
9490226.784362542,1.743755682339564e-06,65506767134.97724
9268381.857613649,1.811926781974731e-06,62360581400.57347
9573146.822731253,1.764800326360726e-06,65552763176.7636
9366760.018503217,1.766298738998141e-06,64103236078.74261
9348712.660637608,1.836963962073688e-06,62328219495.64453
9447447.427819351,1.799861655039764e-06,63849142265.13914
9605746.787751924,1.776613226108463e-06,65484101596.34239
9750949.203048827,1.679162838849488e-06,69021599240.57304
9559736.706009207,1.652866031633578e-06,68383946616.39759
9426912.247828683,1.641914924654744e-06,67733320099.60024
9060995.681237435,1.825598151783648e-06,60660473848.46861
9079906.309327742,1.77859581597753e-06,61853344814.0518
9432262.982695866,1.766650722528453e-06,64542943947.68917
8926330.102501368,1.628127182659494e-06,64498169890.67365
8738208.347246403,1.614625280978547e-06,63490375659.37799
8760047.048342101,1.620489601416935e-06,63495401394.32491
9740695.842269601,1.682762780976129e-06,68850650946.74298
9416830.738008913,1.645553355893997e-06,67561111406.48881
9519159.851351032,1.667400962096586e-06,67697389385.60874
8772789.242156418,1.567223250421276e-06,65020522029.76669
8768894.488095332,1.550324156829244e-06,65463090086.08412
8456088.843027728,1.50487108757709e-06,64392705349.41608
8686938.794332119,1.596965994119632e-06,63582312033.27061
8792857.500161529,1.589678890519121e-06,64554090003.81806
8636164.234236274,1.570631379232606e-06,63915282503.53439
8766258.781926628,1.610244816442563e-06,63809647740.72599
8954680.63256892,1.623783640479795e-06,64818353303.18958
8872658.496234782,1.602989055425311e-06,64778873984.05662
9372883.628814565,1.65659320791784e-06,66946720525.34824
9271345.91229954,1.634714688787137e-06,66811026051.5275
9155591.011917138,1.639397609561227e-06,65851173564.49968
8651681.830733597,1.529524629982654e-06,65172276263.61526
8308566.130194029,1.484007605243368e-06,63860943376.96009
8340992.883144912,1.484062818740064e-06,64108590364.30019
9383729.553925373,1.629441148527668e-06,67766703970.30324
9049694.063074823,1.585514675178606e-06,66555975541.6863
9252137.808322975,1.61851523696808e-06,67116746840.10762
8484057.445964053,1.553684163304808e-06,63245326822.75286
8064322.410794825,1.551310589723677e-06,60177671292.07912
8008567.957654401,1.502683039989212e-06,61044040994.80927
9301162.761550017,1.620384265966024e-06,67420489163.23935
8926388.823241305,1.582248380424836e-06,65739444063.90739
8968613.44111893,1.576437952843375e-06,66212611574.48334
9328134.125658391,1.638994801321833e-06,67103174268.26754
9074788.403561071,1.650870067669837e-06,64967264157.14235
8952811.616202429,1.600853674751659e-06,65422181473.57929
8785865.620791113,1.700075256565456e-06,61679255858.62257
8588059.427086849,1.676675389794025e-06,60850251997.08646
8838621.6663692,1.702557984954526e-06,61989281595.70896
8744566.804518536,1.771275737080252e-06,59732980335.31487
8825305.984881684,1.723715614866221e-06,61388359532.17001
8878180.133625394,1.726271327926292e-06,61695181687.06368
8681484.450583106,1.71554218583871e-06,60579598462.74808
8602588.100538608,1.694041609588495e-06,60535910665.72981
8757352.529765828,1.706115888814693e-06,61333885914.00762
8361394.749116949,1.843060096755544e-06,55622742274.9197
8598620.893880991,1.808894181070457e-06,57918862938.20075
8595669.180143163,1.811602114384876e-06,57841269098.74673
8160830.111316103,1.911614176156429e-06,52982710874.63597
8197206.126530542,1.877316277194311e-06,53865110963.14548
8207104.880093792,1.880259437012129e-06,53873864793.57643
8222460.32634944,1.91784366622901e-06,53267173383.79134
8167126.006488794,1.92159778032269e-06,52839771459.61481
8213418.596564376,1.890374108898975e-06,53722817789.47069
8256225.324526932,1.987425381728901e-06,52230115032.66422
8341362.394028277,1.9896572721519e-06,52729235412.25191
8199298.914299483,1.955516666785683e-06,52432718039.73989
9090947.165018436,1.820019078501312e-06,60985301239.03592
9188381.593069151,1.774334612427852e-06,62692464125.60923
8862066.807484457,1.796921821797075e-06,59958242986.69944
8540777.451752676,1.672209044853362e-06,60622944531.04391
8630485.062909558,1.651473384682388e-06,61771405910.28175
8498212.688240184,1.660932811698263e-06,60593525223.77564
9756328.570887556,1.740956180449567e-06,67415722177.45172
9722233.571632676,1.738060365377697e-06,67254726852.60903
9823073.738534143,1.720478018711283e-06,68414472898.89571
8559163.090257557,1.661065221931454e-06,61024867448.26929
8669247.789978743,1.637656231318491e-06,62397365711.22156
8809306.472753169,1.686965359230107e-06,62163807855.14323
8562139.709626455,1.683114238280598e-06,60511778026.19254
8519521.681255208,1.671874096236633e-06,60480146321.54185
8716541.49156253,1.695220231739441e-06,61309360179.04013
8960992.479378,1.694837067728097e-06,63038249325.72234
8652829.399516147,1.691228387395106e-06,60956960186.60674
8731955.276458336,1.712719017610372e-06,60998724791.00684
9000016.066487039,1.683241913931287e-06,63603194205.04874
8886552.774233511,1.666225788383114e-06,63228190991.51778
8691176.853039891,1.679593398695247e-06,61509540295.50507
8672354.720941352,1.634145129600628e-06,62509105468.26708
8707992.358507449,1.602926559580308e-06,63578306540.39202
8539760.646129442,1.643622705176848e-06,61316535775.05752
8813935.50599486,1.658096044311439e-06,62916334518.18961
8709482.238873497,1.650762106368713e-06,62354721501.73057
8619363.933851471,1.671498500876133e-06,61198093191.69952
9328094.641488221,1.670737406667355e-06,66250243606.74535
9045419.298823074,1.663994814634034e-06,64416045144.27037
9159889.097788375,1.681037757706743e-06,64789590755.04682
8744530.609705519,1.629547098029924e-06,63147848376.61823
8740851.889101097,1.640269346548208e-06,62845904638.26709
8845492.535917811,1.647618652820489e-06,63408997502.06191
8698809.531996612,1.618205904222998e-06,63110840984.98976
8662273.153223665,1.602274992768184e-06,63261648504.63513
8695140.442167386,1.628945533181446e-06,62806639799.86655
8432159.340236021,2.339981978311794e-06,47840656379.65602
8561871.131657623,2.352402723265322e-06,48405447315.76452
8733429.417826075,2.292058160586173e-06,50238237222.06724
8281090.600675742,1.855097584030828e-06,54849966028.05443
8504162.772095403,1.820642940517327e-06,57035910183.43457
8225554.496096678,1.842285785391516e-06,54734419513.86922
8423168.498286482,2.055127690629668e-06,52109425023.17069
8397526.636702115,2.014564500151245e-06,52645825380.56055
8312102.690787374,2.012323229907001e-06,52148970544.9353
8843708.33949561,2.224901323920989e-06,51891223225.77277
8772697.31247793,2.181201061629307e-06,52159811280.24516
8767580.521885343,2.175226232186331e-06,52224802766.80158
8781566.049215226,2.19118383549668e-06,52053838685.16805
8904364.955137795,2.240869102563583e-06,51998636929.6
8751615.570945986,2.209473032254466e-06,51589631870.96174
8696701.175314162,2.146341167994264e-06,52266334538.84676
8701797.244241688,2.152336859130165e-06,52199795036.79823
8560686.251663463,2.109435258200533e-06,52047249062.55904
8886407.425541541,2.243411782140456e-06,51854552420.92422
8938258.034565581,2.249298538525029e-06,52066072716.12699
8815224.832560474,2.199761415521737e-06,52117431795.31291
8504965.742862266,1.911747152272106e-06,55214388583.02312
8271129.082194019,1.885210996938834e-06,54199026874.99213
8234589.232473589,1.91942746079265e-06,53316398355.44718
8905480.78750499,1.977192750143229e-06,56531611383.32468
8699930.445058495,1.943334744067666e-06,55866402194.62204
8570457.067160133,1.985085942183529e-06,54260581181.98241
8981379.262729891,1.847745146749777e-06,59646045552.65749
8753891.186444391,1.824714488566787e-06,58623426212.47847
8751746.231668876,1.885375922506328e-06,57345068854.25709
8865357.720032843,1.724133855754862e-06,61656984078.43987
9190093.069729868,1.737043020453232e-06,63598400493.60564
9096126.56752794,1.706315040885104e-06,63701601169.74135
8762059.190971006,2.108735505876736e-06,53283340256.07214
8850047.250489453,2.100442423449512e-06,53959974429.24808
8974707.164915303,2.033511511185479e-06,55914253376.20724
9247950.383263126,2.207828099923683e-06,54542535130.92234
8973460.075442674,2.155493189837319e-06,53776867153.04799
9109334.539546028,2.209516477281926e-06,53697634610.65562
9483894.391439533,2.155707168712995e-06,56832077489.3581
9327532.852475254,2.132808614954937e-06,56294443441.44061
9362324.088894054,2.099303896531158e-06,57104034912.58517
8786956.15499834,1.777417997545526e-06,59884175866.90418
9111897.680860002,1.754781167045391e-06,62631602606.37306
8788559.265301375,1.741939533161752e-06,60705629739.0813
8675999.253960837,1.788330062653039e-06,58887220300.79009
8678964.726934291,1.785755094303712e-06,58963962070.99422
8680557.956144342,1.750281477408732e-06,59768961481.52744
8361666.256747464,1.862395005838888e-06,55238892635.71977
8596770.346404076,1.889046763222183e-06,56256604944.86989
8598896.226095486,1.828337369833007e-06,57509353281.72053
8685204.986147046,1.571768229215715e-06,64247229179.04197
8616833.005384177,1.576327618113673e-06,63618489478.26055
8482137.464019785,1.545649242671769e-06,63449958571.0927
8718475.778543623,1.596238434388838e-06,63832529745.57835
8776977.984183185,1.578978983215287e-06,64728286340.68331
8837511.470269252,1.56189819341948e-06,65649009123.08468
8705803.421343947,1.622110554915487e-06,63060182458.7935
8672915.966679426,1.59544437482192e-06,63520029880.67371
8741509.648386788,1.590876754993476e-06,64144892815.81158
8902252.244539313,1.64657065460142e-06,63842955210.53644
8967635.12156846,1.636105509271098e-06,64585802150.2534
8800965.982192885,1.628479377575483e-06,63583168622.4214
9687688.604862206,1.698444175681637e-06,68053842650.15726
9489043.87742625,1.67936849224668e-06,67162232051.26994
9319386.836789349,1.68960184854612e-06,65694814170.20594
9819601.246731512,1.700193424035447e-06,68933177455.10254
9842296.678474396,1.696427866934442e-06,69194703595.12358
9619601.685583031,1.681056201415015e-06,68040725287.70311
8260716.009331719,1.58500339352288e-06,60766500700.45604
8685466.84775296,1.58734902899709e-06,63828045578.84555
8805614.832705291,1.637381692885813e-06,63385958912.00304
9142236.000110764,1.60949741089559e-06,66566987985.05447
8941004.883993281,1.576503504428963e-06,66006955998.01174
8944937.670003841,1.593373081074773e-06,65569066616.37114
8937631.736474192,2.669910961944005e-06,46439899425.37941
8663792.361741723,2.685502059675481e-06,44842626520.905
8935119.62995724,2.634366201978292e-06,46843529216.23
8325315.281404365,2.789730581475371e-06,42010628656.6946
8375689.404211753,2.803698479849897e-06,42124331962.01351
8470985.371692425,2.743295652910574e-06,43226710572.40147
7933104.45698831,2.791905504826115e-06,40010688932.43572
8213880.58148797,2.786794197652413e-06,41477424943.06576
8358576.729158485,2.740118688175236e-06,42686061299.60618
7570640.222139926,2.84178349993294e-06,37734501375.29482
7288124.677267719,2.891647266184127e-06,35907534255.27767
7463654.887752154,2.88346362720699e-06,36841889716.67086
8361327.645066851,2.82019501347664e-06,41887954040.09628
8301342.547832311,2.856635327940158e-06,41233018905.79441
8423005.357236302,2.759841207826878e-06,42809913170.40672
9161214.735828523,2.633871335584882e-06,48034878041.58412
9041986.964314587,2.666996373052679e-06,47016351713.79527
9199881.522619044,2.622012809592744e-06,48382951913.64462
9111940.930020183,2.60207185731186e-06,48164978630.22366
9050344.160404127,2.649079378125865e-06,47271760864.52972
9047816.262324188,2.613442187104478e-06,47687201963.27558
8414076.92200987,2.759912484985294e-06,42763798119.73347
8644799.737053504,2.770896796805384e-06,43820235098.28194
8652513.133305915,2.740700329208663e-06,44180900743.46267
8478470.644899238,2.710377885409903e-06,43614505960.35046
8365666.062639462,2.737936976996484e-06,42744957850.20959
8574089.071384594,2.691824116612736e-06,44308822037.50854
8520808.944325339,2.830454341301083e-06,42583699828.24503
8735668.548904279,2.835628908405954e-06,43604356740.68192
8682994.662495807,2.804132352694033e-06,43665375107.30148
8334323.369995599,2.820445144294038e-06,41750201452.05551
8363627.94143455,2.823791831114637e-06,41863890568.7196
8295219.403138947,2.786518203113418e-06,41890925400.7411
8403623.988131212,2.846285287788325e-06,41842182249.961
8573493.724963726,2.889985348769142e-06,42256553606.98122
8433050.035683095,2.849728865124161e-06,41954863860.12814
8407438.759342978,3.033067026431908e-06,40124445225.731
8466305.968968472,3.052010841681918e-06,40238017789.00928
8281267.196048816,2.982369369387588e-06,39968928949.98058
8185887.852176426,2.934449410513709e-06,39937545715.40287
8052440.306631793,3.014513375697612e-06,38587742393.29784
8154596.021759287,2.95490334207485e-06,39601071003.53741
8189300.352772863,3.128219514299584e-06,38286763218.57747
8443009.955170175,3.088345443528491e-06,39811944203.96986
8384223.932652846,3.069511089390046e-06,39696303266.42729
7750155.339534376,2.474161132081027e-06,42366743876.52025
7897553.752309999,2.392656921099395e-06,44147451377.58866
7587662.872834794,2.472627371661993e-06,41495618751.49477
7521445.007249499,2.013277183106105e-06,47173587318.21304
7379224.155416409,1.963455840740692e-06,47061230398.94519
7683969.713419328,2.004611507489612e-06,48331710449.9483
6833627.525513924,1.796414471477749e-06,46243099987.88588
6976617.710267702,1.883797715542905e-06,45739219431.72382
7011550.980856865,1.888556097929818e-06,45890998054.73829
7237586.385518857,2.002216967533081e-06,45560274854.79948
7268644.903892161,1.962866623871602e-06,46365284156.87312
7409801.233212526,2.01267952951696e-06,46482570705.1496
7799832.906250468,2.412238764012171e-06,43364908819.4492
7599936.710622308,2.457147191430892e-06,41737124710.08851
7910075.622112573,2.377188146982047e-06,44409061781.75116
8061643.304247686,2.321649625179549e-06,45978958154.21318
7915469.13527444,2.378354389742495e-06,44424813641.92305
8026523.188063059,2.343340835601127e-06,45495714600.10072
7842475.661982881,2.476107019032568e-06,42848955389.16404
7710647.265667766,2.571427664261385e-06,41081027261.97952
7570933.900325323,2.515571208268965e-06,40931567595.85102
8088857.375712482,2.411810767906437e-06,44977125010.44363
7877558.447570533,2.469616717904621e-06,43116013228.57993
8035422.758604301,2.430758749408223e-06,44447515730.60365
7977236.280635216,2.305747282592772e-06,45706502022.80344
8098144.311802712,2.361447841729231e-06,45666732662.65138
7981426.375157768,2.342714931383157e-06,45248155624.1685
8079423.53491216,2.299291296610236e-06,46378608192.76573
8044264.668499242,2.321014498658e-06,45888209830.22506
7986060.195957534,2.288964447427346e-06,45980449717.54379
8954593.502125058,2.672494274679798e-06,46498044270.42176
8856771.14871276,2.680944209754193e-06,45893400555.93771
9085894.314317735,2.751290267625002e-06,46274678089.8671
8228177.456210822,2.267014240662801e-06,47679769880.99579
8176416.911501358,2.281875789998887e-06,47173890437.68153
8239831.637698465,2.362266586591917e-06,46454993101.87522
8169165.311871472,2.257482719228421e-06,47470965143.20512
8218643.037721757,2.249386660895961e-06,47873007057.86872
8199442.864297763,2.298561235699165e-06,47077525266.46279
8139220.486268092,2.292874762320594e-06,46808988591.54448
8149333.524606071,2.268353392730683e-06,47204305832.50632
8179574.33722228,2.309442344108739e-06,46815818500.67888
8082298.443847395,2.228136921885993e-06,47377662820.68233
8218594.662204975,2.21067962321083e-06,48429913083.52979
8145702.82097735,2.235640675509805e-06,47642428765.6744
8082188.519115955,2.223232607909532e-06,47446666714.7021
8145261.405215251,2.216019250967795e-06,47920647113.02305
8218483.814484896,2.205785037214107e-06,48500875691.09998
8157991.465389358,2.418581116318896e-06,45276843432.83209
8269853.596731901,2.481480152943529e-06,45118773342.76833
8244461.442880633,2.432511623051029e-06,45581891379.07236
8151527.204846907,2.308985987074575e-06,46661437873.99261
8128531.405716953,2.375453754735386e-06,45657735517.53353
8214845.524142739,2.389376075396492e-06,45963143932.81468
7605809.568374336,2.086460234458023e-06,46580631588.05901
7425388.831782625,2.068995915531821e-06,45731219031.80557
7591624.472986041,2.082698796923405e-06,46549720004.09612
8027885.287331103,2.14018184084069e-06,48339339081.95901
7971616.567786703,2.13243825675875e-06,48116654559.20405
7784534.021087909,2.106132063635351e-06,47377872452.70764
8255661.317385894,2.189379204181613e-06,48963359583.76771
8182273.108776838,2.199631424259888e-06,48377196204.53539
8230165.0651108,2.157651385143759e-06,49289494171.45383
8183366.350456111,2.235457898837476e-06,47865323368.7318
8256426.138550037,2.210475046741379e-06,48655845336.46402
8232886.998057871,2.227366965985854e-06,48271519691.19736
7665667.080418056,2.054616690575804e-06,47431050785.1058
7768381.084025146,2.052764739647381e-06,48095495414.019
7562353.817732402,2.017055931315435e-06,47370906843.28975
7353788.410289985,2.05614176374483e-06,45478810117.037
7530823.334144783,2.060720542771427e-06,46504651331.59772
7306589.072323482,2.044157820427901e-06,45363344666.66184
8079853.179596297,2.110697184514722e-06,49104298973.91859
7897871.943854839,2.076169988535729e-06,48529015600.74245
7794302.573443851,2.078032036954033e-06,47864012343.6283
8307614.103401375,2.184871494814668e-06,49339231705.58595
8803333.642921088,2.216383468613202e-06,51786579512.31026
8358726.197725919,2.245661742916712e-06,48742807395.5044
8822542.199484142,2.638674427257415e-06,46202967729.88156
8892934.775160305,2.675493391227753e-06,46143356828.52216
8792219.357778057,2.659074671358054e-06,45808368674.41255
8353101.684242488,2.477084147415527e-06,45626861350.06024
8378660.463134904,2.526049139181792e-06,45173117336.47146
8594541.718721572,2.596865166882498e-06,45490752757.22784
8987147.299701255,2.524770434542034e-06,48470101509.19537
9186576.323565915,2.518677907439789e-06,49625542303.13459
9193881.891387643,2.570563501880993e-06,48994428447.28001
9274480.435889238,2.807183774563918e-06,46606056725.45374
9434623.605050422,2.837112309108246e-06,47076795543.0778
9317630.662796535,2.795799829181953e-06,46949911249.70967
9446908.568906041,3.039317311965439e-06,45023475472.13833
9521045.44668393,3.084543387869418e-06,44932168876.86817
9414934.235118372,3.043034385862784e-06,44834539920.44788
8321928.478816284,2.961240398879763e-06,40356008229.37498
8507418.462013258,3.031186820615291e-06,40618385714.98728
8571914.186569629,2.949165444479109e-06,41681664820.38329
8851097.189677313,3.448549307452003e-06,38776875856.6647
8605448.059527112,3.352347217666553e-06,38418537198.44485
8388059.602707614,3.403113054370515e-06,37074666786.35138
9222721.049105046,3.635864593948013e-06,39005029063.58717
9056049.099039981,3.543340113435223e-06,38964000589.72546
8785675.840493716,3.592142345945821e-06,37457559947.84821
9194811.42139489,3.386544216834714e-06,40772905411.78056
9144771.063677592,3.336970284578253e-06,40951638042.96878
9122821.82477707,3.442528965837614e-06,40013891553.19161
8779588.78477197,2.962498187223065e-06,42563315100.32196
8714314.989879869,3.044503666836396e-06,41484792264.32027
9155411.38039762,3.014895917586077e-06,43869529918.61561
7894979.128181656,3.27117209069894e-06,35827408159.91399
7760791.014883919,3.318078549127437e-06,34885761993.02856
7535457.755707699,3.384393704857817e-06,33428923171.53275
9092959.874876643,3.032711323807367e-06,43399483342.50098
9356603.449704325,2.945394625378257e-06,45536106799.17791
9311030.947230548,3.013879304810999e-06,44625236683.76553
9486816.315553246,3.114485485352338e-06,44483226904.04228
9310896.463099597,3.158773810178382e-06,43249306200.01022
9380896.550962139,3.072900453586175e-06,44382526295.77372
8468734.414974293,3.067115426700178e-06,40117306488.34409
8221767.883544245,3.006967682767672e-06,39465054291.70055
8695992.730371375,3.055734484476174e-06,41296073276.13016
7848647.261660012,3.129633136142565e-06,36683085407.08465
7751694.702315629,3.043838546884392e-06,36907581273.78783
8178302.485541149,3.154770223907759e-06,38020516649.95299
8596761.791246297,2.90721909330168e-06,42203621376.03455
9174919.056039397,2.918796401011633e-06,44922754049.41434
8913866.094111806,3.00599319416918e-06,42796420272.6126
9061090.673616704,2.806156738614742e-06,45544841291.48791
8817767.986796917,2.798063117258254e-06,44407227850.38161
8870848.472968334,2.82958342619021e-06,44342158049.36861
9045243.206583319,2.692139112489639e-06,46739986589.17145
9177204.529140193,2.770965062965855e-06,46518215260.69614
9220128.131054169,2.75953995530464e-06,46864699004.01184
9040937.178946747,2.765071033536026e-06,45892592273.60012
8860011.933962576,2.78194748922578e-06,44792127228.3684
9103912.814945066,2.790034196676925e-06,45936200677.97596
8879413.503171539,2.698903085103959e-06,45806392261.94565
9045834.828251513,2.744303218944347e-06,46148818866.58008
9108827.48989905,2.769238433816569e-06,46190809865.88512
8837122.108213276,2.680980564068284e-06,45791170565.56081
8938093.648574183,2.697403615002091e-06,46126192860.77253
9003148.481596872,2.726343786879561e-06,46132536449.16101
8645273.099612674,2.721501786900291e-06,44351294581.75155
8615870.698317671,2.694520202352774e-06,44495034036.08817
8406937.362564718,2.740899909667139e-06,42924873826.39713
8962169.645795211,2.75225386866958e-06,45633890912.43961
8789812.623601954,2.738797882915342e-06,44902752269.11478
8782038.255913349,2.769103544625911e-06,44535109820.46017
8953583.674104467,2.687193601120459e-06,46323097537.79448
9072229.083935117,2.654002454903967e-06,47327452463.66994
8845792.414680805,2.702742340225369e-06,45589725789.96999
7354578.460726113,2.87534464659504e-06,36371776488.21219
7182429.814762088,2.815476246507386e-06,36022192749.76482
7054961.469600056,2.828503248491997e-06,35274174442.59018
7765938.931511004,2.548388498302654e-06,41624613462.43106
7728977.561947671,2.527144839114309e-06,41658339740.00638
7612387.135134673,2.581928733043866e-06,40447470434.58926
6827505.973601675,2.882894355160603e-06,33706185269.7456
6976977.54590013,2.798118784214624e-06,35136343210.92446
7008193.123981887,2.880669893799613e-06,34616014592.80581
7316887.356326804,2.909163647283053e-06,35904394005.22735
7018047.090272272,2.861865110732706e-06,34816371241.20847
7034023.569912056,2.950118231474898e-06,34196175575.97707
6932305.532222725,2.728144203578307e-06,35505814557.12604
6982782.365966763,2.748354196101755e-06,35588802238.71022
6931712.940367394,2.785671444042854e-06,35012299999.32439
7024169.696602134,2.703382398590684e-06,36195674488.97773
6974109.946844588,2.713639141122295e-06,35847102682.33658
7100249.305278542,2.758027348760747e-06,36102827734.20196
7040281.675620228,2.659469059172255e-06,36676966384.26894
7009944.872268387,2.716777961267107e-06,36003537342.10321
6959369.780347222,2.696673132616084e-06,35921216902.88307
7093124.327795126,2.613994692322363e-06,37379581774.67018
7061075.361944054,2.633823014733351e-06,37023697408.71229
6980043.72185317,2.670926727074895e-06,36259083877.62614
7373344.826087171,2.619318802403766e-06,38803625503.69177
7183406.37393375,2.607821420200835e-06,37915070704.80704
7120006.21477504,2.654503283650784e-06,37138542976.32192
7323950.706344706,2.535204833271094e-06,39391577803.32713
7146768.458881564,2.599851344837759e-06,37798743885.09811
7179011.091616865,2.580116696293498e-06,38162638333.46392
7373107.800504418,2.522131229627954e-06,39792888395.04337
7374673.890564357,2.527839091319119e-06,39741403765.10522
7195328.304791293,2.586786049109747e-06,38183606090.21516
7497147.570205107,2.589298189586308e-06,39759539672.77541
7612855.499986593,2.53451795990322e-06,40952838101.02318
7305610.807129367,2.577873918405868e-06,38858146732.10026
7363610.448737435,2.686821567717097e-06,38100580101.47204
7418774.609533092,2.639015254859043e-06,38848200796.83091
7164649.931256501,2.67429592442304e-06,37186787929.07291
7499448.546560932,2.663748623195153e-06,39027179955.65675
7708094.250659264,2.582425295966839e-06,40950747935.34148
7555118.249704892,2.616056244232135e-06,39793293171.37203
7787003.532266289,2.684282613627398e-06,40316690936.30668
8081289.609196461,2.808616016833572e-06,40596235082.30782
7716114.507314906,2.747369599039039e-06,39335735206.67596
7256395.579384837,2.673220043088384e-06,37673081427.64874
7580509.526707282,2.650433873032618e-06,39581029169.27444
7510568.889792117,2.713520586992311e-06,38605639723.52791
8029901.821921093,2.513495916001615e-06,43436828964.99937
8320902.034118995,2.665280564623612e-06,43285435093.15912
7896500.816259934,2.608865173240243e-06,41667770273.76576
7820120.111442547,2.495965218970901e-06,42499883290.36478
7857298.513212598,2.517144362860533e-06,42462070840.85471
7977410.704592003,2.457060541518798e-06,43811156063.145
8023070.620054612,2.37393265885376e-06,45084613556.7358
7874500.018224512,2.455379330591403e-06,43265718927.02635
8085758.195872159,2.397610306986409e-06,45137241928.10595
7436736.639674176,2.51425378229049e-06,40220085901.27621
7290679.72702727,2.559109033514476e-06,38968063768.41853
7597613.523720853,2.515800493172113e-06,41073312812.47591
7455400.013175736,1.923757324217025e-06,48198933191.45294
7515475.393236834,1.965646276842205e-06,47894562644.01305
7421395.403688104,1.885583785218315e-06,48624484972.92332
8074556.882702674,2.160995281392578e-06,48307676867.98223
7899223.825893613,2.199195068536852e-06,46709862030.76283
7858644.73158882,2.123396019405473e-06,47569325120.09384
7741312.427518554,2.140037074017473e-06,46615863191.50695
7623757.92066716,2.048951901252847e-06,47258643893.36391
7677073.583125593,2.086923880400873e-06,47010113254.8086
7900749.453944812,2.515236684128367e-06,42718472737.00498
7994231.626642405,2.488306792969942e-06,43535223396.65631
8021192.040391718,2.455081749711781e-06,44075266024.27417
7949599.453307278,2.319292168659973e-06,45370643527.03973
7855078.058437959,2.274514964995162e-06,45417647929.30192
7927355.317750925,2.328031245538077e-06,45130393601.79508
7993580.462313877,2.466591211117426e-06,43786802375.19749
7953115.790573788,2.463788676707455e-06,43598177532.77335
7965351.359052166,2.39807231545999e-06,44459381917.25222
7538806.163181745,2.662986072874318e-06,39239486326.19683
7713749.223069437,2.612776222305715e-06,40662808601.44375
7747994.893234544,2.581543407051493e-06,41172101799.02794
7486972.619583308,2.728450096644425e-06,38343836863.65105
7533733.308143082,2.778281352073928e-06,38120573551.9112
7666498.431500568,2.743592569923186e-06,39118660246.5266
7182864.279949799,2.758874231119908e-06,36515427716.82586
7304496.973052899,2.716798477445488e-06,37516187407.93366
7106342.150467889,2.704158221208671e-06,36612106294.86735
7082776.482931883,2.622912735305524e-06,37240397570.0076
6969778.722752593,2.679905568331201e-06,36124845322.68462
7019822.953259681,2.669667589342896e-06,36477189238.51711
7553547.048084058,2.883283911096649e-06,37287162281.30305
7677033.734871646,2.85156188484062e-06,38177274001.54093
7549156.053223045,2.830810644154893e-06,37724589532.84544
7397063.357563064,3.096127814700271e-06,34821441951.57285
7545246.460511019,3.114502143812789e-06,35379172777.90598
7635864.384774292,3.080097931834062e-06,36070197740.44077
7571892.573162937,3.041956903771389e-06,36066367675.45494
7403654.802324513,3.07801969076264e-06,34989029694.19218
7642561.357446222,3.061925395000856e-06,36244534883.4983
7590072.975988652,2.938895012372427e-06,36993313844.01289
7635609.971876753,2.994858762231062e-06,36750182989.07214
7774299.365291054,2.965686579402689e-06,37662668882.46284
7107729.511236151,3.015406590890509e-06,34053909088.32769
7270272.845692128,3.066335103016774e-06,34445907678.11927
7436996.820413138,3.030339242061537e-06,35514313922.24955
7060546.082842453,3.1545664780359e-06,32825536728.28533
7161581.848036272,3.166541185901016e-06,33211273746.63992
7381574.896298815,3.143494897548438e-06,34398580728.85216
6804568.233309441,3.125797702766274e-06,31829268778.11365
6935337.860598064,3.139866742677406e-06,32343981385.94593
7108263.173584755,3.110381138002004e-06,33359619788.17192
6623109.678251446,3.147162077302039e-06,30840106848.24467
6381013.941745995,3.195811387251451e-06,29410490452.79129
6752132.249537917,3.161219789392736e-06,31347613147.6072
6456606.584481295,3.152752007485762e-06,30029247593.57056
6627239.925972505,3.125087951030569e-06,31004485627.38107
6695568.515958903,3.094021334933028e-06,31533481514.10425
6394118.870421411,3.21328370582085e-06,29363962308.8947
6676594.692263301,3.217344153960085e-06,30635384356.24355
6765612.689814682,3.178741761400585e-06,31294664532.56974
6005895.68878146,3.765246957676884e-06,24815068260.95365
6096236.503077269,3.564902070603666e-06,26123422295.38221
6145988.987700443,3.531807279980206e-06,26500889189.32813
6581447.323102095,3.235364505955855e-06,30086564415.72782
6294090.873678221,3.354829348817839e-06,28085751773.26403
6493948.451044626,3.24060212530998e-06,29654574383.46313
6500530.807541386,3.253218875230185e-06,29607833641.4128
6221844.875851885,3.248844623972047e-06,28363939554.86144
6070761.882353469,3.322598373150971e-06,27264108402.46111
6185492.961163921,3.386284793139601e-06,27429969843.79206
6470913.174295689,3.278943079243221e-06,29318583739.71399
6057845.767768874,3.355615179749636e-06,27027348719.40815
7025034.706982894,3.183144142527476e-06,32464665865.74614
6924970.220366555,3.171148239844837e-06,32082894806.38346
6834906.506502831,3.209883029597167e-06,31410373974.50666
7475476.313306745,3.141743486637231e-06,34849112369.48569
7254077.864742088,3.164845465484866e-06,33652231950.42177
7431480.371269135,3.147534936818778e-06,34601502863.59201
7557493.603563395,3.108782873853203e-06,35480047651.58755
7622217.54508943,3.098809852435218e-06,35860641509.71307
7521663.388330272,3.12775186853373e-06,35168920046.22164
7745605.898258985,3.040096292305019e-06,36908849077.1083
7813501.390293268,2.990950426813957e-06,37639127746.55569
7674461.193291533,3.020192341223077e-06,36730329677.93595
5570941.827639872,3.493904685280405e-06,24194756451.25016
5749415.10332099,3.51185849252779e-06,24884695265.71733
5741075.955244058,3.587472344724967e-06,24498204265.09739
5986687.38222265,3.64028240487894e-06,25298602385.9302
5963477.345789999,3.568636834809683e-06,25536693925.26747
5848994.73789472,3.643587436010172e-06,24701790462.42327
5884290.604426195,3.317518267283528e-06,26453627322.21401
5990300.670296747,3.275643040873048e-06,27159237659.33503
5910992.565260571,3.302351787143864e-06,26654969484.50096
5802616.051268076,3.379381883047743e-06,25767106592.40611
5782186.380871593,3.362009805827169e-06,25764760073.88553
5589491.759832533,3.422289931499457e-06,24612805544.32617
5923882.736856543,3.340011071963546e-06,26511920092.13771
6073138.150454051,3.266351804348038e-06,27587002944.30413
5903240.507045646,3.323110653194174e-06,26509036449.04186
6610920.88139843,3.237564831710357e-06,30207606157.1329
6611452.339945236,3.24940128682229e-06,30136626764.35572
6322914.546608633,3.3568656694459e-06,28202958652.50521
6101938.249837427,3.247228082900481e-06,27826544493.15402
6038069.171578586,3.261903105691596e-06,27452635667.78679
5931635.383544222,3.303698444361013e-06,26740786789.67234
7985876.92368973,3.042545128166033e-06,38033351192.47401
7829879.630029103,3.062458445153477e-06,37128575121.60175
7755391.688940329,3.025066060905834e-06,37077788955.80538
7375355.777148126,2.679901452343117e-06,38227018396.55717
7489715.865072636,2.765705093831885e-06,38012645539.18983
7281672.455578401,2.686778489764508e-06,37677021627.85847
8072826.826714271,2.778950297424007e-06,40841822808.73925
7841900.108894829,2.752229452690313e-06,39929899198.64545
8052452.974143846,2.68965647160086e-06,41635487511.87424
8119204.055795374,2.725339847478205e-06,41613381921.23151
8142705.649638665,2.772138755396156e-06,41262806137.2989
8122243.752899364,2.682982648837938e-06,42065957242.50576
7592702.805918191,3.056478855131317e-06,36050846820.30456
7545688.880200827,3.059534058069439e-06,35803765164.83466
7556422.797901854,3.086669513212556e-06,35644251116.6898
7951772.514355753,3.052506302143005e-06,37788492568.2587
7704622.686061505,3.054375249144593e-06,36599047304.89203
7712390.705882423,3.083040803774593e-06,36408504537.25534
7660510.807651512,2.997813456878922e-06,36845800229.07938
7571625.707244592,3.037295197517441e-06,36101989434.85667
7618720.238865755,3.034281339626001e-06,36350589840.59943
7636384.827469653,2.859898874575514e-06,37901292596.29179
7689439.694930444,2.935784368331903e-06,37504086598.11253
7698218.075894334,2.901482805542116e-06,37842243466.08761
7610979.250911081,3.065039328084725e-06,36070306862.96214
7574655.551962131,3.095201269476397e-06,35664567252.03948
7618699.931354246,3.093713044784275e-06,35883449316.19221
7770588.328418075,2.927888491925472e-06,37967984739.90961
7609335.276234946,3.010705243090429e-06,36495100234.759
7698440.797493357,2.971156063077096e-06,37249387121.65677
7831380.813690143,3.003772948919655e-06,37617818628.18442
7759214.991769245,3.051210670010289e-06,36883856397.71167
7724535.622995387,3.062484673234176e-06,36628834312.2199
8036030.774028547,2.918374001625631e-06,39350261795.66212
7960480.285479382,2.936881974214454e-06,38816372063.03699
8093522.212961079,2.86163003577508e-06,40153977623.15137
7625039.522066975,3.103201628641872e-06,35840063410.9035
7568736.62196226,3.12633530445206e-06,35399708803.31406
7524466.691132333,3.132122369233649e-06,35149291591.08278
7967381.439737905,2.959248970718538e-06,38654014577.29111
7819709.165510865,3.025365324954101e-06,37382819251.35859
7892155.10929449,2.977879198752622e-06,38129188417.70209
7477940.00159991,2.999614400184724e-06,35953266706.9749
7432876.318373053,2.943706503038739e-06,36187665569.47224
7147757.326063487,2.984809209468305e-06,34479324489.22781
7965965.563869582,2.958771133705795e-06,38651306266.61118
7886519.162132442,2.975599383170925e-06,38121418834.86478
7818306.472948634,3.024723188307485e-06,37381403233.29464
7968432.975913066,2.922808176380504e-06,38979779821.36008
7828086.519706918,2.881063797563669e-06,38662241876.46828
7888974.240266138,2.939671135055039e-06,38443363014.67889
8061051.989016501,2.853950975825215e-06,40064591250.70657
7928278.310675207,2.929408689450092e-06,38725072845.20992
7907004.047697182,2.88813855548061e-06,38988208355.73271
7616033.193464249,2.909721757253104e-06,37367541072.49296
7800572.479990097,2.936358498149637e-06,38041160598.11923
7740027.529034603,2.877894496082485e-06,38255386400.69715
7705310.242194091,2.793974339310859e-06,38842620423.55801
7781406.154913845,2.854729802837503e-06,38667676641.29927
7656085.163837685,2.822021316781567e-06,38338333338.03912
7925287.258221722,2.388202015836231e-06,44357558991.67103
8055101.002605389,2.497369623782809e-06,43760516614.25039
7948690.95488659,2.432581429949694e-06,43945797876.75546
7887587.24969096,2.704580155032256e-06,40632879937.74628
8057363.105080699,2.698177903377054e-06,41573113216.75223
8069301.843795844,2.613772481826128e-06,42526284500.46884
7529249.749918974,2.695209110720434e-06,38876759609.18337
7709278.719443533,2.710168596138024e-06,39659710671.89259
7704082.529265713,2.644907596937425e-06,40282268860.4275
7820715.953165586,2.808733139383662e-06,39286155118.00471
7994898.374665706,2.746922917233989e-06,40761356884.64622
7825785.404098882,2.753256457357732e-06,39837935459.12764
7865643.143184295,2.841031092768831e-06,39211812246.78586
8006324.371138406,2.882547191501862e-06,39528975986.16092
8040322.404624963,2.779168015982388e-06,40675252875.79483
7713794.132742874,2.018558024546774e-06,48295561406.71394
7449924.913240467,1.918055763066258e-06,48258936038.95204
7508496.872640997,1.982857979827449e-06,47572787339.30785
8077514.062402202,2.132132634308467e-06,48760510567.4548
7861562.109815884,2.094525968332771e-06,48023265030.19979
7910926.674178174,2.083737202839447e-06,48491475084.64725
6908641.685362503,1.51791946941085e-06,52307044412.63309
6961354.22022139,1.468155347640417e-06,53890522206.40121
6796890.791302313,1.46870523539919e-06,52604213289.25048
7001174.933142014,1.847242403171211e-06,46503788672.81046
6935263.177995953,1.718763530896683e-06,48333939352.47191
6823384.022865319,1.755097869615065e-06,46895617072.4878
6993257.893276323,1.530876862418995e-06,52648504337.11824
7048513.180896575,1.530456009000012e-06,53074219427.9946
7074239.004124374,1.478649175508488e-06,54504994244.7057
6946621.833563252,1.625867946820515e-06,50240059396.54076
6945239.746851241,1.568042141426635e-06,51457508584.16573
6935482.091572952,1.569322740657453e-06,51357255741.51967
7129613.551271064,1.616926728774671e-06,51753425053.60489
7062311.433419046,1.565024913698372e-06,52392126757.03706
7007001.981679747,1.565446182451454e-06,51972484582.17744
7260633.457297469,1.671454359949361e-06,51551918358.63323
7179170.655198306,1.643525380463541e-06,51549366625.98027
7056131.849434817,1.59206273554353e-06,51751932204.77862
7092147.630913245,1.8648531855322e-06,46811009054.27691
7186163.130472568,1.825687335214684e-06,48107501620.70583
7025808.022517142,1.736474701285793e-06,48631459666.72511
7363861.381489002,1.72975061010187e-06,51103417363.72797
7256148.017993066,1.677949312969169e-06,51387036773.73775
7338045.162071083,1.705870238122991e-06,51398414073.25607
7592531.09920118,2.027325916233909e-06,47399183948.59695
7479338.768929657,1.947589090368812e-06,47958432783.06922
7464405.714614131,1.943353074785214e-06,47932207288.9491
7446671.3592751,1.816613018174776e-06,50017337863.99861
7624661.505766513,1.780713383852091e-06,51898868108.17626
7473615.730463292,1.763833997042629e-06,51194773347.6329
7419604.94179435,1.760568013291269e-06,50887632208.08813
7407617.395000739,1.767709461790115e-06,50668488834.20477
7392758.196845585,1.813371115245452e-06,49714381308.81421
7676725.641846709,1.673944937283482e-06,54452176159.20067
7530904.366300941,1.728089844146814e-06,52296134310.40214
7682525.063085387,1.745072432375495e-06,53002336359.05179
7224486.274158666,1.615784903419744e-06,52466803532.08203
7230794.165672963,1.653521258057127e-06,51710588118.13371
7350251.243231811,1.698221566172184e-06,51638380859.40015
6430929.048450951,1.608006512273063e-06,46854198801.53102
6625643.007142812,1.687040811018998e-06,46753160357.23247
6517261.154629817,1.617507893433758e-06,47297064271.79545
7328504.325070435,1.761754833872132e-06,50240239451.92644
7417837.100807939,1.739572019927739e-06,51284054063.60098
7759398.257575284,1.790441432648556e-06,52624497686.66995
6945957.599157041,1.771500290826927e-06,47442908885.03321
7138334.981702364,1.78096877756352e-06,48583938728.02998
7272988.932914712,1.854579038719449e-06,48181763933.11206
6862870.39382858,1.726954421245607e-06,47678056821.318
6935882.586554994,1.676394859975994e-06,49149320603.16381
7054101.592409414,1.736422449470286e-06,48828282516.0723
6797340.562391512,1.577105222507358e-06,50168592438.75407
6809926.131471125,1.618094847629922e-06,49409040221.67812
6494233.596785366,1.594782123014098e-06,47576628967.6594
6970146.851645274,1.575810176505363e-06,51472191696.63873
7182983.937032223,1.589589921955432e-06,52736928023.82716
6982891.322302666,1.616783079734995e-06,50691379794.97237
8170968.951447544,2.126213909844648e-06,49416151929.95204
8155350.945738679,2.140104205165474e-06,49108052071.56203
7987958.672104999,2.09169042067264e-06,48839461966.35759
7994394.889014229,2.130176944065385e-06,48288288211.89148
8104857.801966433,2.127416101726513e-06,48997859158.68922
7821428.511501348,2.107638282494041e-06,47579735993.18269
8168599.298231373,2.193692813523239e-06,48383474331.52911
8200789.845253513,2.16560592876475e-06,48993228786.97105
8216451.278907417,2.151718070256608e-06,49297781200.91634
7961309.930295796,2.26490746800453e-06,46161958047.35636
7935474.953163709,2.263931865947782e-06,46025377251.83189
8064259.794358429,2.235984921597606e-06,47161245205.41444
8073424.86045665,2.281359855192696e-06,46586699600.51911
7980096.288088163,2.271054742820786e-06,46187351885.62514
8020335.611978489,2.249348089918422e-06,46718414571.72194
8053443.168859067,2.336146709338182e-06,45741969124.51157
8116249.058586936,2.359807637099263e-06,45790033785.39981
7995205.439886492,2.304102006571246e-06,45831263066.93459
7960468.050020546,2.221132911197438e-06,46761550776.94907
8136475.766982057,2.182957867633199e-06,48351071131.3588
8104411.818744547,2.211044796956702e-06,47751806577.55782
7905035.918335802,2.312347581195538e-06,45206592250.88821
7832860.711884621,2.258820314850817e-06,45498730632.78192
7860385.38490327,2.256549611028207e-06,45689238044.87766
7983174.661950802,2.361522668484166e-06,45017449427.20134
7997507.832822355,2.350427851868506e-06,45240082782.78692
8038424.685736719,2.396844681843643e-06,44882566769.158
7919177.483353323,2.317539746159923e-06,45219797759.75629
7874486.972870268,2.261761515010136e-06,45700862396.57509
7889244.089563685,2.279611915708687e-06,45547175199.75264
7832728.038456263,2.220945411775345e-06,46013767255.60204
7831476.389078415,2.247710026630368e-06,45640471357.16404
7925856.100763557,2.2925174293231e-06,45586657742.37209
7780281.289172219,2.179401473616427e-06,46284666484.78791
7715880.625929102,2.126284789433517e-06,46662844761.87413
7779033.837426689,2.206122291831941e-06,45902809966.99974
7757295.037463627,2.062802204119404e-06,47870935910.85576
7658913.684312919,2.005037110451298e-06,48167292104.08353
7806331.664614555,2.051908093042124e-06,48343905180.67918
7804563.15661197,2.214965661047308e-06,45930792011.36195
7791632.176195093,2.136937402804248e-06,46964233862.18002
7832038.109480265,2.212676263720086e-06,46124273710.15797
7647087.65071211,2.054573761029011e-06,47316750303.33228
7518500.809001523,1.970515850643785e-06,47834873415.28
7697106.940587121,2.056390330464501e-06,47598195137.37594
7782691.716715852,1.987480289665377e-06,49233563873.48849
7575753.146894314,1.933156299857761e-06,48818133291.34894
7813927.704640767,1.95789601926757e-06,49927862457.51942
8485286.23714128,2.103576014558525e-06,51684583826.97021
8109823.51119765,2.052083828124356e-06,50220535332.46377
8555247.034630051,2.110525272889683e-06,51996269136.78598
7364984.265598089,1.942450366267371e-06,47308430086.9185
7464021.4257748,1.929290639015773e-06,48162361449.29323
7669438.619810977,1.983617815474232e-06,48580081895.68788
7151196.680427946,1.933146537292427e-06,46082447687.92803
7120390.378553637,1.972497066772076e-06,45271639986.68981
6941189.843030307,1.8937922957534e-06,45346700473.71245
7565651.216123965,2.072565149649634e-06,46541551337.56935
7399701.765285034,2.058866997520648e-06,45722365215.40801
7502086.484302823,2.045946301049158e-06,46549952897.07634
8122117.676803469,2.13681674460373e-06,48958085368.98554
7877331.373698547,2.102763111773042e-06,47993845459.57668
8350525.687236954,2.118972596586296e-06,50617060750.88384
8864643.58867217,2.190167530621114e-06,52562545399.29888
8367175.882815355,2.158665198144613e-06,50094345286.896
8598980.30501852,2.140820574871032e-06,51767847515.46445
8197752.308785306,2.25281595952479e-06,47702848837.29315
8151843.946514582,2.245005943775279e-06,47545657818.27228
8147135.52851151,2.192032190442024e-06,48280710867.61675
8111400.405409569,2.169191435462642e-06,48405783357.2898
8116098.487480797,2.222160395062191e-06,47661061040.28101
8054839.24445343,2.161441951058992e-06,48183072812.64273
7083894.560408623,1.968867196056455e-06,45094939257.70102
7005460.170504003,1.918627967067055e-06,45370770476.86686
6905156.794494445,1.890162137547114e-06,45169037694.12157
7321209.190173192,2.046503494655268e-06,45419375214.91052
7250681.64783762,2.023120882156951e-06,45327762536.5191
7423051.307317048,2.033589749233326e-06,46245935200.98828
7175003.230048164,2.010297321650247e-06,45045205397.40959
7072920.420391849,1.948661785681856e-06,45335783541.28764
7151730.50536517,1.998899440249109e-06,45069614485.74104
6875694.669759557,1.848579609627957e-06,45648286187.98763
6856904.27863455,1.791679956311664e-06,46482320051.43189
7084715.775578729,1.887935753639902e-06,46380022799.26283
7859388.511898785,2.239602040100202e-06,45913618511.8532
7952674.462930786,2.3111041607481e-06,45495334133.70094
7938381.541851906,2.322238799461912e-06,45268285954.82945
7970749.585671957,2.258696772783094e-06,46301373865.61952
7867917.999969987,2.18614933957789e-06,46709649417.59798
7943706.143120429,2.300860100057722e-06,45578814835.26191
7711179.688231769,2.109188093280826e-06,46886082705.79993
7761407.811508122,2.111080096719506e-06,47163283092.17719
7774313.697809074,2.189073781323366e-06,46112831929.05346
8045725.152188236,2.115617317869869e-06,48821050166.90546
7760783.674811833,2.082951266208003e-06,47583111621.67966
7763340.915483059,2.095834465954595e-06,47403528811.71346
8003881.621385808,2.367572380933642e-06,45057298243.34472
8120763.036537359,2.386325714525144e-06,45475451947.69095
8067222.9650395,2.405236870679846e-06,44938526196.12575
7994845.69012108,2.349687949409801e-06,45234517205.60246
7972538.297325791,2.358405591766284e-06,44997074980.43577
8035755.741129713,2.396083220206262e-06,44877169998.71326
7902750.766966413,2.285888829577033e-06,45541592748.45821
7928532.463462662,2.28687019381327e-06,45677093993.87537
7932709.7490876,2.323821485018403e-06,45215401228.66003
8050615.737870483,2.229715227128294e-06,47169669295.15834
7921940.328072559,2.257657978886372e-06,46031959981.40495
7907152.648949733,2.239810918298719e-06,46189779048.17455
8086415.893834567,2.229069183168784e-06,47388581461.81487
8023571.699612867,2.236286012071397e-06,46919082005.20747
7983324.248346215,2.257996327823508e-06,46384008892.83292
7052737.25218882,9.939384549867668e-07,70813823184.08968
7147452.874766967,9.910265026741723e-07,71905336230.8297
7300312.988293313,1.018452107892435e-06,72118675029.3985
8922943.290833514,1.112423576249106e-06,83111542602.93512
9262947.361212049,1.119453234994514e-06,85916892136.64211
8768155.476087689,1.106926990266665e-06,81939930402.73283
8445078.808218686,1.085098208773597e-06,79975631062.53059
8718808.08228704,1.103835831352714e-06,81630813862.46561
8565808.886618195,1.098338349633652e-06,80465728720.94205
9697909.513403563,1.121867648653902e-06,89822204830.31595
9690484.625959847,1.126019225071546e-06,89532688665.12447
9728938.356122807,1.127546671928781e-06,89806774805.55551
8569290.401814498,1.08328136466036e-06,81242637221.69653
9071622.00955298,1.091073129391977e-06,85595126715.60568
8845009.360914964,1.102019917893738e-06,82903334874.73665
8337218.723189951,1.029385496008925e-06,81777877028.94411
8132481.800249776,1.018213769831572e-06,80352079876.48831
8077384.929229285,1.004077601276868e-06,80555017015.82077
9368220.469751356,1.11375416654705e-06,87189504243.40358
9200001.746194005,1.098587398552174e-06,86410164991.35095
9129075.412615899,1.114432774865808e-06,84929299891.68408
9440965.868785053,1.130704472060628e-06,86986199051.10455
9428714.17594081,1.121783467319637e-06,87333281841.49168
9188793.258378631,1.122461338688065e-06,85076749000.74525
9649252.847652268,1.124125771941569e-06,89251820564.12071
9656661.925310103,1.119976376053631e-06,89540830706.814
9564211.417522844,1.119970159071938e-06,88683916991.17392
8908988.142160639,1.076516253386281e-06,84816690018.6297
8411244.152274106,1.068727523778662e-06,80466586161.04358
8211513.852656437,1.043813110281202e-06,79800950645.88527
9417563.794313731,1.108767968848444e-06,87911317760.40787
9324694.196394928,1.094486840426511e-06,87799943254.6563
9248900.636278391,1.093601093450827e-06,87133298823.36453
9487709.13013711,1.112717873461764e-06,88356394528.26393
9073803.177508684,1.109378679911836e-06,84671283748.68947
9303309.590575011,1.098431703286743e-06,87388731224.94009
7879367.037624909,1.000118886989992e-06,78787425966.69333
7610856.237248534,9.786584097164792e-07,77211044984.77672
7546405.168727773,9.643456483868067e-07,77312841536.51054
8534838.401604269,1.045605072731788e-06,82848283506.21577
8869409.615170827,1.068952782179656e-06,84837728327.64226
8327674.224091102,1.034431023123991e-06,81418426114.40305
8679715.255296201,1.046392209973052e-06,84212355049.7874
8474040.263533967,1.036429120918297e-06,82742908963.60468
8212066.281249621,1.011116351379513e-06,81517657303.79202
8881329.697766121,1.062620844227955e-06,85288885363.74741
9010512.985819755,1.076003084632873e-06,85810514518.97791
8673265.446605435,1.052651569446681e-06,83815860877.69058
7082102.130354206,9.662954834340421e-07,72458424322.06142
7103490.364574112,9.742629393991538e-07,72280476577.56921
7050155.425524381,9.622739056540932e-07,72332401683.37675
7964837.683999157,1.012948920948681e-06,78968138200.12973
7883772.357509253,1.015657910292712e-06,78025358374.77531
7694861.900641859,9.914848904231268e-07,77388559556.27988
8079961.15182614,1.057167492814915e-06,77859821866.33025
7762539.29813858,1.036420336808165e-06,75796041987.59283
7705049.334433395,1.026129640057187e-06,75736855324.18648
9676402.071991358,1.121714025157488e-06,89631185184.72076
9707396.516153777,1.127392532557579e-06,89616091814.62656
9604631.070468107,1.125404234917185e-06,88771792806.41405
9169656.796823379,1.133048654915656e-06,84369868996.51471
9132003.088035865,1.119568645896922e-06,84696519675.55482
9355385.986645034,1.135643563642454e-06,85947585600.41327
8734480.789467629,1.173399328508608e-06,78512692352.46045
8757808.66334682,1.171157408718259e-06,78822814732.81796
8409867.300193155,1.188961394500188e-06,74933722474.96283
9679412.682849126,1.13036790414757e-06,89200877777.99689
9653642.745344283,1.139269958064164e-06,88499359137.83202
9717844.460676614,1.13190024296986e-06,89474203620.06891
9143327.064321654,1.161363335455212e-06,82754607089.88986
8840983.324105233,1.170648189861973e-06,79594484214.4222
9085355.531739151,1.164354376460012e-06,82089033114.74571
7862754.228445754,1.226923549663019e-06,68606147476.924
7989234.343168057,1.221573528418921e-06,69913130922.53941
7767845.009686432,1.240689140721095e-06,67275752509.01875
8674905.215734085,1.173120375518104e-06,77989538955.46701
8405675.558074512,1.181241945109359e-06,75222318723.95985
8328631.345226573,1.190916630720691e-06,74128645683.81554
9271631.834780183,1.149128418461631e-06,84510460450.27336
8973613.860665198,1.161203194713447e-06,81226030465.07274
8950000.128964417,1.163427559525266e-06,80908995633.34615
9403671.571477234,1.145096031639981e-06,85915102586.18205
9474551.430491814,1.147245209781795e-06,86454543558.73938
9103521.75241006,1.157141770505647e-06,82594612550.46606
8909357.825396104,1.169184082934392e-06,80277000859.44182
8667380.343793131,1.175471655183164e-06,77817943110.85573
8447411.188091291,1.180665718171325e-06,75620405006.36253
9324657.364295905,1.153762804241236e-06,84766033222.60944
9089155.33237887,1.163061549223051e-06,82184211618.0484
8683003.554757971,1.17177592193884e-06,78122044228.98457
9483567.966025559,1.149882496907321e-06,86404451730.53787
9304536.089082528,1.156176722082936e-06,84465348291.05988
9246054.922784463,1.159160478637821e-06,83790366852.19009
8280496.669267291,1.200171355642092e-06,73320859720.15204
8418586.680308048,1.209499363275483e-06,74159835621.01178
8312421.254493634,1.232672633803656e-06,72304008414.11086
8855085.140589116,1.16998965426218e-06,79751353101.91881
8394566.416614974,1.181488787216093e-06,75112439397.83203
8454257.379938331,1.178728462240699e-06,75764591332.51627
8560710.713582095,1.182409352345192e-06,76559293556.408
8480708.727694489,1.19695330244962e-06,75228200946.69598
8342108.056636289,1.187613406834963e-06,74386207389.50566
9085231.99152068,1.197657019962478e-06,80559057872.84869
9191375.859209443,1.201140798117138e-06,81342574461.89372
9270385.565292701,1.222216046742356e-06,81095945766.36696
8791595.77858245,1.177309153509491e-06,78851028909.74457
9109343.225655699,1.171046600276379e-06,81991899446.63063
8869878.176309191,1.187997803299895e-06,79075248119.47871
9411624.407380035,1.1682030167667e-06,84850102582.0105
9226435.242362892,1.187654704377951e-06,82269806467.56825
9120088.543640913,1.184153667522573e-06,81481749492.78203
9193475.247716244,1.338866516962688e-06,75681231555.59015
9406623.078943189,1.328802699299608e-06,77826364043.65666
9013803.139785238,1.353755769574093e-06,73657084039.49826
8793744.519695163,1.310818752825264e-06,73419611181.65834
8982540.649543656,1.338687492377722e-06,73951397826.78406
8578853.928771993,1.370893259394455e-06,69517398670.14227
8957741.16585266,1.283421459941029e-06,75849428255.42592
9235903.768271213,1.261379636710549e-06,79113182531.95018
9148280.310014775,1.311316349232016e-06,76360332819.0816
8660028.024719561,1.184247744049741e-06,77367325974.47766
8737723.762635402,1.194931290173673e-06,77595467659.86543
8579562.21831991,1.198776224361539e-06,76027909217.444
9379762.805804575,1.214195771209213e-06,82413693622.36096
9845904.573562765,1.249865164512629e-06,84855535735.16145
9459576.374815475,1.235260247099686e-06,82167368376.92206
7369653.582512966,1.394256684398461e-06,59049820765.38826
7351435.868098057,1.371249588772421e-06,59560888267.63309
7480452.065125817,1.392586618452336e-06,59985511418.73547
7447490.182694975,1.460934470673981e-06,57843706677.03275
7427222.979359721,1.425470329083407e-06,58639151091.34903
7674554.63650068,1.458974874790031e-06,59660649035.52019
7206175.088102377,1.364572753946721e-06,58574287279.04774
7241426.968210561,1.345934538870644e-06,59402975094.77074
7271042.749352274,1.355972217508984e-06,59351199941.9766
7341348.422363477,1.350379626694459e-06,60090421668.1591
7392588.275778895,1.337471371814547e-06,60898536509.86631
7406651.139200866,1.345115970697237e-06,60782991423.717
7222030.176786485,1.375592893096986e-06,58389221270.86792
7286969.000235465,1.366989234432303e-06,59161184283.85192
7305106.710090022,1.390004463877942e-06,58651947120.36398
7280038.939304309,1.338764057824367e-06,59932768464.44294
7360863.088348807,1.335875734756046e-06,60685467103.48858
7309733.492084897,1.348805438816135e-06,59878190941.89122
7469515.51029966,1.325443365485119e-06,61903943547.70689
7293547.251686987,1.334899199781258e-06,60159814125.83665
7269558.874155997,1.33998321352571e-06,59810185987.933
7604659.176003569,1.308288238459728e-06,63573696360.03132
7595800.663252914,1.311727408742749e-06,63388600501.60343
7385059.926453196,1.325820591789539e-06,61192404277.05297
7610473.288528743,1.305113468053458e-06,63725436423.12825
7544850.449860056,1.295197953284423e-06,63497974123.71355
7517002.605042049,1.305838897588977e-06,62919457115.23064
7853461.638945458,1.300655955055247e-06,65910231583.34171
7713614.759343185,1.303113848927863e-06,64655137293.18844
7670773.645187536,1.311207732209635e-06,64031179176.05878
8199145.060892555,1.187049200249358e-06,73134577521.0258
7970128.612254155,1.192466734541921e-06,70876317964.37947
8209418.235797878,1.180502163582723e-06,73496702894.59621
7564050.562154548,1.251061792835811e-06,65148124234.55145
7545094.35963371,1.239134591843848e-06,65401195663.23856
7656089.986473917,1.232797821475674e-06,66590527799.82198
7664780.485820051,1.273779978670848e-06,65228407531.15265
7591447.575342673,1.263285872370393e-06,64961618648.07255
7673702.601487742,1.259265628139673e-06,65805177404.86674
7528505.620699277,1.275283578721309e-06,64018319162.90337
7513330.796006093,1.249757149177139e-06,64756309555.63821
7532247.080306954,1.261676213219744e-06,64509837450.57729
7520728.201185799,1.30148213297399e-06,63091049716.60869
7548582.939780291,1.290849720859421e-06,63671973032.47252
7625473.565872657,1.287717517206117e-06,64424800769.92304
7714041.667503497,1.302288580002752e-06,64686029170.41612
7561848.743091639,1.304335615991492e-06,63343455407.72757
7666879.08293358,1.29058521719405e-06,64678631610.1534
7644719.70801572,1.303721673413699e-06,64057744531.37918
7653606.692315619,1.300258596015103e-06,64246033276.25314
7578949.067447968,1.293779497487907e-06,63831562990.59644
7459790.917992479,1.323375208863279e-06,61887745036.54722
7589070.66054413,1.312167033251202e-06,63318290575.83436
7495731.907855001,1.312872452417725e-06,62517128400.1003
7420679.699226554,1.327835040831345e-06,61425344790.25478
7339526.909224363,1.330702707365909e-06,60666281148.10898
7549621.551223013,1.316616382934996e-06,62847163103.23267
7959286.622785345,1.252973227677653e-06,68482501666.37944
8064434.235310156,1.230952000909875e-06,70212293386.76979
7957862.486041646,1.225896935626275e-06,69474770985.85152
7696794.954247572,1.293777668748064e-06,64824147851.96874
7818101.632577074,1.277816838629799e-06,66392992004.58716
7621926.468813018,1.287308989073667e-06,64408455761.58113
7790777.283997409,1.289327413471757e-06,65766588070.46786
7999450.382057386,1.269426439370707e-06,68232055707.61324
7912819.441061539,1.273329468509186e-06,67355137833.25748
7833564.955234039,1.216049091770577e-06,68758339038.16245
7780717.543895085,1.207608689378316e-06,68612329343.56991
7623304.375561547,1.227097563022948e-06,66510548762.77081
8151847.604573652,1.245029510821342e-06,70437341325.44565
7839195.492072782,1.245205299171531e-06,67729445714.86791
8061592.145233936,1.226103886232629e-06,70372445453.65761
9311744.069056071,1.661596093902726e-06,66376455279.11685
9095165.476911103,1.644415199193599e-06,65283427882.81757
9029318.482773151,1.65482217449588e-06,64538779859.73257
9171273.579058433,1.622045225592541e-06,66433582980.45624
8973660.46015656,1.605938498754864e-06,65436042625.12659
9056147.054220174,1.626734838563786e-06,65473509548.47289
8567443.603268202,1.567928237856609e-06,63479544213.53348
8517134.567926669,1.578783559545429e-06,62817181361.89025
8618016.042089026,1.594244053581216e-06,63149622826.74998
8200026.540119415,1.426968959031008e-06,64695226949.79371
7993952.516285728,1.36197210612854e-06,65060304091.84017
7964196.060636402,1.4173447624457e-06,63118733214.64608
8318628.570143951,1.480526837177589e-06,64038459672.4983
8368541.825864065,1.471966992264395e-06,64672216168.42377
8477514.2411169,1.523819268062202e-06,64019589858.87146
8195457.075028157,1.443704695617495e-06,64158509677.89661
7985640.081843712,1.376541832164344e-06,64533237967.3403
8244999.981897763,1.435148910090432e-06,64802637467.76201
8214273.177300533,1.43833375473781e-06,64465797570.48061
8253208.703367293,1.394457337355521e-06,66123018828.65082
8318865.703532264,1.407565772575242e-06,66234609701.20219
8414525.040743649,1.507054526985467e-06,64014294464.17464
8253694.684867951,1.482120885371258e-06,63493019576.74561
8355854.794383232,1.513865798530312e-06,63377139368.15555
7985396.675405036,1.42816451113894e-06,62966710179.90316
8169534.979874218,1.399599352334079e-06,65292231946.27138
8130797.561071748,1.44349028111068e-06,63658622798.171
9340441.70344439,1.182576829269696e-06,83524619128.15021
9526765.833978081,1.163130844107842e-06,86137667762.28015
9577686.969447173,1.163863145108456e-06,86561750035.14764
8925551.489482811,1.022751915901085e-06,87926852117.69577
9379900.489202686,1.074929759032839e-06,89387784528.09381
9005059.815543821,1.056423469889095e-06,86814961012.85487
9221117.508129276,1.113207362706009e-06,85848526044.96657
9529443.034695959,1.107605994206682e-06,89017894927.77206
9445581.129662406,1.129283244329384e-06,87101725730.00252
9045404.254091665,1.121027261585705e-06,83820554902.2821
9054956.686582156,1.115914634236636e-06,84165168117.01085
9092451.381125391,1.129395132963976e-06,83839828176.8447
9054633.516290011,1.075687663449702e-06,86247546957.58553
9430494.035710979,1.094203407981408e-06,88811472212.53171
9123786.631925,1.099807362812121e-06,85630938758.65759
9103976.508560238,1.087365695914886e-06,86095551015.26761
8974122.5454253,1.073982168188788e-06,85571132935.82501
9042968.116723685,1.098097926946343e-06,84960478921.01535
8253839.851784519,1.00321845805422e-06,82361774564.93811
8644411.385512736,1.004833762669601e-06,86166664273.21315
8722660.300784867,1.038492678035227e-06,85057640956.06361
9513009.237888526,1.155138325429539e-06,86409585727.72507
9375553.488311388,1.158600413927781e-06,84991298208.36336
9473459.056050524,1.14786575410889e-06,86413417887.51755
8934755.368882785,1.202437234903314e-06,79014668425.67857
9021110.392440571,1.197980185099472e-06,79976103447.96222
9205612.723639451,1.222557098951857e-06,80514345299.47887
9679274.852371354,1.107629351984806e-06,90416255725.40004
9817719.968655953,1.113313279099956e-06,91397092667.81303
9594754.785378113,1.129303973967284e-06,88476236793.96526
9579902.659901539,1.138952511336002e-06,87839667924.62384
9802696.199191146,1.122958071127091e-06,90733956606.8611
9619674.182849817,1.146222897056778e-06,87830962694.34605
8637229.902480811,1.317160260472152e-06,71881213471.96642
8424272.133127548,1.377274971524359e-06,68053732663.82513
8358199.658553165,1.364142662281906e-06,67952621181.6519
9916106.127646411,1.270157078908811e-06,84547910211.69777
9655349.458089693,1.295431557041939e-06,81250307882.66216
9528389.352800792,1.25558583535121e-06,81869453251.52379
9453977.288671942,1.199936392311037e-06,83722541735.78737
9844476.345200017,1.241027831040464e-06,85245528135.41306
9378368.797427339,1.205367782688606e-06,82803288977.01839
10067599.20813399,1.290824721409551e-06,84920863539.32681
9789643.474177595,1.304200995241637e-06,82010701004.57513
10052195.24459687,1.278974715311979e-06,85313863449.88213
9284507.120456317,1.150379724225604e-06,84566438601.90027
9416767.833465483,1.139945038288343e-06,86293732632.89145
9212277.310647305,1.140067999235039e-06,84413744537.17485
8224073.751237287,1.189837589622051e-06,73242282975.18544
8165058.293378284,1.203424725387096e-06,72168332301.67459
8283156.52614058,1.187084045583576e-06,73882495531.412
8903784.282110136,1.217924176972884e-06,78071848403.16193
9174175.292593002,1.238047740374287e-06,79568671334.82489
8896950.921459908,1.260044271987875e-06,76263604052.45619
9168125.022464955,1.161384962651936e-06,82978018789.41006
9184434.117297839,1.164401469622848e-06,82982001673.84303
8865368.116738215,1.170649015066333e-06,79813980543.55423
9291090.81681649,1.166343433709123e-06,83852446719.88385
9427928.266561974,1.162873249532488e-06,85256601343.29089
9136138.011200486,1.178828373964784e-06,81870780566.61584
8924726.010912653,1.190073965054361e-06,79471654745.21327
9164925.374857718,1.173137312096375e-06,82394148103.0666
9011032.670225088,1.185629952807093e-06,80440566906.39818
9246084.280670865,1.154865488217887e-06,83998251462.27188
9174004.375211589,1.144553642730393e-06,83843263616.01241
9262462.538487097,1.157887930820835e-06,84000546800.24078
8127244.07427258,1.261487234273921e-06,69612633299.16295
7963947.87154721,1.291972615468763e-06,67136629812.74535
7815068.750733747,1.261685136425666e-06,66931744584.57655
8215012.244216236,1.201580406043612e-06,72684140057.79921
8246810.466393435,1.234120488910623e-06,71677190104.9955
8156029.366285348,1.215195572618042e-06,71622255759.90552
8573410.657606551,1.28155789597794e-06,72665478767.78232
8151997.538346458,1.296915148597665e-06,68547191312.35668
8317200.69251758,1.266464196882392e-06,71052915546.59038
7992825.78679197,1.342822639026505e-06,65668119135.87904
8134848.928606361,1.374434216440983e-06,65806206085.28141
7951104.17560964,1.402992469692924e-06,63443999097.66451
7801248.321044172,1.272001611251965e-06,66451633502.93903
7949996.363515193,1.302283603989704e-06,66664795033.82122
8070941.946794922,1.302706647621312e-06,67664332816.75999
8566036.766639613,1.302229042244202e-06,71832616017.66656
8288168.328222343,1.34923166130755e-06,67878808990.69769
8144807.196570234,1.317616298039846e-06,67767505976.96555
8761439.362983128,1.212498061468354e-06,77052740729.72633
8754660.855449175,1.254646290244055e-06,75259002106.46011
8603062.34654312,1.21637157363953e-06,75499178959.02365
9371354.054046821,1.267356116324429e-06,80020863952.35501
9497267.088401152,1.307208844508233e-06,79439286222.24448
9283088.882465025,1.317252284734421e-06,77252617219.66194
8355943.678417296,1.425787252526589e-06,65961777821.47441
8401429.494886769,1.467331285907924e-06,65063047604.33847
8251117.585443082,1.456547647331937e-06,64213988439.38095
9123863.560539465,1.09710878963865e-06,85772022828.04216
9062788.458647313,1.107842427473882e-06,84646664081.05516
9053231.894936558,1.112955389545088e-06,84298233421.88322
9376535.758534534,1.13371899231326e-06,86239348336.88834
9125230.934391854,1.125477456941848e-06,84337229519.33104
9172484.934784021,1.13384534658407e-06,84356352406.63461
9547787.15948513,1.145409314057554e-06,87215884366.11099
9501000.268712413,1.141276355615383e-06,86997902859.57372
9368147.253358999,1.151715573743014e-06,85262268280.89433
9616612.112567633,1.140342174809588e-06,88104611654.5074
9642332.609804247,1.131446033875915e-06,88802708491.37386
9569656.686888643,1.136208872120995e-06,87886919059.76808
9504745.812851904,1.113825011736932e-06,88456386917.07689
9596909.158689495,1.113829822675126e-06,89313852470.89291
9411446.277813314,1.099543009309673e-06,88344914153.55397
8932753.284222132,1.527535481790178e-06,67347963526.17169
8936447.578112438,1.504425867684541e-06,68064039032.2614
9034795.783619598,1.49898844954173e-06,68979411191.49399
8699506.002744848,1.592730730508413e-06,63787123669.70956
8818412.563500319,1.558394533985464e-06,65605281347.37216
8700968.547437226,1.564945270033459e-06,64550780264.87875
8860066.560824897,1.467622417330376e-06,68605788475.9312
8751976.551843436,1.421608220079069e-06,69223389639.39052
8833836.582297452,1.421228007267374e-06,69883318972.14856
8817922.641919838,1.559818295668574e-06,65561710813.21352
8882279.995312262,1.519623532611797e-06,67199666704.25167
8878596.915936852,1.542744092919574e-06,66498994441.27042
8502117.347519701,1.412895284175041e-06,67523318475.45541
8463025.271158442,1.400121765853625e-06,67621027618.19459
8687601.692867709,1.382783241015372e-06,69994486165.07344
8745745.78092913,1.549827721800522e-06,65304217908.8316
8590675.516562294,1.502752647806979e-06,65479041598.16048
8809839.682584174,1.509623095729906e-06,66945643078.24224
8352367.927838948,1.50912727931682e-06,63483233212.98179
8250229.201621121,1.477392120806861e-06,63601715272.08974
8400533.055454934,1.48815305493127e-06,64447851660.49791
8999080.55791074,1.357742198096517e-06,73392767137.35864
9391582.984610312,1.332810364876938e-06,77546087822.53909
9134072.847025933,1.354846788219866e-06,74599802922.63922
8554286.845896991,1.413681919812571e-06,67912440884.73014
8740336.326788606,1.383613736655811e-06,70391178207.54112
8672181.114181932,1.403306814954046e-06,69187331910.2438
8792945.969349064,1.471263052657464e-06,67973690850.84331
8567283.932339529,1.43560533947689e-06,67321396607.47209
8685267.422500271,1.425191170441713e-06,68580573573.93306
8449614.199171731,1.461324743921359e-06,65615391019.99754
8403997.955053987,1.419789951314948e-06,66527806731.74525
8442953.62187366,1.432533702003351e-06,66439216908.16872
8582543.024417084,1.385115173047092e-06,69070414895.02266
8986315.535304461,1.352935080042224e-06,73462159721.1862
8808689.312955189,1.36780516461454e-06,71487229513.01653
8496391.610887527,1.223475509965261e-06,74274146121.63356
8689656.053817093,1.228552862168502e-06,75754195122.8678
8682083.587996637,1.204337024082777e-06,76699394876.70412
8391669.347682239,1.257315063421377e-06,72036446971.45331
8549343.209681468,1.267160391000716e-06,73009329358.85513
8586387.708216945,1.266489474044901e-06,73351574117.93794
9115132.190478427,1.138732642491774e-06,83588870699.26189
9251536.624273527,1.135909338466037e-06,84980267230.87398
9352741.407814043,1.141072256304892e-06,85650551292.1105
6714687.954138374,1.444751196896508e-06,52540853846.01569
6511991.588500955,1.488097590577196e-06,49960436245.64114
6556270.895423727,1.482013398481513e-06,50437722705.18793
7850006.706886487,1.313558623763535e-06,65449106367.15229
8203715.588396666,1.296277908153496e-06,69004675166.75348
7987471.726271113,1.299723599067853e-06,67066966648.5191
7671310.629077209,1.336903665343798e-06,63212479534.46038
7513539.653824453,1.351591961054039e-06,61463060642.5455
7671784.492679158,1.340783787628132e-06,63094363178.76714
8157347.49530983,1.312027797690127e-06,68064439460.1321
7872151.09729352,1.323416929904373e-06,65307385437.22577
8036582.830709537,1.312933675459739e-06,67025937940.3223
7536757.129969103,1.351189466164299e-06,61665229655.566
7480021.937525442,1.354176696403262e-06,61110989289.496
7637442.443461715,1.339519124917558e-06,62851455288.46964
7288965.465984681,1.355654985173063e-06,59506778867.17614
7356963.259124244,1.365042338014048e-06,59786230580.09774
7521919.002626413,1.348252186277606e-06,61633178263.76678
7598894.095065322,1.331836377797842e-06,62774482785.90258
7348803.362627912,1.347373751231669e-06,60240870442.02784
7582703.642103541,1.33995805688689e-06,62387360679.20876
6989904.423215495,1.366784752497325e-06,56755046947.4915
6935008.727432878,1.38672314306877e-06,55768269642.8879
7098325.368620723,1.363712197757675e-06,57721917842.92411
7220389.389909318,1.386723068537073e-06,58063176655.90309
7279027.452589873,1.384144022789224e-06,58607406435.12656
7345132.107400125,1.370228131111471e-06,59539386912.47375
7329960.708074148,1.373726473128998e-06,59315491701.23565
7246982.784339146,1.383353494851222e-06,58371624749.9716
7428278.664089015,1.363883365251924e-06,60399966694.64449
7578083.707205458,1.348084699897049e-06,62098524096.75684
7412509.855257018,1.364915281398935e-06,60241367192.63101
7511378.044905826,1.355059732650353e-06,61340502187.37546
6761136.596314264,1.436069043024379e-06,53117321026.74608
6602169.294602336,1.473318543939435e-06,50990454887.65912
6695925.848322386,1.453375542291411e-06,52186568047.15392
6934380.681815938,1.39931376946313e-06,55428221180.93922
6921118.668695007,1.407730000860594e-06,55101495342.20889
7164791.725667612,1.385699427262649e-06,57644456045.33739
6785402.680780079,1.421115067574954e-06,53681271819.06157
6568713.487506084,1.47287573797698e-06,50742233617.44156
6772283.970014563,1.429516505074492e-06,53367358952.74039
6834777.58451859,1.442413392710199e-06,53538297381.36559
6999696.011282488,1.441837669384366e-06,54844733989.29484
7062059.682967363,1.412702150394146e-06,56091576458.55083
8525200.686513238,1.293410430143048e-06,71814758667.93323
8415804.427781738,1.292689077963633e-06,70919595227.29657
8364483.439888461,1.302011860832938e-06,70150240670.48436
8156783.706695721,1.304696592930828e-06,68314452818.5941
8194300.587362479,1.299043930785016e-06,68827606238.23204
8438337.254765447,1.295199616448463e-06,71017558998.17078
7682039.204419277,1.34251607506784e-06,63124340842.70066
7783687.11035548,1.330808357284581e-06,64334168190.05157
8067290.818077269,1.31943087684869e-06,67060988546.6332
7987707.63472012,1.331767574377783e-06,65988745088.9202
8542631.594130946,1.323714676039228e-06,70859065684.78922
8238575.813071259,1.319761730672516e-06,68473383537.70506
8264412.643303281,1.297314899612107e-06,69478172960.29909
8438382.578803813,1.297778564823078e-06,70923824589.56009
8509483.456942394,1.293444746891599e-06,71681091661.38255
7496262.758244985,1.383156870726671e-06,60385199953.85531
7367109.696086742,1.361805689245655e-06,59963509142.69339
7432526.634903253,1.356533671374996e-06,60652599940.76653
6909893.987448168,1.393213645906632e-06,55393597547.75306
6964690.388363256,1.373284189113249e-06,56371752290.38412
6996962.691466591,1.389694222767095e-06,56186251240.40675
7199729.049490282,1.349356573988428e-06,58961021614.39445
7223602.03051725,1.344266818912412e-06,59305753136.05007
7188393.616758866,1.362933237517711e-06,58476601956.57625
7854653.852615251,1.304423964502348e-06,65793229553.54725
7671951.911097159,1.314982719369658e-06,63918392095.95787
7718341.508253393,1.318212649294061e-06,64199799850.52847
8095042.342477657,1.239788823820541e-06,70143480779.02882
8120713.1282427,1.233416929616687e-06,70608052355.08525
8102386.106278803,1.25154904605589e-06,69766620451.22231
8075715.276172813,1.256748817155785e-06,69345030250.56534
8094012.126563112,1.238659171955877e-06,70177189095.78232
7988671.233708661,1.260669441562751e-06,68455297897.92336
8155630.865581181,1.271159468073039e-06,69500970613.20207
8095755.246522704,1.268269599636005e-06,69095481603.22284
8027213.863408134,1.285687577210071e-06,67890322022.82339
8176167.472316638,1.261435211793966e-06,70033604409.15657
8108866.345567854,1.246809948073613e-06,69999236492.81313
8116216.375791088,1.258555244454803e-06,69626103956.56146
7547595.430755505,1.4883187193128e-06,57899922640.73118
7776169.411692751,1.486331702023273e-06,59706537490.50211
7831110.360787123,1.534975753776436e-06,58851246311.83128
6819489.016736121,1.468777181254317e-06,52777387629.79571
7024575.381512962,1.455055745633853e-06,54705835580.70411
6906068.110576973,1.519298424856451e-06,52255916068.56364
7208336.712706813,1.432015305474892e-06,56737469006.27459
7311222.153270924,1.41870245090891e-06,57906737992.7003
7331330.572058553,1.454202117291287e-06,57117118201.08221
7457487.397005544,1.319161505782921e-06,62000312943.75381
7435728.777314004,1.337320106946145e-06,61258537475.98627
7421638.323258453,1.329663128579742e-06,61376959267.94455
7736407.946026881,1.277753034649905e-06,65701418825.38634
7757929.20749015,1.295642398695737e-06,65276327293.91828
7710632.446625249,1.283951558806288e-06,65271597531.41864
7822501.472493924,1.336062227633233e-06,64485370023.11677
7821715.829082592,1.35494923651147e-06,63878300117.45083
7797379.187324964,1.321505437707373e-06,64749440224.96452
7885134.150390866,1.315287847528918e-06,65684346193.52367
7832921.895605404,1.321670731031724e-06,65039163623.15466
7786192.521580581,1.289228632658402e-06,65731242703.52709
7720863.102249684,1.266361245481249e-06,65962044960.92138
7856950.212941921,1.301455622755081e-06,65912496072.5015
7758186.125294567,1.275402921371024e-06,65967281845.15147
8103157.538110916,1.334461014786233e-06,66852402896.89353
7940276.67339894,1.394220940789794e-06,63623062162.48577
7969988.452391,1.338843569861657e-06,65610165623.44091
7754707.962343522,1.356830241293355e-06,63272515967.30106
7556186.081663046,1.343570108981854e-06,62057711431.92766
7730475.871002299,1.323358002852219e-06,64133951186.55431
7986329.529802874,1.345640199800088e-06,65523123291.52428
8192305.900050088,1.41064502609373e-06,65131987751.30857
7933782.750439581,1.35203136903291e-06,64886715639.96224
8019883.032232444,1.441128587240305e-06,62858818266.9209
7707973.781853548,1.406281625905337e-06,61408057608.59267
7842998.102486352,1.39290624812958e-06,62883135079.98923
7877675.746224545,1.639550740199462e-06,56656297916.15173
8060194.511864122,1.598045378347226e-06,58968414490.51321
8598545.494700821,1.650434801069905e-06,61568618908.31582
7055681.628436087,1.64306251947266e-06,50672179377.27868
7256807.084734021,1.61585701498861e-06,52699960851.65836
7263307.476042087,1.680911699312513e-06,51377286455.6939
7045765.469048015,1.548087860648248e-06,52649927731.12575
7288089.32981594,1.50600970298326e-06,55470469338.75469
7259745.308954461,1.56189330331636e-06,53928765172.96298
6455528.786045366,1.51129272980391e-06,49019185783.78569
6601366.585115511,1.487259705778167e-06,50665147266.84428
6385955.76409477,1.555455208311395e-06,47568658020.15491
7174139.655530091,1.415391542888257e-06,56909586369.14784
7193866.76844981,1.387702671479379e-06,57822665449.06476
7276781.622344997,1.402076747706332e-06,58088676810.40381
7014736.807791806,1.52207458020398e-06,53013615717.89305
7134168.859798593,1.457874346759686e-06,55487691279.32387
7256531.013553794,1.48001753429851e-06,55875035913.25932
7048665.698940716,1.38511735297058e-06,56726048687.82972
7016274.242068653,1.368731334178174e-06,56915132254.14256
7116559.542332411,1.374956748328699e-06,57554249622.6789
6842795.682156155,1.441516178269667e-06,53623343826.47376
7000122.752632468,1.41026037135425e-06,55663791872.21841
7048229.611528132,1.427801519401269e-06,55586349092.33826
6798249.933657523,1.436858930998941e-06,53389317932.50423
6868260.168157965,1.409124821882578e-06,54644580259.22233
6955066.993011392,1.405588534369109e-06,55427996430.77042
6462100.519712719,1.564278934795929e-06,47954670506.56084
6678781.171457469,1.496094089242988e-06,51057311510.72857
6764465.239902108,1.546609021891414e-06,50580110829.17342
7373982.435113234,1.327364839519182e-06,61053217917.16821
7550912.578427672,1.317877532852573e-06,62817802443.97554
7593418.13181351,1.309806008596437e-06,63430674475.28175
7123929.420496797,1.414002498614923e-06,56548291773.18937
7075564.470360394,1.396431401793146e-06,56634537069.41627
7143587.426804109,1.386279102884227e-06,57457833495.68674
7766109.308890475,1.332115655274792e-06,64146880934.00307
8084240.418143736,1.316007359700455e-06,67318382938.61954
7782494.2904365,1.32398192606614e-06,64545223118.54925
7219597.029059349,1.343737112178813e-06,59288448136.06967
7060793.231328624,1.356058229667533e-06,57632563126.20769
7169760.460511198,1.352957547264567e-06,58611369146.49706
7214886.540897325,1.384354188254584e-06,58085093563.46197
6970355.754810091,1.406393080004122e-06,55528651952.81316
7132564.396523053,1.393978961260035e-06,57157718943.5329
7568894.993271707,1.41142588408388e-06,60153434446.43043
7705271.173032693,1.446608394589544e-06,60240320466.51418
7457441.002318272,1.413096508092158e-06,59220937391.19089
7717887.104345884,1.372428438801303e-06,62494042108.42542
7583948.757079585,1.385796242446556e-06,61013949318.55329
7519840.153950386,1.35919857936427e-06,61284879209.20542
8020757.193795891,1.457314353088106e-06,62399322536.96835
7846456.259967118,1.457653525510336e-06,61033838832.85318
7708830.776366153,1.422483889266051e-06,60947646684.31312
8397657.132429389,1.501074662668171e-06,64055527105.34787
8742588.946366476,1.546620973478786e-06,65370849589.54752
8700900.421909569,1.552397030162217e-06,64897653781.58801
7934055.134023061,1.308677484299583e-06,66314239548.03441
7797298.992101841,1.273590983321592e-06,66362723961.19081
8066924.92401102,1.304304165146452e-06,67575421151.0229
7497860.181252877,1.333105198805637e-06,61900533128.01446
7519709.450821768,1.314974078001559e-06,62650267938.90369
7671479.841742574,1.312895325836001e-06,63982186895.85645
7702112.978354938,1.22232801276268e-06,67372817265.7989
7590783.021641303,1.228664987572519e-06,66170475541.88403
7747861.78280683,1.209183040572992e-06,68263282257.9348
8086556.626735776,1.235171255364938e-06,70244476654.52373
7871064.032416103,1.242406742207907e-06,68106868535.49065
8162957.461272758,1.217640737807436e-06,71587097384.46062
7679994.528875455,1.249687345995956e-06,66195224963.72208
7597705.69697016,1.253696800858923e-06,65346267820.71326
7689949.03357588,1.235445047049778e-06,66789445780.84852
8640793.380466538,1.167275879152904e-06,77941952240.68806
8366615.175646372,1.180764479339764e-06,74892950537.68158
8376992.703952201,1.174197659958163e-06,75265161321.78531
7807181.489399885,1.318951342380541e-06,64914506401.77422
7782083.836458008,1.30439375472777e-06,65186365083.44063
7760529.07412054,1.286498156107804e-06,65607257658.52922
7591968.658309542,1.276655426775726e-06,64511718261.85778
7787760.363179407,1.267131555821027e-06,66506604445.52644
7576729.976042833,1.2510978154817e-06,65256077642.79346
7959900.840292084,1.206554847422723e-06,70233279023.20744
8127910.788828417,1.189113387281166e-06,72415258033.01479
7906628.266598762,1.198112149919282e-06,70090583024.64713
7138760.032300727,9.632002520437992e-07,73194490457.19235
7072236.081333117,9.522089833562881e-07,73069348204.64262
7366892.987613054,9.688487261093836e-07,75239698441.31818
8460996.124234529,2.381562264418929e-06,47443880412.26917
8332053.646667207,2.369294647940529e-06,46881986836.89993
8329481.613094937,2.408962806816525e-06,46351583701.61988
8403139.823600179,2.432592703300931e-06,46458158381.45161
8478876.052893398,2.397440187257315e-06,47333988327.73822
8347222.111744431,2.424656362959005e-06,46249655858.95593
8726639.535789946,2.326439209676831e-06,49703377119.19131
8807868.075016612,2.288726525479384e-06,50715595869.23707
8635576.590234907,2.349024621682959e-06,48868944734.19884
8686473.790516172,2.180264526680917e-06,51661941235.26554
8642989.559525622,2.124003643709642e-06,52307080825.87634
8716312.689265871,2.161949085788291e-06,52131772783.94044
8853449.55079611,2.140774889519674e-06,53300569445.12153
8765444.537653079,2.149074380494965e-06,52634800544.13859
8988415.793150207,2.19486211679222e-06,53220423449.22832
8882433.590816667,2.08073119931782e-06,54498930925.15086
8891314.456583736,2.029768966933737e-06,55462771100.17506
9007320.593673119,2.013744044511544e-06,56484086311.11471
8720561.094421688,2.276460992638531e-06,50393085874.40721
8510963.024665006,2.290723283945032e-06,48977538003.55042
8419515.001349388,2.324610071696125e-06,47979273211.05482
8671802.838657223,2.175023267111396e-06,51657508654.97179
8657602.531341389,2.14067076565279e-06,52123198519.29287
8628355.390451545,2.118710782729675e-06,52305445675.73905
9019831.205862982,2.230841665525657e-06,52830644911.96033
8810781.884408113,2.219452524122593e-06,51782602934.84958
8964044.509001724,2.250746340029977e-06,52193886384.75965
8963622.383152261,2.209055057025683e-06,52846049314.57489
8740960.791518027,2.163290234022734e-06,52257582200.01231
8755229.269751968,2.197583118940928e-06,51796925603.91393
8720778.697923275,2.194527644954241e-06,51640990268.68607
8586186.823292034,2.258189658484603e-06,49883860695.05655
8796703.496171428,2.243968686689112e-06,51322612919.55606
5864638.883075609,3.534030241326067e-06,25277130335.25524
5595517.290659948,3.502271574539933e-06,24262768951.90691
5751113.571075549,3.608869395287433e-06,24443937642.4887
7277595.878645497,2.587143124978149e-06,38616623586.92194
7187946.718614627,2.63969264779399e-06,37633037566.35132
7116512.639736064,2.622990086019584e-06,37417042650.73116
7962722.934176609,2.430070095953556e-06,44053701403.55621
7563125.098519661,2.508896386634753e-06,40961840918.53858
7778200.993285812,2.441816676988406e-06,42894715433.06338
7271239.252155414,2.582690770711884e-06,38627223679.34634
7226664.986178787,2.629601458725208e-06,37932485530.26965
7316554.524797776,2.577084962321955e-06,38924298008.43911
9235545.901538722,4.175343869297722e-06,35617853130.95669
9043277.770288967,4.144180363737613e-06,35050975152.10543
9263822.983191602,4.278036797718015e-06,35152852392.70387
8558098.644592835,4.233957305431403e-06,32699891011.10635
8317597.892351615,4.243948121967546e-06,31731057297.22914
8020613.715351424,4.111684661276054e-06,31250794812.83313
8771454.230827855,4.182775772013712e-06,33787952818.58051
8672039.567833621,4.218624110250369e-06,33215492565.55072
8130930.659342564,4.096312800253228e-06,31759830968.01644
9476315.51242174,4.384994097102647e-06,35372045094.43884
9585648.044838671,4.510363292966965e-06,35114012786.68993
9102835.586199639,4.341923526019699e-06,34202295273.20214
9291426.448994637,4.193788938922416e-06,35728217269.61069
9428577.679131661,4.296907958600323e-06,35673206631.14143
9157634.852938145,4.218102869800808e-06,35078300542.96046
9374903.412534613,4.499380445227294e-06,34397878460.86619
8652239.878255241,4.340881461472277e-06,32514464105.77901
8897496.821742309,4.330877776896196e-06,33487589694.58757
9534091.272933485,4.446718069651911e-06,35257613157.88919
9445914.392621579,4.528831035985511e-06,34508010901.0511
9535503.166336501,4.409673832263489e-06,35460046687.05965
9381487.562113872,4.23248627466997e-06,35854307169.66068
9517888.765352046,4.372680857688761e-06,35593888643.24508
9519299.458583327,4.335471354018125e-06,35802562240.26333
8899044.460122734,4.432330680254534e-06,32980351031.66513
8070092.406177196,4.544307457567058e-06,29414854391.47665
8426167.839908104,4.546771523914778e-06,30701624188.45358
8844113.458804702,4.867186022780032e-06,30794205851.16992
8562842.28638014,4.903374740190742e-06,29667973890.13814
7966713.232531698,4.558063564074292e-06,28979591980.49717
9280030.869379861,4.798230208771295e-06,32620857050.31524
9218527.657636086,4.871236850866751e-06,32080076752.43842
9083851.734977983,4.685254626200404e-06,32442519301.59094
9215525.809433397,4.867104274316221e-06,32087781072.79836
8829927.918567484,4.960426189071218e-06,30358326713.1876
9154237.079364082,4.939904396837952e-06,31560445603.19367
6183021.937437853,3.245459031891533e-06,28206554105.10538
5985149.152736418,3.284273628814516e-06,27088321106.05303
6064951.536235106,3.257699179276e-06,27598576518.60144
6610513.806428564,3.199407711576101e-06,30445433238.43038
6361806.763187603,3.210829772266213e-06,29230457939.11249
6333005.58624676,3.169452284683531e-06,29350830370.30251
6723487.794010509,3.234834928161259e-06,30739245604.67893
6781098.420641096,3.311434504743171e-06,30522675620.61733
6472644.258582585,3.246357488822981e-06,29522344477.69407
7371411.869689028,3.29088525246642e-06,33317738710.45135
7005433.949100634,3.322492151381855e-06,31462439990.25142
6946876.109015407,3.245986040431005e-06,31687778125.4696
9150536.423434876,3.553267686302859e-06,39297169471.62021
8885687.793749781,3.604471247454589e-06,37797522958.48668
8519936.075608449,3.516643869832185e-06,36842640064.09635
9203014.40131468,3.151179386284304e-06,42816847071.05292
9054990.537721744,3.084187291978732e-06,42736029641.80886
9272608.536077514,3.065330994448227e-06,43942390021.41932
9044490.461253149,3.891759524895221e-06,36555559923.40088
8791079.420866432,3.97076018592718e-06,35058481211.04936
8911115.679936169,4.026000450921724e-06,35211365608.57148
9248014.362111894,3.430357060235182e-06,40658898660.88303
9175816.384427439,3.486235626326363e-06,39909249106.46268
9357924.651716193,3.512244512765485e-06,40500126734.91408
9037548.037409188,3.436449168794934e-06,39686609920.54185
9213212.62613879,3.417916007768372e-06,40604126302.93178
9322916.527349964,3.499902886149784e-06,40443413138.80785
8514108.302013261,3.478403882814309e-06,37086783193.01963
8861893.475220002,3.451553377713301e-06,38801644220.7093
9144496.792709673,3.515065316937155e-06,39555257154.2127
8416295.578177074,3.314988742200371e-06,37855844657.53244
8486242.355516121,3.256376106347332e-06,38627125518.97408
8710508.97962375,3.367093200349522e-06,38773955510.20158
9480511.941444799,3.103831120982189e-06,44555337121.03051
9406533.350462668,3.058711262549141e-06,44641345733.46845
9254225.985759214,3.120391133026607e-06,43337854838.49549
8106394.036856026,3.767441456144363e-06,33480867481.46458
7865089.664459805,3.730273674556374e-06,32699658304.33566
7753268.545551742,3.855659799623351e-06,31532060782.79948
8547557.562207999,3.84362416758794e-06,34834915164.53365
8367381.11311916,3.801511365609279e-06,34351999566.71201
8367558.381009779,3.912318016046537e-06,33700989422.49963
8607436.293952789,3.953596590032168e-06,34425393624.14428
8607891.235119157,3.88172899954754e-06,34850843679.59102
8427254.526922049,3.950330376820527e-06,33723333606.75655
9108326.835432643,3.718675496069813e-06,37947201322.99879
8549626.259425787,3.75300818871236e-06,35401972110.76645
8731743.904889265,3.79521819453183e-06,35887495974.11011
8388766.292882314,3.633913716419139e-06,35490737260.52208
8022736.759240901,3.674803825414078e-06,33689903672.94924
8266429.294972099,3.712032372098e-06,34480756491.20818
7359884.774197344,3.577609158179274e-06,31463648817.62584
7001044.528224327,3.600502255853616e-06,29802597329.00765
6690578.952040079,3.458569296515461e-06,29254951254.58135
8606801.672889505,3.672522839000675e-06,36157533068.92937
8289473.372074285,3.758423457795648e-06,34291761993.74742
8003093.211284271,3.652030102454183e-06,33746984811.21953
8376197.858387309,3.360838413133792e-06,37332050034.75229
8669715.590764293,3.413004006387168e-06,38245497855.66757
8325760.04856587,3.439797226589712e-06,36537205586.44933
8803597.296814894,4.024761516515104e-06,34793656150.53621
8928517.505945742,4.080855261807987e-06,34963257873.09351
9119568.226221355,4.112042653803738e-06,35530599570.49223
8367924.728567397,3.881140435634043e-06,33882714254.79293
8556511.28548168,3.958317449373815e-06,34194504396.48915
8442031.613048857,3.979589660589233e-06,33616676760.58687
9042880.358544104,3.891488332198294e-06,36550750309.60834
8909517.493557639,4.025753990535248e-06,35206487380.47578
8784730.739648029,3.969620864013584e-06,35039865849.27082
9318790.457695223,3.610770951345196e-06,39593715034.05466
9178652.554428803,3.746929087646033e-06,38047718043.57169
9051500.191098109,3.662054238615657e-06,38098164268.58261
9170604.765239114,3.756894863820819e-06,37947102080.61004
8792723.02377397,3.833374866186952e-06,35897912843.27738
8792263.224153619,3.905296601256296e-06,35453953106.88339
8428080.143698875,4.035831450991043e-06,33248595910.79483
8723165.701738061,4.126142477000963e-06,33908713175.33072
8136061.434001263,3.99499788182361e-06,32314927330.36464
8936159.430343596,3.847010870292472e-06,36397255120.04089
8679548.690741206,3.925178177210386e-06,34881157919.1312
8489603.566075863,3.847969265978261e-06,34572677443.04169
9099728.546144396,4.137577904113633e-06,35307284288.5583
8967329.347830689,4.161738271928811e-06,34658780509.15372
8668107.246817006,4.071554730258704e-06,33995186234.07417
6693918.761442524,3.57193193927581e-06,28646945421.64608
6141273.990730143,3.462956493396745e-06,26830398110.7406
6390417.478088247,3.42983894667466e-06,28098302214.87006
7150088.023722688,3.347201677351602e-06,31953870298.43081
7579267.49908362,3.310438477731415e-06,34122189273.0442
7382366.740908279,3.270025428934711e-06,33509004795.83896
5838233.332277451,3.347999666810443e-06,26087022376.9397
5816564.386408384,3.421425093770097e-06,25617014592.72797
5996215.6612037,3.353043378172455e-06,26766060983.10677
5373479.630271315,3.820099845622253e-06,21989016109.40112
5230623.069545121,3.887280591971696e-06,21157101272.40789
5287104.759140424,3.974991744131509e-06,21069800733.69277
6764795.568551726,3.427450993744934e-06,29758235352.1581
6484709.491706504,3.472589893118343e-06,28278401757.52156
6545281.798186593,3.509556677900574e-06,28341761708.40189
5223810.683888513,3.666742923346566e-06,21968502519.52735
5214848.821210865,3.810033351167905e-06,21377448614.9405
5357491.261635694,3.742961836813103e-06,22223777071.46922
5923462.590719054,3.012481291890137e-06,28398326259.17121
5978061.486298572,2.982814531197453e-06,28849804697.29139
5816156.556511854,2.995063232976596e-06,27991881498.39784
5712606.144569593,3.372792151964861e-06,25400439442.82862
5495114.821149511,3.45219090200539e-06,24057301019.3097
5691171.820784221,3.446202337627479e-06,24944483489.60244
5872940.24462738,3.248874606946617e-06,26773199999.53076
5852327.972248247,3.305273362555503e-06,26374874440.97009
6010499.61422322,3.309327200688308e-06,27065585988.65231
5753885.466752576,3.259545899697304e-06,26173179211.32552
5536021.932266948,3.349345143072989e-06,24730023744.66714
5733483.372050441,3.31541561064188e-06,25786549832.40205
6063934.664780895,3.077176462297521e-06,28662863723.95335
5948918.131734719,3.097925227067443e-06,27993510968.70878
5995045.084653803,3.109868210441754e-06,28138296192.83467
7756727.082099994,2.867496698588318e-06,38430546481.27715
8195205.517910731,2.834405138566926e-06,40918392581.26439
8145377.91827995,2.82074041880712e-06,40800845023.10931
7661697.037275984,2.895737706735722e-06,37712514834.7689
7759336.46523688,2.933589879613291e-06,37863868684.27775
8097518.264678922,2.862571285953532e-06,40164996106.02119
6849305.236141695,3.034063772370796e-06,32681103887.67533
7095377.832694899,3.013212304052942e-06,34011232646.10399
6872289.20137136,2.998579871794784e-06,33048951037.06149
6272333.689073733,3.050575075638524e-06,29820025449.70451
6589604.255923972,3.046831117241151e-06,31354057121.11938
6402321.959693143,3.030116201170299e-06,30574872487.80329
6911776.642267008,3.124406335894103e-06,32340347988.4523
7093927.888298208,3.097192220755291e-06,33386789804.45095
6856895.384853805,3.075537296037102e-06,32422526823.67975
7407483.946388883,3.016754613968669e-06,35479492185.19939
7558141.319034246,2.986837062085438e-06,36442429322.33351
7344998.740978289,3.007412519157288e-06,35253025097.79884
6236833.10468608,3.07152698327455e-06,29516253572.68238
6259458.155211879,3.115486104665893e-06,29344014466.37692
6553215.63390993,3.068675612197163e-06,31032764863.82593
6044644.570423558,3.031462218200872e-06,28858205996.44619
6137280.930326481,3.04718556809412e-06,29199588746.29379
6265869.379850449,3.026668351334195e-06,29945951268.8323
8328796.855991239,2.812944459975671e-06,41796652259.88227
8325624.069391315,2.817627009891769e-06,41734427711.61411
8286540.540069088,2.783735435117362e-06,41874980796.54757
8298539.32389224,2.855599980115757e-06,41229057742.90732
8350077.147178128,2.815855420938804e-06,41874559653.08633
8420181.664541908,2.758959113874709e-06,42804682996.78879
8313162.858129542,2.911220035813643e-06,40773963915.47191
8274014.033119047,2.894439235705191e-06,40738649576.33533
8333900.489571304,2.858235580461347e-06,41379283178.27641
7897446.02182588,2.940111971127387e-06,38480799442.95915
8217973.62778473,2.922484126468289e-06,40203448108.83521
8238592.264235784,2.869605339296584e-06,40797939404.82279
7568524.849809027,3.022381300662694e-06,36205821457.41154
7680702.284058355,3.048094604198476e-06,36535520882.82359
8037761.433703277,2.974727340765009e-06,38860078046.51585
7923281.962330706,3.092724369364516e-06,37325958337.06091
7737955.071542965,3.137403719199585e-06,36105990682.64187
7956674.65554387,3.142637643442867e-06,37085322620.19854
8232320.160488334,2.903534077445621e-06,40448675061.44061
8312020.308683156,2.847526250277865e-06,41374056649.01107
8315190.5023626,2.843005811775985e-06,41433698843.65542
8502573.190803036,2.783033497014732e-06,42973898789.44409
8837050.870119408,2.706913241361383e-06,45497876828.17271
8598586.233138748,2.722501666363485e-06,44100984184.54662
7581782.272400779,3.003896695232069e-06,36417878821.44561
8051423.469075463,2.955947111977798e-06,39090830410.54064
7734192.955524513,2.973812961637733e-06,37400083296.88702
8139740.915330019,2.980028366804725e-06,39306434409.08794
7780398.153469306,3.053363333815041e-06,36967166598.19679
7968252.081274713,3.043347094741358e-06,37942744418.67391
6943342.034874932,3.041862256804101e-06,33073147673.03176
7252911.671761571,3.030300846553935e-06,34635534205.27747
7191083.231965461,3.021203109550583e-06,34409183456.98873
7983548.833187091,3.463140130352766e-06,34877815513.69231
7616890.215887181,3.502165953446151e-06,33028324911.21815
7813288.718154127,3.598703601113301e-06,33271303843.05822
8364830.908023186,3.576298073914246e-06,35768552101.705
8171594.115024123,3.481868790172928e-06,35571200250.85372
7999329.765427872,3.617475431369961e-06,33945577935.24303
8886659.632251322,3.185770144948816e-06,41045188506.80849
8436441.68368257,3.225307037880966e-06,38646656998.29604
8622249.228378991,3.264162719068842e-06,39183753759.87914
8013263.361725335,3.22386215575721e-06,36719078495.87124
8003013.860450752,3.195736338368529e-06,36886966534.46053
7878069.476344184,3.270978372277492e-06,35752083678.48885
8127221.613635729,3.24053304964925e-06,37113433314.52363
8044516.178328957,3.236575995488685e-06,36765690216.53954
7910131.658262683,3.289736081654606e-06,35761001534.28131
8113218.999842419,3.361514552967964e-06,36155125095.06627
8144457.810637457,3.271942825334892e-06,36953737873.14064
7927136.217881331,3.320861241340983e-06,35613596574.32072
8878365.38917478,3.148427911792355e-06,41330485973.81779
8589592.901696876,3.116089609631889e-06,40262365688.1784
8428360.323378934,3.188317870893218e-06,38907681466.65926
8381046.748677273,3.117515186767969e-06,39272861372.56521
8128276.961570055,3.157099358978734e-06,37769362966.6801
8138606.338390603,3.1856436298821e-06,37591118537.34269
7129868.594563282,3.451726137820289e-06,31216962184.11759
6926582.243122996,3.422029702677283e-06,30502105016.43815
6704437.520312438,3.504491675105621e-06,29058888113.01345
7566910.538582278,3.232615634448443e-06,34611138621.91585
7766241.065286909,3.27316518754034e-06,35228886628.93591
7890298.994273961,3.197953219416157e-06,36350639560.11615
7232793.702500011,3.263011897846452e-06,32877110390.26476
6982193.249812867,3.281828311855895e-06,31616560825.91917
7002899.011423318,3.339965970511656e-06,31341263598.85153
5833761.303420602,3.022821420134137e-06,27904462491.77004
5727274.584612913,3.005509986456891e-06,27500202274.2316
5621706.506864892,3.024397416249834e-06,26880804542.83509
6050762.280267332,3.055656853606903e-06,28734724412.39493
5958783.687436114,3.040193067233488e-06,28393799457.87265
5919860.330612338,3.061077855319262e-06,28079877575.87446
6318556.943749284,3.013275734660217e-06,30287167140.80161
6347185.549802229,2.993612545599847e-06,30557475174.60612
6096395.63896314,3.018056257982822e-06,29191399941.76886
9015474.739001414,3.428877072621836e-06,39647942701.74938
9037294.536623748,3.323395958707301e-06,40580467420.8882
8767539.097758133,3.332369899369822e-06,39298463988.12003
9269577.999405582,2.954784356397951e-06,45016953654.97935
9383973.077053368,3.006987528381089e-06,45043521387.53193
9352105.51849431,3.010536421562194e-06,44855269925.86881
7535807.146723377,3.386220985598392e-06,33418445508.81491
7762209.36910856,3.325977403514065e-06,34836872296.68124
7895336.756821233,3.273212423392498e-06,35814140357.18378
8246963.014384297,3.358295314140527e-06,36774614138.34709
8462527.10268807,3.30729582612562e-06,38122792980.78909
8278458.007625296,3.268431789363334e-06,37588630207.90131
7612175.503834536,3.44378646359672e-06,33379870663.818
7978721.960094262,3.404233535473643e-06,35257682891.80354
7794197.003633458,3.363847985697468e-06,34717395557.07334
8576622.332864033,3.546260744126393e-06,36880984889.82423
8843784.005769789,3.497113511911321e-06,38385303108.0102
8380940.319818609,3.451513306504457e-06,36696083334.62896
7832785.903107959,3.904749960165041e-06,31587901118.75451
8187872.842477123,3.927371455088164e-06,32892971086.40387
8187697.488257505,3.816855390553185e-06,33524166140.44831
9375546.825414121,3.628588364914381e-06,39704354344.12289
9389914.146764079,3.56184721990006e-06,40260401047.45444
9207493.354092484,3.535691511987022e-06,39672707176.6914
9207963.534658043,3.233282457437075e-06,42111543533.08581
9430475.031028796,3.147545682626025e-06,43908864695.10647
9204790.630532844,3.163857317253981e-06,42710631055.23866
9000456.135726426,3.378636404042254e-06,39973319506.89524
9172679.954421602,3.268997904549317e-06,41644067901.41319
9175761.609199708,3.360191333219292e-06,40900892384.00085
8253083.612508062,3.200102889051169e-06,38004960346.45824
8412638.865139842,3.128404503038401e-06,39329368927.08744
8169738.598546823,3.196320877629309e-06,37650832202.61551
9043525.394044753,3.264891478980808e-06,41092124518.87386
9040380.951262468,3.195538242269334e-06,41670052920.33021
8773676.273973461,3.274141514611011e-06,39790858413.71358
9231865.952550728,3.053161796924573e-06,43865485804.97056
8788908.960712342,3.082190577025864e-06,41498140840.43155
9080985.089163546,3.114684298541188e-06,42578491759.64365
7849521.787164227,3.07944829259358e-06,37084684487.3098
7663081.041878302,3.089404600135021e-06,36126028976.14108
7665064.660895835,3.124274427186584e-06,35866007926.39455
8185781.686370232,2.978849835547389e-06,39539188408.72695
8083430.205282686,3.038085612803157e-06,38535620301.00706
8311226.500293806,3.029537703726887e-06,39696072805.7869
8209309.789030395,2.933331392196151e-06,40061993666.1414
8248305.419247456,2.949962524865004e-06,40100864417.42793
8075670.682003753,3.0134111079092e-06,38708500156.91638
7444821.802333491,3.163789456900037e-06,34544792688.55714
7076698.993181472,3.163152719446399e-06,32841068827.49204
7340816.282983417,3.20386012924561e-06,33777589752.3405
7347442.780294892,2.839991620448916e-06,36637416375.48384
7651316.144814933,2.81017551844371e-06,38422048536.71064
7807068.140289268,2.777280158781041e-06,39513136876.45359
6611151.818344664,2.936677510774388e-06,32238361346.73565
6770106.571473115,2.936997128827442e-06,33011086901.87548
6730437.033146744,2.918548096125145e-06,32955812941.32605
7649178.006864481,2.865091252861747e-06,37918905665.14507
8035158.11018816,2.817997425361249e-06,40274859335.24818
7757480.137985714,2.823383582919828e-06,38833578777.45113
7230918.483425985,2.940314456537548e-06,35231484769.21827
7378602.517565012,2.908025891224045e-06,36216677271.8163
7204081.27086256,2.916371379515008e-06,35292578160.34885
7320646.54929266,2.949813033095844e-06,35592058969.39596
7565648.65399263,2.95530120723783e-06,36737675025.18851
7469239.442666505,2.917822933282461e-06,36579443408.37663
6844382.72832338,2.948504097768e-06,33286372035.29709
6693016.962278321,2.956635334757787e-06,32490526603.9189
7020429.990109366,2.956056784348998e-06,34084364252.00593
7060971.800982363,2.889992841414115e-06,34801660476.69012
6929893.123596463,2.925946670453599e-06,33875231040.83298
7080423.63486171,2.90992063476544e-06,34738026887.92525
6574423.813139861,2.945658016731896e-06,31994069238.40222
6582817.560121574,2.954375629925933e-06,31971867967.207
6732939.04396643,2.94591909433815e-06,32763538937.97363
6564713.255099491,2.914985494317406e-06,32170526037.70765
6560117.933710932,2.931245998118933e-06,32029006590.78933
6678943.915817348,2.912931132945406e-06,32745702998.89323
6128123.947024338,2.945985062996784e-06,29819968501.9101
6430680.868602943,2.954139110970628e-06,31234627382.72784
6422384.714432905,2.945564691528309e-06,31254839541.59086
6943666.327644171,2.983015279192039e-06,33508258546.68115
7167901.261881681,2.997524975965706e-06,34478641095.05487
7136549.683592508,2.971534720555178e-06,34527708321.20011
7782716.573570951,5.369645444363161e-06,25380537077.19401
7864020.552337512,5.402320451307166e-06,25542167307.01571
7944146.031677144,5.411053829609592e-06,25774642445.87287
9015148.438018924,5.016263664800743e-06,30764697187.45165
8626025.925792105,5.154377723558574e-06,28908569261.93304
8731148.688985361,5.052321446492015e-06,29653598390.62197
7247720.248835351,5.210547815336244e-06,24114550155.68044
6251186.432343938,5.31022934670963e-06,20537784802.55515
6708443.857207124,5.35243341110726e-06,21924057925.9667
7804039.798356262,4.991167400246754e-06,26720918647.0802
7092455.283567206,5.084615348869804e-06,23986002259.62042
7647690.53509403,5.093076035620516e-06,25835103112.6686
9109257.911384108,4.659116249619903e-06,32654820489.75615
8310957.256838554,4.741408997190946e-06,29447342147.7141
9099216.301873757,4.766942144924813e-06,32125068936.25677
6667186.688813826,4.897963505240629e-06,23117041507.22343
6095312.689249415,4.926594215478482e-06,21052231064.32088
6561562.323600556,5.032421045963186e-06,22343743901.64653
7572253.227286994,4.654703277493533e-06,27162128206.535
7175808.605613722,4.78613778849761e-06,25266633549.75024
7628934.26690639,4.744675995729626e-06,27018392043.53297
7423794.320810708,4.624671272250412e-06,26744758815.56884
7041687.825256025,4.624581551145574e-06,25368520492.51506
7031307.714423729,4.756087248830489e-06,24862009567.58257
5457913.948704082,4.956511063947361e-06,18774827876.99552
5123885.438970642,4.9473931431549e-06,17647443328.36612
4914157.870839021,5.129154958948469e-06,16522860053.21926
5981346.120421948,3.794630156067961e-06,24585891750.97153
5876194.703081978,3.82235743826953e-06,24036726005.26551
5830601.206674703,3.725171811639862e-06,24263258926.88695
6540889.693082823,3.923836367815909e-06,26292359778.32833
6241475.770387541,3.83758740311395e-06,25463324363.103
6473520.212754182,3.83805790584395e-06,26407836746.81113
5997539.578503754,3.945924597068548e-06,24018207984.46929
5917870.108298232,3.877596764065319e-06,23976750958.86454
6023392.096135191,3.849775603578627e-06,24521715948.33485
6230118.525494448,3.53411692451007e-06,26851941960.22146
6786660.649751516,3.64308123399554e-06,28664446735.89584
6756735.184318705,3.714450025725046e-06,28171321386.41708
5844476.377896889,3.416195733496295e-06,25766204162.97021
5863638.974724904,3.439215071243459e-06,25735207011.57512
5828999.837539509,3.466659730637412e-06,25447975195.16392
6677062.277835333,3.409153142451383e-06,29477303518.0466
6945818.993879657,3.402698926158619e-06,30702549873.29149
7345707.794247436,3.528230823990262e-06,31695357546.81268
5970375.332856044,3.338913013429203e-06,26725852328.46255
6209919.857790839,3.371649225882381e-06,27617926627.88011
5964355.337379486,3.404603386776516e-06,26354361059.36285
6037912.910901261,3.304079667426672e-06,27217809556.64853
6236648.906652492,3.265126207456352e-06,28336833226.59574
6278795.216731451,3.336755304222297e-06,28118581784.41183
5833767.877496323,4.131335911607158e-06,22658029576.60257
5751516.725164246,4.14474988411093e-06,22290347291.16467
5745285.270683137,4.125790911991382e-06,22334357028.47073
6143858.241541612,4.178392279382985e-06,23682909005.30364
6018670.838635611,4.142909448365258e-06,23332626641.58227
6281922.688269612,4.149689756848729e-06,24326642229.42355
6034259.52060084,4.180164832893364e-06,23253859607.36523
5844525.551954269,4.155980659449669e-06,22609983728.46983
5910199.507838571,4.144194323966473e-06,22907378953.6998
5719403.431913387,4.15403975956308e-06,22132830886.07829
5666374.306180165,4.137752550961684e-06,21985123830.70549
5705460.694642251,4.128807822312664e-06,22168736359.08376
5726809.330545821,4.151441854686074e-06,22170734651.38754
5734552.480120555,4.157463555394127e-06,22179269139.54093
5720591.278658088,4.132221012615488e-06,22215285134.32005
5362489.607069222,4.162149616934221e-06,20724688181.90245
5360848.394417986,4.105560567630791e-06,20908291668.65767
5525312.098713963,4.134668742385528e-06,21448470787.1603
5552206.776043698,4.176240316337759e-06,21409604471.0375
5397777.652726564,4.187756459214299e-06,20775941457.31784
5511557.709006825,4.191290627638999e-06,21201951737.95971
5726108.564777175,4.168233296573959e-06,22108446764.15725
5634529.471430112,4.171411454514807e-06,21743809536.86608
5593579.609349519,4.186366054042802e-06,21534346161.87646
5812283.386907768,4.138611520024137e-06,22548120096.83449
5770645.136579931,4.160039071149809e-06,22309650256.9902
5637598.775736722,4.178117203299356e-06,21732369737.37753
5887934.709610445,4.120133817615507e-06,22909842546.54561
5938571.792402758,4.10411698439366e-06,23166949756.07793
5846025.872984041,4.141526148203781e-06,22668378799.75129
5865798.512872825,4.092210006323811e-06,22927420653.36073
5692086.543281194,4.069415100988909e-06,22331445365.57323
5681862.223473057,4.132595527664409e-06,22063552019.21522
5123366.305782272,3.958074496609888e-06,20475417462.24292
5004059.128847605,3.812150222540324e-06,20505754894.32615
5208355.260001282,4.000270616888587e-06,20668439352.59473
5279533.491154766,4.138540366162766e-06,20481609680.98641
5192348.174932727,4.039775362275473e-06,20470368579.47453
5277905.023492667,4.081810704555153e-06,20664567997.67249
4702412.189036604,3.654532913526886e-06,19819807985.97196
4458095.075627632,3.546078164044792e-06,19171251153.9523
4492109.386958431,3.43581503405568e-06,19728639606.28466
5001469.064333785,3.933488215225204e-06,20071462483.50557
4927449.879722409,3.834896923439905e-06,20111899276.51103
5066507.629912649,3.949322348375398e-06,20278086866.55659
4870849.71730015,3.859253822390399e-06,19797142157.20102
4550991.390713721,3.652230978886835e-06,19189656021.62476
4797807.103541792,3.760622794685224e-06,19839753274.99331
6007018.392017414,3.811145753818685e-06,24620030661.44291
6009122.393425183,3.725205263992672e-06,25006001014.9937
5916922.023235102,3.825790627103019e-06,24188840270.67995
8022743.154306108,3.996216031104663e-06,31858372324.4838
8605815.981134262,4.127267682427229e-06,33446470699.32649
7971484.166772871,4.040646652969488e-06,31422345913.57416
7117590.303748803,3.726423505449679e-06,29612257154.83435
7546324.805110842,3.867506235640145e-06,30627730164.01505
7086943.1161603,3.797818671709653e-06,29114061606.50657
7337825.659511256,3.730382654231321e-06,30506927296.1324
7986133.892802878,3.813712721616779e-06,32716833975.81292
7773046.419049814,3.871384990508759e-06,31526833507.49198
8738392.890269758,4.522057299344972e-06,31955149959.07781
9326641.442590974,4.445013116106286e-06,34499270857.10214
9219832.361252533,4.407499967234735e-06,34297422185.86537
9648761.057216635,4.640116268187764e-06,34683185314.27799
9449462.597067747,4.633766855689491e-06,33997813808.62031
9439235.142469157,4.742096266341839e-06,33441819178.50529
9682346.721544541,4.5642862925989e-06,35188334537.69047
9572462.52973816,4.439080144546088e-06,35440106451.32467
9482699.892715136,4.558137003974911e-06,34493750935.69476
8016389.423920418,3.931948048414573e-06,32179080168.06477
8232764.274503749,3.874421983915165e-06,33373959436.0728
8306271.552250835,3.972937234369206e-06,33112984245.13419
6791537.746652897,4.551809875017925e-06,24727414545.67794
7099525.816718874,4.452479450169991e-06,26231798058.30651
6120834.062357257,4.563891356370908e-06,22246092608.83407
8689865.229868444,4.193916309778162e-06,33414364147.17881
8386393.970380629,4.230168698455957e-06,32062949352.03461
9019019.199480312,4.298712182517128e-06,34114085426.16669
8532733.456355685,3.793547862127929e-06,35079855915.86028
8854640.784054946,3.707721628516322e-06,36962913883.53284
8980407.688447995,3.792657525076729e-06,36926116404.19021
8331951.122371463,4.042486143784081e-06,32833286296.10417
8218330.493497196,4.166352117062537e-06,31740440853.60558
8518772.738054624,4.129808208184512e-06,33094598017.1371
7179316.787688393,3.742894755320948e-06,29781372358.27224
7521482.308996947,3.849133305774842e-06,30623968562.51391
7631625.311803047,3.724168594180757e-06,31763680393.89687
7178775.398927307,3.077190750874955e-06,33932361639.26431
7249820.520138009,3.044414302547595e-06,34513692020.13424
6940317.578162415,3.055582735632382e-06,32959704687.53117
7417978.407255916,3.141096884284823e-06,34585814684.51215
7234486.922553434,3.11370655165291e-06,33927819497.97047
7050528.278656269,3.140871013699561e-06,32874179672.28819
7502119.539164888,3.074910240283866e-06,35478263211.51263
7391258.709250898,3.049370766539253e-06,35148887368.5055
7319522.220877266,3.082246659771412e-06,34559793578.94526
8060667.415988049,3.074705262656224e-06,38121385376.02239
8094348.067597938,3.124982796366923e-06,37868966709.62064
8288144.979729589,3.06605392231269e-06,39270896315.60124
7356852.847572787,3.102199956881497e-06,34586945615.32593
7541879.959516972,3.129817499416131e-06,35247929083.65739
7539912.345393709,3.095098848286724e-06,35501765248.13034
7536005.098831363,3.205907909833207e-06,34660952109.63531
7858739.389246597,3.170892513937682e-06,36410938506.71365
7641379.444157207,3.165710021638417e-06,35442499756.77964
6971449.488222906,3.242557581158657e-06,31822279582.74989
7221858.762833678,3.22353706766989e-06,33094859753.68546
6959909.899939932,3.182895785686222e-06,32165378876.32264
6332214.560136803,3.1567632588928e-06,29425754898.5216
6476515.832691847,3.189784220361337e-06,29888255102.45808
6681612.729270251,3.158996297976457e-06,31034771732.03485
6372345.243067523,3.329956538365947e-06,28576360781.19553
6786235.417057675,3.356409130315893e-06,30272316745.98479
6765852.720146144,3.298533581508664e-06,30533406984.37733
6469883.562964386,3.240742807260944e-06,29543827187.56314
6295028.351178307,3.30131745726026e-06,28392665422.99745
6686177.159662041,3.269521047076673e-06,30352079753.75349
6803964.852186801,3.179863458334445e-06,31464662674.51083
6596984.061799781,3.210431214491626e-06,30313530642.18405
6815374.482833335,3.239076856993853e-06,31132133815.29616
6160922.77485536,3.167423974471623e-06,28565486965.14144
5991760.519917373,3.199942955306757e-06,27592621029.87335
6303270.00046214,3.199699214582137e-06,29028625600.18693
6678421.87638252,3.084171370747407e-06,31519659387.12525
6381839.376979958,3.130643579545786e-06,29821085760.25251
6732585.623943939,3.132341774614686e-06,31448682578.54528
5846642.306165615,3.191955822436978e-06,26969233917.5639
5923105.489496354,3.148899338256469e-06,27570434828.46976
5807560.208197187,3.178608714491544e-06,26863896636.26323
6132367.763611906,3.127393097243873e-06,28675205778.10651
6109973.786479705,3.084171045764539e-06,28836798529.263
6040822.440605513,3.117108475657861e-06,28309234542.56487
6136291.194553059,3.874867928590534e-06,24873373479.60768
5596069.440849369,3.816524798771394e-06,22914182577.68377
5507916.561687211,3.972087001326501e-06,21960464286.21805
5110835.188862607,3.689909711792761e-06,21403331760.07287
4907222.498141252,3.834403545981638e-06,20031057210.79577
5101970.80694349,3.832726191314582e-06,20832086632.09368
6991457.464314022,3.652827054754698e-06,29476888992.61302
7246307.961824941,3.537562793458982e-06,31211455048.72686
6952364.17372948,3.582991478027516e-06,29691718158.05927
6293070.425132724,3.230780253127733e-06,28795479322.07387
5981816.274238109,3.230087126831784e-06,27375175494.72894
6120637.520472344,3.290823946961403e-06,27664759193.89029
6083289.688909994,3.153168720191643e-06,28290482758.82785
5992112.806094204,3.142326826450557e-06,27930523687.95828
5915204.05163049,3.18573904185048e-06,27320979499.67656
6967305.224035447,3.774051002523472e-06,28742618238.59618
6776141.015955351,3.848168377719348e-06,27593898198.55431
7304439.904739122,3.879912245011065e-06,29582780089.67633
7409661.301660975,3.554037948237847e-06,31816347121.29158
7151928.701436898,3.669556283512241e-06,30061741828.99733
7603386.843677767,3.650127835591416e-06,32072664198.26667
6761026.861929884,3.613766105770853e-06,28710403835.92342
6480853.81926725,3.660527516059808e-06,27285784315.15249
6799579.211947301,3.683486023398874e-06,28508608496.18117
7273612.503732299,3.472512299263256e-06,31719107991.03035
7022184.141360675,3.53800840564451e-06,30243564343.07069
7317584.983967069,3.492380412949095e-06,31789723144.60956
7657471.050972624,3.370380428737522e-06,34064295705.4569
7432612.821946677,3.430430833770543e-06,32677016597.62941
7477062.600296537,3.450498871509273e-06,32744856402.69054
7570561.253057527,3.346035640182087e-06,33840832315.77364
7141631.939078987,3.382539784396322e-06,31693401698.60024
7348027.240756887,3.412051280534894e-06,32421048650.90454
5680465.454473468,3.622527008331744e-06,24082939886.84192
5338446.360406684,3.620165583393442e-06,22642754606.88961
5473576.561759466,3.696039455931627e-06,22897081571.69933
5930366.375675878,3.556406863538016e-06,25453093034.85378
6181743.643646229,3.494854042214239e-06,26842623655.84117
5871279.962245554,3.491728625793201e-06,25509726394.1452
6072006.987850428,3.66968195793932e-06,25521918152.11137
5865027.183045068,3.634879904360443e-06,24809041467.85324
5654773.259831003,3.708744751104373e-06,23601008747.87461
6366596.821638524,3.545348018282453e-06,27382184952.72422
6306858.977882051,3.508183722512364e-06,27316490399.1693
6052924.31055651,3.570067158453679e-06,25912798581.29984
6248634.027144649,3.636864582714867e-06,26422079953.79355
6351946.335608147,3.577595980271098e-06,27154759308.78757
6038639.49685111,3.602118211049801e-06,25698067326.73217
6865784.75128042,3.548969735447177e-06,29509056225.45211
7114422.180384099,3.483629078075603e-06,30958864875.15113
6689459.282188737,3.536324818126927e-06,28819708379.20689
6698819.758039086,3.390902168205784e-06,29679377375.24888
6287646.020033289,3.364019312792934e-06,28005871835.56709
6420117.314942824,3.4360159865936e-06,28195048554.67458
8216295.407806861,2.915148042904827e-06,40262645029.88074
8299085.256170504,2.854868842979527e-06,41238809447.81633
8247705.282289976,2.894489495293868e-06,40608643450.79434
5126338.940600211,3.946014082533639e-06,20529020577.39
4956957.046356892,4.05503859996224e-06,19493290751.26752
5182256.270732476,4.033811354473721e-06,20450714993.76594
5893390.610857822,4.112209526726084e-06,22960520919.52509
5709018.778975058,4.152777923319779e-06,22097119626.48586
5801198.797391855,4.149681430721349e-06,22465076923.20099
6402970.627129878,4.213486288505685e-06,24544477212.30135
6543900.380159784,4.184859489543144e-06,25198968220.11956
7076726.255448863,4.283515168260932e-06,26830711550.59887
5448198.087733193,4.113535149882207e-06,21221500150.97804
5382068.233929604,4.168232410677148e-06,20780113500.19327
5536274.058024432,4.156818592600465e-06,21414611467.99139
6177506.68775018,4.049775863933423e-06,24314157882.0068
6135483.605818415,4.010561156449498e-06,24305918528.72051
6459146.55157388,4.000708620494622e-06,25630113162.41967
6011882.551332085,4.122884591495539e-06,23381715336.20171
6116447.057713601,4.098067248319868e-06,23884335723.39553
6274987.491190157,4.129856810085327e-06,24377520762.81359
5827201.028630955,4.091447703088279e-06,22779385161.09881
5978560.291057953,4.033096109159351e-06,23595955347.68449
6020043.416487252,4.072395418394347e-06,23606575832.46797
5601752.303484857,4.185210447649539e-06,21569779271.47049
5704689.374266893,4.17066327569264e-06,22017191326.19642
5696966.419340021,4.164583383837603e-06,22008779102.62629
5944638.14044043,4.030172729664983e-06,23473417157.00348
5959729.686915562,4.022444470676859e-06,23563141455.7831
5808610.509061284,4.081002798900569e-06,22745439232.78306
5706340.509150048,4.112251644412887e-06,22231626015.57807
5880855.945314369,4.052582221180575e-06,23135877957.51784
5745564.261443625,4.103547561598433e-06,22416081938.80824
5930538.814769876,3.990693928149171e-06,23571933425.34372
5891040.138527274,3.914613332335341e-06,23717344828.93378
5955424.18570432,3.990574902276369e-06,23671315237.78182
6244489.048603183,4.07341866258623e-06,24482600301.46867
6527634.726680738,4.02427867310937e-06,25800640025.01826
6404669.772307015,4.105135293103473e-06,24981111572.97416
5904311.014982332,3.912183516874641e-06,23780614913.70291
5983889.468341576,3.980405922547516e-06,23824949402.87186
5968767.34408912,3.987931383537807e-06,23734834043.17075
5989457.373938486,3.870037951762282e-06,24298380529.75627
5899493.294071112,3.884483883253707e-06,23874035164.27613
5939020.251496235,3.96055720884834e-06,23725239884.55073
5820438.349474766,3.688519859079603e-06,24381155038.96245
5835437.762379923,3.675691423153136e-06,24500827061.19404
5971052.668902945,3.758035816170889e-06,24702654567.86707
7136037.058728997,4.404491997463594e-06,26557868320.10609
6588567.024667342,4.236653576279919e-06,25163767604.48555
7044969.300125474,4.385632719131937e-06,26294056960.68007
7916326.436311187,4.355648685702067e-06,29681679095.03385
8514264.70915799,4.497339271740197e-06,31249522153.866
7777475.107615157,4.374312194883468e-06,29078061193.86288
6800810.830161146,4.061498209589703e-06,26715902552.97689
7347074.672786102,4.222110531097914e-06,28125141849.19752
6675287.148131284,4.142266029919761e-06,25880815740.71891
8345349.222377232,4.34229489274669e-06,31354386378.47977
8660814.200872911,4.489464913262807e-06,31824554586.00109
8057658.690759877,4.347705602683614e-06,30248379620.2112
8677154.587651022,4.393287436180044e-06,32348259797.75381
9400837.004708881,4.551648465268764e-06,34228461642.97747
8998772.170303987,4.54034970917553e-06,32818877295.57944
9079410.788316855,4.238047556668138e-06,34669463028.35168
9349202.3956942,4.316981135556968e-06,35263151887.91808
8978261.077489991,4.273750928764116e-06,34092021833.82562
7211923.022084806,3.859741293958278e-06,29309761535.03068
7675274.341493149,3.929309072990809e-06,30823582501.22245
7625139.464389812,3.973882982844419e-06,30392825392.2776
9345245.422262091,4.232490565566933e-06,35715772287.33207
9373689.817334736,4.335096379551261e-06,35256950026.17369
9481383.852754638,4.372628462424553e-06,35457655081.22015
8762287.59406716,4.606600112905512e-06,31649279483.45853
8894567.155836696,4.792982969554748e-06,31288703027.59745
8014602.539911882,4.483731329839386e-06,29475121376.59516
6810188.316283126,4.202143219745536e-06,26152420332.85028
7488568.096998913,4.281807470261011e-06,28399717915.28442
7353537.101139876,4.300658945246297e-06,27806070477.29056
9578408.202162985,4.638465588265508e-06,34438464708.13048
9369651.752460329,4.74043123813642e-06,33203068032.66068
9172522.557025738,4.627040456151461e-06,33033398558.29408
7457669.066629339,4.833572366974565e-06,26087009174.6667
7009736.777943611,4.874741844191284e-06,24381885974.03666
6901422.289821926,5.009804928537346e-06,23571726410.66193
8195138.103674912,4.269432371179344e-06,31139348184.1336
7924280.442764751,4.350679656620577e-06,29734120622.56611
8820639.958690803,4.337629394593748e-06,33163864586.51917
5837833.551587008,4.650475020891275e-06,20953351454.59534
5919534.777663691,4.798883819341924e-06,20806263096.48959
6493256.279800902,4.638410894152858e-06,23346210599.7429
8680748.367503209,5.030830972506839e-06,29566325240.38417
8613488.360467153,5.149040127513038e-06,28886497518.67476
9002331.103589248,5.010753109740416e-06,30743476689.40728
8388969.460032931,4.919058159061346e-06,29003738118.3236
8638974.011508787,4.955251805557514e-06,29722478065.63363
9020424.484735174,4.862231522418671e-06,31429433422.65368
8130024.992004089,4.97209136609603e-06,27908242003.85366
7970427.323909689,5.074261064061406e-06,26991875863.59074
8376169.371152851,5.00822682726791e-06,28614717123.01672
9986141.056150734,4.043924654333303e-06,39342533750.4109
10449820.37754113,4.120062085822573e-06,40660525299.01489
9772553.273096304,4.075303241812456e-06,38303173697.94196
9728603.838004919,3.904651424713749e-06,39233977518.96929
9743412.106682854,3.979319952075472e-06,38800605131.21132
9280839.651155507,3.967755647452378e-06,37030307940.11109
11130615.49112348,4.089167644313408e-06,43527384293.35339
10792246.90524705,4.123479199941597e-06,41969713101.01635
10320946.24513077,4.047403204008627e-06,40638269117.32027
10315375.90890107,4.056013624779956e-06,40558833465.52994
11004575.92381864,4.053378943922973e-06,43287433727.94373
10184439.65002189,3.93724109538103e-06,40845335348.14977
11407930.61013626,4.437867114411008e-06,42243251778.49452
10891044.5889028,4.638768380209844e-06,39156248614.60374
11479287.02962727,4.414196568063538e-06,42659307648.41687
3716539.594399904,3.01041850310664e-06,17826011437.92973
3575624.210589077,3.051943068238403e-06,16994207522.79071
3521199.744142716,3.068596124427501e-06,16674935914.22694
5341099.299945947,3.588019677039898e-06,22789114034.64475
5425527.669842188,3.568376640625481e-06,23234225007.42193
5665969.826746826,3.595906979242015e-06,24139890270.55223
5180039.944935133,3.581371210218523e-06,22129259588.79153
5304667.114507912,3.564761784618565e-06,22732007643.34545
5221188.123520834,3.584391337251068e-06,22292514720.71595
6003416.270369289,3.676378884981405e-06,25202963812.00757
6487038.485671501,3.803157678307081e-06,26624630345.12278
5966673.868454021,3.756342333398273e-06,24691957681.16781
8461689.577581298,4.0350629947094e-06,33385422453.45178
8647225.583550215,4.07076445431911e-06,33917680092.39318
8310740.40273305,4.077778695478166e-06,32560466242.27347
7894611.265773491,3.810184485557679e-06,32361855457.6941
8100090.045767524,3.940583917972614e-06,32467545642.73303
7287590.550378953,3.866774467001211e-06,29581355399.87778
8975270.013627624,4.003332533586871e-06,35598613135.48042
9222731.7180654,4.04621598913295e-06,36321201035.17728
8706996.722510425,4.01526721860744e-06,34466094852.56415
3528118.295442371,3.074023755800826e-06,16688026935.51012
3743500.007535466,3.065383389317367e-06,17740041788.61067
3584074.582098018,3.024998619714508e-06,17135373869.91623
4427216.214539292,3.456777301310293e-06,19364953777.13318
4861500.691222651,3.511653900907904e-06,21042429503.14547
4368837.838881225,3.385902360095777e-06,19375353650.74865
4270745.964762528,3.411064030509541e-06,18847069179.84337
4298915.828121832,3.42864426267196e-06,18906479008.61706
4305281.684302984,3.347409570157026e-06,19239583638.18954
5065250.133728643,3.645897650947796e-06,21382800374.30387
5039978.946723979,3.576635139129667e-06,21549918379.79781
4597609.691817793,3.521802619277445e-06,19861959479.32807
4021782.280377621,3.068071077674165e-06,19047659191.2538
4311184.981644351,3.118451080963168e-06,20197798438.95958
4195459.595346305,2.993169779982347e-06,20200338253.75285
5042383.589136506,3.456861366256181e-06,22055381382.81994
5339188.985105375,3.52664158654519e-06,23044524095.63462
5427770.187932161,3.530695221279368e-06,23408915726.52941
5030282.085822096,3.496413958453987e-06,21836202325.87235
4966503.595784784,3.449303096537037e-06,21755205101.57779
5349033.056871848,3.523136148646113e-06,23102323672.56916
4410390.816540712,3.19886723366652e-06,20314817799.21945
4117619.782338001,3.148597767287372e-06,19167616856.32554
4593722.102309213,3.31487070175795e-06,20662696189.69651
4973753.952203327,3.523444955859598e-06,21480248588.48177
5062529.210216625,3.564783155681858e-06,21694291134.65905
4964735.613247139,3.542843919574283e-06,21362960923.19959
5788146.700498748,3.773115595232747e-06,23882115222.02804
5453450.740222118,3.754975947617572e-06,22573554768.45537
5791693.376913674,3.870803576846108e-06,23492981623.35725
6650562.58374616,3.751000312065355e-06,27548226884.35155
6138344.639758823,3.759290410091784e-06,25389102594.31758
6358191.330922496,3.805093046520088e-06,26086955969.76795
5308371.206559438,3.624121857060614e-06,22498803544.82544
5334305.714729001,3.693286149998775e-06,22325572118.88528
5665380.065982216,3.711506319369772e-06,23633547383.14215
6918684.873490978,3.660257557604925e-06,29130579182.86237
6483225.097268437,3.629937797575279e-06,27448902117.19661
6834863.298926952,3.696176428464988e-06,28590913886.40169
4157059.306878302,3.373513222153218e-06,18481247196.3455
3719477.288682498,3.189347155068023e-06,17166458786.98052
4163319.290258416,3.292044139249846e-06,18813197688.4061
5159025.634292691,3.514355310447641e-06,22318786307.07496
4545381.134252803,3.400301424983604e-06,20101356230.89625
5047636.373696913,3.526096368050515e-06,21788396825.08035
3849411.129007843,3.119602801700936e-06,18029959994.39769
3630959.059729338,3.128081430340192e-06,16976024189.31052
4007527.951369406,3.241660474586545e-06,18296367559.25558
5097898.076926551,3.48720557446004e-06,22168660278.6352
4807973.8928521,3.41741577553699e-06,21191590548.99863
4488015.242167862,3.37308864612731e-06,19954268882.7082
5815900.133321895,3.635776120416085e-06,24597191288.00906
5481478.752091906,3.573260352353868e-06,23452436095.54915
5366642.475769592,3.584949155412928e-06,22911173281.2286
6079954.387103654,3.583978756967004e-06,25961116729.25905
5964662.991408629,3.563195845679172e-06,25567765933.17924
5760591.612172717,3.563431319954522e-06,24691917988.76802
5993078.820927251,3.640099295925641e-06,25326460690.9487
6063594.729460084,3.602184866093778e-06,25803948627.89869
5653526.814355261,3.577587197103473e-06,24169034661.96973
5808120.238394467,3.705437374386185e-06,24255446856.63943
5899092.950842209,3.668817380460583e-06,24799019463.36673
5446569.186103673,3.618007331474838e-06,23110538387.22832
6664296.708479415,3.698711605921422e-06,27864676870.00137
6317132.159062644,3.632464819466383e-06,26733286425.55717
6245152.83724672,3.670380496663955e-06,26246355823.75665
6838378.22139085,3.599305908130907e-06,29116596711.53618
6599861.188770398,3.587830818590704e-06,28160919470.75288
6279533.773588193,3.57113878300501e-06,26877544015.30287
4251502.393274883,3.181159237174866e-06,19655563031.79295
4150028.801420716,3.22219166839014e-06,19023198100.34396
4271417.903036028,3.2600881873026e-06,19427600525.76669
3525309.241018573,3.137676508662755e-06,16448454908.76554
3868037.410925067,3.181473490620943e-06,17881548567.34011
3605938.929519034,3.099932087644001e-06,16960952875.38923
4668157.702710134,3.763673544547469e-06,19293198014.69866
4519263.05184883,3.6525312132328e-06,19054826423.28613
4838023.408040187,3.859933845851549e-06,19661412926.94783
4145256.120584286,3.269854249187009e-06,18816222475.51231
4232196.091972652,3.371703668593417e-06,18822017932.28385
4266575.90446162,3.307682365226698e-06,19218977475.42139
3964653.201356972,3.217547527292437e-06,18190943457.82656
3617572.450029979,3.174086674278717e-06,16749610658.91336
3986312.001081925,3.244593951535658e-06,18188534894.56509
4118695.545208329,3.141434306402089e-06,19201759911.92388
3751581.857898248,3.10113004562334e-06,17641456623.47446
4018829.072238769,3.18258507700361e-06,18574317030.78379
3715249.526521629,3.135840459804371e-06,17341447602.20374
4139195.30182393,3.159544910374119e-06,19223519232.01432
4158846.317856453,3.238627583642646e-06,18999063684.43785
3591169.209461998,3.095876441276323e-06,16906230630.89412
3646129.684840989,3.079312930215e-06,17226467445.23486
4008168.306787955,3.119730145588413e-06,18773039618.75933
4136081.002015143,3.377058663174104e-06,18375110760.72228
4079661.234050277,3.305993847028461e-06,18383268953.14943
3699635.225708765,3.192668375068037e-06,17063038301.19115
4182635.771800268,3.346878644208854e-06,18693476247.58398
4305827.32537134,3.482000204111451e-06,18742927043.19628
4247547.64789171,3.421825122661564e-06,18705373555.28416
4112544.772132898,3.266196864702335e-06,18681671621.73425
4134603.292081345,3.292889032622588e-06,18680239886.06771
4199142.814112118,3.367899256142118e-06,18689079755.73241
3635899.091855515,3.158295394007984e-06,16890531802.49007
4041669.34911473,3.154311667298774e-06,18791338358.60244
4005548.849603716,3.228517927849857e-06,18336927347.98129
6673485.555755569,5.526432915403648e-06,21349585931.64129
6738314.318435583,5.528373616734167e-06,21551938625.01634
7222859.488924149,5.506960840581631e-06,23161561799.62525
6634133.163545064,5.455042583297931e-06,21408459675.35346
7712249.889781091,5.405101445868115e-06,25040626668.74258
7357482.317892301,5.437878128539559e-06,23792655348.65094
8263126.358265704,5.298277326343516e-06,27188668285.53442
8543123.182693044,5.122880501797535e-06,28747970121.7733
8439141.936980698,5.224801238125e-06,28027548247.57148
7923998.548803853,5.370643835394753e-06,25838074879.25273
7979097.981305138,5.266214794014024e-06,26360567294.10361
8048154.028114141,5.35608195627696e-06,26290457093.8623
7713673.616175757,5.460864631033403e-06,24874459436.2498
7857453.000350215,5.419080790297225e-06,25468187671.52148
7981088.08366388,5.404732438271665e-06,25914687208.69627
7707510.61072294,5.314054439910659e-06,25310271188.46451
7642401.596132621,5.188356865179794e-06,25500182899.18891
7788421.830590753,5.346588180119818e-06,25472113201.05791
8253272.349760232,5.286700217219237e-06,27195876085.42846
7878649.798720484,5.340754509132748e-06,25785964844.15888
8041066.044509519,5.381912420545776e-06,26183189263.09806
8115469.099910961,5.084918100546641e-06,27444647277.8204
7568494.325814621,4.699533962983959e-06,26975714793.94297
7678760.304120373,5.013034890110172e-06,26215448548.86157
7468188.871931091,4.878355305714318e-06,25963685551.5595
7359450.797059195,4.564847845823322e-06,26744092675.39333
7266963.916514028,4.546176281954593e-06,26480254565.49461
7833705.415369891,5.322701588271234e-06,25696806658.49414
7687259.293775926,5.16436250259389e-06,25729245494.28305
7888490.567709135,5.218287827609215e-06,26220555638.9986
7802980.622680553,5.285253376481253e-06,25716783785.07585
8175820.775245793,5.231327425655321e-06,27130435210.53091
7737468.756197318,5.159571033955524e-06,25913327136.94956
8800259.155678406,5.068822609656954e-06,29823416923.30331
8558829.93674499,5.20512793456293e-06,28496627023.4931
8640848.368447527,5.245163664281122e-06,28623123304.11015
9291071.9490691,5.049147916434785e-06,31568486494.24538
9811695.516999047,4.853443547505179e-06,34227675615.45515
9591398.269083489,4.860656449025123e-06,33426069152.86796
8379712.491438074,5.321120316448024e-06,27493312318.53592
8808671.280581037,5.231212694073972e-06,29230897581.54409
8606364.515282361,5.301230846209393e-06,28307526687.42767
8348969.654264744,5.322233214283975e-06,27388628288.5706
8482078.680778917,5.305477128920529e-06,27883845362.8313
8777150.684252437,5.232106055863272e-06,29122983346.34231
6856548.157023802,4.098214801524617e-06,26773740655.87173
6758379.434473098,4.04074871157093e-06,26640027893.24274
6510080.083586007,4.055781941441985e-06,25597836823.94111
7705405.376618211,4.555019609145402e-06,28041548409.21304
7222084.912719143,4.279100260094323e-06,27400655268.79152
7397180.782302356,4.446742235664691e-06,27355097208.8856
7774597.641766909,4.509786530887789e-06,28482226262.00068
7670225.972384719,4.26655188257263e-06,29157937772.72299
7289076.928878702,4.234165370958638e-06,27850136183.15021
8298192.818662551,4.572841745902251e-06,30120307924.57004
7922674.673217031,4.351208898299007e-06,29725684705.3999
8028744.263864537,4.594461938770478e-06,29050783690.77961
9316267.400073802,4.801271975946743e-06,32734401636.73072
8765643.276049478,4.720577907165913e-06,31149686472.11468
8976584.769751487,4.883431848624154e-06,31186098695.13754
8738337.503769105,4.308189118154143e-06,33003928808.80127
8096105.537964684,4.279830214394438e-06,30713204672.84192
8475664.238395879,4.501138769225525e-06,31090340300.68844
8640835.652955901,4.131957154652467e-06,33557160516.58323
8272762.037639426,3.948793934768222e-06,33113687929.30833
7827313.798169601,3.950132909387932e-06,31323595432.82249
9014846.750343943,5.193751076407514e-06,30058750768.1708
8715772.051813532,5.266988329162378e-06,28791500069.91167
9295483.645062536,5.168480963398561e-06,31095440283.31578
8548170.01460349,4.183516147193916e-06,32923969058.85168
7739130.185554645,4.001645815449649e-06,30704336793.48402
7913098.83665079,4.154965039745283e-06,30617402316.34836
5743250.418549116,4.153750744123862e-06,22226144397.07784
5805403.903459319,4.136746893716766e-06,22528199027.50697
5630823.491104169,4.176521750113511e-06,21711779287.08271
6944814.215156145,4.36732708233558e-06,25992625705.40222
6980749.263445803,4.385089786624389e-06,26056517982.4537
6462924.906537494,4.270674730679891e-06,24552635300.32182
7193146.579200193,4.325167527419986e-06,27096734401.66157
6997479.318621721,4.352196130750003e-06,26250403568.59859
6513733.504330467,4.255569178614436e-06,24804180505.53518
7616701.992303307,4.463718509630853e-06,28095435238.62233
8199827.601758718,4.809154438259479e-06,28780096046.88038
7415317.220112504,4.490475304481127e-06,27243831961.72926
6234245.600273859,4.072595035526455e-06,24445734412.30963
6018519.192240917,4.108522310995229e-06,23462046073.21998
6208712.348482897,4.114947706880929e-06,24178275710.25571
6763783.63828582,4.117326156608519e-06,26329717087.24404
6419697.770986929,4.074791362562319e-06,25163883433.13568
6393787.142412229,4.117153990987104e-06,24890107175.88154
6688088.593449476,4.014737614854926e-06,26476703133.28619
6575549.489429396,3.994277147954179e-06,26120004873.65003
6441095.956300715,4.029738776779449e-06,25435591381.81164
10356819.29494118,4.882195666760485e-06,35987328770.38543
9918109.046094751,4.926526606211438e-06,34255869107.66964
10373371.83799075,4.710125437715769e-06,36917444459.94975
10686810.27341078,4.71258425659435e-06,38019699552.99464
10579238.96139446,4.830103024522207e-06,37024013660.62079
10711684.13112242,4.664276830701555e-06,38370861080.72401
10548229.16633288,4.796069529195481e-06,37089921104.70792
10162139.25909728,4.999185499372035e-06,34757802202.39066
10441359.36493596,4.913906796451041e-06,36124826236.41358
9940766.730278254,4.587650831334672e-06,36004737203.8102
10257949.32278542,4.482340105467761e-06,37733232506.35811
9971267.218624774,4.675664084764915e-06,35660559547.16721
10398638.07384847,4.48477773733281e-06,38236885721.73548
10434105.67574808,4.58414995052133e-06,37810813450.3586
10175371.17072715,4.69225910504314e-06,36304651286.96618
9382075.370828113,4.346251491019464e-06,35228083392.37104
10106834.87276992,4.400098427636437e-06,37639187722.54404
9792015.64052026,4.505209669003615e-06,35897325536.20512
9467509.585077453,4.046125363283883e-06,37285748318.73203
9216763.298011504,4.003223827641548e-06,36557109721.57453
9677755.601813674,4.014843303322651e-06,38311478928.18194
9255160.056232169,4.09199110785613e-06,36176577639.16836
9589205.850300254,4.087327098507635e-06,37510804498.07693
10260196.53320214,4.132103477055115e-06,39845096894.81627
8868574.290950507,4.066844632616635e-06,34808241835.07165
8680665.851610724,4.031136555534046e-06,34271625141.94512
9195631.664617529,4.062116406578777e-06,36119909815.94425
10240638.22491206,4.295314568364928e-06,38755234934.05095
9413196.577337282,4.143840135424945e-06,36486745988.4639
10426557.32146814,4.184154510189219e-06,40154645190.70148
8023972.463972948,4.062444944595562e-06,31516000890.21503
7507169.955893677,4.009423139847978e-06,29745525994.32153
8172306.295410872,4.019721496775911e-06,32325654430.26297
7288767.935692003,3.970486286847588e-06,29068658479.11085
7139920.431639123,3.906908370900733e-06,28783121311.18205
7944364.461644074,3.980843786461876e-06,31628291749.0915
10775409.98250063,4.302378150260026e-06,40734408745.4583
10738036.98920243,4.518716599821186e-06,39286935990.49081
10622178.4454708,4.512937954209275e-06,38896215816.92078
7191802.087042413,2.687758079427279e-06,37202969834.9787
6853387.601371396,2.617969779449289e-06,36079641083.11067
7134559.096875122,2.710222806548093e-06,36702626367.06169
6600483.8554017,2.522432480644094e-06,35620176991.63177
6625559.269118381,2.483843105602709e-06,36124881972.48605
6426288.733864965,2.436424918196644e-06,35491542898.13866
7618743.561927436,2.839677073547779e-06,37993040671.75702
7383887.483327821,2.743173390872455e-06,37680463004.99126
7325883.563606968,2.765664272260804e-06,37181511342.40404
7448916.961056203,2.69795967106923e-06,38435821147.74496
6961917.778756589,2.566559716426352e-06,37138809166.58559
7276641.855789976,2.675003442820601e-06,37761401388.99872
7647836.872669214,2.876786596340832e-06,37809434763.49303
7685328.420453716,2.873095138940605e-06,38027323524.84884
7391178.951746465,2.799055847960784e-06,37213970425.30711
7858158.692919062,2.880347430873056e-06,38817200513.90311
7810358.634901915,2.89785935476504e-06,38425492319.60117
7737548.803468392,2.805325134115919e-06,38899850547.39444
6505360.702122835,2.444124421578974e-06,35852752920.30021
6127206.25822293,2.363633055863507e-06,34530997979.83857
6307919.850492125,2.396711670689683e-06,35221591246.42606
7738410.564094893,3.100443743481971e-06,36394508934.95192
7998623.779775372,3.106215702266934e-06,37571701455.1896
7684523.737025757,3.111928196500344e-06,36052100910.10996
7298561.833728693,3.11109028814864e-06,34247500576.62112
7563326.044092269,3.101660808612714e-06,35561763353.21425
7510053.380897741,3.113142091996097e-06,35224410063.01549
8130040.675110002,3.073713824950595e-06,38457740509.3914
8243407.928067267,3.067886602281032e-06,39043366399.91187
8190446.541154657,3.092061469026628e-06,38590064169.56146
7521808.082493456,3.074232642164208e-06,35576598990.34533
7882567.85623062,3.073855617877045e-06,37285966790.03828
7682765.268099504,3.086431364153274e-06,36242082833.43754
7623328.859136978,3.068233687650591e-06,36103754359.07652
8097238.850050583,3.062427856777586e-06,38396623835.08414
7986486.618637589,3.067854146536464e-06,37826773251.59106
5920204.622233964,3.829647134618843e-06,24186009057.64717
5802930.110570759,3.789030558035916e-06,23876020044.53147
6009901.051857064,3.629163689478529e-06,25448544616.82006
5951268.264485458,3.968394645332653e-06,23742855936.46143
5948397.824475115,3.915251982979523e-06,23945662696.75738
6001757.258362499,3.877757185265261e-06,24315956187.57069
5868515.143661084,4.044045730229342e-06,23119806287.64552
5718569.256352012,4.103579362936258e-06,22310646772.757
5819324.596068687,4.067832751977441e-06,22836551532.83683
8322095.810855172,3.059318196004301e-06,39489619116.85247
8514699.151921971,3.055794600517233e-06,40434604693.72823
8209811.079473703,3.06474751570185e-06,38910788269.26595
7823046.981859583,3.092424526086016e-06,36856141428.05611
8024653.788321587,3.079849131782814e-06,37908797571.12035
8084667.594118079,3.098195561027789e-06,38041381776.62372
8439184.741991548,3.055708396323292e-06,40076755567.50214
8219651.393089115,3.057949512672858e-06,39015141976.83387
7779585.194856582,3.058014769374479e-06,36925812100.17631
8655514.229235703,3.054508171029628e-06,41114847193.726
8627043.551758269,3.053229874072746e-06,40991044845.56364
8433166.509709671,3.056757349784526e-06,40039013198.48435
8153289.951207727,3.068844713783552e-06,38608501426.19331
8196277.285423847,3.090844327118346e-06,38627673726.93284
8249257.490105277,3.066670122947566e-06,39081403490.65528
8363484.372972521,3.049050393435364e-06,39775060441.13185
8194824.2292398,3.058396433569611e-06,38893508686.85455
8291035.181126438,3.056221731415051e-06,39368800700.93696
7633249.13437828,3.04742726074636e-06,36315096704.94225
7667784.245189547,3.02628617216421e-06,36649092230.22746
7741851.279538129,3.063681089961012e-06,36701385009.67892
7863044.12660934,3.060918381913965e-06,37298343696.91012
7396141.901911519,3.066732027846953e-06,35039240370.68623
7076803.457844949,3.061852671216328e-06,33561982589.86065
4124074.829969427,3.043628393065065e-06,19636561959.27267
3598329.526238406,3.094244747967112e-06,16945894208.32131
3731117.51846643,3.018974034402104e-06,17862106577.19783
3778201.273925808,2.991014955503876e-06,18200054999.7668
3726545.052384168,3.028373704650584e-06,17803281753.25267
4235485.296543472,2.969613217108998e-06,20500758048.99743
7418288.055223365,2.52321121282072e-06,40025302467.92204
7376595.49725756,2.486816338178428e-06,40187731729.85655
7631309.103927891,2.456140565177672e-06,41920864768.11051
7489527.128851153,2.784930951546452e-06,37836542488.4203
7374606.632344966,2.756480117754772e-06,37511890336.87159
7281486.359116636,2.705946790304209e-06,37497922343.42369
6738918.893771792,2.574882422279603e-06,35871700186.55314
6688868.290493231,2.487975206979628e-06,36429673501.0512
6908367.89585335,2.590223307631796e-06,36628346954.37032
7095504.282163118,2.703690142492839e-06,36560488346.52716
6839827.083399208,2.628808585338573e-06,35909206867.61253
7010532.184298512,2.644183265198203e-06,36662602139.22764
7029660.648895792,2.692759736550403e-06,36319173512.00926
6750584.674098691,2.600509033056648e-06,35697336350.55274
6775183.418586662,2.617909535705667e-06,35668482562.909
6691301.330679139,2.246227031599832e-06,39012892864.80125
6561694.235987045,2.180634883257463e-06,39020606827.69376
6943397.041932323,2.185782122767126e-06,41225641314.95409
6274045.718225043,2.297433752847555e-06,36034542636.11723
6549704.987343445,2.307610548507691e-06,37507092126.36903
6524087.53861934,2.375967227171198e-06,36640338935.32629
6240418.369401449,2.252817526667054e-06,36313075205.25245
6387462.594221387,2.19739466683265e-06,37791110950.01367
6515345.864395371,2.262967396389523e-06,37799432276.10371
6318319.347518195,2.3767616507956e-06,35476803709.40438
6217050.663028412,2.314743870145079e-06,35528955879.11115
6465965.290918678,2.393237136907455e-06,36139006854.66728
6209138.433223417,2.360242474309147e-06,35026246109.13049
6029855.725801737,2.327190161459599e-06,34336208668.14944
6108752.075611557,2.298264543775443e-06,35076734446.4357
8016080.484878837,2.456519982124714e-06,44029984738.88774
7987811.645325329,2.388089130643671e-06,44708914700.44993
8043077.684956206,2.423296646294578e-06,44581144048.67167
7814828.782684019,2.576685029870032e-06,41579434445.26604
7942476.032153428,2.518739368997503e-06,42904261007.03691
7849297.849414773,2.545601080963438e-06,42102114820.49444
7938449.419582342,2.424374035735781e-06,43988173820.85806
7907864.654299963,2.350198388556809e-06,44735903355.68525
7977728.995376562,2.316219844292996e-06,45571440888.71932
7832384.842326586,2.566863636821912e-06,41779074951.49353
7919794.88739499,2.506129634340458e-06,42925126077.97314
7960174.811082398,2.508756883131121e-06,43113858022.94289
7824414.491373329,2.619356778977692e-06,41177067155.88871
7829651.097791525,2.68485294207747e-06,40531754885.85919
8010700.901097889,2.593852795296833e-06,42433315476.83432
8223190.249272541,2.348924950500293e-06,46536556477.75221
8345151.214698073,2.271461515943024e-06,48294457106.76879
8289579.060132205,2.271891146557226e-06,47966805749.09622
8022422.397761023,2.391667438529782e-06,44857837245.85619
8142508.988623695,2.378907185098952e-06,45691973331.02182
8208571.968392461,2.302047452687481e-06,47082346134.13149
7698992.975322346,2.494109546024975e-06,41862347035.03912
7486066.017545152,2.529140887763335e-06,40327840884.00765
7930831.304031882,2.444898170470874e-06,43699673794.71094
7992048.650365506,2.318903091932075e-06,45618015226.58623
7964969.069128289,2.361031557198176e-06,44921015522.4071
7952733.794383869,2.426985911719517e-06,44035703796.01266
7846375.02012164,2.252744581244758e-06,45659143350.36404
7954603.000123843,2.273148340160246e-06,46011528199.07832
7884840.217427454,2.307359418668865e-06,45156062304.60857
7767065.586059872,2.114695717194861e-06,47143850251.18469
7646128.730536548,2.055986058829476e-06,47289148625.2322
7763854.925055946,2.146758876973516e-06,46653965798.67451
7745385.135001079,2.145310756708972e-06,46563921040.95487
7818341.294558421,2.147360018703539e-06,46972612610.99883
7920849.444519695,2.219870207829342e-06,46546464954.36981
7705251.565801724,2.100540516690494e-06,46978532587.46364
7759130.118387076,2.040546598090816e-06,48229788457.61021
7778018.908258863,2.102516781699741e-06,47392470378.38912
7761841.142907521,2.08360907620418e-06,47579578423.5547
7742972.018924979,2.021556203933202e-06,48430298187.07066
7640945.127339781,2.024749267059248e-06,47741887005.67615
7811022.818587601,2.21655564409205e-06,45946822326.16256
7743563.753212429,2.162644119532383e-06,46303892996.00348
7919007.546229525,2.237001132018542e-06,46297757329.66976
7892741.399929517,2.378047165459519e-06,44301071547.68913
7830992.756194551,2.279120478755585e-06,45217370133.4865
7869420.276971015,2.33363102090153e-06,44728872122.62241
7869008.425726331,2.141081046629403e-06,47369406018.06824
7731188.589340033,2.138695295997248e-06,46574370228.0113
7798593.846170743,2.192741603534025e-06,46205250764.49538
7878057.683839702,2.087653898068895e-06,48229581034.73328
7834659.811269479,1.979054059595043e-06,49702897282.99667
7740158.274753499,2.085282168164533e-06,47421281763.44246
7403329.861468946,1.878950555397172e-06,48620213954.70541
7399132.835062154,1.799403275110232e-06,50014410362.04916
7366643.455813146,1.85350283400155e-06,48821091074.76256
7681045.052087932,2.037773969252664e-06,47787719473.08016
7502626.464765626,1.951864583014189e-06,48037478393.90464
7583149.957205214,1.980052715682152e-06,48091147780.17422
7435427.773075947,1.893173828809982e-06,48586128880.44159
7416336.738816732,1.809391100666822e-06,49946049214.21519
7420538.641003341,1.888868154659221e-06,48562496085.60836
7564628.742746555,2.004794835280079e-06,47578162140.20203
7504356.834281393,1.962964765895833e-06,47867249565.70961
7617737.607938429,2.042590537272069e-06,47319316799.27885
7395117.630076052,1.843670535046606e-06,49183890222.27809
7409979.198042998,1.798076177446942e-06,50112368623.25546
7429062.0530602,1.881869244399094e-06,48738746579.6106
6515749.93516321,3.017200380094809e-06,31205295957.39622
6704672.053557797,3.034555949261297e-06,31987534986.45773
6727412.25815583,2.999588598286677e-06,32344981925.38354
9214752.426294092,3.246430730743987e-06,42028727810.12623
9167738.069151461,3.287952065861371e-06,41461519248.53702
9217841.139730586,3.337489626563784e-06,41274574315.97551
8592801.834557222,3.127669288896432e-06,40177931977.23394
8967820.230622264,3.18335450444765e-06,41440999711.45606
8572148.130177993,3.182279334265694e-06,39621489819.67339
9447427.175616018,3.156938094220429e-06,43900504293.06489
9224714.583327621,3.242824543732285e-06,42105352109.78671
9271874.622255664,3.201313136406187e-06,42685670975.68153
7770316.598763513,3.274735238137916e-06,35236106903.69105
7836481.913356311,3.202003336413191e-06,36072254150.37225
8097273.122721359,3.285663863136684e-06,36637292141.52781
6432797.570286517,3.04767042147301e-06,30602334059.75839
6607071.394783739,3.028698228814794e-06,31562519517.55349
6346465.45217104,3.102690061475364e-06,29833645430.29779
7159577.075738034,2.942159243981575e-06,34869301847.70301
7409191.406305463,2.977558899052785e-06,35798423952.772
7153273.994530553,3.01067113321256e-06,34308045810.31388
6859631.801087429,2.990537558834505e-06,33047197120.10631
7022581.22783733,2.945397718801889e-06,34177015902.63948
7016338.754795906,3.013978742819029e-06,33626662032.24358
6454193.417473785,3.104146940703027e-06,30330562309.19698
6716979.7203009,3.030204416404915e-06,32076926760.62447
6872057.933431687,3.05364044256244e-06,32649375560.16732
6513839.184934656,3.008683346532707e-06,31254990960.42045
6671499.927403235,2.946883879942967e-06,32457480404.61965
6689200.028034137,2.989778330889101e-06,32231574635.02365
7035498.801002131,2.757442276374998e-06,35778649211.22139
7060541.661883959,2.719726898436944e-06,36237187988.05383
7066844.874392742,2.839727360571523e-06,35240424204.58224
9197161.957832316,2.790186791870887e-06,46405021895.94392
9280262.718116781,2.847926938232641e-06,46189263987.49065
8830694.33108153,2.768456255708255e-06,44788832483.23425
8811108.456236716,2.87871962523704e-06,43540923349.47141
8767705.684415244,2.854291813768011e-06,43573292916.13724
8552450.002416003,2.849057416361676e-06,42555569771.53876
9217742.868812006,2.984289444648588e-06,44469675529.02122
8958839.783184456,2.92117972927989e-06,43840912441.04885
8840629.73072511,2.931566414118718e-06,43160192848.91598
9091827.956040148,2.903316585233221e-06,44674010882.29963
8902664.625473529,2.867868189379844e-06,44104261597.016
8946399.754434636,2.892309093009804e-06,44070891043.17169
9307066.959242282,2.984769871687858e-06,44895788515.55059
9193143.04732251,2.932570617202002e-06,44870925982.75426
9046903.541191451,2.921509025662715e-06,44268533816.77941
9356698.316831117,2.988934040387904e-06,45093270999.34153
9402382.304996595,2.92059749200537e-06,46017543747.57006
9274150.490789821,2.933186785721365e-06,45259976662.19984
8666401.842964508,2.783832432705903e-06,43793544373.79486
9111820.70843026,2.863336971480589e-06,45188042132.10932
8535687.346677389,2.851719758073861e-06,42445723031.19067
7950177.525960327,2.682093422211572e-06,41183908384.03974
8375999.895864503,2.738526450591559e-06,42791617537.30787
8247502.504161043,2.806388892733168e-06,41453119737.98089
8173600.512369163,2.509205661835128e-06,44264534532.35441
8474168.691694681,2.591597510464509e-06,44914379307.82732
8467169.89893413,2.660945958131979e-06,44094142838.46682
9355249.822506711,2.848729900004873e-06,46553736072.56713
9195784.610143324,2.818796699285146e-06,46083588240.53436
9004126.168636896,2.842263601757886e-06,44874401517.68557
9428755.099850861,2.892425784863919e-06,46445774147.4005
9462154.694230502,2.87600657229855e-06,46787530994.50859
9300342.955551654,2.905008343695872e-06,45680835757.22181
9443728.053044392,2.868949171634502e-06,46772965188.89234
9359896.968088321,2.811219843345466e-06,46990261479.33514
9477154.132907385,2.852568727571201e-06,47118038139.39317
9389578.308846802,3.682708767909745e-06,39373241542.35663
9263177.134745304,3.752024339970599e-06,38363321749.51623
9403956.37316037,3.615971871932948e-06,39917246568.73415
7682502.633968702,3.652765107090521e-06,32390791019.99449
7963139.145981197,3.759188349635594e-06,32937319089.72691
7315784.700062788,3.675642882827514e-06,30716522237.91737
7892828.897351544,3.478005776618417e-06,34383162688.45619
7654356.617748372,3.545328104859472e-06,32920852270.26745
7246036.731861984,3.41991010195999e-06,31922047381.4126
8232728.231898438,3.526707645397013e-06,35532912497.23462
8592327.67328243,3.614641252246163e-06,36481052846.11539
7989136.28357612,3.593986080249106e-06,34049878706.91092
6703145.405043123,2.945995547207509e-06,32617994076.12343
6545108.949334708,3.007916925887104e-06,31410365390.62529
6816398.800523495,2.98678464773149e-06,32866418762.57298
6949563.656072687,2.783173903778505e-06,35123461347.85712
6800387.615510792,2.867870835625892e-06,33689451695.00776
6898616.073006485,2.820669811642309e-06,34556292567.91991
6964100.230135179,2.923314072634166e-06,34062879762.39925
6801834.698253606,2.968430514901675e-06,32931244875.6055
6783986.10171991,2.925582350068705e-06,33164750264.52152
8605450.151575107,2.684409573318659e-06,44552738859.95581
8701779.941219905,2.665609624694379e-06,45263041242.67908
8875869.368688131,2.633225693092385e-06,46546337322.49648
8491356.457002454,2.782819264545341e-06,42919409514.70536
8553511.022953946,2.722407370712846e-06,43870812538.86633
8825615.568089386,2.706979333288724e-06,45438262151.05077
8353161.941282324,2.792613689467397e-06,42122130180.38087
8310843.783587596,2.763028946551702e-06,42207357469.25871
8423279.37984778,2.735627499935356e-06,43063556902.45474
8536588.532799145,2.907276003396904e-06,41907669121.50874
8367086.629351879,2.86373780347915e-06,41490827555.64121
8287122.279270793,2.919482504595192e-06,40569516232.95898
8669341.262902562,2.900906695455858e-06,42621650029.90255
8786404.366958026,2.890271320400358e-06,43303079014.48309
8528111.476503823,2.860742544145248e-06,42318833252.37393
8859404.278667575,2.299064935350013e-06,50859298030.21707
9032117.423866857,2.250773695773049e-06,52589820410.48984
8976292.686548974,2.270585729255438e-06,51960310270.18036
8623377.206739265,2.407076713963025e-06,48012106696.14091
8811806.266516197,2.403625401528592e-06,49108169970.86505
8863672.239543229,2.362514892328312e-06,49968615735.68082
8997825.197462309,2.500108930180717e-06,48846291574.93868
9135818.816427266,2.53874025380637e-06,49091009752.05938
9305488.416650327,2.527942586309168e-06,50145007668.49765
9101443.452516591,2.330853729317151e-06,51772634068.3694
9194259.431173392,2.278544864570727e-06,53098024604.79465
9243817.401456099,2.281091054006016e-06,53344495290.85023
9357787.079500433,2.242269147748424e-06,54623727360.62359
9373116.978182331,2.214433014596988e-06,55170764927.00201
9492164.526725546,2.200633568192149e-06,56104810732.08768
9044564.048102951,2.315081264110733e-06,51682495840.25664
9217636.256735446,2.280725341883588e-06,53199094554.7365
9121017.25341795,2.292643966050821e-06,52458862125.533
9058074.299949009,2.35061488571438e-06,51236748009.87482
9069609.04909943,2.360266180137873e-06,51162046875.61064
9150669.438123891,2.298422724402326e-06,52541152610.27753
9108375.900422942,2.193919024981209e-06,53946161646.39738
9070345.846077327,2.200706375102963e-06,53610407993.82549
8872844.784519076,2.158318044053275e-06,53127484912.79893
8558969.185063042,2.103857869214884e-06,52128736463.23838
8978869.177740399,2.169722859021907e-06,53573760797.31076
8745029.503032306,2.134111440707037e-06,52757379579.31634
9311891.112247504,2.227475442099564e-06,54596223863.7757
9296611.384111347,2.255210029261549e-06,54058834836.87935
9246911.905803015,2.25276490646221e-06,53808737874.927
9188452.033819545,2.45425534102832e-06,50500520694.49015
9103553.466099912,2.376617443512247e-06,51117714372.6421
9086222.102545105,2.396598015164421e-06,50736427604.70451
9021626.704774287,2.392676604041066e-06,50430760526.54391
8938580.578127077,2.41827512273146e-06,49613296860.26463
9099481.061176585,2.450319327161116e-06,50065070843.68845
8188109.92281677,2.317928677780806e-06,46750215647.97887
8131687.099594932,2.386011639734551e-06,45540621551.2397
8119245.935393091,2.376572875873195e-06,45591261142.72043
7895189.288258517,2.122339510044579e-06,47806392633.5779
7723305.351963117,2.099793426756606e-06,47099774124.13644
7709011.058720291,2.096036991977708e-06,47068754519.78119
8186467.162221346,2.21996280114315e-06,48106016135.43172
8073508.125249142,2.174119005814313e-06,48106830549.01399
8134838.183759853,2.234848890627952e-06,47590121041.6337
8234397.608168979,2.176312813557844e-06,49032528288.86465
8208934.237205102,2.144574347112118e-06,49361995184.43346
8097761.920721509,2.147348222971498e-06,48651550546.76241
8926266.5863312,2.254299266626624e-06,51919297381.39478
8790463.559012376,2.336512700797796e-06,49922885643.34435
8478525.495474271,2.283575781583431e-06,48892627633.41438
8771342.652588507,2.144139157042974e-06,52751008260.15112
8967717.029683581,2.186536198492093e-06,53232571760.77805
8700501.998420717,2.137189060366946e-06,52438349780.43727
8726402.608244868,2.408275835034348e-06,48569588888.29224
8727708.55537289,2.473272375822672e-06,47722033087.78116
8358410.898470795,2.42342112910987e-06,46327385407.90449
9119720.344863387,2.590599732475294e-06,48348311335.11911
8891850.184278117,2.598830322690008e-06,47040672287.10596
8913825.993883137,2.544815119181253e-06,47821881737.80839
8692769.204438154,2.649448389295455e-06,45399859254.40559
9049157.599120598,2.74059645889957e-06,46207388449.16858
8685680.697135797,2.718824674761065e-06,44587835614.70471
8309022.670972487,2.426731661708953e-06,46011752282.23772
8434475.701963464,2.533053226266746e-06,45390177499.15736
8134618.641815608,2.450696002667177e-06,44751840658.79543
8132021.369374201,2.332713643774068e-06,46233583702.94535
8233460.957815644,2.376637677533706e-06,46231761947.96795
8059855.96438036,2.400587664147428e-06,44955438067.50597
8344880.42638546,2.390236262156669e-06,46679503800.57201
8714265.627959106,2.547616078456626e-06,46716984981.26992
8406624.394151201,2.417558582866417e-06,46669910977.79523
8939777.050445292,2.657948803807959e-06,46590311454.61806
9113644.315121923,2.725365571720876e-06,46709895763.5759
8755975.582567465,2.634236907868849e-06,45905845243.86427
8169602.137824613,2.315654010520868e-06,46675085956.2476
8210031.14095115,2.332246789352974e-06,46683327247.98898
8271275.123483979,2.359547888637557e-06,46668080258.28239
8943655.312483894,2.580300937200559e-06,47540981807.16534
8821559.200734081,2.638233350417442e-06,46202968797.70529
8919187.438388785,2.629735776196488e-06,46814876384.34238
8454372.642505895,2.417104263525545e-06,46940869509.16724
8850487.132227052,2.525017031891354e-06,47729948642.48572
8826147.12311377,2.574466280469741e-06,46987213478.44836
8464330.387491334,2.481377236606139e-06,46181079190.43754
8707361.183399189,2.601161300663252e-06,46037143635.54155
8828667.158049472,2.543224629951257e-06,47384757631.13512
8468788.956481563,2.559175742631825e-06,45264170907.6988
8715959.815898459,2.609594367495892e-06,45983273157.3416
8685820.849266224,2.629993218878572e-06,45587010711.47157
8145870.008050143,2.426526082625583e-06,45110831549.88093
8245112.097753515,2.479983971003214e-06,45001879108.22404
8133417.994775323,2.417086904286837e-06,45159062283.84892
8755050.496441085,2.530756684388033e-06,47143851515.41472
8733271.407114074,2.584780185898409e-06,46369016006.2095
8485853.440270323,2.534368030997179e-06,45650871442.44253
8935838.537724936,2.708049876863176e-06,45993614442.05796
8828154.470797658,2.723569113423069e-06,45266577180.38576
9000885.178334044,2.73698699788903e-06,46001295797.75707
8270707.504008166,2.446288944294839e-06,45555151340.23608
8638083.558662958,2.496139036898165e-06,46943076949.75595
8370704.863790419,2.499746446507019e-06,45446250357.92831
8145743.958399003,2.284810767794777e-06,46956667085.36554
8191635.165064569,2.292627986075139e-06,47113808097.64227
8122756.323868691,2.35126817698002e-06,45937636576.81758
8954948.282548644,2.394943145857696e-06,50026441315.75489
9070614.062070021,2.376236760705618e-06,50938194665.23801
9155359.253042335,2.45385690229877e-06,50324086691.62669
8312844.574931856,2.316027322598307e-06,47488364007.35051
8621747.438230885,2.36896460060986e-06,48516513343.63476
8255992.873704596,2.384109036955144e-06,46261378183.36572
9070943.958606802,2.265699974410834e-06,52583668815.71391
9049571.710758867,2.329194862142522e-06,51502005812.15189
8934040.602747764,2.347913775694376e-06,50573905486.64361
8802359.811920466,1.79092297354129e-06,59687196249.58047
8783740.600322703,1.837946435021198e-06,58540658276.99089
8326423.344123689,1.815942853030432e-06,55940159877.5413
9731837.415829964,1.702650144852539e-06,68251347741.12383
9609016.953126313,1.724020096803606e-06,66831941365.72488
9284576.002167031,1.68825057244508e-06,65484342585.70292
9509670.68709732,1.771404591950083e-06,64956153654.18488
9385608.648476034,1.79756362815128e-06,63485263547.05833
9136867.797314413,1.830316789851932e-06,61063238297.59752
9127492.632500658,1.699333157904424e-06,64096227638.24717
9449200.975897072,1.735111970410213e-06,65440018809.50916
9096525.062250879,1.747016238944461e-06,62711072148.42385
9875678.747877238,1.70868938324751e-06,69096843252.87431
9852944.838527454,1.712404056579712e-06,68838048944.47997
9751951.069764802,1.730019672724222e-06,67669165238.3083
9149758.380794855,2.137016612723974e-06,55149006554.6559
9118014.088666603,2.170608014487724e-06,54389198312.99651
8842050.724358067,2.105409574055866e-06,53826392385.30643
9328178.056473872,2.242185778605884e-06,54452241862.71627
9191807.02110666,2.274441187163478e-06,53147693738.66608
9288799.252212981,2.26245647238865e-06,53898013073.30291
9257862.350096259,2.128425240703943e-06,55950647759.68202
9378272.849399362,2.195228137280689e-06,55522595116.96649
9473029.791529242,2.173919359689322e-06,56449480523.56855
9155800.111157663,2.237721714676044e-06,53517060574.44085
9158642.00405794,2.26832543194912e-06,53051073393.09857
9294767.703120492,2.236036629617492e-06,54356639298.5396
9173295.859975189,2.267194985607454e-06,53153616559.03256
9109472.092232186,2.309010293706799e-06,52144594794.35858
9130914.914723447,2.24549571847872e-06,53248348378.55465
9293878.66468052,2.217213506286682e-06,54658619000.46599
9228962.444963783,2.242575367926898e-06,53866841792.51664
9224725.387692727,2.214077325684908e-06,54303137596.72483
9079226.824831014,2.356810371210218e-06,51266354827.10476
9096551.518767025,2.336805471258441e-06,51656908280.58582
9160330.086722551,2.295038276469183e-06,52648318056.11352
9500276.987621745,2.203015041407487e-06,56112285650.6221
9405383.52679286,2.224239701888305e-06,55197844327.15609
9365841.925305508,2.244689665503749e-06,54631436334.19209
9136122.459240157,2.620861724444431e-06,48061704979.78574
8978778.362256054,2.665924932336549e-06,46700189240.14217
8908046.179054201,2.629112097514408e-06,46763792420.16093
9238980.27475781,2.492373906718894e-06,50259161950.18861
9382326.155721543,2.519329583298774e-06,50674235088.99339
9274840.643556947,2.501911768037212e-06,50325928536.35942
9119383.142328281,2.575500049598354e-06,48535304001.79041
9069307.554439921,2.600537916730237e-06,47958471842.45345
9150612.576168286,2.611211241396547e-06,48256464159.25089
7903091.273876121,1.784205925776418e-06,53723835759.38968
7558346.58323847,1.733341092682626e-06,52380637571.18923
7895073.524441373,1.736847490984885e-06,54640549102.2131
8331114.427138823,2.052785400758392e-06,51579136345.73519
8102149.762030674,1.9950248220869e-06,51125165962.62311
8475231.942998702,2.053448943879373e-06,52460084562.07372
8965350.498404186,2.159864476181829e-06,53655750248.97916
8545770.513826374,2.093993397727145e-06,52211682392.62788
8691724.948448887,2.094664030449091e-06,53092078086.7258
8516984.800879305,2.102757153013295e-06,51891129768.87766
8072571.77160294,2.044317148400221e-06,50116384647.67986
8333379.590477694,2.072504009606398e-06,51265387570.81851
7461647.899896296,1.890512409695346e-06,48803210935.18513
7325250.58283,1.816908390782994e-06,49196453769.13479
7698035.904602478,1.915259119057325e-06,49914674093.15332
7609696.846499324,2.083420420976343e-06,46649759740.44123
7607165.039520854,2.070536592662204e-06,46827492001.90134
7429229.73320341,2.065958101848379e-06,45799715657.89135
7775028.606734279,2.082529136171454e-06,47676892176.09315
7710588.466425659,2.055893037751963e-06,47689252349.10847
8245185.150272867,2.098724007523136e-06,50299483488.08611
8211541.856482645,2.209370368395435e-06,48407467317.3091
8235050.484378523,2.192510115293061e-06,48794611231.36568
8098409.357700597,2.163537659285736e-06,48412415609.07093
7224804.554061205,2.034835069135098e-06,44992482921.0489
7201451.136172112,2.023432568620076e-06,45015373809.42722
7271739.417969481,2.046814571082865e-06,45107903318.19057
7453388.770241983,2.012141854478135e-06,46764329453.43953
7331346.584308593,2.033148793255004e-06,45681214555.59712
7555957.552117732,2.049715462377152e-06,46826725692.16628
7093577.729530979,1.938227195243262e-06,45631233639.58757
7058440.459977432,1.933483455899293e-06,45479440730.41773
7160419.09666287,1.995124701731669e-06,45181267644.45363
9150783.155546149,2.222050649172679e-06,53738923381.3849
9188981.290056325,2.215285613036796e-06,54073051972.37543
9193210.131398259,2.243772300584988e-06,53639081449.99639
9265894.718173159,2.159810415203965e-06,55455369995.04663
9303137.20221022,2.196534413343554e-06,55055927675.26441
9233949.424342396,2.193372053761424e-06,54698987533.56013
9206337.568800459,2.081081021909106e-06,56479941205.92307
9171837.650611056,2.11463986548501e-06,55671392175.92856
8863755.78028737,2.082982998582727e-06,54345129933.71545
9484758.169250565,2.179102306574385e-06,56429713934.68982
9365757.220368356,2.192962017162106e-06,55486690575.3698
9328389.480276829,2.156233133590948e-06,55891126151.72479
8916997.979797164,2.422848053604945e-06,49431207081.04166
9116986.189412639,2.481747320935688e-06,49737000324.90602
8918318.111106172,2.487841969043998e-06,48573690285.78942
7147718.147515603,1.732183611115419e-06,49556976507.16829
7028713.968249448,1.672156324897398e-06,49891276935.81683
7235945.530167938,1.710000762611806e-06,50601619846.52528
7187551.627575692,1.896652586395775e-06,46908957947.45345
6958079.265395692,1.800416137314074e-06,47015469126.95643
7285392.551871353,1.883489928054892e-06,47768773359.7007
6759942.563041405,1.80846196408418e-06,45541089883.53193
6620588.443929182,1.727492200378758e-06,45985318079.34792
6741311.119763581,1.751576064371403e-06,46393631605.26311
7857470.826315884,2.666166171136591e-06,40865608313.33976
7912590.753348628,2.643915434877594e-06,41382843699.66938
7993505.573183888,2.582431796577343e-06,42466979758.21842
9116000.868439939,2.554541369426751e-06,48782314044.73685
9072850.932920139,2.538846250545468e-06,48751297027.8681
9130123.307766318,2.568241524129735e-06,48683979100.21445
9063629.715642607,2.593235429613205e-06,48018382156.72182
9113689.64775013,2.568170821366365e-06,48597242848.03009
9127810.297393117,2.581778930102682e-06,48501358608.34855
8730103.437723363,2.681475106265024e-06,45231071536.91605
8970372.413402114,2.665975714620777e-06,46655875950.98183
9031696.897250658,2.619093270492921e-06,47533746364.79473
9190686.403650872,2.610821117948678e-06,48472624690.9977
9229415.270675188,2.598668569317862e-06,48828523421.59139
9159388.603666937,2.574733625586677e-06,48757895088.63801
8818598.748444287,2.652183114053294e-06,46025365419.9787
9074813.887345027,2.63048618191223e-06,47622666675.4153
8993847.062031468,2.619623237520835e-06,47328158718.78602
8770442.926195897,2.671912186458041e-06,45548429397.98772
8800107.676951574,2.69878096475944e-06,45398645330.74632
9025962.564589977,2.650298637188498e-06,47129950733.21618
7969126.245123123,1.98540426816902e-06,50448091304.75806
8196216.675199955,2.043165514031701e-06,50903119468.32916
7937581.272061991,2.014977692815552e-06,49755529988.62157
7969880.879846398,2.46532431949874e-06,43671937231.4624
8053717.410291258,2.412281198264496e-06,44775911176.86872
7978207.616518463,2.433660067479581e-06,44095951987.91767
7989695.374865181,2.541032616075128e-06,42906530171.30505
7926379.176913863,2.520915014912592e-06,42792668951.33898
7824879.917369945,2.583078597390584e-06,41564184837.18851
7829538.932317618,2.65977779823492e-06,40785514976.88038
7965332.712882063,2.575692963091586e-06,42391084439.93932
7800770.040299581,2.617827790366258e-06,41068618406.59473
8185306.373361135,2.530973301475183e-06,44073400869.40835
8232568.56443548,2.469090159265637e-06,45065485829.83295
8123168.121189988,2.520397457087803e-06,43861089964.81383
8240308.827795086,2.5164458755288e-06,44540158594.20531
8343447.736481425,2.462274407881612e-06,45756688100.63197
8287729.317692647,2.454468431149903e-06,45547434977.99275
8801348.685419094,2.308356118736339e-06,50390347535.47666
8934763.838987004,2.276483495101324e-06,51630548705.76476
8882923.380566046,2.270527872614095e-06,51420704726.13943
8533200.101318365,2.417382913540981e-06,47374899073.55056
8638719.352718771,2.367447383145871e-06,48632785114.3953
8472071.963398533,2.425136536548454e-06,46935218031.14554
8878804.691493491,2.302707750649045e-06,50916899992.44346
9054531.618448272,2.284967696006491e-06,52193042408.65862
9051705.925505543,2.254424273093927e-06,52646964377.53454
8685504.204095138,2.362665264775433e-06,48962122618.53238
8739812.510299219,2.334931405632774e-06,49657634968.16509
8723088.986466959,2.338313955960634e-06,49514806748.25728
8576327.615165144,2.406342916580196e-06,47759857050.21684
8644616.057869647,2.380522176911558e-06,48487622311.99921
8682112.363852423,2.356248518000339e-06,49031819085.36575
8535094.801376035,2.421642208381463e-06,47329839406.79642
8516761.976420296,2.417457550720273e-06,47282664118.6517
8603219.215388784,2.395871449178123e-06,48049106300.62228
8544157.29040819,2.42833387217423e-06,47293011488.10018
8544591.164680943,2.447298748121329e-06,47050758502.37865
8731723.525558652,2.424789180476092e-06,48378305470.33517
8644009.458351245,2.378054845002385e-06,48517750378.87885
8557346.985982707,2.399683352563664e-06,47742283037.51875
8698188.08345798,2.350392207105966e-06,49204169054.12798
8470033.281281065,2.439449129011801e-06,46740204277.97009
8343428.171002395,2.46709888103304e-06,45696909254.92546
8451770.501571067,2.435263680678117e-06,46692848393.02364
8693673.137811391,2.082128424820396e-06,53316909242.61246
8723030.678795101,2.104153897552748e-06,53122976325.50358
8935207.371489115,2.028893885137503e-06,55752594273.50142
8482808.175091209,2.070949009163081e-06,52210763286.8558
8550348.533465527,2.075809575542313e-06,52544283866.7767
8457075.626820743,2.03046358259595e-06,52742018230.27779
8538113.235650171,2.098762001232715e-06,52085853119.81189
8679038.823967531,2.141670239037303e-06,52235998007.06557
8605872.97075282,2.103569415894831e-06,52419197267.26153
7908643.627510179,2.035490443844056e-06,49240519663.09901
8279473.087847045,2.086961088319061e-06,50698268959.99526
7743747.378767298,2.044136778390966e-06,48077795065.70232
7887784.687330663,1.665480789834326e-06,56138649651.77883
8609106.691815486,1.676337712406959e-06,61007572741.68797
8101134.766700135,1.701707752155982e-06,56835873471.33815
6550150.582149497,1.479320465675801e-06,50451773863.42905
6766535.867575185,1.427566251301824e-06,53370614921.95881
6697047.353158114,1.455287800003553e-06,52149575470.28695
8048439.906995039,1.486366992047897e-06,61796091027.23602
8224957.771238181,1.486004794202266e-06,63161660141.84807
8525094.531391116,1.537340564502075e-06,64000860369.14732
8087244.734692541,1.477178711053659e-06,62351258804.168
8383651.645094685,1.549521382246516e-06,62608722451.03878
8433565.4776747,1.538652467353561e-06,63277725869.67825
7985965.72190528,1.332425629867964e-06,65952630677.73371
7944262.04236342,1.392607721229392e-06,63704145571.17753
8107183.570900357,1.332857451619651e-06,66939254392.5194
8381099.735299691,1.510367669671136e-06,63666731530.56796
8370558.794951849,1.54244555926476e-06,62701975146.47073
8074385.509669502,1.470120107805534e-06,62451221271.63956
8170902.546466086,1.466431055477388e-06,63303676181.16634
8330928.13270224,1.491367766496146e-06,63821972108.25816
8025141.892854184,1.451117523009215e-06,62611051233.17208
8434584.985524142,1.534674403435456e-06,63394690420.57299
8568903.921020547,1.56535708535739e-06,63559868656.14874
8493530.501699191,1.527866115537191e-06,64027230650.96048
7977566.391598862,2.404862919250054e-06,44443700254.26499
7903300.991098754,2.393756741793327e-06,44166045179.98501
8049363.277084783,2.337003869590898e-06,45707616378.83728
8928839.532141587,2.536725183430103e-06,48004218555.75513
8545494.154121516,2.546206098283504e-06,45829115849.77235
8985656.270751076,2.566212490953109e-06,47938899324.20925
5675410.611188045,2.989155081151506e-06,27350482330.4635
5654368.535902878,2.975956768588339e-06,27329584720.00586
5541965.427857884,2.989508757947742e-06,26705287564.92845
6824053.639735742,2.974379258223167e-06,32994752068.31231
7015279.888429544,2.962621762320545e-06,34009026219.78079
6687988.409828487,2.962976783271117e-06,32419776221.03418
6517393.11660393,2.976177513262561e-06,31499333428.0775
6699603.667435902,2.977621060347075e-06,32369512588.63818
6564791.130076758,2.966712815219576e-06,31795859878.3123
6041549.455872452,3.009946490692444e-06,28980718711.82557
6291220.098020592,2.985277735391874e-06,30344388121.2043
6096688.650275743,2.980324494306477e-06,29438678816.56489
6463012.701176534,3.005558686563071e-06,31032602685.10389
6673823.566273371,2.98734527972278e-06,32174942054.29048
6491966.345761265,2.98588916345324e-06,31308370989.69723
7313657.522277722,2.995589755977507e-06,35194899429.65504
7526348.128391274,2.974740685583794e-06,36387444860.60278
7281988.440037271,2.969254854834319e-06,35249395075.64568
8940775.10133549,2.608475974385323e-06,47182825358.05569
8610684.993708562,2.623877717991937e-06,45262858119.16549
8640716.469292853,2.671072276651419e-06,44884114494.7457
6351950.784864843,2.958429346481338e-06,30822390846.31831
6051274.03314888,2.950505232960425e-06,29415928483.74544
6110577.696213712,2.963046714479618e-06,29620333105.30007
6391174.691171021,2.974075391209134e-06,30903858459.32616
6438112.331861048,2.964631520842528e-06,31196897216.21895
6195091.893740502,2.968909335309655e-06,29990460148.19656
7122415.653634685,2.948369610478641e-06,34639586364.1563
7095780.741579038,2.924515663061579e-06,34697449547.69318
6945086.195394356,2.940456146936489e-06,33837725959.80233
7947200.617862677,2.63855365717484e-06,41620141863.93362
8011397.994673681,2.637620823772434e-06,41966240531.91948
8012758.341743593,2.586268134978405e-06,42527156526.90828
8059689.133008891,2.558063733059158e-06,43090088306.31339
7978439.179566292,2.619618257029306e-06,41984849400.12291
8121584.58087577,2.568559694558918e-06,43302635495.69012
7422981.250342234,2.777604877007383e-06,37566268035.74273
7317953.288812734,2.797838978700756e-06,36855967995.51167
7595067.993249871,2.751607088209154e-06,38678894528.03087
7006064.662156492,2.837121862900407e-06,34958716641.20966
7296280.78166045,2.793868156109196e-06,36781626785.13968
7276125.683184897,2.793137031863167e-06,36686422528.37222
6572504.035066018,2.894331970071498e-06,32361747641.13946
6719173.00768673,2.872264405577268e-06,33253156741.05325
6559236.911380107,2.868477688593979e-06,32490196144.27812
6634671.326443047,2.899842158513055e-06,32626451387.02592
6749506.416134466,2.897880278097384e-06,33206139523.84567
6842077.244450761,2.870926199843551e-06,33871930829.73951
8078458.358672596,1.860389517709225e-06,53406309487.34007
8307827.368187387,1.921041623739257e-06,53760456391.72276
8019248.297147676,1.930059856836868e-06,51731270178.58402
8584844.457030797,1.947850481871914e-06,55042145345.18549
8809656.623126861,1.90919937715744e-06,57243317062.95709
8668818.123835795,2.01530298806529e-06,54333330301.83341
8122206.732723517,1.972761650250961e-06,51636598760.15482
8412616.095811924,1.963742473857608e-06,53646498583.9043
8495745.219211152,2.031190662630144e-06,52970534128.22321
8247249.023169549,1.844506167683531e-06,54834728852.67132
8702415.94742333,1.866501541194606e-06,57405601087.50867
8478985.169374341,1.905150577002462e-06,55172712734.8767
7421859.438158923,1.801933003253706e-06,50121065928.00786
7855450.111130576,1.830612015948429e-06,52493661814.56046
7797064.538182185,1.900283428162933e-06,50822053416.55432
8165828.033006971,1.745470562845358e-06,56328114026.87611
8645602.476776294,1.767806724231745e-06,59134202187.4106
8173982.069726885,1.792814994788064e-06,55387278992.80743
7612281.033583366,1.672763947394874e-06,54020471889.68932
7821897.144333788,1.708997216663209e-06,54720643660.1666
7486751.374773076,1.705471413368892e-06,52448183114.14297
7367932.873707285,1.617582914670092e-06,53468905357.69617
7499071.668995188,1.649910576710779e-06,53707371719.80141
7374482.836098198,1.682614279572532e-06,52128495285.21011
7468109.763699714,1.592835783547634e-06,54755786734.03625
7779426.437929994,1.583633087885896e-06,57259102136.78969
7600133.133985729,1.625160571417285e-06,54982398589.94764
8846385.631794184,1.695849144438962e-06,62207257626.39385
8815899.066186126,1.743556831529639e-06,60856812848.03677
8331355.38081324,1.721226816278219e-06,58008315955.87865
9241683.63401763,1.841682911366741e-06,61509357679.25443
8910919.53429866,1.918598476840965e-06,57712044312.41864
9020908.305604042,1.903676923678785e-06,58729292827.34999
8951273.225062234,1.931004585451997e-06,57724823033.26348
9150840.555881379,2.03515831035779e-06,56980841216.32545
8809302.695815424,2.037084369825009e-06,54819557041.35101
9518132.764973661,1.660475587908532e-06,67878165274.34654
9708930.792549085,1.686776760495187e-06,68517209331.63654
9262202.261561804,1.672354819899405e-06,65739840056.40198
9046332.03184112,2.083681290614768e-06,55452142295.83302
8900996.473696379,2.04726827963358e-06,55206319005.45004
8892110.77271763,2.098204878752426e-06,54254979356.12836
9005494.881257555,1.949334619866992e-06,57709855445.50433
8895600.403667331,1.964250357571843e-06,56716667526.09341
9179358.803525088,2.024310794545511e-06,57362431481.64399
9007526.038798584,1.905376184410387e-06,58607298695.45689
9033582.458978752,1.934626768506971e-06,58182880465.70445
9207716.01036262,2.009589229894066e-06,57820306086.22404
9022941.200525673,1.859716843722124e-06,59664624379.58121
9270136.871950924,1.826953286924206e-06,62029914766.64262
9049019.891099183,1.888967449324204e-06,59217748797.98615
9089913.860280756,1.907554280803904e-06,59098323960.65763
8902699.041257154,1.981852301735292e-06,56425337906.03212
8857495.880563509,1.947403792893411e-06,56798947039.5097
9646902.476893369,1.752692121144735e-06,66361694243.2155
9680865.245423239,1.755507804611776e-06,66524098592.39484
9521945.561578216,1.778848396155986e-06,64858425743.56641
9134735.771547208,2.118111581424064e-06,55385587440.40886
8979759.562554004,2.13263778683897e-06,54198421953.21545
9254345.475761782,2.184998082118263e-06,54959782006.52255
8922416.814746033,1.992865108498621e-06,56341781100.60777
9113662.71895385,2.063714108150123e-06,56224628768.16039
9206599.24260281,2.052853004901057e-06,56998138267.79541
8843709.774663646,1.984328195315353e-06,56004829527.21346
8888877.788579993,2.018765555937311e-06,55648869279.55483
9034114.776754843,2.055232274704235e-06,55887111386.82637
9143414.84319772,1.871146623699213e-06,60214794831.42688
9119728.843492655,1.942744223073662e-06,58573994421.77359
9191259.749033295,1.884363138731651e-06,60246520959.36065
8893473.586710127,2.006262591348322e-06,55908722557.08652
8558677.963493818,2.014167626690968e-06,53663164333.88512
8652507.950578433,2.059648517330122e-06,53449863196.71941
9144210.885252386,1.91363410037111e-06,59325348624.79268
9072863.651359303,1.971926400777053e-06,57696648074.93892
8956434.846361324,1.987990681478787e-06,56649003506.25375
9049995.387812516,1.879303340562117e-06,59426994617.86504
8819481.179301549,1.916875764571419e-06,57154056536.66939
9026430.778900642,1.950885735245682e-06,57813354243.78864
9249001.067274952,2.102503624294963e-06,56355589128.19669
9464066.100518346,2.148124529125195e-06,56846639369.11346
9342623.360099871,2.091685762110821e-06,57122150286.81998
9375702.901586687,2.548865999584203e-06,50246502141.90057
9205391.444813339,2.559214299222562e-06,49200686041.51909
9275593.410899889,2.583198658799309e-06,49268555834.85077
9289257.648285722,2.522442473358475e-06,50130283616.86453
9396826.426321236,2.539806823721503e-06,50479388008.81783
9296603.922904583,2.574294607438351e-06,49493955535.76549
9171713.166007644,2.488774053938657e-06,49941335359.41503
9006724.224374134,2.487551586437297e-06,49059012424.27832
9314538.269996583,2.515564988193559e-06,50358289521.14647
8697972.375672121,2.480511344020142e-06,47466864613.95168
8514556.06338672,2.472059325122702e-06,46571770663.58192
8427672.14912607,2.496424771665325e-06,45796115662.37281
9065243.276533889,2.537222983539524e-06,48731192469.32578
8927785.733446315,2.498653188392012e-06,48484892645.63683
9022213.780099185,2.521444890105981e-06,48701999638.70253
9070483.481278628,2.469125981761499e-06,49651793113.92174
8909840.720284505,2.437169082218771e-06,49197854858.82675
8906411.714255242,2.468136719758659e-06,48766691407.68298
9102593.686837571,2.4193210850448e-06,50509082999.19863
9169190.616319321,2.467391847216516e-06,50215630231.48562
9204915.418282356,2.476890899921253e-06,50282309533.31287
9064768.0081186,2.396925538432382e-06,50612019342.8022
9053236.338782007,2.387335716686732e-06,50682908287.42724
9131226.674757963,2.445052234018128e-06,50311858805.69183
8423671.353837736,2.517700660978795e-06,45516132401.94357
8406837.29884821,2.534093569114031e-06,45229058198.87051
8787094.186080499,2.524582822723664e-06,47393509139.83403
6717720.702733652,1.699176998902385e-06,47176914112.61839
6474734.841665658,1.625305156117716e-06,46838039891.44957
6789958.718981261,1.648616799893357e-06,48654235527.13655
8951618.196737666,1.91028878678195e-06,58143637699.88242
9283129.90761427,1.833304078967034e-06,61973319375.85969
9185259.808668001,1.870372256532058e-06,60507063581.78513
6867803.95138615,1.419506016601465e-06,54374223023.8671
6802079.574879679,1.43684309947314e-06,53419785996.31283
7028821.806988259,1.40711964035164e-06,55975139346.00606
6383437.367689779,1.551831444621726e-06,47623894023.2281
6473667.893815903,1.508783463252571e-06,49211409661.59402
6429668.88446536,1.514874685154965e-06,48745829977.0505
6396636.810378077,1.567315798932237e-06,47407532561.45306
6482739.198938064,1.57682809292567e-06,47852245012.74335
6486960.248872241,1.524273677724803e-06,48977799609.89494
6548186.493587952,1.503256907216972e-06,49899811036.61065
6543945.567314654,1.555822098296683e-06,48737852324.3868
6641560.313175788,1.483312715562035e-06,51064016816.36703
6322647.805714316,1.575786559828108e-06,46691095387.20266
6345780.84554584,1.568581212238934e-06,47005325403.43595
6391876.044871974,1.531628044479861e-06,48105286379.89541
6612689.745619761,1.726810557717629e-06,45942541548.48557
6751961.144670423,1.807776210075106e-06,45498822408.98236
6709457.773198829,1.748853890851802e-06,46222319895.04434
6339800.026122661,1.6070992928917e-06,46207636236.6209
6460998.66182687,1.656881610139681e-06,46142947486.21157
6362964.393987037,1.599889065326425e-06,46515701999.02456
6411697.008220145,1.634128908184899e-06,46214910452.70628
6653508.045208555,1.708001685733894e-06,46564880171.53998
6533577.693375467,1.68391541536784e-06,46160539718.51803
6728023.414459573,1.701204905235255e-06,47211711364.8024
6839121.22177808,1.664935516106831e-06,48685767761.23953
6618803.966372812,1.631721650999666e-06,47754628152.11179
6931574.910079058,1.872734727584976e-06,45622709944.04024
6789049.456658475,1.785326988030351e-06,46131452142.44453
6831803.788536137,1.844263558243663e-06,45427628081.20366
7363243.392881693,1.741130936728191e-06,50876223700.75923
7356636.531711058,1.819044391812015e-06,49368557110.51103
7389103.86079323,1.76495266480236e-06,50594471395.24713
7017207.331954258,1.651903953477482e-06,50215884118.0639
7219739.003627276,1.673539449242034e-06,51218972496.13432
7015818.240862601,1.594111501498376e-06,51412161810.35925
6651799.354603134,1.600754698348204e-06,48609663780.75323
6872660.589156915,1.634069958678371e-06,49538684072.10834
6861580.332587646,1.577471869221221e-06,50634874362.22977
7394591.473426091,1.889461740385566e-06,48382553343.78271
7511488.412198131,1.94297632890131e-06,48240780805.00258
7431347.318408445,1.914823725267074e-06,48192748206.02051
7297770.406080423,1.823262638865814e-06,48897956230.57281
7333800.295388378,1.833683266059668e-06,48953024786.849
7340396.89648808,1.75566114037155e-06,50438141827.70537
7314873.198985797,1.870845566739164e-06,48177934414.32538
7409127.560062435,1.945900626777232e-06,47535707990.95566
7350945.230813324,1.881196994863897e-06,48237745601.75241
7070890.266024479,1.700932791172713e-06,49622959466.81806
7231756.125802116,1.790075218197132e-06,49052700166.70779
7274189.663906812,1.722475222705266e-06,50623165474.99341
7469409.67708353,1.914390735684606e-06,48446888607.2913
7733620.736539119,2.014769815053414e-06,48480368577.50375
7586894.193876273,1.967935741154156e-06,48312193040.86813
7176635.337830752,1.919699479909833e-06,46462087078.25607
7365180.855466393,1.955591216679145e-06,47097519030.16899
7271207.337631401,1.880442070364117e-06,47727265893.61328
7167575.344491938,1.951782231495404e-06,45893519067.97292
7234763.624206289,2.008659991336919e-06,45445064773.08613
7356002.583688127,1.987663403987751e-06,46531456339.28909
7744517.57563908,1.554254312290565e-06,57718227065.49294
7433907.3167393,1.563424152039621e-06,55186467757.85873
7462588.981302362,1.507585879629867e-06,56759010434.79716
6411004.040765593,3.633101959014141e-06,27127368063.47496
6689679.176979424,3.586370783360556e-06,28551909946.4661
6515644.552526432,3.573623489474561e-06,27875212588.25319
6310705.527812395,3.809996247514641e-06,25869907954.87768
6183809.966901034,3.713395007278135e-06,25787468005.21502
5762684.483540784,3.752085559149407e-06,23865819582.2515
6561027.845652943,3.805292195317911e-06,26918232548.35079
6749154.537822845,3.731468796516758e-06,28054088515.1537
6431627.364467924,3.708174555442722e-06,26846072659.50714
4904284.900059462,4.661011777844747e-06,17576088245.50052
5364922.798318678,4.590887560035497e-06,19422227611.76279
5139203.736035602,4.47673931100256e-06,18920007232.99261
5279853.745799554,4.840716882108774e-06,18450810026.60211
5618848.312746305,4.849354736929602e-06,19612125859.27501
5539256.464667017,4.701251419185035e-06,19738273157.21635
4707473.703833414,4.927634798595782e-06,16256569074.18517
4938133.931676503,4.87762827484431e-06,17169476946.50195
4736247.863277229,4.80849474553274e-06,16625000172.52749
4725015.391085141,5.077330635332715e-06,15994828842.24772
4735685.565245076,5.159011169614212e-06,15861291502.81221
4941609.62863215,4.977696588894747e-06,16950511986.88856
7914414.404591803,4.085983208164997e-06,30966187194.68047
8067894.186501123,4.155422486555301e-06,31214046277.65498
8180473.687347953,4.031591269127801e-06,32294417441.52172
6796639.398592064,4.089710030789946e-06,26576587613.54097
7035433.063781597,4.180723091288612e-06,27109607721.2034
7425846.812318943,4.102362645332099e-06,28977213454.43362
6106038.934974272,4.340417317746946e-06,22947669030.01786
5891623.457565006,4.493373489061356e-06,21636481459.65464
6582739.406954491,4.309109419037811e-06,24858885167.2377
4620039.62176068,4.551199294364899e-06,16822677957.79504
4721326.541204879,4.650861571128183e-06,16945007408.55472
4951873.550273689,4.466897491476946e-06,18257117978.39893
7464830.803390923,4.448535583083563e-06,27597850392.63934
7148931.632025741,4.547848295687699e-06,26043768774.35409
7533898.552135678,4.547657931914491e-06,27446980540.13852
7257474.450939686,4.258272401394981e-06,27624635464.76175
7540589.024438276,4.331022838288392e-06,28379949764.45512
7804863.680907245,4.249650696028216e-06,29748369415.86759
6836034.051299733,4.322738042235511e-06,25761131742.36086
6131381.87905704,4.506844349866468e-06,22472082802.17596
7110885.300075418,4.395080306774479e-06,26502029323.89822
5361363.129535239,4.40246230512628e-06,19959276408.68172
5591857.44001474,4.51657396724859e-06,20465232027.40529
5800796.358339769,4.363819272234805e-06,21722498813.12836
5375504.986134589,4.150185947117315e-06,20814895363.41912
5308012.443377102,4.310906703393395e-06,20039467774.88818
5745296.976886779,4.272000712020023e-06,21821851944.29315
8452323.665465288,4.616662475957039e-06,30485316122.24323
8154293.820470889,4.704320694469697e-06,29043909587.67571
8945207.915418375,4.621573816242317e-06,32240159131.78475
9333209.851817597,4.484826374222503e-06,34318945985.69289
8744750.82223871,4.561778738281208e-06,31792496183.97548
9245969.020903377,4.566755282370897e-06,33590304499.39585
7821934.3739342,4.611590638819506e-06,28232348216.0706
7879540.583356475,4.701803240357518e-06,28075312310.04807
8172551.89614357,4.614156819747885e-06,29486922835.86472
7858555.895989661,4.410773927260494e-06,29219058239.16768
7929417.555266015,4.510303549006901e-06,29047188765.26618
8751290.208086578,4.398038438659071e-06,32601136403.30848
6716096.797733973,4.678228758542294e-06,24010211039.53812
6132387.921749497,4.838712065077658e-06,21435967993.08328
6705959.592392207,4.809442875469357e-06,23535914897.93901
4894663.415099091,4.745436974975319e-06,17332931714.439
5099863.06148572,4.814725059302195e-06,17885902269.71079
5354859.383918929,4.675497696864902e-06,19151207979.61222
6496882.71238502,5.439279534270177e-06,21006036100.64738
6043977.207049742,5.455649627790292e-06,19502569623.03788
6391319.461118992,5.498325464343604e-06,20516513639.74968
7476756.678026604,5.414819207648821e-06,24246958739.29505
6990389.391902098,5.4237708118772e-06,22644730091.56757
7438551.498405721,5.463776941992348e-06,23978742283.39487
7945776.587832538,5.402245352327106e-06,25807948303.5329
7717776.261604834,5.409509975946709e-06,25044953721.41148
7678959.39561696,5.458679258169021e-06,24769124342.75597
8093385.331819259,5.358993500155454e-06,26428634881.24103
8267593.250585137,5.285789944455923e-06,27246193404.63137
7863261.625798175,5.366298747689938e-06,25653866355.92398
7510804.117753438,5.354002492891121e-06,24541478486.72699
7574857.328817364,5.221520379608419e-06,25167677435.17208
7023312.087938036,5.363554044378511e-06,22921350022.33644
6707154.002438901,5.152139251339635e-06,22484326503.03612
6250875.141301665,5.260552443429613e-06,20665849126.78768
7247385.06235411,5.160138981960827e-06,24270221349.72622
7806904.560474421,4.929495121370646e-06,26953215028.56623
7659037.380080888,4.847157474393638e-06,26741315600.9595
7095186.329986426,5.02347920718128e-06,24189528273.6191
8370566.253198144,5.177335404108181e-06,27969452872.75051
8436872.883636147,5.059587379824366e-06,28626710013.07047
8029645.033592908,5.12524668029776e-06,27011777570.41084
8881945.314663175,4.822062288477781e-06,31118564223.91469
8103368.592761262,4.796329968179864e-06,28492215801.63772
8255444.27270411,4.879275866276074e-06,28697024468.64285
5718407.11436034,4.993993696857399e-06,19572354710.30588
5161489.787136451,5.167166646501651e-06,17269248020.43592
6170281.231794395,5.099546420006695e-06,20826546452.28561
6175322.500283132,5.171682352307395e-06,20649288000.72539
5166100.660165907,5.23831829668715e-06,17127800984.08268
5737832.271718794,5.28000056223367e-06,18923081925.97264
4484673.402128601,5.671107311384826e-06,14102158038.16089
4782303.71816719,5.647648502293847e-06,15079677302.46898
4638381.067556953,5.647832856658026e-06,14625538596.81072
4882211.926316164,5.631999941555616e-06,15423213348.27259
4558449.484468992,5.632751815826346e-06,14399146011.23085
5062350.454901527,5.607650843563661e-06,16038542423.69525
4837371.505184896,5.416301125029228e-06,15684628661.57952
5400850.50598617,5.341077233848438e-06,17675684900.89806
4846608.870310705,5.299684902587185e-06,15944268778.46309
4950568.760614295,5.619026632962103e-06,15663219592.5609
5477704.426806266,5.594340131067951e-06,17381984137.98827
5385134.740566926,5.5821556703872e-06,17113096992.01253
6687744.651210214,5.50603553182378e-06,21448010301.71434
7237693.589171625,5.48635791491799e-06,23267198887.9001
6795718.223521851,5.446777434684558e-06,21952076627.81038
4601375.880589894,5.154063575357927e-06,15421307515.76775
4445603.980571393,5.284649318006304e-06,14652778694.12811
4611905.605338854,5.235767935662238e-06,15295375746.26252
5017689.651065076,5.449536336255691e-06,16203074461.32397
5588360.846597776,5.433153873273674e-06,18082137661.74105
5591288.128144293,5.374788331060353e-06,18222346295.07779
4858377.040764863,5.631463197030503e-06,15348892660.4796
5005647.470256588,5.63148566340167e-06,15814116675.41368
5380706.078070154,5.606552874004941e-06,17049382510.66469
4788209.539024783,5.520856006445471e-06,15328589739.95482
4782638.342568044,5.600899174844702e-06,15164532916.18579
5209926.536480376,5.563530737994368e-06,16593242936.62576
5690846.338166321,5.5641310348365e-06,18123634414.05164
5785996.283043606,5.576610596551275e-06,18399157506.90685
6174370.489060676,5.547395752505321e-06,19703040606.06324
4972629.628916048,5.488511465297907e-06,15981457940.3135
5402221.475896792,5.531525071938883e-06,17271993329.72746
5540801.80713423,5.472383455412939e-06,17842468349.09675
4547249.830457472,5.538977742242429e-06,14525432374.45456
4241325.367703147,5.634979146013149e-06,13393889591.50324
4541820.665948715,5.618756665743511e-06,14370432283.75032
5772866.508099115,5.568624535693858e-06,18374952450.58031
6613443.299010833,5.530240581307863e-06,21147788154.12244
6433959.481780525,5.541374269953295e-06,20546286153.75089
7761021.914115954,5.412660423779553e-06,25175516469.24159
8125275.672752591,5.379985825041434e-06,26463707251.5792
8232616.459414842,5.353078415793294e-06,26903088862.85154
5787687.361056602,5.562994859464576e-06,18434553551.01146
6496657.28176098,5.518659767757616e-06,20803394763.97305
6629305.847592057,5.524543577098939e-06,21213082788.31795
5931357.950615437,5.42214295997235e-06,19217939625.0539
6380100.628612755,5.405165293101339e-06,20715156035.21096
5934373.716839493,5.363382175558989e-06,19367893853.847
5149963.417267504,4.301398040715967e-06,19471424368.5294
5216446.750752666,4.141030460703384e-06,20228755338.18614
5101714.680581951,4.23426345890183e-06,19492352149.66942
5597649.12680425,4.096571528486031e-06,21863783131.34901
5974878.855505671,4.218429537514377e-06,22885579007.45959
6218035.459863472,4.096561353274637e-06,24286982059.11559
6509068.761174428,4.126689654424203e-06,25299832929.52915
6260230.693849234,4.248773455185858e-06,23864259019.62117
6742800.145226706,4.217263189215688e-06,25831709662.04468
6708528.918625008,3.905148802944271e-06,27052178116.06199
6695093.06442835,4.002064529911877e-06,26560356111.4542
7234235.112083772,3.937248416487286e-06,29013318651.01011
6317546.692319083,3.927078513668535e-06,25380610889.96737
5679710.27562202,4.023985044166789e-06,22450289419.85907
6304508.444547607,4.023698892765166e-06,24921121455.51894
5587963.272756129,3.492207939698492e-06,24276541314.78197
5393707.790154601,3.497607980040735e-06,23408486075.06815
5304658.225874861,3.554710847317641e-06,22774799115.56018
5730855.018896881,3.576211387387525e-06,24505898695.02567
5672773.520135655,3.511682972249687e-06,24553792269.34166
5387298.807457096,3.574436593420044e-06,23044431538.56954
6222918.583603952,3.450063610257154e-06,27254782299.30642
6092508.32081989,3.378382507647266e-06,27059737823.29231
5911409.363948215,3.447412604931823e-06,25903723261.55195
4607036.696322915,5.323231479845812e-06,15111402393.81424
4425008.711262465,5.433688152580203e-06,14316965881.79731
4598030.640338782,5.439368228158467e-06,14866413931.50894
4570721.143468629,4.952287461520258e-06,15731887382.50343
4599074.918040613,4.833067787803023e-06,16088734806.54027
4389879.303338411,4.976153464592666e-06,15061101526.3082
4592058.625893866,5.103686049644427e-06,15491190330.32639
4578111.131411814,5.054020368506125e-06,15545153166.64177
4433039.318101414,5.214106371633305e-06,14742857189.49574
4716744.718398878,5.033844458354007e-06,16058655338.90514
4933151.434425188,4.934079264301203e-06,17021076854.41264
4702608.994080934,4.983859060521486e-06,16117401890.14252
5773522.713120984,2.984873209581147e-06,27849898709.52323
5934837.230822466,2.972494909214396e-06,28707457648.96277
5752299.369440986,2.971605556371122e-06,27830053357.28332
8192902.303121286,5.377440267190505e-06,26692384949.97512
8488379.622760097,5.322628516085574e-06,27844581178.19846
8407089.75683412,5.282097051490808e-06,27718821797.58036
9832137.776836414,4.638747974046594e-06,35349296123.32645
10789897.178402,4.428686723514203e-06,40009887720.86148
9540804.552294567,4.365273717317873e-06,35719936553.0782
9106015.138107993,5.078955045054902e-06,30818544365.28567
9403359.416097581,4.890527697141546e-06,32637174550.12301
9062078.029455621,4.972874246501598e-06,31104470506.6468
10229621.88918363,4.720325116569712e-06,36353394839.44214
10970586.51212206,4.517149536803013e-06,40147040368.18886
10004655.45893745,4.727869771348463e-06,35516088813.19452
11094052.97131536,4.177515726306902e-06,42770550445.35538
11437083.92419508,4.142954128193193e-06,44337910745.15321
11526672.24878111,4.263042188258525e-06,43842050451.10192
10879742.08335502,4.311569770151056e-06,41070342176.95518
10177465.62868506,4.169909118122226e-06,39284562223.38325
9625300.215637684,4.248480540284634e-06,36693730076.55811
7570459.328324238,5.470501509902927e-06,24383954302.56004
7450564.646621891,5.493169992748289e-06,23931715317.41481
6958309.395328828,5.514051910136696e-06,22294094371.37693
7984842.676867249,5.42345620147182e-06,25867171289.68615
8381282.298997003,5.357952498226345e-06,27372296111.78069
8087691.467550164,5.412977537918876e-06,26234155713.70095
7692196.926824357,5.475156732852392e-06,24762017342.65993
7814012.575252045,5.452834857953869e-06,25222756221.71111
7915758.768010951,5.442124877323461e-06,25584693305.99432
7301548.999183184,5.476838993882295e-06,23499665912.8804
7901710.396482306,5.398775667412766e-06,25675815948.14835
7731666.082166133,5.444413542610896e-06,24982679639.06158
6279817.009592127,5.523178188270192e-06,20098066817.73661
5583123.82524427,5.568124703139878e-06,17772067655.70546
5775142.518499538,5.543238224016066e-06,18438277382.22118
8404981.380991993,5.34626762956194e-06,27489676271.55503
8007974.879568714,5.411833483175235e-06,25979238598.05082
8181014.603218249,5.366374921919526e-06,26690281869.53268
5495049.335451941,5.598804753489754e-06,17427752386.0611
5115954.96834951,5.623393189874801e-06,16178108584.75954
5300316.678622455,5.599384475010207e-06,16808990265.07922
6220872.64442485,5.554011614934843e-06,19835666051.28293
5770719.380587279,5.58142619156409e-06,18340021137.07316
5571118.400092177,5.581870137205501e-06,17704727067.54671
7467039.597755664,5.47377141404441e-06,24041266882.7387
6859173.749007302,5.517576596036919e-06,21967108250.8394
7044453.497860931,5.506804841881409e-06,22589893469.53256
6360954.869617343,5.542712476190731e-06,20309882645.74721
5966661.574176924,5.571541728694148e-06,18985169572.89657
6424251.122867704,5.544474173804729e-06,20507635945.85801
6190553.209075886,5.523341646741182e-06,19811994065.26233
5848786.711541761,5.481068318552429e-06,18814339389.57336
5706382.918470178,5.540274956652757e-06,18225244579.00909
11377098.61022062,4.434559439884065e-06,42150028118.24948
10884549.3394536,4.613749533896925e-06,39274238771.8965
10909652.1309516,4.565310291451382e-06,39642773911.79929
10968286.76845706,4.26090993044584e-06,41732130876.54707
11398470.40987402,4.346463732244855e-06,42797907529.89317
10930580.48646027,4.476921335008225e-06,40239902296.90048
11558645.1591892,4.179589762993917e-06,44546934861.71233
11576825.52660092,4.323656990175392e-06,43620301831.0657
11648707.40243264,4.299386388846283e-06,44056171267.00293
8735689.920955662,5.235362752250115e-06,28973393014.70081
8939502.22571389,5.165505606492698e-06,29916086389.45214
8895969.176250555,5.058743432226217e-06,30187802527.92227
9251680.235481951,5.193547499071044e-06,30849245163.46397
8563172.233593524,5.319157220936808e-06,28102144404.12772
8954887.740488946,5.269018384700852e-06,29573791264.20897
7007710.627427972,5.500499620471822e-06,22489237660.17944
6871309.902406936,5.494284019954002e-06,22068126532.86306
7266357.733561468,5.465013323016998e-06,23420129473.46177
10461744.4784289,4.818167350470048e-06,36673260344.0127
10167165.10375116,4.974983031960192e-06,34887684014.99682
10553349.58268996,4.772286357936944e-06,37231110849.5627
11336810.97557715,4.466107121528649e-06,41802746365.5639
10752278.59541923,4.691154061441898e-06,38369020403.20063
10845144.22286646,4.645217576213235e-06,38955127014.83463
10059962.75350268,4.841582958612123e-06,35151035314.65602
9821228.423105761,5.012083112927573e-06,33534124262.7606
10292222.84807087,4.839542720410226e-06,35972693918.75816
9545510.424873974,5.146810742941371e-06,32021403052.60166
9244003.637582166,5.221910385623908e-06,30711933920.59696
9721822.356407616,5.131070935491923e-06,32679519976.63964
8314811.121654059,5.350429327876767e-06,27180658054.50998
8240710.641922563,5.317579624921577e-06,27049256390.87271
8700868.276265699,5.300135985677198e-06,28622303701.63149
8093565.512711552,5.366390219081482e-06,26404932007.12907
7753268.469590942,5.40907114483898e-06,25161490264.17813
8224630.863605046,5.349763809864865e-06,26888093487.43458
7845516.973063922,5.39768430246886e-06,25496657273.97593
7247535.635959611,5.47610383064394e-06,23327914241.29897
7510531.588176889,5.440771261453656e-06,24278975961.71729
9801478.680617757,5.064077488582098e-06,33237220987.14832
9980128.18077169,5.048159805685154e-06,33914133300.51807
10272004.84858799,4.890933497615491e-06,35650096565.90237
9286000.210115269,5.103885053777979e-06,31325265880.99876
9570794.304686282,5.078317903010255e-06,32394259707.83987
9806483.598619802,4.907511304395791e-06,33957765156.71072
8580514.177297028,5.300361828575527e-06,28225586057.93031
8470921.465362988,5.326914429097005e-06,27772406188.44609
9155782.674553251,5.201506384870731e-06,30498329458.56674
7059819.548482195,2.834838688930792e-06,35245853600.75914
7184816.666437915,2.818577211413126e-06,36007729158.77271
7288888.267062257,2.798659251265949e-06,36702412325.89619
6937364.075956428,2.849337568252367e-06,34516907938.95269
6998095.101910404,2.842482804335732e-06,34875031567.12967
7226168.252264475,2.806381890215661e-06,36319809050.77258
6859708.006962222,2.882921251925418e-06,33864950358.68668
7077081.22333499,2.839705397720873e-06,35291652046.73092
6953028.930730009,2.855904973835937e-06,34541792257.24788
6997215.229652555,2.889039377566024e-06,34495008676.21486
6826780.415576869,2.906553674925729e-06,33519461708.47509
6866732.455779849,2.925158590547436e-06,33572512849.47828
7504796.228348779,2.837722427042895e-06,37441993454.83737
7203876.07896755,2.867825974204159e-06,35688725389.95007
7223523.631233699,2.887845887455839e-06,35620479051.65199
7103102.96490665,2.842939863560488e-06,35394544528.10253
6885327.371227351,2.885958219897968e-06,33967576940.37686
7056486.959906546,2.868514700682601e-06,34952949005.73115
7973635.186121353,2.727351966280636e-06,40847194818.45235
7981731.349774304,2.681892563945146e-06,41349429511.65485
7838709.155575606,2.718338742322156e-06,40244712970.34763
8317384.333850005,2.730778686946243e-06,42572494719.71864
8051155.680099597,2.750005119470099e-06,41017503408.1691
7892975.4632278,2.782792299024379e-06,39895161194.86597
8334686.314791501,2.642094315749521e-06,43610431270.79936
8105408.183559177,2.662855570813633e-06,42190028245.94088
8097249.520189027,2.708336858548795e-06,41674372470.27858
6852983.251936849,2.86411320889879e-06,33979700787.23049
6792886.560072986,2.871156744845072e-06,33626610515.99123
6645410.8296925,2.893296099331766e-06,32728536110.50809
7714602.121153198,2.724450625459859e-06,39548277352.25077
7792920.28565826,2.689216452721609e-06,40297959935.54913
7541158.752385302,2.750456492667902e-06,38415064233.14259
7830889.482605234,2.754569008471478e-06,39851253842.02833
7697181.819598667,2.745954793150437e-06,39252695922.72289
7418193.213577026,2.791922463574349e-06,37413577597.93276
7963039.282246716,2.666839294063732e-06,41407685977.33849
7899036.34436802,2.668177950875829e-06,41061131998.93469
7820185.412366714,2.703671747295634e-06,40294682817.59061
8108441.735853241,2.412407328732951e-06,45078588359.39217
8024320.112700248,2.465276799388077e-06,43970808705.81316
8197189.845698922,2.434141614486759e-06,45300302205.65672
7548938.268886483,2.746410689192742e-06,38492449925.95867
7800828.562396071,2.684790642889397e-06,40383173968.49648
7746099.975962793,2.707266073151283e-06,39877611444.51296
8133144.847807132,2.523536606038516e-06,43878533174.56409
8248655.995225029,2.490772448873495e-06,44891125065.51839
8313986.550297628,2.471022046127126e-06,45487447866.47816
7973275.812177867,2.622215687077221e-06,41929966303.2759
8038940.77649372,2.569622865881551e-06,42850172086.55877
8116375.092587101,2.571429546421931e-06,43242655545.81082
8121688.251722835,2.630794954360109e-06,42617533878.0564
8351194.92015559,2.610217670033321e-06,44051848489.32588
8162435.026271274,2.580417366185996e-06,43387014462.85809
7263250.096756633,2.841551122980991e-06,36204343987.66931
7720274.556339486,2.778411046301031e-06,39063253694.09323
7310543.005961141,2.815836310399235e-06,36661595920.61733
8086381.074434484,2.54128048038856e-06,43422931219.93029
8125669.280792288,2.542229098651002e-06,43623049174.69715
8201560.833914563,2.508719323261253e-06,44421695137.15366
8451411.874038538,2.69806239755458e-06,43607508530.09984
8421711.479553465,2.650997966424651e-06,43967060302.14371
8183029.393580227,2.716957328581236e-06,42026726728.54963
8197827.697292925,2.364398422704471e-06,46190395273.41387
8289627.786626193,2.346612030710936e-06,46943359728.12801
8380369.599889123,2.312868603133456e-06,47917689126.77329
8553092.861716021,2.380864523441334e-06,47969670062.68216
8477025.147714451,2.416114616721521e-06,47079493627.98495
8643721.007794358,2.358300579682081e-06,48786684211.28559
8167008.784131812,2.388826924186994e-06,45702493880.53644
8256075.959176648,2.410781570658831e-06,45919988585.4018
8258636.635198766,2.371107251387431e-06,46445205905.55223
8017547.261149554,2.489672633375493e-06,43646226118.51114
8081225.822786114,2.510098870613733e-06,43753892023.93208
8190344.413040243,2.458591908727092e-06,44961887300.29502
8308962.179135711,2.486361840691672e-06,45272786688.89526
8331125.765186491,2.497935023779586e-06,45253231677.22072
8417511.859924158,2.473495542054336e-06,46023147406.14165
8394943.421707124,2.450839386259484e-06,46182191679.71191
8329294.935507428,2.470846220913767e-06,45573364908.28133
8455793.173742652,2.443266201833559e-06,46613011295.00103
8165856.271770243,2.540744991786069e-06,43855864811.69923
8247335.219803214,2.535288461048785e-06,44356989259.49873
8241934.825621503,2.507361659805145e-06,44656483581.65193
8046351.047465719,2.620705648022385e-06,42330507930.03078
8086908.634101432,2.57016165457709e-06,43099831926.10983
8047714.358719748,2.569417539564247e-06,42899223415.56392
8280149.944692877,2.528026738884666e-06,44618718499.54324
8296856.740947003,2.511562964650279e-06,44903915411.41868
8274738.815800467,2.500054926290475e-06,44921535664.85252
8392399.180511884,2.591693484640011e-06,44479890359.7162
8284835.976994948,2.556349071404112e-06,44313611256.1916
8203171.536783366,2.561845081312758e-06,43814031622.13893
8564311.008292243,2.596382508207614e-06,45336359870.73317
8893519.414413778,2.581027354548842e-06,47265608408.27697
8455648.180043001,2.56116226057668e-06,45170563547.8484
8779829.782078655,2.319680069806495e-06,50103419702.54124
8796607.582230888,2.316170372217913e-06,50249863208.07077
8913082.352606706,2.287884153818556e-06,51334014900.0033
8198507.73346505,2.536487050751664e-06,44080486362.4348
8120681.673536384,2.535007430937625e-06,43679031038.38654
8301385.524697409,2.482536850586076e-06,45277952636.06317
9029431.096164236,2.327701662276439e-06,51409357603.30009
9060306.064030826,2.343181226079105e-06,51357705905.66236
9202359.142308008,2.293449220387054e-06,52914304562.77721
8854557.392488502,2.320222509878703e-06,50521988232.61391
8953975.205569999,2.32487957714363e-06,51020993661.1589
9030045.38381728,2.302581442239681e-06,51786107232.10242
8902609.588411255,2.393988106006481e-06,49747279549.47104
8985488.834568381,2.36828752185238e-06,50573004758.96677
8954741.717984797,2.352859297763426e-06,50620033245.19784
8749103.797908597,2.342577562601772e-06,49602197372.25854
8607849.408343626,2.39190208891767e-06,48128138217.39445
8847929.485625364,2.347155412190223e-06,50097234827.86656
8605765.072152026,2.456438178154996e-06,47269999069.00368
8790155.936645739,2.46499476735651e-06,48171027684.84969
8793562.491843006,2.434042381508624e-06,48597369663.43918
8337526.943437784,2.471937969943211e-06,45604973186.61525
8446262.446647964,2.459051875788235e-06,46360998195.55652
8445831.076081423,2.440190019554282e-06,46597214907.66364
8518921.026548741,2.506856911574822e-06,46163446844.19773
8884371.128825678,2.513861402772703e-06,48054323992.16389
8790669.105774824,2.490985868514507e-06,47838155224.81593
5786426.282926055,2.963406076895165e-06,28046778197.41262
5969500.596104813,2.964276491300757e-06,28928474122.63646
5910887.191935454,2.952057192812398e-06,28723420722.3259
10565773.71228232,4.64037412646699e-06,37978048146.63234
10681325.07222678,4.646230076692423e-06,38361124074.23524
10549068.30794577,4.812081309671663e-06,37010543819.59581
10536083.78513232,4.378855566516132e-06,39364566081.84028
10724653.74632161,4.267605118592144e-06,40762467102.69989
10571784.81811342,4.477868648251438e-06,38913540655.11784
10964636.19933266,4.038797366921212e-06,43234076196.57059
10161140.90264448,3.997082050291941e-06,40344137141.9114
10146018.40879487,3.922339379912489e-06,40794241929.29813
